channel,energy_keV,raw_counts,background_adjusted_counts,background_adjusted_unc,efficiency,final_corrected_counts,final_corrected_unc
0,-1.694,0.0,0.0,0.0,nan,nan,nan
1,-1.1943999329,0.0,0.0,0.0,nan,nan,nan
2,-0.6947997316,0.0,0.0,0.0,nan,nan,nan
3,-0.19519939610000003,0.0,0.0,0.0,nan,nan,nan
4,0.3044010736,0.0,0.0,0.0,nan,nan,nan
5,0.8040016774999998,0.0,0.0,0.0,nan,nan,nan
6,1.3036024156,0.0,0.0,0.0,nan,nan,nan
7,1.8032032879,0.0,0.0,0.0,nan,nan,nan
8,2.3028042944,0.0,0.0,0.0,nan,nan,nan
9,2.8024054350999994,0.0,0.0,0.0,nan,nan,nan
10,3.3020067099999997,0.0,0.0,0.0,nan,nan,nan
11,3.8016081190999995,0.0,0.0,0.0,nan,nan,nan
12,4.3012096624,0.0,0.0,0.0,nan,nan,nan
13,4.8008113399,0.0,0.0,0.0,nan,nan,nan
14,5.3004131516,0.0,0.0,0.0,nan,nan,nan
15,5.8000150975,0.0,0.0,0.0,nan,nan,nan
16,6.2996171776,0.0,0.0,0.0,nan,nan,nan
17,6.7992193919,0.0,0.0,0.0,nan,nan,nan
18,7.298821740399999,0.0,0.0,0.0,nan,nan,nan
19,7.7984242231,0.0,0.0,0.0,nan,nan,nan
20,8.298026839999999,0.0,0.0,0.0,nan,nan,nan
21,8.7976295911,0.0,0.0,0.0,nan,nan,nan
22,9.2972324764,0.0,0.0,0.0,nan,nan,nan
23,9.796835495900002,0.0,0.0,0.0,nan,nan,nan
24,10.296438649599999,0.0,0.0,0.0,nan,nan,nan
25,10.7960419375,0.0,0.0,0.0,nan,nan,nan
26,11.2956453596,0.0,0.0,0.0,nan,nan,nan
27,11.795248915900002,0.0,0.0,0.0,nan,nan,nan
28,12.2948526064,0.0,0.0,0.0,nan,nan,nan
29,12.7944564311,0.0,0.0,0.0,nan,nan,nan
30,13.29406039,0.0,0.0,0.0,nan,nan,nan
31,13.7936644831,0.0,0.0,0.0,nan,nan,nan
32,14.2932687104,0.0,0.0,0.0,nan,nan,nan
33,14.792873071899999,0.0,0.0,0.0,nan,nan,nan
34,15.2924775676,0.0,0.0,0.0,nan,nan,nan
35,15.792082197500001,0.0,0.0,0.0,nan,nan,nan
36,16.2916869616,0.0,0.0,0.0,nan,nan,nan
37,16.7912918599,0.0,0.0,0.0,nan,nan,nan
38,17.2908968924,0.0,0.0,0.0,nan,nan,nan
39,17.790502059100003,0.0,0.0,0.0,nan,nan,nan
40,18.29010736,0.0,0.0,0.0,nan,nan,nan
41,18.7897127951,0.0,0.0,0.0,nan,nan,nan
42,19.2893183644,0.0,0.0,0.0,nan,nan,nan
43,19.788924067900002,0.0,0.0,0.0,nan,nan,nan
44,20.2885299056,0.0,0.0,0.0,nan,nan,nan
45,20.7881358775,0.0,0.0,0.0,nan,nan,nan
46,21.2877419836,0.0,0.0,0.0,nan,nan,nan
47,21.7873482239,0.0,0.0,0.0,nan,nan,nan
48,22.2869545984,0.0,0.0,0.0,nan,nan,nan
49,22.7865611071,0.0,0.0,0.0,nan,nan,nan
50,23.28616775,0.0,0.0,0.0,nan,nan,nan
51,23.7857745271,0.0,0.0,0.0,nan,nan,nan
52,24.285381438399998,0.0,0.0,0.0,nan,nan,nan
53,24.7849884839,0.0,0.0,0.0,nan,nan,nan
54,25.2845956636,0.0,0.0,0.0,nan,nan,nan
55,25.784202977499998,0.0,0.0,0.0,nan,nan,nan
56,26.2838104256,0.0,0.0,0.0,nan,nan,nan
57,26.7834180079,0.0,0.0,0.0,nan,nan,nan
58,27.2830257244,0.0,0.0,0.0,nan,nan,nan
59,27.7826335751,0.0,0.0,0.0,nan,nan,nan
60,28.28224156,0.0,0.0,0.0,nan,nan,nan
61,28.781849679100002,0.0,0.0,0.0,nan,nan,nan
62,29.281457932400002,0.0,0.0,0.0,nan,nan,nan
63,29.7810663199,0.0,0.0,0.0,nan,nan,nan
64,30.2806748416,0.0,0.0,0.0,nan,nan,nan
65,30.780283497499997,0.0,0.0,0.0,nan,nan,nan
66,31.2798922876,0.0,0.0,0.0,nan,nan,nan
67,31.779501211899998,0.0,0.0,0.0,nan,nan,nan
68,32.2791102704,0.0,0.0,0.0,nan,nan,nan
69,32.778719463099996,0.0,0.0,0.0,nan,nan,nan
70,33.278328789999996,0.0,0.0,0.0,nan,nan,nan
71,33.7779382511,0.0,0.0,0.0,nan,nan,nan
72,34.27754784639999,0.0,0.0,0.0,nan,nan,nan
73,34.77715757589999,0.0,0.0,0.0,nan,nan,nan
74,35.27676743959999,0.0,0.0,0.0,nan,nan,nan
75,35.776377437499995,0.0,0.0,0.0,nan,nan,nan
76,36.2759875696,0.0,0.0,0.0,nan,nan,nan
77,36.7755978359,0.0,0.0,0.0,nan,nan,nan
78,37.2752082364,0.0,0.0,0.0,nan,nan,nan
79,37.7748187711,0.0,0.0,0.0,nan,nan,nan
80,38.27442943999999,0.0,-0.020833333333333332,0.020833333333333332,nan,nan,nan
81,38.774040243099996,8.0,6.583333333333334,2.8336396893198845,nan,nan,nan
82,39.273651180399995,447.0,443.9583333333333,21.143873061848332,nan,nan,nan
83,39.77326225189999,1105.0,1101.6666666666667,33.24258480389942,nan,nan,nan
84,40.2728734576,1072.0,1068.6875,32.74246494106188,nan,nan,nan
85,40.7724847975,1087.0,1083.8541666666667,32.970676944740525,nan,nan,nan
86,41.2720962716,1092.0,1088.8333333333333,33.04642147377265,nan,nan,nan
87,41.77170787989999,1085.0,1081.5833333333333,32.940418645723916,nan,nan,nan
88,42.27131962239999,1048.0,1044.5,32.37395429456629,nan,nan,nan
89,42.770931499099994,1133.0,1129.6666666666667,33.66109689900857,nan,nan,nan
90,43.270543509999996,1086.0,1082.5416666666667,32.955607240818836,nan,nan,nan
91,43.7701556551,1101.0,1097.5208333333333,33.18241224864293,nan,nan,nan
92,44.2697679344,1073.0,1069.7083333333333,32.75772544589884,nan,nan,nan
93,44.7693803479,1072.0,1068.8541666666667,32.74241191779317,nan,nan,nan
94,45.2689928956,1075.0,1071.625,32.788264859549976,nan,nan,nan
95,45.76860557749999,1108.0,1104.9791666666667,33.28757927557631,nan,nan,nan
96,46.268218393599994,1072.0,1068.5833333333333,32.74249808056123,nan,nan,nan
97,46.76783134389999,1126.0,1123.1041666666667,33.55682240411197,nan,nan,nan
98,47.2674444284,1105.0,1102.125,33.24244118342293,nan,nan,nan
99,47.767057647099996,1064.0,1061.2291666666667,32.61989769595307,nan,nan,nan
100,48.266670999999995,1106.0,1102.6875,33.25761582580247,nan,nan,nan
101,48.7662844871,1118.0,1114.9791666666667,33.43744807887973,nan,nan,nan
102,49.265898108399995,1090.0,1087.2083333333333,33.01602883028518,nan,nan,nan
103,49.765511863899995,1065.0,1062.1458333333333,32.63524876273438,nan,nan,nan
104,50.265125753599996,1156.0,1152.5416666666667,34.00105952189006,nan,nan,nan
105,50.7647397775,1114.0,1110.7083333333333,33.3776658319435,nan,nan,nan
106,51.2643539356,1126.0,1122.875,33.556893541665424,nan,nan,nan
107,51.763968227899994,1077.0,1073.6875,32.81872956737763,nan,nan,nan
108,52.2635826544,1121.0,1117.7083333333333,33.482362168593916,nan,nan,nan
109,52.7631972151,1125.0,1121.9791666666667,33.54195781447138,nan,nan,nan
110,53.262811909999996,1153.0,1149.5833333333333,33.956901810317675,nan,nan,nan
111,53.76242673909999,1074.0,1071.3333333333333,32.77278681399487,nan,nan,nan
112,54.2620417024,1101.0,1098.2083333333333,33.182196427033304,nan,nan,nan
113,54.761656799899995,1205.0,1201.9791666666667,34.714016391477635,nan,nan,nan
114,55.261272031599994,1152.0,1148.7708333333333,33.94211652660387,nan,nan,nan
115,55.7608873975,1165.0,1162.3125,34.13291651153375,nan,nan,nan
116,56.2605028976,1224.0,1221.3958333333333,34.98648672662378,4.252797295995496e-06,287198224.67988765,8226699.814629687
117,56.76011853189999,1248.0,1244.8958333333333,35.327958759867364,2.6400427529619916e-05,47154381.56964028,1338158.585508936
118,57.25973430039999,1189.0,1185.7916666666667,34.482848494255485,4.793718230209117e-05,24736365.58765655,719334.0709295555
119,57.75935020309999,1276.0,1272.875,35.722053470743624,6.888087145874388e-05,18479368.40872269,518606.2939424236
120,58.25896623999999,1299.0,1296.0416666666667,36.04249758194407,8.92487086946913e-05,14521685.362420915,403843.3508908343
121,58.758582411099994,1332.0,1328.5625,36.497556282350374,0.00010905733441924795,12182238.884480905,334663.93137799617
122,59.258198716399995,1224.0,1220.8958333333333,34.98663559330746,0.00012832283762889788,9514252.146325601,272645.4327209219
123,59.7578151559,1273.0,1270.0833333333333,35.67997707242661,0.00014706077683677098,8636451.953079596,242620.6214865119
124,60.2574317296,1319.0,1316.4583333333333,36.31876858304655,0.00016539393715626238,7959531.987496966,219589.47956316546
125,60.757048437499996,1286.0,1283.0833333333333,35.86168936189271,0.00018336462771527314,6997441.923889994,195575.83056628786
126,61.25666527959999,1243.0,1239.5833333333333,35.257214588727166,0.0002008949808600233,6170305.141655242,175500.72399913854
127,61.7562822559,1260.0,1257.0625,35.49734071612502,0.00021799686923085188,5766424.556624297,162834.1766621173
128,62.255899366399994,1200.0,1197.0,34.64191824942724,0.00023468178343481977,5100523.706955948,147612.30182592612
129,62.75551661109999,1210.0,1206.7083333333333,34.78603996417082,0.00025096084659282384,4808352.975040684,138611.42260414065
130,63.25513398999999,1228.0,1224.9791666666667,35.04372888303666,0.000266844828243097,4590604.864751976,131326.24347177395
131,63.75475150309999,1256.0,1253.0416666666667,35.440959805632296,0.0002823441576335027,4437993.96158634,125523.9708258334
132,64.2543691504,1244.0,1241.1041666666667,35.27123941487046,0.0002974689364335226,4172214.354704646,118571.16859915477
133,64.75398693189999,1367.0,1364.3125,36.973720256194575,0.0003122289508946266,4369589.995068838,118418.61605163176
134,65.25360484759999,1324.0,1320.3541666666667,36.3878544965365,0.0003266336834866578,4042308.65773707,111402.63951994668
135,65.7532228975,1301.0,1297.7708333333333,36.07031014983868,0.000340692324035699,3809216.5328542828,105873.56275763671
136,66.2528410816,1374.0,1371.0208333333333,37.068343178138164,0.00035441378038798593,3868418.524337404,104590.5809236833
137,66.75245939989999,1333.0,1329.9791666666667,36.51113438429129,0.00036780668862289057,3615973.302840842,99267.18440328822
138,67.25207785239999,1364.0,1361.3541666666667,36.93311686722064,0.00038087942283661493,3574239.208114543,96968.00260869898
139,67.7516964391,1344.0,1341.1041666666667,36.661428366351345,0.000393640104517311,3406929.708829222,93134.38327455554
140,68.25131516,1457.0,1453.5833333333333,38.171601755173384,0.0004060966115310553,3579402.7629363113,93996.35621498975
141,68.7509340151,1510.0,1506.25,38.859723686614146,0.00041825658673706615,3601258.2892015344,92908.81463402516
142,69.2505530044,1425.0,1421.7291666666667,37.75007473318577,0.00043012744624971495,3305367.2325789393,87764.85914193341
143,69.7501721279,1436.0,1432.4166666666667,37.89557563592058,0.0004417163873636401,3242842.4836487654,85791.64531816044
144,70.24979138559999,1461.0,1457.0,38.22411978493858,0.00045303039615801014,3216119.7402123553,84374.29388646713
145,70.74941077749999,1737.0,1731.6875,41.67865973232984,0.0004640762547942959,3731471.8909020224,89809.93813355979
146,71.2490303036,2049.0,2044.4583333333333,45.26692631552926,0.0004748605485219726,4305386.791336558,95326.77847512254
147,71.7486499639,2180.0,2176.8333333333335,46.69117659924862,0.0004853896724053765,4484712.916420142,96193.18097121392
148,72.2482697584,2123.0,2118.9166666666665,46.07694726698422,0.0004956698377842695,4274854.964220928,92958.94919278567
149,72.7478896871,1917.0,1910.0416666666667,43.785214002877474,0.0005057070784803386,3776972.3777772416,86582.16557785397
150,73.24750974999999,2137.0,2130.5208333333335,46.22915727805222,0.0005155072567608314,4132862.933337493,89677.02524408915
151,73.74712994709999,2662.0,2657.3541666666665,51.59551131827694,0.0005250760690702005,5060893.693693341,98262.92675962506
152,74.2467502784,2714.0,2710.8125,52.09670245082696,0.000534419051540217,5072447.346679222,97482.86910932943
153,74.7463707439,2176.0,2173.0,46.64828507030028,0.0005435415852879113,3997854.1823050627,85822.84471498334
154,75.2459913436,1742.0,1738.8333333333333,41.73806382934195,0.0005524489015111768,3147500.7526974953,75550.99433661836
155,75.7456120775,1537.0,1534.1041666666667,39.20536098368578,0.0005611460863903922,2733876.621210867,69866.58543032306
156,76.2452329456,1364.0,1361.1666666666667,36.93316974993858,0.0005696380858046823,2389528.896656998,64836.20156430734
157,76.7448539479,1330.0,1327.0416666666667,36.4700100348827,0.000577929709870786,2296199.077502639,63104.57727296403
158,77.24447508440001,1242.0,1238.6666666666667,35.2430056102547,0.0005860256373121536,2113673.170252236,60139.01673636522
159,77.74409635509998,1325.0,1322.0625,36.401390054730975,0.0005939304196653252,2225955.189742548,61288.98074498837
160,78.24371776,1294.0,1290.75,35.97315260487095,0.0006016484853308088,2145355.6876991014,59790.980085475596
161,78.74333929909999,1313.0,1309.4166666666667,36.236371959369464,0.0006091841434747463,2149459.536484059,59483.445765150056
162,79.2429609724,1325.0,1322.2083333333333,36.40134832286055,0.0006165415877876105,2144556.603355708,59041.18885715829
163,79.74258277989999,1366.0,1362.375,36.96045888288365,0.0006237249001061471,2184256.2318229517,59257.629247435245
164,80.24220472159999,1333.0,1329.9791666666667,36.51113438429129,0.0006309466861281841,2107910.5349266645,57867.225848102215
165,80.7418267975,1453.0,1449.3333333333333,38.11923909115827,0.000638230203877196,2270862.9653199622,59726.473080695694
166,81.2414490076,1374.0,1370.7708333333333,37.06841343118903,0.0006453593639152306,2124042.680681375,57438.40641949382
167,81.74107135189999,1405.0,1400.625,37.484545426526566,0.0006523374806627351,2147086.502797678,57461.89133337019
168,82.24069383039999,1407.0,1402.6041666666667,37.511219386486374,0.0006591677840512779,2127840.893628314,56906.93673762477
169,82.7403164431,1428.0,1421.8333333333333,37.79058708491074,0.0006658534220808266,2135354.848654273,56755.114311514975
170,83.23993919,1769.0,1764.3125,42.060642603864245,0.0006723974632871223,2623913.0816688044,62553.24402659712
171,83.7395620711,2007.0,2003.25,44.80042550021149,0.00067880289912204,2951151.214278832,65999.16641215899
172,84.2391850864,2052.0,2048.7083333333335,45.29976353568403,0.0006850726462508786,2990497.9341170215,66124.02901150855
173,84.73880823590001,1770.0,1765.9375,42.07237377919942,0.0006912095487698852,2554851.1347141545,60867.75544995543
174,85.23843151959998,1573.0,1568.5,39.662245902117036,0.0006972163803470325,2249660.2836830867,56886.566380404816
175,85.7380549375,1553.0,1549.1041666666667,39.40915075454487,0.0007030958462891175,2203261.7243334777,56050.894003346984
176,86.23767848959999,1621.0,1617.5208333333333,40.26254441337369,0.0007088505855382723,2281892.497986799,56799.76180424532
177,86.7373021759,1566.0,1562.5625,39.5736227123994,0.000714483172600413,2186982.9268517843,55387.76031402999
178,87.23692599639999,1562.0,1558.8333333333333,39.522980305415004,0.00071999611940839,2165057.9653320955,54893.32406109417
179,87.73654995109999,1411.0,1407.125,37.56435450219618,0.0007253918771223714,1939813.5606123176,51784.91197228996
180,88.23617404,1396.0,1392.75,37.3639894595496,0.0007306728378699816,1906119.8498360363,51136.41499042321
181,88.7357982631,1385.0,1381.7916666666667,37.216486135552586,0.0007358413364281772,1877839.145832681,50576.78101668477
182,89.2354226204,1363.0,1359.7916666666667,36.91973510573685,0.0007408996518495131,1835325.0177297413,49830.95215873546
183,89.7350471119,1330.0,1326.4375,36.470182598254155,0.0007458500090346771,1778423.9242910962,48897.4755734816
184,90.2346717376,1424.0,1420.0833333333333,37.737005673770966,0.0007506945802531983,1891692.5347381085,50269.45267280713
185,90.7342964975,1339.0,1335.1041666666667,36.59345792890369,0.000755435486614674,1767330.487279141,48440.21571304469
186,91.2339213916,1329.0,1325.6041666666667,36.456422568976485,0.0007600747994918892,1744044.3592562662,47964.256403906096
187,91.7335464199,1410.0,1406.2916666666667,37.55099541882271,0.0007646145418981438,1839216.4804707603,49111.01393076169
188,92.2331715824,1342.0,1338.3958333333333,36.634342996777704,0.0007690566898198358,1740308.4207574797,47635.42594676591
189,92.7327968791,1350.0,1346.3125,36.74339155435528,0.0007734031735067209,1740764.1268080478,47508.715781130646
190,93.23242230999999,1386.0,1382.2708333333333,37.2300643428429,0.0007776558787206143,1777483.937506421,47874.72886348284
191,93.7320478751,1409.0,1405.7291666666667,37.53755642501402,0.0007818166479447486,1798029.2059040554,48013.247765564105
192,94.23167357439999,1442.0,1438.3958333333333,37.974663748419886,0.0007858872815546941,1830282.6207949359,48320.7511302332
193,94.7312994079,1432.0,1428.7916666666667,37.842659001156065,0.0007898695389525551,1808895.768485243,47910.01188796211
194,95.2309253756,1511.0,1506.8541666666667,38.87269442073417,0.0007937651396655968,1898362.7415301776,48972.53920361222
195,95.7305514775,1470.0,1467.0208333333333,38.34138841998581,0.000797575764410633,1839349.813264932,48072.40908118378
196,96.2301777136,1450.0,1446.7083333333333,38.07976597077363,0.0008013030561253926,1805444.6719930442,47522.30217978188
197,96.72980408389999,1409.0,1404.8333333333333,37.537805017815785,0.0008049486209681228,1745245.9656912272,46633.790082985106
198,97.22943058839999,1389.0,1385.4166666666667,37.27029182576624,0.0008085140292862934,1713534.479902133,46097.27286818532
199,97.7290572271,1457.0,1453.8125,38.17153921772084,0.0008120008165558062,1790407.6823056794,47009.23747790029
200,98.228684,1392.0,1387.5416666666667,37.31076094030306,0.0008154104842915217,1701648.0575084186,45757.028710172795
201,98.7283109071,1376.0,1372.9375,37.09533396646178,0.0008187445009302305,1676881.4916498538,45307.582431778515
202,99.2279379484,1363.0,1359.5416666666667,36.919805641567386,0.0008220043026869067,1653934.9760368625,44914.370303034506
203,99.7275651239,1466.0,1462.3125,38.289382639534246,0.0008251912943852409,1772089.1021874,46400.6138940904
204,100.2271924336,1481.0,1477.6666666666667,38.484665055635396,0.0008283938206361587,1783773.164232326,46456.96780557995
205,100.72681987749999,1477.0,1473.5833333333333,38.43268375426774,0.0008316311848585274,1771919.2836473675,46213.61542713878
206,101.2264474556,1437.0,1432.9583333333333,37.90889343398049,0.0008348006111630031,1716527.6524378753,45410.7159566734
207,101.72607516789999,1401.0,1397.0,37.4310477188835,0.0008379033369002002,1667256.7568093978,44672.27431908626
208,102.2257030144,1419.0,1415.1875,37.67067064817579,0.000840940573265351,1682862.6718590385,44795.87719486709
209,102.7253309951,1454.0,1450.2291666666667,38.13238202666833,0.0008439135059509311,1718457.1125361153,45185.17805174873
210,103.22495911,1477.0,1472.8958333333333,38.43287009152741,0.0008468232957801553,1739318.9826885837,45384.757697437046
211,103.7245873591,1450.0,1446.4583333333333,38.0798343578622,0.000849671079322339,1702374.4464587,44817.1478170506
212,104.22421574239999,1474.0,1469.8958333333333,38.39382116268478,0.0008524579694903253,1724302.9990231271,45038.960906940665
213,104.72384425989999,1460.0,1456.6666666666667,38.21085506036791,0.0008551850561210126,1703335.0340262982,44681.38771470873
214,105.2234729116,1481.0,1477.375,38.484744001140676,0.0008578534065390207,1722176.5265937655,44861.67882273268
215,105.7231016975,1458.0,1453.9583333333333,38.18486874913791,0.0008604640661046633,1689737.422639192,44377.06378838284
216,106.22273061759999,1538.0,1534.2916666666667,39.218328074312964,0.0008630180587460947,1777821.0445513574,45443.22992649131
217,106.7223596719,1454.0,1450.2083333333333,38.132387717733536,0.0008655163874767341,1675541.161688653,44057.383857169974
218,107.2219888604,1516.0,1512.0,38.93691478960979,0.0008679600348978652,1742015.691054163,44860.26225181161
219,107.72161818309999,1550.0,1546.375,39.370998473919016,0.0008703499636874949,1776727.827330888,45235.82480214297
220,108.22124763999999,1484.0,1480.4166666666667,38.52368950110799,0.0008726871170753539,1696388.817595937,44143.7586820496
221,108.72087723109999,1529.0,1524.9166666666667,39.10351735387041,0.0008749724193048831,1742816.8397332204,44691.1428190342
222,109.22050695639999,1541.0,1537.25,39.25656792181405,0.0008772067760823692,1752437.4433875247,44751.783720977415
223,109.72013681589999,1474.0,1470.25,38.39372507324602,0.000879391075013837,1671895.5215424104,43659.44363563378
224,110.21976680959999,1486.0,1482.1041666666667,38.54972325704095,0.0008815261860298175,1681293.409265252,43730.66151404947
225,110.7193969375,1471.0,1466.9791666666667,38.35470984587305,0.0008836129617987345,1660205.5765234563,43406.68539741195
226,111.21902719959999,1460.0,1455.8541666666667,38.21107655546723,0.0008856522381288553,1643821.4730225203,43144.560483691595
227,111.7186575959,1438.0,1434.2083333333333,37.92201198585797,0.0008876448343594966,1615745.7102403168,42722.05562174154
228,112.2182881264,1545.0,1541.0833333333333,39.30752596160463,0.0008895915537417361,1732349.3313884775,44186.03773414006
229,112.7179187911,1489.0,1484.8958333333333,38.588670662154485,0.0008914931838087072,1665627.803220485,43285.43545032272
230,113.21754959,1531.0,1527.1041666666667,39.12903222920858,0.00089335049673619,1709412.1201542541,43800.31395534505
231,113.7171805231,1435.0,1430.9791666666667,37.882499486716966,0.0008951642496935391,1598566.0365196273,42319.04871054234
232,114.2168115904,1527.0,1522.4375,39.07806356619188,0.0008969351851852373,1697377.385954128,43568.43639501262
233,114.71644279190001,1510.0,1505.9166666666667,38.859813039236876,0.0008986640313835173,1675728.2077355068,43241.75852394043
234,115.21607412759998,1505.0,1501.0625,38.795386726387974,0.0009003515024522008,1667196.0849864753,43089.156424712695
235,115.71570559749999,1561.0,1556.8958333333333,39.510574577854754,0.0009019982988620408,1726051.850981881,43803.3803696761
236,116.2153372016,1497.0,1493.3333333333333,38.692071395686334,0.0009036051076978286,1652639.3228763307,42819.66875360472
237,116.71496893989999,1568.0,1564.375,39.598933329489235,0.0009051726029575027,1728261.543587004,43747.383869226964
238,117.2146008124,1556.0,1552.125,39.44718911616729,0.0009067014458435612,1711836.9085161884,43506.2602987989
239,117.71423281909999,1567.0,1563.3125,39.58632115916642,0.0009081922850468667,1721345.276478897,43588.03946140502
240,118.21386496,1522.0,1518.0625,39.0138697292386,0.0009096457570232165,1668850.1961112926,42889.080093013465
241,118.7134972351,1527.0,1523.2708333333333,39.077841431842444,0.0009110624862628241,1671971.8529755145,42892.602890653136
242,119.2131296444,1545.0,1541.0416666666667,39.307537003452374,0.0009124430855528876,1688918.1265841748,43079.43983118058
243,119.7127621879,1526.0,1521.7916666666667,39.065172130826596,0.0009137881562335184,1665365.934418801,42750.7971780316
244,120.2123948656,1593.0,1589.0416666666667,39.91343715188881,0.0009150982884471624,1736471.0290990975,43616.557538992056
245,120.7120276775,1614.0,1610.0416666666667,40.17564517562571,0.0009163740613817055,1756969.9258390747,43841.97116519101
246,121.2116606236,1588.0,1584.0416666666667,39.85075238032248,0.0009176160435075485,1726257.5974715247,43428.56978393127
247,121.7112937039,1518.0,1513.9791666666667,38.96259446393568,0.0009188247928086781,1647734.3433873951,42404.81402861824
248,122.2109269184,1535.0,1531.2083333333333,39.1800841379336,0.0009200008570078889,1664355.3336605243,42587.008304925555
249,122.71056026709999,1563.0,1559.125,39.535815777174335,0.0009211447737866611,1692594.958326384,42920.30623443661
250,123.21019374999999,1582.0,1578.2291666666667,39.77535114901914,0.0009222570709992421,1711268.1662138905,43128.26911256268
251,123.70982736709999,1517.0,1512.9375,38.949770672196095,0.0009233382668817745,1638551.7142156078,42183.64175865277
252,124.20946111839999,1582.0,1577.75,39.77547663657429,0.0009243888702560231,1706803.3278711142,43028.943679901604
253,124.70909500389999,1558.0,1553.8541666666667,39.472602796468564,0.0009254093807282667,1679099.2170879387,42654.20647174003
254,125.20872902359999,1570.0,1566.125,39.62424420940628,0.0009264002888832464,1690548.9115163453,42772.270998719534
255,125.70836317749999,1556.0,1552.1666666666667,39.44717811341023,0.0009273620764734493,1673743.9518437176,42536.97570146392
256,126.20799746559999,1623.0,1619.1666666666667,40.28746531008263,0.000928295216603726,1744236.7877220921,43399.410650287435
257,126.70763188789999,1546.0,1542.0625,39.320249633617536,0.0009292001739115622,1659558.987713629,42316.23146183342
258,127.20726644439998,1531.0,1526.6458333333333,39.12915424342258,0.0009300774047428735,1641418.0427868639,42070.857805905
259,127.7069011351,1615.0,1610.8958333333333,40.18812639912717,0.0009309273573236983,1730420.5539350146,43169.99181833381
260,128.20653596,1646.0,1642.125,40.57192045204006,0.0009317504719276674,1762408.5519405883,43543.76163405871
261,128.7061709191,1598.0,1593.9166666666667,39.976056201737116,0.0009325471810396486,1709207.5329525864,42867.59642248865
262,129.2058060124,1564.0,1560.1041666666667,39.54846600305054,0.0009333179095152741,1671567.8020974856,42374.05668513352
263,129.7054412399,1563.0,1558.5833333333333,39.53595849209791,0.0009340630747369324,1668606.0882690276,42326.86160218113
264,130.2050766016,1611.0,1607.0208333333333,40.13829716499637,0.0009347830867658969,1719137.6866832303,42938.62151899249
265,130.70471209750002,1601.0,1596.9791666666667,40.01354479874422,0.0009354783484909589,1707125.7386585053,42773.35211797362
266,131.2043477276,1535.0,1530.75,39.18020599316276,0.0009361492557735992,1635155.9225831407,41852.520579942866
267,131.70398349190003,1665.0,1660.3958333333333,40.80558687408979,0.0009367961975896971,1772419.4842009405,43558.65980143745
268,132.2036193904,1643.0,1638.6041666666667,40.53506605226037,0.0009374195561680037,1747994.434173077,43241.11416872949
269,132.70325542310002,1759.0,1754.5833333333333,41.94153089586608,0.0009380197071253376,1870518.6255739157,44712.84619850943
270,133.20289159,1959.0,1954.4583333333333,44.26166081447414,0.0009385970195987537,2082318.9212435982,47157.25693801565
271,133.70252789110003,1953.0,1948.625,44.19379080632633,0.000939151856374569,2074877.440505016,47057.129798932314
272,134.2021643264,1805.0,1800.9583333333333,42.48628250846252,0.0009396845740145131,1916556.2393339002,45213.34465133652
273,134.7018008959,1661.0,1656.5,40.75651788364654,0.0009401955229788439,1761867.568515612,43348.98102313515
274,135.2014375996,1556.0,1551.6041666666667,39.44732665037152,0.0009406850477468468,1649440.6607005282,41934.68020444971
275,135.7010744375,1629.0,1625.1458333333333,40.36186684407559,0.000941153486934461,1726759.6156146456,42885.53079215895
276,136.20071140960002,1561.0,1557.0208333333333,39.510541622528486,0.0009416011734092755,1653588.4590030774,41961.01570208523
277,136.7003485159,1551.0,1546.7083333333333,39.38387245716478,0.0009420284344029336,1641891.3451520721,41807.51983577507
278,137.19998575640003,1564.0,1559.5625,39.54860867232458,0.0009424355916209939,1654821.3096637668,41964.25625681303
279,137.6996231311,1484.0,1480.0833333333333,38.52377963313338,0.0009428229613503199,1569842.2652048524,40860.035459848434
280,138.19926064,1580.0,1575.8125,39.75031118850937,0.0009431908545641174,1670724.957069521,42144.50447240546
281,138.6988982831,1589.0,1584.9166666666667,39.86332988404813,0.0009435395770245444,1679756.4249129933,42248.70991607717
282,139.19853606040002,1547.0,1542.5625,39.33309608862067,0.0009438694293830876,1634296.4948109589,41672.17929107923
283,139.69817397190002,1481.0,1477.25,38.484777834879075,0.0009441807072787027,1564583.9706444524,40759.97056304939
284,140.19781201760003,1564.0,1559.5,39.54862513413077,0.0009444737014338739,1651184.1437537225,41873.71768434541
285,140.69745019750002,1548.0,1543.7916666666667,39.34574530506584,0.0009447486977483243,1634076.5225144816,41646.78437646
286,141.19708851160001,1634.0,1629.6666666666667,40.42388251736562,0.0009450059773909379,1724504.083208029,42776.32468418
287,141.69672695990002,1560.0,1555.3125,39.498071551026385,0.0009452458168895382,1645405.3244244661,41786.03157536337
288,142.1963655424,1551.0,1546.6666666666667,39.38388347760766,0.000945468488218653,1635873.3114212244,41655.4163024623
289,142.69600425910002,1591.0,1587.1875,39.888336980668086,0.0009456742588854824,1678365.9754793034,42179.78506433938
290,143.19564311,1471.0,1466.7291666666667,38.35477774273297,0.000945863392013962,1550677.5915533225,40550.01818081443
291,143.69528209510003,1585.0,1581.1458333333333,39.81306688938807,0.0009460361464269948,1671337.6537514252,42084.08636367091
292,144.1949212144,1538.0,1533.7916666666667,39.21846087764168,0.0009461927767268874,1621013.9248498892,41448.70035185424
293,144.6945604679,1462.0,1458.3541666666667,38.23710181042898,0.0009463335333741538,1541057.264944319,40405.52348820878
294,145.1941998556,1528.0,1524.1666666666667,39.090662070513865,0.0009464586627644481,1610389.0498659813,41302.0278733955
295,145.6938393775,1555.0,1550.7083333333333,39.43462196753282,0.0009465684073041355,1638242.2246161927,41660.61497852458
296,146.1934790336,1481.0,1477.4375,38.48472708426032,0.000946663005483887,1560679.4513373927,40653.03794626351
297,146.69311882390002,1504.0,1499.7708333333333,38.78257479382834,0.0009467426919511223,1584137.7452225026,40964.2188141977
298,147.1927587484,1550.0,1545.7291666666667,39.371169346292525,0.000946807697580532,1632569.2858397919,41583.06850155679
299,147.69239880710003,1521.0,1517.1666666666667,39.0010238469596,0.0009468582495433899,1602316.5742055906,41189.92876258652
300,148.192039,1475.0,1470.9166666666667,38.40683623320781,0.0009468945713752689,1553411.236195291,40560.83686003792
301,148.69167932710002,1517.0,1513.2083333333333,38.9496982408793,0.0009469168830423185,1598037.1249391977,41133.1754015612
302,149.19131978840002,1506.0,1501.3541666666667,38.80846284245801,0.0009469254010063672,1585504.1643946476,40983.65383504699
303,149.6909603839,1457.0,1453.0625,38.17174388536631,0.0009469203382883198,1534513.98311562,40311.46268794547
304,150.19060111360002,1479.0,1475.2916666666667,38.45877347165981,0.0009469812733787612,1557888.9552936268,40611.968317432154
305,150.6902419775,1527.0,1522.625,39.07801358607335,0.0009471574083953173,1607573.341562777,41258.20401096759
306,151.1898829756,1537.0,1532.6041666666667,39.205759524094304,0.0009473201081636965,1617831.3470380104,41385.96783308179
307,151.6895241079,1468.0,1463.8541666666667,38.31561524402,0.0009474695662715848,1545014.445611295,40439.94298919479
308,152.1891653744,1475.0,1471.2083333333333,38.40675712756227,0.0009476059733596715,1552552.8275399802,40530.30289730421
309,152.6888067751,1467.0,1463.125,38.30248985596977,0.0009477295171732256,1543821.2839081287,40415.00149769932
310,153.18844831,1597.0,1592.4166666666667,39.96367708446147,0.0009478403826126727,1680047.2905335105,42162.87659563911
311,153.6880899791,1529.0,1525.7291666666667,39.103300913875685,0.0009479387517831773,1609522.9399542976,41250.87284417697
312,154.18773178240002,1553.0,1549.2916666666667,39.40910119432369,0.0009480248040432296,1634231.1509773743,41569.69419602512
313,154.6873737199,1500.0,1495.8958333333333,38.73093729142405,0.0009480987160522244,1577784.895186942,40851.16521694627
314,155.18701579160003,1543.0,1539.0,39.282099400787295,0.0009481606618170557,1623142.640246917,41429.792420945894
315,155.68665799750002,1410.0,1406.3958333333333,37.55096652292129,0.0009482108127379721,1483210.0778015233,39601.917652143566
316,156.18630033760002,1501.0,1496.9583333333333,38.74382791347402,0.0009482493376532102,1578654.7629319776,40858.27047278493
317,156.68594281190002,1534.0,1529.8125,39.16742574619033,0.0009482764028830949,1613255.898120875,41303.80723079003
318,157.1855854204,1512.0,1508.1041666666667,38.88548782250834,0.0009482921722729329,1590337.0403785338,41005.80913718278
319,157.68522816310002,1497.0,1493.4375,38.69204335196061,0.0009482968072353104,1574862.9422828145,40801.61723286238
320,158.18487104,1511.0,1507.4375,38.87253810532572,0.0009482904667914883,1589636.881092318,40992.22703023659
321,158.68451405110002,1452.0,1448.3333333333333,38.1061200975498,0.0009482733076119176,1527337.4476613086,40184.74398853879
322,159.1841571964,1415.0,1410.9375,37.61761070850549,0.0009482454840560073,1487945.3935966904,39670.75123585153
323,159.68380047590003,1493.0,1488.9375,38.640453354181375,0.0009482071482111848,1570266.0571679045,40751.06734543976
324,160.1834438896,1471.0,1466.75,38.3547720846659,0.000948158449931116,1546946.0828056321,40451.85916705419
325,160.6830874375,1429.0,1424.7083333333333,37.803298926445855,0.000948099536873165,1502699.1132513634,39872.71109858491
326,161.1827311196,1445.0,1441.125,38.014217460927256,0.0009480305545352498,1520125.056208213,40098.093124817955
327,161.68237493590001,1522.0,1517.9583333333333,39.013897541631096,0.0009479516462918733,1601303.5467274832,41155.99956415789
328,162.18201888640002,1461.0,1456.7291666666667,38.22419359115957,0.0009478629534294693,1536856.3159854123,40326.709101627355
329,162.68166297110002,1516.0,1511.7708333333333,38.9369760977774,0.0009477646151811483,1595091.0269470075,41082.96034066992
330,163.18130719,1417.0,1412.8333333333333,37.64421344052171,0.0009476567687607596,1490870.3023151304,39723.46811783831
331,163.6809515431,1482.0,1478.2708333333333,38.49776215538017,0.0009475395493962257,1560115.178596282,40629.187647007486
332,164.1805960304,1444.0,1440.25,38.001027946622706,0.0009474130903623047,1520192.210400246,40110.3049273792
333,164.6802406519,1462.0,1458.1458333333333,38.237158565182234,0.0009472775230127546,1539301.627991547,40365.318120893906
334,165.1798854076,1491.0,1486.6666666666667,38.614638128276916,0.0009471329768118365,1569649.355543469,40770.02815196914
335,165.6795302975,1441.0,1436.9375,37.96162055835692,0.0009469795793652853,1517390.1648049369,40087.052968767035
336,166.1791753216,1452.0,1447.9791666666667,38.10621691221934,0.0009468174564506019,1529311.8613325988,40246.635349405864
337,166.6788204799,1476.0,1472.2916666666667,38.419750870410965,0.0009466467320468861,1555270.426469656,40585.09850589976
338,167.17846577240002,1402.0,1397.8125,37.444455391731005,0.000946467528364037,1476873.1711441912,39562.324400556565
339,167.6781111991,1381.0,1376.9791666666667,37.16293539753165,0.0009462799658714418,1455149.8671945236,39272.664262006016
340,168.17775676000002,1427.0,1423.0416666666667,37.77674503286086,0.0009460841633261497,1504138.5553518587,39929.58184613205
341,168.6774024551,1398.0,1394.2291666666667,37.39088871674191,0.0009458802378004119,1474001.793196212,39530.25681527314
342,169.17704828440003,1478.0,1474.25,38.44578162815785,0.000945668304708905,1558950.4191470207,40654.615827472626
343,169.6766942479,1471.0,1468.0416666666667,38.354421282877475,0.0009454484778353093,1552746.3432252621,40567.43670548122
344,170.1763403456,1384.0,1379.8958333333333,37.20329963151417,0.0009452208693584009,1459866.025038129,39359.371801394
345,170.6759865775,1451.0,1447.2916666666667,38.09300797973881,0.0009449855898776638,1531548.9274857943,40310.6760439281
346,171.17563294360002,1462.0,1457.9583333333333,38.23720964438813,0.0009447427484385855,1543233.1560554022,40473.673608592726
347,171.6752794439,1396.0,1392.5625,37.364041732437535,0.000944492452557299,1474402.9941472912,39559.91562586975
348,172.1749260784,1445.0,1441.3541666666667,38.01415466456029,0.0009442348082448157,1526478.5348740935,40259.21765712348
349,172.67457284710002,1434.0,1430.2291666666667,37.86922971262787,0.0009439699200309044,1515121.5481737414,40116.987744046
350,173.17421975,1394.0,1390.0208333333333,37.337419558742354,0.0009436978909874457,1472951.0859443313,39565.01324769737
351,173.67386678710002,1490.0,1485.9375,38.60161441464161,0.0009434188227514602,1575056.024074542,40916.73123720476
352,174.1735139584,1416.0,1411.7916666666667,37.63094037638591,0.0009431328155476035,1496917.1291605942,39899.937480742374
353,174.67316126390003,1439.0,1435.4791666666667,37.93512028047947,0.0009428399682102879,1522505.6372944324,40234.95138044312
354,175.1728087036,1431.0,1427.125,37.829627663600746,0.0009425403782055594,1514126.1138509624,40135.81650010802
355,175.6724562775,1421.0,1416.875,37.69729350364559,0.0009422341416523071,1503739.8215218142,40008.413872097015
356,176.1721039856,1445.0,1441.2291666666667,38.01418891713695,0.0009419213533434001,1530095.0143565033,40358.13476592664
357,176.6717518279,1426.0,1422.4791666666667,37.76338637747473,0.0009416021067661098,1510700.9175585934,40105.4607950819
358,177.1713998044,1472.0,1468.2083333333333,38.36768162210945,0.0009412764941225283,1559805.585819944,40761.32981295402
359,177.67104791510002,1422.0,1418.375,37.71041660911921,0.0009409446063493589,1507394.7928804834,40077.19089376222
360,178.17069616,1360.0,1356.2083333333333,36.87924881360188,0.0009406065331374858,1441844.4754041487,39207.94457017804
361,178.67034453910003,1380.0,1376.7708333333333,37.14925671269286,0.0009402623629510485,1464241.1390500483,39509.458398503295
362,179.1699930524,1422.0,1418.5416666666667,37.710370571118915,0.0009399121830464883,1509227.8749582984,40121.16371222071
363,179.66964169989998,1454.0,1450.2083333333333,38.132387717733536,0.0009395560794908793,1543503.7513877437,40585.536670037276
364,180.1692904816,1421.0,1417.3125,37.6971726117048,0.0009391941371802318,1509072.9849051614,40137.785277156916
365,180.6689393975,1403.0,1399.6458333333333,37.457574380520455,0.0009388264398573379,1490846.2032087855,39898.29513771729
366,181.1685884476,1367.0,1363.5625,36.973931554317204,0.0009384530701293334,1452989.5456701738,39398.807176603535
367,181.66823763189998,1455.0,1451.2083333333333,38.14549767738725,0.0009380741094849335,1547008.1933400182,40663.62912236403
368,182.1678869504,1463.0,1459.25,38.25020424782069,0.000937689638311447,1556218.5401000672,40791.966430065375
369,182.6675364031,1392.0,1388.625,37.31045848686398,0.0009372997359113994,1481516.474182879,39806.3256153428
370,183.16718599,1344.0,1340.25,36.661671061205055,0.0009369044805188807,1430508.6888449255,39130.63906034575
371,183.6668357111,1363.0,1358.5416666666667,36.92008778354196,0.0009365039493157508,1450652.3626080535,39423.31242758488
372,184.1664855664,1373.0,1368.6875,37.055226942362665,0.0009360982184473265,1462119.5436844162,39584.763876406985
373,184.6661355559,1322.0,1318.0208333333333,36.36045790835912,0.0009356873630380555,1408612.4120068166,38859.62271661063
374,185.16578567960002,1446.0,1442.2708333333333,38.027328212381974,0.0009352714572067058,1542087.9384482005,40659.13475639992
375,185.6654359375,1431.0,1427.0833333333333,37.82963913682263,0.0009348505740814024,1526536.2967077447,40465.97411997589
376,186.16508632960003,1428.0,1424.6875,37.78980034899188,0.0009344247858144664,1524667.9257958778,40441.77864572954
377,186.6647368559,1390.0,1385.7291666666667,37.28389700251899,0.0009339941635968114,1483659.3425061929,39918.76872007284
378,187.16438751639998,1371.0,1367.4166666666667,37.02802523464866,0.0009335587776723338,1464735.48251143,39663.30360791164
379,187.6640383111,1363.0,1359.6875,36.919764495682614,0.000933118697351836,1457143.1307279062,39565.989407842586
380,188.16368924,1451.0,1447.5833333333333,38.09292822238211,0.0009326739910269272,1552078.5904402263,40842.70451290234
381,188.6633403031,1411.0,1407.3541666666667,37.56429095379162,0.0009322247261834691,1509672.643449803,40295.317104042006
382,189.1629915004,1392.0,1388.5833333333333,37.31047011973389,0.0009317709694149799,1490262.498954187,40042.533352546474
383,189.6626428319,1411.0,1407.6041666666667,37.564221628136764,0.0009313127864357192,1511419.3503707703,40334.69976494252
384,190.1622942976,1361.0,1357.5,36.89272173026363,0.0009308502420936345,1458344.1445390403,39633.35890345354
385,190.6619458975,1463.0,1459.375,38.25017020659298,0.0009303834003829246,1568573.772274263,41112.26639560646
386,191.1615976316,1442.0,1438.4166666666667,37.974658033717404,0.0009299123244565936,1546830.414907367,40836.81550936363
387,191.6612494999,1366.0,1362.75,36.960353195462474,0.0009294370766386689,1466210.0687099954,39766.385616044565
388,192.1609015024,1423.0,1419.6666666666667,37.723592676791064,0.0009289577184362643,1528236.0418474418,40608.514174673146
389,192.66055363910002,1424.0,1420.8541666666667,37.736792897574695,0.0009284743105514643,1530310.6941351506,40643.87400784525
390,193.16020591,1396.0,1392.5,37.36405915671726,0.0009279869128929614,1500559.9547292516,40263.56259727449
391,193.65985831510002,1378.0,1374.2916666666667,37.122462969803664,0.0009274955845874691,1481723.1364803999,40024.4093736737
392,194.1595108544,1377.0,1373.5625,37.10891556733144,0.0009270003839911006,1481728.0809380836,40031.17604715867
393,194.6591635279,1474.0,1470.1458333333333,38.39375333487062,0.0009265013687003944,1586771.3561994089,41439.499856028946
394,195.15881633560002,1452.0,1448.7083333333333,38.1060175876316,0.0009259985955632572,1564482.2144164564,41151.26931100025
395,195.6584692775,1416.0,1412.4375,37.63076160204574,0.0009254921206896774,1526147.514845886,40660.27226034433
396,196.15812235360002,1447.0,1443.2916666666667,38.040468674090285,0.0009249819994623391,1560345.6797057712,41125.631305476134
397,196.6577755639,1437.0,1433.4166666666667,37.9087674922013,0.000924468286546914,1550530.9241280556,41006.022644431236
398,197.15742890840002,1555.0,1551.3958333333333,39.434440363793115,0.0009239510359023884,1679088.7969708731,42680.227448718615
399,197.6570823871,1533.0,1529.9166666666667,39.15436420261618,0.0009234303007910915,1656775.4657346697,42400.99568865469
400,198.15673600000002,1549.0,1545.3958333333333,39.35829120789616,0.0009229061337884529,1674488.6362274047,42646.039252479175
401,198.6563897471,1518.0,1514.5625,38.962438509201824,0.0009223785867930424,1642018.2793552082,42241.265210489946
402,199.15604362840003,1556.0,1552.7708333333333,39.44701857308808,0.0009218477110357542,1684411.4431750306,42791.25293782729
403,199.6556976439,1526.0,1522.8333333333333,39.064894371061875,0.0009213135570896111,1652893.6556017874,42401.30200022906
404,200.1553517936,1569.0,1565.7708333333333,39.61145382721462,0.0009208140106496596,1700420.2968508687,43017.86611529472
405,200.65500607750002,1637.0,1633.2291666666667,40.46082746345875,0.0009203948978453492,1774487.4189221035,43960.29091227888
406,201.1546604956,1575.0,1571.2708333333333,39.687248468144304,0.0009199722857257577,1707954.5304930268,43139.61309914396
407,201.6543150479,1646.0,1642.5208333333333,40.571818823401166,0.0009195462223926399,1786229.7656549865,44121.565436736986
408,202.1539697344,1554.0,1550.4791666666667,39.421737032942175,0.0009191167553567155,1686922.9699385853,42890.89150337851
409,202.6536245551,1611.0,1607.7916666666667,40.1380971182962,0.0009186839315457319,1750103.176357375,43690.86661912311
410,203.15327951,1554.0,1550.8125,39.421648953969445,0.0009182477973123089,1688882.352388096,42931.38417468111
411,203.6529345991,1542.0,1538.2708333333333,39.26929705217833,0.0009178083984418599,1676026.1029914487,42785.94216270501
412,204.1525898224,1529.0,1525.75,39.10329536411648,0.0009173657801603012,1663186.084544585,42625.63113841409
413,204.6522451799,1546.0,1541.9791666666667,39.320271710163844,0.0009169199871415845,1681694.3553315355,42882.99116779126
414,205.1519006716,1493.0,1489.6458333333333,38.640262401699886,0.0009164710635151638,1625415.021418934,42162.010280492126
415,205.6515562975,1521.0,1517.6041666666667,39.00090699621969,0.0009160190528734848,1656738.647417926,42576.52378940885
416,206.1512120576,1537.0,1534.1875,39.20533884243318,0.0009155639982789812,1675674.7784795687,42820.97037031696
417,206.6508679519,1540.0,1536.5,39.243762774059604,0.0009151059422714671,1679040.566807068,42884.392900617735
418,207.1505239804,1463.0,1459.5833333333333,38.25011347114614,0.0009146449268749524,1595792.301959472,41819.63114564521
419,207.65018014310002,1488.0,1484.25,38.575615678819695,0.0009141809936046784,1623584.4000075965,42196.91280904167
420,208.14983644,1389.0,1385.6458333333333,37.27022777596378,0.0009137141834738418,1516498.111110915,40789.809822439696
421,208.64949287110002,1486.0,1482.8333333333333,38.54952622565188,0.0009132445370004423,1623698.0055787787,42211.61437468661
422,209.1491494364,1448.0,1445.0208333333333,38.053410700911186,0.0009127720942136791,1583112.4138147186,41689.93655934766
423,209.6488061359,1432.0,1428.8125,37.84265326651925,0.0009122968946606249,1566170.5179118463,41480.63364897975
424,210.14846296960002,1421.0,1417.6458333333333,37.69708050329922,0.000911818977412527,1554744.821561176,41342.72419978843
425,210.64811993749998,1420.0,1417.0416666666667,37.68370512495347,0.0009113383810711818,1554901.7753439555,41349.84974588721
426,211.14777703960002,1395.0,1391.3958333333333,37.35070396666649,0.0009108551437751388,1527570.9236998332,41006.19535600623
427,211.6474342759,1401.0,1398.0208333333333,37.43076363063172,0.0009103693032057661,1535663.4152869121,41116.02126612065
428,212.1470916464,1399.0,1395.3125,37.40423536067362,0.0009098808965933269,1533511.1498924433,41108.93579667221
429,212.6467491511,1402.0,1398.5208333333333,37.44425834008318,0.0009093899607229302,1537867.0248586896,41175.139332213905
430,213.14640679000001,1414.0,1411.0208333333333,37.60401662019926,0.0009088965319402967,1552454.8545928658,41373.26450121099
431,213.6460645631,1424.0,1420.8125,37.73680439902139,0.0009084006461576281,1564081.3401110866,41542.02725266798
432,214.14572247040002,1455.0,1451.9375,38.14529855805737,0.0009079023388592253,1599222.1165817813,42014.75965574309
433,214.64538051190002,1384.0,1380.875,37.20302547060745,0.0009074016451070876,1521790.276054696,40999.512918247914
434,215.14503868760002,1419.0,1415.2083333333333,37.67066488735705,0.000906898599546409,1560492.3571843186,41537.90170830374
435,215.6446969975,1433.0,1429.7083333333333,37.85589222814447,0.0009063932364110185,1577359.8874087462,41765.417820238574
436,216.14435544160003,1394.0,1391.3541666666667,37.33704757379429,0.000905885589528749,1535904.956155074,41216.07408858044
437,216.6440140199,1485.0,1481.2916666666667,38.53670013045284,0.0009053756923266482,1636107.175420207,42564.31938372528
438,217.1436727324,1475.0,1471.9375,38.40655936273559,0.0009048635778362707,1626695.488749507,42444.58535348962
439,217.64333157910002,1428.0,1424.75,37.78978312101478,0.0009043492786986151,1575442.1809792966,41786.71229261705
440,218.14299056,1453.0,1449.7708333333333,38.119119537386425,0.0009038328271694153,1604025.4234554225,42174.966865018876
441,218.64264967510002,1443.0,1440.2083333333333,37.987605343351426,0.0009033142551238676,1594360.2408176805,42053.5878049908
442,219.1423089244,1531.0,1528.0208333333333,39.128788199639175,0.0009027935940616366,1692547.2703664426,43341.89836638088
443,219.64196830790002,1516.0,1512.4791666666667,38.93678659949283,0.0009022708751117285,1676302.7693644394,43154.20975399574
444,220.1416278256,1500.0,1496.8958333333333,38.73066834097869,0.0009017461290370933,1659996.9604879317,42950.74533043602
445,220.64128747750001,1435.0,1432.0208333333333,37.88221305536706,0.000901219386239486,1588981.390323526,42034.396545149786
446,221.1409472636,1489.0,1486.2916666666667,38.58829386758517,0.0009006906767639055,1650168.81489966,42843.0035561478
447,221.64060718390002,1508.0,1504.75,38.83384745725478,0.0009001600303033202,1671647.2064339,43141.04842465537
448,222.1402672384,1518.0,1514.7708333333333,38.96238281093132,0.0008996274762029722,1683775.6442551934,43309.46290722305
449,222.63992742710002,1522.0,1518.5833333333333,39.01373066697872,0.0008990930434649786,1689016.8869296617,43392.317347518634
450,223.13958775,1574.0,1570.9375,39.6744729276059,0.0008985567607525004,1748289.6669592818,44153.55229688588
451,223.63924820710002,1490.0,1487.0208333333333,38.6013220754448,0.0008980186563942045,1655890.8022068683,42984.98900951555
452,224.1389087984,1549.0,1546.2083333333333,39.35807616896718,0.0008974787583883911,1722835.5756406651,43854.04757617078
453,224.6385695239,1597.0,1594.0416666666667,39.963253520508616,0.0008969370944072039,1777205.6441931273,44555.24670536766
454,225.13823038360002,1502.0,1498.5625,38.756568663690196,0.0008963936918007012,1671768.2349924226,43236.101523466656
455,225.63789137749998,1492.0,1489.0208333333333,38.62721923685709,0.0008958485776010153,1662134.5063925518,43118.02262419902
456,226.1375525056,1485.0,1481.875,38.53654245215399,0.0008953017785261903,1655168.1628952005,43043.07595098414
457,226.6372137679,1474.0,1470.5833333333333,38.39363463590749,0.0008947533209842615,1643562.8668196923,42909.74253515268
458,227.1368751644,1456.0,1453.1875,38.15833583569913,0.0008942032310770547,1625119.9386180441,42673.00151637561
459,227.6365366951,1424.0,1420.5625,37.73687340762789,0.0008936515346040306,1589615.6891057533,42227.72741541677
460,228.13619836,1395.0,1392.1041666666667,37.3505064204103,0.0008930982570661262,1558735.733333307,41821.27344320281
461,228.6358601591,1437.0,1433.9583333333333,37.90861865137737,0.0008925434236693794,1606597.8363698162,42472.576287133874
462,229.1355220924,1507.0,1504.1458333333333,38.82086374368241,0.0008919870593286211,1686286.6087603003,43521.779086012764
463,229.6351841599,1424.0,1421.0625,37.736735390288686,0.0008914291886711467,1594139.5211866212,42332.84692701484
464,230.1348463616,1393.0,1389.8125,37.32380482011447,0.000890869836040231,1560062.3612732096,41895.912635242654
465,230.6345086975,1343.0,1339.75,36.64788818381399,0.0008903090254986933,1504814.5774435557,41163.109812670074
466,231.13417116760002,1363.0,1359.8541666666667,36.919717471758155,0.0008897467808322971,1528360.8729605253,41494.63450401281
467,231.63383377190002,1434.0,1430.375,37.869189598317696,0.0008891831255531927,1608639.3892260522,42588.74073297097
468,232.1334965104,1368.0,1365.1666666666667,36.98728197337265,0.0008886180829033785,1536280.5382108171,41623.37306092652
469,232.6331593831,1427.0,1424.0625,37.77646354433759,0.0008880516758578729,1603580.668460911,42538.587079231496
470,233.13282239,1315.0,1312.2083333333333,36.26373063712863,0.0008874839271281359,1478571.3782779023,40861.28157213695
471,233.6324855311,1357.0,1354.0625,36.838311550838846,0.0008869148591652051,1526710.8065756056,41535.34149322105
472,234.1321488064,1355.0,1352.0625,36.81115588944019,0.0008863444941629114,1525436.7899886665,41531.43177609026
473,234.6318122159,1272.0,1269.2291666666667,35.66591826512314,0.0008857728540610577,1432905.9203469073,40265.30966895564
474,235.1314757596,1354.0,1351.125,36.79755285115211,0.0008851999605485235,1526350.0454324028,41569.76332031253
475,235.63113943750002,1270.0,1267.0,35.63793624776833,0.0008846258350662224,1432243.9496752357,40285.88679540486
476,236.1308032496,1277.0,1274.1458333333333,35.73596874027001,0.0008840504988103038,1441259.1079898647,40422.994827061455
477,236.63046719590002,1272.0,1267.0416666666667,35.66655714547047,0.0008834739727349275,1434158.4537508755,40370.80688982749
478,237.1301312764,1259.0,1255.4166666666667,35.48344195223707,0.000882896277555344,1421929.9577780487,40189.819409463766
479,237.62979549110003,1336.0,1332.6041666666667,36.55230152162485,0.0008823174337507679,1510345.5011669793,41427.6088439503
480,238.12945984,1236.0,1232.6041666666667,35.15779780543397,0.0008817374615671309,1397926.503514927,39873.317555258756
481,238.62912432310003,1236.0,1233.1875,35.15762497311216,0.0008811563810200537,1399510.3781379012,39899.415961117615
482,239.1287889404,1244.0,1240.9375,35.27128863655726,0.0008805742118975165,1409236.703997895,40054.87346779379
483,239.6284536919,1156.0,1152.7083333333333,34.00100846135139,0.0008799909737626495,1309909.2691878462,38637.905927569336
484,240.12811857760002,1190.0,1186.8333333333333,34.49733282765817,0.0008794066859564071,1349584.1597367222,39227.96287378719
485,240.62778359749998,1217.0,1213.9375,34.88644152222083,0.0008788213676002574,1381324.5157145225,39696.85172480848
486,241.1274487516,1211.0,1208.1041666666667,34.800292094479765,0.0008782350375988454,1375604.610321294,39625.26044238242
487,241.6271140399,1256.0,1253.2083333333333,35.440910819591274,0.0008776477146425008,1427917.2752632445,40381.704672959466
488,242.1267794624,1155.0,1152.2083333333333,33.98614658536949,0.0008770594172099059,1313717.5323864932,38750.10736842201
489,242.6264450191,1168.0,1165.125,34.17689125466699,0.0008764701635705526,1329337.8924087149,38993.78743873907
490,243.12611071,1209.0,1205.8125,34.77163220572195,0.0008758799717872436,1376686.9192584974,39699.0835796485
491,243.6257765351,1198.0,1194.9375,34.61305825961256,0.0008752888597186016,1365192.172540803,39544.72614987969
492,244.1254424944,1191.0,1188.2291666666667,34.51170418415243,0.0008746968450214456,1358446.8418169885,39455.61754404897
493,244.6251085879,1142.0,1139.0208333333333,33.79440879749522,0.0008741039451532244,1303072.5231810624,38661.77356237798
494,245.1247748156,1204.0,1201.3125,34.699509932898664,0.0008735101773743117,1375270.1812943162,39724.21939856738
495,245.62444117750002,1197.0,1194.1041666666667,34.598559650093975,0.0008729155587504726,1367949.2302508124,39635.63176674246
496,246.1241076736,1137.0,1134.375,33.72024151010784,0.000872320106154996,1300411.3879709675,38655.81140705284
497,246.6237743039,1165.0,1162.5208333333333,34.13285293241038,0.0008717238362711298,1333588.442764295,39155.580600407186
498,247.12344106839998,1099.0,1095.9375,33.15213118463628,0.0008711267655941848,1258068.9094686175,38056.609547548025
499,247.6231079671,1142.0,1139.3333333333333,33.79431247348518,0.0008705289104338445,1308782.8786358456,38820.436712025046
500,248.122775,1138.0,1135.3333333333333,33.73507900621481,0.0008699302869163392,1305085.419382022,38779.0602460759
501,248.62244216710002,1131.0,1128.2291666666667,33.6312016689033,0.0008693309109864887,1297813.24051435,38686.3060359141
502,249.1221094684,1168.0,1165.4375,34.17679600864695,0.000868730798410002,1341540.4428311356,39341.06638235823
503,249.6217769039,1128.0,1125.0208333333333,33.58663522849859,0.0008681299647754338,1295912.9150948632,38688.48742847704
504,250.1214444736,1197.0,1194.1458333333333,34.59854710541406,0.0008675284254963194,1376491.8799636492,39881.744607526816
505,250.6211121775,1104.0,1100.9791666666667,33.22744248400376,0.0008669261958132291,1269980.2728118994,38327.87917180702
506,251.1207800156,1115.0,1112.4583333333333,33.392408589212145,0.000866323290795754,1284114.5391710454,38544.97384981977
507,251.6204479879,1022.0,1019.5416666666666,31.969535737601475,0.0008657197253445041,1177680.9939971631,36928.27459242601
508,252.1201160944,1100.0,1096.625,33.167307887436394,0.000865115514193047,1267605.2873966754,38338.58871248406
509,252.6197843351,1066.0,1063.2916666666667,32.650519499865716,0.0008645106719099771,1229934.6916302603,37767.63036103465
510,253.11945271,1023.0,1020.3958333333334,31.98521929692248,0.0008639052129006169,1181143.276016693,37023.99154362093
511,253.6191212191,1123.0,1120.2708333333333,33.5120404875455,0.0008632991514091054,1297662.3821589425,38818.572256032036
512,254.1187898624,1074.0,1071.7916666666667,32.77264113470937,0.0008626925015201073,1242379.717892663,37988.78636010204
513,254.6184586399,1023.0,1020.1041666666666,31.985314284232242,0.0008620852771608331,1183298.4435440637,37102.26253900514
514,255.1181275516,1060.0,1057.2708333333333,32.558514364738585,0.0008614774921026479,1227276.2121187907,37793.80734053947
515,255.6177965975,1064.0,1061.125,32.6199309599719,0.0008608691599630144,1232620.5297511055,37891.85683149964
516,256.11746577759993,1025.0,1022.0208333333334,32.01659048012799,0.0008602602942072355,1188036.7375029982,37217.32909878465
517,256.61713509189997,1096.0,1093.5833333333333,33.10665110249332,0.0008596509081501728,1272124.909036093,38511.73864718341
518,257.1168045404,1041.0,1037.75,32.26558086155173,0.0008590410149580008,1208033.1229012813,37560.00039547497
519,257.6164741231,1046.0,1043.5,32.34272844602528,0.0008584306276498892,1215590.3650091938,37676.57793684438
520,258.11614383999995,1074.0,1071.3958333333333,32.77276694867589,0.0008578197590996765,1248975.4659624712,38204.723779121734
521,258.6158136911,976.0,973.1875,31.241936459669077,0.0008572084220376352,1135298.574979788,36446.13801787568
522,259.1154836764,1024.0,1021.125,32.00093585871097,0.0008565966290519213,1192072.1671881645,37358.2323037268
523,259.61515379589997,1046.0,1043.2708333333333,32.34280225396199,0.0008559843925903721,1218796.5602692787,37784.33641305831
524,260.1148240496,1013.0,1010.5416666666666,31.828465487324046,0.000855371724962023,1181406.442575049,37210.09773702442
525,260.6144944375,1077.0,1074.625,32.81843200347431,0.0008547586383386844,1257226.252885434,38394.96968086859
526,261.1141649596,1033.0,1030.6458333333333,32.1410803355906,0.0008541451447565644,1206640.1590646193,37629.52998433418
527,261.6138356159,1075.0,1072.3125,32.78804644353386,0.0008535312561177018,1256324.8180007227,38414.58201855515
528,262.11350640639995,1004.0,1001.4583333333334,31.686794590000563,0.0008529169841915801,1174156.8662541586,37151.08876631674
529,262.61317733109996,1040.0,1037.5625,32.2498183134417,0.000852302340616585,1217364.367730577,37838.472073315046
530,263.11284839,1033.0,1030.8125,32.141026320213655,0.0008516873369014743,1210317.983299131,37738.05823759925
531,263.6125195831,994.0,991.2916666666666,31.528660352306613,0.0008510719844269296,1164756.5479836045,37045.82095195681
532,264.1121909104,996.0,993.3333333333334,31.5603478364158,0.0008504562944468477,1168000.4484879677,37109.899759097236
533,264.6118623719,995.0,992.4375,31.544466795567597,0.0008498402780899114,1167792.967203894,37118.11220158508
534,265.1115339676,1044.0,1041.4791666666667,32.31180151834792,0.0008492239463609404,1226389.3065304747,38048.6226946486
535,265.6112056975,944.0,941.5833333333334,30.725402311804185,0.0008486073101422698,1109563.0712578662,36206.85556745091
536,266.1108775616,989.0,986.7083333333334,31.44912944829404,0.0008479903801951544,1163584.34762698,37086.658272062494
537,266.61054955989994,991.0,988.5625,31.480959026846687,0.00084737316716113,1166620.018559099,37151.23424584497
538,267.1102216924,988.0,985.2083333333334,31.433392431015495,0.0008467556815632999,1163509.5633659274,37122.151188855845
539,267.60989395909996,1007.0,1004.5625,31.73406342166096,0.0008461379338077302,1187232.5537744642,37504.59842741427
540,268.10956636,962.0,959.5,31.016964444209133,0.0008455199341846732,1134804.7056102075,36683.89495052946
541,268.60923889509996,966.0,963.2083333333334,31.08147615095239,0.0008449016928700056,1140024.148917796,36787.09181582207
542,269.1089115644,972.0,969.4791666666666,31.177756772434915,0.0008442832199263514,1148286.6694321325,36928.07820479319
543,269.6085843679,940.0,937.6041666666666,30.660233417155265,0.0008436645253043737,1111347.1510828333,36341.73595967401
544,270.1082573056,1007.0,1004.4166666666666,31.734111291234303,0.0008430456188441218,1191414.3721472588,37642.223127550475
545,270.60793037749994,987.0,984.6875,31.4173228821829,0.0008424265102761286,1168870.5044161554,37293.84403143368
546,271.10760358359994,924.0,921.2291666666666,30.398317810274378,0.0008418072092227112,1094346.9675405729,36110.78341600672
547,271.6072769239,1000.0,997.3125,31.62366186233551,0.0008411877251991451,1185600.3958734581,37594.06005936289
548,272.1069503984,990.0,987.4791666666666,31.465099989688753,0.0008405680676148095,1174775.9696234134,37433.13742452044
549,272.6066240071,960.0,957.4166666666666,30.984735265037276,0.0008399482457744693,1139851.974789097,36888.86240421633
550,273.10629774999995,920.0,917.2916666666666,30.332431877630768,0.0008393282688792747,1092887.849341109,36138.9375317152
551,273.6059716271,982.0,979.625,31.337668693868512,0.0008387081460280481,1168016.5557462457,37364.211665616174
552,274.1056456384,1008.0,1005.6041666666666,31.74980178197093,0.0008380878862183238,1199879.133445325,37883.61853699438
553,274.6053197839,905.0,902.625,30.084040273318784,0.0008374674983475132,1077803.0213483572,35922.636201023284
554,275.1049940636,984.0,981.3958333333334,31.369639039558972,0.0008368469912139466,1172730.312275726,37485.51332430982
555,275.6046684775,915.0,912.4166666666666,30.24985651940261,0.0008362263735180171,1091112.0428169656,36174.243574907836
556,276.1043430256,951.0,948.5833333333334,30.839104189684598,0.0008356056538632681,1135204.5416970719,36906.289524377564
557,276.60401770789997,980.0,977.6041666666666,31.305748884101856,0.0008349848407573758,1170804.688837138,37492.59550114212
558,277.10369252439995,933.0,930.9166666666666,30.545759161916042,0.0008343639426132963,1115720.154146354,36609.6347191661
559,277.60336747509996,930.0,927.8125,30.496648552204334,0.0008337429677501783,1112827.9768327936,36577.997934421335
560,278.10304256,910.0,907.4583333333334,30.167083905954332,0.0008331219243945456,1089226.326618172,36209.686748884495
561,278.6027177791,971.0,968.25,31.161792176745333,0.000832500820681176,1163061.9165128872,37431.545294151016
562,279.1023931324,899.0,896.2083333333334,29.98429855311313,0.0008318796646541638,1077329.2958253918,36044.03356292939
563,279.60206861989997,902.0,899.7916666666666,30.034080757440282,0.0008312584642678986,1082445.118269113,36130.85706608922
564,280.1017442416,924.0,921.9166666666666,30.39808222203792,0.0008306372273880262,1109890.860015596,36596.09901861246
565,280.6014199975,966.0,963.5833333333334,31.081350472947957,0.0008300159617924316,1160921.4493326864,37446.69006825763
566,281.10109588759997,893.0,890.8333333333334,29.883860843085333,0.000829394675172183,1074076.5042268876,36030.929227850924
567,281.6007719119,901.0,898.7291666666666,30.017450075377454,0.0008287733751324949,1084408.8307288925,36219.12934953853
568,282.1004480704,909.0,906.4583333333334,30.15050499392819,0.0008281520691935868,1094555.416876513,36406.96692732682
569,282.6001243631,936.0,933.875,30.594840591729408,0.0008275307647917156,1128507.893280621,36971.24251257286
570,283.09980078999996,950.0,947.9583333333334,30.822760011430226,0.0008269094692799864,1146387.0817185678,37274.64874512621
571,283.59947735109995,885.0,882.8541666666666,29.749700920532145,0.0008262881899292874,1068457.9271818227,36004.02533053036
572,284.09915404640003,940.0,937.8958333333334,30.660134324649583,0.0008256669339292204,1135925.1470445027,37133.78005673883
573,284.5988308759,882.0,879.6458333333334,29.699310516220553,0.0008250457083888578,1066178.3030798356,35997.16987100886
574,285.09850783959996,927.0,924.7291666666666,30.447451601534368,0.000824424520337769,1121666.2579223171,36931.763733883075
575,285.5981849375,884.0,881.875,29.73288197994492,0.0008238033767267261,1070492.091819305,36092.20697550986
576,286.0978621696,867.0,864.6458333333334,29.445696547014965,0.000823182284428666,1050369.8265730357,35770.56637880868
577,286.5975395359,918.0,916.0208333333334,30.29919524738056,0.0008225612502394546,1113620.2113419175,36835.184296075466
578,287.09721703639997,935.0,932.7708333333334,30.578529084509974,0.0008219402808787349,1134840.1520559494,37202.85986205533
579,287.59689467109996,886.0,883.4583333333334,29.766641587335457,0.0008213193829907572,1075657.4745823033,36242.46816012431
580,288.09657243999993,927.0,924.75,30.447444474044122,0.0008206985631451974,1126783.9880894173,37099.42461378159
581,288.5962503431,842.0,839.7916666666666,29.0180289982701,0.0008200778278378528,1024038.9852762994,35384.48182994602
582,289.0959283804,877.0,874.7708333333334,29.614969879644015,0.00081945718349161,1067500.3538391578,36139.74039919711
583,289.59560655189995,897.0,894.7083333333334,29.950755300251704,0.0008188366364570896,1092657.9167299138,36577.204739936235
584,290.09528485759995,880.0,877.6458333333334,29.665620592512283,0.0008182161930134376,1072633.1754704344,36256.457456868106
585,290.5949632975,885.0,882.7291666666666,29.749744688446956,0.0008175958593690714,1079664.429010022,36386.85830846118
586,291.0946418716,886.0,883.6041666666666,29.766590553747406,0.0008169756416625695,1081555.093697171,36435.10165513811
587,291.5943205799,876.0,873.7291666666666,29.5980963750674,0.0008163555459632059,1070280.1873364705,36256.37936978188
588,292.0939994224,874.0,871.7916666666666,29.56426909200436,0.0008157355782718541,1068718.4547149066,36242.46616119972
589,292.59367839909993,913.0,910.2083333333334,30.21685224708593,0.0008151157445215906,1116661.4550766097,37070.627638067366
590,293.09335751,857.0,853.6875,29.275740988345053,0.0008144960505785282,1048117.4210650064,35943.37991884773
591,293.5930367551,915.0,912.0416666666666,30.249985651970885,0.000813876502242441,1120614.3243523496,37167.78352566307
592,294.09271613439995,879.0,876.1458333333334,29.648936942250653,0.0008132571052474967,1077329.4542157096,36457.02785864707
593,294.59239564789993,906.0,903.7708333333334,30.10060532567779,0.0008126378652629731,1112144.624273531,37040.61379903471
594,295.0920752956,867.0,865.1458333333334,29.44551966721291,0.0008120187878938897,1065425.8820503866,36262.116229582476
595,295.5917550775,868.0,865.4791666666666,29.4627309895249,0.000811399878681742,1066649.3666141357,36310.98766910361
596,296.0914349936,889.0,886.5208333333334,29.816969150226445,0.0008107811431051163,1093415.7027112772,36775.607577692186
597,296.59111504389995,898.0,895.7708333333334,29.96742299518299,0.00081016258658043,1105667.9834034827,36989.39384706817
598,297.0907952284,847.0,844.9166666666666,29.10401008070499,0.0008095442144624717,1043694.2807721526,35951.10626543076
599,297.59047554709997,843.0,840.9791666666666,29.0351872853344,0.000808926032045223,1039624.3084678621,35893.5009322474
600,298.090156,838.0,835.5833333333334,28.949099247165222,0.0008083080445622958,1033743.6809574341,35814.43911379275
601,298.58983658709997,859.0,856.625,29.309545871041173,0.0008076902571877142,1060586.0258642603,36288.10129899757
602,299.0895173084,827.0,825.125,28.75828684918488,0.0008070726750364708,1022367.6572406734,35632.83423997142
603,299.5891981639,854.0,851.6875,29.224102673706398,0.0008064553031651753,1056087.6674222334,36237.72149430682
604,300.0888791536,863.0,860.7291666666666,29.377666841118916,0.0008058450354082236,1068107.5502694384,36455.727280415435
605,300.58856027749994,896.0,893.9166666666666,29.933984077930184,0.0008052667621429225,1110087.623991626,37172.75502377852
606,301.08824153559993,851.0,848.9791666666666,29.172625879314406,0.0008046886019416316,1055040.6264214087,36253.310670641826
607,301.58792292789997,818.0,815.7708333333334,28.60151116588461,0.0008041105599393787,1014500.8335605414,35569.12766826598
608,302.0876044544,857.0,854.8958333333334,29.275311045410866,0.0008035326412156066,1063921.7244989863,36433.25677613091
609,302.58728611509997,832.0,830.0625,28.845109890297408,0.0008029548507945341,1033759.867293463,35923.70089271495
610,303.08696790999994,846.0,843.75,29.08688493118505,0.0008023771936457973,1051562.7895232358,36250.886941366894
611,303.5866498391,840.0,837.9583333333334,28.983487276761952,0.0008017996746850927,1045096.873682871,36148.040703739665
612,304.0863319024,863.0,860.9583333333334,29.377585583608163,0.0008012222987745392,1074556.1308642556,36665.96103046666
613,304.58601409989996,881.0,879.0625,29.682324110206284,0.0008006450707234491,1097942.8115453133,37073.01174462468
614,305.08569643159996,850.0,847.8958333333334,29.15551125954672,0.0008000679952886746,1059779.7166319618,36441.291779240644
615,305.5853788975,836.0,833.5208333333334,28.914557740099635,0.0007994910771752229,1042564.2726099521,36166.204433776926
616,306.0850614976,859.0,857.1666666666666,29.309353361076468,0.0007989143210368064,1072914.3840534266,36686.4788742799
617,306.5847442319,809.0,807.2708333333334,28.44355857317357,0.0007983377314762711,1011189.6275283686,35628.47833908122
618,307.0844271004,804.0,801.9375,28.35565144287819,0.0007977613130462633,1005234.882771878,35544.02924679528
619,307.58411010309993,849.0,846.8333333333334,29.13837913969974,0.0007971850702495561,1062279.469268328,36551.586610343904
620,308.08379324,765.0,762.5416666666666,27.659559202521248,0.0007966090075397115,957234.5522701781,34721.624963727765
621,308.5834765111,807.0,804.9791666666666,28.40848642033652,0.0007960331293214798,1011238.2726492957,35687.56798420093
622,309.08315991639995,763.0,760.5833333333334,27.62336596474481,0.0007954574399512749,956158.4254965574,34726.3908505738
623,309.58284345589993,864.0,861.9375,29.394607817591307,0.0007948819437378248,1084359.1388513062,36979.840904886005
624,310.0825271296,840.0,837.9375,28.983494764261952,0.0007943066449424383,1054929.485149559,36489.04985097075
625,310.5822109375,828.0,825.875,28.77575838850009,0.0007937315477796448,1040496.629257426,36253.76674140814
626,311.0818948796,762.0,759.9791666666666,27.60511004677294,0.0007931566564175452,958170.3192144519,34804.10814612221
627,311.58157895589994,822.0,819.375,28.67149608060242,0.000792581974978393,1033804.7367558887,36174.80208452135
628,312.0812631664,807.0,805.1458333333334,28.408425307859325,0.0007920075075389717,1016588.6379476209,35868.88386466646
629,312.58094751109996,820.0,817.9791666666666,28.63637722712921,0.0007914332581310774,1033541.5630602583,36182.93385187313
630,313.08063199,834.0,832.1041666666666,28.87974197474378,0.0007908592307419419,1052152.057308645,36516.91837452583
631,313.58031660309996,814.0,811.9375,28.53143825239099,0.0007902854293147903,1027397.785511474,36102.70061176367
632,314.0800013504,789.0,787.1666666666666,28.089823681263013,0.0007897118577491486,996777.0636118642,35569.71242818254
633,314.5796862319,789.0,787.3958333333334,28.08973869830207,0.0007891385199012913,997791.6594818159,35595.44742767804
634,315.07937124759997,794.0,791.7291666666666,28.17884506199248,0.0007885654195848081,1004012.0286830792,35734.31494983521
635,315.5790563975,804.0,801.9791666666666,28.355636136303563,0.0007879925605708599,1017749.6676944186,35984.649545119275
636,316.0787416816,837.0,834.9166666666666,28.93170238298773,0.0007874199465887283,1060319.4271159936,36742.404746445725
637,316.5784270999,835.0,832.9791666666666,28.897095021722244,0.0007868475813261418,1058628.3626401639,36725.149454001614
638,317.07811265239997,838.0,835.9791666666666,28.948956815305873,0.0007862754684298093,1063214.1027318523,36817.830363087494
639,317.57779833909996,825.0,822.9583333333334,28.723553657620815,0.0007857036115056485,1047415.7446677551,36557.74675971986
640,318.0774841599999,770.0,767.875,27.74967154460271,0.0007851320141194139,978020.2388782109,35343.95623355915
641,318.5771701151,817.0,815.1458333333334,28.583887567512964,0.0007845606797968767,1038983.7960581649,36432.98511329086
642,319.0768562044,811.0,809.0416666666666,28.47877803928938,0.0007839896120243948,1031954.5747265491,36325.45330001544
643,319.5765424279,845.0,842.875,29.06964517900646,0.0007834188142491782,1075893.231907896,37106.13614362397
644,320.07622878559994,847.0,845.1875,29.10391314611605,0.0007828482898798358,1079631.2784048275,37176.95180835534
645,320.5759152775,846.0,843.875,29.08684016584361,0.000782278042286509,1078740.4917226746,37182.2275374445
646,321.0756019036,830.0,828.0,28.81044370825737,0.0007817080748015448,1059218.9420714471,36855.75809815139
647,321.5752886639,800.0,798.1875,28.284938755752446,0.000781138390719605,1021825.9779354704,36209.89454851351
648,322.07497555839996,807.0,804.9166666666666,28.408509337481576,0.0007805689932983007,1031192.2118062678,36394.61672368151
649,322.57466258709997,768.0,765.9791666666666,27.71357249966962,0.0007799998857582789,982024.7164805903,35530.226357312604
650,323.07434975,775.0,772.7916666666666,27.839648111002486,0.0007794310712837918,991481.7296079954,35717.90904505273
651,323.5740370471,773.0,770.75,27.80372052441903,0.0007788625530230232,989584.1018527137,35697.852485658215
652,324.0737244784,796.0,794.0,28.214210367590773,0.0007782943340883626,1020179.5968745345,36251.33722788673
653,324.57341204389996,828.0,826.1666666666666,28.775652806573206,0.0007777264175568241,1062284.4332098353,36999.71115417425
654,325.0730997436,807.0,804.8541666666666,28.40853225460814,0.0007771588064704295,1035636.6806444867,36554.34644513556
655,325.5727875775,783.0,781.1041666666666,27.982842895741985,0.0007765915038364123,1005810.8578422008,36032.89857989037
656,326.07247554559996,828.0,825.8541666666666,28.775765930051474,0.000776024512627723,1064211.4433604858,37081.00125937114
657,326.57216364789997,814.0,812.1666666666666,28.53135458481501,0.000775457835783296,1047338.2680391524,36792.91544716324
658,327.0718518844,776.0,774.1875,27.857454306103897,0.000774891476208345,999091.5163865401,35950.136453190076
659,327.5715402551,762.0,759.875,27.605149353577737,0.0007743254367747715,981338.0316744332,35650.57796442669
660,328.07122876,764.0,762.0416666666666,27.641287933291224,0.000773759720321444,984855.6944138816,35723.348227287104
661,328.5709173991,748.0,746.125,27.350302786258144,0.0007731943296545067,964990.2636163896,35373.1290275749
662,329.0706061724,756.0,753.875,27.496259215270236,0.0007726292675477734,975726.6928195757,35587.90790121095
663,329.5702950799,779.0,776.625,27.91145784739068,0.0007720645367429559,1005906.8420319925,36151.71597589291
664,330.0699841216,762.0,760.3541666666666,27.60496854181226,0.0007715001399500476,985552.8564335677,35780.89894267498
665,330.56967329749995,790.0,788.0416666666666,28.107664410461272,0.0007709360798476086,1022188.0740390816,36459.13733343149
666,331.06936260759994,748.0,746.0625,27.350326590067134,0.0007703723590830327,968444.0143829037,35502.73613479848
667,331.5690520519,770.0,768.25,27.749530776813746,0.0007698089802729745,997974.8479000314,36047.294183257975
668,332.0687416304,783.0,780.9375,27.982904937657917,0.0007692459460034385,1015198.7203277497,36377.05870669981
669,332.5684313431,730.0,728.2916666666666,27.01917079182442,0.0007686832588303377,947453.5295264103,35149.94047475156
670,333.06812118999994,795.0,793.0416666666666,28.19646783927219,0.0007681209212795533,1032443.7789633432,36708.37111467017
671,333.5678111711,805.0,803.3333333333334,28.373133810388698,0.0007675589358474098,1046608.0138151575,36965.41397054266
672,334.0675012864,785.0,782.6875,28.018711195972834,0.0007669973050008579,1020456.6494521445,36530.390671896166
673,334.56719153589995,746.0,743.9166666666666,27.31379510023786,0.0007664360311777462,970618.076923556,35637.410023986005
674,335.06688191959995,759.0,757.0625,27.55068718894927,0.0007658751167871917,988493.4023915541,35972.81930835283
675,335.5665724375,730.0,728.2291666666666,27.01919488735945,0.0007653145642098002,951542.2817264365,35304.69188869705
676,336.0662630896,745.0,742.5208333333334,27.295634253586336,0.000764754375797971,970927.2111827561,35692.0275547363
677,336.5659538759,753.0,750.5833333333334,27.441762830077487,0.0007641945538761317,982188.80195657,35909.39334870675
678,337.06564479639997,739.0,737.125,27.185272897287604,0.0007636351007410256,965284.3344742792,35599.82100208231
679,337.5653358511,762.0,760.1458333333334,27.605047155768855,0.0007630760186620412,996160.0348365742,36176.011931512236
680,338.06502704,763.0,761.0833333333334,27.623177415995347,0.0007625173098813883,998119.4177109527,36226.29553195613
681,338.5647183631,800.0,798.1875,28.284938755752446,0.0007619589766143992,1047546.5536826857,37121.340680872985
682,339.0644098204,743.0,741.1666666666666,27.25872694100817,0.0007614010210497949,973424.8394423877,35800.74912878988
683,339.56410141189997,743.0,740.9791666666666,27.258798592279238,0.0007608434453499652,973891.7660332059,35827.079485111426
684,340.0637931376,685.0,682.6041666666666,26.17345818180021,0.0007602862516511456,897825.214100908,34425.794396463454
685,340.5634849975,768.0,766.5,27.713376733988948,0.0007597294420637908,1008911.8014405458,36477.95543990776
686,341.06317699159996,733.0,731.2291666666666,27.07465405801358,0.0007591730186726886,963191.7213616495,35663.351294214786
687,341.5628691199,757.0,754.6666666666666,27.514516370656256,0.0007586169835372974,994792.7386858502,36269.312403686126
688,342.0625613824,765.0,762.9375,27.659410130188967,0.0007580613386919955,1006432.4099635764,36487.03438420191
689,342.5622537791,713.0,711.0625,26.702815667703163,0.0007575060861462818,938688.8277260481,35250.95858113883
690,343.06194631,742.0,740.0833333333334,27.24040988229721,0.0007569512278849858,977716.0087331077,35987.00798519113
691,343.5616389751,738.0,736.0416666666666,27.16690631284893,0.0007563967658686385,973089.3889021375,35916.211621622584
692,344.0613317744,748.0,746.1458333333334,27.350294851650542,0.0007558427020335184,987170.7847755934,36185.167599114655
693,344.5610247079,728.0,726.375,26.982102478618426,0.000755289038292093,961717.9161536949,35724.207701507294
694,345.0607177756,724.0,721.9375,26.90804654280946,0.0007547357765330679,956543.3658336311,35652.27378833619
695,345.56041097749994,764.0,761.9166666666666,27.641335039715027,0.0007541829186217142,1010254.4725609617,36650.70416899679
696,346.06010431359994,720.0,718.2083333333334,26.8335112571741,0.000753630466400043,952998.0081140897,35605.66146609352
697,346.55979778389997,729.0,727.3333333333334,27.000642996458847,0.0007530784216871145,965813.5359978784,35853.69361131018
698,347.0594913884,710.0,708.3125,26.64648487605823,0.0007525267862791567,941245.5648286319,35409.350686120924
699,347.55918512709997,734.0,732.3125,27.09308318095229,0.0007519755619498286,973851.4614772275,36029.2070006923
700,348.05887899999993,725.0,723.0208333333334,26.926589695668646,0.0007514247504504642,962199.9180887996,35834.04682841055
701,348.5585730071,735.0,733.0625,27.111627848274498,0.0007508743535102342,976278.5166027228,36106.743720212806
702,349.0582671484,760.0,758.1041666666666,27.56881383969535,0.0007503243728364283,1010368.5740619468,36742.527415813245
703,349.5579614239,698.0,694.9791666666666,26.420880644440636,0.0007497748101145443,926917.1987259663,35238.4213073313
704,350.05765583359994,717.0,713.0,26.77841170296202,0.0007492256670086399,951649.1911532148,35741.449982456645
705,350.55735037750003,727.0,724.0208333333334,26.964088450608195,0.0007486769451614499,967067.0881647097,36015.65217798108
706,351.0570450556,704.0,701.8541666666666,26.53384074839357,0.00074812864619464,938146.3605713418,35466.94927852058
707,351.5567398679,764.0,762.3333333333334,27.641178017990157,0.0007475807717089414,1019733.7360492408,36974.16929919622
708,352.05643481439995,771.0,769.25,27.76754325347011,0.000747033323284442,1029739.8737420161,37170.42116861135
709,352.55612989509996,726.0,724.0208333333334,26.945152303130314,0.0007464863024807139,969905.0483944266,36095.97686332157
710,353.05582511,726.0,724.1458333333334,26.94510397961422,0.000745939710836998,970783.3258009412,36122.36161737505
711,353.55552045909997,669.0,667.1666666666666,25.865772643484757,0.0007453935498724957,895052.9110169918,34700.827030109474
712,354.05521594239997,701.0,699.1041666666666,26.47715046087433,0.0007448478210864617,938586.5768485813,35547.06036765176
713,354.55491155989995,707.0,705.3125,26.590132685829154,0.0007443025259584457,947615.3518245314,35724.8991619218
714,355.0546073116,706.0,704.3541666666666,26.57130572994945,0.0007437576659484241,947021.0512297566,35725.75712018549
715,355.55430319749996,757.0,755.0,27.51439017435543,0.0007432132424970814,1015859.1866088351,37020.85565901832
716,356.0539992176,757.0,755.2916666666666,27.514279752117407,0.0007426692570259602,1016996.0039698603,37047.8237678763
717,356.55369537189995,687.0,685.5625,26.211256130080194,0.0007421257109375459,923782.1704545337,35319.15919873853
718,357.0533916604,731.0,729.4375,27.037613653636917,0.0007415826056155931,983622.7204850478,36459.341749517975
719,357.55308808309996,669.0,667.2916666666666,25.865722303422686,0.0007410399424252117,900480.0260601499,34904.62635356952
720,358.05278463999997,694.0,692.2083333333334,26.34458818028646,0.0007404977227131014,934787.9299306404,35576.865900090575
721,358.55248133109995,666.0,664.4791666666666,25.80758965939628,0.0007399559478076836,897998.277647964,34877.19740054544
722,359.0521781564,696.0,694.2291666666666,26.382511107950112,0.0007394146190192655,938890.2366948988,35680.26710500122
723,359.5518751159,682.0,680.2916666666666,26.115811116597126,0.0007388737376403022,920714.3683835269,35345.43154829357
724,360.05157220959995,720.0,718.0,26.83359213125717,0.0007383333049454494,972460.5340037427,36343.46703788437
725,360.55126943749997,648.0,646.0208333333334,25.456653995348425,0.0007377933221917994,875612.1991104054,34503.7739291582
726,361.05096679959996,714.0,712.1666666666666,26.721493117796477,0.0007372537906190713,965972.20079216,36244.63306639423
727,361.5506642959,711.0,709.2291666666666,26.665275028791868,0.0007367147114497048,962691.7389379232,36194.84532393826
728,362.0503619264,723.0,721.2291666666666,26.88934533158275,0.0007361760858890614,979696.5433829003,36525.69792335642
729,362.5500596911,717.0,715.0208333333334,26.77762559748136,0.0007356379151256106,971973.8727866454,36400.55120447274
730,363.04975758999996,678.0,676.4375,26.039058202694914,0.0007351002003310897,920197.6814797928,35422.461034518696
731,363.5494556231,725.0,723.0208333333334,26.926589695668646,0.000734562942660567,984287.1064453259,36656.61324833686
732,364.0491537904,665.0,663.2916666666666,25.788283973110307,0.0007340261432527611,903634.9355724008,35132.650533170636
733,364.54885209189996,656.0,654.1875,25.613234087414003,0.0007334898032300277,891883.5641875203,34919.68664679788
734,365.04855052759996,670.0,668.5,25.88496185046445,0.000732953923698671,912062.7891949604,35315.946901330964
735,365.5482490975,714.0,712.0625,26.721533724382912,0.0007324185057489748,972207.1389660496,36483.968543445444
736,366.0479478016,631.0,628.7916666666666,25.120629111239325,0.0007318835504554415,859141.684869646,34323.25961637898
737,366.5476466399,711.0,709.4375,26.665193644212174,0.0007313490588768632,970039.5336386801,36460.28298055386
738,367.04734561239997,706.0,704.1875,26.571371067686115,0.0007308150320565616,963564.6081586062,36358.54477830393
739,367.5470447191,700.0,698.5833333333334,26.45807086483988,0.0007302814710224159,956594.6296779183,36229.96326032727
740,368.04674396,687.0,685.1875,26.21140515914144,0.0007297483767871916,938936.65514766,35918.41515912707
741,368.5464433351,677.0,675.1458333333334,26.01996595832174,0.0007292157503484117,925851.9622083803,35682.12280918188
742,369.0461428444,679.0,677.6458333333334,26.058169770833015,0.0007286835926888127,929958.956304818,35760.609999025
743,369.54584248789996,670.0,668.1666666666666,25.88509599063609,0.0007281519047762523,917619.8843728658,35549.03286092495
744,370.0455422656,670.0,668.2708333333334,25.885054071907124,0.0007276206875639717,918432.9758004299,35574.928687869855
745,370.5452421775,674.0,672.3125,25.962187046741654,0.0007270899419906467,924662.0826019467,35706.981416441646
746,371.04494222359995,671.0,669.4791666666666,25.904279260920923,0.0007265596689806213,921437.2820968168,35653.34048511828
747,371.54464240389996,664.0,662.3333333333334,25.76887118641836,0.0007260298694439693,912267.3339053971,35492.852664799415
748,372.0443427184,671.0,669.5208333333334,25.904262505854557,0.0007255005442766786,922839.8773991867,35705.366054109596
749,372.54404316709997,647.0,645.2708333333334,25.43690280489265,0.0007249716943607317,890063.4857231533,35086.75304533441
750,373.04374375,650.0,648.5625,25.495684888166206,0.0007244433205643347,895256.3735348899,35193.48465840682
751,373.54344446709996,655.0,653.1666666666666,25.59371396348026,0.0007239154237418833,902269.3055640121,35354.5637019137
752,374.0431453184,667.0,665.3541666666666,25.827006953854415,0.0007233880047342647,919774.9510804832,35702.841054631426
753,374.5428463039,673.0,671.375,25.942896025052146,0.0007228610643689252,928774.6056514003,35889.187153413644
754,375.04254742359996,650.0,648.1458333333334,25.495855123376863,0.0007223346034599518,897293.0692074596,35296.460949334025
755,375.54224867749997,650.0,648.2083333333334,25.495829588167727,0.0007218086228082515,898033.5131096515,35322.146040558866
756,376.04195006559996,678.0,676.625,26.03898319507375,0.0007212831232016293,938085.168271509,36100.91842921819
757,376.5416515879,668.0,666.25,25.846401264650623,0.0007207581054149941,924373.9265566639,35860.02165007763
758,377.0413532444,568.0,566.2083333333334,23.83353365300431,0.0007202335702103859,786145.4349704075,33091.39512344912
759,377.5410550351,661.0,659.2916666666666,25.710612405731954,0.000719709518337174,916052.4487572465,35723.59646588263
760,378.04075695999995,643.0,641.3541666666666,25.35812075439433,0.0007191859505321226,891777.9417021862,35259.4773794343
761,378.5404590191,669.0,667.3333333333334,25.865705523380225,0.0007186628675195429,928576.3373814306,35991.431716314255
762,379.0401612124,687.0,685.4166666666666,26.21131408592692,0.0007181402700114129,954432.8528683871,36498.877977571654
763,379.53986353989995,647.0,645.5833333333334,25.43677483268838,0.0007176181587074354,899619.5616010467,35446.11368043525
764,380.03956600159995,667.0,665.1875,25.827074174529844,0.0007170965342952641,927612.2086599143,36016.17486537114
765,380.5392685975,662.0,660.5208333333334,25.729959501954568,0.0007165753974504971,921774.3669171447,35906.841894794554
766,381.0389713276,629.0,627.1875,25.080625199876234,0.0007160547488369019,875893.2204817435,35026.12787725388
767,381.5386741919,660.0,658.5625,25.69104801125611,0.0007155345891064257,920378.2878231314,35904.69056616762
768,382.03837719039996,649.0,647.2291666666666,25.476202471347865,0.0007150149188993931,905196.7302485553,35630.30895993447
769,382.53808032309996,629.0,627.5,25.080495409780088,0.0007144957388445704,878241.7667245246,35102.372269341184
770,383.03778359,663.0,661.1458333333334,25.749536471016757,0.0007139770495592766,926004.3214854668,36064.935822392916
771,383.53748699109997,691.0,689.5416666666666,26.287456741656168,0.0007134588516495088,966477.1346973327,36845.091599718566
772,384.03719052639997,628.0,626.2291666666666,25.060664244211708,0.0007129411457100098,878374.2815727268,35151.09822880833
773,384.53689419589995,675.0,673.3333333333334,25.98143033441812,0.0007124239323244831,945130.1434195146,36469.05887853375
774,385.0365979996,648.0,646.2916666666666,25.456543172194017,0.0007119072120655306,907831.323679828,35758.2318885832
775,385.53630193749996,638.0,636.2083333333334,25.259400752767057,0.0007113909854948831,894315.9898079837,35507.057676862765
776,386.0360060096,647.0,645.6041666666666,25.4367663011852,0.0007108752531634865,908182.0808835936,35782.320720813266
777,386.53571021589994,649.0,647.4166666666666,25.476125806548982,0.000710360015611578,911392.3256354443,35863.682142378944
778,387.0354145564,602.0,600.2916666666666,24.536413557767112,0.0007098452733687748,845665.512172547,34565.86171423317
779,387.5351190311,633.0,631.3541666666666,25.16017265827968,0.0007093310269542236,890069.8583249917,35470.283551974644
780,388.03482363999996,604.0,602.3541666666666,24.577109028411876,0.0007088172768766158,849801.7561323054,34673.405728356745
781,388.53452838309994,651.0,649.25,25.515416091714698,0.0007083040236344187,916626.16381677,36023.25447876338
782,389.0342332604,623.0,620.7083333333334,24.960924322940354,0.0007077912677158445,876965.2320470953,35265.93991967892
783,389.5339382719,648.0,646.1458333333334,25.456602846260186,0.0007072790095990205,913565.6856261782,35992.30643178901
784,390.0336434176,650.0,648.3541666666666,25.495770005913617,0.000706767249752056,917351.7404691834,36073.78527352236
785,390.53334869749995,662.0,660.125,25.730119752927695,0.0007062559886331606,934682.339865975,36431.719046692975
786,391.03305411159994,635.0,633.1875,25.199955563783572,0.0007057452266906925,897189.9150761208,35706.87354408133
787,391.53275965989997,653.0,651.0,25.554679936690004,0.0007052349643633244,923096.6031125712,36235.6962260945
788,392.0324653424,600.0,598.3125,24.4956150412681,0.0007047252020800416,849001.1400671386,34759.101801621
789,392.53217115909996,618.0,616.6041666666666,24.860190664214766,0.0007042159402603236,875589.6187733695,35301.9425476578
790,393.0318771099999,624.0,622.5208333333334,24.980608799070975,0.0007037071793141799,884630.4992085355,35498.58454395281
791,393.5315831951,642.0,640.1666666666666,25.338472614671243,0.0007031989196422807,910363.5525952191,36033.150658935876
792,394.03128941439996,640.0,638.4791666666666,25.29884748417955,0.000702691161636001,908619.8909634263,36002.79733884647
793,394.5309957679,622.0,620.6458333333334,24.94049341543899,0.0007021839056775217,883879.3203818677,35518.46348767345
794,395.0307022556,636.0,634.2083333333334,25.219780458776576,0.0007016771521399737,903846.3507029207,35942.1428813256
795,395.5304088775,615.0,613.7916666666666,24.79970107906769,0.0007011709013874078,875380.9740994045,35368.982126891584
796,396.03011563359996,635.0,633.5,25.19982638829085,0.0007006651537749856,904140.8675554667,35965.57678446161
797,396.52982252389995,665.0,663.4166666666666,25.78823348178605,0.0007001599096490137,947521.6411622793,36831.91957493475
798,397.0295295484,640.0,638.1458333333334,25.29898473204453,0.0006996551693470898,912086.2123106212,36159.21934179841
799,397.5292367070999,580.0,578.5208333333334,24.083828930886845,0.0006991509331980729,827462.0055029456,34447.25278520622
800,398.02894399999997,625.0,623.25,25.000729156033298,0.0006986472015222454,892081.1514624743,35784.483358067606
801,398.5286514271,679.0,677.5833333333334,26.058194754988094,0.0006981439746314232,970549.5685056301,37324.95832073206
802,399.0283589884,601.0,599.4375,24.515965248860454,0.0006976412528289577,859234.5959606913,35141.22071974303
803,399.52806668389997,618.0,616.9166666666666,24.860059723267852,0.0006971390364098483,884926.2979787881,35660.11717159476
804,400.0277745136,643.0,641.1666666666666,25.35819777595491,0.0006966378585768658,920372.9868722336,36400.8321737756
805,400.5274824775,589.0,587.5416666666666,24.269948124057546,0.0006961462290671615,843991.7392843951,34863.29037015594
806,401.02719057559995,652.0,650.375,25.534953576747824,0.0006956550817201629,934910.154601045,36706.342335064866
807,401.52689880789995,582.0,580.6458333333334,24.12526086502601,0.0006951644168643194,835264.0314250471,34704.395506674395
808,402.0266071744,623.0,621.625,24.96054177764043,0.0006946742348198555,894843.897818092,35931.290562566
809,402.52631567509997,621.0,619.1875,24.920629213899606,0.0006941845358990167,891963.8337925659,35899.14197904982
810,403.02602430999997,668.0,666.6458333333334,25.84624173464211,0.0006936953204060378,961006.6750098997,37258.780583258995
811,403.52573307909995,624.0,622.5,24.980617486363304,0.0006932065886372286,898000.697344452,36036.32437405504
812,404.0254419824,564.0,562.3333333333334,23.749415197478488,0.0006927183408810954,811777.7459422826,34284.3747536274
813,404.52515101989997,617.0,615.7916666666666,24.839991417291415,0.0006922305774183862,889575.9400909566,35883.984654260734
814,405.0248601916,641.0,639.3333333333334,25.318663515719432,0.0006917432985221653,924234.9505939557,36601.241486271014
815,405.52456949749995,650.0,648.7708333333334,25.49559977013463,0.0006912565044578889,938538.4862918947,36882.97991514641
816,406.02427893759995,633.0,631.9375,25.159931148885654,0.0006907701954834369,914830.2925225911,36423.012042778464
817,406.5239885119,571.0,569.3541666666666,23.89632373806575,0.000690284371849237,824811.034242881,34618.08598396731
818,407.0236982204,640.0,638.2916666666666,25.29892468619522,0.0006897990337983567,925329.8937691078,36675.790261530936
819,407.52340806309996,571.0,569.4791666666666,23.896269249148034,0.0006893141815665271,826153.2721878362,34666.730916287925
820,408.02311803999993,587.0,585.2291666666666,24.22884422256066,0.0006888298153821186,849599.064381409,35173.91913287036
821,408.5228281511,611.0,609.5208333333334,24.719037521154057,0.0006883459354664528,885486.2096633081,35910.77719432363
822,409.02253839639997,595.0,593.375,24.393315768190813,0.0006878625420336297,862636.0119068525,35462.48600203356
823,409.5222487759,622.0,620.2708333333334,24.940650037750732,0.0006873796352907195,902370.1045070922,36283.66154199836
824,410.0219592896,606.0,604.5625,24.617675518144814,0.0006868972154378022,880135.3192481278,35838.95081370281
825,410.5216699375,631.0,629.3958333333334,25.120378582714256,0.0006864152826680421,916931.5561957208,36596.473325991996
826,411.02138071959996,626.0,624.3541666666666,25.020677212946186,0.0006859338371677361,910225.0579220064,36476.8084867458
827,411.52109163589995,666.0,664.3541666666666,25.807640112851164,0.0006854528791163857,969219.3101925295,37650.49487591281
828,412.0208026864,674.0,672.4375,25.962136893625175,0.0006849724086867499,981700.126125106,37902.45645572875
829,412.5205138710999,680.0,678.5625,26.07738383957767,0.0006844924260449293,991336.7543316833,38097.403049812536
830,413.02022518999996,690.0,688.375,26.268495468272764,0.0006840129313504193,1006377.1727838081,38403.50710389631
831,413.5199366431,655.0,653.6666666666666,25.593510462181182,0.0006835339247561847,956304.6441328108,37442.92643749956
832,414.0196482304,643.0,641.8125,25.357932478483598,0.0006830554064086827,939619.9693001092,37124.268749747
833,414.51935995189996,631.0,629.6041666666666,25.120292192988344,0.0006825773764479801,922392.3739503684,36802.116594766434
834,415.01907180759997,575.0,573.7708333333334,23.97969156680062,0.0006820998350077673,841183.0701099636,35155.69178597962
835,415.51878379749996,604.0,602.7291666666666,24.576950089350884,0.0006816227822154506,884256.1932974727,36056.526763189206
836,416.0184959216,616.0,614.5625,24.81995060262342,0.0006811462181922062,902247.5403755122,36438.50606481634
837,416.51820817989994,628.0,626.7916666666666,25.060430435471595,0.0006806701430529704,920844.9541438005,36817.29056466249
838,417.0179205724,575.0,573.0416666666666,23.98000831132281,0.0006801945569066387,842467.2924063408,35254.63129310843
839,417.5176330991,601.0,599.3958333333334,24.515982952736955,0.0006797194598559853,881828.2670034629,36067.796202173246
840,418.01734575999996,608.0,606.3958333333334,24.658333685366674,0.000679244851997834,892749.9877986077,36302.569850680746
841,418.51705855509994,597.0,595.5416666666666,24.43420516293592,0.000678770733422974,877382.6527013158,35997.72936543187
842,419.0167714844,534.0,532.4583333333334,23.10913494823109,0.0006782971042164131,784992.785644343,34069.34041820418
843,419.5164845479,619.0,617.6666666666666,24.880268844563915,0.0006778239644572587,911249.3789759106,36706.09206696584
844,420.0161977456,597.0,595.375,24.43427621532233,0.0006773513142188236,878975.1898342955,36073.26907382164
845,420.51591107749994,571.0,569.4375,23.89628741213441,0.0006768791535687378,841269.0758723048,35303.62441529633
846,421.0156245435999,610.0,608.7708333333334,24.698696476512456,0.0006764074825689382,900006.0599880909,36514.52284754288
847,421.5153381439,586.0,584.6666666666666,24.208010611733005,0.000675936301275755,864973.0241787176,35814.04130247638
848,422.01505187839996,621.0,619.5416666666666,24.920481174015165,0.000675465609739945,917206.8240531014,36893.78232536454
849,422.51476574709994,569.0,567.4791666666666,23.85438500627878,0.0006749954080067514,840715.5958918622,35340.07005576575
850,423.01447974999996,590.0,588.4791666666666,24.290567799616742,0.0006745256961159915,872434.0229811968,36011.33053860669
851,423.5141938871,579.0,577.625,24.063014063772922,0.0006740564741020551,856938.5833278786,35698.81009722292
852,424.0139081584,600.0,598.4166666666666,24.495570744751205,0.0006735877419939489,888401.9547256583,36365.82024524321
853,424.51362256389996,586.0,584.4166666666666,24.208118186077808,0.0006731194998154358,868221.2695173876,35964.07204473424
854,425.01333710359995,542.0,540.5416666666666,23.281545952630474,0.0006726517475850075,803598.100513899,34611.5891859602
855,425.5130517775,591.0,589.7291666666666,24.31103608846082,0.0006721844853159254,877332.3091345899,36167.20799057819
856,426.0127665856,598.0,596.5208333333334,24.45466859256576,0.0006717177130163258,888052.8557966361,36406.16901816225
857,426.5124815279,585.0,583.75,24.18731158410679,0.0006712514306892428,869644.3289522734,36033.16205862115
858,427.01219660439995,561.0,559.6666666666666,23.68602494674397,0.0006707856383326452,834345.0346638545,35310.870706206115
859,427.51191181509995,588.0,586.8125,24.249221422209278,0.0006703203359395517,875421.0017774511,36175.57177080188
860,428.01162716,620.0,618.375,24.900478994723507,0.0006698555234979218,923146.8254093131,37172.909860764565
861,428.51134263909995,591.0,589.6666666666666,24.31106286812195,0.0006693912009908935,880899.9368288508,36318.169154501156
862,429.01105825239995,538.0,536.3958333333334,23.195547420547957,0.0006689273683966922,801874.5512221829,34675.733893417804
863,429.5107739998999,528.0,526.5416666666666,22.978911678851208,0.0006684640256888065,787688.8604799659,34375.689335223404
864,430.0104898816,538.0,536.6458333333334,23.19543515016598,0.0006680011728358566,803360.6154538889,34723.644348848524
865,430.5102058975,587.0,585.4583333333334,24.228745697116793,0.0006675388098017994,877040.1431898219,36295.63606093646
866,431.00992204759996,570.0,568.5208333333334,23.875318133424365,0.0006670769365458907,852256.7670786543,35790.95127625042
867,431.50963833189996,562.0,560.1875,23.707335582402898,0.0006666155530227933,840345.6796947037,35563.730061354094
868,432.0093547504,551.0,549.5,23.474054826552656,0.0006661546591825387,824883.5198035098,35238.145531187125
869,432.5090713031,586.0,584.375,24.2081361150888,0.0006656942549706687,877842.9371089409,36365.247160132756
870,433.00878799,530.0,528.6666666666666,23.022332153319695,0.0006652343403281577,794707.4205548037,34607.85283868969
871,433.50850481109995,583.0,581.5416666666666,24.146022072889036,0.0006647749151916096,874794.84164809,36322.10169351738
872,434.0082217664,569.0,567.3333333333334,23.854448688289196,0.0006643159794931334,854011.27000769,35908.28675608542
873,434.50793885589997,563.0,561.4375,23.728306978866687,0.0006638575331605349,845719.8599932622,35743.071056073524
874,435.0076560796,581.0,579.7708333333334,24.104472772472935,0.0006633995761172598,873939.1072973124,36334.7726472052
875,435.50737343749995,605.0,603.4166666666666,24.597418281419518,0.000662942108282491,910210.1965282622,37103.4181930983
876,436.00709092959994,595.0,593.7916666666666,24.39313783856253,0.0006624851295711622,896309.4266750381,36820.65717362233
877,436.50680855589997,565.0,563.7291666666666,23.770285561903638,0.0006620286398939998,851517.7934853811,35905.22241712926
878,437.00652631639997,571.0,569.4583333333334,23.896278330642946,0.0006615726391575772,860764.638118138,36120.41507803529
879,437.50624421109995,575.0,573.75,23.979700616702175,0.0006611171272643507,867849.2453737074,36271.485986043415
880,438.00596224,542.0,540.625,23.281508667466834,0.0006606621041126907,818307.8712015611,35239.66112561475
881,438.5056804031,576.0,574.7708333333334,24.00053348654752,0.0006602075695969736,870591.0986210057,36353.01167661368
882,439.0053987004,550.0,548.75,23.45263400274406,0.0006597535236075019,831750.0102151183,35547.56915053085
883,439.50511713189996,557.0,555.4583333333334,23.601527875448138,0.0006592999660306803,842497.136284526,35797.859990106306
884,440.00483569759996,596.0,594.7291666666666,24.413653468795783,0.0006588468967489479,902681.8971165114,37055.124019349445
885,440.5045543975,563.0,561.4375,23.728306978866687,0.0006583943156409208,852737.4654707685,36039.65954014673
886,441.0042732316,561.0,559.4375,23.686125729703733,0.0006579422225813194,850283.6279531452,36000.3126669321
887,441.5039921999,516.0,514.8958333333334,22.716139713257228,0.0006574906174410948,783122.7087882564,34549.7549480885
888,442.00371130239995,577.0,575.3125,24.021556074700907,0.0006570395000873958,875613.2620998815,36560.29214606685
889,442.50343053909995,576.0,574.625,24.00059678077471,0.0006565888703836548,875167.134137132,36553.46269690925
890,443.00314991,519.0,517.5625,22.78222877412714,0.0006561387281896191,788800.4133333651,34721.66448242825
891,443.50286941509995,554.0,552.2916666666666,23.537960622742528,0.0006556890733613869,842307.2598043246,35898.052261379446
892,444.00258905439995,565.0,563.6875,23.770303821154663,0.0006552399057514062,860276.5110186365,36277.252976367046
893,444.5023088278999,542.0,540.6041666666666,23.28151798876334,0.000654791225208566,825613.0287855824,35555.63528107397
894,445.0020287356,540.0,538.5208333333334,23.238563121936394,0.0006543430315782005,822994.6791585489,35514.34339552397
895,445.5017487775,562.0,560.6666666666666,23.70712504243772,0.0006538953247021426,857425.7155333803,36255.22946388493
896,446.00146895359995,553.0,551.75,23.516505728246845,0.0006534481044186823,844366.9761516035,35988.32955398577
897,446.50118926389996,549.0,547.6458333333334,23.4313510452461,0.0006530013705627774,838659.5465509587,35882.54497085085
898,447.0009097084,512.0,510.6458333333333,22.628040388101567,0.0006525551229658731,782532.8701925442,34676.05967945937
899,447.50063028709997,570.0,569.0208333333334,23.8750999852473,0.0006521093614560797,872584.9787875765,36612.11047781487
900,448.00035099999997,553.0,551.375,23.51667183439584,0.000651664085858186,846103.0950844653,36087.10736824846
901,448.50007184709995,546.0,544.7291666666666,23.367209411789943,0.0006512192959936487,836475.7770813648,35882.24359374302
902,448.9997928284,563.0,561.5416666666666,23.72826124991978,0.0006507749916806741,862881.4472671178,36461.544394384
903,449.4995139439,546.0,544.3958333333334,23.367358005108088,0.0006503311727341489,837105.548922962,35931.474585273354
904,449.9992351936,565.0,563.6666666666666,23.77031295077492,0.0006498878389658803,867329.1495400019,36576.02362370545
905,450.49895657749994,562.0,560.625,23.707143350335006,0.0006494449901843942,863237.0847003132,36503.697324085806
906,450.9986780955999,566.0,564.5625,23.791383900829867,0.0006490026261950992,869892.4737945277,36658.37847269026
907,451.4983997479,499.0,497.625,22.33894907629572,0.0006485607468002971,767275.8526553677,34443.88083384001
908,451.99812153439996,559.0,557.6041666666666,23.643795800613553,0.0006481193517992389,860341.7952553125,36480.62002002595
909,452.49784345509994,603.0,601.7708333333334,24.556579721917483,0.0006476784409880879,929119.7533382173,37914.77092313642
910,452.99756550999996,552.0,550.5416666666666,23.49532681076057,0.0006472380141599602,850601.5632923011,36300.90677114319
911,453.4972876991,546.0,544.8125,23.367172263312767,0.000646798071105068,842322.3944826806,36127.46126992844
912,453.9970100224,556.0,554.5416666666666,23.58029647702599,0.0006463586116105936,857947.3634378632,36481.75494756496
913,454.49673247989995,569.0,567.7916666666666,23.854248544255405,0.0006459196354608171,879043.8244869089,36930.67563619911
914,454.99645507159994,560.0,558.75,23.66486935663636,0.0006454811424371396,865633.344283817,36662.37137042461
915,455.4961777975,552.0,550.7083333333334,23.495252918881768,0.0006450431323180399,853754.2774144373,36424.312951676206
916,455.9959006576,543.0,541.6041666666666,23.30298435525182,0.0006446056048792353,840210.1417782962,36150.76285229874
917,456.49562365189996,543.0,541.6666666666666,23.302956417111066,0.0006441685598935538,840877.2181557182,36175.24646182947
918,456.9953467804,540.0,538.6458333333334,23.238507090722408,0.0006437319971311328,836754.7919535952,36099.66134088027
919,457.49507004309993,497.0,495.7083333333333,22.294100334443243,0.0006432959163592704,770575.9056248823,34656.05760505457
920,457.99479343999997,513.0,511.5208333333333,22.65018357480182,0.0006428603173425734,795695.1448610715,35233.444908268895
921,458.4945169711,584.0,582.4583333333334,24.166756465350403,0.0006424251998429919,906655.4884143486,37618.00824634017
922,458.9942406364,603.0,601.9166666666666,24.556517860731894,0.0006419905636197344,937578.6822673542,38250.59004337216
923,459.49396443589995,572.0,570.7291666666666,23.91707498199653,0.0006415564084294509,889600.9129794659,37279.76942907677
924,459.99368836959997,544.0,542.7916666666666,23.324347227974272,0.0006411227340261179,846626.7656085871,36380.47130461621
925,460.49341243749996,538.0,536.7083333333334,23.19540708248558,0.0006406895401611453,837704.2228570507,36203.81733819395
926,460.9931366396,560.0,558.5833333333334,23.664942718901496,0.0006402568265834141,872436.3570070579,36961.64060473063
927,461.49286097589993,532.0,530.8125,23.065661481590627,0.000639824593039233,829621.9085274384,36049.9764037302
928,461.99258544639997,542.0,540.2291666666666,23.28168577146232,0.0006393928392724147,844909.6290809426,36412.177837267125
929,462.4923100511,542.0,540.8541666666666,23.28140613295893,0.0006389615650243317,846458.0598773117,36436.31699830392
930,462.99203479,557.0,555.7708333333334,23.601389951417882,0.0006385307700338209,870390.0570114985,36962.02447717248
931,463.49175966309997,520.0,518.6666666666666,22.80411756191802,0.0006381004540374104,812829.1766365964,35737.50405227116
932,463.9914846704,568.0,566.9166666666666,23.8332240673486,0.0006376706167691309,889043.1074573399,37375.4465716231
933,464.4912098119,511.0,509.8125,22.60585631165812,0.0006372412579606885,800030.5906612381,35474.56482024062
934,464.99093508759995,582.0,580.8333333333334,24.12517990721635,0.0006368123773413879,912094.9183780629,37884.28235006355
935,465.49066049749996,526.0,524.6458333333334,22.935304920701522,0.0006363839746382786,824417.1038900573,36040.04160183005
936,465.99038604159995,521.0,519.6666666666666,22.82603289618627,0.0006359560495760589,817142.4220480125,35892.46915946875
937,466.49011171989997,498.0,496.625,22.316555420434696,0.000635528601877166,781436.1124473623,35114.95053805306
938,466.9898375324,516.0,515.1875,22.71600596679208,0.0006351016312617834,811189.0674512284,35767.513179994865
939,467.48956347909996,568.0,566.875,23.83324227838084,0.0006346751374478831,893173.4781347874,37551.87634136358
940,467.98928956,550.0,548.9166666666666,23.45255997635321,0.0006342491201512252,865459.0904844889,36976.89004402777
941,468.4890157751,521.0,519.5625,22.826080432625012,0.000633823579085357,819727.3139471363,36013.30273254323
942,468.9887421244,536.0,534.4375,23.152376812831406,0.0006333985139617191,843761.8469567486,36552.622563037265
943,469.48846860789996,525.0,523.7916666666666,22.913427801424888,0.00063297392448958,827509.0748628291,36199.63937677513
944,469.98819522559995,549.0,547.7083333333334,23.431323260162284,0.0006325498103761318,865873.8400500835,37042.6532042265
945,470.4879219775,528.0,526.7708333333334,22.978807794115188,0.0006321261713264458,833331.7891710827,36351.615921702374
946,470.9876488636,561.0,559.8333333333334,23.685951649776612,0.0006317030070435798,886228.6978075311,37495.39164081037
947,471.4873758839,517.0,515.7291666666666,22.738216194205833,0.0006312803172285171,816957.4634147477,36019.20664029642
948,471.98710303839994,573.0,571.5208333333334,23.938062076371644,0.0006308581015801667,905941.9731660639,37945.24000945988
949,472.48683032709994,524.0,522.75,22.891615095197338,0.0006304363597955493,829187.5807568078,36310.746896992256
950,472.98655775,535.0,533.6666666666666,23.13066747367611,0.0006300150915696346,847069.6556444018,36714.465705968745
951,473.4862853071,565.0,563.9791666666666,23.770176006102922,0.0006295942965954625,895781.8863931736,37754.75117014304
952,473.9860129984,556.0,554.8125,23.580176835285464,0.0006291739745641386,881810.9496413092,37477.991443655425
953,474.48574082389996,516.0,514.375,22.716378544272118,0.0006287541251648504,818086.0839125917,36129.192056300555
954,474.98546878359997,552.0,551.2291666666666,23.495022005262687,0.0006283347480849392,877285.823116933,37392.523773150606
955,475.48519687749996,534.0,532.6875,23.10903164890299,0.0006279158430097739,848342.1877789893,36802.752958318466
956,475.9849251056,581.0,579.9791666666666,24.104382741756968,0.0006274974096230082,924273.4037979696,38413.51752549632
957,476.48465346789993,592.0,590.5208333333334,24.331683377280374,0.0006270794476063628,941700.1874123318,38801.59598621406
958,476.9843819644,558.0,556.4166666666666,23.622721818433856,0.0006266619566398055,887905.6096690506,37696.11601300985
959,477.4841105951,588.0,586.7291666666666,24.249257219437556,0.0006262449364014987,936900.4562944717,38721.68190097884
960,477.98383936,583.0,581.7083333333334,24.14595017227987,0.0006258283865678647,929501.3550336184,38582.3824718144
961,478.48356825909997,737.0,735.7708333333334,27.1482155516507,0.0006254123068135432,1176457.2351990698,43408.508684406996
962,478.9832972924,998.0,996.7708333333334,31.591543293085397,0.0006249966968114533,1594841.762234202,50546.736413577906
963,479.4830264599,1129.0,1127.7916666666667,33.600969831406815,0.0006245815562328379,1805675.5845768794,53797.56974264655
964,479.98275576159995,1074.0,1072.7291666666667,32.7723431523357,0.0006241668847472187,1718657.6104579966,52505.73837413397
965,480.48248519749995,831.0,829.5833333333334,28.827582518984986,0.0006237526820224948,1329987.601245161,46216.36643791675
966,480.98221476759994,736.0,734.7916666666666,27.12978388434215,0.0006233389477248268,1178799.54292707,43523.32544495295
967,481.48194447189996,605.0,603.7916666666666,24.597259473589965,0.0006229256815188383,969283.6313867836,39486.6678375117
968,481.98167431039997,621.0,619.8958333333334,24.92033313325129,0.0006225128830674904,995795.991046384,40031.835181392584
969,482.48140428309995,557.0,555.7291666666666,23.60140834133515,0.0006221005520321894,893310.8399458735,37938.253332580134
970,482.98113438999997,584.0,582.7291666666666,24.16663972699648,0.0006216886880727216,937332.7484422594,38872.57431354389
971,483.4808646311,520.0,518.5208333333334,22.80418417686154,0.0006212772908473505,834604.5171329711,36705.32387520436
972,483.9805950064,545.0,543.7708333333334,23.345783508781384,0.0006208663600127935,875825.8916172048,37601.94626795422
973,484.48032551589995,480.0,478.3125,21.909704613481214,0.0006204558952242367,770904.9163391942,35312.26761180649
974,484.98005615959994,533.0,531.375,23.087525942956006,0.0006200458961353824,856993.0118269474,37235.18869628163
975,485.4797869375,518.0,516.7708333333334,22.760175914058504,0.000619636362398416,833990.4897334903,36731.50462952348
976,485.9795178496,452.0,450.6875,21.260934686650067,0.0006192272936641258,727822.4080420731,34334.621397005445
977,486.47924889589996,538.0,536.7291666666666,23.195397726584567,0.0006188186895817519,867344.7904901385,37483.35032069233
978,486.9789800764,520.0,518.5,22.804193693266157,0.0006184105497991874,838439.7713919487,36875.49266530336
979,487.4787113910999,564.0,562.6458333333334,23.749278132304475,0.0006180028739628838,910425.917157021,38429.07392972871
980,487.97844284,503.0,501.6666666666667,22.428280758403613,0.0006175956617178717,812289.8164006803,36315.47653041844
981,488.4781744231,548.0,546.625,23.410011658120407,0.0006171889127078123,885668.8588292602,37930.05865159328
982,488.97790614039997,566.0,564.3958333333334,23.79145687298045,0.0006167826265750109,915064.4149421313,38573.487397163284
983,489.47763799189994,561.0,559.7083333333334,23.686006622523394,0.000616376802960425,908061.9689856659,38427.80342926723
984,489.9773699776,503.0,502.0416666666667,22.428106591457464,0.000615971441503679,815040.4918791485,36410.95200242901
985,490.4771020975,544.0,542.8958333333334,23.32430070703562,0.0006155665418430762,881944.9993299531,37890.78697682303
986,490.97683435159996,546.0,544.8333333333334,23.367162976184243,0.0006151621036156123,885674.4102588213,37985.37464977744
987,491.47656673989997,517.0,515.6458333333334,22.73825437023598,0.000614758126457034,838778.3929024194,36987.31808765308
988,491.9762992624,509.0,507.7083333333333,22.5616247137085,0.0006143546100017731,826409.2513798636,36724.10745586069
989,492.47603191909997,556.0,554.5833333333334,23.58027807064388,0.0006139515538830222,903301.4572986969,38407.39211670225
990,492.97576470999996,490.0,488.5833333333333,22.136610261936873,0.0006135489577327619,796323.304237673,36079.6151357472
991,493.47549763509994,486.0,484.7291666666667,22.046008157814974,0.0006131468211817602,790559.6994410158,35955.51244206759
992,493.9752306944,497.0,495.6458333333333,22.29412953684345,0.0006127451438595032,808893.9395119553,36384.0166833787
993,494.4749638879,508.0,507.0208333333333,22.53930787104066,0.0006123439253943947,828000.1030577293,36808.24931271047
994,494.9746972156,533.0,531.875,23.087300351058804,0.0006119431654135786,869157.5134114539,37727.850650076914
995,495.4744306775,522.0,520.6458333333334,22.847936707842035,0.000611542863543065,851364.416742424,37361.137002677286
996,495.97416427359997,532.0,530.7291666666666,23.065699115666202,0.0006111430194077197,868420.5657474662,37741.90064057344
997,496.4738980039,534.0,532.4791666666666,23.109125557402166,0.0006107436326312936,871853.8159334766,37837.6856060539
998,496.9736318684,507.0,505.9791666666667,22.51713275177617,0.0006103447028363841,829005.5837550296,36892.484930458006
999,497.4733658671,542.0,540.7916666666666,23.281434096960417,0.0006099462296445182,886621.8699012937,38169.64998788341
1000,497.97309999999993,502.0,500.75,22.405937643104043,0.0006095482126760981,821510.07842605,36758.26977612699
1001,498.4728342671,536.0,534.5,23.152348692951218,0.0006091506515505295,877451.2489471791,38007.59078894413
1002,498.97256866839996,511.0,509.7291666666667,22.605894711212922,0.0006087535458860394,837332.5627611041,37134.72367263191
1003,499.47230320389997,481.0,479.8125,21.93227620616094,0.0006083568952999236,788702.3286938329,36051.66042434383
1004,499.97203787359996,510.0,508.6666666666667,22.583794583235512,0.0006079606994083738,836676.8890845521,37146.80012246274
1005,500.4717726775,558.0,556.8541666666666,23.622528897808078,0.0006075731459038448,916522.0194817415,38880.13987627196
1006,500.9715076156,541.0,539.625,23.260022481359158,0.0006071865133137649,888730.2141395682,38307.870763492225
1007,501.4712426879,512.0,510.8958333333333,22.627925301985208,0.0006068003154608522,841950.5071372921,37290.562851470786
1008,501.97097789439994,512.0,510.6875,22.62802120712282,0.0006064145520050703,842142.5546459018,37314.4429537595
1009,502.47071323509994,514.0,512.7708333333334,22.672132842740865,0.0006060292226052548,846115.6891560219,37410.956430905746
1010,502.97044870999997,536.0,534.8333333333334,23.152198719680072,0.000605644326919208,883081.553911227,38227.38477127441
1011,503.4701843191,522.0,520.9375,22.847803732890096,0.000605259864603646,860684.0308850408,37748.750692154295
1012,503.9699200624,540.0,539.0208333333334,23.23833899626984,0.0006048758353141831,891126.412833729,38418.36231430776
1013,504.46965593989995,542.0,540.875,23.28139681161764,0.0006044922387054896,894759.2133825822,38513.97143075712
1014,504.9693919516,498.0,496.6458333333333,22.316545696087363,0.0006041090744311252,822112.8507314884,36941.25223512378
1015,505.4691280975,545.0,543.6041666666666,23.345857873745206,0.0006037263421436535,900414.8547444346,38669.602838350525
1016,505.96886437759997,533.0,531.8333333333334,23.087319150467764,0.0006033440414946429,881476.0679758126,38265.595684469445
1017,506.4686007919,521.0,519.5,22.826108954440745,0.0006029621721346942,861579.7541009757,37856.618556398724
1018,506.9683373404,527.0,525.625,22.957104474069318,0.0006025807337134032,872289.754039822,38097.9729182448
1019,507.4680740231,542.0,540.1458333333334,23.281723056342333,0.0006021997258794024,896954.6316955714,38661.13193981223
1020,507.96781083999997,545.0,542.4166666666666,23.346387717256057,0.0006018191482803728,901295.1286388249,38793.02907520574
1021,508.46754779109995,606.0,602.4583333333334,24.61856585429424,0.000601439000563062,1001694.8231978922,40932.77261907949
1022,508.9672848764,673.0,669.5208333333334,25.943640504734272,0.0006010592823732982,1113901.495189814,43163.19748410695
1023,509.4670220959,635.0,631.9791666666666,25.200455036125398,0.0006006799933559572,1052106.2356943889,41953.21188463797
1024,509.9667594496,800.0,797.3541666666666,28.285245650829655,0.0006003011331550739,1328256.9740888507,47118.42788329839
1025,510.46649693750004,831.0,829.1875,28.827725550529763,0.0005999227014136997,1382157.231333378,48052.3998885158
1026,510.9662345596,802.0,800.4166666666666,28.320186901062485,0.0005995446977741198,1335040.8562335847,47236.15604675433
1027,511.4659723159,879.0,877.6458333333334,29.648409937221853,0.0005991671218776242,1464776.355857167,49482.704999419744
1028,511.9657102064,773.0,771.5208333333334,27.803431730134,0.0005987899733647732,1288466.5202356942,46432.69421145868
1029,512.4654482311,740.0,738.9375,27.20334787147837,0.0005984132518751469,1234828.1019588318,45459.133443712715
1030,512.96518639,698.0,696.9791666666666,26.420092114924792,0.0005980369570476336,1165444.9753531744,44178.02579518582
1031,513.4649246831,602.0,600.6458333333334,24.536263199712288,0.000597661088520198,1004994.042393701,41053.80736842647
1032,513.9646631104,551.0,549.8125,23.473916153538024,0.0005972856459299938,920518.5219944865,39300.98825158999
1033,514.4644016719001,576.0,574.6666666666666,24.000578696726834,0.0005969106289134474,962734.8531433067,40207.99351557021
1034,514.9641403676001,523.0,521.7916666666666,22.86974362801453,0.0005965360371061269,874702.6737863905,38337.5725948739
1035,515.4638791975001,476.0,474.7291666666667,21.818030976567165,0.0005961618701428385,796309.174474582,36597.494857126025
1036,515.9636181616,522.0,520.7708333333334,22.847879718671685,0.0005957881276576207,874087.2957317518,38349.00136143967
1037,516.4633572599,529.0,527.75,23.000566116221282,0.0005954148092837746,886356.8587332104,38629.48276998467
1038,516.9630964924,527.0,526.0,22.956934319140558,0.0005950419146538066,883971.3422642252,38580.36510335045
1039,517.4628358591,512.0,510.7708333333333,22.627982845116552,0.0005946694433995713,858915.5521652309,38051.36298202616
1040,517.96257536,488.0,486.6458333333333,22.091360569361854,0.0005942973951520973,818859.105395855,37172.231865004316
1041,518.4623149951,486.0,485.0625,22.04585065834385,0.0005939257695417431,816705.596684685,37118.865334558264
1042,518.9620547644,503.0,501.7916666666667,22.428222702905174,0.0005935545661981975,845401.0721890568,37786.28618184369
1043,519.4617946679001,478.0,476.5625,21.863895991260723,0.000593183784750385,803397.7196469391,36858.553037590485
1044,519.9615347056,518.0,516.8125,22.760156844436143,0.0005928134248266063,871796.2150590027,38393.45718443088
1045,520.4612748775,505.0,503.8541666666667,22.472736182489612,0.0005924434860544393,850467.8986720563,37932.286726880484
1046,520.9610151836,527.0,526.0,22.956934319140558,0.0005920739680608066,888402.5111301284,38773.760640634784
1047,521.4607556239,484.0,482.7916666666667,22.00057212008613,0.0005917048704719869,815933.230837794,37181.66474198002
1048,521.9604961983999,512.0,510.8958333333333,22.627925301985208,0.0005913361929136518,863968.4826596356,38265.75402140046
1049,522.4602369071,554.0,553.125,23.537591830233325,0.0005909679350107377,935964.486787172,39828.8814600502
1050,522.9599777500001,492.0,490.9166666666667,22.181581761552636,0.0005906000963876374,831216.7059729974,37557.70088292344
1051,523.4597187271,515.0,513.8541666666666,22.694137382323607,0.0005902326766681271,870595.9310273732,38449.47641738911
1052,523.9594598384001,544.0,542.8333333333334,23.324328619609943,0.000589865675475296,920266.0129290192,39541.76279339513
1053,524.4592010839001,497.0,495.875,22.29402246118901,0.000589499092431733,841180.2602688906,37818.58657190514
1054,524.9589424636,495.0,494.0208333333333,22.24905389686392,0.000589132927159374,838555.800497108,37765.76197182243
1055,525.4586839775,533.0,531.8541666666666,23.0873097507652,0.0005887671792795938,903335.2832565072,39212.97002155329
1056,525.9584256256001,508.0,507.0,22.539317499279637,0.000588401848413207,861656.0287281044,38305.99370152102
1057,526.4581674079,479.0,477.8333333333333,21.886623895785196,0.0005880369341804476,812590.6819089416,37219.811585965734
1058,526.9579093244,511.0,509.7916666666667,22.605865911552936,0.0005876724362010019,867475.8849712366,38466.77931278887
1059,527.4576513751001,503.0,501.9166666666667,22.42816464725646,0.0005873083540940532,854605.0182461535,38188.056565026745
1060,527.95739356,504.0,502.9375,22.45043731014313,0.0005869446874781453,856873.7578338278,38249.66438763289
1061,528.4571358791001,479.0,477.75,21.88666355721371,0.0005865814359714254,814464.916041552,37312.23358776716
1062,528.9568783324,496.0,494.6041666666667,22.271710303905962,0.0005862185991914272,843719.6761564296,37992.159127372266
1063,529.4566209199,500.0,498.8541666666667,22.361213552215315,0.000585856176755225,851495.9583247539,38168.43525669269
1064,529.9563636416,508.0,506.8541666666667,22.53938489683731,0.0005854941682793756,865686.1060737588,38496.34397397169
1065,530.4561064975,502.0,501.1041666666667,22.40577298810386,0.0005851325733799351,856394.2420298185,38291.788916621226
1066,530.9558494876,544.0,542.8541666666666,23.324319315422215,0.0005847713916724879,928318.6120204426,39886.21818299455
1067,531.4555926119001,523.0,521.7083333333334,22.86978158448878,0.0005844106227721598,892708.5049525669,39133.069614658365
1068,531.9553358704001,506.0,504.9791666666667,22.49491647819816,0.0005840502662935534,864615.9342950385,38515.377487888756
1069,532.4550792631001,484.0,482.9166666666667,22.00051293593957,0.0005836903218508933,827350.8204407581,37692.09821087237
1070,532.9548227900001,519.0,517.4583333333334,22.782276401965532,0.0005833307890578688,887075.2976524258,39055.50131986165
1071,533.4545664511,511.0,510.0625,22.605741112602345,0.000582971667527794,874935.3157470247,38776.740572087205
1072,533.9543102464,488.0,486.9166666666667,22.091232863840908,0.0005826129568735152,835746.3748825892,37917.51042130856
1073,534.4540541759,529.0,527.875,23.000509505226184,0.0005822546567074517,906605.0291208333,39502.49129013419
1074,534.9537982396,520.0,519.0,22.803965298459243,0.0005818967666416017,891910.7816931028,39189.02218699648
1075,535.4535424375,502.0,501.0833333333333,22.4057826737256,0.000581539286287597,861650.0125591264,38528.40762789833
1076,535.9532867696,529.0,527.9791666666666,23.000462329290492,0.0005811822152565409,908457.1977716321,39575.30310719816
1077,536.4530312359001,484.0,482.9583333333333,22.00049320785534,0.0005808255531593426,831503.2468980224,37877.97056824696
1078,536.9527758364001,489.0,487.9791666666667,22.11382525392455,0.0005804692996063254,840663.1789099171,38096.45965587182
1079,537.4525205711001,514.0,512.8333333333334,22.67210412722109,0.000580113454207533,884022.4780407689,39082.18980749625
1080,537.95226544,501.0,499.8541666666667,22.383562529851627,0.0005797580165726291,862177.2401210903,38608.45713212752
1081,538.4520104431,504.0,502.8541666666667,22.4504759755284,0.0005794029863108693,867883.2842550598,38747.601420685394
1082,538.9517555804,530.0,528.8958333333334,23.022228464512775,0.0005790483630312229,913388.0122977133,39758.731626483146
1083,539.4515008518999,490.0,488.8125,22.136502424351804,0.000578694146342219,844681.9500243118,38252.50793406345
1084,539.9512462576001,512.0,510.75,22.627992435624215,0.0005783403358521236,883130.5173405616,39125.737965836764
1085,540.4509917975,564.0,562.9166666666666,23.749159341847122,0.0005779869311687973,973926.2884860463,41089.44002215049
1086,540.9507374716001,498.0,496.9791666666667,22.316390105953765,0.0005776339318998208,860370.4512858464,38634.139847975726
1087,541.4504832799,524.0,522.8541666666666,22.89156769484733,0.0005772813376524247,905718.1179507865,39654.09273048441
1088,541.9502292224,523.0,521.7916666666666,22.86974362801453,0.0005769291480335186,904429.371345182,39640.47180830918
1089,542.4499752991001,518.0,516.9791666666666,22.76008056578691,0.0005765773626497442,896634.5197647277,39474.4609139521
1090,542.94972151,518.0,516.7916666666666,22.76016637924932,0.0005762259811073736,896855.8926716773,39498.681290818444
1091,543.4494678551,518.0,516.8958333333334,22.76011870514348,0.0005758750030124209,897583.3829032939,39522.67173620066
1092,543.9492143343999,521.0,519.9583333333334,22.825899793631113,0.0005755244279706591,903451.3707206906,39661.04423076687
1093,544.4489609479001,479.0,478.2083333333333,21.886445418467467,0.0005751742555874583,831414.703783833,38051.85160123968
1094,544.9487076956001,536.0,534.7708333333334,23.15222683974241,0.0005748244854680226,930320.2053021846,40277.036599949024
1095,545.4484545775,547.0,546.0625,23.38844867129926,0.0005744751172172495,950541.6050831237,40712.72709702836
1096,545.9482015936001,506.0,504.8541666666667,22.494974361571916,0.0005741261504397697,879343.6186105754,39181.23977516299
1097,546.4479487439,495.0,493.7083333333333,22.24920020410222,0.0005737775847399499,860452.4583460229,38776.69814199191
1098,546.9476960284001,492.0,490.7916666666667,22.181640462578756,0.0005734294197218988,855888.5362119898,38682.42489779541
1099,547.4474434471,499.0,497.7291666666667,22.33890050325764,0.0005730816549895176,868513.5221712354,38980.30988911388
1100,547.947191,565.0,563.75,23.770276432272862,0.0005727342901464411,984313.3363917429,41503.148739697586
1101,548.4469386871,486.0,485.0625,22.04585065834385,0.0005723873247960974,847437.5287272385,38515.61644241036
1102,548.9466865084,534.0,532.7708333333334,23.10899408539647,0.0005720407585416635,931351.1762545676,40397.46074092616
1103,549.4464344639,556.0,554.7916666666666,23.580186038517827,0.000571694590986071,970433.6465904813,41246.124084970295
1104,549.9461825536,525.0,523.75,22.913446743488123,0.0005713488217321391,916690.435121866,40104.128812276525
1105,550.4459307775,545.0,544.0833333333334,23.345644073835746,0.000571003450382346,952854.7208760527,40885.29422756275
1106,550.9456791356,627.0,626.2083333333334,25.040297383528728,0.0005706584765390935,1097343.435834225,43879.65554352599
1107,551.4454276279,622.0,621.0833333333334,24.940310688165496,0.0005703138998044954,1089020.1581028304,43730.848391938336
1108,551.9451762543999,600.0,598.7916666666666,24.49541127662712,0.0005699697197805515,1050567.505405747,42976.68880736031
1109,552.4449250151,581.0,580.0416666666666,24.10435573247661,0.0005696259360689881,1018285.21129069,42316.113445995376
1110,552.9446739100001,543.0,542.0416666666666,23.302788787563127,0.0005692825482714196,952148.749882694,40933.608202675736
1111,553.4444229391,508.0,506.8125,22.53940415324534,0.000568939555989298,890802.0099230601,39616.51798678824
1112,553.9441721024001,572.0,571.0833333333334,23.916920730357873,0.0005685969588238355,1004372.8241435568,42063.04722387354
1113,554.4439213999001,493.0,491.7708333333333,22.20417995871248,0.0005682547563761767,865405.57349561,39074.34070646586
1114,554.9436708316,522.0,520.8958333333334,22.847822729359184,0.0005679129482472422,917210.7009374968,40231.20585624037
1115,555.4434203975001,525.0,523.7291666666666,22.91345621451387,0.0005675715340378305,922754.4639893065,40371.04548126724
1116,555.9431700976,527.0,525.7083333333334,22.957066661971915,0.0005672305133486004,926798.4019933199,40472.199787784135
1117,556.4429199319,543.0,542.0208333333334,23.302798100347424,0.0005668898857800335,956130.7176745962,41106.392413904265
1118,556.9426699004,499.0,497.8958333333333,22.338822786177033,0.0005665496509325253,878821.1810100145,39429.59412190607
1119,557.4424200031001,492.0,490.875,22.181601328578605,0.000566209808406307,866948.9519823941,39175.5865039012
1120,557.9421702400001,523.0,521.7083333333334,22.86978158448878,0.000565870357801529,921957.3461317711,40415.23163245464
1121,558.4419206111,536.0,535.0833333333334,23.152086239089172,0.0005655312987181574,946160.4239166995,40938.64705908598
1122,558.9416711164,532.0,531.0416666666666,23.06555798756618,0.0005651926307561069,939576.416550666,40810.08267342303
1123,559.4414217559,499.0,497.6875,22.338919932485545,0.0005648543535151846,881089.9604522937,39548.106150668136
1124,559.9411725296,534.0,533.125,23.108834439812554,0.0005645164665950306,944392.2924261659,40935.62510088874
1125,560.4409234375,519.0,518.0416666666666,22.78200968478808,0.0005641789695952474,918222.2212896723,40380.82047108619
1126,560.9406744796,502.0,500.9375,22.405850472960555,0.0005638418621153316,888436.162083927,39737.82717888642
1127,561.4404256559001,595.0,594.1041666666666,24.39300439048959,0.0005635051437546897,1054301.230878023,43287.988869021894
1128,561.9401769664,486.0,485.0,22.045880189580394,0.0005631688141126155,861198.2550280488,39146.13103056508
1129,562.4399284111,516.0,514.9166666666666,22.716130159964404,0.0005628328727884179,914866.0136278783,40360.347197602176
1130,562.9396799900001,506.0,504.8541666666667,22.494974361571916,0.0005624973193811626,897522.7957034309,39991.25611179801
1131,563.4394317031,517.0,515.9375,22.738120753850055,0.0005621621534900495,917773.4516578984,40447.61927263488
1132,563.9391835504,522.0,521.0625,22.847746743388065,0.0005618273747140557,927442.3487556065,40666.84496286162
1133,564.4389355319,543.0,541.7291666666666,23.302928478936813,0.0005614929826521903,964801.3125788856,41501.72700087245
1134,564.9386876476,518.0,516.7291666666666,22.760194983664892,0.0005611589769033864,920824.9140343537,40559.26381016171
1135,565.4384398975,494.0,492.875,22.226638016128305,0.0005608253570664744,878838.650552635,39632.01331050691
1136,565.9381922816001,528.0,527.0,22.978703908909512,0.0005604921227403456,940245.1499646478,40997.37173211739
1137,566.4379447999,525.0,524.0625,22.913304677632162,0.0005601592735237393,935559.803738196,40904.98142339708
1138,566.9376974524,569.0,567.6875,23.854294031683267,0.0005598268090154217,1014041.2907313299,42610.131647028975
1139,567.4374502391,484.0,482.8333333333333,22.000552392054967,0.0005594947288141332,862981.0228180592,39322.17992238432
1140,567.93720316,484.0,483.0833333333333,22.000434023496496,0.0005591630325185541,863940.0411673381,39345.29420588347
1141,568.4369562151,505.0,504.0416666666667,22.472649271453903,0.0005588317197273635,901956.0788578229,40213.62510062529
1142,568.9367094044,524.0,522.75,22.891615095197338,0.0005585007900392119,935987.9329146484,40987.61452708086
1143,569.4364627279,535.0,534.1666666666666,23.13044230253955,0.0005581702430527164,956995.9583392146,41439.76249259672
1144,569.9362161856001,510.0,508.8541666666667,22.583708099596436,0.0005578400783665491,912186.4606011788,40484.19784703419
1145,570.4359697775001,538.0,537.125,23.195219963748276,0.0005575102955793288,963435.1226498056,41605.00738312877
1146,570.9357235036,562.0,560.7708333333334,23.707079272632654,0.0005571808942896421,1006443.0404568486,42548.26307864908
1147,571.4354773639001,505.0,504.0,22.472668585046442,0.0005568518740961386,905088.0915469202,40356.636352393085
1148,571.9352313584001,502.0,501.0416666666667,22.40580204495652,0.00055652323459746,900306.8255165954,40260.3173633225
1149,572.4349854871,536.0,534.9583333333334,23.15214247945293,0.0005561949753922422,961817.9900961309,41625.94684197835
1150,572.93473975,540.0,538.6875,23.238488413621056,0.0005558670960791266,969094.0582734527,41805.83556309853
1151,573.4344941470999,547.0,545.9583333333334,23.388495064644264,0.0005555395962567994,982753.2312943592,42100.500526397904
1152,573.9342486784,515.0,514.0833333333334,22.694032193998098,0.0005552124755239639,925921.79750317,40874.49975359674
1153,574.4340033439,557.0,556.25,23.601178466339345,0.000554885733479335,1002458.6440745387,42533.40290144313
1154,574.9337581436,522.0,520.9166666666666,22.847813231126615,0.000554559369721689,939334.352836007,41199.94085140607
1155,575.4335130775,519.0,518.0,22.782028736118594,0.0005542333838498273,934624.3208986399,41105.47902739023
1156,575.9332681456,506.0,504.875,22.494964714353298,0.0005539077754625431,911478.4488778876,40611.39003793326
1157,576.4330233479001,491.0,490.0208333333333,22.158980105265574,0.0005535825441587138,885181.1504967592,40028.32159193323
1158,576.9327786844,541.0,540.2708333333334,23.259733252387534,0.0005532576895372793,976526.568993903,42041.40980280087
1159,577.4325341551,519.0,518.1458333333334,22.78196205639209,0.0005529332111972061,937085.7507572181,41202.01426690356
1160,577.93228976,553.0,551.75,23.516505728246845,0.0005526091087375048,998445.3590722246,42555.40735108917
1161,578.4320454991,527.0,526.125,22.956877600550705,0.0005522853817572375,952632.4928717079,41567.05637854747
1162,578.9318013724001,531.0,529.8958333333334,23.0439363710331,0.0005519620298555609,960022.2563715084,41749.13331821631
1163,579.4315573799,547.0,546.1041666666666,23.38843011393549,0.0005516390526316867,989966.4718467357,42398.06808882921
1164,579.9313135216,511.0,509.7083333333333,22.605904311091432,0.000551316449684875,924529.5213387442,41003.50048327537
1165,580.4310697975001,539.0,537.4583333333334,23.21706523347763,0.0005509942206144698,975433.7037037499,42136.676511027494
1166,580.9308262076,530.0,528.2291666666666,23.02253010338158,0.0005506723650198631,959244.0082727106,41808.036077044
1167,581.4305827519,528.0,525.5625,22.979355544705776,0.0005503508825005881,954958.9483931432,41754.00871585087
1168,581.9303394304,572.0,570.2708333333334,23.917274600287456,0.0005500297726562089,1036799.936445942,43483.59996002749
1169,582.4300962431,548.0,546.75,23.409956037264713,0.0005497090350863721,994617.0885004516,42586.08562543722
1170,582.9298531900001,596.0,594.7291666666666,24.413653468795783,0.0005493886693908408,1082528.9995989527,44437.8539802532
1171,583.4296102711,513.0,511.9166666666667,22.650001532989894,0.0005490686751694365,932336.3175083606,41251.67316456426
1172,583.9293674864,537.0,535.7708333333334,23.173812971517847,0.0005487490520221152,976349.4467262264,42230.25604531507
1173,584.4291248359,504.0,502.7291666666667,22.45053397348144,0.0005484297995489119,916670.040687369,40936.02133207786
1174,584.9288823196,509.0,507.8125,22.561576620070976,0.0005481109173499639,926477.6232796076,41162.428818518885
1175,585.4286399375001,542.0,540.8125,23.28142477563032,0.0005477924050255093,987258.1201172655,42500.45192675894
1176,585.9283976896,538.0,536.9166666666666,23.195313523305618,0.0005474742621758799,980715.8139868472,42367.86115043699
1177,586.4281555759,514.0,513.2916666666666,22.671893545631438,0.0005471564884015757,938107.611893922,41435.84884072837
1178,586.9279135964,538.0,536.9375,23.195304167366864,0.0005468390833031274,981893.0584783409,42417.056270480745
1179,587.4276717511001,520.0,519.1666666666666,22.8038891663486,0.0005465220464812282,949946.429442895,41725.46983817215
1180,587.9274300400001,528.0,526.9791666666666,22.978713353038525,0.0005462053775367366,964800.3998847909,42069.73109028577
1181,588.4271884631,544.0,543.1458333333334,23.324189056404276,0.0005458890760705585,994974.7249808117,42726.975275448676
1182,588.9269470204,551.0,549.7708333333334,23.47393464332064,0.0005455731416837532,1007694.0951246705,43026.191815226004
1183,589.4267057119,511.0,509.8958333333333,22.60581791203809,0.0005452575739775172,935146.7227016604,41458.9709357622
1184,589.9264645376,545.0,544.125,23.345625482446742,0.000544942372553162,998500.0752477138,42840.539951165665
1185,590.4262234975,496.0,494.8958333333333,22.271573888529346,0.0005446275370121767,908686.7624217622,40893.22036618101
1186,590.9259825916,573.0,571.7916666666666,23.937944222742086,0.0005443130669561224,1050483.0792768002,43978.26485519912
1187,591.4257418199,543.0,541.8333333333334,23.30288191523863,0.0005439989619867733,996019.0573792077,42836.26172765604
1188,591.9255011824,524.0,522.7291666666666,22.891624575255562,0.0005436852217059977,961455.5367652365,42104.55546947789
1189,592.4252606791,537.0,536.0208333333334,23.17370059583828,0.0005433718457158264,986471.4882810886,42647.95973245493
1190,592.92502031,536.0,534.9583333333334,23.15214247945293,0.000543058833618427,985083.5677764054,42632.843894995865
1191,593.4247800751,525.0,524.0,22.91333309087382,0.0005427461850161375,965460.4941800188,42217.40055195881
1192,593.9245399744,529.0,527.7708333333334,23.00055668106511,0.0005424338995114631,972968.012892749,42402.50600447409
1193,594.4243000079,576.0,575.0625,24.00040689759238,0.0005421219767070407,1060762.1987454684,44271.230329705024
1194,594.9240601756,607.0,605.9166666666666,24.637828017997943,0.0005418104162056421,1118318.6010154025,45473.1531197561
1195,595.4238204774999,529.0,528.2083333333334,23.000358541891377,0.0005414992176102895,975455.3952347141,42475.331069535285
1196,595.9235809136001,525.0,523.9583333333334,22.913352033015354,0.0005411883805240833,968162.5699833679,42338.95785202597
1197,596.4233414839001,492.0,491.1458333333333,22.181474142601274,0.0005408779045503164,908053.0544904951,41010.13178018957
1198,596.9231021884001,539.0,538.0208333333334,23.216812858477272,0.0005405677892925031,995288.3689897556,42948.93872397301
1199,597.4228630271,536.0,534.9583333333334,23.15214247945293,0.0005402580343542653,990190.4262705389,42853.86057631731
1200,597.922624,584.0,582.9375,24.16654992787896,0.0005399486393394426,1079616.5737414372,44757.12719165959
1201,598.4223851071,564.0,562.8333333333334,23.74919589282036,0.0005396396038520206,1042980.0357789769,44009.364255876295
1202,598.9221463484,561.0,559.8541666666666,23.685942487639746,0.0005393309274961721,1038053.1471943823,43917.27097424403
1203,599.4219077239,531.0,529.9166666666666,23.043926953634543,0.000539022609876277,983106.5653967642,42751.31790654174
1204,599.9216692336,572.0,570.7916666666666,23.917047761191412,0.0005387146505969305,1059543.6118809702,44396.505152940954
1205,600.4214308775,581.0,580.1041666666666,24.10432872316598,0.000538416698878826,1077426.0305719504,44768.90997875756
1206,600.9211926556001,570.0,568.8958333333334,23.875154522478432,0.0005381208785339076,1057189.668766005,44367.64205753453
1207,601.4209545679,541.0,540.0208333333334,23.25984521241609,0.0005378253939753201,1004082.0671217954,43247.94900532987
1208,601.9207166144,565.0,563.8958333333334,23.770212524759263,0.0005375302448580589,1049049.4976375452,44221.16290597949
1209,602.4204787951,598.0,597.2083333333334,24.45437574454837,0.0005372354308372049,1111632.4409257022,45518.9184124355
1210,602.92024111,576.0,574.9583333333334,24.00045210801015,0.0005369409515679547,1070803.6547675526,44698.49438364672
1211,603.4200035591,573.0,571.875,23.937907959970104,0.0005366468067054906,1065645.0254698757,44606.44815335149
1212,603.9197661424,553.0,552.0416666666666,23.516376533764248,0.0005363529959051712,1029250.6444100654,43844.96164522592
1213,604.4195288599001,591.0,589.875,24.310973602470142,0.0005360595188223613,1100390.869461404,45351.2581137959
1214,604.9192917116001,575.0,574.3125,23.97945626816143,0.0005357663751126034,1071945.7709142258,44757.29978971078
1215,605.4190546975001,554.0,552.8541666666666,23.537711688432626,0.0005354735644314202,1032458.3758933116,43956.81365414478
1216,605.9188178176,586.0,585.0,24.207867178529657,0.000535181086434496,1093087.9562605799,45233.039418130866
1217,606.4185810719,559.0,557.1041666666666,23.644016082886125,0.0005348889407776082,1041532.4083103354,44203.598691932275
1218,606.9183444604,590.0,585.8125,24.29171133500753,0.0005345971271165952,1095801.8109069164,45439.28521656557
1219,607.4181079831,574.0,569.6458333333334,23.960190145438233,0.0005343056451074156,1066142.2699713625,44843.60284200503
1220,607.9178716399999,550.0,547.1041666666666,23.453365000807693,0.0005340144944061192,1024511.8295433245,43918.96708139041
1221,608.4176354310999,552.0,550.4583333333334,23.495363756612825,0.0005337236746688971,1031354.5369236579,44021.588083362614
1222,608.9173993564001,581.0,579.75,24.104481775526036,0.0005334331855519501,1086827.770942157,45187.44320450333
1223,609.4171634159001,611.0,609.9791666666666,24.71884437754142,0.0005331430267116983,1144119.1877325596,46364.37717286012
1224,609.9169276096001,587.0,586.1041666666666,24.22846803234667,0.0005328531978046111,1099935.5339922006,45469.31149549161
1225,610.4166919375,571.0,570.1875,23.895960476267394,0.0005325636984872993,1070646.5754604903,44869.67576675201
1226,610.9164563996001,589.0,587.9583333333334,24.269769289980673,0.000532274528416464,1104614.8217584838,45596.337969025335
1227,611.4162209959,563.0,562.0833333333334,23.72802345797522,0.0005319856872489081,1056576.0448181815,44602.74783083259
1228,611.9159857264,597.0,596.1666666666666,24.433938714646704,0.0005316971746415846,1121252.2749787802,45954.61454373449
1229,612.4157505910999,568.0,566.875,23.83324227838084,0.0005314089902516071,1066739.5742243668,44849.151436253414
1230,612.91551559,592.0,591.1666666666666,24.331406887212893,0.0005311211337361023,1113054.309302629,45811.40787235632
1231,613.4152807231001,602.0,601.1041666666666,24.53606861733241,0.0005308336047524436,1132377.756956427,46221.76968011455
1232,613.9150459904,611.0,609.8541666666666,24.718897053221806,0.0005305464029580527,1149483.1804841855,46591.395051218904
1233,614.4148113919,557.0,556.0416666666666,23.601270416606344,0.0005302595280105007,1048621.735761918,44508.903979824325
1234,614.9145769276,586.0,585.0625,24.207840284709416,0.0005299729795675061,1103947.790842942,45677.49907639566
1235,615.4143425975,592.0,591.0833333333334,24.33144256352718,0.000529686757286924,1115911.1025559427,45935.531196123855
1236,615.9141084016,576.0,574.9375,24.000461150083485,0.0005294008608267219,1086015.423364003,45335.13812690809
1237,616.4138743399,597.0,596.2916666666666,24.43388542464019,0.0005291152898450102,1126959.8102926374,46178.75516656762
1238,616.9136404124,644.0,643.0,25.377565551749313,0.000528830044000048,1215891.5842533745,47988.131233608605
1239,617.4134066191001,666.0,665.1666666666666,25.80731216363128,0.0005285451229502705,1258486.0549914686,48827.07463003008
1240,617.9131729600001,690.0,689.2708333333334,26.268140226750393,0.0005282605263542023,1304793.371729563,49725.72985538091
1241,618.4129394351,723.0,722.0625,26.889022504546347,0.0005279762538705461,1367604.1198948347,50928.46942911799
1242,618.9127060444,735.0,734.0,27.11126764526759,0.0005276923051581393,1390962.1058052653,51377.03805846261
1243,619.4124727879,663.0,662.2291666666666,25.749098217758576,0.0005274086798759834,1255628.1152262897,48821.90832318745
1244,619.9122396656,635.0,634.0833333333334,25.19958525893278,0.0005271253776832401,1202907.9990801855,47805.67645915105
1245,620.4120066775,609.0,608.1458333333334,24.678285903581088,0.0005268423982391912,1154322.118656118,46841.875266798335
1246,620.9117738236,552.0,551.0,23.49512360753468,0.0005265597412032953,1046414.9779868355,44620.053089975285
1247,621.4115411039,592.0,591.0208333333334,24.331469320728566,0.0005262774062352081,1123021.483216001,46233.16340860385
1248,621.9113085184001,569.0,568.25,23.854048398542332,0.0005259953929946611,1080332.6560804455,45350.29910192474
1249,622.4110760671,594.0,593.0,24.37254261117074,0.0005257137011416323,1127990.3847136754,46360.86630088521
1250,622.91084375,630.0,629.0416666666666,25.100198510724525,0.0005254323303361987,1197188.7345877124,47770.5635179779
1251,623.4106115671,609.0,608.3125,24.678215553736187,0.0005251512802386661,1158356.6924249704,46992.583817982224
1252,623.9103795184,623.0,621.75,24.960489611918003,0.0005248705505094365,1184577.79617571,47555.51552223969
1253,624.4101476039,578.0,576.9583333333334,24.04208188549587,0.0005245901408091544,1099826.8713998392,45830.220614539474
1254,624.9099158235999,619.0,618.0,24.880129286909533,0.0005243100507985795,1178691.8809943101,47453.08477114729
1255,625.4096841775,646.0,645.1458333333334,25.416880122054494,0.0005240302801386703,1231123.1960920526,48502.69361405721
1256,625.9094526656,596.0,594.7916666666666,24.41362680166777,0.0005237508284905726,1135638.6172807224,46613.05619702177
1257,626.4092212879001,623.0,621.7708333333334,24.960480917620334,0.0005234716955155737,1187783.1001367583,47682.579844238666
1258,626.9089900444001,619.0,617.9791666666666,24.88013800928586,0.0005231928808751517,1181168.9135237555,47554.427666654265
1259,627.4087589351001,575.0,574.1458333333334,23.97952866798864,0.0005229143842309885,1097972.9199411625,45857.46613808216
1260,627.90852796,617.0,615.9583333333334,24.839921525417285,0.0005226362052449234,1178560.3966045107,47528.130037942035
1261,628.4082971191,620.0,619.0833333333334,24.900182674474944,0.0005223583435790034,1185169.7995127381,47668.77562224475
1262,628.9080664124,606.0,604.9583333333334,24.617508025567677,0.0005220807988954083,1158744.6514280415,47152.67843148442
1263,629.4078358399,605.0,603.9791666666666,24.59718006929069,0.000521803570856576,1157483.7743543873,47138.77298484705
1264,629.9076054016001,584.0,583.0208333333334,24.166514008138524,0.0005215266591250818,1117911.851929899,46338.0223911861
1265,630.4073750975001,591.0,590.0,24.310920042921726,0.0005212500633636922,1131894.3468182157,46639.64908903857
1266,630.9071449276,569.0,567.8541666666666,23.854221251757053,0.0005209737832353857,1089986.0702013473,45787.7575021453
1267,631.4069148919,618.0,617.0625,24.859998617256597,0.0005206978184033609,1185068.341350318,47743.61969382919
1268,631.9066849904,595.0,594.375,24.392888734902503,0.000520422168530915,1142101.616612229,46871.34832046163
1269,632.4064552231,622.0,621.0625,24.940319389494594,0.0005201468332816533,1194013.8058356727,47948.61334085967
1270,632.90622559,599.0,598.0,24.474902110801857,0.000519871812319327,1150283.5618882976,47078.725044950785
1271,633.4059960911,631.0,630.0416666666666,25.120110773596878,0.000519597105307862,1212558.0766916822,48345.363199652886
1272,633.9057667264,600.0,599.1875,24.49524294803653,0.0005193227119114168,1153786.4342474707,47167.67124988517
1273,634.4055374959,611.0,609.9583333333334,24.71885315682928,0.0005190486317943464,1175146.7896653789,47623.38563802091
1274,634.9053083996,577.0,576.0,24.02125794652173,0.000518774864621213,1110308.2267113507,46303.81998954598
1275,635.4050794375,586.0,585.0416666666666,24.207849249319484,0.0005185014100568023,1128331.8720436553,46688.10687837376
1276,635.9048506096001,535.0,534.2916666666666,23.13038600941291,0.0005182282677660634,1030996.7632021465,44633.586101201145
1277,636.4046219159001,624.0,623.0416666666666,24.980391615780924,0.0005179554374141748,1202886.6224035048,48228.84327750719
1278,636.9043933564,608.0,606.9375,24.658104862634243,0.0005176829186665349,1172411.6792637664,47631.675632932645
1279,637.4041649311,633.0,631.9791666666666,25.159913898125946,0.0005174107111887324,1221426.524423349,48626.581077770796
1280,637.90393664,591.0,590.1041666666666,24.31087540987458,0.0005171388146465777,1141094.3250700585,47010.34755337227
1281,638.4037084831,569.0,568.2083333333334,23.85406659367655,0.0005168672287060878,1099331.3210353297,46151.24594645362
1282,638.9034804604,572.0,571.1041666666666,23.91691165670109,0.0005165959530335305,1105514.209534658,46297.13321650571
1283,639.4032525719001,614.0,613.0,24.779443765616154,0.0005163249872953397,1187236.7502705457,47991.95153311886
1284,639.9030248176,583.0,582.2083333333334,24.145734469167753,0.0005160543311582024,1128191.9328661747,46789.13248335009
1285,640.4027971975,572.0,571.0208333333334,23.916947951307574,0.0005157839842889849,1107092.9899471253,46370.08646997329
1286,640.9025697116,595.0,594.0625,24.393022183608164,0.0005155139463548108,1152369.4057175457,47317.87055634625
1287,641.4023423599,628.0,627.0,25.06034383908835,0.0005152442170230238,1216898.6653022103,48637.79740000173
1288,641.9021151424,634.0,633.1666666666666,25.179701370570523,0.0005149747959611809,1229510.0102615412,48895.01693684555
1289,642.4018880591,581.0,580.0833333333334,24.104337726272885,0.0005147056828370429,1127019.4844866113,46831.3028785897
1290,642.9016611100001,616.0,614.8541666666666,24.819828192954475,0.0005144368773186298,1195198.4660808847,48246.59601061545
1291,643.4014342951001,558.0,557.125,23.62240946996446,0.0005141683790741771,1083545.8240414776,45942.94482383279
1292,643.9012076144,566.0,565.1041666666666,23.79114673979471,0.0005139001877721194,1099637.984404187,46295.26765291726
1293,644.4009810679,595.0,594.0416666666666,24.393031080162583,0.000513632303081196,1156550.4410511334,47491.23241243354
1294,644.9007546556,627.0,626.0208333333334,25.04037538268058,0.0005133647246702567,1219446.5323565768,48776.969237152894
1295,645.4005283775,583.0,582.4375,24.14563560459737,0.0005130974522085209,1135140.1132338883,47058.57630098829
1296,645.9003022336,603.0,602.1666666666666,24.556411812622606,0.0005128304853653295,1174202.1659217393,47884.07185881148
1297,646.4000762239,574.0,572.8333333333334,23.958804343196164,0.0005125638238103041,1117584.3996850909,46743.06541006127
1298,646.8998503483999,596.0,595.1875,24.41345790918061,0.0005122974672133023,1161800.5906560246,47654.84795773101
1299,647.3996246071001,580.0,579.0208333333334,24.083612671390387,0.0005120314152444065,1130830.6797092734,47035.42000424842
1300,647.899399,588.0,587.1458333333334,24.24907823276771,0.0005117656675739281,1147294.2999805983,47383.16727599701
1301,648.3991735271001,514.0,513.0,22.672027552323886,0.0005115002238724423,1002932.1123580422,44324.57014520843
1302,648.8989481884,536.0,534.9791666666666,23.152133106068458,0.0005112350838107696,1046444.5489126208,45286.667208931365
1303,649.3987229839,554.0,552.9791666666666,23.537656369339558,0.0005109702470599154,1082214.022926907,46064.63195219971
1304,649.8984979136,516.0,515.25,22.71597730673281,0.0005107057132911908,1008898.0534005072,44479.58328161636
1305,650.3982729775,502.0,501.1666666666667,22.40574393121351,0.0005104414821760831,981829.816280063,43894.83361676388
1306,650.8980481756,543.0,541.9166666666666,23.30284466421309,0.0005101775533864032,1062211.8967594495,45675.9504794672
1307,651.3978235079001,548.0,547.1666666666666,23.409770633457967,0.0005099139265941559,1073056.918294684,45909.25921521255
1308,651.8975989744,499.0,497.8541666666667,22.338842215472532,0.0005096506014715894,976853.8783808729,43831.68027462402
1309,652.3973745751,504.0,503.2916666666667,22.450272981512818,0.0005093875776912161,988032.8628111056,44073.067276724745
1310,652.89715031,502.0,501.2083333333333,22.405724559932345,0.0005091248549257825,984450.7265440748,44008.31022716133
1311,653.3969261791,493.0,492.0416666666667,22.204052902066728,0.0005088624328482754,966944.3741652196,43634.68684018021
1312,653.8967021824,441.0,440.0625,21.000465024613145,0.000508600311132001,865242.2941318003,41290.70424253581
1313,654.3964783199,521.0,520.2916666666666,22.825747675474823,0.0005083384894503966,1023514.2084739512,44902.654725502834
1314,654.8962545916,431.0,430.2708333333333,20.76090535049525,0.0005080769674772686,846861.5207450505,40861.732925187345
1315,655.3960309975,478.0,477.1875,21.863598219033694,0.0005078157448865804,939686.3031621417,43054.19522570511
1316,655.8958075376,472.0,471.2291666666667,21.725930567590833,0.0005075548213526152,928430.0864502835,42805.09149670181
1317,656.3955842119001,448.0,447.125,21.166441107722072,0.000507294196549886,881391.9083658014,41724.193282074375
1318,656.8953610204001,439.0,437.9791666666667,20.952834351493145,0.0005070338701531569,863806.5274305417,41324.32877741291
1319,657.3951379631001,440.0,439.1875,20.97658044304012,0.0005067738418374626,866634.115146102,41392.38988141762
1320,657.89491504,468.0,467.1875,21.633698876598366,0.000506514111278093,922358.3106522745,42710.94999112621
1321,658.3946922511,452.0,451.0208333333333,21.2607713713674,0.0005062546781505695,890897.1171999548,41996.197346830355
1322,658.8944695964,447.0,445.625,21.143051951724786,0.0005059955421306918,880689.5770731932,41785.05577874009
1323,659.3942470759,448.0,446.0416666666667,21.166974243172103,0.0005057367028945546,881964.2001732781,41853.74350333712
1324,659.8940246896001,449.0,446.875,21.19066470956806,0.0005054781601184261,884063.9126630195,41922.018360997834
1325,660.3938024375001,437.0,435.7083333333333,20.9051885837517,0.00050521991347893,862413.2218642335,41378.39389544082
1326,660.8935803196,434.0,433.0833333333333,20.833124998958326,0.0005049619626528919,857655.3589463775,41256.820393972725
1327,661.3933583359001,444.0,443.2291666666667,21.07168856612535,0.0005047043073174272,878195.728153165,41750.56218189275
1328,661.8931364864001,449.0,448.1041666666667,21.190060481141728,0.0005044469471499141,888307.817498788,42006.51941867012
1329,662.3929147711,460.0,459.0416666666667,21.448076027415087,0.0005041898818279855,910453.9444591195,42539.67959383313
1330,662.89269319,443.0,441.8958333333333,21.048111636729367,0.0005039331110295407,876893.8251160663,41767.669510201165
1331,663.3924717431,446.0,445.0416666666667,21.119184768304333,0.0005036766344327463,883586.0872678442,41930.0466301942
1332,663.8922504303999,462.0,460.9166666666667,21.49471026658523,0.0005034204517160505,915570.0073278754,42697.332206735846
1333,664.3920292519001,422.0,421.2291666666667,20.54302945107605,0.0005031645625581387,837159.8439387219,40827.65556189657
1334,664.8918082076001,418.0,417.0833333333333,20.445515332762398,0.00050290896663801,829341.6125021025,40654.50546535775
1335,665.3915872975,423.0,422.2291666666667,20.567354205822824,0.000502653663634886,840000.1774847552,40917.54560603858
1336,665.8913665216,444.0,443.125,21.07174006024815,0.0005023986532282982,882018.6860625136,41942.27019687651
1337,666.3911458799,380.0,379.2291666666667,19.494000590637565,0.0005021439350980099,755220.0477989396,38821.539459264146
1338,666.8909253724,406.0,405.1875,20.149861713752117,0.0005018895089240912,807324.1077874035,40148.003406063835
1339,667.3907049991,377.0,376.0,19.417024317163875,0.0005016353743868765,749548.4154393333,38707.44630180103
1340,667.8904847599999,434.0,433.2083333333333,20.83306249823956,0.0005013815311669579,864029.2998528435,41551.31611998336
1341,668.3902646550999,426.0,425.2708333333333,20.640135439774184,0.0005011279789452176,848627.1994400519,41187.35394343353
1342,668.8900446844001,431.0,430.1875,20.76094716248113,0.0005008747174028112,858872.458627287,41449.381334584024
1343,669.3898248479001,447.0,446.2083333333333,21.14276455564777,0.0005006217462211633,891308.3314926727,42233.012679212254
1344,669.8896051456001,393.0,392.1041666666667,19.82469831282293,0.0005003690650819538,783629.9124576082,39620.15179650627
1345,670.3893855775,364.0,363.2291666666667,19.079204884579905,0.0005001166736671983,726288.8557648386,38149.50768323339
1346,670.8891661436,423.0,422.1875,20.567375308564127,0.0004998645716591429,844603.7665735774,41145.89525778394
1347,671.3889468439,429.0,428.1666666666667,20.71273427413945,0.0004996127587402989,856997.0625774787,41457.5767167428
1348,671.8887276784,388.0,387.0833333333333,19.69820035491116,0.0004993612345935232,775156.9535597144,39446.79520617047
1349,672.3885086471,422.0,421.0,20.54314565331545,0.0004991099989018705,843501.43440579,41159.555405650004
1350,672.8882897500001,403.0,402.1458333333333,20.075303114495906,0.0004988590513487136,806131.175220923,40242.43533362858
1351,673.3880709871,424.0,423.375,20.59157645332997,0.0004986083916177387,849113.2662776826,41298.09445549131
1352,673.8878523584001,363.0,362.1875,19.053003098811832,0.0004983580193928541,726761.6570939309,38231.55714846119
1353,674.3876338639001,452.0,451.2083333333333,21.260679505969595,0.0004981079343582826,905844.5011815149,42682.87662062629
1354,674.8874155036,426.0,425.1041666666667,20.640219552961266,0.0004978581361985442,853866.0629564092,41458.03403066213
1355,675.3871972775,405.0,404.2708333333333,20.124989216698285,0.000497608624598382,812427.3040074792,40443.40918114329
1356,675.8869791856,421.0,420.2708333333333,20.51865470668636,0.0004973593992428953,845004.3046800564,41255.18636607824
1357,676.3867612279,397.0,396.2291666666667,19.92526183084623,0.0004971104598174168,797064.633908925,40082.16169533942
1358,676.8865434044,422.0,421.2291666666667,20.54302945107605,0.0004968618060075934,847779.3253044473,41345.55967612873
1359,677.3863257151,405.0,404.0,20.125129399169918,0.0004966134374993497,813510.0049533577,40524.73791387546
1360,677.88610816,379.0,378.2708333333333,19.46831248393713,0.0004963653539788651,762081.4593547152,39221.73924485083
1361,678.3858907391001,377.0,376.3333333333333,19.416845492738744,0.0004961175551326469,758556.7763928715,39137.59005675029
1362,678.8856734524,412.0,411.0416666666667,20.298274933544914,0.0004958700406475079,828930.2296422826,40934.66688779866
1363,679.3854562999,388.0,387.1666666666667,19.698156287102382,0.0004956228102104549,781172.0096221262,39744.248814411934
1364,679.8852392816,407.0,406.2916666666667,20.17460673580639,0.0004953758635088795,820168.47528419,40725.85731752101
1365,680.3850223974999,356.0,355.2708333333333,18.868364819777632,0.0004951292002304315,717531.5718967725,38107.96214603452
1366,680.8848056475999,403.0,402.0833333333333,20.07533554444912,0.000494882820063041,812481.8988101338,40565.836457793805
1367,681.3845890319001,439.0,438.25,20.952699706720374,0.0004946367226949004,886003.7678001507,42359.773840819995
1368,681.8843725504,409.0,407.9375,20.224295671707992,0.0004943909078145492,825131.4770396653,40907.49921172564
1369,682.3841562031,414.0,413.25,20.347373909180515,0.0004941453751107996,836292.3560851685,41176.89840690734
1370,682.88393999,404.0,403.3333333333333,20.10009673829678,0.0004939001242727232,816629.3416654812,40696.68289291187
1371,683.3837239111,414.0,413.2708333333333,20.34736324372822,0.0004936551549897341,837165.0314113048,41217.76717626165
1372,683.8835079664,421.0,420.0,20.518792199672312,0.0004934104669514936,851218.2617343817,41585.644354985845
1373,684.3832921559,521.0,520.2708333333334,22.82575718288929,0.0004931660598479721,1054960.743838935,46284.12018038258
1374,684.8830764795999,746.0,745.0833333333334,27.31335016474951,0.0004929219333694155,1511564.5762407938,55411.10734928444
1375,685.3828609375,851.0,850.2916666666666,29.172157221303408,0.0004926780872064045,1725856.4745349474,59211.39579540892
1376,685.8826455296,908.0,907.0833333333334,30.133355226761957,0.0004924345210498009,1842038.4732564236,61192.61330932262
1377,686.3824302559001,802.0,801.3125,28.31985739576855,0.0004921912345907163,1628051.1388349587,57538.32129765181
1378,686.8822151164001,605.0,604.1666666666666,24.597100664735084,0.0004919482275206184,1228110.2621542527,49999.36840651423
1379,687.3820001111001,470.0,469.2708333333333,21.679833739496765,0.0004917054995312315,954373.7740999717,44091.09469014538
1380,687.88178524,430.0,429.1458333333333,20.736870427788492,0.0004914630503145817,873200.6059430925,42194.15969219859
1381,688.3815705031,374.0,373.1666666666667,19.339528461446807,0.0004912208795630132,759671.8343866678,39370.330672122735
1382,688.8813559004,390.0,389.1041666666667,19.74889017627179,0.0004909789869691219,792506.7609688514,40223.49367369935
1383,689.3811414319,379.0,378.1875,19.468357072011322,0.0004907373722258341,770651.5162777548,39671.64143971515
1384,689.8809270976001,355.0,354.0,18.841996532568764,0.0004904960350263874,721718.3722615734,38414.16685775067
1385,690.3807128975001,381.0,380.1458333333333,19.519677126911937,0.0004902549750642912,775404.3358427554,39815.35755828313
1386,690.8804988316001,393.0,392.3333333333333,19.82457789938764,0.0004900141920333729,800657.0824108153,40457.15046971021
1387,691.3802848999001,400.0,399.125,20.000455723974557,0.0004897736856276837,814917.1989272754,40836.117396430534
1388,691.8800711024,379.0,378.2916666666667,19.468301336902623,0.0004895334555416757,772759.5782970168,39769.09262587717
1389,692.3798574391,368.0,367.3333333333333,19.183688094026365,0.0004892935014700606,750742.3095334327,39206.91371618431
1390,692.87964391,346.0,345.2708333333333,18.601483569119488,0.0004890538231078393,705997.6162525552,38035.65720212711
1391,693.3794305151,376.0,375.1875,19.391155898587723,0.000488814420150338,767545.8917202334,39669.77056982863
1392,693.8792172543999,369.0,368.125,19.20984719269434,0.0004885752922931185,753466.263658591,39318.0897513939
1393,694.3790041279001,349.0,348.5208333333333,18.681808869563167,0.0004883364392321052,713690.0000363932,38256.0205806877
1394,694.8787911356001,349.0,348.25,18.681959881125966,0.00048809786066352287,713483.9712810605,38275.02922411831
1395,695.3785782775001,378.0,377.1041666666667,19.442702054869958,0.0004878595562838968,772976.8983908579,39853.072066412074
1396,695.8783655536,365.0,364.25,19.10538209510608,0.00048762152579000034,746993.2739533494,39180.76025079752
1397,696.3781529639,351.0,350.0,18.73554998747924,0.00048738376887897127,718119.9341230281,38441.062636477975
1398,696.8779405084,354.0,353.1458333333333,18.8153606167644,0.0004871462852482083,724927.6942621049,38623.63562349181
1399,697.3777281871,391.0,390.125,19.774180872204713,0.0004869090745954377,801227.622065057,40611.64990328976
1400,697.877516,358.0,357.0625,18.921404050704062,0.0004866721366186782,733681.8221828239,38879.160377183325
1401,698.3773039471,350.0,349.1041666666667,18.708785722073053,0.00048643547101625515,717678.2686865381,38460.98164467094
1402,698.8770920284,367.0,366.3541666666667,19.157595226465954,0.0004861990774868113,753506.5030570825,39402.779876696964
1403,699.3768802439,352.0,351.1458333333333,18.762137275344962,0.00048596295572922167,722577.3676646078,38608.16355269519
1404,699.8766685936,416.0,415.1875,20.39649300942035,0.00048572710544278155,854775.2335573724,41991.67141563412
1405,700.3764570775,367.0,366.1875,19.15768584885276,0.00048549152632699686,754261.3622330432,39460.391809082445
1406,700.8762456956,348.0,347.1875,18.655211794116234,0.00048525621808171945,715472.5422632956,38444.04481381547
1407,701.3760344479,363.0,362.2291666666667,19.052980318778943,0.0004850211804070803,746831.6463265506,39282.77998661357
1408,701.8758233344,356.0,355.3541666666667,18.868318813850667,0.0004847864130035434,733011.8112531948,38920.890329722904
1409,702.3756123551,302.0,301.1458333333333,17.378659187028465,0.00048455191557187835,621493.4327066166,35865.42252447358
1410,702.8754015100001,350.0,349.4166666666667,18.7086117276985,0.0004843176878131216,721461.7088308621,38628.801298121056
1411,703.3751907991001,380.0,378.9375,19.494156442807846,0.00048408372942864797,782793.2999261316,40270.21619961554
1412,703.8749802224,358.0,357.2708333333333,18.921289358080816,0.00048385004012014334,738391.6579703506,39105.68934412515
1413,704.3747697799,356.0,355.25,18.868376321241843,0.00048361661958955075,734569.4618632079,39015.152823440156
1414,704.8745594716,327.0,326.1875,18.083609348891976,0.00048338346753921914,674800.6953165706,37410.48373241017
1415,705.3743492975,348.0,347.4375,18.65507219900261,0.00048315058367168727,719108.1036468174,38611.30014008054
1416,705.8741392576,346.0,345.4583333333333,18.60137857047757,0.0004829179676898591,715356.1400622694,38518.71293888945
1417,706.3739293519,340.0,339.4166666666667,18.439418450097005,0.0004826856192969578,703183.7144040763,38201.714973307935
1418,706.8737195804,325.0,324.3541666666667,18.028129544162674,0.0004824535381964867,672301.3533679764,37367.59732668898
1419,707.3735099431001,387.0,386.2083333333333,19.672734763005256,0.0004822217240922747,800893.6844567191,40796.03588999822
1420,707.8733004400001,374.0,373.2916666666667,19.33946113376597,0.00048199017668842345,774479.8228698683,40124.18109149084
1421,708.3730910711,337.0,336.1458333333333,18.35804442577937,0.00048175889568939444,697747.0189778445,38106.290491033076
1422,708.8728818364,338.0,337.3333333333333,18.385154034951377,0.0004815278807999199,700547.8743472779,38180.87128082747
1423,709.3726727359,294.0,293.1041666666667,17.146972420647458,0.0004812971317250596,608987.9771693759,35626.583435453846
1424,709.8724637696,324.0,323.0833333333333,18.000530470578422,0.000481066648170169,671597.8639596902,37417.955576523455
1425,710.3722549375,300.0,299.1666666666667,17.3210092405469,0.00048083642984090636,622179.7020780051,36022.664185984984
1426,710.8720462396,322.0,321.2916666666667,17.94476962639656,0.0004806064764432438,668512.9776951912,37337.7607376369
1427,711.3718376759001,330.0,329.375,18.16626050769209,0.00048037678768349826,685659.6914025174,37816.690925667994
1428,711.8716292464001,341.0,340.2083333333333,18.46663188173619,0.00048014736326822686,708549.8314884658,38460.34216670288
1429,712.3714209511,334.0,333.0208333333333,18.276224974144842,0.0004799182029043502,693911.6526899185,38081.958266099304
1430,712.8712127900001,335.0,333.9583333333333,18.303598044889668,0.00047968930629908055,696197.1612623656,38157.19425998126
1431,713.3710047631,346.0,345.25,18.60149523559867,0.0004794606731599272,720079.9133839277,38796.70696035172
1432,713.8707968704,325.0,324.2708333333333,18.02817769416039,0.00047923230319475637,676646.4430123195,37618.869959260395
1433,714.3705891119,314.0,313.125,17.72055950489901,0.0004790041961116583,653699.910234208,36994.58094260255
1434,714.8703814876,319.0,318.0625,17.861117861153033,0.0004787763516191316,664323.7472451854,37305.76458246129
1435,715.3701739974999,328.0,327.1666666666667,18.11124957343118,0.00047854876942590024,683664.2105655357,37846.194015207
1436,715.8699666416001,302.0,301.2083333333333,17.37862172485366,0.00047832144924103644,629719.4780022252,36332.51603587653
1437,716.3697594199001,313.0,312.375,17.692173999634225,0.0004780943907739646,653375.1619514104,37005.60881083167
1438,716.8695523324001,310.0,309.3541666666667,17.60719894989294,0.00047786759373433436,647363.7692173137,36845.35042918496
1439,717.3693453791001,302.0,301.0416666666667,17.37872162380702,0.0004776410578321626,630267.5654245141,36384.48022597274
1440,717.86913856,270.0,269.0208333333333,16.43229744453147,0.00047741478277775414,563494.9797073371,34419.331024739186
1441,718.3689318751,317.0,316.125,17.8050057334073,0.0004771887682817282,662473.6813029146,37312.29005561039
1442,718.8687253244,317.0,316.2083333333333,17.804956979885002,0.0004769630140550435,662961.9572490406,37329.848342979145
1443,719.3685189079,336.0,335.2916666666667,18.33070530406412,0.00047673751980890027,703304.5496420504,38450.309745731705
1444,719.8683126256001,331.0,330.0,18.19397794143253,0.0004765122852549066,692531.987550896,38181.5506219316
1445,720.3681064775001,319.0,318.1875,17.86104496056525,0.00047628731010488604,668057.8996109093,37500.56863079548
1446,720.8679004636001,326.0,325.3125,18.055866717404253,0.00047606259407101707,683339.7625680106,37927.50563114134
1447,721.3676945839001,329.0,328.2916666666667,18.138763930997186,0.0004758381368658191,689922.9826953554,38119.60943372664
1448,721.8674888384,331.0,330.3333333333333,18.193787095843707,0.0004756139382020705,694540.9013496721,38253.26727097272
1449,722.3672832271,276.0,275.25,16.613717976419366,0.00047538999779288705,578998.2988239438,34947.5547519985
1450,722.86707775,327.0,326.0416666666667,18.08369335279101,0.00047516631535170456,686163.2572278192,38057.60797544324
1451,723.3668724071,309.0,308.1666666666667,17.578889643862922,0.0004749428905922392,648849.9412685015,37012.638765773685
1452,723.8666671984,278.0,276.9375,16.67399578435435,0.0004747197232285243,583370.53728582,35123.87408502025
1453,724.3664621239001,299.0,298.0833333333333,17.29216866741191,0.00047449681297494163,628209.347633859,36443.17136504164
1454,724.8662571836,332.0,331.0625,18.22140310870708,0.00047427415954617456,698040.3493135457,38419.55700505136
1455,725.3660523775001,301.0,299.9791666666667,17.349964477229083,0.00047405176265714373,632798.3361674062,36599.303797499815
1456,725.8658477056,340.0,339.25,18.439512602018524,0.0004738296220232138,715974.6546689719,38915.91353719785
1457,726.3656431679,318.0,317.1041666666667,17.833077782436895,0.00047360773735994125,669550.2240616224,37653.687589322006
1458,726.8654387644,315.0,314.2708333333333,17.74866730129962,0.00047338610838325204,663878.4446097446,37493.004097472054
1459,727.3652344951,272.0,271.1458333333333,16.492961988038683,0.0004731647348093848,573047.4259510587,34856.70164046122
1460,727.86503036,329.0,328.2708333333333,18.13877589508791,0.00047294361635488534,694101.4150130887,38352.935250270966
1461,728.3648263591,306.0,305.0416666666667,17.493426344709537,0.0004727227527365787,645286.6186380687,37005.67879045505
1462,728.8646224924,323.0,322.1666666666667,17.97268374815267,0.0004725021436716406,681831.1217875709,38037.25335189708
1463,729.3644187599001,293.0,292.125,17.117775239985676,0.00047228178887756344,618539.6237578237,36244.83442537177
1464,729.8642151616,285.0,284.2083333333333,16.882431491214636,0.00047206168807209634,602057.6134742949,35763.18925639278
1465,730.3640116975,282.0,281.0833333333333,16.793424225637313,0.0004718418409733765,595715.1505544276,35591.214613340904
1466,730.8638083676,295.0,294.1666666666667,17.17606943136616,0.0004716222472998074,623733.6519870885,36419.12469079822
1467,731.3636051719,323.0,322.2708333333333,17.97262337479485,0.00047140290677011494,683642.0155773294,38125.822129390064
1468,731.8634021104,261.0,260.3125,16.155937698464506,0.00047118381910332723,552464.8543648638,34287.97221689318
1469,732.3631991830999,290.0,289.25,17.02984512554357,0.0004709649840187907,614164.5553599361,36159.471942534285
1470,732.86299639,290.0,289.4166666666667,17.029743180029985,0.0004707464012361719,614803.7795013696,36176.045393677305
1471,733.3627937311,287.0,286.4166666666667,16.941433020195717,0.00047052807047544406,608713.2408004003,36005.14843477305
1472,733.8625912064,306.0,305.1458333333333,17.493364317331555,0.00047030999145688775,648818.5215629325,37195.39162487713
1473,734.3623888159001,293.0,292.1666666666667,17.117749884582118,0.00047009216390111937,621509.3317916312,36413.60396763116
1474,734.8621865596,280.0,279.375,16.7335895979713,0.00046987458752901265,594573.5466758986,35612.88488907282
1475,735.3619844375,287.0,286.3125,16.94149706834277,0.00046965726206182716,609620.0849595484,36072.043246959394
1476,735.8617824496,303.0,302.1666666666667,17.407393863272905,0.0004694401872210636,643674.4763063366,37081.1752745736
1477,736.3615805959,277.0,276.4583333333333,16.643655990263145,0.00046922336272857895,589182.7971346132,35470.64641768621
1478,736.8613788764,320.0,319.2291666666667,17.888992677839013,0.00046900678830653285,680649.3522606016,38142.289459032625
1479,737.3611772911,305.0,304.3125,17.464659255670195,0.00046879046367740004,649143.9642624937,37254.72382409333
1480,737.86097584,281.0,280.0208333333333,16.763663063470215,0.0004685743885639632,597601.6619079658,35775.8841981221
1481,738.3607745231001,278.0,277.2708333333333,16.673787541294335,0.00046835856268930085,592005.4749106165,35600.47551080084
1482,738.8605733404,315.0,314.2708333333333,17.74866730129962,0.0004681429857768155,671313.771393683,37912.91942962314
1483,739.3603722919,290.0,289.3958333333333,17.02975592325256,0.0004679276575502521,618462.7659078995,36393.99306381817
1484,739.8601713776,297.0,296.1041666666667,17.23422940529818,0.0004677125777336143,633090.0231537344,36847.9066541459
1485,740.3599705975,295.0,294.0833333333333,17.176119969953113,0.0004674977460512506,629058.2913336521,36740.54070855379
1486,740.8597699516,299.0,298.25,17.292068268428736,0.00046728316222781883,638263.9566511739,37005.545387056285
1487,741.3595694399,292.0,291.2708333333333,17.08845197705814,0.0004670688259883016,623614.373571206,36586.582161418206
1488,741.8593690624001,268.0,267.0208333333333,16.371328574845585,0.0004668547370579087,571956.9967653815,35067.285978539585
1489,742.3591688191001,288.0,287.2291666666667,16.971035885525012,0.0004666408951623066,615525.0635861285,36368.51390751375
1490,742.85896871,285.0,284.0416666666667,16.882534326272754,0.00046642730002734097,608973.0739388899,36195.42493606857
1491,743.3587687351,303.0,302.2291666666667,17.40735646293767,0.00046621395137927017,648262.8110388742,37337.69959358551
1492,743.8585688944,285.0,284.2708333333333,16.88239292790635,0.0004660008489445613,610022.136176735,36228.245004581084
1493,744.3583691879,343.0,342.2916666666667,18.520657573219275,0.0004657879924500758,734865.8020705724,39761.99016166
1494,744.8581696156,295.0,294.2291666666667,17.17603152732836,0.00046557538162298286,631968.9104715803,36892.052727215065
1495,745.3579701775,265.0,264.375,16.27922052290383,0.00046536301619068616,568104.8789912224,34981.76682831472
1496,745.8577708736001,266.0,265.1666666666667,16.31003866062589,0.0004651508958810118,570065.9055260592,35063.97344400275
1497,746.3575717039,303.0,302.3125,17.407306595699023,0.0004649390204219966,650219.6776807624,37439.97778439736
1498,746.8573726684,293.0,292.2708333333333,17.11768649590891,0.00046472738954203926,628908.1296055061,36833.82318562578
1499,747.3571737671,260.0,259.3541666666667,16.124932708731254,0.0004645160029698315,558332.038096674,34713.40622419526
1500,747.856975,267.0,266.1666666666667,16.340665871105468,0.0004643048604344169,573258.4113326609,35193.82901961585
1501,748.3567763671,267.0,266.2708333333333,16.340599467957784,0.0004640939616650931,573743.369506462,35209.6791118126
1502,748.8565778684,302.0,301.0625,17.378709136469258,0.00046388330639149687,649004.8161938309,37463.53640456809
1503,749.3563795039,290.0,289.1041666666667,17.02993432736734,0.00046367289434357634,623508.8791980231,36728.33701326598
1504,749.8561812736001,265.0,264.3958333333333,16.279207192168652,0.0004634627252515864,570479.1754068431,35125.17038631669
1505,750.3559831775001,260.0,259.2916666666667,16.1249730835262,0.0004632527988460971,559719.590065141,34808.15037424798
1506,750.8557852156,287.0,286.2083333333333,16.941561116247687,0.0004630431148579636,618102.989008111,36587.43769777127
1507,751.3555873879001,261.0,260.125,16.156058590097604,0.00046283367301838614,562026.9551771928,34906.83485653777
1508,751.8553896944001,273.0,272.125,16.523263272328098,0.000462624473058865,588220.0701590952,35716.3622647902
1509,752.3551921351,266.0,265.4375,16.309865687675053,0.0004624155147111986,574023.7763557282,35271.017448152386
1510,752.85499471,266.0,265.1875,16.31002535507941,0.0004622067977075042,573742.1027022998,35287.2900960682
1511,753.3547974191,275.0,274.1041666666667,16.58368665871508,0.0004619983217802037,593301.217221893,35895.556059194496
1512,753.8546002624,270.0,269.2916666666667,16.432125758539108,0.00046179008666203146,583147.3529741494,35583.53943306978
1513,754.3544032399001,280.0,279.6041666666667,16.733446941015405,0.00046158209208604223,605751.76433523,36252.37466512494
1514,754.8542063516,254.0,253.27083333333334,15.937854026569019,0.0004613743377855916,548948.679176501,34544.301061615624
1515,755.3540095975001,259.0,258.0833333333333,16.094070250319596,0.0004611668234943429,559631.1794022607,34898.58643423646
1516,755.8538129776,242.0,241.25,15.556851384518655,0.0004609595489462662,523364.79535240604,33748.84286502135
1517,756.3536164919,281.0,280.125,16.76359833587845,0.00046075251387564346,607972.8087508718,36383.08599744921
1518,756.8534201404,269.0,268.25,16.40169579647178,0.0004605457180170726,582461.1748752724,35613.610451294575
1519,757.3532239231,260.0,259.2916666666667,16.1249730835262,0.0004603391611054347,563262.239180384,35028.462590070594
1520,757.85302784,281.0,280.3333333333333,16.763468879945133,0.00046013284287595916,609244.3468742014,36431.80255329908
1521,758.3528318911,259.0,258.3125,16.093921924648033,0.00045992676306416333,561638.3318923396,34992.35795156979
1522,758.8526360764,252.0,251.35416666666666,15.87493164902171,0.0004597209214058736,546753.8129393805,34531.671085306596
1523,759.3524403959001,286.0,285.4375,16.911880993845717,0.00045951531763722335,621170.8055080468,36803.73720903305
1524,759.8522448496001,294.0,293.2708333333333,17.146871171505964,0.00045930995149464276,638503.1118507214,37331.808543899926
1525,760.3520494375,299.0,298.125,17.292143567720768,0.00045910482271490586,649361.5079820871,37664.91378910827
1526,760.8518541596001,266.0,265.0416666666667,16.310118493676793,0.0004588999310350607,577558.7415514714,35541.77586579474
1527,761.3516590159,271.0,270.2291666666667,16.462565384161056,0.0004586952761924663,589125.680364059,35889.98238833714
1528,761.8514640064,270.0,269.3333333333333,16.4320993451503,0.0004584908579248201,587434.4682735127,35839.535426123395
1529,762.3512691311,232.0,231.125,15.232144601685826,0.00045828667597011075,504324.06639523135,33237.15351191938
1530,762.8510743900001,257.0,256.4375,16.03158503548542,0.00045808273006659904,559806.085600995,34997.1391262767
1531,763.3508797831,253.0,252.375,15.90638302170966,0.0004578790199528798,551182.7120316013,34739.27026258285
1532,763.8506853104001,264.0,263.25,16.248557628294275,0.00045767554536790795,575189.1327040062,35502.35050298062
1533,764.3504909719001,255.0,254.29166666666666,15.969181473840305,0.00045747230605085393,555862.4277431099,34907.42775599869
1534,764.8502967676001,290.0,289.3958333333333,17.02975592325256,0.0004572693017412387,632878.3328146916,37242.28995562318
1535,765.3501026975,273.0,272.0625,16.523302673799808,0.0004570665321789022,595236.0998803363,36150.760360927845
1536,765.8499087616,260.0,259.125,16.12508074915182,0.0004568639971039875,567181.922065573,35295.144400449586
1537,766.3497149599,279.0,277.6666666666667,16.704124573822412,0.00045666169625689575,608035.8150083708,36578.773106526285
1538,766.8495212923999,262.0,261.3958333333333,16.186802859291134,0.00045645962937842046,572659.2594602213,35461.630815705124
1539,767.3493277591001,286.0,285.0625,16.912111968941076,0.0004562577962095805,624783.8445023688,37067.0092860672
1540,767.8491343600001,296.0,295.1666666666667,17.205155073730406,0.0004560561964917393,647215.5601376926,37725.953963750275
1541,768.3489410951,261.0,260.375,16.15589740105245,0.00045585482996657545,571179.645105639,35440.882357738854
1542,768.8487479644,252.0,251.25,15.875000000000002,0.0004556536963760203,551405.6003457948,34840.05534523182
1543,769.3485549679,246.0,245.35416666666666,15.684816060799411,0.0004554527954623936,538703.8330011202,34437.8522144662
1544,769.8483621056,253.0,252.14583333333334,15.90653309614917,0.000455252126968264,553859.7590141752,34940.052234523726
1545,770.3481693775,259.0,258.2083333333333,16.093989345577295,0.0004550516906364764,567426.3795661979,35367.387214992625
1546,770.8479767836,292.0,291.25,17.088464676500344,0.0004548514862102709,640318.8927151478,37569.327999514564
1547,771.3477843239001,281.0,280.3125,16.763481825583455,0.00045465151343312846,616543.6421476451,36871.0569090607
1548,771.8475919984,273.0,272.0833333333333,16.523289539986344,0.00045445177204884356,598706.727683505,36358.73057660881
1549,772.3473998071,305.0,304.1875,17.464733810835288,0.00045425226180150516,669644.4367577436,38447.21376085709
1550,772.84720775,342.0,341.3958333333333,18.493582314023303,0.0004540529824355462,751885.4550895835,40730.00955708623
1551,773.3470158271,340.0,339.4583333333333,18.439394912041507,0.0004538539336956781,747946.2182230412,40628.47877485985
1552,773.8468240384,274.0,273.2708333333333,16.55340421098398,0.0004536551153268959,602375.7345630703,36488.9618825435
1553,774.3466323839,280.0,279.1458333333333,16.733732253711032,0.0004534565270745337,615595.5789946115,36902.616358106905
1554,774.8464408636,270.0,269.2083333333333,16.43217858518935,0.00045325816868422165,593940.38967864,36253.463744273766
1555,775.3462494775,273.0,272.4166666666667,16.523079397551104,0.00045306003990185496,601281.6021595714,36469.95528700887
1556,775.8460582256,259.0,258.375,16.0938814719549,0.0004528621404737031,570537.867726665,35538.14733799644
1557,776.3458671079001,270.0,269.3541666666667,16.432086138439974,0.00045266447014628754,595041.5471742669,36300.80826341334
1558,776.8456761244,230.0,229.20833333333334,15.166294638294337,0.0004524670286664244,506574.6646974233,33519.11559831136
1559,777.3454852751,261.0,260.2916666666667,16.155951130912857,0.00045226981578127255,575522.9678925762,35721.930951779956
1560,777.8452945600001,236.0,235.45833333333334,15.36265877777093,0.0004520728312382634,520841.59246728953,33982.70746704991
1561,778.3451039791,279.0,278.1666666666667,16.703812771673153,0.00045187607478512924,615581.7539110412,36965.47284477487
1562,778.8449135324,242.0,241.5,15.556683986848439,0.00045167954616995136,534671.100446802,34441.86064824595
1563,779.3447232199,236.0,235.33333333333334,15.362743533916358,0.0004514832451410347,521244.88752582547,34027.27277092494
1564,779.8445330416001,246.0,245.27083333333334,15.68487140438908,0.0004512871714470467,543491.7029590615,34755.85480104771
1565,780.3443429975,252.0,251.27083333333334,15.874986329827886,0.0004510913248369478,557028.7422932775,35192.3999770248
1566,780.8441530876,237.0,236.5,15.395142632228733,0.0004508957050599776,524511.5385797278,34143.467013465764
1567,781.3439633119,266.0,265.3333333333333,16.30993221595016,0.0004507003118656845,588713.4451604432,36187.97632607533
1568,781.8437736704,256.0,255.04166666666666,16.000623902766346,0.0004505051450039004,566123.7601725027,35517.07251340673
1569,782.3435841631,301.0,300.2291666666667,17.34981438021104,0.0004503102042248282,666716.3298763935,38528.583668401014
1570,782.84339479,231.0,230.14583333333334,15.199269559386362,0.00045011548927889654,511303.9626830803,33767.488392226216
1571,783.3432055511,236.0,235.22916666666666,15.362814163680355,0.0004499209999168523,522823.2661070237,34145.581483237016
1572,783.8430164463999,247.0,246.08333333333334,15.716841197334222,0.0004497267358897559,547184.1313736286,34947.535788014575
1573,784.3428274759001,242.0,241.16666666666666,15.55690718334178,0.00044953269694896695,536483.0373930398,34606.84236970614
1574,784.8426386396001,230.0,229.10416666666666,15.166366182920827,0.0004493388828461275,509869.444672834,33752.62360305112
1575,785.3424499375001,243.0,242.29166666666666,15.588930590147756,0.00044914529333320383,539450.5302918084,34707.99053566597
1576,785.8422613696,248.0,247.14583333333334,15.748580734113435,0.00044895192816243965,550495.0927483513,35078.54571105726
1577,786.3420729359,264.0,263.5625,16.248357288764097,0.00044875878708636424,587314.4049417288,36207.32954168779
1578,786.8418846364,254.0,253.3125,15.93782679403521,0.00044856586985786114,564716.3928906765,35530.62741729658
1579,787.3416964711,260.0,259.4166666666667,16.124892333835216,0.0004483731762300783,578573.1181509163,35963.10660109802
1580,787.84150844,290.0,289.5833333333333,17.029641233906123,0.0004481807059564264,646130.7447748265,37997.265405623686
1581,788.3413205431001,282.0,281.1666666666667,16.79337253535189,0.0004479884587906999,627620.3351882056,37486.17225694591
1582,788.8411327804,320.0,319.5,17.888834972313507,0.00044779643448690954,713493.8454034072,39948.58733703574
1583,789.3409451519001,315.0,314.3125,17.74864284717755,0.00044760463279937946,702210.1134973681,39652.50032417036
1584,789.8407576576001,279.0,278.4166666666667,16.703656868415905,0.0004474130534827904,622281.0543845161,37333.86126844063
1585,790.3405702975,278.0,277.3333333333333,16.673748495431038,0.0004472216962920515,620124.9528650437,37282.9597349018
1586,790.8403830716001,271.0,270.2708333333333,16.46253901961123,0.00044703056098236246,604591.401400847,36826.42856326049
1587,791.3401959799,231.0,230.20833333333334,15.19922672557902,0.0004468396473093149,515192.27248422004,34014.94656327506
1588,791.8400090224,247.0,246.45833333333334,15.716592656241437,0.0004466489550287209,551794.2683141066,35187.796768114706
1589,792.3398221991,256.0,255.4375,16.000366206746644,0.00044645848389664855,572141.6642608402,35838.4189882493
1590,792.8396355100001,241.0,240.125,15.524761807083118,0.00044626823366956025,538073.2525492746,34787.96077288899
1591,793.3394489551,248.0,247.29166666666666,15.748484274508593,0.00044607820410415364,554368.4143081942,35304.312404448974
1592,793.8392625344001,293.0,292.2916666666667,17.1176738181461,0.0004458883949574454,655526.5173352681,38390.04112179186
1593,794.3390762479,275.0,274.375,16.583516540026526,0.00044569880598675896,615606.3160020027,37207.89985809205
1594,794.8388900956,260.0,259.1666666666667,16.125053832812807,0.0004455094369496466,581731.0368129392,36194.64032730541
1595,795.3387040775,260.0,259.3125,16.12495962527245,0.00044532028760401984,582305.6061406784,36209.802414415964
1596,795.8385181936,251.0,250.22916666666666,15.84348632807116,0.00044513135770807673,562146.79629641,35592.833561866326
1597,796.3383324439,271.0,270.4166666666667,16.462446743354338,0.00044494264702030835,607756.2321292257,36999.0308944311
1598,796.8381468284,248.0,247.16666666666666,15.748566954206058,0.000444754155299445,555737.7344799708,35409.60048726881
1599,797.3379613471001,248.0,247.375,15.748429154469132,0.00044456588230461957,556441.710546058,35424.286436083734
1600,797.8377760000001,263.0,262.1666666666667,16.217809997379767,0.00044437782779515125,589963.4281202706,36495.54271833705
1601,798.3375907871,237.0,236.125,15.395396362765938,0.00044418999153072195,531585.5928817537,34659.48503187094
1602,798.8374057084001,246.0,245.29166666666666,15.68485756850997,0.00044400237327128485,552455.7557191114,35326.06695984155
1603,799.3372207639001,254.0,253.16666666666666,15.93792210769996,0.0004438149727770692,570432.910549491,35911.18615934048
1604,799.8370359536,271.0,270.125,16.462631295350896,0.000443627789808604,608900.0874281141,37109.10739485782
1605,800.3368512774999,281.0,280.25,16.763520662438427,0.0004434458384117812,631982.4784098244,37802.85935815215
1606,800.8366667355999,260.0,259.4583333333333,16.124865417181695,0.0004432665211840771,585332.5729185557,36377.359097881104
1607,801.3364823279001,257.0,256.3333333333333,16.03165271857175,0.00044308741036389043,578516.39955831,36181.69314584131
1608,801.8362980544001,272.0,271.2708333333333,16.492883040033426,0.00044290850573392197,612476.0076210859,37237.67511013111
1609,802.3361139151001,273.0,272.3125,16.523145067349212,0.00044272980707702993,615076.0478447315,37321.058585229555
1610,802.83592991,249.0,248.4375,15.780105156493729,0.00044255131417639395,561375.5784735434,35657.119640150995
1611,803.3357460391001,252.0,251.39583333333334,15.874904308547992,0.00044237302681537373,568289.2448102502,35885.78721182621
1612,803.8355623024,277.0,276.2708333333333,16.643773339366955,0.00044219494477766,624771.5777760531,37638.995053947554
1613,804.3353786999,246.0,245.3125,15.684843732618654,0.0004420170678470741,554984.2253712959,35484.701550133774
1614,804.8351952316,257.0,256.2291666666667,16.031720401372333,0.0004418393958077743,579914.7135764715,36284.04473092087
1615,805.3350118975,258.0,257.3541666666667,16.06279723028063,0.00044166192844414084,582694.9304262152,36368.9876708768
1616,805.8348286976001,240.0,239.35416666666666,15.492367632518638,0.00044148466554080445,542157.3734015552,35091.51923440192
1617,806.3346456319,262.0,261.3333333333333,16.186843079763545,0.00044130760688260585,592179.534768028,36679.275016597385
1618,806.8344627004001,252.0,251.35416666666666,15.87493164902171,0.00044113075225467655,569795.1579706535,35986.90766373206
1619,807.3342799031001,241.0,240.16666666666666,15.524733849928351,0.0004409541014423954,544652.3025436494,35207.14241946209
1620,807.83409724,249.0,248.375,15.780146413558187,0.00044077765423133355,563492.7215925633,35800.69511708115
1621,808.3339147111,266.0,265.375,16.30990560467268,0.00044060141040732975,602301.7487725802,37017.370392878234
1622,808.8337323164,254.0,253.3125,15.93782679403521,0.00044042536975652063,575154.1972707843,36187.349522680954
1623,809.3335500559,272.0,271.3333333333333,16.492843565889082,0.00044024953206523316,616317.1419183451,37462.48971241447
1624,809.8333679296001,251.0,250.4375,15.843349353908724,0.00044007389712002277,569080.5604216452,36001.565777003394
1625,810.3331859375,295.0,294.1458333333333,17.17608206602684,0.0004398984647077372,668667.5606580258,39045.56038275424
1626,810.8330040796001,273.0,272.3541666666667,16.523118799461287,0.00043972323461543796,619376.3377203739,37576.17860223297
1627,811.3328223559,245.0,244.14583333333334,15.65304427703726,0.00043954820663046404,555447.2288828858,35611.66679994454
1628,811.8326407664,263.0,262.1875,16.217796616166247,0.00043937338054034203,596730.5066992484,36911.19520309031
1629,812.3324593111,253.0,252.5,15.906301162327672,0.0004391987561329078,574910.5535344228,36216.63527096647
1630,812.83227799,258.0,257.2083333333333,16.062891802398333,0.000439024333196196,585863.5020541999,36587.70274863096
1631,813.3320968031,278.0,277.3958333333333,16.673709449476306,0.0004388501115184944,632096.9872230352,37994.08730188651
1632,813.8319157504,270.0,269.3541666666667,16.432086138439974,0.00043867609088832084,614016.0639282241,37458.35818214969
1633,814.3317348319001,258.0,257.1875,16.062905312655406,0.0004385022710944751,586513.4959462709,36631.293317052536
1634,814.8315540476001,266.0,265.3125,16.30994552157262,0.00043832865192597233,605282.1298225507,37209.39858690128
1635,815.3313733975,252.0,251.14583333333334,15.875068350684003,0.0004381552331720604,573189.1674901214,36231.60731358874
1636,815.8311928816,279.0,278.1458333333333,16.703825763545577,0.00043798201462228066,635062.2264094761,38138.15454945358
1637,816.3310124999,259.0,258.0833333333333,16.094070250319596,0.00043780899606633757,589488.4199552357,36760.48321282324
1638,816.8308322524,251.0,250.35416666666666,15.843404143715803,0.00043763617729423494,572060.0344663613,36202.226794115886
1639,817.3306521391,276.0,275.375,16.6136396022465,0.0004374635580961997,629481.0045399121,37977.19671679053
1640,817.83047216,245.0,244.35416666666666,15.652905636370237,0.00043729113826271397,558790.5751702304,35795.15857228817
1641,818.3302923151001,266.0,265.3541666666667,16.309918910316846,0.00043711891758451153,607052.5799546613,37312.31537734471
1642,818.8301126044,273.0,272.3125,16.523145067349212,0.0004369468958525249,623216.4653983695,37814.99588207621
1643,819.3299330279001,266.0,265.4375,16.309865687675053,0.0004367750728579529,607721.2654631622,37341.56709299964
1644,819.8297535856001,272.0,271.3541666666667,16.492830407819973,0.0004366034483922459,621511.7348841488,37775.309536728084
1645,820.3295742775,277.0,276.3333333333333,16.64373422309095,0.00043643202224708145,633164.6608114609,38135.91435705483
1646,820.8293951036001,281.0,280.5416666666667,16.763339423012084,0.00043626079421435726,643059.5423360968,38425.04218881378
1647,821.3292160639,253.0,252.3125,15.906423951242676,0.0004360897640862931,578579.276054901,36475.114210878666
1648,821.8290371584,254.0,253.29166666666666,15.937840410307931,0.00043591893165522154,581052.2284611418,36561.477955982744
1649,822.3288583871,273.0,272.4166666666667,16.523079397551104,0.00043574829671384394,625169.7797124444,37918.86169643898
1650,822.8286797500001,270.0,269.2291666666667,16.432165378542713,0.00043557785905501184,618096.5378974051,37724.97852437305
1651,823.3285012471,276.0,275.2916666666667,16.61369185173616,0.0004354076184718314,632261.9425743389,38156.640230701385
1652,823.8283228784001,282.0,281.3958333333333,16.79323038624658,0.00043523757475772806,646533.8694389388,38584.05468690155
1653,824.3281446439,270.0,269.3541666666667,16.432086138439974,0.00043506772770626566,619108.588188642,37769.03018082287
1654,824.8279665436,298.0,297.3125,17.263091348789956,0.00043489807711128526,683637.1914422635,39694.56812376877
1655,825.3277885775,299.0,298.5208333333333,17.2919051188378,0.00043472862276685014,686683.1804940376,39776.320705047394
1656,825.8276107455999,299.0,298.5208333333333,17.2919051188378,0.00043455936446732085,686950.6395271394,39791.813346455136
1657,826.3274330479,285.0,284.375,16.882328655530117,0.000434390302007231,654653.1971039864,38864.42348625243
1658,826.8272554844,274.0,273.2291666666667,16.55343043081336,0.0004342214351814073,629239.2418456222,38122.094142813876
1659,827.3270780551001,302.0,301.4791666666667,17.37845938782965,0.00043405276378484823,694568.0152749914,40037.6655508265
1660,827.8269007600001,317.0,316.1458333333333,17.80499354503924,0.0004338842876128513,728640.8896544917,41036.271774207176
1661,828.3267235991001,317.0,316.0208333333333,17.80506667512244,0.0004337160064609127,728635.3941880947,41052.362398174635
1662,828.8265465724,351.0,350.375,18.73534149230628,0.0004335479201248262,808157.4924846157,43214.00385662567
1663,829.3263696799,298.0,297.5208333333333,17.262965638582756,0.00043338002840051455,686512.561345755,39833.32065922736
1664,829.8261929216,293.0,292.4375,17.117585073543523,0.00043321233108425933,675044.2658639862,39513.15289364229
1665,830.3260162975,340.0,339.3541666666667,18.43945375712391,0.0004330448279725247,783646.7375802434,42580.935196607024
1666,830.8258398076,375.0,374.125,19.36538740037665,0.0004328775188619881,864274.4972840231,44736.41285712231
1667,831.3256634519,353.0,352.3333333333333,18.788663839903275,0.0004327104035495716,814247.4284027002,43420.87383565954
1668,831.8254872304001,345.0,344.2083333333333,18.574619593831674,0.00043254348183249135,795777.413810695,42942.78003020506
1669,832.3253111431001,342.0,341.1041666666667,18.493746597010688,0.00043237675350816184,788904.962857185,42772.29626005226
1670,832.8251351900001,404.0,403.0625,20.100237094372794,0.00043221021837417826,932561.2465068002,46505.69616327621
1671,833.3249593711,425.0,424.1458333333333,20.61595971908388,0.00043204387622849055,981719.3499787501,47717.28255715614
1672,833.8247836864,388.0,387.1041666666667,19.69818933796821,0.00043187772686915693,896328.1562884233,45610.57010457045
1673,834.3246081359,391.0,390.3125,19.77408210048362,0.00043171177009458883,904104.374811189,45803.89850420591
1674,834.8244327195999,407.0,406.5,20.174499167678654,0.0004315460057033433,941962.1422227678,46749.359051065265
1675,835.3242574375,426.0,425.4166666666667,20.6400618404543,0.00043138043349425355,986175.156857998,47846.54156255154
1676,835.8240822896,439.0,438.4375,20.952606490601593,0.0004312150532664069,1016749.0598458562,48589.6916906956
1677,836.3239072759001,497.0,496.3125,22.293818042602453,0.000431049864819092,1151403.9105621763,51719.81216595203
1678,836.8237323964,443.0,442.1458333333333,21.047987911885755,0.00043088486795181565,1026134.5111399385,48848.28750644239
1679,837.3235576511,529.0,528.2708333333334,23.000330236155786,0.00043072006246437677,1226482.997589704,53399.71884420419
1680,837.8233830400001,490.0,489.0,22.136414193209642,0.0004305554481567678,1135742.218786074,51413.619983156364
1681,838.3232085631,475.0,474.3541666666667,21.794803391201103,0.00043039102482923575,1102146.9763568467,50639.539706592455
1682,838.8230342204,541.0,540.375,23.25968660221658,0.00043022679228222927,1256023.5896362155,54063.77989346186
1683,839.3228600118999,566.0,565.4166666666666,23.791009915045173,0.0004300627503164651,1314730.6207073277,55319.85715465561
1684,839.8226859376001,556.0,555.4375,23.57990073664433,0.00042989889873287383,1292018.8947614217,54849.87471739528
1685,840.3225119975001,657.0,656.1041666666666,25.632375293648547,0.0004297352373326401,1526763.713255387,59646.901317072115
1686,840.8223381916,594.0,593.2916666666666,24.37241795440995,0.0004295717659171918,1381123.5135528785,56736.54529499083
1687,841.3221645199001,664.0,663.3333333333334,25.768466948751318,0.00042940848428810375,1544760.6593825053,60009.21707793374
1688,841.8219909824,756.0,755.4375,27.49566727231765,0.00042924539224731376,1759919.881830083,64055.8239387594
1689,842.3218175791,786.0,785.3958333333334,28.0359160150967,0.00042908248959688735,1830407.5611922403,65339.22193244419
1690,842.82164431,882.0,881.4583333333334,29.69867479740842,0.00042891977613916416,2055065.731096861,69240.62831687342
1691,843.3214711751,972.0,971.3541666666666,31.177130317928736,0.0004287572516767504,2265510.758985348,72715.10906463658
1692,843.8212981744,1084.0,1083.4166666666667,32.92433982296043,0.0004285949160123818,2527833.6867518225,76819.24958253416
1693,844.3211253079,1515.0,1514.3125,38.9231849020178,0.00042843276894914537,3534539.395094094,90850.15835153812
1694,844.8209525756,3010.0,3009.375,54.86358556304294,0.0004282708102903043,7026803.899990495,128104.8912155688
1695,845.3207799775,7018.0,7017.375,83.77358187897504,0.0004281090398393093,16391559.969474066,195682.814617555
1696,845.8206075136001,13095.0,13094.166666666666,114.43346259338267,0.0004279474573999382,30597603.608214725,267400.73019393807
1697,846.3204351839,18074.0,18073.104166666668,134.43964691709974,0.00042778606277612944,42247996.69578004,314268.41268425144
1698,846.8202629884,18785.0,18784.354166666668,137.05843080548203,0.0004276248557720727,43927180.36174883,320510.9079967401
1699,847.3200909271,14530.0,14529.5625,120.54048744958406,0.0004274638361921948,33990156.054902546,281989.9070839459
1700,847.819919,8780.0,8779.458333333334,93.7017144171985,0.0004273030038411261,20546212.533992834,219286.34616394454
1701,848.3197472071,4634.0,4633.458333333333,68.07357258674047,0.0004271423585237567,10847573.978256317,159369.75396682502
1702,848.8195755484,2407.0,2406.25,49.061345527818546,0.0004269819000452274,5635484.782247495,114902.63527007069
1703,849.3194040239,1229.0,1228.2916666666667,35.0573067554318,0.00042682162821083185,2877763.415634464,82135.7317397116
1704,849.8192326336,672.0,671.25,25.92326416561001,0.00042666154282617805,1573261.080794121,60758.38003560389
1705,850.3190613775,429.0,428.1666666666667,20.71273427413945,0.0004265016436970433,1003903.9075094541,48564.25427718238
1706,850.8188902556,339.0,338.2916666666667,18.412353378762976,0.0004263419306294918,793475.0076474549,43186.8227260153
1707,851.3187192679,292.0,291.6041666666667,17.088248784699317,0.0004261824034297174,684223.8541994513,40096.091831058846
1708,851.8185484144,241.0,240.41666666666666,15.52456610594247,0.0004260230619042588,564327.8220480377,36440.670691746134
1709,852.3183776951,243.0,242.4375,15.588833142669788,0.00042586390585981734,569283.9817230337,36605.199285898634
1710,852.8182071100001,278.0,277.2083333333333,16.673826587066195,0.0004257049351033393,651174.8172852198,39167.56704504412
1711,853.3180366591,249.0,248.47916666666666,15.780077651724165,0.00042554614944198104,583906.5092998669,37081.94204651268
1712,853.8178663424001,273.0,272.5,16.523026861524695,0.0004253875486831658,640592.3277339778,38842.290783248245
1713,854.3176961599,240.0,239.20833333333334,15.49246568676386,0.0004252291326345097,562539.8519883072,36433.21799421454
1714,854.8175261116,266.0,265.5208333333333,16.30981246485958,0.0004250709011038716,624650.6939049442,38369.62827261155
1715,855.3173561975,228.0,227.45833333333334,15.100042540411012,0.00042491285389932197,535305.842706342,35536.79866787176
1716,855.8171864175999,257.0,256.4166666666667,16.031598572125546,0.0004247549908291899,603681.3509032589,37743.167045145936
1717,856.3170167719,255.0,254.4375,15.969086346751338,0.0004245973117019853,599244.2556456495,37609.956320118334
1718,856.8168472604,233.0,232.29166666666666,15.264820894607459,0.0004244398163265037,547289.9990324528,35964.629866074756
1719,857.3166778831,225.0,224.39583333333334,15.000419554317658,0.0004242825045117188,528883.0695283489,35354.791665474724
1720,857.81650864,229.0,228.25,15.133262206147094,0.0004241253760668323,538166.3368428893,35681.10530543318
1721,858.3163395311001,213.0,212.27083333333334,14.595039944180426,0.0004239684308012954,500676.03602500295,34424.82714242655
1722,858.8161705564,234.0,233.08333333333334,15.297682740278747,0.0004238116685247881,549969.1269583359,36095.4732405722
1723,859.3160017159,217.0,216.1875,14.731494394097746,0.00042365508904719637,510291.2855035151,34772.376810648006
1724,859.8158330096,216.0,215.33333333333334,14.697410958699116,0.0004234986921786335,508462.80593118066,34704.73753552865
1725,860.3156644375,249.0,248.45833333333334,15.78009140411494,0.00042334247772942443,586896.7712995086,37275.001291509056
1726,860.8154959996,225.0,224.35416666666666,15.000448488665635,0.0004231864455101656,530154.4249513949,35446.42945872732
1727,861.3153276959001,214.0,213.1875,14.629317382685132,0.0004230305953316703,503952.91109583643,34582.17335607901
1728,861.8151595264001,221.0,220.20833333333334,14.86662345845739,0.00042287492700489386,520741.0495888419,35156.07691322248
1729,862.3149914911,247.0,246.4375,15.716606464183037,0.0004227194403411164,582981.2317151432,37179.75792998877
1730,862.8148235900001,252.0,251.39583333333334,15.874904308547992,0.0004225641351518095,594929.4140711147,37568.03521161304
1731,863.3146558231,258.0,257.4583333333333,16.062729678427083,0.0004224090112486398,609500.0970085539,38026.484404169554
1732,863.8144881904,251.0,250.375,15.843390446281798,0.00042225406844353724,592948.6977423392,37520.98944761343
1733,864.3143206919,242.0,241.4375,15.556725836434863,0.00042209930654863457,571992.1740079462,36855.60624024007
1734,864.8141533276,240.0,239.47916666666666,15.49228358552878,0.0004219447253762832,567560.5174424285,36716.381681778395
1735,865.3139860975,236.0,235.10416666666666,15.36289891896853,0.00042179032473908844,557395.8264976743,36423.07093808216
1736,865.8138190016001,254.0,253.22916666666666,15.937881259056292,0.0004216361044498281,600587.008546369,37800.08659327891
1737,866.3136520399,226.0,225.39583333333334,15.033715003469885,0.000421482064321537,534769.6910808169,35668.69453311085
1738,866.8134852124,224.0,223.25,14.96715153260633,0.0004213282041674659,529871.9568065386,35523.73514177872
1739,867.3133185191,253.0,252.20833333333334,15.906492166896998,0.0004211745238010945,598821.4364372196,37766.98557961464
1740,867.81315196,215.0,214.33333333333334,14.66335189814692,0.00042102102303612123,509079.8834407486,34828.075311785295
1741,868.3129855351,243.0,242.20833333333334,15.588986274147384,0.00042086770168643834,575497.5550815427,37040.11073237866
1742,868.8128192444,230.0,229.5,15.166094311544638,0.0004207145595661998,545500.4938185125,36048.41802285723
1743,869.3126530879,249.0,248.47916666666666,15.780077651724165,0.00042056159648975674,590827.0482626405,37521.442241596844
1744,869.8124870656001,251.0,250.52083333333334,15.843294563912169,0.00042040881227168773,595898.1496597058,37685.44830995002
1745,870.3123211775,270.0,269.3958333333333,16.43205972498748,0.00042025620672680726,641027.613682473,39100.100038901604
1746,870.8121554236001,263.0,262.4166666666667,16.21764942208882,0.0004201037796701122,624647.2404336144,38603.91219242012
1747,871.3119898039,282.0,281.4375,16.793204540825435,0.00041995153091686283,670166.6246710641,39988.435103835734
1748,871.8118243184,242.0,241.625,15.556600287337847,0.00041979946028251436,575572.4407968331,37057.21840821008
1749,872.3116589671,236.0,235.33333333333334,15.362743533916358,0.00041964756758271974,560788.0314639143,36608.6800464728
1750,872.81149375,229.0,228.5625,15.133047101735109,0.0004194958526334142,544850.4402729684,36074.36642516573
1751,873.3113286670999,232.0,231.41666666666666,15.231945140978477,0.00041934431525071647,551853.5920257029,36323.24223084231
1752,873.8111637183999,218.0,217.45833333333334,14.765205204202962,0.0004191929552509321,518754.74196163705,35222.932588083204
1753,874.3109989039001,231.0,230.52083333333334,15.199012554731603,0.00041904177245064765,550114.209342895,36270.87692438027
1754,874.8108342236001,235.0,233.91666666666666,15.330445833192343,0.0004188907666666186,558419.2474044987,36597.71724066991
1755,875.3106696775001,236.0,235.16666666666666,15.362856541382891,0.0004187399377158738,561605.5348086561,36688.30020175195
1756,875.8105052656,225.0,224.4375,15.000390619913869,0.0004185892854155727,536175.9314435866,35835.581899860576
1757,876.3103409879,267.0,266.2291666666667,16.34062602924924,0.00041843880958318574,636243.9634408249,39051.4112338825
1758,876.8101768444,230.0,229.04166666666666,15.16640910953472,0.00041828851003635994,547568.63067254,36258.249379636014
1759,877.3100128351,242.0,241.45833333333334,15.55671188658523,0.0004181383865929332,577460.3362795253,37204.69678314903
1760,877.80984896,245.0,244.25,15.652974956857244,0.00041798843907103544,584346.3052299652,37448.34424522705
1761,878.3096852191001,241.0,240.39583333333334,15.524580084677188,0.00041783866728890547,575331.7061178469,37154.48401510206
1762,878.8095216124001,218.0,217.4375,14.765219901850429,0.0004176890710650999,520572.63419782126,35349.78749671227
1763,879.3093581399,217.0,216.41666666666666,14.731332349036789,0.00041753965021836117,518314.04886574723,35281.27769741802
1764,879.8091948016,233.0,232.5,15.264678727921746,0.0004173904045676141,557032.4508079024,36571.704957460235
1765,880.3090315975,234.0,233.39583333333334,15.297469947855939,0.00041724133393201566,559378.5043630465,36663.36171369942
1766,880.8088685276,235.0,234.41666666666666,15.330106091536933,0.00041709243813098905,562025.6931942925,36754.696777126584
1767,881.3087055919,264.0,263.3125,16.24851756058585,0.00041694371698410406,631530.0825363889,38970.52983102111
1768,881.8085427904,227.0,226.33333333333334,15.06698008523569,0.0004167951703111652,543032.5240197973,36149.60335069908
1769,882.3083801230999,220.0,219.41666666666666,14.832806638589265,0.0004166467979322218,526625.1120988103,35600.433537958445
1770,882.80821759,238.0,237.4375,15.427628422735621,0.00041649859966751644,570079.9479026874,37041.249202401224
1771,883.3080551911,229.0,228.20833333333334,15.133290886504348,0.0004163505753374914,548115.8111727093,36347.47201739156
1772,883.8078929264001,271.0,270.3125,16.462512655019182,0.0004162027247628455,649473.162757465,39554.0722718709
1773,884.3077307959,209.0,208.22916666666666,14.457387697221716,0.00041605504776442986,500484.6540993438,34748.73763677416
1774,884.8075687996001,226.0,225.41666666666666,15.033700568315766,0.00041590754416337465,541987.4436759908,36146.73688729797
1775,885.3074069375,235.0,234.41666666666666,15.330106091536933,0.00041576021378099203,563826.5973909403,36872.47019651644
1776,885.8072452096,248.0,247.52083333333334,15.748332693935852,0.0004156130564388053,595555.9612448754,37891.81415250998
1777,886.3070836159,225.0,224.52083333333334,15.000332750938856,0.0004154660719585691,540407.1438972347,36104.83205096639
1778,886.8069221564,206.0,205.27083333333334,14.353229287244812,0.00041531926016221164,494248.2880595533,34559.507983421856
1779,887.3067608311001,239.0,238.27083333333334,15.460116137087141,0.00041517262087191497,573907.8671250875,37237.802687033996
1780,887.8065996400001,241.0,240.27083333333334,15.524663956821167,0.0004150261539100892,578929.378473303,37406.471400798546
1781,888.3064385831001,262.0,261.5208333333333,16.186722418046497,0.0004148798590992919,630353.1675437258,39015.44522596981
1782,888.8062776604,228.0,227.47916666666666,15.10002816866394,0.00041473373626232756,548494.4839953445,36408.97001712169
1783,889.3061168719,253.0,252.39583333333334,15.906369378508584,0.0004145877852222437,608787.4325531182,38366.71012866871
1784,889.8059562175999,215.0,214.33333333333334,14.66335189814692,0.0004144420058022348,517161.21998408105,35380.95003126696
1785,890.3057956975,232.0,231.41666666666666,15.231945140978477,0.0004142963978257956,558577.5495059296,36765.81602185024
1786,890.8056353116,230.0,229.29166666666666,15.166237402350145,0.0004141509611165265,553642.7249824796,36620.070520814115
1787,891.3054750599001,205.0,204.375,14.318275763280065,0.00041400569549831335,493652.6289910246,34584.73136715192
1788,891.8053149424001,203.0,202.5,14.248172397422296,0.0004138606007952224,489295.186859782,34427.46753386238
1789,892.3051549591,216.0,215.45833333333334,14.697322365731189,0.0004137156768315598,520788.4191950866,35525.176319859536
1790,892.80499511,225.0,224.41666666666666,15.00040508712274,0.0004135709234318052,542631.6357167003,36270.45383812191
1791,893.3048353951,220.0,219.3125,14.832879791755431,0.0004134263404206602,530475.3920053815,35877.92634756416
1792,893.8046758144,256.0,255.47916666666666,16.0003390806084,0.00041328192762306955,618171.6392391452,38715.31274699575
1793,894.3045163679,256.0,255.41666666666666,16.00037976979852,0.00041313768486411626,618236.186201883,38728.92828709429
1794,894.8043570556,233.0,232.20833333333334,15.26487776091101,0.0004129936119691722,562256.4771066398,36961.53479984202
1795,895.3041978775,255.0,254.39583333333334,15.969113525977436,0.0004128497087637734,616194.7748372882,38680.21022418774
1796,895.8040388336001,230.0,229.25,15.16626602034924,0.00041270597507366756,555480.2058755731,36748.35581830885
1797,896.3038799239,256.0,255.33333333333334,16.00043402189106,0.00041256241072483874,618896.260773572,38783.06313408338
1798,896.8037211484001,251.0,250.22916666666666,15.84348632807116,0.0004124190155434258,606735.2794995427,38415.99376109009
1799,897.3035625071001,249.0,248.39583333333334,15.780132661215353,0.00041227578935580596,602499.2001627351,38275.67145253014
1800,897.803404,273.0,272.3541666666667,16.523118799461287,0.0004121327319886151,660840.9027657388,40091.74112362841
1801,898.3032456271,272.0,271.3125,16.492856723947696,0.00041198984326861317,658541.7199790215,40032.19252469416
1802,898.8030873884,225.0,224.54166666666666,15.00031828366022,0.000411847123022799,545206.3499160014,36422.05431365812
1803,899.3029292839,254.0,253.33333333333334,15.937813177750858,0.0004117045710784117,615327.9587587684,38711.77124898961
1804,899.8027713136,228.0,227.39583333333334,15.100085655570155,0.00041156218726284334,552518.7696315441,36689.68171249055
1805,900.3026134775,250.0,249.35416666666666,15.8118137751844,0.0004114199714037288,606081.8239228693,38432.29515873009
1806,900.8024557756,242.0,241.4375,15.556725836434863,0.0004112779233288959,587042.2074829536,37825.336479328274
1807,901.3022982079,233.0,232.375,15.26476402809206,0.00041113604286641147,565202.2099057478,37128.25545935404
1808,901.8021407744001,239.0,238.4375,15.460003840555798,0.0004109943298444733,580147.9063962476,37616.10007224699
1809,902.3019834751,257.0,256.2916666666667,16.031679791726273,0.00041085278409156817,623804.1376142801,39020.49690906618
1810,902.80182631,238.0,237.375,15.427670622402246,0.0004107114054363382,577960.5748903265,37563.287549835506
1811,903.3016692791,230.0,229.4375,15.166137238928046,0.0004105701937076546,558826.4893953075,36939.20667248206
1812,903.8015123824,221.0,220.33333333333334,14.866535873864123,0.00041042914873457427,536836.4649846631,36221.92994747153
1813,904.3013556199,253.0,252.4375,15.906342092071325,0.00041028827034636896,615268.6251227461,38768.698112288344
1814,904.8011989916,230.0,229.41666666666666,15.166151548028846,0.0004101475583725329,559351.5357667686,36977.30545613436
1815,905.3010424975,235.0,234.54166666666666,15.330021154946627,0.00041000701264273413,572043.0613001201,37389.65598694448
1816,905.8008861376001,234.0,233.54166666666666,15.29737064371231,0.00040986663298684805,569799.1684874739,37322.80066868282
1817,906.3007299119,242.0,241.41666666666666,15.556739786271985,0.00040972641923499835,589214.3033329815,37968.60308719664
1818,906.8005738204,261.0,260.3333333333333,16.15592426600499,0.0004095863712174684,635600.5756722561,39444.486929539606
1819,907.3004178630999,244.0,243.3125,15.620957810475856,0.0004094464887647206,594247.3721879056,38151.402537614864
1820,907.80026204,239.0,238.22916666666666,15.460144211092526,0.00040930677170752526,582030.8461373221,37771.53294238617
1821,908.3001063511001,281.0,279.7083333333333,16.76385724474598,0.00040916721987672386,683603.9637232068,40970.67514303
1822,908.7999507964,245.0,243.41666666666666,15.653529509701993,0.00040902783310346134,595110.2760410334,38270.08394742301
1823,909.2997953759001,238.0,235.89583333333334,15.42866931415524,0.0004088886112190265,576919.5493854748,37733.18427274726
1824,909.7996400896001,250.0,248.64583333333334,15.812280411299174,0.00040874955405495786,608308.5127963271,38684.520275154
1825,910.2994849375,260.0,259.1041666666667,16.12509420730448,0.00040861066144296106,634110.1471793967,39463.224357290586
1826,910.7993299196,248.0,247.3125,15.748470494516814,0.00040847193321495636,605457.7558205278,38554.5963233397
1827,911.2991750359,224.0,223.52083333333334,14.966963039938626,0.00040833336920304713,547397.9110979435,36653.78381676218
1828,911.7990202864,253.0,252.22916666666666,15.906478523789538,0.0004081949692395788,617913.4621294847,38967.845570026286
1829,912.2988656711,234.0,233.35416666666666,15.297498320350002,0.00040805673315705537,571866.9677651217,37488.65556511282
1830,912.7987111900001,229.0,228.33333333333334,15.133204845269521,0.00040791866078822113,559752.1155127469,37098.58435019284
1831,913.2985568431001,231.0,230.45833333333334,15.199055389142519,0.0004077807519659927,565152.5537246364,37272.61602188143
1832,913.7984026304,258.0,257.4583333333333,16.062729678427083,0.0004076430065234722,631577.9474031251,39403.91328043595
1833,914.2982485519,255.0,254.47916666666666,15.96905916747898,0.00040750542429401833,624480.4400028255,39187.353628837045
1834,914.7980946076,245.0,244.20833333333334,15.653002684966088,0.000407368005111154,599478.4329385391,38424.722826956
1835,915.2979407975,241.0,240.41666666666666,15.52456610594247,0.000407230748808593,590369.630412333,38122.283622643
1836,915.7977871216,236.0,235.33333333333334,15.362743533916358,0.00040709365522024793,578081.555228396,37737.61476484994
1837,916.2976335799,214.0,213.45833333333334,14.629124537108234,0.0004069567241802953,524523.4214111775,35947.61719830202
1838,916.7974801724,240.0,239.66666666666666,15.492157514189058,0.0004068199555230384,589122.1986850009,38081.1150089016
1839,917.2973268991001,245.0,244.52083333333334,15.652794722952477,0.00040668334908297067,601256.0727767753,38488.899922379234
1840,917.7971737600001,244.0,243.39583333333334,15.620902240445508,0.0004065469046948226,598690.6566563093,38423.37024351828
1841,918.2970207551,247.0,246.39583333333334,15.716634080029845,0.00040641062219355374,606273.1136392073,38671.809302623915
1842,918.7968678844001,267.0,266.375,16.340533064540253,0.00040627450141427645,655652.764504604,40220.42487937947
1843,919.2967151479,222.0,221.45833333333334,14.9000431114216,0.00040613854219226825,545277.8062824033,36687.09458352228
1844,919.7965625456,251.0,250.47916666666666,15.843321958934132,0.00040600274436308634,616939.5900503183,39022.69671548211
1845,920.2964100775,237.0,236.54166666666666,15.395114439688687,0.0004058671077624247,582805.7069486077,37931.416824002044
1846,920.7962577436,235.0,234.54166666666666,15.330021154946627,0.00040573163222620996,578070.9415722885,37783.64795180571
1847,921.2961055439001,278.0,277.5625,16.67360532648333,0.0004055963175905394,684331.9033290804,41108.867618753364
1848,921.7959534784001,313.0,312.6041666666667,17.692039072073566,0.0004054611636917168,770984.2388366157,43634.36170060743
1849,922.2958015471,339.0,338.3125,18.412341592439205,0.0004053261703662376,834667.2994105301,45425.98760845494
1850,922.79564975,317.0,316.3333333333333,17.80488384935125,0.00040519133745083366,780701.1258519748,43941.916333568486
1851,923.2954980871,362.0,361.6458333333333,19.02649149139752,0.00040505666478236625,892827.7566489192,46972.41928267074
1852,923.7953465584,296.0,295.375,17.205028940206212,0.0004049221521979497,729461.2023488489,42489.720176621464
1853,924.2951951639,309.0,308.5208333333333,17.578679775196115,0.0004047877995348608,762179.1805184167,43426.90119463993
1854,924.7950439036,295.0,294.375,17.175943084248193,0.000404653606630582,727474.0547876594,42446.03978021262
1855,925.2948927775,285.0,284.3333333333333,16.882354364509975,0.00040451957332278106,702891.4101678173,41734.33247206291
1856,925.7947417856001,258.0,257.3125,16.062824250942505,0.00040438569944935737,636304.6476430212,39721.5437460199
1857,926.2945909279,260.0,259.5416666666667,16.124811583739856,0.000404251984848361,642029.4182699521,39888.02080907144
1858,926.7944402044001,277.0,276.3958333333333,16.643695106723012,0.00040411842935807104,683947.6085571725,41185.192007107864
1859,927.2942896151001,240.0,239.3125,15.492395648080599,0.0004039850328169161,592379.619441137,38348.93471189976
1860,927.79413916,224.0,223.375,14.967064536285442,0.00040385179506356565,553111.3213569872,37060.784969222805
1861,928.2939888391,238.0,237.5,15.427586222953565,0.0004037187159368691,588280.8763246406,38213.70081184453
1862,928.7938386524,265.0,264.3541666666667,16.279233853628096,0.00040358579527586944,655013.5553853387,40336.48865788374
1863,929.2936885999,262.0,261.5,16.18673582494836,0.00040345303291977234,648154.7507712005,40120.49607808286
1864,929.7935386816001,269.0,268.375,16.401616409163257,0.0004033204287080426,665413.8518588962,40666.46577189903
1865,930.2933888975001,251.0,250.375,15.843390446281798,0.000403187982480257,620988.250839694,39295.29434091604
1866,930.7932392476,243.0,242.375,15.588874905949222,0.00040305569407627197,601343.6940904111,38676.726653560865
1867,931.2930897319001,223.0,222.27083333333334,14.933693145776841,0.00040292356333605794,551645.1594267983,37063.34030735604
1868,931.7929403504,240.0,239.33333333333334,15.49238164030595,0.00040279159009983743,594186.520314417,38462.52509012403
1869,932.2927911031001,260.0,259.2083333333333,16.12502691642887,0.00040265977420798,643740.3235602279,40046.28212029952
1870,932.79264199,247.0,246.0625,15.71685500505747,0.00040252811550107667,611292.7036008292,39045.359565735554
1871,933.2924930111,263.0,262.4166666666667,16.21764942208882,0.0004023966138198955,652134.3809918814,40302.648842237795
1872,933.7923441664,225.0,224.52083333333334,15.000332750938856,0.00040226526900538786,558141.2332425999,37289.65413302421
1873,934.2921954559,231.0,230.20833333333334,15.19922672557902,0.0004021340808987423,572466.60819902,37796.415294147126
1874,934.7920468796001,260.0,259.4791666666667,16.124851958838086,0.0004020030493412936,645465.6677153048,40111.26777585303
1875,935.2918984375001,249.0,248.60416666666666,15.779995137127823,0.0004018721741745548,618615.0289636238,39266.204905925435
1876,935.7917501296,246.0,245.58333333333334,15.684663864920905,0.0004017414552402727,611296.9675645132,39041.68628935805
1877,936.2916019559,240.0,239.375,15.492353624718659,0.00040161089238036947,596037.1208589773,38575.53148744209
1878,936.7914539164,258.0,257.375,16.062783719932646,0.0004014804854369582,641064.782314093,40008.87789714222
1879,937.2913060111,249.0,248.4375,15.780105156493729,0.0004013502342523207,619004.2481545244,39317.54315751339
1880,937.79115824,233.0,232.5,15.264678727921746,0.00040122013866894735,579482.3778570078,38045.64441496506
1881,938.2910106031001,228.0,227.47916666666666,15.10002816866394,0.00040109019852950197,567152.1455788817,37647.462401286444
1882,938.7908631004001,259.0,258.5625,16.09376011326543,0.0004009604136768994,644857.9240751532,40138.02750671055
1883,939.2907157319,243.0,242.47916666666666,15.58880530042134,0.0004008307839541348,604941.4774849538,38891.237710437665
1884,939.7905684976,246.0,245.375,15.684802224871481,0.0004007013092044908,612363.8589730118,39143.376536528915
1885,940.2904213975,256.0,255.58333333333334,16.00027126506159,0.00040057198927139577,638045.944745703,39943.559943281696
1886,940.7902744316,246.0,245.39583333333334,15.684788388931347,0.00040044282399844796,612811.1646078203,39168.608972231545
1887,941.2901275999,256.0,255.41666666666666,16.00037976979852,0.000400313813229485,638041.102319509,39969.59195766272
1888,941.7899809024,261.0,260.4791666666667,16.155830238475655,0.00040018495680848,650896.9471116988,40370.90841025164
1889,942.2898343390999,248.0,247.29166666666666,15.748484274508593,0.0004000562545796351,618142.2333379389,39365.67443760264
1890,942.7896879100001,259.0,258.5,16.093800566263603,0.00039992770638729404,646366.8204814646,40241.77447380503
1891,943.2895416151,232.0,231.33333333333334,15.232002130018525,0.0003997993120760355,578623.6402761429,38099.12040849545
1892,943.7893954544,241.0,240.52083333333334,15.524496212080086,0.00039967107149060954,601796.9537707322,38843.18210517481
1893,944.2892494279,240.0,239.45833333333334,15.492297593392086,0.00039954298447593704,599330.5917945732,38775.04597837615
1894,944.7891035356,230.0,229.35416666666666,15.166194475250247,0.00039941505087713976,574225.1479081495,37971.01396641003
1895,945.2889577775,232.0,231.5,15.231888151725204,0.000399287270539513,579783.0711888197,38147.69284065587
1896,945.7888121536,206.0,205.375,14.353153689462582,0.000399159643308579,514518.44755064684,35958.42898969264
1897,946.2886666639,262.0,261.4375,16.186776045587337,0.0003990321690299733,655179.0063331012,40565.09049116656
1898,946.7885213083999,250.0,249.39583333333334,15.811786325572312,0.000398904847549564,625201.3102005381,39637.98991840453
1899,947.2883760871001,282.0,281.2916666666667,16.79329499962543,0.00039877767871342575,705384.6834511813,42111.92324957994
1900,947.788231,251.0,250.45833333333334,15.84333565642735,0.0003986506623677654,628265.1879862654,39742.40394416169
1901,948.2880860471,234.0,233.39583333333334,15.297469947855939,0.0003985237983589917,585650.9304949702,38385.336110030556
1902,948.7879412284,237.0,236.60416666666666,15.395072150781813,0.00039839708653373253,593890.3035793994,38642.53196409433
1903,949.2877965439,224.0,223.45833333333334,14.967006538457255,0.0003982705267387668,561071.7297187896,37580.0003605951
1904,949.7876519936,238.0,237.5625,15.427544023056077,0.00039814411882104124,596674.6431002291,38748.642247282536
1905,950.2875075775,231.0,230.52083333333334,15.199012554731603,0.0003980178626277578,579172.0798946293,38186.75989661882
1906,950.7873632956,239.0,238.54166666666666,15.45993365480949,0.0003978917580062085,599513.9679745379,38854.62149876515
1907,951.2872191479,237.0,236.52083333333334,15.395128535965164,0.000397765804803916,594623.3448848864,38704.00207869653
1908,951.7870751344001,251.0,250.35416666666666,15.843404143715803,0.0003976400028685938,629600.0524610196,39843.58723825756
1909,952.2869312551001,237.0,236.47916666666666,15.395156728479398,0.0003975143520481548,594894.6634209062,38728.55570913936
1910,952.7867875100001,254.0,253.45833333333334,15.937731479800451,0.0003973888521906347,637809.369679411,40106.13632451579
1911,953.2866438991,255.0,254.5,15.969045577825453,0.00039726350314429605,640632.7235843743,40197.61556607201
1912,953.7865004224,252.0,251.54166666666666,15.874808616519166,0.00039713830475757053,633385.5577598287,39972.997885987854
1913,954.2863570799,245.0,244.5,15.652808587172677,0.0003970132568790816,615848.4528250083,39426.412886610626
1914,954.7862138716,255.0,254.47916666666666,15.96905916747898,0.00039688835935761834,641185.7658877993,40235.64509003393
1915,955.2860707975,232.0,231.52083333333334,15.231873904378572,0.00039676361204217156,583523.3532169912,38390.29951859495
1916,955.7859278576001,252.0,251.41666666666666,15.874890638293474,0.0003966390147819007,633867.7167320838,40023.52276672172
1917,956.2857850519,250.0,249.33333333333334,15.811827499972573,0.00039651456742613184,628812.542630688,39877.040590490324
1918,956.7856423804001,227.0,226.39583333333334,15.066936875342497,0.0003963902698244068,571143.7705915999,38010.3600474776
1919,957.2854998431001,245.0,244.41666666666666,15.652864043930677,0.00039626612182645066,616799.3002785936,39500.88887685945
1920,957.78535744,244.0,243.5,15.620832777629579,0.0003961421232821055,614678.3835623455,39432.39524292014
1921,958.2852151711,259.0,258.4791666666667,16.09381405057373,0.00039601827404143753,652695.0487128799,40639.069218532444
1922,958.7850730364,248.0,247.3125,15.748470494516814,0.0003958945739547427,624692.8254901314,39779.45526557564
1923,959.2849310359,270.0,269.4791666666667,16.432006897955116,0.0003957710228723826,680896.6576452994,41518.974225795355
1924,959.7847891696001,237.0,236.52083333333334,15.395128535965164,0.00039564762064501607,597806.7881407662,38911.21223190173
1925,960.2846474375001,243.0,242.375,15.588874905949222,0.0003955243671233969,612794.1035915572,39413.184627094684
1926,960.7845058396,250.0,249.45833333333334,15.811745151064832,0.0003954012621584948,630899.1832032623,39989.11147816914
1927,961.2843643759,269.0,268.1875,16.40173548998195,0.0003952783056014549,678477.66042188,41494.14540984001
1928,961.7842230464,275.0,274.1666666666667,16.583647400711072,0.0003951554973035939,693819.6951263145,41967.396414505725
1929,962.2840818511,247.0,246.3125,15.71668931157789,0.00039503283711641007,623524.1145976316,39785.77939571749
1930,962.78394079,254.0,253.375,15.937785945147255,0.00039491032489158965,641601.3561295371,40357.9874735422
1931,963.2837998631,262.0,261.3125,16.186856486565475,0.00039478796048098274,661905.9499221675,41001.3934235596
1932,963.7836590704,267.0,266.2291666666667,16.34062602924924,0.0003946657437366273,674568.7227527142,41403.710072576876
1933,964.2835184119001,248.0,247.5,15.748346474048208,0.00039454367451073553,627306.9776290775,39915.34395673018
1934,964.7833778876001,245.0,244.5625,15.652766994475238,0.0003944217526556988,620053.2763553868,39685.35429165073
1935,965.2832374975001,261.0,260.375,16.15589740105245,0.00039429997802406237,660347.4879831478,40973.61983638388
1936,965.7830972416,254.0,253.22916666666666,15.937881259056292,0.0003941783504685849,642422.8179087894,40433.172547680304
1937,966.2829571199001,251.0,250.22916666666666,15.84348632807116,0.0003940568698422005,635007.750954502,40206.09089854381
1938,966.7828171324,253.0,251.77083333333334,15.90677866945061,0.00039393553599797635,639116.835945023,40379.141295677175
1939,967.2826772791,261.0,259.4791666666667,16.156474987687684,0.0003938143487892049,658887.0300547552,41025.612797911745
1940,967.7825375599999,256.0,255.20833333333334,16.00051539968496,0.00039369330806931797,648241.4816367632,40642.08121329747
1941,968.2823979751,254.0,253.375,15.937785945147255,0.00039357241369196173,643782.4176323232,40495.18053270197
1942,968.7822585244,259.0,258.3541666666667,16.093894956197243,0.00039345166551091803,656635.0820530395,40904.37623462201
1943,969.2821192079,280.0,279.3541666666667,16.733602566725168,0.0003933310633801795,710226.5563924025,42543.302893295964
1944,969.7819800256,294.0,293.4166666666667,17.146782578016722,0.00039321060715387363,746207.4047047389,43607.1211357397
1945,970.2818409775,255.0,254.5,15.969045577825453,0.00039309029668634164,647433.941120844,40624.36980113917
1946,970.7817020636,269.0,268.4166666666667,16.401589946641693,0.00039297013183208255,683045.9745509668,41737.49763162699
1947,971.2815632839,279.0,278.6875,16.703487971578472,0.0003928501124457684,709399.0587529024,42518.73028007426
1948,971.7814246383999,266.0,265.5416666666667,16.309799159128573,0.00039273023838225246,676142.6564974849,41529.267586607144
1949,972.2812861271,239.0,238.4375,15.460003840555798,0.00039261050949654673,607313.0856984796,39377.457980889274
1950,972.7811477500001,274.0,273.7083333333333,16.553128900268035,0.000392490925643873,697362.1947674857,42174.551865404224
1951,973.2810095071001,229.0,228.54166666666666,15.133061442124363,0.0003923714866795602,582462.4735112591,38568.19864814272
1952,973.7808713984,243.0,242.58333333333334,15.588735694582661,0.0003922521924591718,618437.1636331466,39741.61520131016
1953,974.2807334239001,247.0,246.45833333333334,15.716592656241437,0.0003921330428384677,628506.9259895487,40079.74574770943
1954,974.7805955836,257.0,256.5,16.031544425496463,0.0003920140376732661,654313.3034786533,40895.3325259703
1955,975.2804578775,244.0,243.625,15.62074942184273,0.0003918951768196937,621658.5822185022,39859.50924073161
1956,975.7803203056,207.0,206.625,14.387766070519774,0.0003917764601339419,527405.3472466373,36724.427153180244
1957,976.2801828679,239.0,238.35416666666666,15.46005998892343,0.0003916578874724275,608577.4710293475,39473.37838309668
1958,976.7800455644,285.0,284.6041666666667,16.8821872554411,0.00039153945869172733,726885.0184796967,43117.46078377514
1959,977.2799083951,261.0,260.625,16.155736210399077,0.000391421173648613,665842.8760268562,41274.55870566272
1960,977.77977136,227.0,226.5,15.066864858578464,0.00039130303220001367,578835.2794675637,38504.339651723094
1961,978.2796344591001,237.0,236.45833333333334,15.395170824717153,0.0003911850342029782,604466.7169210768,39355.21423022769
1962,978.7794976924,243.0,242.27083333333334,15.58894451116631,0.0003910671795148223,619512.0583473836,39862.5743293179
1963,979.2793610599,229.0,228.47916666666666,15.133104463210596,0.00039094946799295887,584421.2241536587,38708.594593823946
1964,979.7792245616,256.0,255.5625,16.000284828193944,0.0003908318994950066,653893.6569154462,40939.04527462547
1965,980.2790881975,233.0,232.5,15.264678727921746,0.00039071447387871693,595063.6987975294,39068.6287517982
1966,980.7789519675999,278.0,277.5208333333333,16.673631357292532,0.0003905971910020708,710503.9148421885,42687.53524447168
1967,981.2788158719001,256.0,255.47916666666666,16.0003390806084,0.0003904800507231713,654269.4465274673,40976.073043874276
1968,981.7786799104,236.0,235.4375,15.36267290382764,0.00039036305290029706,603124.4459504043,39354.833378023184
1969,982.2785440831001,230.0,229.5625,15.166051384039728,0.0003902461973919383,588250.4468568648,38862.77812672167
1970,982.77840839,255.0,254.60416666666666,15.968977629384348,0.0003901294840566971,652614.5217716108,40932.50646768239
1971,983.2782728311,240.0,239.47916666666666,15.49228358552878,0.0003900129127533933,614028.8150359018,39722.48886878423
1972,983.7781374064,228.0,227.45833333333334,15.100042540411012,0.0003898964833409715,583381.3410787215,38728.33735513781
1973,984.2780021159,281.0,280.3958333333333,16.763430042970192,0.00038978019567858716,719369.1122381903,43007.39295844913
1974,984.7778669596,260.0,259.4583333333333,16.124865417181695,0.0003896640496255096,665851.3495989385,41381.45521168466
1975,985.2777319375,247.0,246.29166666666666,15.716703119434575,0.0003895480450412358,632249.7822844813,40345.99408083507
1976,985.7775970496001,265.0,264.5,16.279140538329003,0.00038943218178540877,679193.9967245673,41802.247733340635
1977,986.2774622959,239.0,238.1875,15.460172285046934,0.0003893164597178356,611809.4780082785,39711.06769092677
1978,986.7773276764001,240.0,239.375,15.492353624718659,0.0003892008786984865,615042.2907586587,39805.54637113388
1979,987.2771931911,264.0,263.3541666666667,16.24849084872534,0.00038908543858750416,676854.3372445924,41760.72717527593
1980,987.77705884,278.0,277.5208333333333,16.673631357292532,0.0003889701392452105,713475.933838668,42866.096070118416
1981,988.2769246231,217.0,216.5,14.731273423118132,0.00038885498053206066,556762.8314899513,37883.72056585644
1982,988.7767905403999,260.0,259.5625,16.124798125351315,0.00038873996230873805,667702.1278143125,41479.65140909534
1983,989.2766565919,267.0,266.4375,16.340493222360212,0.0003886250844360151,685590.072979109,42046.93386190973
1984,989.7765227776001,259.0,258.5,16.093800566263603,0.000388510346774889,665361.9450443628,41424.380843037594
1985,990.2763890975001,254.0,253.4375,15.9377450961546,0.0003883957491865017,652523.8768210699,41034.80825816541
1986,990.7762555516,283.0,282.5625,16.82287474194982,0.00038828129153217755,727726.2803082635,43326.513815707964
1987,991.2761221399,267.0,266.2916666666667,16.340586187295866,0.0003881669736733739,686023.5020683132,42096.79672811571
1988,991.7759888624,294.0,293.5833333333333,17.14668132775423,0.00038805279547173027,756555.1305369243,44186.46516103598
1989,992.2758557191,279.0,278.2916666666667,16.70373482022642,0.0003879387567890728,717359.7940305236,43057.65930293077
1990,992.77572271,284.0,283.5416666666667,16.852582846884662,0.0003878248574873581,731107.5120446845,43454.10698032424
1991,993.2755898350999,274.0,273.5208333333333,16.553246891135554,0.00038771109742872996,705475.8946733853,42694.79775254154
1992,993.7754570943999,293.0,292.625,17.117470972664158,0.0003875974764754821,754971.3756160389,44163.00933720589
1993,994.2753244879001,252.0,251.5,15.87483595715769,0.00038748399449010804,649059.0671517929,40969.01080533006
1994,994.7751920156,249.0,248.54166666666666,15.780036394479929,0.0003873706513352172,641612.0214837526,40736.27245659463
1995,995.2750596775,258.0,257.7291666666667,16.062554042278304,0.00038725744687361256,665524.1074054299,41477.71507547166
1996,995.7749274736,271.0,270.5625,16.46235446658021,0.00038714438096823544,698867.1754019315,42522.51944199319
1997,996.2747954039,272.0,271.3333333333333,16.492843565889082,0.00038703145348224663,701062.7453972021,42613.703401875115
1998,996.7746634684,269.0,268.375,16.401616409163257,0.00038691866427888844,693621.2304469165,42390.346921442586
1999,997.2745316671,278.0,277.5625,16.67360532648333,0.0003868060132216487,717575.4525846792,43105.85863857543
2000,997.7744,239.0,238.41666666666666,15.460017877666823,0.0003866935001741174,616552.0407229866,39980.0303617868
2001,998.2742684671001,274.0,273.3958333333333,16.55332555124666,0.00038658112500008113,707214.6456536799,42819.79765888256
2002,998.7741370684,272.0,271.5416666666667,16.492711984725588,0.0003864688875634758,702622.3207219163,42675.39384271065
2003,999.2740058039001,255.0,254.41666666666666,15.969099936370169,0.0003863567877283911,658501.8686031773,41332.52072588524
2004,999.7738746736001,256.0,255.4375,16.000366206746644,0.00038624482535909747,661335.7208410909,41425.45131024311
2005,1000.2737436775,231.0,230.52083333333334,15.199012554731603,0.0003861342173753783,596996.6476947413,39361.993500710574
2006,1000.7736128156,260.0,259.6041666666667,16.124771208540533,0.0003860247501458656,672506.5337612967,41771.340315478556
2007,1001.2734820879,268.0,267.4375,16.371063458126354,0.00038591541767092364,692995.1169456731,42421.37709068215
2008,1001.7733514944,243.0,242.27083333333334,15.58894451116631,0.00038580621981962673,627959.8951167779,40406.15135353313
2009,1002.2732210350999,248.0,247.52083333333334,15.748332693935852,0.00038569715646128425,641749.1785635685,40830.82395116555
2010,1002.77309071,265.0,264.375,16.27922052290383,0.00038558822746534774,685640.7461863161,42219.18451689975
2011,1003.2729605191,253.0,252.52083333333334,15.906287519056384,0.0003854794327013373,655082.5074213027,41263.64773235592
2012,1003.7728304624001,279.0,278.5416666666667,16.703578916241607,0.00038537077203906295,722788.7709097783,43344.176902311774
2013,1004.2727005399,242.0,241.5625,15.556642137149435,0.0003852622453483643,627007.9742217482,40379.35802165797
2014,1004.7725707516,274.0,273.5,16.55326000118003,0.00038515385249931734,710105.8401083623,42978.30566606981
2015,1005.2724410975,234.0,233.5625,15.297356457353452,0.0003850455933621131,606584.0098586662,39728.688552909036
2016,1005.7723115776,275.0,274.4583333333333,16.583464195463574,0.00038493746780708535,712994.593373489,43080.93023507526
2017,1006.2721821919,267.0,266.5208333333333,16.340440099302374,0.0003848294757047596,692568.6574429853,42461.50861853089
2018,1006.7720529403999,236.0,235.60416666666666,15.362559895010262,0.0003847216169257706,612401.6855338932,39931.62645179453
2019,1007.2719238231001,264.0,263.625,16.248317220561642,0.0003846138913409037,685427.6611822508,42245.78879331193
2020,1007.7717948400001,288.0,287.6041666666667,16.97080571239261,0.0003845062988211601,747982.9785582677,44136.61301368173
2021,1008.2716659911,254.0,253.52083333333334,15.9376906306682,0.00038439883923761147,659525.4913780385,41461.33911922796
2022,1008.7715372764001,243.0,242.5,15.588791379278467,0.00038429151246151835,631031.3710721965,40565.01607185372
2023,1009.2714086959,272.0,271.4166666666667,16.492790933549657,0.0003841843183643009,706475.1310575284,42929.37047448784
2024,1009.7712802496,259.0,258.5833333333333,16.09374662891011,0.0003840772568174878,673258.6445653855,41902.36819088146
2025,1010.2711519375,230.0,229.66666666666666,15.165979837928193,0.00038397032769282424,598136.4967618011,39497.79122010948
2026,1010.7710237596,272.0,271.5833333333333,16.492685668366917,0.00038386353086215634,707499.7010613589,42964.97151298638
2027,1011.2708957159001,242.0,241.39583333333334,15.5567537360966,0.0003837568661974962,629033.2619328345,40538.04662895723
2028,1011.7707678064,232.0,231.33333333333334,15.232002130018525,0.00038365033357097106,602979.622564408,39702.82519564335
2029,1012.2706400311,257.0,256.5,16.031544425496463,0.00038354393285493183,668763.0230277068,41798.45658400778
2030,1012.77051239,252.0,251.4375,15.874876968027186,0.00038343766392181887,655745.4409363054,41401.4544258855
2031,1013.2703848831001,302.0,301.3333333333333,17.37854680026178,0.00038333152664422616,786090.6614472225,45335.55315003084
2032,1013.7702575104,261.0,260.4791666666667,16.155830238475655,0.00038322552089491846,679702.0356535462,42157.5008907239
2033,1014.2701302719,256.0,255.60416666666666,16.000257701917736,0.00038311964654681496,667165.3854625106,41763.08327211457
2034,1014.7700031676,270.0,269.5208333333333,16.431980484375245,0.00038301390347295257,703684.2028173689,42901.785902233256
2035,1015.2698761974999,258.0,257.625,16.062621594870496,0.00038290829154653756,672811.2336232578,41949.00436863037
2036,1015.7697493616,276.0,275.4375,16.613600415021423,0.0003828028106409135,719528.4160501448,43399.89141460547
2037,1016.2696226599,271.0,270.5833333333333,16.462341284141683,0.0003826974606295846,707042.4059992201,43016.5939880006
2038,1016.7694960924,295.0,294.5625,17.175829371047364,0.0003825922413862103,769912.3718053966,44893.302877276874
2039,1017.2693696591,300.0,299.2708333333333,17.320946595732643,0.00038248715278454417,782433.6873921441,45285.041522661464
2040,1017.76924336,258.0,257.4375,16.06274318882052,0.00038238219469856924,673246.5673589671,42007.037491593284
2041,1018.2691171951,277.0,276.6041666666667,16.64356471816593,0.0003822773670023501,723569.2995263468,43537.92862150694
2042,1018.7689911644,269.0,268.5625,16.401497327479994,0.0003821726695701315,702725.5515212,42916.458013411655
2043,1019.2688652679,277.0,276.5208333333333,16.64361687371134,0.00038206810227629036,723747.4986419276,43561.91154025102
2044,1019.7687395056,235.0,234.39583333333334,15.330120247589566,0.0003819636649953649,613660.0279405575,40135.02239218381
2045,1020.2686138775,287.0,286.5208333333333,16.941368971806526,0.00038185935760202304,750330.7896724314,44365.46763759803
2046,1020.7684883836,262.0,261.6041666666667,16.18666879032798,0.0003817551799710738,685266.8421853211,42400.65266843129
2047,1021.2683630239001,274.0,273.6458333333333,16.55316823065066,0.0003816511319775276,717005.166250748,43372.51181433767
2048,1021.7682377984,269.0,268.5625,16.401497327479994,0.0003815472134964666,703877.5032293273,42986.80935755775
2049,1022.2681127071,248.0,247.52083333333334,15.748332693935852,0.0003814434244031708,648905.7550818166,41286.155918342636
2050,1022.7679877500001,267.0,266.4791666666667,16.34046666085288,0.00038133976457299835,698797.2181842988,42850.15143686881
2051,1023.2678629270999,292.0,291.4583333333333,17.088337681653595,0.00038123623388155016,764508.4790757041,44823.48780877667
2052,1023.7677382384,248.0,247.60416666666666,15.748277573365849,0.00038113283220452953,649653.2068215876,41319.65614789848
2053,1024.2676136839,275.0,274.5625,16.583398764527534,0.00038102955941774245,720580.5775792395,43522.60436137526
2054,1024.7674892636,288.0,287.6041666666667,16.97080571239261,0.0003809264153971758,755012.3988298213,44551.401599959594
2055,1025.2673649775,264.0,263.5625,16.248357288764097,0.00038082340001900964,692085.885444129,42666.383651721575
2056,1025.7672408256,285.0,284.375,16.882328655530117,0.00038072051315945777,746939.001631611,44343.10228106691
2057,1026.2671168079,248.0,247.5,15.748346474048208,0.00038061775469498004,650258.68327751,41375.75370510143
2058,1026.7669929244,256.0,255.64583333333334,16.000230575595534,0.00038051512450213923,671841.450895853,42048.868876184664
2059,1027.2668691751,276.0,275.5208333333333,16.6135481652442,0.00038041262245762483,724268.37877606,43672.441934007664
2060,1027.76674556,272.0,271.4166666666667,16.492790933549657,0.0003803102484383017,713671.713505504,43366.674974643254
2061,1028.2666220791,282.0,281.6041666666667,16.793101158743067,0.0003802080023211676,740658.1790690225,44168.19492546523
2062,1028.7664987324,268.0,267.6041666666667,16.370957410236514,0.0003801058839833622,704025.3201615267,43069.46590427707
2063,1029.2663755199,278.0,277.5833333333333,16.673592311063487,0.0003800038933021573,730474.9720356548,43877.424955237504
2064,1029.7662524415998,257.0,256.4375,16.03158503548542,0.000379902030154997,675009.5541615704,42199.261290982475
2065,1030.2661294975,262.0,261.5208333333333,16.186722418046497,0.00037980029441944034,688574.5934796917,42619.035993085236
2066,1030.7660066876,276.0,275.5208333333333,16.6135481652442,0.0003796986859732074,725630.1997125553,43754.55796656747
2067,1031.2658840119,278.0,277.4583333333333,16.67367040343014,0.0003795972046941279,730928.2837235429,43924.63958438647
2068,1031.7657614704,298.0,297.5833333333333,17.262927925342083,0.0003794958504602209,784154.3800082374,45489.10852228567
2069,1032.2656390631,269.0,268.5,16.40153702147048,0.0003793946231496342,707706.392280902,43230.81040345075
2070,1032.76551679,284.0,283.6041666666667,16.852544215274374,0.0003792935226406104,747716.8729174116,44431.40525561402
2071,1033.2653946511,260.0,259.6041666666667,16.124771208540533,0.00037919254881159864,684623.5968514526,42523.96640987824
2072,1033.7652726464,263.0,262.5416666666667,16.217569133847128,0.0003790917015411787,692554.5075223658,42780.06895934519
2073,1034.2651507758999,270.0,269.5625,16.431954070752916,0.00037899098070801783,711263.6282172538,43357.11113772498
2074,1034.7650290396,293.0,292.4166666666667,17.11759775137206,0.0003788903861909966,771771.1436448562,45178.231951082475
2075,1035.2649074375001,264.0,263.5625,16.248357288764097,0.00037878991786908925,695801.254380503,42895.43232874422
2076,1035.7647859696,273.0,272.5833333333333,16.522974325331244,0.0003786895756214135,719806.8045206568,43631.975604867774
2077,1036.2646646359,246.0,245.47916666666666,15.684733045048757,0.0003785893593272592,648404.8233761113,41429.408034393804
2078,1036.7645434364,266.0,265.4791666666667,16.309839076289027,0.0003784892688660237,701417.9489475567,43091.94584341657
2079,1037.2644223711,272.0,271.5208333333333,16.49272514288918,0.0003783893041172659,717570.0538543415,43586.65787703649
2080,1037.7643014399998,281.0,280.6041666666667,16.76330058573722,0.00037828946496067513,741771.0315983469,44313.421700707
2081,1038.2641806431,287.0,286.3541666666667,16.941471449113006,0.0003781897512760656,757170.6152809993,44796.22039452442
2082,1038.7640599804,258.0,257.6458333333333,16.062608084374787,0.0003780901629434275,681440.1922746773,42483.5387393514
2083,1039.2639394519001,236.0,235.54166666666666,15.362602273414199,0.00037799069984286,623141.4338093161,40642.8049150437
2084,1039.7638190576001,258.0,257.5,16.06270265760612,0.0003778913618546272,681412.7709515067,42506.138745202006
2085,1040.2636987975,277.0,276.5833333333333,16.643577757067604,0.000377792148859108,732104.5028823005,44054.85346196165
2086,1040.7635786716,273.0,272.4583333333333,16.52305312955878,0.00037769306073682385,721375.0043535536,43747.30395449872
2087,1041.2634586799,290.0,289.5208333333333,17.02967946377409,0.0003775940973684537,766751.4808919824,45100.491724998144
2088,1041.7633388224,276.0,275.4583333333333,16.61358735259252,0.00037749525863479754,729700.1141935444,44010.05568301747
2089,1042.2632190990998,256.0,255.64583333333334,16.000230575595534,0.0003773965444168039,677393.148176241,42396.33566417761
2090,1042.76309951,271.0,270.4791666666667,16.46240719622876,0.0003772979545955453,716884.7945561064,43632.378590220775
2091,1043.2629800551001,268.0,267.5625,16.370983922273375,0.00037719948905227133,709339.5080472176,43401.39474580446
2092,1043.7628607344,262.0,261.5208333333333,16.186722418046497,0.0003771011476682964,693503.1488245982,42924.08686139712
2093,1044.2627415479,316.0,315.4375,17.776718447171287,0.0003770029303251479,836697.7405930227,47152.73282316314
2094,1044.7626224956,268.0,267.375,16.371103225907937,0.0003769048369044606,709396.5739361825,43435.6411033742
2095,1045.2625035775002,286.0,285.4583333333333,16.91186816180348,0.00037680686728798653,757572.0033657529,44882.05929877082
2096,1045.7623847936,276.0,275.6458333333333,16.61346979027025,0.00037670902135765683,731720.8182058065,44101.59791341183
2097,1046.2622661439,288.0,287.5416666666667,16.970844074798137,0.000376611298995503,763497.1851179115,45061.96208149554
2098,1046.7621476283998,296.0,295.6875,17.204839738186074,0.0003765137000837263,785329.9891458058,45695.12273885436
2099,1047.2620292471,307.0,306.5208333333333,17.521700335266807,0.0003764162245046378,814313.5533988033,46548.73832371411
2100,1047.761911,279.0,278.5833333333333,16.703552932102667,0.0003763188721406969,740285.3110943037,44386.70013301272
2101,1048.2617928871,296.0,295.5416666666667,17.204928032721064,0.00037622164287447695,785552.0070791662,45730.83010660643
2102,1048.7616749084,291.0,290.3541666666667,17.059116473636934,0.0003761245365887261,771962.8432115687,45354.96840582418
2103,1049.2615570639,302.0,301.625,17.378371974957837,0.0003760275531663148,802135.368698881,46215.68772986027
2104,1049.7614393536,302.0,301.4583333333333,17.37847187534687,0.0003759306924902395,801898.6992959088,46227.86120555474
2105,1050.2613217775,291.0,290.4375,17.059065588419546,0.0003758339544436248,772781.4279844844,45389.8999457709
2106,1050.7612043356,246.0,245.5,15.684719209047596,0.00037573733890977666,653381.9628156527,41743.839604969005
2107,1051.2610870279,299.0,298.5,17.291917668860982,0.00037564084577205737,794642.0187253352,46033.11344728973
2108,1051.7609698544,278.0,277.4583333333333,16.67367040343014,0.00037554447491405243,738816.1772233043,44398.657195651984
2109,1052.2608528151002,269.0,268.5416666666667,16.401510558820828,0.0003754482262194198,715256.1869069141,43685.145949352394
2110,1052.76073591,320.0,319.3958333333333,17.888895628449387,0.00037535209957198783,850923.2629777184,47658.97313175551
2111,1053.2606191391,268.0,267.6041666666667,16.370957410236514,0.00037525609485568334,713124.1046719904,43626.0933124417
2112,1053.7605025024,300.0,299.6666666666667,17.320708543372135,0.0003751602119546034,798769.8511667546,46168.831319105986
2113,1054.2603859999,264.0,263.625,16.248317220561642,0.000375064450752956,702879.1970840289,43321.4003298434
2114,1054.7602696315998,290.0,289.5625,17.02965397720498,0.00037496881113510954,772230.8933466582,45416.187884140636
2115,1055.2601533975,278.0,277.5833333333333,16.673592311063487,0.00037487329298553954,740472.4170202247,44477.94127523152
2116,1055.7600372975999,242.0,241.72916666666666,15.556530537401683,0.00037477789618886224,644993.1255947171,41508.66605420684
2117,1056.2599213319,293.0,292.5416666666667,17.117521684259994,0.00037468262062984297,780771.9135061642,45685.3900922476
2118,1056.7598055004,283.0,282.6041666666667,16.82284894207214,0.0003745874661933513,754441.0642955003,44910.33593043038
2119,1057.2596898031,273.0,272.4583333333333,16.52305312955878,0.0003744924327644065,727540.2905263432,44121.193604874374
2120,1057.7595742400001,289.0,288.5833333333333,17.000255308540385,0.00037439752022819,770793.922880274,45406.965564779835
2121,1058.2594588110999,268.0,267.5208333333333,16.371010434267305,0.0003743027284699437,714717.8286059839,43737.35265352705
2122,1058.7593435164001,288.0,287.6875,16.970754562383686,0.00037420805737511817,768790.2340157599,45351.12012666167
2123,1059.2592283559,288.0,287.5416666666667,16.970844074798137,0.0003741135068292734,768594.7217027004,45362.82108238016
2124,1059.7591133296,266.0,265.5833333333333,16.309772547633997,0.00037401907671805846,710079.6453051892,43606.793243673405
2125,1060.2589984375,290.0,289.5,17.02969220704434,0.0003739247669273216,774219.9116119769,45543.097738573546
2126,1060.7588836796,282.0,281.5208333333333,16.79315284986381,0.00037383057734298263,753070.6432155847,44921.827875135
2127,1061.2587690559,270.0,269.5833333333333,16.43194086392583,0.0003737365078511403,721319.2387421479,43966.64633702494
2128,1061.7586545664,287.0,286.7291666666667,16.941240874301712,0.0003736425583380116,767388.9396916084,45340.768861174554
2129,1062.2585402111001,293.0,292.3541666666667,17.11763578480133,0.0003735487286899254,782639.9722788066,45824.37168193471
2130,1062.75842599,315.0,314.7083333333333,17.748410531337417,0.0003734550187933719,842694.0795979974,47524.89493562649
2131,1063.2583119031,275.0,274.5208333333333,16.583424936932932,0.000373361428534946,735268.3280930789,44416.54565659225
2132,1063.7581979504,304.0,303.5208333333333,17.435882043615944,0.0003732679578013837,813144.6243634903,46711.43525502823
2133,1064.2580841319,255.0,254.66666666666666,15.968936860180907,0.00037317460647956236,682433.0011871104,42792.131573013336
2134,1064.7579704476002,302.0,301.5208333333333,17.378434412768282,0.0003730813744564669,808190.5288695036,46580.81481040563
2135,1065.2578568975,264.0,263.5416666666667,16.248370644809626,0.0003729882616192423,706568.2590721796,43562.68632763691
2136,1065.7577434816,283.0,282.4166666666667,16.822965041210118,0.0003728952678551354,757361.8949124921,45114.450333399254
2137,1066.2576301999,289.0,288.625,17.000229777858888,0.0003728023930515555,774203.7212730165,45601.182006114155
2138,1066.7575170524,296.0,295.6458333333333,17.204864965242308,0.0003727096370960064,793233.6701483729,46161.57794924552
2139,1067.2574040391,289.0,288.3541666666667,17.00039572660328,0.00037261699987613874,773862.0802661129,45624.31593903221
2140,1067.75729116,264.0,263.5208333333333,16.248384000844176,0.0003725244812797429,707391.987844808,43616.95624681011
2141,1068.2571784150998,290.0,289.3958333333333,17.02975592325256,0.0003724320811947389,777043.2461268362,45725.80285946948
2142,1068.7570658044,275.0,274.5208333333333,16.583424936932932,0.0003723397995091308,737285.7634215956,44538.41614244695
2143,1069.2569533279002,309.0,308.6458333333333,17.578605703303726,0.0003722476361111146,829141.150653818,47222.880679507056
2144,1069.7568409856,288.0,287.5208333333333,16.970856862247377,0.0003721555908889767,772582.3294674295,45601.50989995528
2145,1070.2567287775,305.0,304.3958333333333,17.464609552049982,0.00037206366373113874,818128.3554561144,46939.841899396786
2146,1070.7566167036,286.0,285.6041666666667,16.911778337235198,0.00037197185452617803,767811.2287029687,45465.20961586627
2147,1071.2565047639,272.0,271.3541666666667,16.492830407819973,0.0003718801631627486,729681.745750746,44349.85256420385
2148,1071.7563929583998,281.0,280.6666666666667,16.763261748372376,0.00037178858952969244,754909.3075226065,45088.15552832774
2149,1072.2562812871001,290.0,289.4583333333333,17.029717693556236,0.0003716971335159209,778747.8224416679,45816.1125227693
2150,1072.7561697499998,281.0,280.6666666666667,16.763261748372376,0.0003716057950105433,755280.6507194096,45110.33458963352
2151,1073.2560583471,311.0,310.6041666666667,17.635425895843223,0.00037151457390270507,836048.4042491694,47469.001580707074
2152,1073.7559470784001,278.0,277.6041666666667,16.673579295633488,0.0003714234700817657,747406.0985040996,44891.02234698024
2153,1074.2558359439,295.0,294.6041666666667,17.17580410134494,0.0003713324834371601,793370.3077622672,46254.51547454391
2154,1074.7557249436002,281.0,280.6458333333333,16.763274694170654,0.0003712416138584711,755965.4490682293,45154.62186456645
2155,1075.2556140775,309.0,308.4583333333333,17.578716811025267,0.0003711508612354095,831086.1311397786,47362.726715796656
2156,1075.7555033456001,305.0,304.6666666666667,17.46444801430736,0.0003710602254578232,821070.6666034105,47066.34345613114
2157,1076.2553927479,314.0,313.4583333333333,17.720363560667206,0.00037096970641562924,844970.1630950399,47767.68359843798
2158,1076.7552822844,292.0,291.4375,17.08835038118074,0.00037087930399895097,785801.4638660569,46075.233093160336
2159,1077.2551719551,268.0,267.5208333333333,16.371010434267305,0.00037078901809798937,721490.7137908677,44151.8212115465
2160,1077.75506176,319.0,318.5416666666667,17.860838407283993,0.0003706988486030924,859300.3940180282,48181.53192163704
2161,1078.2549516991,305.0,304.3958333333333,17.464609552049982,0.00037060879540472253,821340.0143429368,47124.10975831751
2162,1078.7548417724,283.0,282.6458333333333,16.822823142154892,0.00037051885839345535,762837.9148064594,45403.41945103014
2163,1079.2547319799,314.0,313.5833333333333,17.720290081021684,0.0003704290374600431,846540.9069534902,47837.20575073197
2164,1079.7546223216,271.0,270.5833333333333,16.462341284141683,0.00037033933249530176,730636.2289691874,44452.04664927274
2165,1080.2545127975,287.0,286.6666666666667,16.94127930365486,0.00037024974339022005,774252.1683925597,45756.35663790268
2166,1080.7544034076,317.0,316.5625,17.8047497759259,0.00037016027003586424,855203.8822786917,48100.11018794865
2167,1081.2542941519,331.0,330.7291666666667,18.19356046410683,0.0003700709123234722,893691.3322644023,49162.36282900336
2168,1081.7541850304,317.0,316.6458333333333,17.80470102170273,0.0003699816701444145,855841.9480882318,48123.19760260838
2169,1082.2540760431,294.0,293.5625,17.14669398406974,0.0003698925433901293,793642.6544570181,46355.87899912043
2170,1082.7539671900001,255.0,254.58333333333334,15.968991219095699,0.0003698035319522225,688428.6150253015,43182.36533543667
2171,1083.2538584710999,296.0,295.5,17.204953259647837,0.0003697146357224131,799265.0856858842,46535.7646067481
2172,1083.7537498864,331.0,330.4583333333333,18.19371552823178,0.0003696258545925323,894034.681901848,49221.97758132516
2173,1084.2536414359,301.0,300.4791666666667,17.349664281894462,0.00036953718845456984,813122.9441975553,46949.71121702788
2174,1084.7535331196,282.0,281.5625,16.793127004323324,0.00036944863720059104,762115.4110446115,45454.56475782193
2175,1085.2534249374999,304.0,303.5833333333333,17.43584470438859,0.0003693602007228658,821916.7434368884,47205.53180950553
2176,1085.7533168896,313.0,312.7291666666667,17.691965474788578,0.00036927187891366397,846880.5357902246,47910.40554410852
2177,1086.2532089759002,314.0,313.6041666666667,17.720277834384476,0.000369183671665505,849452.9707987857,47998.54163225222
2178,1086.7531011964,330.0,329.6666666666667,18.166093263121944,0.00036909557887096755,893174.2495401581,49217.85657441495
2179,1087.2529935511002,290.0,289.4166666666667,17.029743180029985,0.000369007600422739,784310.8552103206,46150.11495839254
2180,1087.75288604,302.0,301.4791666666667,17.37845938782965,0.00036891973621366983,817194.4655518697,47106.34233394455
2181,1088.2527786631001,317.0,316.375,17.804859472439915,0.00036883198613670937,857775.387958717,48273.63173930489
2182,1088.7526714204,326.0,325.5833333333333,18.0557104694209,0.0003687443500849501,882951.3815149345,48965.38879920814
2183,1089.2525643119,325.0,324.6041666666667,18.027985093397923,0.00036865682795160287,880504.9630310404,48901.807118474506
2184,1089.7524573376,358.0,357.3125,18.92126641947274,0.00036856941962994637,969457.8035224718,51337.049173722015
2185,1090.2523504975,330.0,329.4375,18.166224669699535,0.0003684821250134847,894039.2969888137,49300.15172115808
2186,1090.7522437916002,380.0,379.5833333333333,19.493811339898503,0.0003683949439957412,1030370.6375995254,52915.52356409066
2187,1091.2521372199,339.0,338.5,18.412235515185728,0.00036830787647044446,919068.045038574,49991.424814568825
2188,1091.7520307824002,372.0,371.5416666666667,19.287549056609322,0.0003682209223313941,1009018.347774068,52380.37245273851
2189,1092.2519244791,355.0,354.4166666666667,18.841766179893483,0.0003681340814725326,962737.99276884,51181.80339219506
2190,1092.75181831,316.0,315.3125,17.776791693572456,0.0003680473537879031,856717.204334818,48300.28394611634
2191,1093.2517122750999,343.0,342.5,18.520540398883256,0.000367960739171672,930805.8266515404,50332.925302235846
2192,1093.7516063744001,305.0,304.4583333333333,17.464572274241995,0.0003678742375181639,827615.2616376149,47474.300978686166
2193,1094.2515006079,330.0,329.3958333333333,18.166248561702428,0.0003677878487218168,895613.6927255528,49393.2810038072
2194,1094.7513949756,311.0,310.6041666666667,17.635425895843223,0.0003677015726771358,844718.0804945752,47961.24685419334
2195,1095.2512894775002,324.0,323.5,18.00028934952621,0.0003676154092787948,879995.7559849233,48965.002269192206
2196,1095.7511841136,313.0,312.5208333333333,17.69208813676014,0.0003675293584215826,850328.8952901809,48137.89084154209
2197,1096.2510788839002,313.0,312.5,17.692100402910523,0.00036744342000039824,850471.0738857735,48149.18281266636
2198,1096.7509737884,356.0,355.625,18.868169293813324,0.00036735759391028495,968062.1985096346,51361.85996041028
2199,1097.2508688271,328.0,327.6875,18.110950014194913,0.00036727188004634365,892220.4987723298,49312.1063662963
2200,1097.750764,306.0,305.7291666666667,17.493016959950364,0.00036718627830389065,832626.8837683504,47640.71533597123
2201,1098.2506593071,306.0,305.5,17.493153422601274,0.0003671007885782675,832196.5234211587,47652.18154488289
2202,1098.7505547484,340.0,339.6041666666667,18.439312528610653,0.0003670154107649952,925313.0977764847,50241.24869900242
2203,1099.2504503239,290.0,289.6041666666667,17.029628490597727,0.00036693014475969383,789262.3999489911,46411.09141291893
2204,1099.7503460336002,334.0,333.6666666666667,18.275856873056444,0.00036684499045810476,909557.6479046204,49819.01715554059
2205,1100.2502418775,310.0,309.5625,17.607075696529883,0.00036675994775611364,844046.6356644032,48007.08420931
2206,1100.7501378556,325.0,324.4791666666667,18.02805731892498,0.00036667501654968497,884923.0299896892,49166.3094163443
2207,1101.2500339679,317.0,316.3958333333333,17.804847283971732,0.0003665901967348909,863077.7258949537,48568.803646562774
2208,1101.7499302144001,323.0,322.625,17.972418103861262,0.0003665054882079962,880273.3120790445,49037.24141140746
2209,1102.2498265950999,331.0,330.5625,18.19365588834013,0.00036642089086530585,902138.7924126652,49652.343362234795
2210,1102.74972311,319.0,318.5416666666667,17.860838407283993,0.00036633640460327356,869533.2013525479,48755.29208358778
2211,1103.2496197591001,298.0,297.6041666666667,17.262915354243553,0.0003662520293185137,812566.601256571,47133.97871505235
2212,1103.7495165424,332.0,331.5,18.221153000473564,0.00036616776490767245,905322.7284591428,49761.76153864321
2213,1104.2494134599,321.0,320.5,17.916763565629445,0.0003660836112675819,875483.05943075,48941.725371402994
2214,1104.7493105116,304.0,303.5208333333333,17.435882043615944,0.00036599956829518423,829292.872522022,47639.07816840275
2215,1105.2492076975,339.0,338.4583333333333,18.412259087961537,0.00036591563588750283,924962.7513523062,50318.31734466303
2216,1105.7491050176,289.0,288.3541666666667,17.00039572660328,0.00036583181394169714,788215.1187447625,46470.52300736383
2217,1106.2490024719,305.0,304.6458333333333,17.464460440340613,0.0003657481023550497,832938.9308426229,47749.96870219438
2218,1106.7489000603998,304.0,303.5416666666667,17.43586959721571,0.0003656645010249792,830109.7476397667,47682.6969758944
2219,1107.2487977831,306.0,305.4791666666667,17.493165828244024,0.00036558100984898753,835599.110557883,47850.31321914127
2220,1107.74869564,336.0,335.4583333333333,18.33061059327327,0.0003654976287247037,917812.6120922216,50152.4747430853
2221,1108.2485936311,342.0,341.4791666666667,18.49353537575886,0.00036541435754987447,934498.4935904142,50609.766676271676
2222,1108.7484917564002,332.0,331.5416666666667,18.22112918046275,0.00036533119622236376,907509.8707553827,49875.64535652798
2223,1109.2483900159,316.0,315.7083333333333,17.77655974560007,0.0003652481446401642,864366.6996429602,48669.815319974354
2224,1109.7482884096,313.0,312.5208333333333,17.69208813676014,0.00036516520270137064,855834.1019938597,48449.54559163896
2225,1110.2481869375,359.0,358.6666666666667,18.947478577490052,0.0003650823703041967,982426.6955641154,51899.18801530321
2226,1110.7480855996,293.0,292.4375,17.117585073543523,0.0003649996473469658,801199.404233975,46897.53866329542
2227,1111.2479843959,358.0,357.5833333333333,18.921117317842402,0.000364917033728129,979903.1020287767,51850.46344517598
2228,1111.7478833264,337.0,336.5208333333333,18.35783164316769,0.0003648345293462493,922393.047435363,50318.2406447747
2229,1112.2477823911001,302.0,301.375,17.378521825326033,0.0003647521340999924,826246.0225040978,47644.7433767774
2230,1112.74768159,321.0,320.5208333333333,17.916751453287755,0.0003646698478881643,878934.2886161227,49131.43095609704
2231,1113.2475809231,311.0,310.5208333333333,17.635475118036624,0.0003645876706096832,851704.1533907704,48371.01344800176
2232,1113.7474803904,336.0,335.5416666666667,18.330563237694335,0.00036450560216353626,920539.1211412031,50288.83816570338
2233,1114.2473799919,307.0,306.6041666666667,17.521650793454874,0.0003644236424488904,841339.943276779,48080.44471459407
2234,1114.7472797276,331.0,330.6458333333333,18.19360817628604,0.0003643417913649847,907515.5284673453,49935.55119802419
2235,1115.2471795975,321.0,320.5208333333333,17.916751453287755,0.0003642600488111988,879923.1054280781,49186.70469561779
2236,1115.7470796015998,326.0,325.5625,18.055722488544546,0.0003641784146870004,893964.29571426,49579.33188891181
2237,1116.2469797399,345.0,344.6875,18.57435087470533,0.0003640968888920073,946691.6925572406,51014.85742223566
2238,1116.7468800124002,321.0,320.4166666666667,17.91681201491431,0.00036401547132590255,880228.1548626764,49219.919004138734
2239,1117.2467804190999,289.0,287.875,17.000689324259767,0.0003639341618885386,791008.4574257882,46713.63973098666
2240,1117.74668096,328.0,326.3541666666667,18.11171687594648,0.00036385296047981933,896939.7039845373,49777.571830286164
2241,1118.2465816351,358.0,356.0208333333333,18.921977503392423,0.00036377186699982787,978692.59728516,52016.05517064731
2242,1118.7464824444,331.0,329.4583333333333,18.194288061244816,0.00036369088134871895,905874.6045860789,50026.79196622344
2243,1119.2463833878999,365.0,364.0625,19.10548432387936,0.0003636100034267503,1001244.455787754,52543.890827602554
2244,1119.7462844656,332.0,331.375,18.22122446031916,0.0003635292331343619,911549.8006662987,50123.133986268775
2245,1120.2461856774999,353.0,352.6458333333333,18.788490585255172,0.0003634485703720186,970277.1233145096,51695.046058438624
2246,1120.7460870236,332.0,331.6666666666667,18.22105772024348,0.00036336801504035425,912756.9101805316,50144.91360286601
2247,1121.2459885039002,343.0,342.7083333333333,18.520423223805903,0.00036328756704008595,943352.771815387,50980.06346515656
2248,1121.7458901184,328.0,327.4583333333333,18.111081820869295,0.00036320722627208955,901574.3896241325,49864.32127675162
2249,1122.2457918671,322.0,321.4583333333333,17.944672878662967,0.00036312699263730164,885250.4491573619,49417.07238102913
2250,1122.7456937499999,353.0,352.5833333333333,18.7885252363126,0.00036304686603676813,971178.5621022959,51752.341072157236
2251,1123.2455957671,324.0,323.5416666666667,18.00026523724334,0.00036296684637170606,891380.7690725975,49592.03689587032
2252,1123.7454979184,298.0,297.6458333333333,17.262890212019023,0.00036288693354339903,820216.4526205977,47570.988691866165
2253,1124.2454002039,325.0,324.625,18.02797305578195,0.0003628071274532534,894759.1583404792,49690.23950088963
2254,1124.7453026236,318.0,317.5416666666667,17.832822227878317,0.00036272742800277767,875427.7789664008,49163.14800363473
2255,1125.2452051774999,326.0,325.5625,18.055722488544546,0.00036264783509361515,897737.3321860812,49788.58479572498
2256,1125.7451078656002,367.0,366.6875,19.157413980406297,0.0003625683486275016,1011361.0341004431,52838.07605635316
2257,1126.2450106879,332.0,331.5833333333333,18.221105360420797,0.000362488968506275,914740.4807922957,50266.647935536756
2258,1126.7449136444,337.0,336.6041666666667,18.357784357807937,0.0003624096946319081,928794.598082009,50654.782776861284
2259,1127.2448167351,341.0,340.4583333333333,18.466490861076508,0.00036233052690647815,939634.6927765479,50965.87091002391
2260,1127.74471996,344.0,343.7083333333333,18.547400798734277,0.00036225146523215853,948811.4371409337,51200.34721418637
2261,1128.2446233191,352.0,351.6875,18.76183654167861,0.000362172509511279,971049.6814751964,51803.59096552113
2262,1128.7445268124,331.0,330.7916666666667,18.19352467989031,0.00036209365964620893,913552.7724784617,50245.35557365646
2263,1129.2444304399,334.0,333.5,18.27595186759548,0.0003620149155394688,921232.7605425419,50483.97478419073
2264,1129.7443342016,325.0,324.4375,18.02808139403636,0.00036193627709370555,896393.9801922727,49810.09789568255
2265,1130.2442380975,312.0,311.6041666666667,17.66375516496359,0.00036185774421165485,861123.3879919556,48814.08632954903
2266,1130.7441421276,363.0,362.6875,19.052729736619547,0.0003617793167961373,1002510.3237296854,52663.95521266287
2267,1131.2440462919,340.0,339.5208333333333,18.439359604901927,0.00036170099475015845,938678.185189549,50979.56564271752
2268,1131.7439505904,336.0,335.5625,18.33055139878049,0.0003616227779767346,927935.1867088106,50689.70351187282
2269,1132.2438550231,334.0,333.6041666666667,18.275892496066447,0.00036154466637907957,922719.0930729503,50549.473400069954
2270,1132.7437595899999,322.0,321.5208333333333,17.944636598128394,0.0003614666598604629,889489.5962395263,49643.960538589
2271,1133.2436642911,368.0,367.5833333333333,19.183552344536075,0.00036138875832428995,1017141.0285083763,53082.86963182688
2272,1133.7435691264002,361.0,360.3958333333333,19.000331228837975,0.00036131096167405126,997467.200174393,52587.19840882853
2273,1134.2434740959,347.0,346.4166666666667,18.628262204987823,0.0003612332698133822,958983.2820371999,51568.51198842074
2274,1134.7433791996,348.0,347.5416666666667,18.655014034063633,0.0003611556826459835,962304.3007946749,51653.66331048398
2275,1135.2432844375,345.0,344.625,18.574385925246627,0.00036107820007572007,954433.1392139716,51441.44930752252
2276,1135.7431898096002,329.0,328.6458333333333,18.13856054024746,0.0003610008220064961,910374.1966754287,50245.20564643219
2277,1136.2430953158998,351.0,350.5833333333333,18.735225660652063,0.0003609235483423769,971350.6778470583,51909.12520587207
2278,1136.7430009564,374.0,373.5833333333333,19.339304034932475,0.0003608463789875311,1035297.4425891145,53594.28599282338
2279,1137.2429067311,357.0,356.6666666666667,18.89462739628502,0.0003607693138462172,988628.0594770893,52373.155562612825
2280,1137.74281264,354.0,353.6041666666667,18.81510686995367,0.00036069235282280295,980348.3880357773,52163.8640872349
2281,1138.2427186831,360.0,359.6875,18.973837524777814,0.0003606154958217755,997426.6335403564,52615.14755914738
2282,1138.7426248604,343.0,342.625,18.520470093925802,0.00036053874274773076,950313.9590180881,51368.87634537681
2283,1139.2425311719,339.0,338.6666666666667,18.412141223780694,0.0003604620935053414,939534.760432856,51079.271733486334
2284,1139.7424376176,326.0,325.7083333333333,18.055638354511007,0.0003603855479994409,903777.4548435516,50100.894596747305
2285,1140.2423441975,333.0,332.625,18.24850165082054,0.00036030910613492963,923165.6772933116,50646.79559885113
2286,1140.7422509116,357.0,356.6041666666667,18.894661852697386,0.0003602327678168423,989927.0652912381,52451.25802188055
2287,1141.2421577599,358.0,357.5625,18.921128787240296,0.00036015653295029624,992797.4846685504,52535.847766647414
2288,1141.7420647424,335.0,334.5625,18.303254207471774,0.00036008040144050164,929132.767741823,50831.02033392988
2289,1142.2419718591,356.0,355.7291666666667,18.868111785791154,0.000360004373192835,988124.5705760404,52410.784953671995
2290,1142.7418791100001,374.0,373.6875,19.339247927896956,0.0003599284481127261,1038227.1864294669,53730.81241369421
2291,1143.2417864951,358.0,357.625,18.921094379025757,0.0003598526261057357,993809.6155366638,52580.1203225516
2292,1143.7416940144,379.0,378.6875,19.468089542034335,0.00035977690707751306,1052561.9975892801,54111.55957778019
2293,1144.2416016678999,320.0,319.7083333333333,17.88871365942473,0.0003597012909338317,888816.1966372947,49732.13638734319
2294,1144.7415094556,405.0,404.6666666666667,20.12478433286788,0.00035962577758056697,1125243.772537994,55960.34986218229
2295,1145.2414173774998,376.0,375.6041666666667,19.390932069598353,0.0003595503669236948,1044649.654734962,53931.05904885246
2296,1145.7413254336,337.0,336.5416666666667,18.35781982183917,0.0003594750588693219,936203.106065859,51068.410363659445
2297,1146.2412336239001,366.0,365.6041666666667,19.131341994951054,0.0003593998533235916,1017262.9824016343,53231.3572697144
2298,1146.7411419484,399.0,398.4375,19.975277688933385,0.00035932475019282827,1108850.6978330389,55591.154459062
2299,1147.2410504071001,379.0,378.5625,19.468156424873243,0.00035924974938343553,1053758.5639230371,54191.14824237339
2300,1147.740959,354.0,353.5625,18.815129937986963,0.0003591748508019366,984374.3213384629,52384.31893541004
2301,1148.2408677271,375.0,374.5833333333333,19.36514086072073,0.00035910005435489407,1043116.8939983989,53926.866971683616
2302,1148.7407765884,347.0,346.625,18.628145707504007,0.0003590253599490587,965461.0472340501,51885.32005133875
2303,1149.2406855839001,375.0,374.6041666666667,19.365129654298155,0.0003589507674912587,1043608.7636329937,53949.26382145078
2304,1149.7405947135999,366.0,365.6666666666667,19.131307964811096,0.000358876276888397,1018921.2556403704,53308.92342811652
2305,1150.2405039775,378.0,377.6041666666667,19.44243417187719,0.00035880188804750945,1052402.9533999208,54187.1010703901
2306,1150.7404133756002,388.0,387.4375,19.69801306604298,0.000358727600875767,1080032.5903391407,54910.7819358029
2307,1151.2403229079,410.0,409.7083333333333,20.248606776489314,0.0003586534152803541,1142351.685158415,56457.30924006753
2308,1151.7402325744001,366.0,365.6458333333333,19.13131930819781,0.0003585793311686681,1019706.9422312612,53353.10109995951
2309,1152.2401423751,402.0,401.5,20.05019742213694,0.00035850534844810567,1119927.5038378343,55927.191906424916
2310,1152.74005231,373.0,372.4166666666667,19.313522536755894,0.0003584314670262703,1039017.77864657,53883.44582854485
2311,1153.2399623791,389.0,388.4166666666667,19.72339100605618,0.000358357686810765,1083879.8244385775,55038.28083495624
2312,1153.7398725824,365.0,364.625,19.105177635918487,0.0003582840077094056,1017698.2286514373,53324.11501719657
2313,1154.2397829198999,377.0,376.3958333333333,19.416811962975682,0.0003582104296300263,1050767.3763773143,54205.04361927743
2314,1154.7396933916,398.0,397.5416666666667,19.950176656137938,0.0003581369524805961,1110026.9433610193,55705.44038518014
2315,1155.2396039975001,390.0,389.75,19.748549524796328,0.00035806357616916743,1088493.848410491,55153.75156580045
2316,1155.7395147376,370.0,369.5,19.23565482812235,0.0003579903006039312,1032150.8693857121,53732.33519363993
2317,1156.2394256119,358.0,357.4583333333333,18.921186134125477,0.0003579171256931633,998718.1603592131,52864.71301836032
2318,1156.7393366203999,383.0,382.75,19.570518857029143,0.00035784405134525597,1069600.0074924096,54690.07737716189
2319,1157.2392477631001,362.0,361.4791666666667,19.026582738222974,0.00035777107746866424,1010364.418566862,53180.8855898628
2320,1157.73915904,389.0,388.5208333333333,19.723335991634098,0.00035769820397198675,1086169.3713277925,55139.60029046927
2321,1158.2390704511001,374.0,373.6041666666667,19.339292813538393,0.0003576254307639187,1044680.0885177993,54076.9507700501
2322,1158.7389819963998,376.0,375.6041666666667,19.390932069598353,0.00035755275775323025,1050486.0010781817,54232.36613093405
2323,1159.2388936759,389.0,388.5625,19.723313985822294,0.00035748018484881624,1086948.3581707582,55173.16713418278
2324,1159.7388054896,387.0,386.4583333333333,19.672602388149418,0.0003574077119596769,1081281.462043365,55042.46755136862
2325,1160.2387174374999,376.0,375.5416666666667,19.390965644111464,0.0003573353389949101,1050950.2578809198,54265.45747938932
2326,1160.7386295196002,395.0,394.6041666666667,19.87481437719049,0.0003572630658637124,1104519.9024776858,55630.75581054402
2327,1161.2385417358998,397.0,396.75,19.924989544121054,0.0003571908924753648,1110750.605230965,55782.468041217675
2328,1161.7384540864,361.0,360.625,19.000205590992955,0.00035711881873929594,1009817.9683531706,53204.156695151636
2329,1162.2383665711,445.0,444.5833333333333,21.09522885762455,0.00035704684456498617,1245168.0783651755,59082.52426464171
2330,1162.73827919,336.0,335.5,18.330586915499097,0.0003569749698620529,939841.8049580576,51349.78209419739
2331,1163.2381919431002,417.0,416.625,20.42076914565169,0.00035690319454017894,1167333.3452135795,57216.54907561437
2332,1163.7381048304,373.0,372.7291666666667,19.31335399046761,0.0003568315185091962,1044552.2531862913,54124.57417202587
2333,1164.2380178519002,378.0,377.4583333333333,19.442512304798015,0.00035675994167898913,1058017.7010819463,54497.46463489529
2334,1164.7379310076,383.0,382.4791666666667,19.57066301111039,0.00035668846395955575,1072305.9625220604,54867.664610901105
2335,1165.2378442975,383.0,382.625,19.570585389813967,0.00035661708526103667,1072929.5252916054,54878.42898914584
2336,1165.7377577216,404.0,403.4375,20.100042754929653,0.00035654580549363414,1131516.6067973925,56374.363252153096
2337,1166.2376712799,387.0,386.7916666666667,19.67242588695603,0.00035647462456762474,1085046.8448793911,55186.04840615826
2338,1166.7375849723999,363.0,362.5,19.05283224790127,0.00035640354239344763,1017105.4910554796,53458.593929653245
2339,1167.2374987991,406.0,405.4166666666667,20.149743243470322,0.0003563325588816053,1137748.0293664942,56547.57821376984
2340,1167.73741276,397.0,396.5833333333333,19.92507667627795,0.0003562616739426886,1113179.8965193522,55928.207083772
2341,1168.2373268551,385.0,384.3541666666667,19.6217597289619,0.00035619088748739736,1079067.9384807837,55087.764505643485
2342,1168.7372410844,359.0,358.4166666666667,18.94761601832214,0.0003561201994265963,1006448.5733855255,53205.67619817823
2343,1169.2371554479,412.0,411.4583333333333,20.298061107461034,0.00035604960967114635,1155620.795970998,57009.081195759994
2344,1169.7370699456,396.0,395.0416666666667,19.900250382288604,0.00035597911813206037,1109732.6965120325,55902.85881574113
2345,1170.2369845775,395.0,393.7291666666667,19.875272971570592,0.0003559087247204468,1106264.4417495707,55843.73630396919
2346,1170.7368993436,409.0,406.5,20.225036052707875,0.00035583842934751433,1142372.3984657351,56837.694820634344
2347,1171.2368142439,435.0,432.5208333333333,20.857891775190406,0.00035576823192455455,1215737.6474947745,58627.75229355949
2348,1171.7367292784,369.0,366.9791666666667,19.210468518348126,0.0003556981323629881,1031715.191273949,54007.78573316754
2349,1172.2366444471002,369.0,367.9375,19.209948865540134,0.0003556281305743273,1034613.0363922378,54016.955392467746
2350,1172.73655975,393.0,392.375,19.82455600595719,0.0003555582264701235,1103546.397717703,55756.144929536575
2351,1173.2364751871,399.0,398.5,19.975245096535527,0.0003554884199621296,1120992.9146002913,56190.986751870856
2352,1173.7363907584,382.0,381.5625,19.54505345562742,0.0003554187109621076,1073557.717226316,54991.627769735474
2353,1174.2363064639,396.0,395.5416666666667,19.8999886585674,0.00035534909938198287,1113107.2721292556,56001.235667058456
2354,1174.7362223036,410.0,409.5625,20.24868179865873,0.0003552795851337276,1152789.2880359006,56993.654141532235
2355,1175.2361382775,412.0,411.6458333333333,20.297964884988403,0.0003552101681294292,1158879.6444119257,57143.53559156099
2356,1175.7360543855998,358.0,357.5416666666667,18.921140256631237,0.0003551408482813029,1006760.1865484709,53277.848347211315
2357,1176.2359706279,394.0,393.6458333333333,19.849619101439256,0.0003550716255016134,1108637.8213894893,55903.140875865516
2358,1176.7358870044002,427.0,426.75,20.664104343845473,0.00035500249970275025,1202104.2115402713,58208.334761439386
2359,1177.2358035151,414.0,413.625,20.347181930183844,0.000354933470797211,1165359.2406232154,57326.74882558224
2360,1177.73572016,389.0,388.7708333333333,19.723203956395004,0.0003548645386975425,1095547.1481039973,55579.52910365453
2361,1178.2356369391,410.0,409.4791666666667,20.248724668345027,0.00035479570331646825,1154126.6222759814,57071.50475349389
2362,1178.7355538524,432.0,431.6041666666667,20.784808070506156,0.0003547269645667216,1216722.1829156578,58593.82044974673
2363,1179.2354708998998,418.0,417.5,20.445303046584236,0.00035465832236118955,1177189.3500776545,57647.88743844116
2364,1179.7353880816,414.0,413.5833333333333,20.347203261272924,0.00035458977661284997,1166371.2848238542,57382.37423434943
2365,1180.2353053974998,385.0,384.6875,19.6215827704257,0.00035452132723476614,1085089.8675138312,55346.6921820254
2366,1180.7352228476,417.0,416.5,20.420832908250013,0.00035445297414009205,1175050.0923583303,57612.24872718657
2367,1181.2351404319002,408.0,407.5,20.199267726001025,0.00035438471724208014,1149880.2859538575,56998.13435296339
2368,1181.7350581504,424.0,423.7291666666667,20.591397290157634,0.00035431655645409247,1195905.6356475053,58115.82020391866
2369,1182.2349760031,401.0,400.6041666666667,20.02519029941483,0.0003542484916895792,1130856.3792494792,56528.65366879953
2370,1182.73489399,440.0,439.6458333333333,20.976352840096446,0.00035418052286209135,1241304.3771594407,59225.03211240695
2371,1183.2348121111002,409.0,408.625,20.223941566865744,0.00035411264988524454,1153940.70257705,57111.604381881334
2372,1183.7347303663998,406.0,405.4791666666667,20.14971093327258,0.0003540448726728423,1145276.2007412338,56912.873165351746
2373,1184.2346487559,427.0,426.7083333333333,20.664125347783024,0.00035397719113864604,1205468.4426438084,58376.99678138099
2374,1184.7345672796,412.0,411.5833333333333,20.297996959196627,0.0003539096051966439,1162961.748677728,57353.61985419522
2375,1185.2344859375,400.0,399.4791666666667,20.000271265521487,0.00035384211476080724,1128975.7493584661,56523.15095121285
2376,1185.7344047296,412.0,411.6041666666667,20.297986267799516,0.00035377471974529847,1163464.0456022487,57375.45713388773
2377,1186.2343236559,439.0,438.5416666666667,20.952554703689742,0.00035370742006431523,1239842.993926805,59236.96681251386
2378,1186.7342427164,421.0,420.5416666666667,20.518517212779074,0.0003536402156321808,1189179.4204312717,58020.88197491732
2379,1187.2341619111,436.0,435.5208333333333,20.88085205730094,0.00035357310636328627,1231770.2491938062,59056.67507371576
2380,1187.73408124,399.0,398.5625,19.97521250408449,0.0003535060921721413,1127455.817100652,56505.99224852248
2381,1188.2340007030998,417.0,416.625,20.42076914565169,0.0003534391729733619,1178774.2611976978,57777.322682878636
2382,1188.7339203004,413.0,412.5833333333333,20.3226150028867,0.0003533723486815995,1167559.7563664636,57510.484560290446
2383,1189.2338400319002,410.0,409.6041666666667,20.248660363781546,0.00035330561921166875,1159348.010316442,57312.0246685077
2384,1189.7337598976,400.0,399.7083333333333,20.000151909145313,0.00035323898447842643,1131552.1527826863,56619.32229444169
2385,1190.2336798975,423.0,422.6875,20.56712207423943,0.0003531724443968537,1196830.3493265558,58235.35329706672
2386,1190.7336000316,422.0,421.7083333333333,20.542786480633268,0.0003531059988820279,1194282.5516091709,58177.393036861366
2387,1191.2335202999,430.0,429.5416666666667,20.736671589508067,0.0003530396478491226,1216695.2615198577,58737.51493874771
2388,1191.7334407024,414.0,413.5625,20.347213926809076,0.0003529733912133581,1171653.4738733838,57645.17788965574
2389,1192.2333612391,423.0,422.7083333333333,20.567111522741566,0.00035290722889011917,1197788.8202027944,58279.08821087176
2390,1192.73328191,398.0,397.75,19.95006787791293,0.00035284116079481746,1127277.7787716715,56541.21484288563
2391,1193.2332027151,388.0,387.5625,19.697946963664343,0.0003527751868430124,1098610.4308194108,55837.11014354895
2392,1193.7331236544,430.0,429.6666666666667,20.736608798076034,0.00035270930695032956,1218189.1948974703,58792.34936376736
2393,1194.2330447279,436.0,435.5625,20.880831271367846,0.0003526435210324805,1235135.4101863173,59212.29237455522
2394,1194.7329659356,425.0,424.6458333333333,20.615707081548823,0.000352577829005294,1204403.1087585974,58471.36542791315
2395,1195.2328872775,450.0,449.5833333333333,21.213408037266326,0.0003525122307846887,1275369.459756234,60177.792952163654
2396,1195.7328087536,432.0,431.6875,20.784766306520424,0.0003524467262866386,1224830.500053833,58972.788669390415
2397,1196.2327303639,441.0,440.5625,21.00021701276759,0.0003523813154272489,1250243.6443482675,59595.14904275111
2398,1196.7326521084,425.0,424.5416666666667,20.615759714623934,0.00035231599812273536,1205002.5231007827,58514.96901779089
2399,1197.2325739870998,440.0,439.6041666666667,20.97637353137519,0.00035225077428934474,1247986.3743480898,59549.545557974685
2400,1197.732496,461.0,460.6458333333333,21.47108237775223,0.0003521856438434629,1307963.1194111877,60965.24021659313
2401,1198.2324181471001,431.0,430.5208333333333,20.760779914032348,0.0003521206067015617,1222651.6288443732,58959.287013918096
2402,1198.7323404284,455.0,454.5833333333333,21.33093248209172,0.00035205566278017795,1291225.7389740474,60589.65878759536
2403,1199.2322628439001,441.0,440.7083333333333,21.00014467542757,0.00035199081199598526,1252044.9918401847,59661.05920874746
2404,1199.7321853936,389.0,388.625,19.72328097705856,0.0003519260542657028,1104280.2750449094,56043.821530097804
2405,1200.2321080775,450.0,449.4791666666667,21.213459187375467,0.000351861389506193,1277432.4778784958,60289.249744471024
2406,1200.7320308956,425.0,424.6458333333333,20.615707081548823,0.0003517968176343482,1207076.9604706974,58601.175588167054
2407,1201.2319538479,400.0,399.4791666666667,20.000271265521487,0.00035173233856720926,1135747.62074467,56862.19057079911
2408,1201.7318769344001,406.0,405.625,20.149635542609698,0.0003516679522218762,1153431.8024637084,57297.332370783624
2409,1202.2318001551,455.0,454.4791666666667,21.330983350385992,0.00035160365851553927,1292589.4132770544,60667.694529814624
2410,1202.7317235100002,427.0,426.6875,20.664135849743793,0.000351539457365506,1213768.4435131855,58781.8391841536
2411,1203.2316469991,437.0,436.6041666666667,20.904742201897104,0.00035147534868913526,1242204.2350765949,59477.12202253605
2412,1203.7315706224,424.0,423.6041666666667,20.591460524396464,0.0003514113324039349,1205436.8416888409,58596.461256768205
2413,1204.2314943799,429.0,428.5625,20.712535204154353,0.0003513474084274385,1219768.4961393652,58951.72330104714
2414,1204.7314182716,432.0,431.6875,20.784766306520424,0.00035128357667730924,1228886.0870844247,59168.05591402131
2415,1205.2313422974999,382.0,381.5,19.545086765391112,0.0003512198370712998,1086214.2730353614,55649.15389851211
2416,1205.7312664576,402.0,401.625,20.050132480859073,0.0003511561895272346,1143721.8308488657,57097.477073813745
2417,1206.2311907519002,413.0,412.5833333333333,20.3226150028867,0.00035109263396304754,1175140.955468629,57883.91164317521
2418,1206.7311151804,434.0,433.75,20.832791659624817,0.0003510291702967555,1235652.2953158377,59347.75062144564
2419,1207.2310397431002,422.0,421.5208333333333,20.54288155636616,0.00035096579844645285,1201031.0839380696,58532.43149987564
2420,1207.73096444,483.0,482.4583333333333,21.97751771065655,0.00035090251833035324,1374907.013004473,62631.40491333283
2421,1208.2308892711,407.0,406.5833333333333,20.17445614026697,0.00035083932986672723,1158887.5554168385,57503.40518530407
2422,1208.7308142364,369.0,368.5416666666667,19.20962125111037,0.0003507762329739648,1050646.0587197777,54763.17790474744
2423,1209.2307393359001,410.0,409.375,20.248778255325266,0.0003507132275705231,1167264.2142295043,57735.99814182528
2424,1209.7306645695999,436.0,435.5833333333333,20.88082087839354,0.0003506503135749673,1242215.7245275292,59548.84416188986
2425,1210.2305899375,376.0,375.6875,19.39088730349044,0.0003505874909059371,1071594.1376835867,55309.69531566381
2426,1210.7305154396001,388.0,387.6666666666667,19.69789187817936,0.0003505247594821646,1105960.8663290215,56195.436542854615
2427,1211.2304410759,376.0,375.625,19.39092087808106,0.0003504621192224739,1071799.1457489096,55329.577191113414
2428,1211.7303668464,419.0,418.6666666666667,20.46965911891169,0.0003503995700457888,1194826.4280460076,58418.04861871491
2429,1212.2302927511,424.0,423.6875,20.59141836825882,0.00035033711187109604,1209370.8763457886,58776.012219439894
2430,1212.73021879,379.0,378.7083333333333,19.46807839487218,0.00035027474461750115,1081175.1036943344,55579.45211302989
2431,1213.2301449631,396.0,395.7708333333333,19.89986870071146,0.0003502124682041622,1130087.787458818,56822.27364078454
2432,1213.7300712704,397.0,396.75,19.924989544121054,0.0003501502825503789,1133084.9060300742,56904.10814177849
2433,1214.2299977118998,427.0,426.6458333333333,20.66415685364932,0.00035008818757548463,1218681.0308798025,59025.5758035075
2434,1214.7299242876,404.0,403.5,20.100010364839783,0.00035002618319891104,1152770.9050574114,57424.3051795284
2435,1215.2298509975,359.0,358.6458333333333,18.947490030930805,0.0003499642693402435,1024807.0010388672,54141.21294911284
2436,1215.7297778416,373.0,372.5,19.31347759122284,0.00034990244591906526,1064582.4410331836,55196.74931249316
2437,1216.2297048199,371.0,370.6458333333333,19.26155181890136,0.00034984071285507464,1059470.2666492607,55058.06245850142
2438,1216.7296319324,390.0,389.6875,19.748582491324957,0.000349779070068122,1114096.1062195788,56460.160659352136
2439,1217.2295591791,351.0,350.6666666666667,18.735179327789858,0.0003497175174780184,1002714.0453114648,53572.32163518221
2440,1217.72948656,360.0,359.6041666666667,18.973883274853826,0.0003496560550047974,1028451.135106849,54264.42071650525
2441,1218.2294140751,362.0,361.6666666666667,19.02648008551357,0.0003495946825685206,1034531.3721863604,54424.397836155236
2442,1218.7293417244,337.0,336.6666666666667,18.357748893708195,0.00034953340008929846,963188.8299677668,52520.72874585998
2443,1219.2292695079,321.0,320.5625,17.916727228579813,0.0003494722074873851,917276.089863516,51267.96021176177
2444,1219.7291974256002,326.0,325.625,18.055686431149606,0.00034941110468312826,931925.1610371707,51674.62106713475
2445,1220.2291254775,326.0,325.375,18.055830660297335,0.00034935009159688704,931372.3048209423,51684.05875539844
2446,1220.7290536636,334.0,333.4166666666667,18.275999364679837,0.00034928916814922064,954557.7048190254,52323.40716867608
2447,1221.2289819839,328.0,327.7916666666667,18.110890101753085,0.0003492283342606576,938617.0436617809,51859.73852922097
2448,1221.7289104384001,331.0,330.6041666666667,18.193632032328726,0.00034916758985191037,946835.2054292415,52105.729629846355
2449,1222.2288390270999,312.0,311.6041666666667,17.66375516496359,0.00034910693484372436,892575.1268910038,50596.975888979876
2450,1222.72876775,301.0,300.5625,17.3496142488337,0.00034904636915691,861096.19396982,49705.75769271036
2451,1223.2286966071001,305.0,304.5416666666667,17.464522570374232,0.00034898589271245583,872647.4995870146,50043.6348146714
2452,1223.7286255984,295.0,294.6041666666667,17.17580410134494,0.00034892550543135994,844318.2343533804,49224.845515696295
2453,1224.2285547239,308.0,307.8125,17.550040064056837,0.0003488652072347083,882325.0172749701,50306.0772473352
2454,1224.7284839836,270.0,269.4583333333333,16.432020104729126,0.00034880499804370956,772518.5557678473,47109.474339212284
2455,1225.2284133775001,286.0,285.6041666666667,16.911778337235198,0.0003487448777796495,818948.706816914,48493.266610558545
2456,1225.7283429056,254.0,253.58333333333334,15.93764978143125,0.0003486848463638598,727256.5354581367,45707.8933817502
2457,1226.2282725679001,296.0,295.6458333333333,17.204864965242308,0.00034862490371780384,848034.1770783113,49350.64816588339
2458,1226.7282023644,296.0,295.3125,17.205066780360564,0.00034856504976303555,847223.4958747638,49359.701416011325
2459,1227.2281322951,295.0,294.6666666666667,17.1757661967216,0.00034850528442114705,845515.6344504099,49284.09113006663
2460,1227.7280623600002,288.0,287.5208333333333,16.970856862247377,0.00034844560761385047,825152.6982999471,48704.46489041292
2461,1228.2279925591,278.0,277.375,16.67372246480471,0.00034838601926294026,796171.4439254076,47859.90695057259
2462,1228.7279228924,263.0,262.7708333333333,16.217421937705005,0.0003483265192902985,754380.7857889157,46558.10292810137
2463,1229.2278533598999,288.0,287.625,16.970792924904835,0.0003482671076178677,825874.7200312509,48729.24417406037
2464,1229.7277839616002,288.0,287.7291666666667,16.970728987321404,0.0003482077841677157,826314.5735078707,48737.36245697306
2465,1230.2277146975,280.0,279.75,16.73335615868297,0.00034814854886197134,803536.3091830983,48063.84002857687
2466,1230.7276455676001,303.0,302.7291666666667,17.407057257362922,0.00034808940162282673,869687.9745700782,50007.43250501028
2467,1231.2275765718998,298.0,297.5625,17.26294049643146,0.0003480303423726157,854990.1079642569,49601.826032596444
2468,1231.7275077104,287.0,286.5625,16.941343352383047,0.0003479713710336906,823523.2086729773,48686.02638790875
2469,1232.2274389831,275.0,274.5416666666667,16.583411850735395,0.0003479124875285572,789111.2751281509,47665.46889000126
2470,1232.72737039,274.0,273.6875,16.55314201040596,0.00034785369177973703,786789.1198731348,47586.50663074608
2471,1233.2273019311,268.0,267.5833333333333,16.37097066626031,0.00034779498370987615,769370.8818886996,47070.74981827989
2472,1233.7272336064,297.0,296.7291666666667,17.233851640335978,0.00034773636324172903,853316.4719974808,49560.107777269935
2473,1234.2271654159001,255.0,254.5625,15.969004808795484,0.00034767783029806523,732179.2700494098,45930.466130397814
2474,1234.7270973595998,319.0,318.3541666666667,17.86094775931868,0.00034761938480178545,915812.4678466767,51380.75878450534
2475,1235.2270294375,243.0,242.4375,15.588833142669788,0.0003475610266758633,697539.3711968117,44852.0747327864
2476,1235.7269616495998,270.0,269.1875,16.432191791825378,0.00034750275584338026,774634.1445456708,47286.50784925395
2477,1236.2268939959,260.0,259.1875,16.125040374626455,0.0003474445722274458,745982.296797342,46410.39654541101
2478,1236.7268264764,301.0,300.2916666666667,17.349776855753635,0.0003473864757513094,864431.0807356891,49943.731454226705
2479,1237.2267590911,304.0,303.3541666666667,17.43598161449797,0.00034732846633826167,873392.7566168199,50200.26661885278
2480,1237.72669184,285.0,284.5208333333333,16.882238673792315,0.0003472705439117161,819305.9800823902,48614.08193055428
2481,1238.2266247231,287.0,286.6041666666667,16.94131773292083,0.00034721270839513737,825442.6169807801,48792.3319720232
2482,1238.7265577404,283.0,282.5833333333333,16.82286184201593,0.0003471549597120678,813997.6843992361,48459.229434512185
2483,1239.2264908918999,299.0,298.6875,17.29180471832442,0.0003470972977861842,860529.6033851431,49818.32134278488
2484,1239.7264241776,299.0,298.5,17.291917668860982,0.0003470397225411836,860132.0846335585,49826.911865424656
2485,1240.2263575974998,285.0,284.5625,16.88221296463628,0.00034698223390090284,820106.8302571083,48654.40162408371
2486,1240.7262911516,277.0,276.5208333333333,16.64361687371134,0.0003469248317892028,797062.6717817417,47974.70618599096
2487,1241.2262248399002,264.0,263.7291666666667,16.248250440004647,0.0003468675161300677,760316.7042248315,46842.81370963521
2488,1241.7261586624,285.0,284.7708333333333,16.882084418268843,0.0003468102868475414,821114.1483773785,48678.15361454444
2489,1242.2260926191,247.0,246.625,15.71648219227191,0.00034675314386578673,711240.8477411179,45324.69992068792
2490,1242.72602671,246.0,245.72916666666666,15.684567012229287,0.000346696087109014,708773.9833342866,45240.103927961216
2491,1243.2259609351001,248.0,247.72916666666666,15.748194892149103,0.0003466391165015077,714660.160592664,45431.09574905868
2492,1243.7258952943998,277.0,276.5833333333333,16.643577757067604,0.0003465822319676821,798030.9081716688,48022.016773841926
2493,1244.2258297879,249.0,248.72916666666666,15.779912622100007,0.00034652543343198776,717780.4070634963,45537.53086985783
2494,1244.7257644156002,250.0,249.72916666666666,15.81156672696008,0.00034646872081896626,720784.1622076842,45636.34688171981
2495,1245.2256991775,238.0,237.64583333333334,15.427487756346533,0.0003464120940532625,686020.6020890083,44535.07259470705
2496,1245.7256340736,237.0,236.60416666666666,15.395072150781813,0.00034635555305957395,683125.0851230619,44448.75219925758
2497,1246.2255691039,253.0,252.77083333333334,15.906123798888135,0.00034629909776270445,729920.5656797299,45931.750621503306
2498,1246.7255042684,272.0,271.7083333333333,16.492606719038957,0.00034624272808751635,784733.689091822,47633.077552664974
2499,1247.2254395671,246.0,245.79166666666666,15.684525503749796,0.000346186443959001,709997.9532872057,45306.58486906934
2500,1247.725375,272.0,271.875,16.492501452680447,0.0003461302453021317,785470.2202134476,47648.25286586672
2501,1248.2253105671,263.0,262.75,16.21743531922768,0.0003460741320420897,759230.3950878484,46861.16013217453
2502,1248.7252462684,250.0,249.72916666666666,15.81156672696008,0.0003460181041040449,721722.8338768514,45695.77874516551
2503,1249.2251821039001,257.0,256.8333333333333,16.031327837151302,0.000345962161413276,742374.0569897988,46338.38501777875
2504,1249.7251180736,246.0,245.77083333333334,15.684539339921832,0.00034590630389514927,710512.7329735833,45343.317433949145
2505,1250.2250541775002,253.0,252.625,15.906219302524406,0.00034585183755784257,730442.8444962341,45991.42631377271
2506,1250.7249904156,277.0,276.7291666666667,16.643486484541366,0.0003457990500462666,800260.0545884708,48130.51534500899
2507,1251.2249267879001,231.0,230.60416666666666,15.198955441995933,0.0003457463454842488,666974.9938894793,43959.84408948251
2508,1251.7248632944,255.0,254.70833333333334,15.96890968065412,0.0003456937238009695,736803.4644446704,46193.80851081952
2509,1252.2247999351,257.0,256.75,16.03138198451192,0.00034564118492565855,742822.3579757212,46381.57338790513
2510,1252.72473671,243.0,242.72916666666666,15.588638245886365,0.00034558872878756564,702364.2452641242,45107.48455418737
2511,1253.2246736191,247.0,246.77083333333334,15.716385535661678,0.00034553635531609834,714167.4950746823,45484.02879715581
2512,1253.7246106624002,247.0,246.77083333333334,15.716385535661678,0.00034548406444068116,714275.5881746417,45490.913050086994
2513,1254.2245478399,224.0,223.625,14.966890542126645,0.0003454318560908384,647378.0459356164,43328.05523932568
2514,1254.7244851516,240.0,239.72916666666666,15.492115490181163,0.0003453797301961629,694103.1731378948,44855.31180820083
2515,1255.2244225975,243.0,242.60416666666666,15.588721773377628,0.0003453276866863151,702533.2054740248,45141.82434360653
2516,1255.7243601776001,251.0,250.75,15.84314389044464,0.00034527572549103257,726231.1870995184,45885.484326803955
2517,1256.2242978918998,237.0,236.70833333333334,15.395001669012215,0.0003452238465401313,685666.2299132822,44594.25912578895
2518,1256.7242357404,200.0,199.66666666666666,14.142381144787624,0.0003451720497634939,578455.4885121054,40971.976596823944
2519,1257.2241737231,250.0,249.79166666666666,15.811525551880747,0.00034512033509110355,723781.3633923588,45814.52885906268
2520,1257.72411184,254.0,253.54166666666666,15.937677014267516,0.0003450687024529627,734757.0639247634,46186.96769939611
2521,1258.2240500911,244.0,243.6875,15.620707743782502,0.0003450171517792055,706305.4655205905,45275.16288169641
2522,1258.7239884763999,237.0,236.70833333333334,15.395001669012215,0.0003449656830000207,686179.3650741751,44627.632334696
2523,1259.2239269959,231.0,230.8125,15.198812659217825,0.0003449142960456424,669187.9769734353,44065.47607179081
2524,1259.7238656496,244.0,243.5625,15.620791099791756,0.00034486299084638815,706258.7359757884,45295.64352919999
2525,1260.2238044375001,259.0,258.5416666666667,16.093773597609452,0.0003448117673327128,749805.2304496815,46674.08459433574
2526,1260.7237433596,236.0,235.77083333333334,15.362446885361573,0.00034476062543503986,683868.2144627839,44559.74885756257
2527,1261.2236824159,219.0,218.66666666666666,14.798883216122913,0.0003447095650839493,634350.4469143854,42931.455100524545
2528,1261.7236216064002,221.0,220.75,14.866243921493195,0.0003446585862100409,640488.9036058168,43133.246976280025
2529,1262.2235609310999,223.0,222.70833333333334,14.933387974230392,0.00034460768874404506,646266.2923889327,43334.459624672105
2530,1262.72350039,228.0,227.75,15.099841334707241,0.00034455687261667275,660993.9261126769,43823.94470913994
2531,1263.2234399831,227.0,226.70833333333334,15.06672082401771,0.0003445061377588209,658067.6176284717,43734.259488187985
2532,1263.7233797104,206.0,205.79166666666666,14.352851294351856,0.00034445548410137977,597440.5290818313,41668.232781358594
2533,1264.2233195719,228.0,227.75,15.099841334707241,0.00034440491157531586,661285.5750467272,43843.28105438516
2534,1264.7232595676,258.0,257.6458333333333,16.062608084374787,0.00034435442011172655,748199.5824236539,46645.56964061399
2535,1265.2231996975,216.0,215.5625,14.69724853784998,0.0003443040096417156,626081.8752134643,42686.8352568534
2536,1265.7231399616,216.0,215.625,14.697204240943242,0.00034425368009649815,626354.9599224557,42692.947354472584
2537,1266.2230803599002,223.0,222.625,14.933446102624806,0.00034420343140734004,646783.2092485427,43385.52361772404
2538,1266.7230208924,220.0,219.625,14.83266033117458,0.00034415326350558637,638160.4456191217,43098.996592644
2539,1267.2229615591,220.0,219.625,14.83266033117458,0.00034410317632266866,638253.3353718759,43105.27002304059
2540,1267.72290236,214.0,213.6875,14.628961358096024,0.00034405316979007163,621088.5954934934,42519.478506830994
2541,1268.2228432951001,230.0,229.70833333333334,15.165951219389072,0.00034400324383934656,667750.4862152106,44086.6517714343
2542,1268.7227843644,235.0,234.6875,15.329922061663153,0.0003439533984021564,682323.5388580147,44569.764778829536
2543,1269.2227255679,220.0,219.625,14.83266033117458,0.0003439036334101948,638623.6685613609,43130.28095717373
2544,1269.7226669056,215.0,214.72916666666666,14.663070700269815,0.00034385394879522525,624477.8267605237,42643.310485877504
2545,1270.2226083775,230.0,229.70833333333334,15.165951219389072,0.00034380434448911265,668136.7964522844,44112.15699419219
2546,1270.7225499836002,207.0,206.64583333333334,14.387750987288536,0.00034375482042378163,601143.0852913712,41854.68866895099
2547,1271.2224917239,216.0,215.66666666666666,14.697174709597912,0.00034370537653119455,627475.3943137483,42760.96829769552
2548,1271.7224335984001,216.0,215.64583333333334,14.697189475277995,0.00034365601274344694,627504.9041389002,42767.15357880276
2549,1272.2223756071,212.0,211.79166666666666,14.560368823549004,0.0003436067289926806,616378.111358751,42375.098026264684
2550,1272.72231775,217.0,216.83333333333334,14.731037717086403,0.0003435575252110596,631141.2716112823,42877.936403915475
2551,1273.2222600271,222.0,221.70833333333334,14.899868334615876,0.00034350840133089643,645423.3214510671,43375.55726988773
2552,1273.7222024384,184.0,183.77083333333334,13.564835948346575,0.00034345935728451903,535058.4557843304,39494.73397840657
2553,1274.2221449838999,219.0,218.60416666666666,14.798927208678938,0.0003434103930043679,636568.2900688628,43093.999221190454
2554,1274.7220876636,198.0,197.85416666666666,14.07135523659482,0.00034336150842290635,576226.9847177413,40981.16676276837
2555,1275.2220304775,178.0,177.83333333333334,13.341794190521087,0.00034331270347271283,517992.2896371001,38861.92982538882
2556,1275.7219734256,214.0,213.66666666666666,14.628976192626894,0.0003432639780864011,622455.836635692,42617.2774497903
2557,1276.2219165079,210.0,209.77083333333334,14.49154147444486,0.00034321533219667816,611193.0722638143,42222.88492094677
2558,1276.7218597244,200.0,199.8125,14.142273729849808,0.0003431667657363399,582260.6381222793,41211.08202160674
2559,1277.2218030751,214.0,213.75,14.628916854413157,0.0003431182786381765,622963.0226881695,42635.20122703686
2560,1277.72174656,210.0,209.58333333333334,14.491676250715633,0.00034306987083515013,610905.6817584574,42241.18024540571
2561,1278.2216901791,208.0,207.5625,14.422521089717058,0.00034302154226020787,605100.4803731776,42045.5257552789
2562,1278.7216339324,223.0,222.66666666666666,14.933417038455882,0.00034297329284641037,649224.5061378024,43541.04925931751
2563,1279.2215778199,189.0,188.66666666666666,13.747979649550128,0.0003429251225268802,550168.6936100111,40090.32510726155
2564,1279.7215218416002,194.0,193.70833333333334,13.92860640512499,0.0003428770312348122,564949.8674079344,40622.74558013854
2565,1280.2214659975,222.0,221.79166666666666,14.899810075225046,0.0003428290189034626,646945.4288789978,43461.344441850444
2566,1280.7214102876,221.0,220.72916666666666,14.866258519247912,0.00034278108546615955,643936.2497685356,43369.54152248741
2567,1281.2213547119,202.0,201.58333333333334,14.212975781149968,0.00034273323085631883,588163.9572260836,41469.50018718306
2568,1281.7212992704,221.0,220.77083333333334,14.866229323724143,0.0003426854550073795,644237.5365145836,43381.559113455834
2569,1282.2212439630998,198.0,197.8125,14.071386081335413,0.00034263775785291624,577322.5380634051,41067.8209240904
2570,1282.72118879,218.0,217.77083333333334,14.764984737735272,0.0003425901393265171,635659.9572931067,43098.101909065765
2571,1283.2211337511,209.0,208.79166666666666,14.456982405667436,0.0003425425993618359,609534.8930487768,42204.91825717764
2572,1283.7210788464,204.0,203.79166666666666,14.28300879639083,0.00034249513789269304,595020.6123233099,41702.80747420663
2573,1284.2210240759,209.0,208.70833333333334,14.457042449577608,0.0003424477548528171,609460.3640284793,42216.78269081133
2574,1284.7209694396,208.0,207.70833333333334,14.422415761199261,0.0003424004501761456,606624.0077268567,42121.4859787122
2575,1285.2209149375,215.0,214.75,14.663055900232166,0.0003423532237966102,627276.1144717059,42830.19665368593
2576,1285.7208605695998,181.0,180.70833333333334,13.45384987239299,0.00034230607564823975,527914.4782666162,39303.56727357192
2577,1286.2208063359,211.0,210.70833333333334,14.526048202759375,0.00034225900566513316,615639.9973284875,42441.68294280527
2578,1286.7207522364,200.0,199.8125,14.142273729849808,0.00034221201378144213,583885.1120160051,41326.05858449477
2579,1287.2206982711,198.0,197.77083333333334,14.071416926008395,0.0003421650999314018,577998.2627479628,41124.64108358646
2580,1287.7206444400001,182.0,181.79166666666666,13.490898423669854,0.0003421182640492924,531370.8321648508,39433.43528051483
2581,1288.2205907431,197.0,196.60416666666666,14.03596261493232,0.0003420715060694968,574745.815358043,41032.24725207223
2582,1288.7205371804,225.0,224.83333333333334,15.000115740294214,0.0003420248259264214,657359.6893861177,43856.8039605439
2583,1289.2204837519,218.0,217.6875,14.7650435291152,0.00034197822355460977,636553.6896978411,43175.39103994264
2584,1289.7204304576,219.0,218.75,14.798824559178115,0.00034193169888859686,639747.6475887364,43280.06033742911
2585,1290.2203772975,206.0,205.77083333333334,14.352866414258704,0.00034188525186302604,601871.0436090236,41981.53133557537
2586,1290.7203242716,212.0,211.60416666666666,14.56050296273373,0.00034183888241261473,619017.255068284,42594.63657255513
2587,1291.2202713799,199.0,198.79166666666666,14.106889815894139,0.0003417925904721062,581614.9097675951,41273.24643406922
2588,1291.7202186224,238.0,237.64583333333334,15.427487756346533,0.0003417463759763781,695386.5499067054,45143.091019677406
2589,1292.2201659991001,293.0,292.6458333333333,17.117458294741724,0.00034170023886034623,856440.2363585659,50094.955601531416
2590,1292.72011351,346.0,345.8125,18.60118023809242,0.0003416541790589463,1012171.140281402,54444.46864173472
2591,1293.2200611551,367.0,366.8125,19.157346012691843,0.00034160819650723185,1073781.31950717,56079.87808420833
2592,1293.7200089343999,357.0,356.8333333333333,18.894535512211522,0.0003415622911403207,1044709.3914905817,55317.978601008
2593,1294.2199568479,279.0,278.75,16.70344899514269,0.0003415164628934319,816212.4825208856,48909.645097709086
2594,1294.7199048956,240.0,239.64583333333334,15.492171522166357,0.00034147071170174086,701804.9429160211,45368.96135238112
2595,1295.2198530775,211.0,210.83333333333334,14.525958564660103,0.00034142503750060746,617509.8782348621,42545.088875136345
2596,1295.7198013936,188.0,187.8125,13.71145164634292,0.00034137944022538886,550157.6189708455,40164.843076929916
2597,1296.2197498439,201.0,200.6875,14.177676481591286,0.0003413339198115399,587950.6499406951,41536.09019994023
2598,1296.7196984284,187.0,186.6875,13.67503237351439,0.00034128847619458645,547007.9215143487,40068.83714912641
2599,1297.2196471471,194.0,193.625,13.928668726766388,0.000341243109310092,567410.7248391366,40817.43585951571
2600,1297.7195960000001,224.0,223.6875,14.966847043270892,0.0003411978190937153,655594.75319671,43865.59997079001
2601,1298.2195449870999,205.0,204.75,14.318002945010639,0.0003411526054811599,600171.2919976725,41969.49609930899
2602,1298.7194941084,206.0,205.8125,14.35283617442908,0.0003411074684082212,603365.5638219371,42077.16776594375
2603,1299.2194433639,222.0,221.8125,14.899795510341745,0.0003410624078107196,650357.5149891627,43686.4197552101
2604,1299.7193927536,209.0,208.8125,14.456967394650928,0.0003410174236246062,612322.0854247668,42393.632680086266
2605,1300.2193422775001,217.0,216.6875,14.731140838939346,0.0003409725157858628,635498.4345309634,43203.30864494305
2606,1300.7192919356,188.0,187.83333333333334,13.711435819133685,0.00034092768423048427,550947.7288630763,40218.01822894519
2607,1301.2192417279,182.0,181.77083333333334,13.490914509608144,0.0003408829288946238,533235.3659444286,39576.38639563131
2608,1301.7191916544,179.0,178.85416666666666,13.379201702435182,0.000340838249714469,524747.9319486545,39253.81530284046
2609,1302.2191417151,175.0,174.77083333333334,13.228937005880539,0.0003407936466262261,512834.7757169828,38818.02708719422
2610,1302.7190919099999,162.0,161.64583333333334,12.72821191182101,0.0003407491195662537,474383.7153243287,37353.616432004295
2611,1303.2190422391,155.0,154.91666666666666,12.449969321693573,0.00034070466847089387,454694.87507154915,36541.82191740987
2612,1303.7189927023999,157.0,156.66666666666666,12.530241196578958,0.00034066029327660174,459891.1870819648,36782.218074370445
2613,1304.2189432999,174.0,173.79166666666666,13.191070475051589,0.0003406159939198774,510227.55762768857,38727.10239835216
2614,1304.7188940316,159.0,158.70833333333334,12.609761155108723,0.000340571770337296,466005.54466434947,37025.268249979286
2615,1305.2188448975,141.0,140.64583333333334,11.874652772701282,0.00034052762246552734,413023.27345726953,34871.33492057135
2616,1305.7187958976,148.0,147.52083333333334,12.165935337609223,0.00034048355024122117,433268.6064534389,35731.34540270761
2617,1306.2187470319,147.0,146.625,12.124677830771422,0.0003404395536011918,430693.19780557574,35614.774201516215
2618,1306.7186983004,159.0,158.66666666666666,12.609795575045792,0.00034039563248226557,466124.27283400326,37044.528107165876
2619,1307.2186497031,142.0,141.83333333333334,11.916520978130414,0.0003403517868213219,416725.69037456857,35012.36496926739
2620,1307.71860124,145.0,144.66666666666666,12.041882927700486,0.0003403080165553499,425105.08018883865,35385.246135516514
2621,1308.2185529111,161.0,160.70833333333334,12.688816981456107,0.0003402643216213798,472304.391384758,37291.05925944024
2622,1308.7185047164,173.0,172.66666666666666,13.15321042348386,0.0003402207019565009,507513.6982368082,38660.81736897236
2623,1309.2184566559001,169.0,168.79166666666666,13.000166932688893,0.00034017715749787373,496187.5391874943,38215.87265973363
2624,1309.7184087296,153.0,152.85416666666666,12.369439687974731,0.00034013368818271926,449394.3763210942,36366.40567437674
2625,1310.2183609375002,147.0,146.75,12.124570439126218,0.00034009029394834226,431503.05260487815,35651.033431044845
2626,1310.7183132796,130.0,129.83333333333334,11.401906516991895,0.000340046974732107,381809.9938563417,33530.386576661804
2627,1311.2182657559001,155.0,154.75,12.450108767931843,0.00034000373047138533,455142.0650163241,36617.565197507865
2628,1311.7182183664,146.0,145.77083333333334,12.08324353414908,0.00033996056110370456,428787.4830541479,35543.0744522836
2629,1312.2181711111,144.0,143.66666666666666,12.000289348363417,0.0003399174665666121,422651.6163402652,35303.538442946636
2630,1312.7181239899999,167.0,166.625,12.923150254485165,0.0003398744467977083,490254.567737993,38023.30647757395
2631,1313.2180770031,147.0,146.6875,12.12462413506772,0.00033983150173466463,431647.74086933065,35678.34080471576
2632,1313.7180301504002,145.0,144.85416666666666,12.041720732289237,0.00033978863131522497,426306.6898559185,35438.857049687525
2633,1314.2179834319,144.0,143.79166666666666,12.000180843544724,0.0003397458354772293,423233.05145061587,35321.05353606022
2634,1314.7179368476002,129.0,128.79166666666666,11.358007760068567,0.00033970311415849414,379130.07358118234,33435.100494160615
2635,1315.2178903975,131.0,130.83333333333334,11.445674825986549,0.0003396604672969966,385188.5807450581,33697.40057496457
2636,1315.7178440816,136.0,135.8125,11.66207126757507,0.0003396178948307023,399897.9502175579,34338.80088500211
2637,1316.2177978999,127.0,126.6875,11.26971651891327,0.0003395753966976801,373076.2040831491,33187.67092230349
2638,1316.7177518524,150.0,149.75,12.247661341388133,0.0003395329728360699,441047.0027377897,36072.08230495314
2639,1317.2177059391,130.0,129.77083333333334,11.401963616217847,0.0003394906231840579,382251.59833936533,33585.503803550324
2640,1317.71766016,138.0,137.875,11.747450964641931,0.0003394483476798886,406173.7255236866,34607.47723456348
2641,1318.2176145151002,137.0,136.77083333333334,11.704903857168393,0.00033940614626187105,402970.9975487801,34486.422788989206
2642,1318.7175690044,126.0,125.72916666666667,11.225223488247845,0.00033936401886841756,370484.67037224694,33077.2352522152
2643,1319.2175236279002,116.0,115.8125,10.770510955846058,0.00033932196543790953,341305.6382911699,31741.272457697374
2644,1319.7174783855999,148.0,147.75,12.165739119894578,0.00033927998590892086,435481.03671421175,35857.52070610039
2645,1320.2174332775,130.0,129.6875,11.402039748074317,0.00033923808021996176,382290.5138359193,33610.73067233856
2646,1320.7173883035998,130.0,129.85416666666666,11.401887483853033,0.0003391962483097033,382829.0180500559,33614.42687138017
2647,1321.2173434639,135.0,134.70833333333334,11.619211521824056,0.0003391544901168427,397188.70679531543,34259.347466758
2648,1321.7172987584001,116.0,115.77083333333333,10.77055125355966,0.00033911280558009756,341393.28102131654,31760.968846738768
2649,1322.2172541871,136.0,135.70833333333334,11.662164309804972,0.0003390711946383253,400235.51242118457,34394.44132741672
2650,1322.7172097500002,123.0,122.8125,11.09071261236175,0.00033902965723040413,362247.07007427607,32713.10452001111
2651,1323.2171654471,123.0,122.83333333333333,11.090693045171806,0.00033898819329526985,362352.83636070904,32717.04815840429
2652,1323.7171212784,137.0,136.85416666666666,11.704829695234547,0.00033894680277192924,403762.9667766867,34532.940271192056
2653,1324.2170772439,125.0,124.8125,11.180514578944925,0.00033890548559947846,368281.1441639057,32990.06671186833
2654,1324.7170333436,109.0,108.83333333333333,10.440472796871905,0.00033886424171702733,321170.8995374493,30810.193320988845
2655,1325.2169895774998,133.0,132.8125,11.53273195084322,0.00033882307106376867,391981.86706419365,34037.62298309576
2656,1325.7169459456,114.0,113.79166666666667,10.677281502226013,0.00033878197357899154,335884.6560356749,31516.67542823515
2657,1326.2169024479,96.0,95.75,9.798224754175285,0.0003387409492019852,282664.3788581521,28925.42155667391
2658,1326.7168590844,118.0,117.91666666666667,10.862860401897427,0.00033869999787214166,348144.8698183337,32072.218689526322
2659,1327.2168158551,113.0,112.83333333333333,10.630309131075268,0.0003386591195289163,333176.7161335784,31389.407572612567
2660,1327.71677276,105.0,104.875,10.24707783549372,0.0003386183141117974,309714.4945484984,30261.440118417722
2661,1328.2167297991,109.0,108.52083333333333,10.440784579661095,0.00033857758156037457,320519.8431426036,30837.19994555904
2662,1328.7166869723999,134.0,133.60416666666666,11.576193093058606,0.00033853692181427635,394651.68511209777,34194.7727031363
2663,1329.2166442799,132.0,130.8125,11.490201894802953,0.00033849633481318253,386451.74717237614,33944.83399988493
2664,1329.7166017216,124.0,121.875,11.137516367365452,0.0003384558204968489,360091.310650498,32906.85428607999
2665,1330.2165592975,124.0,121.125,11.138217803281336,0.00033841537880510204,357918.13134401763,32912.859464628484
2666,1330.7165170076,135.0,132.125,11.621527259071131,0.0003383750096778255,390469.14287730405,34345.110976535325
2667,1331.2164748518999,135.0,133.20833333333334,11.620556199635578,0.00033833471305492205,393717.60624429205,34346.33146185389
2668,1331.7164328304,146.0,145.0625,12.083854155442294,0.00033829448887644686,428805.3892979033,35719.92613765459
2669,1332.2163909431,172.0,171.6875,13.115125253563788,0.0003382543370824115,507569.24946145026,38772.96996895105
2670,1332.71634919,220.0,219.66666666666666,14.832631069518465,0.0003382142576129789,649489.6702966108,43855.72380716
2671,1333.2163075710998,208.0,207.72916666666666,14.422400714205354,0.00033817425040831307,614266.6581380857,42647.8381981824
2672,1333.7162660864,197.0,196.79166666666666,14.035823462760485,0.0003381343154086406,581992.5919936309,41509.609711744204
2673,1334.2162247359,168.0,167.64583333333334,12.961766024435954,0.0003380944525543284,495855.02532430436,38337.70689376551
2674,1334.7161835196,173.0,172.83333333333334,13.153078431387165,0.00033805466178567293,511258.54150447977,38908.140955400384
2675,1335.2161424375001,137.0,136.75,11.704922397578438,0.0003380149430431295,404567.9127935808,34628.416993046754
2676,1335.7161014896,119.0,118.77083333333333,10.90893094237724,0.0003379752962672103,351418.68250462494,32277.302698929838
2677,1336.2160606759,103.0,102.70833333333333,10.149190922871089,0.0003379357213984465,303928.60780832946,30032.903538198567
2678,1336.7160199963998,121.0,120.75,11.000236739876707,0.000337896218377451,357358.24620894325,32555.075024807647
2679,1337.2159794511,108.0,107.83333333333333,10.39247190144011,0.0003378567871448943,319168.7645069791,30759.99150191162
2680,1337.71593904,114.0,113.85416666666667,10.677220527573851,0.0003378174276415031,337028.6946459447,31606.482241362268
2681,1338.2158987631,92.0,91.85416666666667,9.5918214221515,0.00033777813980807403,271936.38617010065,28396.8093009263
2682,1338.7158586203998,121.0,120.77083333333333,11.000217011748248,0.0003377389235854534,357586.36301443755,32570.1784531359
2683,1339.2158186119,112.0,111.66666666666667,10.583333333333334,0.0003376997789145766,330668.4624597089,31339.473680882857
2684,1339.7157787376002,107.0,106.89583333333333,10.344185329879242,0.0003376607057363909,316577.65181829024,30634.85076630405
2685,1340.2157389975,97.0,96.77083333333333,9.84910017745558,0.00033762170399194457,286625.0368064081,29171.99949233884
2686,1340.7156993916,93.0,92.79166666666667,9.643875791287327,0.0003375827736223171,274870.85810391704,28567.440476322292
2687,1341.2156599199,80.0,79.79166666666667,8.944514535612193,0.00033754391456867637,236388.99480272614,26498.8173377137
2688,1341.7156205824,103.0,102.85416666666667,10.149041245085392,0.0003375051267722464,304748.4571577315,30070.776530556588
2689,1342.2155813790998,114.0,113.72916666666667,10.677342476529969,0.00033746641017425705,337008.84958577214,31639.71925684848
2690,1342.71554231,98.0,97.83333333333333,9.899670308763936,0.0003374277647160832,289938.5989047219,29338.635832453405
2691,1343.2155033751,129.0,128.89583333333334,11.357912226236339,0.00033738919033909947,382039.0131758048,33664.12603444957
2692,1343.7154645744,92.0,91.75,9.591934545926245,0.00033735068698476176,271972.17477178096,28433.12587165271
2693,1344.2154259079,97.0,96.54166666666667,9.849342547150602,0.0003373122545945629,286208.59560144425,29199.480342002855
2694,1344.7153873756,106.0,105.79166666666667,10.295840921351582,0.00033727389311011643,313666.93013540417,30526.646537655663
2695,1345.2153489775,99.0,98.89583333333333,9.949983424050961,0.00033723560247302104,293254.42689949984,29504.546231434633
2696,1345.7153107136,82.0,81.85416666666667,9.055552892808063,0.000337197382624983,242748.5232223807,26855.347518753653
2697,1346.2152725839,97.0,96.8125,9.849056109597507,0.0003371592335077264,287141.77272496803,29211.88308304718
2698,1346.7152345883999,104.0,103.83333333333333,10.198209265465296,0.00033712115506309546,308000.05212932994,30250.873053506843
2699,1347.2151967271,108.0,107.8125,10.392492783254651,0.00033708314723292584,319839.4843676392,30830.650741709716
2700,1347.715159,92.0,91.8125,9.591866671821496,0.00033704520995917343,272404.108668749,28458.69452642085
2701,1348.2151214071,122.0,121.75,11.045596784842969,0.00033700734318379264,361268.09240949264,32775.537412604885
2702,1348.7150839484,81.0,80.79166666666667,9.000241123313184,0.0003369695468488449,239759.54925952863,26709.36055640197
2703,1349.2150466239,101.0,100.85416666666667,10.050026775807337,0.000336931820896441,299331.0824674678,29828.072483828422
2704,1349.7150094336,87.0,86.85416666666667,9.327541915984321,0.000336894165268728,257808.46218392154,27686.860971735998
2705,1350.2149723774999,86.0,85.79166666666667,9.273852504637853,0.0003368565799079472,254683.06627737824,27530.566590601018
2706,1350.7149354556,99.0,98.89583333333333,9.949983424050961,0.0003368190647563392,293617.0890590065,29541.033941320846
2707,1351.2148986679,94.0,93.8125,9.695561162202011,0.00033678161975629416,278555.87863698055,28788.86671196019
2708,1351.7148620144,95.0,94.83333333333333,9.746972464423106,0.000336744244850164,281618.2749478907,28944.733617526468
2709,1352.2148254951,125.0,124.77083333333333,11.180553398895583,0.00033670693998041863,370562.1076316082,33205.592375214466
2710,1352.71478911,101.0,100.8125,10.050069962443047,0.0003366697050895843,299440.3668520601,29851.423548099843
2711,1353.2147528591001,102.0,101.85416666666667,10.099655350280248,0.0003366325401202298,302567.7987941659,30002.017471849605
2712,1353.7147167424,97.0,96.9375,9.84892390484023,0.00033659544501496685,287994.0933118974,29260.419446265216
2713,1354.2146807599001,78.0,77.875,8.831908297002787,0.0003365584197165005,231386.2777986594,26241.82840067508
2714,1354.7146449115999,93.0,92.8125,9.64385328849418,0.0003365214641675789,275799.64395311737,28657.46858777422
2715,1355.2146091975,96.0,95.85416666666667,9.798114012117047,0.00033648457831098,284869.4200126996,29119.05817883161
2716,1355.7145736175999,133.0,132.79166666666666,11.532750768042193,0.0003364477620895812,394687.3233512848,34277.9832935002
2717,1356.2145381719,80.0,79.91666666666667,8.94436896103415,0.0003364110154463159,237556.628639646,26587.622135879446
2718,1356.7145028604,86.0,85.875,9.273758901689577,0.00033637433832415316,255295.93139547113,27569.757395561945
2719,1357.2144676830999,100.0,99.77083333333333,10.000238712428597,0.0003363377306661239,296638.83720608783,29732.729339116715
2720,1357.71443264,82.0,81.77083333333333,9.055648751224595,0.00033630119241531405,243147.6164150816,26927.19786744423
2721,1358.2143977311,95.0,94.75,9.747061523009553,0.0003362647235148903,281772.04855032713,28986.274329123724
2722,1358.7143629564,90.0,89.91666666666667,9.48692448115358,0.00033622832390805554,267427.40058762906,28215.720706943946
2723,1359.2143283158998,100.0,99.8125,10.000195310592689,0.000336191993538067,296891.3654057566,29745.489193098132
2724,1359.7142938096001,86.0,85.875,9.273758901689577,0.0003361557323482633,255461.95330392872,27587.68632891198
2725,1360.2142594375002,102.0,101.89583333333333,10.099612375675061,0.0003361195402819995,303153.55438081396,30047.679962913287
2726,1360.7142251996,83.0,82.8125,9.110647959942256,0.0003360834172827487,246404.59999348738,27108.2936302014
2727,1361.2141910959,98.0,97.8125,9.89969223006453,0.00033604736329395115,291067.601427482,29459.217096742872
2728,1361.7141571263999,93.0,92.85416666666667,9.64380828275036,0.0003360113782592154,276342.3284881576,28700.83844396085
2729,1362.2141232911001,102.0,101.85416666666667,10.099655350280248,0.0003359754621221284,303159.5403525103,30060.69338066416
2730,1362.71408959,101.0,100.77083333333333,10.050113148893178,0.0003359396148263648,299967.1038660272,29916.42755227818
2731,1363.2140560231,84.0,83.89583333333333,9.165269779929497,0.00033590383631560246,249761.46224929683,27285.397750915112
2732,1363.7140225904,100.0,99.83333333333333,10.000173609604097,0.0003358681265336688,297239.67666615016,29774.10721526634
2733,1364.2139892919,114.0,113.66666666666667,10.677403450485723,0.00033583248542438357,338462.39300831425,31793.837445454217
2734,1364.7139561276,103.0,102.875,10.149019862364378,0.0003357969129316457,306360.7675897279,30223.684231517327
2735,1365.2139230975,85.0,84.875,9.219685686977982,0.0003357614089994028,252783.6663925572,27459.039186347887
2736,1365.7138902016002,91.0,90.89583333333333,9.539505759675858,0.0003357259735716442,270744.1201713757,28414.559821479288
2737,1366.2138574399,86.0,85.75,9.273899305757709,0.0003356906065924522,255443.54925637064,27626.32949398182
2738,1366.7138248124002,99.0,98.77083333333333,9.950114286054987,0.0003356553080059248,294262.68847084604,29643.84607878554
2739,1367.2137923190999,92.0,91.875,9.591798797236452,0.00033562007775626,273747.03150722437,28579.335483624967
2740,1367.71375996,97.0,96.85416666666667,9.84901204154226,0.00033558491578768347,288612.9921523171,29348.792446241812
2741,1368.2137277350998,88.0,87.875,9.380970321169697,0.00033554982204447035,261883.61377927937,27957.011760615504
2742,1368.7136956444,107.0,106.85416666666667,10.344227288417654,0.00033551479647096186,318478.25428442674,30830.912368757265
2743,1369.2136636879002,109.0,108.83333333333333,10.440472796871905,0.00033547983901157323,324410.95016019384,31121.01409024384
2744,1369.7136318656,98.0,97.91666666666667,9.899582623076142,0.000335444949610767,291900.85222712136,29511.79510844658
2745,1370.2136001775,93.0,92.95833333333333,9.643695767471906,0.00033541012821301585,277148.2597397785,28751.951584918403
2746,1370.7135686236,97.0,96.79166666666667,9.849078143551191,0.0003353753747629232,288606.95790526865,29367.326538251364
2747,1371.2135372039002,101.0,100.83333333333333,10.05004836914839,0.0003353406892051082,300689.22913097346,29969.66575386671
2748,1371.7135059184,89.0,88.75,9.434257169132783,0.0003353060714842185,264683.54601260804,28136.25511572884
2749,1372.2134747671,84.0,83.89583333333333,9.165269779929497,0.0003352715215450326,250232.50691474168,27336.857415426046
2750,1372.71344375,105.0,104.72916666666667,10.247226081292006,0.00033523703933231296,312403.3277326823,30567.10589528313
2751,1373.2134128671,99.0,98.85416666666667,9.950027044910202,0.00033520262479090775,294908.6891199906,29683.619127734506
2752,1373.7133821184002,101.0,100.85416666666667,10.050026775807337,0.0003351682778657257,300906.0621992115,29985.01779405733
2753,1374.2133515039,103.0,102.66666666666667,10.149233687547275,0.0003351339985017102,306345.1250116683,30284.106455691286
2754,1374.7133210236,81.0,80.58333333333333,9.000482240166665,0.00033509978664389065,240475.63306558877,26859.110625849025
2755,1375.2132906775,106.0,105.29166666666667,10.296346776621524,0.00033506564223731824,314241.9078351559,30729.34219059348
2756,1375.7132604656001,87.0,86.5625,9.32786763324466,0.0003350315652271301,258371.1774779076,27841.757617438103
2757,1376.2132303879,101.0,100.47916666666667,10.050415448848094,0.00033499755555847885,299939.9995595685,30001.459061672595
2758,1376.7132004444,82.0,81.70833333333333,9.055720644371098,0.00033496361317662175,243931.96788885136,27034.93838775897
2759,1377.2131706351,106.0,105.58333333333333,10.296051697401076,0.0003349297380268381,315240.24697046424,30740.930196458245
2760,1377.71314096,90.0,89.8125,9.487038855723107,0.00033489593005444837,268180.32690154825,28328.319350374535
2761,1378.2131114191002,86.0,85.85416666666667,9.273782302515217,0.000334862189204896,256386.56568100644,27694.32501332887
2762,1378.7130820124,93.0,92.75,9.643920796716102,0.0003348285154236026,277007.4701751699,28802.567142512522
2763,1379.2130527399001,94.0,93.85416666666667,9.695516396481647,0.00033479490865604935,280333.31523296103,28959.56941341157
2764,1379.7130236015998,83.0,82.83333333333333,9.11062414010271,0.0003347613688478409,247439.94092993322,27215.279264328026
2765,1380.2129945975,87.0,86.85416666666667,9.327541915984321,0.0003347278959445844,259476.9295267991,27866.042923200326
2766,1380.7129657276,91.0,90.85416666666667,9.539551257498669,0.00033469448989192837,271454.02571761236,28502.26563508397
2767,1381.2129369919,98.0,97.83333333333333,9.899670308763936,0.00033466115063562516,292335.4956125548,29581.175735401004
2768,1381.7129083904001,84.0,83.77083333333333,9.165411845932269,0.0003346278781214299,250340.26992495387,27389.863323361005
2769,1382.2128799231,97.0,96.79166666666667,9.849078143551191,0.00033459467229517663,289280.3582397686,29435.848682200223
2770,1382.7128515900001,98.0,97.89583333333333,9.899604544570904,0.0003345615331027776,292609.351784802,29589.787124539915
2771,1383.2128233911,96.0,95.72916666666667,9.798246902436736,0.00033452846049013567,286161.50185370987,29289.725866913675
2772,1383.7127953264,90.0,89.64583333333333,9.487221852166325,0.0003344954544033018,268003.1436996665,28362.78259473016
2773,1384.2127673958998,71.0,70.83333333333333,8.426355809139691,0.0003344625147882533,211782.5771243082,25193.722574484553
2774,1384.7127395996001,74.0,73.83333333333333,8.602527083492514,0.00033442964159116,220773.89127963284,25722.980303310247
2775,1385.2127119375,88.0,87.83333333333333,9.381016587887595,0.00033439683475815056,262661.9758433359,28053.544809036033
2776,1385.7126844096001,104.0,103.79166666666667,10.198251824591201,0.00033436409423544407,310415.10872749775,30500.439492196354
2777,1386.2126570159,79.0,78.60416666666667,8.888658308641286,0.0003343314199692879,235108.52397267162,26586.368428841684
2778,1386.7126297564,111.0,110.85416666666667,10.535797938193596,0.00033429881190601406,331602.03601869993,31516.109429535358
2779,1387.2126026311,100.0,99.85416666666667,10.000151908568412,0.0003342662699920009,298726.4215113784,29916.72449872887
2780,1387.71257564,110.0,109.89583333333333,10.488191938503457,0.00033423379417365487,328799.28735224105,31379.806953494957
2781,1388.2125487831001,102.0,101.875,10.099633863000513,0.0003342013843974797,304831.17292786494,30220.203549452075
2782,1388.7125220604,91.0,90.75,9.539665001106345,0.0003341690406100066,271569.1430730418,28547.423135584995
2783,1389.2124954719,103.0,102.89583333333333,10.148998479598314,0.00033413676275780696,307945.26314338995,30373.78585891979
2784,1389.7124690176,94.0,93.85416666666667,9.695516396481647,0.00033410455078751157,280912.5659780592,29019.408366717926
2785,1390.2124426975,86.0,85.8125,9.273829103989355,0.00033407240464584866,256867.96875955717,27759.93759143493
2786,1390.7124165116002,92.0,91.91666666666667,9.591753547246254,0.0003340403242795416,275166.3795828022,28714.35826777427
2787,1391.2123904599,104.0,103.8125,10.19823054505045,0.0003340083096354048,310808.13562189264,30532.864754719983
2788,1391.7123645424,96.0,95.77083333333333,9.798202605863768,0.00033397636066028667,286759.31776725146,29338.012386542177
2789,1392.2123387591,95.0,94.85416666666667,9.746950199649346,0.0003339444773010503,284041.7288325323,29187.337603018626
2790,1392.71231311,94.0,93.9375,9.695426864420842,0.0003339126595047315,281323.5656872989,29035.816967231392
2791,1393.2122875951,87.0,86.79166666666667,9.327611713497609,0.0003338809072182859,259947.977827686,27936.942520044635
2792,1393.7122622144,89.0,88.8125,9.434188160620922,0.0003338492203887788,266025.7822276021,28258.82938901127
2793,1394.2122369678998,77.0,76.875,8.77511277230479,0.0003338175989633784,230290.4347725346,26287.148429425582
2794,1394.7122118556,98.0,97.875,9.899626466017123,0.000333786042889192,293226.76033069444,29658.599204231956
2795,1395.2121868775,81.0,80.91666666666667,9.000096450100472,0.0003337545521134738,242443.6345639884,26966.213323857563
2796,1395.7121620336,78.0,77.79166666666667,8.832006582752177,0.0003337231265835058,233102.41475638718,26465.072028929917
2797,1396.2121373239002,97.0,96.8125,9.849056109597507,0.0003336917662465712,290125.52838496893,29515.43042365586
2798,1396.7121127484,87.0,86.83333333333333,9.327565181880116,0.0003336604710501263,260244.59253457154,27955.259885966
2799,1397.2120883071,89.0,88.875,9.43411915160428,0.0003336292409415338,266388.52082984755,28277.255090052324
2800,1397.7120639999998,85.0,84.75,9.219826914499714,0.00033359807586832296,254048.22788442078,27637.53025403822
2801,1398.2120398271,100.0,99.77083333333333,10.000238712428597,0.0003335669757779995,299102.8506363121,29979.702544307343
2802,1398.7120157883999,83.0,82.75,9.11071941908724,0.0003335359406181528,248099.19988423673,27315.555265804494
2803,1399.2119918839,99.0,98.77083333333333,9.950114286054987,0.0003335049703364562,296160.00395342975,29834.98049824212
2804,1399.7119681136,87.0,86.85416666666667,9.327541915984321,0.0003334740648805846,260452.5383338843,27970.816619050926
2805,1400.2119444774999,96.0,95.77083333333333,9.798202605863768,0.0003334432241982778,287217.8121585833,29384.920414629243
2806,1400.7119209756002,105.0,104.70833333333333,10.247247259088114,0.00033341244823733413,314050.46178359375,30734.447118764387
2807,1401.2118976079,110.0,109.75,10.488336776311739,0.000333381736945629,329202.1962735741,31460.441931833462
2808,1401.7118743744,97.0,96.83333333333333,9.849034075594531,0.00033335109027103345,290484.52565312537,29545.528312466908
2809,1402.2118512751,95.0,94.8125,9.746994729146005,0.0003333205081614894,284448.44430053665,29242.109292668287
2810,1402.71182831,92.0,91.875,9.591798797236452,0.000333289990565041,275660.8437122289,28779.138494303592
2811,1403.2118054791001,101.0,100.875,10.050005182419891,0.000333259537429715,302692.01229169534,30156.69186823934
2812,1403.7117827824,100.0,99.83333333333333,10.000173609604097,0.00033322914870364135,299593.63915706094,30009.900539936833
2813,1404.2117602199,81.0,80.79166666666667,9.000241123313184,0.00033319882433496313,242472.84433827177,27011.62328911847
2814,1404.7117377916,102.0,101.625,10.099891707340232,0.0003331685642718881,305025.77643269824,30314.659876188187
2815,1405.2117154975,103.0,102.54166666666667,10.14936198049469,0.0003331383684626948,307805.033505618,30465.905285332596
2816,1405.7116933375999,92.0,91.6875,9.59200241955071,0.00033310823685567026,275248.37231727334,28795.452523459364
2817,1406.2116713119,78.0,77.60416666666667,8.832227721689346,0.00033307816939922143,232990.8525876751,26516.981697179915
2818,1406.7116494204,108.0,107.5,10.392806005437928,0.00033304816604172547,322776.13558914483,31205.114049887547
2819,1407.2116276631,121.0,120.8125,11.000177555385186,0.00033301822673164954,362780.4435381619,33031.758241416836
2820,1407.71160604,97.0,96.72916666666667,9.84914424511648,0.00033298835141755623,290488.13946458907,29578.04440662245
2821,1408.2115845511,98.0,97.8125,9.89969223006453,0.0003329585400479716,293767.806604112,29732.507322497906
2822,1408.7115631964,102.0,101.875,10.099633863000513,0.00033292879257152357,305996.3640066188,30335.717692037088
2823,1409.2115419759,117.0,116.8125,10.816834391354988,0.00033289910893689195,350894.60098898696,32492.830713480664
2824,1409.7115208896,101.0,100.85416666666667,10.050026775807337,0.0003328694890928017,302984.11230639776,30192.093613618817
2825,1410.2114999374999,110.0,109.85416666666667,10.488233320938491,0.00033283993298801034,330051.04189413437,31511.3430854954
2826,1410.7114791196,98.0,97.875,9.899626466017123,0.00033281044057135843,294086.32683509355,29745.540581664918
2827,1411.2114584358999,121.0,120.8125,11.000177555385186,0.00033278101179170643,363039.0428514554,33055.30413577321
2828,1411.7114378864,127.0,126.83333333333333,11.269581723481233,0.0003327516465979728,381165.1561459351,33867.8466018142
2829,1412.2114174711,112.0,111.83333333333333,10.583169290067236,0.0003327223449391776,336116.08908856637,31807.810479340853
2830,1412.71139719,114.0,113.91666666666667,10.67715955257348,0.0003326931067642912,342407.65543535945,32093.119260622705
2831,1413.2113770431001,142.0,141.91666666666666,11.91644813319435,0.0003326639320224052,426606.7132793598,35821.280836636564
2832,1413.7113570304,169.0,168.8125,13.000150239516465,0.00033263482066266825,507500.9876106633,39082.349267036545
2833,1414.2113371519001,159.0,158.79166666666666,12.609692314952724,0.00033260577263423006,477417.0496472154,37911.82640963881
2834,1414.7113174075998,147.0,146.91666666666666,12.124427248786274,0.0003325767878863297,441752.61779508437,36456.023662512016
2835,1415.2112977975,159.0,158.875,12.609623474420902,0.00033254786636825685,477750.7723476566,37918.22095306201
2836,1415.7112783215998,159.0,158.85416666666666,12.609640684589092,0.000332519008029315,477729.58186096244,37921.56351999409
2837,1416.2112589799,181.0,180.83333333333334,13.453753090577449,0.0003324902128189029,543875.6581741179,40463.60636156616
2838,1416.7112397724002,172.0,171.85416666666666,13.114992878169794,0.00033246148068643883,516914.51987711916,39448.15757630342
2839,1417.2112206991,173.0,172.875,13.153045433156029,0.0003324328115813921,520029.894695499,39566.02650197683
2840,1417.71120176,191.0,190.875,13.82036917620751,0.0003324042054532768,574225.5870069901,41576.99857425577
2841,1418.2111829551,176.0,175.89583333333334,13.266580951356264,0.0003323756622517081,529207.9213673817,39914.41750421991
2842,1418.7111642844,208.0,207.85416666666666,14.422310431912233,0.0003323471819262962,625412.7550049813,43395.31434664198
2843,1419.2111457479,232.0,231.8125,15.231674440126405,0.0003323187644267271,697560.6700990617,45834.53018791189
2844,1419.7111273456,211.0,210.83333333333334,14.525958564660103,0.00033229040970269354,634485.1586958825,43714.64881474235
2845,1420.2111090775002,241.0,240.89583333333334,15.524244591569952,0.0003322621177040209,725017.4500721246,46722.884627488434
2846,1420.7110909436,275.0,274.8333333333333,16.583228642885626,0.0003322338883804791,827228.476520102,49914.32007048682
2847,1421.2110729439,276.0,275.7916666666667,16.61337835233333,0.00033220572168198855,830183.373333571,50009.308293121045
2848,1421.7110550784,267.0,266.7083333333333,16.34032057179078,0.00033217761755844613,802908.8031086454,49191.5159482885
2849,1422.2110373471,263.0,262.7083333333333,16.2174620822399,0.0003321495759598298,790933.8212284977,48825.77987756107
2850,1422.7110197499999,293.0,292.8958333333333,17.117306158940107,0.0003321215968361815,881893.3671386741,51539.274536799225
2851,1423.2110022871,328.0,327.8958333333333,18.11083018911306,0.0003320936801375689,987359.4498922814,54535.30516332228
2852,1423.7109849583999,317.0,316.9375,17.804530380870297,0.00033206582581406593,954441.7864229825,53617.47279239632
2853,1424.2109677639,319.0,318.8541666666667,17.860656152405053,0.0003320380338159102,960294.1054742152,53790.99480605715
2854,1424.7109507036,336.0,335.8541666666667,18.330385653183743,0.00033201030409329025,1011577.5399919406,55210.29144936767
2855,1425.2109337775,337.0,336.8333333333333,18.357654322440606,0.0003319826365964628,1014611.2965021322,55297.031527450075
2856,1425.7109169856,390.0,389.8958333333333,19.748472602682185,0.0003319550312757613,1174544.129772323,59491.409203184376
2857,1426.2109003279,393.0,392.9375,19.824260442279638,0.0003319274880815632,1183805.24093095,59724.672267601716
2858,1426.7108838044,374.0,373.9166666666667,19.339124491845826,0.00033190000696423945,1126594.3320903706,58267.924332793154
2859,1427.2108674151,435.0,434.875,20.856716044638155,0.00033187258787429344,1310367.3394222055,62845.55219890066
2860,1427.71085116,448.0,447.8333333333333,21.166092511897947,0.0003318452307622231,1349524.6934985155,63783.0245843252
2861,1428.2108350391,503.0,502.8958333333333,22.42770987280888,0.000331817935578607,1515577.6087160856,67590.40867908661
2862,1428.7108190524,617.0,616.875,24.839537116594318,0.00033179070227403736,1859229.314661451,74865.07893786153
2863,1429.2108031999,672.0,671.8333333333334,25.923029765485015,0.00033176353079917496,2025036.7233401898,78137.06860136142
2864,1429.7107874816,736.0,735.875,27.129367927887053,0.0003317364211047185,2218252.06152962,81779.88970141805
2865,1430.2107718975,926.0,925.8333333333334,30.430305161503426,0.00033170937314144273,2791097.8956224816,91737.85134050998
2866,1430.7107564476,1223.0,1222.8333333333333,34.97146654377283,0.0003316823868601213,3686759.929911601,105436.61023074211
2867,1431.2107411319,1966.0,1965.75,44.339657287053235,0.00033165546221164817,5927084.652522754,133691.9253232669
2868,1431.7107259503998,3617.0,3616.8333333333335,60.14152868211966,0.00033162859914689165,10906276.909282159,181352.05720143745
2869,1432.2107109031,6871.0,6870.666666666667,82.89153723055475,0.0003316017976168017,20719630.339900613,249973.12386811612
2870,1432.71069599,11274.0,11273.791666666666,106.17911442594432,0.0003315750575723722,34000722.94100698,320226.4826652977
2871,1433.2106812111,15346.0,15345.875,123.87898370654591,0.00033154837896468464,46285477.3952449,373637.73001508496
2872,1433.7106665664,16841.0,16840.833333333332,129.77289190051297,0.00033152176174477033,50798575.76981217,391446.0734569263
2873,1434.2106520559,15174.0,15173.875,123.18280157622112,0.00033149520586383006,45774040.56405283,371597.53564225463
2874,1434.7106376796,11052.0,11051.8125,105.12851138606501,0.0003314687112730013,33341947.894736905,317159.68298280804
2875,1435.2106234374999,6856.0,6855.854166666667,82.8009845243065,0.00033144227792354696,20684911.44104462,249820.22523815147
2876,1435.7106093296,3803.0,3802.8958333333335,61.66848603735046,0.0003314159057667612,11474693.179058453,186075.818825517
2877,1436.2105953558998,1968.0,1967.7708333333333,44.36219983618436,0.0003313895947539501,5937937.896916656,133867.20807912623
2878,1436.7105815164,1013.0,1012.9166666666666,31.82768819928823,0.0003313633448365082,3056815.675150886,96050.7210445734
2879,1437.2105678111,488.0,487.8333333333333,22.090800624292054,0.00033133715596584735,1472317.017725645,66671.66729278339
2880,1437.71055424,263.0,262.8541666666667,16.217368411503898,0.00033131102809346173,793375.8443818429,48949.07514798763
2881,1438.2105408031,157.0,156.97916666666666,12.529981405723545,0.00033128496117086316,473849.3595116841,37822.36706863701
2882,1438.7105275004,124.0,123.83333333333333,11.13568463194887,0.00033125895514962586,373826.37181053485,33616.25235737101
2883,1439.2105143319,123.0,122.79166666666667,11.090732179517175,0.0003312330099813682,370710.83788893407,33483.173009057966
2884,1439.7105012975999,99.0,98.85416666666667,9.950027044910202,0.0003312071256177327,298466.3040757178,30041.70585506715
2885,1440.2104883975,92.0,91.9375,9.591730922171102,0.00033118130201044915,277604.7423024482,28962.175291733325
2886,1440.7104756315998,83.0,82.79166666666667,9.110671779719526,0.00033115553911129084,250008.40055054319,27511.76019634
2887,1441.2104629999,85.0,84.83333333333333,9.219732763058929,0.000331129836872018,256193.56484061413,27843.255836297118
2888,1441.7104505024001,113.0,112.85416666666667,10.63028871641991,0.0003311041952445162,340841.8506546717,32105.569392044632
2889,1442.2104381391,82.0,81.875,9.055528928045378,0.00033107861418070716,247297.76099434658,27351.597294963754
2890,1442.7104259100001,77.0,76.8125,8.775186963820202,0.00033105309363248126,232024.71590636586,26506.887060122084
2891,1443.2104138150999,95.0,94.89583333333333,9.746905669949252,0.00033102763355187244,286670.4278283856,29444.38675818857
2892,1443.7104018544,87.0,86.72916666666667,9.327681510488613,0.00033100223389093245,262019.883210953,28180.11649299669
2893,1444.2103900278998,94.0,93.75,9.695628310395017,0.0003309768946017065,283252.40078410186,29293.9732909834
2894,1444.7103783356001,79.0,78.85416666666667,8.888365327462887,0.0003309516156363454,238264.9394687132,26856.99331115989
2895,1445.2103667775,72.0,71.79166666666667,8.48553712370512,0.00033092639694705584,216941.49312045498,25641.76566749585
2896,1445.7103553536,74.0,73.89583333333333,8.602451402878652,0.00033090123848604356,223316.88352520336,25997.035980394125
2897,1446.2103440639,84.0,83.9375,9.165222424105883,0.00033087614020556354,253682.54098906048,27699.85898170778
2898,1446.7103329084,98.0,97.85416666666667,9.8996483874148,0.00033085110205798994,295764.97118487844,29921.763372816687
2899,1447.2103218871,94.0,93.875,9.695494013543955,0.00033082612399561943,283759.33214162686,29306.9177743422
2900,1447.710311,99.0,98.72916666666667,9.950157906340538,0.0003308012059709243,298454.67575273727,30078.965030179195
2901,1448.2103002471001,75.0,74.83333333333333,8.660454504367669,0.00033077634793635087,226235.44216569263,26182.20606883943
2902,1448.7102896284,81.0,80.85416666666667,9.000168786997522,0.0003307515498443943,244455.8965927912,27211.26716180695
2903,1449.2102791439,102.0,101.875,10.099633863000513,0.00033072681164761803,308033.6894746396,30537.693066631215
2904,1449.7102687935999,89.0,88.83333333333333,9.434165157671462,0.00033070213329860907,268620.38187434623,28527.681583332385
2905,1450.2102585775,100.0,99.91666666666667,10.000086805178798,0.0003306775147500297,302157.4259205288,30241.205885251078
2906,1450.7102484956001,89.0,88.79166666666667,9.434211163514295,0.00033065295595454005,268534.3199498698,28532.06358394498
2907,1451.2102385479,99.0,98.89583333333333,9.949983424050961,0.00033062845686491257,299114.70498058177,30094.153172412207
2908,1451.7102287344,81.0,80.8125,9.00021701127256,0.0003306040174339186,244438.95336557087,27223.55608722006
2909,1452.2102190551,84.0,83.875,9.165293457749549,0.0003305796376143971,253721.01138859484,27724.918340071377
2910,1452.7102095100001,86.0,85.89583333333333,9.273735500804888,0.00033055531735919254,259853.12842508603,28055.01836997447
2911,1453.2102000991,77.0,76.8125,8.775186963820202,0.00033053105662126075,232391.17311755565,26548.751737647624
2912,1453.7101908224001,70.0,69.85416666666667,8.366781830216707,0.00033050685535354374,211354.66794461358,25315.0023810149
2913,1454.2101816799,94.0,93.79166666666667,9.695583544984684,0.0003304827135090766,283802.03512245347,29337.64202682994
2914,1454.7101726716,70.0,69.8125,8.366833705171867,0.0003304586310408866,211259.42385012883,25318.85361510399
2915,1455.2101637975002,67.0,66.75,8.185670915284422,0.00033043460790212534,202006.68575178826,24772.438235976228
2916,1455.7101550575999,94.0,93.70833333333333,9.695673075598666,0.00033041064404589924,283611.7268677209,29344.312147074124
2917,1456.2101464519,92.0,91.6875,9.59200241955071,0.00033038673942541354,277515.67801860557,29032.649543478885
2918,1456.7101379803998,73.0,72.14583333333333,8.545045063596147,0.0003303628939939225,218383.58558107482,25865.632063852016
2919,1457.2101296431001,85.0,82.625,9.222227451471074,0.0003303391077047034,250121.76297896917,27917.45583969732
2920,1457.71012144,95.0,89.5625,9.752603818980857,0.00033031538051107683,271142.38477610523,29525.127785122353
2921,1458.2101133711,82.0,73.04166666666667,9.065684306462721,0.00033029171236643654,221142.89863147348,27447.50766378586
2922,1458.7101054364,79.0,69.66666666666667,8.899126049474996,0.0003302681032242003,210939.73649454705,26945.15747236385
2923,1459.2100976359,102.0,93.75,10.108010437272014,0.00033024455303784056,283880.5337972003,30607.65225131148
2924,1459.7100899696002,105.0,100.14583333333333,10.251884142547759,0.0003302210617608596,303269.06708893453,31045.518683396385
2925,1460.2100824375,126.0,124.14583333333333,11.226692677374857,0.00033019762934680856,375974.3326410809,33999.91907750311
2926,1460.7100750396,114.0,113.4375,10.677627018677885,0.0003301742557493117,343568.5793932057,32339.368781026307
2927,1461.2100677759,121.0,120.83333333333333,11.000157827150582,0.0003301509409219984,365994.21160481096,33318.57179152939
2928,1461.7100606464,91.0,90.9375,9.53946026163605,0.00033012768481855906,275461.59919904935,28896.274684987467
2929,1462.2100536511,96.0,95.95833333333333,9.798003268807147,0.000330104487392751,290690.78730566974,29681.52098202076
2930,1462.71004679,102.0,101.91666666666667,10.099590888303897,0.00033008134859833664,308762.27057192853,30597.278310910267
2931,1463.2100400631002,90.0,89.91666666666667,9.48692448115358,0.00033005826838917025,272426.64486334374,28743.180794875858
2932,1463.7100334704,78.0,77.91666666666667,8.831859153717927,0.0003300352467190857,236085.8951922386,26760.351330702844
2933,1464.2100270119001,94.0,93.85416666666667,9.695516396481647,0.00033001228354202826,284395.97962635837,29379.259136719036
2934,1464.7100206876,76.0,75.91666666666667,8.717897459313864,0.0003299893788119346,230057.9095605759,26418.721386430778
2935,1465.2100144975,77.0,76.875,8.77511277230479,0.0003299665324828279,232978.17333641474,26593.94789609902
2936,1465.7100084416,78.0,77.95833333333333,8.831810010159614,0.0003299437445087603,236277.65226888086,26767.62374540222
2937,1466.2100025199,86.0,85.89583333333333,9.273735500804888,0.00032992101484381357,260352.71919249184,28108.956639804
2938,1466.7099967324,83.0,82.9375,9.110505039970798,0.0003298983434421431,251403.20237632658,27616.09817409883
2939,1467.2099910791,79.0,78.9375,8.888267664923989,0.0003298757302579147,239294.65783458026,26944.290984895008
2940,1467.7099855600002,90.0,89.9375,9.486901606074206,0.00032985317524536104,272659.1912692672,28760.983122316105
2941,1468.2099801750999,70.0,69.9375,8.366678079341485,0.00032983067835876297,212040.615348484,25366.585427935523
2942,1468.7099749244,80.0,79.95833333333333,8.944320435648287,0.0003298082395524373,242438.8591438465,27119.760403154512
2943,1469.2099698079,85.0,84.91666666666667,9.219638610656663,0.00032978585878072354,257490.3210847747,27956.440111602395
2944,1469.7099648256,81.0,80.91666666666667,9.000096450100472,0.0003297635359980408,245377.84755906853,27292.57624819362
2945,1470.2099599775,81.0,80.875,9.000144674763105,0.0003297412711588373,245268.05430140495,27294.565351595644
2946,1470.7099552636,69.0,68.89583333333333,8.30675448890172,0.0003297190642176284,208953.1386267043,25193.43098529151
2947,1471.2099506839,74.0,73.85416666666667,8.602501856695204,0.00032969691512889577,224006.24111934204,26092.15149414436
2948,1471.7099462384,66.0,65.83333333333333,8.124252102330543,0.0003296748238472691,199691.7221796482,24643.228765610336
2949,1472.2099419271,76.0,75.89583333333333,8.717922352194295,0.0003296527903273517,230229.6099419249,26445.771454072106
2950,1472.7099377499999,76.0,75.9375,8.717872566362354,0.0003296308145238124,230371.36291308198,26447.383503742723
2951,1473.2099337071002,74.0,73.85416666666667,8.602501856695204,0.0003296088963913691,224066.05973090645,26099.119140524697
2952,1473.7099297984,91.0,90.85416666666667,9.539551257498669,0.0003295870358847557,275660.62003250327,28943.95173005013
2953,1474.2099260239002,91.0,90.72916666666667,9.539687749665138,0.0003295652329588038,275299.56922976754,28946.28072269266
2954,1474.7099223835999,71.0,70.95833333333333,8.4262012826395,0.0003295434875683434,215323.12429210852,25569.315129894672
2955,1475.2099188775,75.0,74.91666666666667,8.660354271686067,0.00032952179966824557,227349.6525634751,26281.582221282777
2956,1475.7099155055998,95.0,94.875,9.746927934824729,0.00032950016921346056,287936.1192028311,29580.94970965057
2957,1476.2099122679,82.0,81.91666666666667,9.055480998329747,0.000329478596158943,248625.15386932585,27484.276987635683
2958,1476.7099091644002,74.0,73.85416666666667,8.602501856695204,0.000329457080459738,224169.31080554565,26111.145781693074
2959,1477.2099061951,88.0,87.875,9.380970321169697,0.00032943562207085185,266744.0741459971,28475.8832763754
2960,1477.70990336,93.0,92.875,9.643785779799687,0.0003294142209474509,281939.8620159015,29275.559968426776
2961,1478.2099006591,101.0,100.91666666666667,10.049961995505809,0.00032939287704464846,306371.7332691066,30510.562601338705
2962,1478.7098980924,69.0,68.95833333333333,8.306676113558032,0.00032937159031764374,209363.3311447122,25219.771096672695
2963,1479.2098956599,91.0,90.85416666666667,9.539551257498669,0.00032935036072164554,275858.71309688094,28964.751204754673
2964,1479.7098933616,80.0,79.83333333333333,8.944466011016099,0.00032932918821196685,242411.95797667964,27159.65159231241
2965,1480.2098911975002,83.0,82.8125,9.110647959942256,0.0003293080727438991,251474.24814089746,27666.032854978173
2966,1480.7098891676,77.0,76.9375,8.775038580162104,0.0003292870142728003,233648.7521984713,26648.601978857136
2967,1481.2098872719,84.0,83.875,9.165293457749549,0.0003292660127541133,254733.2453126145,27835.52842605087
2968,1481.7098855104,76.0,75.89583333333333,8.717922352194295,0.0003292450681432411,230514.71586603735,26478.520699971374
2969,1482.2098838831,71.0,70.9375,8.42622703725299,0.0003292241803957025,215468.68129412155,25594.19246522326
2970,1482.7098823899998,72.0,71.91666666666667,8.485383674950185,0.00032920334946702647,218456.667537248,25775.508325440336
2971,1483.2098810311,68.0,67.83333333333333,8.246421782944541,0.00032918257531275205,206065.99018458303,25051.209879835602
2972,1483.7098798063998,80.0,79.9375,8.944344698374126,0.0003291618578885592,242851.64907248635,27173.089724758804
2973,1484.2098787159,75.0,74.97916666666667,8.660279096413566,0.0003291411971500756,227802.4365101859,26311.7445382105
2974,1484.7098777596002,69.0,68.91666666666667,8.306728363869322,0.0003291205930530128,209396.3979202176,25239.16321009826
2975,1485.2098769375,71.0,70.91666666666667,8.426252791787766,0.0003291000455530994,215486.65101969565,25603.92472029668
2976,1485.7098762496,83.0,82.89583333333333,9.110552680210398,0.0003290795546061297,251902.10747838797,27684.955059315915
2977,1486.2098756958999,82.0,81.9375,9.055457033376799,0.00032905912016795754,249005.40656091727,27519.2403989737
2978,1486.7098752764,71.0,70.91666666666667,8.426252791787766,0.0003290387421944406,215526.79843627507,25608.6949992302
2979,1487.2098749911,77.0,76.83333333333333,8.775162233384762,0.000329018420641496,233522.89268038343,26670.732344637705
2980,1487.70987484,86.0,85.9375,9.273688698858363,0.0003289981554650754,261209.67115611274,28187.661677765263
2981,1488.2098748230999,73.0,72.95833333333333,8.544054544275543,0.00032897794662119684,221772.7178452528,25971.511561878746
2982,1488.7098749404,88.0,87.89583333333333,9.380947187725177,0.0003289577940658814,267194.86486989923,28517.175628452886
2983,1489.2098751919002,64.0,63.833333333333336,8.00021701094553,0.00032893769775522855,194059.0384408705,24321.374733092187
2984,1489.7098755776,76.0,75.91666666666667,8.717897459313864,0.00032891765764537237,230807.5133762426,26504.80221014221
2985,1490.2098760975,71.0,70.91666666666667,8.426252791787766,0.00032889767369245033,215619.24069119533,25619.67890252422
2986,1490.7098767516,68.0,67.89583333333333,8.246342834183459,0.00032887774585271573,206447.02838525208,25074.189233456047
2987,1491.2098775399002,73.0,72.91666666666667,8.544105342931529,0.0003288578740823872,221726.99033017288,25981.1487463153
2988,1491.7098784624,77.0,76.9375,8.775038580162104,0.00032883805833776206,233967.74810345878,26684.984774934197
2989,1492.2098795191,88.0,87.875,9.380970321169697,0.0003288182985752034,267244.8594885673,28529.343901535314
2990,1492.7098807099999,80.0,79.70833333333333,8.944611584014641,0.0003287985947510706,242422.9744463462,27203.922786794443
2991,1493.2098820351,99.0,98.79166666666667,9.950092475840503,0.0003287789468217771,300480.5131887571,30263.7762302773
2992,1493.7098834944002,87.0,86.875,9.327518650030493,0.00032875935474380137,264251.0357391982,28371.87296860139
2993,1494.2098850879,76.0,75.91666666666667,8.717897459313864,0.000328739818473644,230932.3738729056,26519.140576859576
2994,1494.7098868156002,62.0,61.895833333333336,7.874145676763218,0.0003287203379678268,188293.28819743224,23953.935206570313
2995,1495.2098886775,76.0,75.91666666666667,8.717897459313864,0.00032870091318296346,230959.70720473625,26522.279402556014
2996,1495.7098906736,85.0,84.91666666666667,9.219638610656663,0.0003286815440756879,258355.4452546696,28050.369048204266
2997,1496.2098928039,68.0,67.89583333333333,8.246342834183459,0.0003286622306026511,206582.40287859124,25090.631251003688
2998,1496.7098950684,83.0,82.875,9.110576500236782,0.00032864297272057436,252173.35187161813,27721.80529167427
2999,1497.2098974670998,66.0,65.875,8.124198678433872,0.00032862377038617673,200457.1973676405,24721.88383964695
3000,1497.7099,78.0,77.9375,8.831834581972952,0.00032860462355631094,237177.1253749396,26876.78124060082
3001,1498.2099026671,83.0,82.91666666666667,9.11052886012174,0.0003285855321877706,252344.24082702413,27726.506396865694
3002,1498.7099054684,83.0,82.79166666666667,9.110671779719526,0.00032856649623744526,251978.42024293187,27728.54774923708
3003,1499.2099084039,83.0,82.91666666666667,9.11052886012174,0.0003285475156622469,252373.43980377738,27729.714655604144
3004,1499.7099114736,65.0,64.89583333333333,8.06239233347577,0.0003285285904191271,197534.81196428335,24540.9153680963
3005,1500.2099146775001,76.0,75.89583333333333,8.717922352194295,0.00032851022690875303,231030.3519239118,26537.750237577184
3006,1500.7099180156,93.0,92.89583333333333,9.643763276796506,0.00032849261815114393,282794.2796893862,29357.625541403424
3007,1501.2099214879,91.0,90.85416666666667,9.539551257498669,0.00032847506408209656,276593.801482475,29041.93438292298
3008,1501.7099250944002,81.0,80.91666666666667,9.000096450100472,0.0003284575646596505,246353.48785622566,27401.093530686132
3009,1502.2099288351,83.0,82.83333333333333,9.11062414010271,0.00032844011984187746,252202.23818336258,27739.07202472366
3010,1502.70993271,78.0,77.83333333333333,8.831957440014204,0.00032842272958688833,236991.31126288732,26892.040788783466
3011,1503.2099367191,90.0,89.875,9.486970231146858,0.0003284053938528577,273670.90091178153,28887.985425103896
3012,1503.7099408624001,66.0,65.9375,8.124118541930155,0.00032838811259797433,200791.37298347728,24739.380721360096
3013,1504.2099451399,70.0,69.97916666666667,8.366626203421411,0.0003283708857804592,213110.14373379326,25479.196133773974
3014,1504.7099495516,71.0,70.8125,8.426381563280884,0.00032835371335857266,215659.20261931227,25662.513382569876
3015,1505.2099540974998,81.0,80.83333333333333,9.000192899167342,0.0003283365952906693,246190.44752466088,27411.482692630303
3016,1505.7099587776,89.0,88.85416666666667,9.434142154665915,0.000328319531535062,270633.2037306094,28734.635769478802
3017,1506.2099635919,75.0,74.8125,8.66047956235681,0.000328302522050165,227876.71423544094,26379.570611502884
3018,1506.7099685404,76.0,75.77083333333333,8.718071707984258,0.00032828556679439917,230807.69000358635,26556.36613303889
3019,1507.2099736231,66.0,65.6875,8.124439083202402,0.00032826866572622517,200102.86347215096,24749.359081314673
3020,1507.7099788399998,64.0,63.6875,8.000406890694165,0.0003282518188041725,194020.25016042485,24372.772464261725
3021,1508.2099841911001,71.0,70.79166666666667,8.426407317343363,0.00032823502598676685,215673.71262054378,25671.871220968
3022,1508.7099896764,75.0,74.85416666666667,8.660429446306024,0.00032821828723260914,228062.14515895434,26386.188043716025
3023,1509.2099952959,80.0,79.8125,8.944490273347052,0.00032820160250032044,243181.32328413014,27253.036564129266
3024,1509.7100010496,83.0,82.95833333333333,9.11048121975758,0.00032818497174856044,252779.19610801685,27760.202337167324
3025,1510.2100069375,79.0,78.91666666666667,8.888292080659316,0.00032816839493604014,240476.13324265272,27084.546281160438
3026,1510.7100129596001,83.0,82.83333333333333,9.11062414010271,0.0003281518720214841,252423.7720268444,27763.437959318533
3027,1511.2100191159,85.0,84.8125,9.219756301009262,0.000328135402963705,258467.99593697328,28097.41410934881
3028,1511.7100254064,70.0,69.9375,8.366678079341485,0.0003281189877215046,213146.76265964954,25498.914699940546
3029,1512.2100318311,81.0,80.79166666666667,9.000241123313184,0.00032810262625372914,246239.0124368851,27431.176720765092
3030,1512.7100383900001,72.0,71.95833333333333,8.485332524748546,0.00032808631851927617,219327.44302809302,25863.10993717955
3031,1513.2100450830999,71.0,70.95833333333333,8.4262012826395,0.00032807006447709366,216290.18010659656,25684.15163410263
3032,1513.7100519104001,79.0,78.83333333333333,8.888389742929943,0.0003280538640861625,240306.0654473131,27094.29979643657
3033,1514.2100588719,88.0,87.875,9.380970321169697,0.0003280377173054763,267880.7812766505,28597.230825240502
3034,1514.7100659676,78.0,77.91666666666667,8.831859153717927,0.00032802162409409905,237535.15300050718,26924.624796029744
3035,1515.2100731975002,85.0,84.875,9.219685686977982,0.0003280055844111263,258760.83833260782,28108.31926392422
3036,1515.7100805616,80.0,79.85416666666667,8.944441748619333,0.0003279895982156423,243465.5461670013,27270.504300379238
3037,1516.2100880599,97.0,96.95833333333333,9.848901870541484,0.0003279736654668823,295628.41027284815,30029.55086811991
3038,1516.7100956924,69.0,68.91666666666667,8.306728363869322,0.00032795778612398197,210138.83366261426,25328.651171980488
3039,1517.2101034591,77.0,76.95833333333333,8.775013849308477,0.00032794196014622804,234670.59018314676,26757.825821970855
3040,1517.71011136,77.0,76.83333333333333,8.775162233384762,0.00032792618749290193,234300.69407005323,26759.56531704167
3041,1518.2101193951,78.0,77.89583333333333,8.831883725394539,0.00032791046812329804,237552.13970187624,26933.826711728063
3042,1518.7101275644,78.0,77.85416666666667,8.831932868542676,0.0003278948019967743,237436.41616933155,26935.263428267343
3043,1519.2101358679,72.0,71.875,8.48543482484349,0.00032787918907275793,219211.8389802733,25879.7603130601
3044,1519.7101443056001,90.0,89.83333333333333,9.487015980919512,0.00032786362931064576,273996.0315885408,28935.85970748439
3045,1520.2101528775,68.0,67.95833333333333,8.246263884666531,0.000327848122669923,207286.02250302857,25152.695148932904
3046,1520.7101615836,84.0,83.91666666666667,9.165246102048275,0.0003278326691101062,255974.08243192,27957.08593328149
3047,1521.2101704238999,70.0,69.9375,8.366678079341485,0.000327817268590738,213342.94041511632,25522.383598976372
3048,1521.7101793984,85.0,84.89583333333333,9.21966214884737,0.00032780192107139934,258985.1610870882,28125.711157254664
3049,1522.2101885071,89.0,88.9375,9.434050142082842,0.0003277866265117151,271327.42097036523,28781.070913354266
3050,1522.71019775,78.0,77.9375,8.831834581972952,0.0003277713848713362,237780.06133938045,26945.105612071082
3051,1523.2102071271001,86.0,85.85416666666667,9.273782302515217,0.00032775619610998254,261945.21319699864,28294.758154330324
3052,1523.7102166384,75.0,74.97916666666667,8.660279096413566,0.00032774106018736864,228775.62739255585,26424.15049082501
3053,1524.2102262839,89.0,88.95833333333333,9.434027138796854,0.0003277259770632905,271441.2025878366,28786.326989803903
3054,1524.7102360636,75.0,74.83333333333333,8.660454504367669,0.00032771094669753215,228351.64368922458,26427.113868616118
3055,1525.2102459775,81.0,80.83333333333333,9.000192899167342,0.0003276959690499661,246671.73529073255,27465.070520275516
3056,1525.7102560255998,79.0,78.875,8.888340911928765,0.00032768104408045236,240706.63050205182,27124.97739035065
3057,1526.2102662079,93.0,92.89583333333333,9.643763276796506,0.0003276661717489329,283507.54927644087,29431.671952348595
3058,1526.7102765244,93.0,92.85416666666667,9.64380828275036,0.0003276513520153875,283393.20468394086,29433.140511800655
3059,1527.2102869751,83.0,82.8125,9.110647959942256,0.0003276365848397962,252757.18229236416,27807.175332379535
3060,1527.71029756,101.0,100.91666666666667,10.049961995505809,0.0003276218701821714,308027.86947816645,30675.491809864867
3061,1528.2103082791,73.0,72.91666666666667,8.544105342931529,0.00032760720800261263,222573.45041713846,26080.3338089661
3062,1528.7103191324002,90.0,89.875,9.486970231146858,0.00032759259826121984,274349.9104590097,28959.659899220373
3063,1529.2103301199,96.0,95.79166666666667,9.798180457502186,0.00032757804091816905,292423.95613018516,29910.980693452006
3064,1529.7103412416,106.0,105.9375,10.295693375549474,0.0003275635359336109,323410.5398760591,31431.133951479136
3065,1530.2103524975,82.0,81.97916666666667,9.055409103280635,0.00032754908326778406,250280.5559667695,27645.960760871636
3066,1530.7103638876001,121.0,120.9375,11.000059185446837,0.0003275346828809337,369235.7063876607,33584.410324709366
3067,1531.2103754118998,95.0,94.91666666666667,9.746883405022915,0.00032752033473336183,289803.8887995747,29759.62824707653
3068,1531.7103870704,80.0,79.91666666666667,8.94436896103415,0.0003275060387854014,244015.85681610022,27310.546682453558
3069,1532.2103988631002,78.0,77.89583333333333,8.831883725394539,0.0003274917949974295,237855.83188105442,26968.25954208673
3070,1532.71041079,81.0,80.85416666666667,9.000168786997522,0.000327477603329874,246899.83633848946,27483.31090578885
3071,1533.2104228511,91.0,90.89583333333333,9.539505759675858,0.0003274634637431499,277575.4958868591,29131.511804804857
3072,1533.7104350463999,85.0,84.97916666666667,9.219567995723974,0.0003274493761977164,259518.48695950976,28155.70486888675
3073,1534.2104473759,96.0,95.9375,9.798025417569262,0.00032743534065412627,292996.77856502327,29923.542761131055
3074,1534.7104598396,86.0,85.89583333333333,9.273735500804888,0.0003274213570729329,262340.3497597748,28323.550985524653
3075,1535.2104724375001,82.0,81.9375,9.055457033376799,0.00032740742541472037,250261.58125830966,27658.06860338135
3076,1535.7104851696,83.0,82.9375,9.110505039970798,0.0003273935456401051,253326.619001741,27827.381331413697
3077,1536.2104980359,78.0,77.89583333333333,8.831883725394539,0.00032737971770978986,237937.26098323884,26977.492030290283
3078,1536.7105110364,87.0,86.95833333333333,9.327425585634847,0.0003273659415844163,265630.36127846484,28492.351832603905
3079,1537.2105241711,86.0,85.91666666666667,9.27371209986115,0.0003273522172247688,262459.4004435106,28329.461698723033
3080,1537.71053744,81.0,80.89583333333333,9.000120562464089,0.0003273385445916075,247132.0126209402,27494.838940195004
3081,1538.2105508431,79.0,78.83333333333333,8.888389742929943,0.00032732492364574185,240841.21812445082,27154.63779516434
3082,1538.7105643804,80.0,79.9375,8.944344698374126,0.00032731135434803214,244224.647077174,27326.716838742937
3083,1539.2105780519,88.0,87.91666666666667,9.380924054223609,0.00032729783665932526,268613.6503803921,28661.735592184614
3084,1539.7105918576,72.0,71.85416666666667,8.485460399674517,0.0003272843705405812,219546.5874156591,25926.873274330017
3085,1540.2106057975002,90.0,89.95833333333333,9.486878730939674,0.0003272709559527287,274874.1729049949,28987.841904033692
3086,1540.7106198716,76.0,75.91666666666667,8.717897459313864,0.0003272575928567704,231978.32020934296,26639.251921434847
3087,1541.2106340799,91.0,90.83333333333333,9.539574006328701,0.00032724428121374746,277570.4223048083,29151.23213443629
3088,1541.7106484224,84.0,83.91666666666667,9.165246102048275,0.00032723102098470067,256444.71729527778,28008.4879314568
3089,1542.2106628991,96.0,95.875,9.798091863555202,0.00032721781213075775,293000.5532879974,29943.638458287347
3090,1542.7106775099999,84.0,83.95833333333333,9.165198746102321,0.00032720465461302806,256592.7230852737,28010.60014547054
3091,1543.2106922551,72.0,71.89583333333333,8.485409249935378,0.0003271915483926889,219736.21777982282,25934.07223267074
3092,1543.7107071343999,81.0,80.89583333333333,9.000120562464089,0.0003271784934309805,247252.90615838906,27508.289032337318
3093,1544.2107221479,96.0,95.95833333333333,9.798003268807147,0.00032716548968911123,293302.12494147127,29948.15644558872
3094,1544.7107372956002,76.0,75.9375,8.717872566362354,0.00032715253712838326,232116.49424011688,26647.730269446853
3095,1545.2107525775,82.0,81.9375,9.055457033376799,0.00032713963571011075,250466.44018582796,27680.708923333088
3096,1545.7107679936,78.0,77.89583333333333,8.831883725394539,0.00032712678539562664,238121.23253412655,26998.350852600688
3097,1546.2107835438999,69.0,68.89583333333333,8.30675448890172,0.0003271139861463629,210617.20455604972,25394.067024651682
3098,1546.7107992284,89.0,88.91666666666667,9.434073145312745,0.0003271012379236901,271832.2536199333,28841.447391628746
3099,1547.2108150471,69.0,68.95833333333333,8.306676113558032,0.00032708854068908916,210824.66902709685,25395.80291030086
3100,1547.710831,86.0,85.91666666666667,9.27371209986115,0.0003270758944040983,262681.1334513013,28353.395216596404
3101,1548.2108470870999,94.0,93.89583333333333,9.695471630554591,0.00032706329903017985,287087.648206805,29644.02199605997
3102,1548.7108633084,102.0,101.875,10.099633863000513,0.0003270507545289395,311495.99439614033,30880.937356488605
3103,1549.2108796639002,91.0,90.91666666666667,9.53948301068308,0.0003270382608619641,278000.09218199906,29169.31794322834
3104,1549.7108961536,82.0,81.9375,9.055457033376799,0.0003270258179909271,250553.61226028108,27690.342887936848
3105,1550.2109127775,89.0,88.9375,9.434050142082842,0.0003270134258774645,271968.95589640364,28849.121765471133
3106,1550.7109295356,74.0,73.95833333333333,8.60237572159898,0.0003270010844832989,226171.52310120442,26306.872147509144
3107,1551.2109464279001,91.0,90.89583333333333,9.539505759675858,0.0003269887937701654,277978.4355460891,29173.800269072854
3108,1551.7109634544,84.0,83.83333333333333,9.165340813206143,0.0003269765536998609,256389.43338514058,28030.57500452835
3109,1552.2109806151,88.0,87.83333333333333,9.381016587887595,0.0003269643642341817,268632.740876998,28691.25083358818
3110,1552.7109979099998,84.0,83.91666666666667,9.165246102048275,0.00032695222533498584,256663.39044087578,28032.371067845856
3111,1553.2110153391,105.0,104.83333333333333,10.247120191654933,0.0003269401369641817,320649.9339810898,31342.496784900923
3112,1553.7110329024001,74.0,73.91666666666667,8.602426175859408,0.00032692809908364503,226094.5659729144,26312.89938054075
3113,1554.2110505998999,82.0,81.91666666666667,9.055480998329747,0.00032691611165536986,250573.96606081628,27699.70850465731
3114,1554.7110684316,93.0,92.89583333333333,9.643763276796506,0.00032690417464133767,284168.3910438092,29500.275692034655
3115,1555.2110863975,89.0,88.89583333333333,9.434096148486557,0.0003268922880035663,271942.27761152777,28859.953246690337
3116,1555.7111044976,78.0,77.9375,8.831834581972952,0.0003268804517041294,238428.14580586753,27018.5461869312
3117,1556.2111227318999,91.0,90.875,9.539528508614389,0.0003268686657051185,278016.8597805641,29184.59157911571
3118,1556.7111411004,82.0,81.89583333333333,9.055504963219274,0.0003268569299686624,250555.59734096855,27704.797215367213
3119,1557.2111596031,93.0,92.91666666666667,9.643740773740817,0.0003268452444569264,284283.3672585736,29505.52574128618
3120,1557.71117824,78.0,77.95833333333333,8.831810010159614,0.00032683360913210034,238526.06083061657,27022.343367967256
3121,1558.2111970111,92.0,91.89583333333333,9.591776172268037,0.00032682202395645417,281180.0509061701,29348.6223974491
3122,1558.7112159164,92.0,91.83333333333333,9.591844047013183,0.0003268104888922326,280998.7330719236,29349.865971334053
3123,1559.2112349559,82.0,81.91666666666667,9.055480998329747,0.00032679900390176066,250663.75872826012,27709.634638457843
3124,1559.7112541295999,99.0,98.83333333333333,9.95004885526811,0.0003267875689473623,302439.08497404633,30448.064127160313
3125,1560.2112734375,92.0,91.97916666666667,9.591685671860695,0.0003267761839914116,281474.5112180026,29352.462455197732
3126,1560.7112928796,93.0,92.875,9.643785779799687,0.00032676484899632415,284225.7981091619,29512.922853914966
3127,1561.2113124559,81.0,80.9375,9.000072337672256,0.0003267535639245536,247701.96544417256,27543.914837759337
3128,1561.7113321664,90.0,89.95833333333333,9.486878730939674,0.00032674232873856435,275318.8840901954,29034.740517291197
3129,1562.2113520111,64.0,63.895833333333336,8.000135632530794,0.0003267311434008892,195560.89042584802,24485.37825093358
3130,1562.71137199,78.0,77.875,8.831908297002787,0.00032672000787402914,238353.93646913,27032.03992455839
3131,1563.2113921031,97.0,96.9375,9.84892390484023,0.0003267089221206268,296709.0686437052,30145.867584246233
3132,1563.7114123504,85.0,84.95833333333333,9.219591534094965,0.00032669788610326886,260051.67755042677,28220.542361209715
3133,1564.2114327319,79.0,78.89583333333333,8.888316496327574,0.00032668689978462785,241502.89890824005,27207.446953603896
3134,1564.7114532476,78.0,77.9375,8.831834581972952,0.00032667596312735083,238577.39410602723,27035.45892211838
3135,1565.2114738975,86.0,85.9375,9.273688698858363,0.00032666507609419645,263075.2605314296,28388.98118446008
3136,1565.7114946816,101.0,100.95833333333333,10.049918808406144,0.0003266542386479029,309067.88092272467,30766.228076528478
3137,1566.2115155999002,88.0,87.9375,9.380900920664994,0.0003266434507512644,269215.56148683815,28719.08467501604
3138,1566.7115366524,77.0,76.97916666666667,8.77498911838515,0.00032663271236708653,235675.0066727963,26865.00398197523
3139,1567.2115578391001,97.0,96.97916666666667,9.848879836193442,0.00032662202345823627,296915.577338792,30153.75305043622
3140,1567.71157916,88.0,87.85416666666667,9.380993454557169,0.00032661138398762905,268986.8478987073,28722.187634808495
3141,1568.2116006151,65.0,64.95833333333333,8.062311582639035,0.00032660079391816127,198892.14767068328,24685.523528333084
3142,1568.7116222043999,83.0,82.875,9.110576500236782,0.00032659025321280297,253758.33842169037,27896.04530635034
3143,1569.2116439279,75.0,74.89583333333333,8.660379329965224,0.0003265797618345293,229333.9700923702,26518.42012902577
3144,1569.7116657856,78.0,77.89583333333333,8.831883725394539,0.00032656931974639535,238527.7140970409,27044.438014731862
3145,1570.2116877775,103.0,102.875,10.149019862364378,0.00032655892691144957,315027.37032173004,31078.678382344173
3146,1570.7117099036002,81.0,80.9375,9.000072337672256,0.0003265485832927943,247857.45258440994,27561.204666450787
3147,1571.2117321639,88.0,87.89583333333333,9.380947187725177,0.0003265382888535508,269174.6613909456,28728.475367041687
3148,1571.7117545584001,91.0,90.875,9.539528508614389,0.0003265280435568943,278306.87683082855,29215.03588083766
3149,1572.2117770871,85.0,84.91666666666667,9.219638610656663,0.0003265178473659872,260067.45833861057,28236.24706897739
3150,1572.71179975,80.0,79.91666666666667,8.94436896103415,0.00032650770024409645,244761.96612490652,27394.05212908412
3151,1573.2118225471,90.0,89.9375,9.486901606074206,0.0003264976021544876,275461.44108416646,29056.57359647415
3152,1573.7118454784,90.0,89.97916666666667,9.486855855749985,0.0003264875530604195,275597.54062053084,29057.327811802847
3153,1574.2118685439,78.0,77.91666666666667,8.831859153717927,0.00032647755292526144,238658.5722924224,27051.964444672714
3154,1574.7118917436,86.0,85.91666666666667,9.27371209986115,0.0003264676017123692,263170.5756283977,28406.22484809888
3155,1575.2119150775002,81.0,80.95833333333333,9.00004822517944,0.0003264576993851473,247990.2709778658,27568.803683081125
3156,1575.7119385455999,72.0,71.89583333333333,8.485409249935378,0.0003264478459070054,220236.81342904054,25993.154362404955
3157,1576.2119621479,92.0,91.89583333333333,9.591776172268037,0.0003264380412414327,281510.79752793704,29383.144610814477
3158,1576.7119858843998,65.0,64.9375,8.062338499674478,0.00032642828535192354,198933.43473587357,24698.651622614263
3159,1577.2120097551,68.0,67.91666666666667,8.246316517761802,0.0003264185782019836,208066.18005866293,25263.012182655508
3160,1577.71203376,83.0,82.83333333333333,9.11062414010271,0.0003264089197552228,253771.65978016422,27911.688647892508
3161,1578.2120578991,83.0,82.91666666666667,9.11052886012174,0.0003263993099752189,254034.44226938448,27912.218505650137
3162,1578.7120821724002,82.0,81.83333333333333,9.055576857507326,0.0003263897488255985,250722.74367618008,27744.673017736346
3163,1579.2121065799,83.0,82.875,9.110576500236782,0.00032638023627003,253921.62511774624,27913.9956645511
3164,1579.7121311216001,60.0,59.9375,7.7460507410765995,0.0003263707722722242,183648.49150770903,23733.89837315352
3165,1580.2121557975,73.0,72.95833333333333,8.544054544275543,0.0003263613567959031,223550.77221645255,26179.737172801208
3166,1580.7121806076,106.0,105.89583333333333,10.295735531708694,0.00032635198980483733,324483.4921848045,31547.947778304264
3167,1581.2122055518998,88.0,87.85416666666667,9.380993454557169,0.00032634267126279597,269208.33345731796,28745.83767503355
3168,1581.7122306304,84.0,83.83333333333333,9.165340813206143,0.00032633340113366496,256894.73722916737,28085.818924346186
3169,1582.2122558431,86.0,85.83333333333333,9.27380570328181,0.00032632417938129174,263030.8716199722,28418.996474195934
3170,1582.71228119,78.0,77.875,8.831908297002787,0.00032631500596953453,238649.76656105902,27065.590412435256
3171,1583.2123066711001,82.0,81.91666666666667,9.055480998329747,0.00032630588086238096,251042.56916906414,27751.510252887176
3172,1583.7123322864,72.0,71.89583333333333,8.485409249935378,0.0003262968040237488,220338.76043756944,26005.18652128075
3173,1584.2123580359,68.0,67.89583333333333,8.246342834183459,0.0003262877754176542,208085.74040638036,25273.220314883056
3174,1584.7123839196,76.0,75.89583333333333,8.717922352194295,0.00032627879500813007,232610.3764464442,26719.242824153083
3175,1585.2124099375,93.0,92.91666666666667,9.643740773740817,0.0003262698627592267,284784.7051544421,29557.559169531658
3176,1585.7124360896,64.0,63.75,8.000325514210864,0.0003262609786350429,195395.7235913004,24521.245377492927
3177,1586.2124623759,76.0,75.8125,8.718021923005242,0.00032625214259971304,232373.95284485922,26721.730786306598
3178,1586.7124887963998,76.0,75.79166666666667,8.718046815530288,0.00032624335461739495,232316.35401601385,26722.526887189662
3179,1587.2125153511,77.0,76.8125,8.775186963820202,0.00032623461465226984,235451.71649511706,26898.393271889876
3180,1587.71254204,88.0,87.85416666666667,9.380993454557169,0.0003262259226685859,269304.67679577396,28756.12513505665
3181,1588.2125688631,68.0,67.95833333333333,8.246263884666531,0.0003262172786305894,208322.2986183077,25278.439938200372
3182,1588.7125958204,70.0,69.875,8.366755892618517,0.00032620868250257543,214203.37271203176,25648.47700690021
3183,1589.2126229118999,60.0,59.875,7.746134788826404,0.0003262001342488558,183552.95940596328,23746.571431258002
3184,1589.7126501376001,53.0,52.729166666666664,7.280497397919397,0.00032619163383379045,161650.88615833287,22319.693832580462
3185,1590.2126774975,65.0,64.72916666666667,8.06260766508647,0.0003261831812217687,198444.21905572733,24718.036150382577
3186,1590.7127049916,50.0,49.6875,7.07152815285824,0.0003261747763772283,152333.97429400033,21680.18088768416
3187,1591.2127326199,60.0,59.854166666666664,7.746162804540352,0.00032616641926459924,183508.059479632,23749.11194722457
3188,1591.7127603824,68.0,67.60416666666667,8.24671125526884,0.00032615810984837156,207274.2164776934,25284.397371270865
3189,1592.2127882791,52.0,51.875,7.211283115137462,0.0003261498480930897,159052.6572472719,22110.33718795177
3190,1592.7128163099999,70.0,69.89583333333333,8.366729954939915,0.0003261416339632474,214311.28704411234,25653.67031883686
3191,1593.2128444751002,67.0,66.83333333333333,8.185564868854332,0.000326133467423485,204926.3262103368,25098.81900045958
3192,1593.7128727744,69.0,68.89583333333333,8.30675448890172,0.00032612534843836716,211255.68332310612,25471.04826005751
3193,1594.2129012079001,79.0,78.95833333333333,8.888243249121592,0.00032611727697259916,242116.3762506441,27254.745077085856
3194,1594.7129297755998,55.0,54.916666666666664,7.416315534759232,0.00032610925299082294,168399.59664748327,22741.812649418862
3195,1595.2129584775,76.0,75.9375,8.717872566362354,0.0003261012764577408,232864.77386677964,26733.635210078966
3196,1595.7129873135998,67.0,66.89583333333333,8.185485333130154,0.0003260933473381217,205143.20172245023,25101.663066565838
3197,1596.2130162839,68.0,67.9375,8.246290201256159,0.0003260854655967138,208342.6192445563,25288.738908267558
3198,1596.7130453884001,53.0,52.875,7.280288741984529,0.00032607763119833825,162154.6372429286,22326.85730459155
3199,1597.2130746271,74.0,73.91666666666667,8.602426175859408,0.0003260698441078518,226689.67401418998,26382.158090688215
3200,1597.7131040000002,59.0,58.854166666666664,7.681343514935681,0.00032606210429009697,180499.86763964512,23557.915543910007
3201,1598.2131335070999,73.0,72.875,8.544156141285496,0.00032605441170998283,223505.64011021718,26204.694168914688
3202,1598.7131631484,74.0,73.91666666666667,8.602426175859408,0.00032604676633244745,226705.71923813818,26384.025434830124
3203,1599.2131929239,87.0,86.97916666666667,9.327402319390849,0.00032603916812247663,266775.2073088131,28608.22634624994
3204,1599.7132228336,94.0,93.91666666666667,9.695449247513553,0.0003260316170450424,288059.99711890443,29737.75775302827
3205,1600.2132528775,109.0,108.91666666666667,10.440389653222294,0.0003260241130651707,334075.4941181137,32023.36647760563
3206,1600.7132830556,102.0,101.95833333333333,10.09954791342442,0.0003260166561479595,312739.6450783193,30978.62554863098
3207,1601.2133133679001,93.0,92.95833333333333,9.643695767471906,0.00032600924625846207,285140.17439749365,29581.04985717591
3208,1601.7133438143999,111.0,110.97916666666667,10.535674350879386,0.0003260018833618168,340424.9249182871,32317.83277517526
3209,1602.2133743951001,110.0,109.875,10.488212629741383,0.00032599456742319667,337045.49394334987,32172.967521038136
3210,1602.71340511,98.0,97.95833333333333,9.89953877994099,0.00032598729840777345,300497.3930327754,30367.866565027267
3211,1603.2134359591,105.0,104.95833333333333,10.246993122646055,0.00032598007628077257,321977.7556065445,31434.41537764453
3212,1603.7134669424,77.0,76.9375,8.775038580162104,0.00032597290100744194,236024.2209159697,26919.53396445605
3213,1604.2134980599,82.0,81.9375,9.055457033376799,0.00032596577255305945,251368.4162549997,27780.392286134233
3214,1604.7135293116,70.0,69.91666666666667,8.366704017180906,0.0003259586908829558,214495.4824713421,25667.988770347572
3215,1605.2135606975,65.0,64.875,8.062419250241621,0.00032595165596246674,199032.5829406749,24735.01546244639
3216,1605.7135922176,65.0,64.97916666666667,8.062284665513726,0.0003259446677569567,199356.43406542522,24735.132870851055
3217,1606.2136238719,51.0,50.958333333333336,7.141489204329554,0.0003259377262318562,156343.77131625463,21910.594047801165
3218,1606.7136556604,75.0,74.91666666666667,8.660354271686067,0.0003259308313525938,229854.49506500168,26571.141600032453
3219,1607.2136875831,71.0,70.875,8.426304300621162,0.0003259239830846464,217458.68263273188,25853.58776261871
3220,1607.7137196400001,66.0,65.875,8.124198678433872,0.00032591718139350585,202121.90016599293,24927.187464305167
3221,1608.2137518311,58.0,58.0,7.615773105863909,0.000325910426244707,177963.00863492844,23367.68784483646
3222,1608.7137841564,59.0,58.895833333333336,7.681287010578949,0.00032590371760383123,180715.43880001747,23569.191131217245
3223,1609.2138166159002,60.0,59.9375,7.7460507410765995,0.00032589705543645806,183915.4389404612,23768.397449012515
3224,1609.7138492096,59.0,58.916666666666664,7.681258758244713,0.00032589043970821473,180786.7291824135,23570.064728263005
3225,1610.2138819375,55.0,54.875,7.416374057898285,0.00032588387038476335,168388.20508425406,22757.72056205773
3226,1610.7139147996,72.0,71.91666666666667,8.485383674950185,0.00032587734743178855,220686.30186613387,26038.58090113586
3227,1611.2139477959001,59.0,58.895833333333336,7.681287010578949,0.0003258708708150109,180733.6543644832,23571.566833721175
3228,1611.7139809264,67.0,66.89583333333333,8.185485333130154,0.0003258644405001846,205287.30668081422,25119.295988742648
3229,1612.2140141911,48.0,47.916666666666664,6.928328522169767,0.0003258580564530752,147047.66605507222,21261.799071607344
3230,1612.7140475899998,51.0,50.916666666666664,7.141549979599045,0.0003258517186395322,156257.16776713502,21916.56379599845
3231,1613.2140811231,63.0,62.9375,7.937335956310111,0.00032584542702537254,193151.39873084443,24359.20623091039
3232,1613.7141147904001,74.0,73.91666666666667,8.602426175859408,0.000325839181576466,226850.14831256671,26400.834099322834
3233,1614.2141485918999,70.0,69.89583333333333,8.366729954939915,0.0003258329822587243,214514.2976282041,25677.971262885843
3234,1614.7141825276,66.0,65.91666666666667,8.12414525418589,0.0003258268290380937,202305.82871664045,24933.93585227466
3235,1615.2142165975,60.0,59.854166666666664,7.746162804540352,0.0003258207218805424,183702.7624308418,23774.309871489306
3236,1615.7142508016,69.0,68.9375,8.30670223875476,0.0003258146607520253,211585.01536082727,25495.176366777792
3237,1616.2142851398999,69.0,68.95833333333333,8.306676113558032,0.0003258086456186242,211652.8651423591,25495.56687725661
3238,1616.7143196124,52.0,51.9375,7.211192833597874,0.0003258026764463628,159413.9758656971,22133.620608193683
3239,1617.2143542191,77.0,76.89583333333333,8.77508804166026,0.00032579675320134347,236023.9400108799,26934.240306063537
3240,1617.71438896,54.0,53.833333333333336,7.348705479349558,0.0003257908758496911,165238.92264610325,22556.51101395486
3241,1618.2144238351,60.0,59.854166666666664,7.746162804540352,0.0003257850443575588,183722.8801730227,23776.913454746275
3242,1618.7144588444,58.0,57.854166666666664,7.615972570489238,0.0003257792586910854,177587.01673984065,23377.708578160138
3243,1619.2144939879001,58.0,57.895833333333336,7.6159155811293555,0.00032577351881653104,177718.04640124564,23377.9455395774
3244,1619.7145292656,51.0,50.916666666666664,7.141549979599045,0.00032576782470012826,156297.4081726329,21922.20789813388
3245,1620.2145646775,67.0,66.91666666666667,8.185458821050357,0.00032576217630812695,205415.7036431773,25127.10012505571
3246,1620.7146002236,64.0,64.0,8.0,0.0003257565736068479,196465.72068025527,24558.21508503191
3247,1621.2146359039,56.0,55.854166666666664,7.483517768699721,0.00032575101656261634,171462.75476297797,22973.121765411983
3248,1621.7146717184,62.0,61.916666666666664,7.874118116405869,0.00032574550514179174,190076.81054483113,24172.60711848777
3249,1622.2147076671,49.0,48.8125,7.0002790122965814,0.00032574003931077483,149851.09016159372,21490.385483799586
3250,1622.71474375,58.0,57.9375,7.615858591343024,0.0003257346190359822,177867.18578291475,23380.5624157552
3251,1623.2147799671,57.0,56.895833333333336,7.549978154861701,0.0003257292442838964,174672.1681635209,23178.69300148363
3252,1623.7148163184002,61.0,60.9375,7.810333032805536,0.0003257239150209481,187083.28492269584,23978.38375577438
3253,1624.2148528039,59.0,58.895833333333336,7.681287010578949,0.0003257186312136642,180818.1285604721,23582.584090930293
3254,1624.7148894236,65.0,64.875,8.062419250241621,0.0003257133928286248,199178.17758919788,24753.10941384498
3255,1625.2149261774998,71.0,70.875,8.426304300621162,0.0003257081998323644,217602.75005811328,25870.715889124116
3256,1625.7149630656,52.0,51.895833333333336,7.211253021416519,0.0003257030521915264,159334.8081454776,22140.575511635107
3257,1626.2150000879,67.0,67.0,8.18535277187245,0.00032569794987270806,205712.07164854888,25131.729490687667
3258,1626.7150372444,57.0,56.791666666666664,7.550121871716891,0.00032569289284257286,174371.83283614827,23181.72130138045
3259,1627.2150745351,53.0,52.916666666666664,7.280229124904731,0.0003256878810678427,162476.62176795522,22353.392766825782
3260,1627.71511196,61.0,60.770833333333336,7.810555313520003,0.0003256829145152131,186595.09180514485,23982.08492191309
3261,1628.2151495191001,59.0,58.875,7.681315262809271,0.0003256779931514628,180776.7219095429,23585.613472006775
3262,1628.7151872124,73.0,72.89583333333333,8.544130742146264,0.00032567311694335605,223831.28830990376,26235.296368144303
3263,1629.2152250399001,47.0,46.854166666666664,6.855876179923646,0.0003256682858577164,143870.83023226008,21051.715741578104
3264,1629.7152630015999,70.0,69.91666666666667,8.366704017180906,0.0003256634998613707,214689.90751628287,25691.254994012124
3265,1630.2153010975,55.0,54.895833333333336,7.416344796386484,0.00032565875892121156,168568.5762458322,22773.361972372935
3266,1630.7153393276,59.0,58.979166666666664,7.68117400061851,0.0003256540630041289,181109.87506984943,23586.912841683545
3267,1631.2153776919,57.0,56.979166666666664,7.549863179407808,0.0003256494120770469,174970.88756661318,23184.022139802146
3268,1631.7154161904,49.0,48.979166666666664,7.000031001915476,0.00032564480610694887,150406.71844949014,21495.90864230309
3269,1632.2154548231,66.0,65.95833333333333,8.12409182958659,0.00032564024506081586,202549.6981216652,24948.058333727615
3270,1632.71549359,47.0,46.875,6.855844526144585,0.0003256357289056572,143949.1918086807,21053.72327902892
3271,1633.2155324911,63.0,62.958333333333336,7.937308615365511,0.0003256312576085405,193342.41373418475,24375.143448014416
3272,1633.7155715264,47.0,46.875,6.855844526144585,0.0003256268311365317,143953.12522740435,21054.29857304973
3273,1634.2156106958998,47.0,46.895833333333336,6.855812872219376,0.0003256224494567431,144019.04233437427,21054.484675910306
3274,1634.7156499996,62.0,61.958333333333336,7.874062995401774,0.0003256181125363151,190279.13665712724,24181.894962994746
3275,1635.2156894375,70.0,69.9375,8.366678079341485,0.00032561382034242245,214786.64488642476,25695.09509928942
3276,1635.7157290096,44.0,43.9375,6.633347728208837,0.00032560957284224356,134939.21452145858,20372.09063083248
3277,1636.2157687159001,59.0,58.875,7.681315262809271,0.00032560537000302797,180817.04241994687,23590.874016413913
3278,1636.7158085564,52.0,51.9375,7.211192833597874,0.000325601211791998,159512.612726942,22147.31571148009
3279,1637.2158485311,52.0,51.958333333333336,7.211162739500167,0.00032559709817648415,159578.61302919302,22147.503094734227
3280,1637.71588864,67.0,66.97916666666667,8.185379284295736,0.0003255930291237589,205714.37554090781,25139.90949475902
3281,1638.2159288831,59.0,58.958333333333336,7.681202253264495,0.00032558900460120905,181082.0774047552,23591.712695189617
3282,1638.7159692604,60.0,59.9375,7.7460507410765995,0.0003255850245761629,184091.69794595096,23791.17636371692
3283,1639.2160097719,45.0,44.958333333333336,6.708268633228365,0.00032558108901604505,138086.43944648065,20603.987330780667
3284,1639.7160504176002,69.0,68.85416666666667,8.306806738720027,0.00032557719788828314,211483.3812480103,25514.09248743022
3285,1640.2160911975,57.0,56.854166666666664,7.550035641932059,0.000325573351160327,174627.82646073852,23189.968143965445
3286,1640.7161321116,63.0,62.916666666666664,7.937363297160533,0.0003255695487996852,193251.0792198742,24379.931496738947
3287,1641.2161731598999,56.0,55.916666666666664,7.483430771451762,0.0003255657907738697,171752.27942024491,22985.924760902093
3288,1641.7162143424,63.0,62.916666666666664,7.937363297160533,0.00032556207705040794,193255.5143912694,24380.49102362608
3289,1642.2162556591,63.0,62.979166666666664,7.937281274326732,0.00032555840759691086,193449.6704647976,24380.513877418434
3290,1642.71629711,62.0,61.875,7.874173237024104,0.0003255547823809561,190060.17834379533,24186.93769274734
3291,1643.2163386951001,62.0,61.958333333333336,7.874062995401774,0.00032555120137017974,190318.2450949747,24186.86511449327
3292,1643.7163804144,61.0,60.958333333333336,7.810305247271424,0.0003255476645322459,187248.56595398902,23991.280227715484
3293,1644.2164222679,46.0,45.958333333333336,6.782393976727948,0.0003255441718348712,141173.8784150165,20834.02058313686
3294,1644.7164642556,62.0,61.979166666666664,7.874035434755027,0.00032554072324573243,190388.36692600843,24187.55895191447
3295,1645.2165063775,45.0,44.9375,6.7083009833588525,0.000325537318732621,138041.00916893422,20606.857024796882
3296,1645.7165486336,52.0,51.958333333333336,7.211162739500167,0.0003255339582632752,159609.56457670723,22151.798779985184
3297,1646.2165910239,48.0,47.9375,6.92829719940862,0.000325530641805542,147259.56282983584,21283.0877025312
3298,1646.7166335483998,49.0,48.9375,7.0000930053345245,0.0003255273693272285,150332.9815282191,21503.85394568114
3299,1647.2166762071,66.0,65.91666666666667,8.12414525418589,0.00032552414079618753,202493.9425550545,24957.120643388665
3300,1647.716719,74.0,73.91666666666667,8.602426175859408,0.0003255209561803497,227071.91430623078,26426.643239194014
3301,1648.2167619271,59.0,58.958333333333336,7.681202253264495,0.0003255178154476055,181121.6791691179,23596.872087330783
3302,1648.7168049884,48.0,47.916666666666664,6.928328522169767,0.0003255147185659283,147202.76513997887,21284.225035024137
3303,1649.2168481838999,53.0,52.958333333333336,7.2801695073367325,0.00032551166550327673,162692.5820045618,22365.310613617465
3304,1649.7168915136,50.0,49.9375,7.0711598824615285,0.00032550865622764917,153413.73891167887,21723.415789951254
3305,1650.2169349775,49.0,48.916666666666664,7.000124006838101,0.0003255056907071087,150278.9907002949,21505.38133951348
3306,1650.7169785756,61.0,60.9375,7.810333032805536,0.0003255027689096972,187210.38903636983,23994.674635079133
3307,1651.2170223079,65.0,64.97916666666667,8.062284665513726,0.0003254998908035088,199628.8432117846,24768.932012885383
3308,1651.7170661744,35.0,34.9375,5.916189828203058,0.00032549705635668343,107335.84011805958,18175.862769462434
3309,1652.2171101751,65.0,64.95833333333333,8.062311582639035,0.0003254942655373462,199568.2880191332,24769.442771378075
3310,1652.71715431,52.0,51.916666666666664,7.211222927569991,0.0003254915183136807,159502.36410349057,22154.87200689646
3311,1653.2171985791,69.0,68.97916666666667,8.306649988279137,0.0003254888146538916,211924.8452209199,25520.538999510656
3312,1653.7172429824,65.0,64.89583333333333,8.06239233347577,0.00032548615452622406,199381.24074062493,24770.30811098969
3313,1654.2172875199,54.0,53.958333333333336,7.348528291811603,0.00032548353789891985,165778.99356031427,22577.265625316253
3314,1654.7173321916,50.0,49.958333333333336,7.071129192396047,0.0003254809647402914,153490.79898788003,21725.169697829366
3315,1655.2173769975,59.0,58.916666666666664,7.681258758244713,0.00032547843501861746,181015.57684857558,23599.900736297146
3316,1655.7174219376,47.0,46.9375,6.855749563930507,0.0003254759487022907,144211.88474031677,21063.76705026947
3317,1656.2174670119,38.0,37.895833333333336,6.164590021963251,0.00032547350575966327,116432.92821909887,18940.374294291465
3318,1656.7175122204,42.0,41.8125,6.481042065131193,0.0003254711061591216,128467.62495580183,19912.803141310604
3319,1657.2175575631,65.0,64.89583333333333,8.06239233347577,0.00032546874986912836,199391.90278460857,24771.632719631838
3320,1657.71760304,56.0,55.895833333333336,7.483459770646789,0.00032546643685812525,171740.69889639344,22993.03068816561
3321,1658.2176486511,42.0,41.833333333333336,6.481008580631738,0.00032546416709459323,128534.37509504649,19913.12481029007
3322,1658.7176943964,38.0,37.791666666666664,6.164766035931759,0.00032546194054705347,116117.0077310559,18941.58814873929
3323,1659.2177402758998,51.0,50.875,7.141610754351337,0.00032545975718403607,156317.32918436357,21943.145340433002
3324,1659.7177862896,60.0,59.875,7.746134788826404,0.00032545761697414807,183971.72743004514,23800.74819217305
3325,1660.2178324375002,44.0,43.9375,6.633347728208837,0.0003254555198859255,135003.0874123764,20381.73367142113
3326,1660.7178787196,43.0,42.979166666666664,6.557471618526288,0.00032545346588804246,132059.3300470541,20148.72264651835
3327,1661.2179251359,53.0,52.9375,7.280199316181758,0.00032545145494913927,162658.66750625815,22369.53992821906
3328,1661.7179716864,45.0,44.979166666666664,6.708236282941872,0.00032544948703788957,138206.29147720884,20612.219561313625
3329,1662.2180183711,39.0,38.895833333333336,6.245171746148291,0.00032544756212300106,119514.90150856585,19189.486949630194
3330,1662.7180651899998,51.0,50.916666666666664,7.141549979599045,0.0003254456801732148,156452.1201804456,21943.907738452806
3331,1663.2181121431001,42.0,41.9375,6.480841155539405,0.00032544384115731765,128862.47854888014,19913.85405387532
3332,1663.7181592303998,38.0,37.916666666666664,6.164554818566472,0.00032544204504406267,116508.199367826,18942.09710282466
3333,1664.2182064519,63.0,62.916666666666664,7.937363297160533,0.00032544029180231,193327.8338654073,24389.61461472053
3334,1664.7182538076001,41.0,40.916666666666664,6.403259803499395,0.00032543858140084283,125727.7686331529,19675.78575329548
3335,1665.2183012975,47.0,46.916666666666664,6.855781218148017,0.0003254369138085945,144165.1658922155,21066.390834139485
3336,1665.7183489216002,46.0,45.916666666666664,6.782457969726839,0.0003254352889944523,141093.07816169073,20841.18778477788
3337,1666.2183966799,52.0,51.958333333333336,7.211162739500167,0.0003254337069273306,159658.7330301825,22158.622742512718
3338,1666.7184445724001,43.0,42.979166666666664,6.557471618526288,0.00032543216757619577,132067.97283370473,20150.04130466279
3339,1667.2184925990998,55.0,54.916666666666664,7.416315534759232,0.0003254306709100476,168750.74040530802,22789.233461062366
3340,1667.71854076,50.0,49.895833333333336,7.071221262192896,0.0003254292168978828,153323.15214030174,21728.90722473696
3341,1668.2185890551,41.0,40.916666666666664,6.403259803499395,0.0003254278055087252,125731.93185721688,19676.437277661313
3342,1668.7186374844,59.0,58.854166666666664,7.681343514935681,0.0003254264367116687,180852.44475331943,23603.93209769074
3343,1669.2186860479,37.0,37.0,6.082762530298219,0.00032542511047577963,113697.4339377348,18691.742998581358
3344,1669.7187347456,43.0,42.979166666666664,6.557471618526288,0.0003254238267702003,132071.35781430235,20150.557762191394
3345,1670.2187835775,59.0,58.9375,7.681230505806562,0.00032542258556407603,181110.66230341638,23603.864164781888
3346,1670.7188325436,37.0,36.9375,6.082869559947289,0.00032542138682656725,113506.67625199992,18692.28577527126
3347,1671.2188816439,66.0,65.91666666666667,8.12414525418589,0.0003254202305268981,202558.60110460533,24965.08972730992
3348,1671.7189308784,66.0,66.0,8.12403840463596,0.0003254191166342709,202815.37447038025,24964.8468370908
3349,1672.2189802471,49.0,48.916666666666664,7.000124006838101,0.00032541804511796476,150319.46568585114,21511.1734332389
3350,1672.71902975,38.0,37.979166666666664,6.1644492071699135,0.00032541701594727284,116709.22172312098,18943.22947196079
3351,1673.2190793871,41.0,41.0,6.4031242374328485,0.0003254160290914854,125992.5643935429,19676.732751332034
3352,1673.7191291584002,45.0,44.895833333333336,6.708365683151813,0.00032541508451993853,137964.81930014072,20614.796308684283
3353,1674.2191790639,47.0,46.916666666666664,6.855781218148017,0.00032541418220201964,144175.23646077735,21067.862413851082
3354,1674.7192291036001,47.0,46.895833333333336,6.855812872219376,0.00032541332210707564,144111.59638357552,21068.01537142817
3355,1675.2192792775,43.0,42.916666666666664,6.557570900197047,0.0003254125042045914,131883.88925486512,20151.563985611967
3356,1675.7193295856,36.0,35.895833333333336,6.000180842182083,0.0003254117284639499,110308.97227574876,18438.735661141975
3357,1676.2193800279,48.0,47.895833333333336,6.928359844789305,0.0003254109948546716,147185.6639469837,21291.105569077365
3358,1676.7194306044,52.0,51.875,7.211283115137462,0.0003254103033462247,159414.12876778794,22160.5863151325
3359,1677.2194813151,47.0,46.916666666666664,6.855781218148017,0.0003254096539081531,144177.24275601516,21068.155587304926
3360,1677.71953216,43.0,42.958333333333336,6.557504712583556,0.0003254090465100035,132013.33458322505,20151.574711620593
3361,1678.2195831391,40.0,39.916666666666664,6.324692570482072,0.00032540848112133717,122666.33779524227,19436.16389065085
3362,1678.7196342524,42.0,41.916666666666664,6.480874640903889,0.0003254079577118041,128812.66629561021,19916.152900734047
3363,1679.2196854999002,48.0,47.958333333333336,6.928265876505863,0.0003254074762510076,147379.3223372041,21291.0470168843
3364,1679.7197368815998,57.0,56.875,7.550006898451595,0.0003254070367086023,174781.10054187552,23201.732128529617
3365,1680.2197883975,42.0,41.958333333333336,6.480807670001908,0.0003254066390543136,128941.23320676954,19916.02780089621
3366,1680.7198400476,46.0,45.895833333333336,6.782489965999868,0.0003254062832578067,141041.63224461116,20843.14383267875
3367,1681.2198918319,33.0,32.9375,5.744675977227378,0.0003254059692888485,101219.7166265344,17653.8739894107
3368,1681.7199437504,57.0,56.979166666666664,7.549863179407808,0.0003254056971171895,175101.93328344388,23201.385981539373
3369,1682.2199958031,50.0,49.9375,7.0711598824615285,0.00032540546671265655,153462.38803079608,21730.30451484575
3370,1682.72004799,47.0,46.979166666666664,6.855686255057022,0.0003254052780450233,144371.24975018567,21068.147069539744
3371,1683.2201003111,49.0,48.916666666666664,7.000124006838101,0.0003254051310841766,150325.4312668253,21512.027126048277
3372,1683.7201527664001,39.0,38.916666666666664,6.245136996985023,0.00032540502579996857,119594.54704485521,19191.88857526744
3373,1684.2202053559,32.0,31.916666666666668,5.6570076994035565,0.00032540496216231554,98082.91322474144,17384.515779393
3374,1684.7202580796,46.0,45.9375,6.782425973302867,0.0003254049401411108,141170.259984619,20843.03320767561
3375,1685.2203109375,43.0,42.958333333333336,6.557504712583556,0.000325404959706337,132014.9925560485,20151.827797896512
3376,1685.7203639296,34.0,33.916666666666664,5.831100763244545,0.00032540502082796,104229.082207672,17919.51687902019
3377,1686.2204170559,54.0,53.979166666666664,7.3484987601399085,0.00032540512347596656,165882.96487179742,22582.61542302559
3378,1686.7204703164,52.0,51.9375,7.211192833597874,0.0003254052676204257,159608.66392790957,22160.651812218013
3379,1687.2205237111,45.0,44.958333333333336,6.708268633228365,0.00032540545323138414,138160.97083463773,20615.108218418074
3380,1687.72057724,43.0,42.979166666666664,6.557471618526288,0.000325405680278909,132078.7228724118,20151.68147312549
3381,1688.2206309031,43.0,42.958333333333336,6.557504712583556,0.000325405948733113,132014.59131457465,20151.766549178243
3382,1688.7206847004,29.0,28.9375,5.38528570117996,0.00032540625856414165,88927.30007003248,16549.42263539302
3383,1689.2207386319,43.0,42.9375,6.557537806473809,0.00032540660974215513,131950.30068388194,20151.82731435558
3384,1689.7207926975998,37.0,36.958333333333336,6.082833883606846,0.0003254070022373221,113575.71619303788,18693.002430140037
3385,1690.2208468975,42.0,41.9375,6.480841155539405,0.0003254074360199052,128876.89511014949,19916.08192734407
3386,1690.7209012316,42.0,41.9375,6.480841155539405,0.0003254079110600895,128876.7069718101,19916.052853253033
3387,1691.2209556999,41.0,40.854166666666664,6.403361476165815,0.00032540842732817313,125547.35291309895,19677.9214623967
3388,1691.7210103024001,41.0,40.895833333333336,6.4032936945675765,0.0003254089847944438,125675.18183054056,19677.67945501703
3389,1692.2210650391,45.0,44.979166666666664,6.708236282941872,0.00032540958342921003,138223.23913349494,20614.747151112068
3390,1692.72111991,49.0,48.958333333333336,7.00006200369365,0.0003254102232028191,150451.1224369831,21511.49996086849
3391,1693.2211749151,32.0,31.916666666666668,5.6570076994035565,0.00032541090408565784,98081.12225478853,17384.198342396245
3392,1693.7212300544,37.0,36.979166666666664,6.082798207057158,0.00032541162604811467,113638.1238610049,18692.62718400162
3393,1694.2212853279,43.0,42.9375,6.557537806473809,0.0003254123890605983,131947.95724880707,20151.469418248435
3394,1694.7213407356,35.0,34.9375,5.916189828203058,0.00032541319309355746,107363.50197687082,18180.546928538733
3395,1695.2213962775002,40.0,39.979166666666664,6.3245896331523195,0.00032541403811749115,122856.30607070534,19435.51565795947
3396,1695.7214519535999,45.0,44.9375,6.7083009833588525,0.0003254149241028579,138092.92897026462,20614.607648536974
3397,1696.2215077639,41.0,41.0,6.4031242374328485,0.0003254158510202349,125992.63333810544,19676.74351866373
3398,1696.7215637084,38.0,38.0,6.164414002968976,0.0003254168188401279,116773.31287129568,18943.13276412875
3399,1697.2216197871,37.0,36.979166666666664,6.082798207057158,0.00032541782753314855,113635.95826015339,18692.27095874929
3400,1697.721676,33.0,33.0,5.744562646538029,0.00032541887706986244,101407.76188873459,17652.825485304467
3401,1698.2217323471,38.0,37.9375,6.164519614968658,0.0003254199674209219,116580.12352674376,18943.274021642992
3402,1698.7217888284001,46.0,45.979166666666664,6.782361980002083,0.00032542109855698245,141291.28956466707,20841.8016228117
3403,1699.2218454439,29.0,28.979166666666668,5.38520510545121,0.00032542227044871314,89050.96331209395,16548.360682339728
3404,1699.7219021936,29.0,28.916666666666668,5.385325998592017,0.00032542348306681,88858.5740468214,16548.670513388857
3405,1700.2219590775,32.0,31.958333333333332,5.6569309749682795,0.0003254247363820383,98204.9910791516,17383.22365367832
3406,1700.7220160956,36.0,35.916666666666664,6.000144674181708,0.0003254260303651226,110368.14303505089,18437.81417070308
3407,1701.2220732479,37.0,36.916666666666664,6.082905236078489,0.00032542736498686304,113440.57273166603,18692.05202311135
3408,1701.7221305344,48.0,47.895833333333336,6.928359844789305,0.0003254287402180492,147177.6380329573,21289.944582482327
3409,1702.2221879550998,44.0,43.9375,6.633347728208837,0.00032543015602952814,135013.60948250076,20383.32221309864
3410,1702.72224551,39.0,38.9375,6.245102247628403,0.00032543161239214876,119648.79414689398,19190.21388771225
3411,1703.2223031991,37.0,36.9375,6.082869559947289,0.0003254331092767927,113502.58761957534,18691.612459055563
3412,1703.7223610224,40.0,39.958333333333336,6.324623945781722,0.0003254346466543678,122784.50909921591,19434.390317079156
3413,1704.2224189799,47.0,46.895833333333336,6.855812872219376,0.00032543622449582717,144101.4546121452,21066.53272185833
3414,1704.7224770716,44.0,44.0,6.6332495807108,0.0003254378427721132,135202.46946453262,20382.539179242627
3415,1705.2225352975001,32.0,31.9375,5.656969337315993,0.00032543950145420115,98136.51955982529,17382.552861709366
3416,1705.7225936575999,37.0,36.958333333333336,6.082833883606846,0.0003254412005131357,113563.78133764165,18691.03811691884
3417,1706.2226521519,41.0,40.9375,6.403225912251834,0.0003254429399199013,125790.1001326857,19675.41810502268
3418,1706.7227107804,52.0,51.958333333333336,7.211162739500167,0.0003254447196456081,159653.33034105817,22157.87291725838
3419,1707.2227695431,29.0,28.979166666666668,5.38520510545121,0.0003254465396613121,89044.3226000341,16547.126637313522
3420,1707.72282844,37.0,36.979166666666664,6.082798207057158,0.0003254483999381391,113625.28337424806,18690.5150193191
3421,1708.2228874711,32.0,31.916666666666668,5.6570076994035565,0.00032545030044719785,98069.24935331235,17382.09395299473
3422,1708.7229466364001,41.0,40.9375,6.403225912251834,0.000325452241159673,125786.50512323646,19674.855792774495
3423,1709.2230059359,48.0,47.958333333333336,6.928265876505863,0.00032545422204675076,147358.1538802229,21287.98893108424
3424,1709.7230653696001,29.0,28.916666666666668,5.385325998592017,0.000325456243079644,88849.62965540757,16547.00474519442
3425,1710.2231249375,24.0,23.875,4.89924526500426,0.0003254583042295604,73358.09131224344,15053.373047591993
3426,1710.7231846396,44.0,43.916666666666664,6.633380443718806,0.00032546040546779055,134937.0489585189,20381.528235929407
3427,1711.2232444759,34.0,33.916666666666664,5.831100763244545,0.00032546254676562566,104210.65957887612,17916.3495805976
3428,1711.7233044464,41.0,40.916666666666664,6.403259803499395,0.0003254647280943528,125717.66810566597,19674.20506975207
3429,1712.2233645511,22.0,21.958333333333332,4.690508293943798,0.0003254669494253165,67467.16793242938,14411.627055299843
3430,1712.72342479,43.0,43.0,6.557438524302,0.0003254692107298748,132116.95171893886,20147.64625383993
3431,1713.2234851631001,40.0,39.958333333333336,6.324623945781722,0.00032547151197941213,122770.60161216481,19432.189033434635
3432,1713.7235456704,41.0,40.9375,6.403225912251834,0.00032547385314534545,125778.15269762612,19673.54935080568
3433,1714.2236063119,44.0,43.9375,6.633347728208837,0.0003254762341991058,134994.49539876948,20380.43651491609
3434,1714.7236670876,30.0,29.979166666666668,5.477265196042436,0.00032547865511216816,92107.9345628213,16828.33915531214
3435,1715.2237279975,48.0,47.958333333333336,6.928265876505863,0.0003254811158559672,147345.97799079682,21286.229950040415
3436,1715.7237890416,34.0,33.958333333333336,5.831026329520006,0.0003254836164020797,104331.92831243335,17914.96110918457
3437,1716.2238502199,34.0,33.958333333333336,5.831026329520006,0.00032548615672198613,104331.11403364179,17914.821288392228
3438,1716.7239115324,33.0,32.9375,5.744675977227378,0.0003254887367872792,101193.97778586134,17649.384841791834
3439,1717.2239729791,33.0,32.958333333333336,5.744638200579351,0.00032549135656951644,101257.16910179856,17649.126726818155
3440,1717.72403456,29.0,28.9375,5.38528570117996,0.0003254940160403427,88903.32409801784,16544.96069295631
3441,1718.2240962751,36.0,35.979166666666664,6.000036168872466,0.0003254967151713615,110536.18973612381,18433.47686539226
3442,1718.7241581244,40.0,39.979166666666664,6.3245896331523195,0.000325499453934209,122824.06677937893,19430.415494431723
3443,1719.2242201079,39.0,38.958333333333336,6.245067498078428,0.0003255022323006021,119686.83918995436,19185.943684438676
3444,1719.7242822256,43.0,42.9375,6.557537806473809,0.00032550505024224767,131910.39576204735,20145.73292056007
3445,1720.2243444775002,36.0,35.895833333333336,6.000180842182083,0.00032550790773085993,110276.37879388517,18433.28748603926
3446,1720.7244068636,50.0,49.895833333333336,7.071221262192896,0.0003255108047382037,153284.72237185095,21723.460970458473
3447,1721.2244693839,31.0,30.9375,5.567881292137372,0.0003255137412360582,95042.0706742593,17104.903992669297
3448,1721.7245320384,33.0,32.9375,5.744675977227378,0.0003255167171962093,101185.27946491457,17647.86775532853
3449,1722.2245948271,32.0,31.979166666666668,5.65689261236041,0.0003255197325904945,98240.3321979151,17378.03286867654
3450,1722.72465775,33.0,32.958333333333336,5.744638200579351,0.00032552278739078893,101247.39222562313,17647.422617092958
3451,1723.2247208071,28.0,27.979166666666668,5.291543633740327,0.00032552588156894513,85950.66706160133,16255.369951650368
3452,1723.7247839984,45.0,44.9375,6.7083009833588525,0.0003255290150968786,138044.53033664738,20607.382667140864
3453,1724.2248473239,38.0,37.916666666666664,6.164554818566472,0.0003255321879464811,116475.93715955464,18936.851859269755
3454,1724.7249107836,30.0,29.979166666666668,5.477265196042436,0.00032553540008975674,92091.87897353344,16825.405760885737
3455,1725.2249743775,36.0,35.958333333333336,6.000072337526904,0.00032553865149862545,110457.95381838143,18431.213344115724
3456,1725.7250381056,38.0,37.958333333333336,6.164484411169806,0.000325541942145131,116600.43889647558,18936.068177726836
3457,1726.2251019679,40.0,39.854166666666664,6.324795506136499,0.0003255452720012697,122422.8090356392,19428.31320281571
3458,1726.7251659644,41.0,40.854166666666664,6.403361476165815,0.0003255486410391005,125493.2797024326,19669.446186988476
3459,1727.2252300951,29.0,28.6875,5.385769250224769,0.00032555204923067775,88119.54975492346,16543.496694160116
3460,1727.7252943600001,39.0,38.5625,6.245727706467305,0.0003255554965480999,118451.38665721315,19184.832609774465
3461,1728.2253587591,33.0,32.645833333333336,5.745204824218386,0.0003255589829635103,100276.24805853501,17647.201044556423
3462,1728.7254232924,31.0,30.8125,5.568115143385596,0.0003255625084490166,94643.88312644196,17103.060084873283
3463,1729.2254879599002,37.0,36.916666666666664,6.082905236078489,0.00032556607297681356,113392.24117893827,18684.088241933325
3464,1729.7255527616,33.0,32.958333333333336,5.744638200579351,0.00032556967651907904,101232.81039474175,17644.881003660375
3465,1730.2256176975002,31.0,30.9375,5.567881292137372,0.0003255733190480415,95024.67858993958,17101.77390585184
3466,1730.7256827676,36.0,35.895833333333336,6.000180842182083,0.00032557700053591226,110252.97632894035,18429.375638652466
3467,1731.2257479719,32.0,31.916666666666668,5.6570076994035565,0.00032558072095497124,98029.96495938356,17375.131066762202
3468,1731.7258133103999,50.0,49.958333333333336,7.071129192396047,0.0003255844802774941,153441.99849683893,21718.26245025364
3469,1732.2258787831,31.0,30.875,5.567998218989178,0.00032558827847581855,94828.35237354248,17101.34727532187
3470,1732.72594439,39.0,38.958333333333336,6.245067498078428,0.0003255921155222656,119653.79834472426,19180.64719737158
3471,1733.2260101310999,39.0,38.895833333333336,6.245171746148291,0.00032559599138916995,119460.41831590896,19180.73904873025
3472,1733.7260760064,27.0,26.9375,5.196277714223262,0.00032559990604894067,82731.90347896183,15959.088493846843
3473,1734.2261420159,37.0,36.9375,6.082869559947289,0.00032560385947397663,113443.06563095936,18681.810374650835
3474,1734.7262081596,32.0,31.916666666666668,5.6570076994035565,0.0003256078516367079,98021.79679093616,17373.683315583185
3475,1735.2262744375,40.0,39.958333333333336,6.324623945781722,0.0003256118825095907,122717.67548948828,19423.811861643084
3476,1735.7263408496,24.0,23.958333333333332,4.8990680803144135,0.0003256159520650948,73578.50001324184,15045.540764338926
3477,1736.2264073959,27.0,26.9375,5.196277714223262,0.0003256200602757283,82726.78279461617,15958.100707380136
3478,1736.7264740764,35.0,34.9375,5.916189828203058,0.00032562420711399967,107293.92728400113,18168.76540180511
3479,1737.2265408910998,26.0,25.958333333333332,5.099104632732648,0.0003256283925524748,79717.65953778174,15659.275263937345
3480,1737.72660784,29.0,28.979166666666668,5.38520510545121,0.0003256326165637202,88993.43982329851,16537.671079387794
3481,1738.2266749231,36.0,35.979166666666664,6.000036168872466,0.00032563687912032235,110488.61162120527,18425.5425401478
3482,1738.7267421404,28.0,27.9375,5.291625656009062,0.00032564118019491156,85792.28211640214,16249.866349341244
3483,1739.2268094919,39.0,38.958333333333336,6.245067498078428,0.00032564551976012546,119634.17571975358,19177.501667084573
3484,1739.7268769775999,32.0,31.854166666666668,5.657122784105401,0.00032564989778862785,97817.21684231113,17371.79351973055
3485,1740.2269445975,33.0,32.9375,5.744675977227378,0.0003256543142531199,101142.52616471962,17640.411091751233
3486,1740.7270123515998,37.0,36.958333333333336,6.082833883606846,0.00032565876912627985,113487.9107738754,18678.550864534285
3487,1741.2270802399,35.0,34.916666666666664,5.91622650944934,0.0003256632623808912,107217.08801721889,18166.699142532703
3488,1741.7271482624,42.0,41.9375,6.480841155539405,0.0003256677939896588,128773.86334778831,19900.15984124361
3489,1742.2272164191,26.0,25.833333333333332,5.099359981627323,0.0003256723639254299,79323.07495163595,15657.945059148273
3490,1742.72728471,31.0,30.9375,5.567881292137372,0.0003256769721609607,94994.43511379008,17096.330929364987
3491,1743.2273531351,40.0,39.9375,6.324658258224972,0.0003256816186690943,122627.43032046311,19419.75811859091
3492,1743.7274216944002,41.0,40.895833333333336,6.4032936945675765,0.00032568630342269354,125568.17067083254,19660.92410787392
3493,1744.2274903879,35.0,34.979166666666664,5.916116465028201,0.0003256910263946223,107399.84780632025,18164.812615561477
3494,1744.7275592156,33.0,32.895833333333336,5.744751529778193,0.0003256957875577884,101001.71568076118,17638.396777725895
3495,1745.2276281774998,27.0,26.9375,5.196277714223262,0.00032570058688511267,82706.32932418359,15954.155207144875
3496,1745.7276972736,27.0,27.0,5.196152422706632,0.00032570542434953015,82896.99213306623,15953.53357434536
3497,1746.2277665039,29.0,28.979166666666668,5.38520510545121,0.00032571029992402534,88972.2144906879,16533.72677102122
3498,1746.7278358684,25.0,24.958333333333332,5.000086804802049,0.0003257152135815714,76626.24370194739,15351.099968039527
3499,1747.2279053671,34.0,33.875,5.831175196018952,0.00032572016529519836,104000.31563688812,17902.40770243436
3500,1747.727975,35.0,34.958333333333336,5.916153146729347,0.00032572515503794886,107324.63487279786,18163.02196875179
3501,1748.2280447671,33.0,32.958333333333336,5.744638200579351,0.0003257301827828668,101182.92708325255,17636.18634140746
3502,1748.7281146684,32.0,31.979166666666668,5.65689261236041,0.00032573524850305885,98175.33353737234,17366.535056789497
3503,1749.2281847039,31.0,30.958333333333332,5.567842315974435,0.00032574035217161374,95039.90870932434,17092.884804892274
3504,1749.7282548736,43.0,42.958333333333336,6.557504712583556,0.0003257454937616825,131876.98419785948,20130.761094675556
3505,1750.2283251775,37.0,36.9375,6.082869559947289,0.0003257506732463869,113391.93755729159,18673.390600627892
3506,1750.7283956156,39.0,38.9375,6.245102247628403,0.0003257558905989167,119529.68809991945,19171.110723881324
3507,1751.2284661879,43.0,42.9375,6.557537806473809,0.00032576114579248744,131806.69504199113,20129.895449996406
3508,1751.7285368944001,41.0,40.9375,6.403225912251834,0.00032576643880030345,125665.18561813823,19655.879641355707
3509,1752.2286077351,30.0,29.958333333333332,5.477304816746605,0.0003257717695956187,91961.1093696691,16813.319409307922
3510,1752.72867871,33.0,32.958333333333336,5.744638200579351,0.0003257771381517006,101168.34324324514,17633.644377784167
3511,1753.2287498191,41.0,41.0,6.4031242374328485,0.0003257825444418357,125850.81889591548,19654.59582373679
3512,1753.7288210624001,33.0,32.875,5.74478930568099,0.000325787988439348,100909.1837838593,17633.52090787871
3513,1754.2288924399,37.0,36.916666666666664,6.082905236078489,0.0003257934701175576,113313.09572701334,18671.047132662192
3514,1754.7289639516,33.0,32.9375,5.744675977227378,0.00032579898944983264,101097.61253594005,17632.57764220892
3515,1755.2290355975001,32.0,31.875,5.657084422798255,0.00032580454640956214,97834.73051947715,17363.429961738017
3516,1755.7291073776,38.0,37.958333333333336,6.164484411169806,0.0003258101409701289,116504.45630792521,18920.480476189296
3517,1756.2291792919,41.0,40.833333333333336,6.403395366695877,0.00032581577310498435,125326.44734844074,19653.42348429698
3518,1756.7292513404,28.0,27.958333333333332,5.291584645033618,0.0003258214427875687,85808.75799375119,16240.75014756982
3519,1757.2293235231,36.0,35.9375,6.000108505963316,0.0003258271499913595,110296.21073920027,18415.004722971767
3520,1757.7293958399998,32.0,31.895833333333332,5.657046061230975,0.00032583289468983526,97890.15735717969,17361.801565848637
3521,1758.2294682911,45.0,44.979166666666664,6.708236282941872,0.00032583867685654266,138041.2144457292,20587.599813681154
3522,1758.7295408764,33.0,32.895833333333336,5.744751529778193,0.000325844496465005,100955.62051902349,17630.34696642534
3523,1759.2296135959,33.0,32.979166666666664,5.744600423682902,0.00032585035348878266,101209.54700085039,17629.566339815738
3524,1759.7296864496002,30.0,29.895833333333332,5.477423677139544,0.00032585624790147454,91745.46606322122,16809.325315731527
3525,1760.2297594375,32.0,31.791666666666668,5.6572378664660885,0.00032586217967666054,97561.69524862386,17360.829882373982
3526,1760.7298325596,35.0,34.625,5.916740023019433,0.0003258681487880086,106254.63129422038,18156.852840712978
3527,1761.2299058158999,35.0,34.104166666666664,5.917656900703558,0.0003258741552091555,104654.4076033818,18159.33177304421
3528,1761.7299792064,31.0,29.8125,5.569985599921541,0.0003258801989137584,91483.00540926587,17092.126549841687
3529,1762.2300527311,25.0,23.5,5.003124024047375,0.0003258862798755479,72111.04440780498,15352.361645780265
3530,1762.73012639,39.0,37.666666666666664,6.24722160466377,0.00032589239806820686,115580.0714896802,19169.58370828973
3531,1763.2302001831001,37.0,36.104166666666664,6.084296442025523,0.00032589855346552854,110783.45172982037,18669.2956361007
3532,1763.7302741104,42.0,41.583333333333336,6.48141038320793,0.0003259047460412405,127593.51877640748,19887.437853966574
3533,1764.2303481719,44.0,43.8125,6.633544018848447,0.0003259109757691435,134430.88222666745,20353.852775879714
3534,1764.7304223675999,28.0,27.854166666666668,5.291789696732519,0.00032591724262304,85463.92465305419,16236.605508021772
3535,1765.2304966975,35.0,34.875,5.916299871259626,0.0003259235465767567,107003.62206505,18152.416213556102
3536,1765.7305711616,36.0,35.916666666666664,6.000144674181708,0.0003259298876041773,110197.52416901804,18409.311027862936
3537,1766.2306457599,40.0,39.958333333333336,6.324623945781722,0.00032593626567914235,122595.54256742039,19404.480604830267
3538,1766.7307204924,29.0,28.979166666666668,5.38520510545121,0.000325942680775585,88908.7817456442,16521.93904964223
3539,1767.2307953591,34.0,33.958333333333336,5.831026329520006,0.00032594913286738514,104182.92276037298,17889.375186319037
3540,1767.7308703600002,37.0,37.0,6.082762530298219,0.0003259556219285073,113512.38484886543,18661.321115769457
3541,1768.2309454951,37.0,36.875,6.082976587713178,0.0003259621479329366,113126.63213762679,18661.60419633966
3542,1768.7310207644,37.0,36.895833333333336,6.082940912000451,0.00032596871085462125,113188.26655662821,18661.11902597112
3543,1769.2310961679,32.0,31.916666666666668,5.6570076994035565,0.0003259753106676084,97911.30070955455,17354.098651881992
3544,1769.7311717056,40.0,39.875,6.324761194437832,0.00032598194734590895,122322.72469274954,19402.182378297297
3545,1770.2312473774998,37.0,36.958333333333336,6.082833883606846,0.00032598862086357706,113373.0779786943,18659.650964174147
3546,1770.7313231836001,40.0,39.9375,6.324658258224972,0.0003259953311946865,122509.42322897584,19401.07005534949
3547,1771.2313991238998,29.0,28.958333333333332,5.385245403466359,0.0003260020783133483,88828.67705370582,16519.05236717584
3548,1771.7314751984,34.0,34.0,5.830951894845301,0.0003260088621936732,104291.64339649609,17885.869284686156
3549,1772.2315514071001,29.0,28.979166666666668,5.38520510545121,0.0003260156828097984,88888.87312692092,16518.239426515578
3550,1772.73162775,40.0,39.958333333333336,6.324623945781722,0.00032602254013589747,122563.10044292435,19399.345649982974
3551,1773.2317042271002,32.0,31.979166666666668,5.65689261236041,0.000326029434146151,98086.74713808569,17350.864737643795
3552,1773.7317808384,37.0,36.916666666666664,6.082905236078489,0.0003260363648147643,113228.6783029269,18657.13733967822
3553,1774.2318575839001,37.0,36.9375,6.082869559947289,0.00032604333211596855,113290.15612827164,18656.629229220693
3554,1774.7319344635998,46.0,45.9375,6.782425973302867,0.0003260503360240131,140890.8224422648,20801.775750365585
3555,1775.2320114775,34.0,34.0,5.830951894845301,0.00032605737651316053,104276.12576533036,17883.20803289647
3556,1775.7320886256,45.0,44.979166666666664,6.708236282941872,0.00032606445355774083,137945.63061349333,20573.34434878517
3557,1776.2321659079,49.0,48.979166666666664,7.000031001915476,0.0003260715671320238,150209.86680152762,21467.774892133475
3558,1776.7322433244,35.0,34.979166666666664,5.916116465028201,0.000326078717210402,107272.15491373633,18143.215588065603
3559,1777.2323208751,37.0,36.958333333333336,6.082833883606846,0.00032608590376717063,113339.25479870495,18654.084133456025
3560,1777.73239856,36.0,35.916666666666664,6.000144674181708,0.0003260931267767535,110142.36031799456,18400.09549876059
3561,1778.2324763791,39.0,38.958333333333336,6.245067498078428,0.0003261003862135636,119467.30203447067,19150.75161545048
3562,1778.7325543324,39.0,38.958333333333336,6.245067498078428,0.0003261076820519889,119464.6292543409,19150.32316559419
3563,1779.2326324198998,39.0,38.916666666666664,6.245136996985023,0.00032611501426648614,119334.17648433003,19150.105710501834
3564,1779.7327106416,51.0,50.958333333333336,7.141489204329554,0.00032612238283156054,156255.24654544453,21898.18785918191
3565,1780.2327889975002,33.0,32.958333333333336,5.744638200579351,0.0003261297877216515,101058.94822911099,17614.576824495227
3566,1780.7328674876,35.0,34.979166666666664,5.916116465028201,0.0003261372289113018,107252.9094069779,18139.960545985945
3567,1781.2329461119,43.0,42.916666666666664,6.557570900197047,0.00032614470637503117,131587.8069696987,20106.323273131864
3568,1781.7330248704,31.0,30.9375,5.567881292137372,0.00032615222008740193,94856.01536518562,17071.41926136605
3569,1782.2331037631,44.0,43.854166666666664,6.633478589280623,0.0003261597700229837,134456.0877743333,20338.12627723271
3570,1782.73318279,28.0,27.9375,5.291625656009062,0.0003261673561563641,85653.88127500658,16223.651926320503
3571,1783.2332619511,46.0,45.9375,6.782425973302867,0.00032617497846219255,140836.9833166853,20793.826691672573
3572,1783.7333412464,32.0,32.0,5.656854249492381,0.00032618263691508865,98104.54750946841,17342.597702295734
3573,1784.2334206759,32.0,31.916666666666668,5.6570076994035565,0.000326190331489703,97846.75873409263,17342.659034583106
3574,1784.7335002396,45.0,44.9375,6.7083009833588525,0.0003261980621607348,137761.3947254443,20565.11598788506
3575,1785.2335799375,34.0,33.979166666666664,5.830989112301427,0.00032620582890289677,104164.80533455276,17875.183689734633
3576,1785.7336597696,37.0,36.958333333333336,6.082833883606846,0.0003262136316909138,113294.87716917733,18646.780185355063
3577,1786.2337397359,33.0,32.9375,5.744675977227378,0.00032622147049950504,100966.68361394678,17609.742143676882
3578,1786.7338198364,42.0,41.895833333333336,6.480908126095361,0.0003262293453034635,128424.47786038744,19866.110205587796
3579,1787.2339000711,33.0,32.9375,5.744675977227378,0.00032623725607757625,100961.79815884598,17608.890064540472
3580,1787.73398044,44.0,43.979166666666664,6.633282296704835,0.0003262452027966617,134804.02559076858,20332.198726119354
3581,1788.2340609430998,32.0,31.916666666666668,5.6570076994035565,0.0003262531854355076,97827.908175247,17339.317903830277
3582,1788.7341415804,41.0,40.958333333333336,6.403192020824892,0.00032626120396903085,125538.47296297342,19625.968220949406
3583,1789.2342223519001,34.0,33.979166666666664,5.830989112301427,0.0003262692583720809,104144.55482629768,17871.708604712323
3584,1789.7343032576,42.0,41.958333333333336,6.480807670001908,0.00032627734861954467,128597.13832681288,19862.879533077383
3585,1790.2343842975001,54.0,53.916666666666664,7.348587354798956,0.00032628547468633375,165243.845802508,22521.956767653643
3586,1790.7344654715998,56.0,55.979166666666664,7.483343773192421,0.00032629363654739657,171560.70605298266,22934.384661545213
3587,1791.2345467799,50.0,50.0,7.0710678118654755,0.00032630183417771836,153232.35962188247,21670.328117169764
3588,1791.7346282223998,39.0,38.9375,6.245102247628403,0.0003263100675522243,119326.68915821375,19138.5521583054
3589,1792.2347097991,44.0,43.895833333333336,6.633413159067426,0.00032631833664597957,134518.4392164747,20328.042938831135
3590,1792.73479151,40.0,39.916666666666664,6.324692570482072,0.0003263266414339401,122321.20090246199,19381.47784284542
3591,1793.2348733551,52.0,51.979166666666664,7.2111326452768685,0.0003263349818911841,159281.62639946165,22097.332634971415
3592,1793.7349553344002,40.0,39.979166666666664,6.3245896331523195,0.0003263433579928145,122506.45121923067,19380.16962273084
3593,1794.2350374479,47.0,46.958333333333336,6.855717909566843,0.0003263517697138556,143888.70443235617,21007.141819938402
3594,1794.7351196956001,60.0,59.958333333333336,7.746022724957342,0.0003263602170294164,183718.26651876816,23734.580138053887
3595,1795.2352020775,46.0,45.916666666666664,6.782457969726839,0.0003263686999146621,140689.5534978471,20781.582215145925
3596,1795.7352845936,46.0,45.958333333333336,6.782393976727948,0.000326377218344715,140813.54564641454,20780.843746160248
3597,1796.2353672438999,41.0,40.9375,6.403225912251834,0.00032638577229477083,125426.72957884897,19618.5816165689
3598,1796.7354500284,63.0,62.9375,7.937335956310111,0.00032639436173998923,192826.55394071108,24318.23856881791
3599,1797.2355329471002,50.0,49.875,7.071251951858785,0.00032640298665558465,152801.91064129974,21664.17661894822
3600,1797.735616,52.0,51.916666666666664,7.211222927569991,0.0003264116470168209,159052.73951205317,22092.4191690941
3601,1798.2356991871002,50.0,49.979166666666664,7.071098502197363,0.0003264203427988947,153112.9041717185,21662.554611536016
3602,1798.7357825084,56.0,55.958333333333336,7.48337277272458,0.0003264290739771373,171425.70253179283,22924.957883036812
3603,1799.2358659639,67.0,66.91666666666667,8.185458821050357,0.0003264378405268127,204990.53222100434,25075.091808720706
3604,1799.7359495536,65.0,64.91666666666667,8.062365416620057,0.00032644664242323444,198858.4296189603,24697.345197893905
3605,1800.2360332775,70.0,69.97916666666667,8.366626203421411,0.00032645547964174686,214360.52090000757,25628.68974539184
3606,1800.7361171356,70.0,69.875,8.366755892618517,0.0003264643521577058,214035.61993269433,25628.390473017927
3607,1801.2362011279,59.0,59.0,7.681145747868608,0.0003264732599464866,180719.24178314296,23527.641281027583
3608,1801.7362852544002,77.0,76.9375,8.775038580162104,0.0003264822029834882,235656.030549056,26877.540337492454
3609,1802.2363695151,66.0,65.95833333333333,8.12409182958659,0.00032649118124412267,202021.79146766977,24883.036039837403
3610,1802.7364539100001,88.0,87.91666666666667,9.380924054223609,0.0003265001947038447,269269.8751570803,28731.756386034227
3611,1803.2365384391,75.0,74.89583333333333,8.660379329965224,0.00032650924333809067,229383.50096196483,26524.147498628874
3612,1803.7366231024,106.0,105.9375,10.295693375549474,0.0003265183271223643,324445.8004352675,31531.747287468843
3613,1804.2367078999,103.0,102.85416666666667,10.149041245085392,0.00032652744603215117,314993.93976376264,31081.74019799266
3614,1804.7367928316,116.0,115.875,10.770450508992958,0.00032653660004297954,354860.6801955684,32983.89983718617
3615,1805.2368778974999,117.0,116.97916666666667,10.816673889314487,0.00032654578913037815,358232.04757346003,33124.52418425084
3616,1805.7369630976,137.0,136.95833333333334,11.704736992156446,0.0003265550132699242,419403.5545861492,35843.07855191778
3617,1806.2370484319001,138.0,137.97916666666666,11.747358597905222,0.0003265642724372074,422517.6429647479,35972.57749671325
3618,1806.7371339004,177.0,176.875,13.304232565866648,0.00032657356660781734,541608.440135663,40738.853129052295
3619,1807.2372195031,278.0,277.9791666666667,16.67334501615611,0.0003265828957573808,851174.9092738098,51053.944443381915
3620,1807.7373052399998,413.0,413.0,20.322401432901575,0.0003265922598615056,1264573.753753798,62225.606453500994
3621,1808.2373911111001,701.0,700.9375,26.476429179240416,0.00032660165889592847,2146154.132742337,81066.425898581
3622,1808.7374771164,1190.0,1189.9375,34.49639549407058,0.00032661109283629397,3643285.6265430884,105619.17905023844
3623,1809.2375632559,1628.0,1627.9583333333333,40.348492760641705,0.000326620561658296,4984249.38426403,123533.22937106912
3624,1809.7376495295998,2147.0,2146.9375,46.33574540334205,0.0003266300653376896,6572994.123429417,141860.01327047896
3625,1810.2377359375,2283.0,2282.9166666666665,47.780767429072455,0.00032663960385020464,6989099.422596659,146279.77399514752
3626,1810.7378224796,2245.0,2244.9791666666665,47.381435542074684,0.0003266491771715906,6872753.1662734505,145052.9768736719
3627,1811.2379091559,1712.0,1711.9583333333333,41.37633222091533,0.0003266587852776625,5240815.219092164,126665.2975083622
3628,1811.7379959664001,1112.0,1111.9375,33.346683524502595,0.0003266684281442246,3403871.951497798,102081.133808805
3629,1812.2380829111,652.0,651.9583333333334,25.534307667441375,0.0003266781057470806,1995720.9309830207,78163.51086353624
3630,1812.73816999,362.0,361.9583333333333,19.026320402420314,0.0003266878180621007,1107963.9745383097,58240.066970613414
3631,1813.2382572031,183.0,182.9375,13.527797384767904,0.0003266975650651377,559959.7902222672,41407.70801909926
3632,1813.7383445504,110.0,109.9375,10.488150555905142,0.0003267073467320745,336501.4625464095,32102.585573339562
3633,1814.2384320319,76.0,75.95833333333333,8.717847673339765,0.00032671716303886086,232489.57179607544,26683.164092921663
3634,1814.7385196476,59.0,58.916666666666664,7.681258758244713,0.0003267270139613492,180323.83044285505,23509.714318123028
3635,1815.2386073975001,50.0,49.916666666666664,7.071190572393812,0.0003267368994755505,152773.27643981605,21641.848789481286
3636,1815.7386952816,47.0,46.9375,6.855749563930507,0.00032674681955740837,143650.97742520866,20981.840230968104
3637,1816.2387832999,38.0,37.9375,6.164519614968658,0.00032675677418292104,116103.17825809568,18865.774490470732
3638,1816.7388714524,45.0,44.958333333333336,6.708268633228365,0.0003267667633280814,137585.39233133124,20529.225692678872
3639,1817.2389597391,50.0,49.9375,7.0711598824615285,0.0003267767869689179,152818.38242919598,21639.113194212652
3640,1817.7390481599998,38.0,37.895833333333336,6.164590021963251,0.00032678684508149005,115964.99034067098,18864.253915808644
3641,1818.2391367151,42.0,41.895833333333336,6.480908126095361,0.0003267969376418691,128201.42574055032,19831.606051332317
3642,1818.7392254044,38.0,37.9375,6.164519614968658,0.0003268070646261447,116085.31181355921,18862.871345883057
3643,1819.2393142279,37.0,36.979166666666664,6.082798207057158,0.00032681722601038784,113149.38052099888,18612.232535330975
3644,1819.7394031856002,33.0,32.895833333333336,5.744751529778193,0.0003268274217707552,100651.9990125164,17577.324138387943
3645,1820.2394922775,40.0,39.916666666666664,6.324692570482072,0.0003268376518834088,122129.95178690716,19351.174915239717
3646,1820.7395815036,38.0,37.9375,6.164519614968658,0.00032684791632449296,116070.8026736687,18860.513734615808
3647,1821.2396708638998,35.0,34.979166666666664,5.916116465028201,0.00032685821507019393,107016.3301820478,18099.947292919333
3648,1821.7397603584,42.0,41.958333333333336,6.480807670001908,0.00032686854809674086,128364.54769859118,19826.954008691686
3649,1822.2398499871,43.0,42.9375,6.557537806473809,0.00032687891538031393,131355.9791705852,20061.060833013067
3650,1822.73993975,44.0,44.0,6.6332495807108,0.00032688931689723314,134602.13511300719,20292.035370480302
3651,1823.2400296471,36.0,35.916666666666664,6.000144674181708,0.00032689975262369656,109870.5838055844,18354.693223303362
3652,1823.7401196783999,31.0,30.916666666666668,5.567920268027471,0.00032691022253602436,94572.345969572,17031.955210314372
3653,1824.2402098439002,26.0,25.916666666666668,5.099189750451645,0.00032692072661051136,79275.07972764116,15597.633723990666
3654,1824.7403001436,36.0,35.9375,6.000108505963316,0.00032693126482349547,109923.71751108611,18352.813424566997
3655,1825.2403905775,36.0,35.916666666666664,6.000144674181708,0.0003269418371513144,109856.44107102697,18352.33057494791
3656,1825.7404811456,27.0,26.958333333333332,5.196235950720055,0.0003269524435703236,82453.37774187615,15892.941168988104
3657,1826.2405718479001,41.0,40.875,6.403327585456382,0.000326963084056927,125014.1131923117,19584.252466683698
3658,1826.7406626844,35.0,34.9375,5.916189828203058,0.00032697375858749256,106851.08233433763,18093.77564046929
3659,1827.2407536551,33.0,32.9375,5.744675977227378,0.0003269844671384968,100731.08453206455,17568.650974464108
3660,1827.74084476,44.0,43.979166666666664,6.633282296704835,0.00032699520968634306,134494.8346761774,20285.564131253002
3661,1828.2409359991,38.0,37.958333333333336,6.164484411169806,0.00032700598620752645,116078.40508841326,18851.28918483365
3662,1828.7410273724001,37.0,36.979166666666664,6.082798207057158,0.0003270167966784924,113080.32811239005,18600.873927089073
3663,1829.2411188799,36.0,35.9375,6.000108505963316,0.00032702764107575945,109891.32258601558,18347.40478274534
3664,1829.7412105216001,36.0,35.916666666666664,6.000144674181708,0.0003270385193758583,109823.96426944564,18346.90508516482
3665,1830.2413022975,38.0,37.9375,6.164519614968658,0.000327049431555331,115999.28432708999,18848.892614343924
3666,1830.7413942076,45.0,44.958333333333336,6.708268633228365,0.000327060377590726,137461.8768085473,20510.795843398984
3667,1831.2414862519,30.0,29.895833333333332,5.477423677139544,0.0003270713574586217,91404.6205868562,16746.87664398281
3668,1831.7415784304,44.0,44.0,6.6332495807108,0.00032708237113562665,134522.688725878,20280.058376977715
3669,1832.2416707431,24.0,23.854166666666668,4.899289560175479,0.0003270934185983555,72927.68765842296,14978.257835849072
3670,1832.74176319,31.0,30.979166666666668,5.567803339538653,0.0003271044998234464,94707.24702163246,17021.481950091962
3671,1833.2418557711,37.0,36.979166666666664,6.082798207057158,0.00032711561478756173,113046.16776145644,18595.254803129777
3672,1833.7419484864,34.0,33.895833333333336,5.831137979750512,0.00032712676346737,103616.81500484857,17825.316149444774
3673,1834.2420413359,39.0,39.0,6.244997998398398,0.00032713794583957574,119215.76355170092,19089.800121997665
3674,1834.7421343196,33.0,32.9375,5.744675977227378,0.0003271491618809016,100680.37408572323,17559.806493769112
3675,1835.2422274375,26.0,25.916666666666668,5.099189750451645,0.00032716041156805715,79217.00104988218,15586.206552350213
3676,1835.7423206895999,40.0,39.958333333333336,6.324623945781722,0.0003271716948778191,122132.61097741236,19331.207573270134
3677,1836.2424140759,36.0,35.916666666666664,6.000144674181708,0.0003271830117869394,109775.46318956037,18338.802621234456
3678,1836.7425075964002,34.0,33.979166666666664,5.830989112301427,0.0003271943622722428,103850.09824342334,17821.17843292709
3679,1837.2426012511,32.0,31.958333333333332,5.6569309749682795,0.0003272057463105168,97670.45259347315,17288.605223943337
3680,1837.7426950400002,31.0,30.979166666666668,5.567803339538653,0.0003272171638786098,94674.6383944555,17015.62128814301
3681,1838.2427889630999,33.0,32.9375,5.744675977227378,0.0003272286149533453,100655.92828639412,17555.54286732053
3682,1838.7428830204,45.0,44.9375,6.7083009833588525,0.00032724009951162536,137322.7182948084,20499.630067862563
3683,1839.2429772118999,35.0,34.9375,5.916189828203058,0.0003272516175303219,106760.35847787009,18078.412790900526
3684,1839.7430715376,28.0,27.979166666666668,5.291543633740327,0.0003272631689863483,85494.39508676826,16169.07777960514
3685,1840.2431659975,32.0,31.9375,5.656969337315993,0.0003272747538566117,97586.20126865245,17285.07705117539
3686,1840.7432605916,30.0,29.979166666666668,5.477265196042436,0.00032728637211808004,91599.19025241489,16735.39035736667
3687,1841.2433553199,31.0,30.979166666666668,5.567803339538653,0.0003272980237477021,94651.24876692497,17011.417532513417
3688,1841.7434501824,28.0,27.9375,5.291625656009062,0.00032730970872249347,85354.9383213883,16167.02931502566
3689,1842.2435451791,39.0,38.979166666666664,6.2450327483350945,0.0003273214270194023,119085.28879887883,19079.20543180607
3690,1842.7436403099998,37.0,36.958333333333336,6.082833883606846,0.00032733317861551644,112907.38534251784,18583.004354568366
3691,1843.2437355751001,35.0,34.9375,5.916189828203058,0.00032734496348782574,106729.9146067337,18073.257535923833
3692,1843.7438309744,36.0,35.9375,6.000108505963316,0.0003273567816134166,109780.83246932531,18328.957403573775
3693,1844.2439265079,35.0,34.875,5.916299871259626,0.00032736863296936385,106531.2815209871,18072.28694330434
3694,1844.7440221756,28.0,27.895833333333332,5.29170767700644,0.00032738051753274073,85209.2040893775,16163.783101348497
3695,1845.2441179775,39.0,38.770833333333336,6.24538023706768,0.0003273924352807061,118423.11903172487,19076.12871907958
3696,1845.7442139136,35.0,34.833333333333336,5.916373232160241,0.000327404386190369,106392.38447184248,18070.53748119358
3697,1846.2443099839,36.0,35.916666666666664,6.000144674181708,0.00032741637023887496,109697.22326486836,18325.732063440046
3698,1846.7444061884,29.0,28.833333333333332,5.385487185224956,0.00032742838740343555,88059.9680497672,16447.832235722784
3699,1847.2445025271,37.0,36.958333333333336,6.082833883606846,0.0003274404376611894,112870.40048356833,18576.91715493278
3700,1847.744599,22.0,21.958333333333332,4.690508293943798,0.00032745252098941393,67058.06773753076,14324.23937299733
3701,1848.2446956070999,36.0,36.0,6.0,0.00032746463736528904,109935.5346874959,18322.58911458265
3702,1848.7447923484,33.0,33.0,5.744562646538029,0.00032747678676606104,100770.50140220823,17541.89267357677
3703,1849.2448892239001,30.0,29.958333333333332,5.477304816746605,0.0003274889691690245,91478.9081578841,16725.158195846416
3704,1849.7449862336,34.0,33.916666666666664,5.831100763244545,0.00032750118455146103,103561.96638836052,17804.823427526535
3705,1850.2450833775001,35.0,34.9375,5.916189828203058,0.000327513432890652,106675.01388153656,18063.96084577794
3706,1850.7451806556,38.0,37.979166666666664,6.1644492071699135,0.0003275257141639388,115957.81651408499,18821.26789008199
3707,1851.2452780679,41.0,40.9375,6.403225912251834,0.00032753802834868066,124985.48704830078,19549.56480789241
3708,1851.7453756144,46.0,45.916666666666664,6.782457969726839,0.0003275503754222117,140181.99981447187,20706.61027631022
3709,1852.2454732951,26.0,25.958333333333332,5.099104632732648,0.0003275627553619146,79246.90126828589,15566.80223641053
3710,1852.74557111,40.0,39.958333333333336,6.324623945781722,0.00032757516814520157,121982.18063837284,19307.397387882153
3711,1853.2456690591,33.0,32.9375,5.744675977227378,0.00032758761374946613,100545.62082799041,17536.303987429805
3712,1853.7457671424002,43.0,42.958333333333336,6.557504712583556,0.00032760009215218003,131130.40674414067,20016.797521343186
3713,1854.2458653598999,40.0,39.9375,6.324658258224972,0.00032761260333077224,121904.65077949801,19305.295931607725
3714,1854.7459637116,33.0,32.958333333333336,5.744638200579351,0.00032762514726270123,100597.69101578213,17534.179682407284
3715,1855.2460621975,33.0,32.979166666666664,5.744600423682902,0.000327637723925492,100657.41597620927,17533.39131665217
3716,1855.7461608176,45.0,44.916666666666664,6.708333333333334,0.00032765033329662,137087.1996824855,20474.06229024134
3717,1856.2462595718998,31.0,30.9375,5.567881292137372,0.000327662975353664,94418.66285504952,16992.70809015777
3718,1856.7463584604,39.0,39.0,6.244997998398398,0.00032767565007410407,119020.13467030622,19058.47443038898
3719,1857.2464574831001,38.0,37.979166666666664,6.1644492071699135,0.0003276883574355543,115900.26256619731,18811.926232021415
3720,1857.7465566399999,50.0,49.979166666666664,7.071098502197363,0.0003277010974155847,152514.49281319912,21577.89082173845
3721,1858.2466559311001,34.0,34.0,5.830951894845301,0.00032771386999176535,103749.0418115484,17792.813880571543
3722,1858.7467553564,35.0,34.9375,5.916189828203058,0.00032772667514178083,106605.60354107693,18052.20714988672
3723,1859.2468549159,41.0,40.9375,6.403225912251834,0.0003277395128432303,124908.6496921166,19537.546317507127
3724,1859.7469546096,41.0,40.9375,6.403225912251834,0.00032775238307377247,124903.74476021901,19536.779114159966
3725,1860.2470544375,33.0,32.9375,5.744675977227378,0.00032776528581106583,100491.11796111992,17526.79806530454
3726,1860.7471543995998,36.0,35.9375,6.000108505963316,0.0003277782210328476,109639.68224233727,18305.391026458794
3727,1861.2472544959,37.0,36.958333333333336,6.082833883606846,0.0003277911887167923,112749.62416779572,18557.03903274332
3728,1861.7473547264,30.0,29.916666666666668,5.477384057295153,0.00032780418884065417,91263.8327547705,16709.31685365898
3729,1862.2474550911,41.0,41.0,6.4031242374328485,0.0003278172213821678,125069.69532330454,19532.60481690227
3730,1862.74755559,35.0,34.916666666666664,5.91622650944934,0.00032783028631909125,106508.36156327782,18046.613617909676
3731,1863.2476562231,44.0,43.979166666666664,6.633282296704835,0.0003278433836292493,134146.87885359832,20233.082709414273
3732,1863.7477569904001,33.0,32.958333333333336,5.744638200579351,0.0003278565132903808,100526.69993517046,17521.805935547647
3733,1864.2478578919,34.0,33.895833333333336,5.831137979750512,0.0003278696752803872,103382.032218583,17784.92620509611
3734,1864.7479589276,35.0,34.958333333333336,5.916153146729347,0.00032788286957703065,106618.35849622042,18043.495698208306
3735,1865.2480600975,36.0,35.958333333333336,6.000072337526904,0.0003278960961582177,109663.8043411855,18298.700130396566
3736,1865.7481614016,39.0,38.958333333333336,6.245067498078428,0.00032790935500179346,118808.23995741218,19045.10317506578
3737,1866.2482628399,42.0,41.979166666666664,6.480774184291394,0.0003279226460856875,128015.45476580881,19763.118716107034
3738,1866.7483644124,32.0,31.916666666666668,5.6570076994035565,0.00032793596938778013,97325.91007400476,17250.342223710803
3739,1867.2484661191002,42.0,41.958333333333336,6.480807670001908,0.0003279493248860174,127941.51458587829,19761.613085358196
3740,1867.74856796,40.0,39.9375,6.324658258224972,0.000327962712558363,121774.5142075957,19284.686996542205
3741,1868.2486699351,38.0,37.916666666666664,6.164554818566472,0.00032797613238273195,115608.00595825,18795.74215898351
3742,1868.7487720443999,42.0,41.979166666666664,6.480774184291394,0.00032798958433715835,127989.32853768306,19759.08533006784
3743,1869.2488742879,43.0,42.979166666666664,6.557471618526288,0.00032800306839962884,131032.81891955405,19992.10449622034
3744,1869.7489766656,40.0,39.9375,6.324658258224972,0.0003280165845481521,121754.51450119365,19281.519765036533
3745,1870.2490791774999,31.0,30.979166666666668,5.567803339538653,0.0003280301327607915,94440.00283125673,16973.450861597667
3746,1870.7491818236,35.0,34.895833333333336,5.916263190468193,0.00032804371301558524,106375.55895386249,18034.98422841932
3747,1871.2492846039,27.0,26.979166666666668,5.196194186881181,0.0003280573252906064,82239.18378523459,15839.287180306621
3748,1871.7493875184,27.0,26.9375,5.196277714223262,0.000328070969563953,82108.75846711849,15838.883035368108
3749,1872.2494905670999,37.0,36.9375,6.082869559947289,0.0003280846458137269,112585.27477988595,18540.549329458394
3750,1872.74959375,38.0,37.9375,6.164519614968658,0.0003280983540180844,115628.43743467524,18788.633162813356
3751,1873.2496970671,41.0,40.958333333333336,6.403192020824892,0.00032811209415513896,124830.3066633298,19515.257544262648
3752,1873.7498005184,33.0,33.0,5.744562646538029,0.00032812586620306296,100571.16307794437,17507.19232534678
3753,1874.2499041038998,45.0,44.958333333333336,6.708268633228365,0.0003281396701400465,137009.74744731595,20443.333262221382
3754,1874.7500078236,35.0,34.916666666666664,5.91622650944934,0.0003281535059442795,106403.45458504873,18028.83834023067
3755,1875.2501116775002,30.0,29.916666666666668,5.477384057295153,0.0003281673735939869,91162.83053683446,16690.824554886578
3756,1875.7502156655999,32.0,31.916666666666668,5.6570076994035565,0.0003281812730673922,97253.16246217549,17237.448214304073
3757,1876.2503197879,36.0,35.9375,6.000108505963316,0.0003281952043427678,109500.38125013794,18282.133396735404
3758,1876.7504240444,29.0,28.9375,5.38528570117996,0.00032820916739836024,88167.86023797267,16408.090437777533
3759,1877.2505284351,38.0,37.9375,6.164519614968658,0.000328223162212476,115584.46925034827,18781.48870852095
3760,1877.7506329599998,34.0,33.979166666666664,5.830989112301427,0.00032823718876342074,103520.16112091854,17764.559629177646
3761,1878.2507376191,42.0,41.979166666666664,6.480774184291394,0.00032825124702950536,127887.30293199253,19743.334543094243
3762,1878.7508424124,31.0,30.979166666666668,5.567803339538653,0.00032826533698907624,94372.33596094725,16961.289274730625
3763,1879.2509473399,40.0,39.979166666666664,6.3245896331523195,0.0003282794586205092,121783.94236016623,19265.870791091867
3764,1879.7510524016002,39.0,38.979166666666664,6.2450327483350945,0.00032829361190214875,118732.63826493462,19022.70565714355
3765,1880.2511575975,39.0,38.979166666666664,6.2450327483350945,0.0003283077968124114,118727.5082868001,19021.883759597044
3766,1880.7512629276,29.0,28.979166666666668,5.38520510545121,0.0003283220133297068,88264.4644286013,16402.205416678204
3767,1881.2513683918999,30.0,29.916666666666668,5.477384057295153,0.0003283362614324677,91115.93869085926,16682.239218410978
3768,1881.7514739904,39.0,38.916666666666664,6.245136996985023,0.00032835054109912014,118521.70712555268,19019.725005112097
3769,1882.2515797231,36.0,35.9375,6.000108505963316,0.00032836485230816154,109443.80845692227,18272.688029145018
3770,1882.75168559,43.0,42.979166666666664,6.557471618526288,0.00032837919503804063,130882.73348647378,19969.20547224877
3771,1883.2517915911,29.0,28.895833333333332,5.385366295702539,0.0003283935692672775,87991.47132450451,16399.122271847606
3772,1883.7518977263999,24.0,23.958333333333332,4.8990680803144135,0.0003284079749743911,72952.95839025096,14917.628235722465
3773,1884.2520039959002,26.0,25.916666666666668,5.099189750451645,0.00032842241213791216,78912.60068994213,15526.314776320372
3774,1884.7521103996,20.0,19.958333333333332,4.472233005508049,0.00032843688073637585,60767.63757037733,13616.719886880626
3775,1885.2522169375,32.0,31.916666666666668,5.6570076994035565,0.00032845138074837185,97173.18463982399,17223.272700252146
3776,1885.7523236096,28.0,27.979166666666668,5.291543633740327,0.00032846591215248175,85181.34038115367,16109.871490359905
3777,1886.2524304159,22.0,21.9375,4.6905545603194225,0.0003284804749273296,66784.79140914929,14279.553636657167
3778,1886.7525373564,39.0,38.958333333333336,6.245067498078428,0.000328495069051495,118596.40221030598,19011.145330462936
3779,1887.2526444311,22.0,21.9375,4.6905545603194225,0.00032850969450364263,66778.8511786423,14278.283529521263
3780,1887.75275164,35.0,34.916666666666664,5.91622650944934,0.0003285243512624413,106283.34408846767,18008.487001693124
3781,1888.2528589831,32.0,31.9375,5.656969337315993,0.00032853903930652904,97210.6695977829,17218.56053775699
3782,1888.7529664604,23.0,22.895833333333332,4.796057770595438,0.0003285537586146273,69686.71863586467,14597.482587989229
3783,1889.2530740718998,29.0,28.916666666666668,5.385325998592017,0.00032856850916543914,88008.028341227,16390.268234380383
3784,1889.7531818176,31.0,30.895833333333332,5.567959243644738,0.0003285832909376838,94027.40244388374,16945.35113990537
3785,1890.2532896975,18.0,17.958333333333332,4.242742987214233,0.0003285981039101165,54651.36018631924,12911.647805413926
3786,1890.7533977116,36.0,35.895833333333336,6.000180842182083,0.0003286129480614671,109234.38514850916,18259.112666064964
3787,1891.2535058598999,21.0,20.979166666666668,4.582623051024138,0.0003286278233705491,63838.680643334636,13944.720212740276
3788,1891.7536141424,26.0,25.958333333333332,5.099104632732648,0.0003286427298161391,78986.48282241283,15515.647145413408
3789,1892.2537225591002,25.0,24.9375,5.000130206637956,0.00032865766737705417,75876.82404923275,15213.794482699628
3790,1892.75383111,27.0,26.916666666666668,5.196319477390811,0.00032867263603211756,81895.06431571748,15810.015522201953
3791,1893.2539397951,30.0,29.9375,5.477344437164175,0.0003286876357601931,91081.91712402005,16664.28499659289
3792,1893.7540486143998,17.0,16.9375,4.123263523391796,0.00032870266654010707,51528.33160218172,12544.052553004438
3793,1894.2541575679,21.0,20.833333333333332,4.58295452980086,0.0003287177283507884,63377.57758870009,13941.914702301052
3794,1894.7542666555998,41.0,41.0,6.4031242374328485,0.00032873282117110993,124721.34621038931,19478.20182548774
3795,1895.2543758775,25.0,24.916666666666668,5.000173608097134,0.00032874794497998006,75792.61573234787,15209.748637064886
3796,1895.7544852335998,31.0,30.979166666666668,5.567803339538653,0.00032876309975634195,94229.45181386363,16935.609086497694
3797,1896.2545947239,19.0,18.979166666666668,4.358948729656932,0.00032877828547912634,57726.33870575868,13258.018920880575
3798,1896.7547043484,34.0,33.979166666666664,5.830989112301427,0.0003287935021273348,103345.00665863905,17734.502277490894
3799,1897.2548141071,25.0,24.979166666666668,5.000043402589399,0.0003288087496799261,75968.67994231376,15206.539994621846
3800,1897.754924,24.0,23.875,4.89924526500426,0.0003288240281158998,72607.22440753276,14899.29216266834
3801,1898.2550340271,32.0,31.9375,5.656969337315993,0.00032883933741430314,97121.89621572584,17202.83644224962
3802,1898.7551441884,21.0,20.9375,4.582717761692654,0.00032885467755410923,63667.940367230985,13935.388712659018
3803,1899.2552544839,19.0,18.979166666666668,4.358948729656932,0.0003288700485144234,57710.23160181244,13254.319599328788
3804,1899.7553649136,17.0,16.9375,4.123263523391796,0.000328885450274308,51499.69384742688,12537.080980483552
3805,1900.2554754775,23.0,22.916666666666668,4.7960125219927345,0.0003289008828128235,69676.51309014112,14581.938731742872
3806,1900.7555861756,25.0,24.9375,5.000130206637956,0.0003289163461090842,75817.15015078499,15201.82947970508
3807,1901.2556970079002,33.0,32.979166666666664,5.744600423682902,0.0003289318401422093,100261.39960305624,17464.40971235652
3808,1901.7558079743999,25.0,25.0,5.0,0.00032894736489132853,76000.00081550746,15200.000163101493
3809,1902.2559190751,30.0,29.979166666666668,5.477265196042436,0.0003289629203356195,91132.35812741713,16650.099015580046
3810,1902.75603031,23.0,23.0,4.795831523312719,0.0003289785064542218,69913.3820257662,14577.947887851062
3811,1903.2561416791,30.0,29.979166666666668,5.477265196042436,0.000328994123226335,91123.71483317403,16648.519865123224
3812,1903.7562531823999,28.0,27.9375,5.291625656009062,0.0003290097706311693,84913.8916039027,16083.490912314417
3813,1904.2563648199,28.0,27.9375,5.291625656009062,0.00032902544864791525,84909.8454688089,16082.724536215264
3814,1904.7564765916002,26.0,25.979166666666668,5.099062073340329,0.0003290411572558598,78954.1554112195,15496.730305307488
3815,1905.2565884975,24.0,23.895833333333332,4.899200969432555,0.00032905689643421537,72619.1536852064,14888.613557479404
3816,1905.7567005376002,20.0,19.895833333333332,4.472378577322015,0.00032907266616225423,60460.30369329853,13590.854048986375
3817,1906.2568127119,21.0,20.979166666666668,4.582623051024138,0.0003290884664192894,63749.32216535736,13925.201028423306
3818,1906.7569250204,31.0,30.958333333333332,5.567842315974435,0.00032910429718459083,94068.45671167021,16918.169600354675
3819,1907.2570374631,27.0,27.0,5.196152422706632,0.0003291201584375056,82036.90751785673,15788.010212973006
3820,1907.75715004,18.0,17.9375,4.2427941363367285,0.0003291360501573734,54498.73993269151,12890.700165807044
3821,1908.2572627511,33.0,32.916666666666664,5.744713753626991,0.0003291519723235273,100004.46430353602,17453.074071148036
3822,1908.7573755964,32.0,31.979166666666668,5.65689261236041,0.0003291679249153528,97151.5273697772,17185.430852095047
3823,1909.2574885759002,22.0,21.9375,4.6905545603194225,0.000329183907912235,66642.0790102803,14249.039663172081
3824,1909.7576016896,26.0,25.958333333333332,5.099104632732648,0.000329199921293569,78852.79325502814,15489.385941211827
3825,1910.2577149375002,29.0,28.916666666666668,5.385325998592017,0.00032921596503877957,87834.94647126383,16358.034149278452
3826,1910.7578283195999,24.0,24.0,4.898979485566356,0.0003292320391273263,72896.9150864394,14880.020482064134
3827,1911.2579418359,26.0,25.979166666666668,5.099062073340329,0.00032924814353860725,78904.51981734677,15486.98807694999
3828,1911.7580554863998,24.0,24.0,4.898979485566356,0.00032926427825215185,72889.77755923073,14878.563540423595
3829,1912.2581692711,31.0,30.958333333333332,5.567842315974435,0.00032928044324740383,94018.13550789254,16909.119354504313
3830,1912.75828319,24.0,23.958333333333332,4.8990680803144135,0.00032929663850390884,72756.08230373399,14877.370454105805
3831,1913.2583972431,25.0,24.979166666666668,5.000043402589399,0.0003293128640011382,75852.3865820812,15183.261722117593
3832,1913.7585114304002,24.0,23.9375,4.899112377087643,0.0003293291197186591,72685.6465667216,14876.037628475977
3833,1914.2586257519,18.0,17.916666666666668,4.242845284842603,0.00032934540563603093,54400.83984795856,12882.66121899843
3834,1914.7587402076,26.0,25.979166666666668,5.099062073340329,0.0003293617217327942,78877.31011967183,15481.647492349202
3835,1915.2588547975,29.0,28.9375,5.38528570117996,0.00032937806798857247,87854.96914446643,16349.861221988825
3836,1915.7589695216,39.0,38.979166666666664,6.2450327483350945,0.00032939444438292753,118335.83514041486,18959.13199153754
3837,1916.2590843798998,36.0,35.958333333333336,6.000072337526904,0.00032941085089550475,109159.52900634712,18214.555838751767
3838,1916.7591993724,27.0,26.979166666666668,5.196194186881181,0.00032942728750592985,81897.18244327599,15773.41763707916
3839,1917.2593144991001,33.0,32.979166666666664,5.744600423682902,0.00032944375419383326,100105.60603089433,17437.272221900977
3840,1917.7594297599999,22.0,22.0,4.69041575982343,0.00032946025093892926,66775.88551973164,14236.666628087021
3841,1918.2595451551,27.0,26.979166666666668,5.196194186881181,0.0003294767777208572,81884.88078976006,15771.048335562986
3842,1918.7596606844,24.0,23.958333333333332,4.8990680803144135,0.000329493334519347,72712.64946310033,14868.489183433703
3843,1919.2597763479,23.0,22.958333333333332,4.795922023506591,0.0003295099213141023,69674.17928350787,14554.712053525463
3844,1919.7598921456,26.0,25.979166666666668,5.099062073340329,0.0003295265380848435,78837.8587583674,15473.904174684312
3845,1920.2600080775,26.0,25.958333333333332,5.099104632732648,0.0003295431848113569,78770.65747298909,15473.251663971054
3846,1920.7601241435998,22.0,21.958333333333332,4.690508293943798,0.00032955986147336654,66629.27103793525,14232.644330453035
3847,1921.2602403439,30.0,29.958333333333332,5.477304816746605,0.0003295765680506911,90899.4638500075,16619.217953335075
3848,1921.7603566784,20.0,19.9375,4.472281529972519,0.0003295933045231072,60491.216679440215,13569.090963311652
3849,1922.2604731471,27.0,26.958333333333332,5.196235950720055,0.00032961007087041266,81788.56083536384,15764.79728607253
3850,1922.76058975,25.0,24.916666666666668,5.000173608097134,0.0003296268670724775,75590.52114883602,15169.193131935173
3851,1923.2607064871,20.0,20.0,4.47213595499958,0.0003296436931091339,60671.568781929265,13566.575209794795
3852,1923.7608233584,12.0,11.979166666666666,3.4641642610848833,0.0003296605489602122,36337.88363348406,10508.276686462063
3853,1924.2609403638999,24.0,23.979166666666668,4.899023783140655,0.00032967743460562683,72735.23799210429,14860.051883748309
3854,1924.7610575036001,31.0,30.9375,5.567881292137372,0.00032969435002526534,93836.9128789413,16888.009429675367
3855,1925.2611747775,22.0,21.9375,4.6905545603194225,0.0003297112951990457,66535.48216101118,14226.24771616559
3856,1925.7612921856,20.0,19.9375,4.472281529972519,0.0003297282701068955,60466.45619296279,13563.536813275483
3857,1926.2614097279002,27.0,26.895833333333332,5.196361240222709,0.00032974527472872284,81565.4852232839,15758.713281024839
3858,1926.7615274043999,28.0,27.9375,5.291625656009062,0.0003297623090445196,84720.11274104795,16046.787370398553
3859,1927.2616452151,27.0,26.916666666666668,5.196319477390811,0.00032977937303426975,81620.2251190209,15756.957233498119
3860,1927.7617631599999,33.0,32.979166666666664,5.744600423682902,0.0003297964666779497,99998.54455345402,17418.623315005298
3861,1928.2618812391001,26.0,25.916666666666668,5.099189750451645,0.00032981358995556507,78579.74157510718,15460.823646286515
3862,1928.7619994524,16.0,15.958333333333334,4.000108505472765,0.00032983074284712575,48383.40172774589,12127.761260043571
3863,1929.2621177999001,30.0,29.958333333333332,5.477304816746605,0.00032984792533271277,90824.68323278008,16605.545756341282
3864,1929.7622362815998,32.0,31.979166666666668,5.65689261236041,0.00032986513739233345,96946.18509694596,17149.107229334884
3865,1930.2623548975,29.0,28.979166666666668,5.38520510545121,0.0003298823790060838,87846.96761912288,16324.621890009752
3866,1930.7624736476,28.0,27.958333333333332,5.291584645033618,0.00032989965015406506,84747.99327697567,16039.982590349571
3867,1931.2625925319,28.0,27.916666666666668,5.291666666666667,0.00032991695081636426,84617.25472907095,16039.390075510464
3868,1931.7627115504001,25.0,25.0,5.0,0.00032993428097309753,75772.66577533503,15154.533155067007
3869,1932.2628307031,22.0,21.9375,4.6905545603194225,0.000329951640604404,66487.01597547745,14215.884945221927
3870,1932.76294999,19.0,18.979166666666668,4.358948729656932,0.0003299690296904207,57518.02429601669,13210.175311745254
3871,1933.2630694110999,18.0,17.833333333333332,4.243049872700322,0.00032998644821135605,54042.623356190365,12858.254924404204
3872,1933.7631889664,24.0,23.875,4.89924526500426,0.0003300038961473503,72347.63067566801,14846.022493069882
3873,1934.2633086559,16.0,15.979166666666666,4.000054253104297,0.0003300213734786149,48418.581191384874,12120.591496670131
3874,1934.7634284796,23.0,22.9375,4.795967272963122,0.0003300388801853599,69499.38742707405,14531.522074822098
3875,1935.2635484375,20.0,19.9375,4.472281529972519,0.00033005641624785396,60406.33969990163,13550.051778463489
3876,1935.7636685296,25.0,24.9375,5.000130206637956,0.00033007398164628597,75551.24422597942,15148.513620186513
3877,1936.2637887559001,33.0,32.958333333333336,5.744638200579351,0.0003300915763609518,99846.0296887241,17403.165097123372
3878,1936.7639091163999,22.0,21.958333333333332,4.690508293943798,0.0003301092003721158,66518.39242463035,14208.959606870754
3879,1937.2640296111,23.0,22.9375,4.795967272963122,0.00033012685366008905,69480.86696278669,14527.649658883036
3880,1937.76415024,16.0,15.979166666666666,4.000054253104297,0.00033014453620516885,48400.518301282405,12116.069825303597
3881,1938.2642710031,25.0,24.958333333333332,5.000086804802049,0.0003301622479876631,75594.14647027096,15144.332325326553
3882,1938.7643919004001,27.0,26.958333333333332,5.196235950720055,0.0003301799889879511,81647.38697812814,15737.585935014602
3883,1939.2645129319,21.0,21.0,4.58257569495584,0.00033019775918635577,63598.25109578681,13878.276176821488
3884,1939.7646340976,22.0,21.979166666666668,4.6904620271118045,0.0003302155585632529,66560.05780677518,14204.242972438093
3885,1940.2647553975,35.0,34.916666666666664,5.91622650944934,0.00033023338709905917,105733.30266025709,17915.28882473251
3886,1940.7648768316,23.0,23.0,4.795831523312719,0.0003302512447741349,69643.94643154227,14521.766682795336
3887,1941.2649983999,17.0,16.916666666666668,4.123316154639505,0.00033026913156891793,51220.85308519556,12484.715525947007
3888,1941.7651201024,31.0,30.9375,5.567881292137372,0.0003302870474638686,93668.523296798,16857.704033175763
3889,1942.2652419391,22.0,22.0,4.69041575982343,0.00033030499243938443,66605.10892531334,14200.256935820267
3890,1942.76536391,12.0,11.979166666666666,3.4641642610848833,0.00033032296647599594,36265.01297946285,10487.203775268283
3891,1943.2654860151001,14.0,13.9375,3.7418313809327826,0.0003303409695541275,42191.254747517145,11327.179265663779
3892,1943.7656082544,31.0,30.9375,5.567881292137372,0.0003303590016542938,93648.12172539115,16854.03232318735
3893,1944.2657306279,23.0,22.9375,4.795967272963122,0.00033037706275702546,69428.24604282319,14516.6472301084
3894,1944.7658531355999,20.0,19.979166666666668,4.472184480517075,0.0003303951528428153,60470.51990551359,13535.865892816853
3895,1945.2659757775,22.0,21.9375,4.6905545603194225,0.00033041327189225155,66394.12477097429,14196.0234631526
3896,1945.7660985536,31.0,30.958333333333332,5.567842315974435,0.0003304314198858598,93690.64644042385,16850.22059311951
3897,1946.2662214639,36.0,35.9375,6.000108505963316,0.00033044959680419446,108753.3480069413,18157.409069313035
3898,1946.7663445084,21.0,20.979166666666668,4.582623051024138,0.0003304678026279114,63483.2395163412,13867.078773129133
3899,1947.2664676871,27.0,26.979166666666668,5.196194186881181,0.00033048603733756154,81634.81544943423,15722.885689036659
3900,1947.766591,19.0,18.958333333333332,4.3589985152045605,0.00033050430091377325,57361.83547662654,13188.93128819464
3901,1948.2667144471,30.0,29.9375,5.477344437164175,0.00033052259333722124,90576.25894111197,16571.770122763806
3902,1948.7668380284001,16.0,15.9375,4.000162757105432,0.00033054091458851196,48216.421316073625,12101.868726554492
3903,1949.2669617438999,15.0,14.9375,3.8731514407951226,0.00033055926464831115,45188.56857904835,11716.965322136255
3904,1949.7670855936,17.0,16.979166666666668,4.123158258880901,0.00033057764349733677,51362.11416790336,12472.586516317515
3905,1950.2672095775,24.0,23.9375,4.899112377087643,0.00033059605111625696,72407.0959685546,14819.028722653518
3906,1950.7673336956,13.0,13.0,3.605551275463989,0.0003306144874858107,39320.72093651956,10905.605809602437
3907,1951.2674579478999,20.0,19.979166666666668,4.472184480517075,0.00033063295258668084,60427.02794854908,13526.130549085603
3908,1951.7675823344,14.0,13.895833333333334,3.7419473725439927,0.00033065144639967537,42025.62391496914,11316.894008142062
3909,1952.2677068551002,14.0,13.958333333333334,3.741773383778814,0.0003306699689054921,42212.280055352494,11315.733920936256
3910,1952.76783151,19.0,18.979166666666668,4.358948729656932,0.0003306885200849476,57392.8803509456,13181.433478662038
3911,1953.2679562991,18.0,17.979166666666668,4.242691837475093,0.0003307070999188149,54365.83209456454,12829.152559822964
3912,1953.7680812224,17.0,16.895833333333332,4.12336878521542,0.00033072570838788294,51087.14836742446,12467.639136112864
3913,1954.2682062799001,17.0,16.958333333333332,4.1232108914722705,0.00033074434547299375,51273.237367312846,12466.459209077975
3914,1954.7683314715998,25.0,24.916666666666668,5.000173608097134,0.0003307630111549872,75330.87384729167,15117.088185396216
3915,1955.2684567975,20.0,19.9375,4.472281529972519,0.00033078170541468976,60273.889618547786,13520.341230376607
3916,1955.7685822576,24.0,23.916666666666668,4.899156673460353,0.00033080042823298647,72299.38242347706,14810.007047541732
3917,1956.2687078519,14.0,13.9375,3.7418313809327826,0.0003308191795907543,42130.2658970427,11310.805454392581
3918,1956.7688335804,18.0,17.958333333333332,4.242742987214233,0.0003308379594688871,54281.356837537205,12824.232727179638
3919,1957.2689594431,17.0,16.9375,4.123263523391796,0.00033085676784829464,51192.84731623271,12462.38228768047
3920,1957.76908544,18.0,17.958333333333332,4.242742987214233,0.0003308756047098913,54275.18099764119,12822.773655175426
3921,1958.2692115711,24.0,23.958333333333332,4.8990680803144135,0.00033089447003463186,72404.755905488,14805.53023385876
3922,1958.7693378364,18.0,18.0,4.242640687119285,0.00033091336380348723,54394.90201637578,12821.001359252372
3923,1959.2694642359,19.0,18.895833333333332,4.359147868435859,0.0003309322859973849,57098.79069787302,13172.325738173236
3924,1959.7695907696,14.0,13.9375,3.7418313809327826,0.00033095123659737663,42113.45497087797,11306.292187948402
3925,1960.2697174375,15.0,14.895833333333334,3.8732634998007676,0.00033097021558439223,45006.5674551163,11702.755466868124
3926,1960.7698442396,16.0,15.958333333333334,4.000108505472765,0.0003309892229395166,48214.05721795808,12085.31344298097
3927,1961.2699711759,15.0,14.979166666666666,3.8730393785472645,0.00033100825864371776,45253.15086711948,11700.733372686112
3928,1961.7700982464,23.0,22.958333333333332,4.795922023506591,0.0003310273226780832,69354.79871448499,14487.99447944821
3929,1962.2702254511,28.0,27.979166666666668,5.291543633740327,0.00033104641502366825,84517.35284511777,15984.295233530944
3930,1962.7703527899998,30.0,29.958333333333332,5.477304816746605,0.00033106553566155067,90490.64341133904,16544.47300230632
3931,1963.2704802631001,17.0,16.9375,4.123263523391796,0.00033108468457279975,51157.6064651089,12453.803257955178
3932,1963.7706078704,15.0,14.958333333333334,3.8730954100764876,0.0003311038617385445,45177.16360899817,11697.524123517682
3933,1964.2707356119,19.0,18.979166666666668,4.358948729656932,0.00033112306713991733,57317.56120345113,13164.13491608255
3934,1964.7708634876,13.0,12.958333333333334,3.605671651101297,0.0003311423007580307,39132.2199056717,10888.586697765322
3935,1965.2709914975,20.0,19.958333333333332,4.472233005508049,0.00033116156257403804,60267.66264237334,13504.686264753896
3936,1965.7711196416,23.0,23.0,4.795831523312719,0.0003311808525691086,69448.45941901341,14481.004822922114
3937,1966.2712479199,25.0,24.895833333333332,5.0002170091795906,0.00033120017072442817,75168.54015769111,15097.26579621836
3938,1966.7713763324,16.0,15.979166666666666,4.000054253104297,0.0003312195170211984,48243.43326858961,12076.746832670156
3939,1967.2715048791,16.0,15.9375,4.000162757105432,0.0003312388914406078,48114.821090861085,12076.368024624531
3940,1967.77163356,22.0,21.958333333333332,4.690508293943798,0.0003312582939639266,66287.64844065928,14159.670503086587
3941,1968.2717623750998,21.0,20.9375,4.582717761692654,0.0003312777245723515,63202.25734171638,13833.461841144055
3942,1968.7718913244,14.0,14.0,3.7416573867739413,0.0003312971832471254,42258.13169548424,11293.960757833902
3943,1969.2720204079,16.0,15.979166666666666,4.000054253104297,0.00033131666996958584,48229.286706683124,12073.20553315803
3944,1969.7721496256,15.0,14.979166666666666,3.8730393785472645,0.00033133618472095967,45208.36346106183,11689.153063101181
3945,1970.2722789775,26.0,25.9375,5.09914719176975,0.0003313557274825688,78276.90258157515,15388.740163056316
3946,1970.7724084636,14.0,13.979166666666666,3.741715385725881,0.0003313752982357211,42185.300899292444,11291.473461200005
3947,1971.2725380839001,18.0,18.0,4.242640687119285,0.00033139489696174055,54315.8635362997,12802.371810840215
3948,1971.7726678384,23.0,22.958333333333332,4.795922023506591,0.00033141452364198544,69273.76954105473,14471.067745623135
3949,1972.2727977271,18.0,17.979166666666668,4.242691837475093,0.0003314341782578184,54246.567934466024,12801.00881501351
3950,1972.7729277499998,13.0,12.979166666666666,3.6056114637849954,0.00033145386079058795,39158.29079712209,10878.170057168274
3951,1973.2730579070999,15.0,14.895833333333334,3.8732634998007676,0.0003314735712217071,44938.223214695485,11684.984373038065
3952,1973.7731881984,21.0,20.916666666666668,4.5827651162929035,0.00033149330953256275,63098.307160893135,13824.608173103223
3953,1974.2733186239,15.0,15.0,3.872983346207417,0.0003315130757045764,45247.084049761754,11682.746865944968
3954,1974.7734491836,17.0,16.9375,4.123263523391796,0.00033153286971917916,51088.448678849556,12436.967492497368
3955,1975.2735798775,15.0,14.958333333333334,3.8730954100764876,0.000331552691557819,45116.00633688347,11681.688940236107
3956,1975.7737107056,15.0,14.958333333333334,3.8730954100764876,0.0003315725412019774,45113.30545981932,11680.989614025944
3957,1976.2738416679,23.0,22.916666666666668,4.7960125219927345,0.00033159241863309284,69110.94880014121,14463.577128099314
3958,1976.7739727644,17.0,16.979166666666668,4.123158258880901,0.00033161232383267894,51201.85664521267,12433.670170115016
3959,1977.2741039951002,23.0,22.958333333333332,4.795922023506591,0.0003316322567822482,69228.2878514074,14461.566766877035
3960,1977.77423536,20.0,19.958333333333332,4.472233005508049,0.00033165221746328684,60178.50109970296,13484.707081758364
3961,1978.2743668591002,16.0,15.9375,4.000162757105432,0.00033167220585736363,48051.96129956683,12060.590807617178
3962,1978.7744984924,11.0,10.958333333333334,3.3167556520726027,0.00033169222194603346,33037.65541754627,9999.497825463755
3963,1979.2746302599,20.0,19.979166666666668,4.472184480517075,0.0003317122657108005,60230.412715836304,13482.119724858465
3964,1979.7747621616,21.0,20.958333333333332,4.5826704066030715,0.0003317323371333064,63178.44535280032,13814.361440324488
3965,1980.2748941975,19.0,18.979166666666668,4.358948729656932,0.0003317524361951178,57208.823797466284,13139.161175875279
3966,1980.7750263675998,19.0,18.979166666666668,4.358948729656932,0.00033177256287783016,57205.353275868794,13138.364100536077
3967,1981.2751586719,17.0,16.9375,4.123263523391796,0.0003317927171631089,51048.43814782572,12427.227332313038
3968,1981.7752911104,13.0,12.9375,3.605731837412945,0.0003318128990325332,38990.34678194207,10866.762105771584
3969,1982.2754236831,12.0,11.958333333333334,3.4642269058991437,0.0003318331084677768,36037.19167309842,10439.66625842443
3970,1982.77555639,22.0,21.979166666666668,4.6904620271118045,0.0003318533454505233,66231.56574428323,14134.141154262117
3971,1983.2756892311,14.0,13.979166666666666,3.741715385725881,0.00033187360996241825,42121.959224928076,11274.519194670518
3972,1983.7758222064,17.0,16.958333333333332,4.1232108914722705,0.0003318939019851838,51095.64602392235,12423.280050672147
3973,1984.2759553158999,15.0,14.9375,3.8731514407951226,0.00033191422150049746,45004.097542044045,11669.133739692192
3974,1984.7760885596,16.0,16.0,4.0,0.00033193456849011955,48202.27092580224,12050.56773145056
3975,1985.2762219375,15.0,14.979166666666666,3.8730393785472645,0.00033195494293574194,45124.09586130565,11667.364685986877
3976,1985.7763554496,10.0,9.979166666666666,3.162346285241036,0.000331975344819157,30059.963254508555,9525.846827461597
3977,1986.2764890959002,15.0,14.958333333333334,3.8730954100764876,0.0003319957741221127,45055.794378368955,11666.098522844177
3978,1986.7766228763999,14.0,13.916666666666666,3.741889377187828,0.0003320162308263733,41915.62151051687,11270.200158210446
3979,1987.2767567911,14.0,13.958333333333334,3.741773383778814,0.00033203671491376704,42038.52377276543,11269.155535256354
3980,1987.7768908399999,9.0,8.9375,3.0002170060402853,0.00033205722636606643,26915.541329454834,9035.240819402577
3981,1988.2770250231001,19.0,18.979166666666668,4.358948729656932,0.00033207776516511395,57152.777624933566,13126.289041031092
3982,1988.7771593404,20.0,20.0,4.47213595499958,0.0003320983312927437,60223.12705440865,13466.300591126443
3983,1989.2772937919,6.0,5.958333333333333,2.4496669274731113,0.0003321189247308066,17940.360785410707,7375.872752384248
3984,1989.7774283775998,16.0,15.916666666666666,4.00021700800233,0.0003321395454611386,47921.62476337515,12043.78419452726
3985,1990.2775630975,15.0,14.958333333333334,3.8730954100764876,0.0003321601934656706,45033.49175366887,11660.323802396808
3986,1990.7776979516002,13.0,12.9375,3.605731837412945,0.0003321808687262712,38947.15565531547,10854.724569897478
3987,1991.2778329399,18.0,17.9375,4.2427941363367285,0.0003322015712248548,53995.831307669454,12771.746144044995
3988,1991.7779680624,13.0,12.958333333333334,3.605671651101297,0.0003322223009433158,39005.00748004964,10853.189689142817
3989,1992.2781033191,11.0,10.979166666666666,3.316690221859403,0.00033224305786360694,33045.586376627485,9982.72241769752
3990,1992.77823871,15.0,14.979166666666666,3.8730393785472645,0.0003322638419676907,45082.14489412676,11656.517770970333
3991,1993.2783742350998,10.0,10.0,3.1622776601683795,0.00033228465323751586,30094.679072800984,9516.773132185539
3992,1993.7785098944,14.0,13.979166666666666,3.741715385725881,0.0003323054916550766,42067.215311556254,11259.866236606384
3993,1994.2786456878998,8.0,8.0,2.8284271247461903,0.0003323263572023477,24072.721969292794,8510.992473052658
3994,1994.7787816155999,12.0,11.916666666666666,3.4643521921293035,0.00033234724986133766,35856.07123765445,10423.893062375888
3995,1995.2789176775,15.0,14.958333333333334,3.8730954100764876,0.00033236816961410687,45005.31248434703,11653.0274682239
3996,1995.7790538735999,12.0,11.958333333333334,3.4642269058991437,0.000332389116442612,35976.91001834585,10422.203178536542
3997,1996.2791902039,11.0,11.0,3.3166247903554,0.000332410090328975,33091.65491671349,9977.509368241646
3998,1996.7793266684,14.0,14.0,3.7416573867739413,0.0003324310912552208,42113.99104439252,11255.437548413063
3999,1997.2794632671,16.0,15.979166666666666,4.000054253104297,0.0003324521192034193,48064.56552286077,12031.970987848516
4000,1997.7795999999998,19.0,18.9375,4.359048300183577,0.00033247317415569286,56959.48266530465,13110.977483381235
4001,1998.2797368671,11.0,10.958333333333334,3.3167556520726027,0.00033249425609411994,32957.96282938293,9975.377292333498
4002,1998.7798738684,11.0,10.958333333333334,3.3167556520726027,0.0003325153650008484,32955.870575500696,9974.744030442444
4003,1999.2800110039,16.0,15.916666666666666,4.00021700800233,0.0003325365008579767,47864.41977226593,12029.407291173686
4004,1999.7801482736002,10.0,9.9375,3.16248353091891,0.00033255766364766637,29882.035767873465,9509.579470312417
4005,2000.2802856775,10.0,10.0,3.1622776601683795,0.0003325800084422017,30067.95281183558,9508.321546386467
4006,2000.7804232156,13.0,12.979166666666666,3.6056114637849954,0.000332603285998542,39022.965836614014,10840.576793943043
4007,2001.2805608879,11.0,10.979166666666666,3.316690221859403,0.0003326265902166455,33007.48343515094,9971.211921750408
4008,2001.7806986944,11.0,10.958333333333334,3.3167556520726027,0.0003326499210793943,32942.54000654906,9970.70927090641
4009,2002.2808366350998,18.0,17.979166666666668,4.242691837475093,0.00033267327856961325,54044.51702274144,12753.329199499538
4010,2002.78097471,15.0,14.916666666666666,3.8732074707032043,0.00033269666267019053,44835.63660346627,11641.858501426566
4011,2003.2811129191,10.0,9.958333333333334,3.1624149088245135,0.0003327200733639636,29930.064731741866,9504.731340225262
4012,2003.7812512624,16.0,15.979166666666666,4.000054253104297,0.00033274351063385034,48022.47423616949,12021.434303811086
4013,2004.2813897399,7.0,6.9375,2.6459973702430872,0.00033276697446277877,20847.92221704076,7951.5023223527605
4014,2004.7815283516,15.0,14.958333333333334,3.8730954100764876,0.00033279046483365515,44948.20289039903,11638.24033243395
4015,2005.2816670975,9.0,8.958333333333334,3.0001446724375733,0.0003328139817294013,26916.938064870792,9014.479069803263
4016,2005.7818059776,11.0,11.0,3.3166247903554,0.0003328375251329536,33049.15813085077,9964.696105195944
4017,2006.2819449919,8.0,7.979166666666667,2.8285038497017783,0.00033286109502729435,23971.460726019606,8497.550155177621
4018,2006.7820841404,13.0,12.958333333333334,3.605671651101297,0.0003328846913953844,38927.39338362079,10831.593474566405
4019,2007.2822234231,17.0,16.958333333333332,4.1232108914722705,0.00033290831422021157,50939.95135884701,12385.424801210753
4020,2007.7823628400001,12.0,11.916666666666666,3.4643521921293035,0.00033293196348477315,35793.098811948956,10405.586041869325
4021,2008.2825023911,15.0,14.958333333333334,3.8730954100764876,0.0003329556391720694,44925.90475574724,11632.466774575025
4022,2008.7826420764002,11.0,10.958333333333334,3.3167556520726027,0.0003329793412651216,32909.94958335327,9960.845136731074
4023,2009.2827818959,19.0,18.916666666666668,4.359098084594004,0.0003330030697469838,56806.2831403914,13090.263966353383
4024,2009.7829218496001,17.0,16.958333333333332,4.1232108914722705,0.00033302682460068373,50921.82395117043,12381.017344222082
4025,2010.2830619375,20.0,19.958333333333332,4.472233005508049,0.00033305060580929345,59925.82804296588,13428.088487155834
4026,2010.7832021596,15.0,14.9375,3.8731514407951226,0.00033307441335589486,44847.33561337557,11628.4868650556
4027,2011.2833425159,23.0,22.979166666666668,4.795876773623127,0.0003330982472235726,68986.15305905003,14397.78447829591
4028,2011.7834830064,24.0,23.979166666666668,4.899023783140655,0.0003331221073954017,71983.11410237454,14706.390462779234
4029,2012.2836236311,13.0,12.9375,3.605731837412945,0.0003331459938545396,38834.32560695554,10823.278394238483
4030,2012.78376439,17.0,16.979166666666668,4.123158258880901,0.00033316990658407953,50962.485900213695,12375.542260568396
4031,2013.2839052831,19.0,18.979166666666668,4.358948729656932,0.00033319384556717847,56961.336228643195,13082.320660025762
4032,2013.7840463103998,16.0,15.958333333333334,4.000108505472765,0.00033321781078697805,47891.597677938335,12004.485882748879
4033,2014.2841874719,11.0,10.958333333333334,3.3167556520726027,0.00033324180222663513,32884.029734903,9952.999983528187
4034,2014.7843287675998,10.0,10.0,3.1622776601683795,0.00033326581986934566,30006.077442686514,9488.75483662899
4035,2015.2844701975,13.0,12.9375,3.605731837412945,0.00033328986369828467,38817.56215578117,10818.606354848776
4036,2015.7846117616,13.0,12.958333333333334,3.605671651101297,0.0003333139336966657,38877.262614308056,10817.644528424245
4037,2016.2847534599,15.0,14.958333333333334,3.8730954100764876,0.00033333802984771195,44874.367740660025,11619.122522101487
4038,2016.7848952924,5.0,4.895833333333333,2.2365531826649887,0.0003333621521346313,14686.230281343116,6709.0795051075165
4039,2017.2850372591,15.0,14.958333333333334,3.8730954100764876,0.00033338630054067066,44867.870422613625,11617.440200138033
4040,2017.78517936,14.0,13.979166666666666,3.741715385725881,0.0003334104750491041,41927.79685343672,11222.548977127393
4041,2018.2853215951,18.0,17.979166666666668,4.242691837475093,0.00033343467564316047,53921.106531546975,12724.207010837687
4042,2018.7854639644,15.0,14.916666666666666,3.8732074707032043,0.0003334589023061676,44733.148713393246,11615.246868254222
4043,2019.2856064679,11.0,10.979166666666666,3.316690221859403,0.00033348315502137874,32922.70239545629,9945.600465627052
4044,2019.7857491056,11.0,10.9375,3.3168210809950742,0.0003335074337720977,32795.370934592545,9945.268815991742
4045,2020.2858918775,15.0,14.958333333333334,3.8730954100764876,0.00033353173854167945,44848.30558775768,11612.374363564475
4046,2020.7860347836,18.0,17.895833333333332,4.242896432731877,0.0003335560693134096,53651.64954176981,12720.189566526064
4047,2021.2861778239,11.0,10.958333333333334,3.3167556520726027,0.0003335804260706678,32850.648529994534,9942.896503675429
4048,2021.7863209984,12.0,11.895833333333334,3.4644148335453258,0.00033360480879680523,35658.458810103504,10384.786856161478
4049,2022.2864643071,9.0,8.979166666666666,3.000072337090854,0.00033362921747515296,26913.610068744623,8992.23503203608
4050,2022.78660775,13.0,13.0,3.605551275463989,0.000333653652089141,38962.558685036776,10806.269474013452
4051,2023.2867513271,13.0,12.979166666666666,3.6056114637849954,0.00033367811262212984,38897.267083756204,10805.657690434527
4052,2023.7868950384,12.0,11.958333333333334,3.4642269058991437,0.00033370259905753135,35835.30175403783,10381.180475318684
4053,2024.2870388839,7.0,7.0,2.6457513110645907,0.0003337271113787665,20975.2212551149,7927.888447941445
4054,2024.7871828636,12.0,11.9375,3.4642895495805965,0.0003337516495692705,35767.61347968217,10379.842478835688
4055,2025.2873269775,10.0,9.958333333333334,3.1624149088245135,0.0003337762136124706,29835.359522938965,9474.656311178069
4056,2025.7874712256,7.0,6.958333333333333,2.6459153530594204,0.0003338008034918618,20845.765679838994,7926.629670691997
4057,2026.2876156078999,7.0,6.916666666666667,2.646079384884571,0.00033382541919088887,20719.412809938123,7926.536545054059
4058,2026.7877601244,16.0,15.9375,4.000162757105432,0.0003338500606930171,47738.496638030876,11981.914122770446
4059,2027.2879047750998,9.0,9.0,3.0,0.0003338747279817572,26956.21814326647,8985.40604775549
4060,2027.78804956,6.0,6.0,2.449489742783178,0.00033389942104061635,17969.483089550326,7336.010751828216
4061,2028.2881944791,12.0,11.9375,3.4642895495805965,0.0003339241398531108,35749.1375294136,10374.480716202475
4062,2028.7883395324,14.0,13.979166666666666,3.741715385725881,0.0003339488844027717,41860.19872971506,11204.45541364062
4063,2029.2884847199,11.0,10.958333333333334,3.3167556520726027,0.0003339736546731333,32811.96938740115,9931.189498521306
4064,2029.7886300416,20.0,19.9375,4.472281529972519,0.00033399845064778033,59693.39067690822,13390.126574834878
4065,2030.2887754975,14.0,14.0,3.7416573867739413,0.0003340232723102712,41913.24725121406,11201.786512941977
4066,2030.7889210875999,13.0,13.0,3.605551275463989,0.00033404811964414256,38916.54895063844,10793.508669663937
4067,2031.2890668119,16.0,15.979166666666666,4.000054253104297,0.00033407299263304806,47831.36326203561,11973.593619697449
4068,2031.7892126703998,12.0,11.979166666666666,3.4641642610848833,0.0003340978912605546,35855.25973082067,10368.710344188517
4069,2032.2893586631,16.0,15.979166666666666,4.000054253104297,0.00033412281551030974,47824.230866310325,11971.80817177949
4070,2032.78950479,10.0,9.9375,3.16248353091891,0.0003341477653659338,29739.83677286361,9464.326440895373
4071,2033.2896510511,11.0,11.0,3.3166247903554,0.00033417274081105045,32917.10740170657,9924.881312299203
4072,2033.7897974464001,10.0,9.9375,3.16248353091891,0.00033419774182933955,29735.389430233357,9462.911130422464
4073,2034.2899439758999,13.0,12.958333333333334,3.605671651101297,0.00033422276840444875,38771.54568252582,10788.22866651027
4074,2034.7900906396,9.0,8.979166666666666,3.000072337090854,0.00033424782052008783,26863.800196797485,8975.592817397455
4075,2035.2902374374999,13.0,12.916666666666666,3.605792022719989,0.0003342728981599095,38641.082593802115,10786.970892851296
4076,2035.7903843696001,6.0,5.9375,2.449755515012331,0.0003342980013076421,17761.099308924488,7328.059113215911
4077,2036.2905314359,15.0,14.958333333333334,3.8730954100764876,0.000334323129947016,44742.14313470908,11584.886186876454
4078,2036.7906786364001,14.0,13.958333333333334,3.741773383778814,0.00033434828406172867,41747.88386458802,11191.244466168677
4079,2037.2908259711,4.0,3.9791666666666665,2.000108504001165,0.0003343734636355649,11900.366205506001,5981.660393305288
4080,2037.79097344,11.0,11.0,3.3166247903554,0.00033439866865223354,32894.8678065454,9918.175822059295
4081,2038.2911210431,14.0,13.979166666666666,3.741715385725881,0.00033442389909551904,41800.74063030376,11188.540639128074
4082,2038.7912687804,12.0,11.958333333333334,3.4642269058991437,0.00033444915494917833,35755.31035547236,10358.007651194559
4083,2039.2914166519001,15.0,14.958333333333334,3.8730954100764876,0.0003344744361970551,44721.903124819546,11579.645530203268
4084,2039.7915646576,17.0,16.9375,4.123263523391796,0.00033449974282291845,50635.31546260883,12326.656781839798
4085,2040.2917127975,9.0,8.979166666666666,3.000072337090854,0.0003345250748105696,26841.53548654393,8968.15384852599
4086,2040.7918610716,13.0,12.895833333333334,3.6058522070224797,0.00033455043214387296,38546.754373306256,10778.20220979953
4087,2041.2920094799,15.0,14.9375,3.8731514407951226,0.0003345758148066239,44646.084202570004,11576.304291551089
4088,2041.7921580224001,15.0,14.958333333333334,3.8730954100764876,0.0003346012227827045,44704.95716941094,11575.25778855787
4089,2042.2923066991,11.0,10.895833333333334,3.3169519349681402,0.0003346266560559756,32561.163721250898,9912.396023863945
4090,2042.79245551,11.0,10.9375,3.3168210809950742,0.00033465211461031907,32683.19404685674,9911.250926524997
4091,2043.2926044551,12.0,11.9375,3.4642895495805965,0.0003346775984295953,35668.65561368381,10351.124681891024
4092,2043.7927535344,8.0,7.979166666666667,2.8285038497017783,0.0003347031074977278,23839.535659885787,8450.78455006869
4093,2044.2929027479,17.0,16.958333333333332,4.1232108914722705,0.0003347286417986188,50662.92875987557,12318.070151740698
4094,2044.7930520956,6.0,5.958333333333333,2.4496669274731113,0.0003347542013162152,17799.129360903757,7317.807865715505
4095,2045.2932015775,10.0,9.979166666666666,3.162346285241036,0.00033477978603442483,29808.151755137704,9446.049066163921
4096,2045.7933511936,11.0,11.0,3.3166247903554,0.00033480539593721257,32854.906562088014,9906.127053511946
4097,2046.2935009439002,5.0,4.958333333333333,2.236262072198953,0.0003348310310085218,14808.464192815922,6678.777846435738
4098,2046.7936508284,11.0,11.0,3.3166247903554,0.0003348566912323524,32849.873656451,9904.609575366198
4099,2047.2938008471,15.0,14.958333333333334,3.8730954100764876,0.00033488237659266005,44667.42468066082,11565.539666447106
4100,2047.793951,12.0,11.895833333333334,3.4644148335453258,0.0003349080870734622,35519.69567914309,10344.374971110821
4101,2048.2941012870997,10.0,10.0,3.1622776601683795,0.00033493382265877355,29856.64427861583,9441.499920986089
4102,2048.7942517083998,6.0,5.958333333333333,2.4496669274731113,0.00033495958333259947,17788.21574248551,7313.32091800671
4103,2049.2944022639,8.0,8.0,2.8284271247461903,0.0003349853690789664,23881.640031013274,8443.434805892799
4104,2049.7945529536,8.0,7.979166666666667,2.8285038497017783,0.00033501117988195115,23817.613100190592,8443.013306894612
4105,2050.2947037775,12.0,11.958333333333334,3.4642269058991437,0.0003350370157255856,35692.57357261053,10339.83334168826
4106,2050.7948547356,11.0,10.895833333333334,3.3169519349681402,0.00033506287659392214,32518.772130457433,9899.491011020313
4107,2051.2950058279,11.0,10.854166666666666,3.317082783779212,0.00033508876247107037,32391.914866449013,9899.116757356462
4108,2051.7951570544,16.0,16.0,4.0,0.00033511467334113623,47744.850562578926,11936.212640644731
4109,2052.2953084151,16.0,15.916666666666666,4.00021700800233,0.0003351406091881747,47492.50383360668,11935.936434836185
4110,2052.79545991,12.0,11.979166666666666,3.4641642610848833,0.0003351665699963572,35740.93522154332,10335.64970731578
4111,2053.2956115391,6.0,5.895833333333333,2.4499326804810146,0.00033519255574977405,17589.392223061946,7309.030700281792
4112,2053.7957633024,18.0,17.875,4.242947580004573,0.00033521856643260284,53323.4187778613,12657.257099921511
4113,2054.2959151999003,16.0,15.916666666666666,4.00021700800233,0.00033524460202893913,47477.77166384531,11932.233908592572
4114,2054.7960672316003,6.0,5.979166666666667,2.4495783367301764,0.00033527066252300134,17833.84988615419,7306.271053650937
4115,2055.2962193975,13.0,12.9375,3.605731837412945,0.00033529674789893935,38585.2236297247,10753.85269916109
4116,2055.7963716976,14.0,13.979166666666666,3.741715385725881,0.00033532285814094696,41688.67802263207,11158.545547625978
4117,2056.2965241319002,10.0,9.979166666666666,3.162346285241036,0.0003353489932332393,29757.55665897,9430.015741963434
4118,2056.7966767004,13.0,12.958333333333334,3.605671651101297,0.00033537515316001566,38638.322521020506,10751.159163484432
4119,2057.2968294030998,14.0,13.979166666666666,3.741715385725881,0.0003354013379054667,41678.92338761842,11155.934585986917
4120,2057.79698224,13.0,13.0,3.605551275463989,0.0003354275474538872,38756.50672903415,10749.120943799828
4121,2058.2971352111,9.0,9.0,3.0,0.00033545378178949706,26829.329369873234,8943.109789957743
4122,2058.7972883164,10.0,9.9375,3.16248353091891,0.0003354800408965488,29621.732409006123,9426.741222718872
4123,2059.2974415559,13.0,12.9375,3.605731837412945,0.00033550632475932166,38561.121043786065,10747.135214215552
4124,2059.7975949295997,7.0,6.9375,2.6459973702430872,0.0003355326333620916,20676.081281528775,7885.961325817292
4125,2060.2977484375,9.0,9.0,3.0,0.000335558966689167,26820.9194014381,8940.306467146032
4126,2060.7979020796,10.0,9.979166666666666,3.162346285241036,0.0003355853247248419,29736.6002963596,9423.374779078775
4127,2061.2980558559,13.0,12.979166666666666,3.6056114637849954,0.0003356117074534415,38673.16419069567,10743.401924633967
4128,2061.7982097664,13.0,12.958333333333334,3.605671651101297,0.00033563811485929555,38608.050634433035,10742.735975063046
4129,2062.2983638111,7.0,7.0,2.6457513110645907,0.00033566454692674077,20854.153541356154,7882.1291533121885
4130,2062.79851799,10.0,9.979166666666666,3.162346285241036,0.00033569100364012953,29727.238914524565,9420.408205610307
4131,2063.2986723031,5.0,5.0,2.23606797749979,0.00033571748498383464,14893.475090344962,6660.564544642231
4132,2063.7988267504,8.0,7.958333333333333,2.8285805725762097,0.0003357439909422321,23703.5763797263,8424.813694023473
4133,2064.2989813319,12.0,11.958333333333334,3.4642269058991437,0.00033577052149968165,35614.601543705416,10317.245511686255
4134,2064.7991360476,11.0,10.979166666666666,3.316690221859403,0.00033579707664063024,32695.837547199855,9877.06699248285
4135,2065.2992908975,6.0,5.916666666666667,2.449844099348183,0.0003358236563494739,17618.37367558617,7295.031344661318
4136,2065.7994458816,13.0,12.979166666666666,3.6056114637849954,0.00033585026061061637,38645.69478990122,10735.77092728634
4137,2066.2996009998997,11.0,10.979166666666666,3.316690221859403,0.000335876889408507,32688.068196658096,9874.7199537909
4138,2066.7997562523997,7.0,6.958333333333333,2.6459153530594204,0.00033590354272760946,20715.2722380662,7877.009368743226
4139,2067.2999116391,7.0,6.958333333333333,2.6459153530594204,0.0003359302205523357,20713.62713926856,7876.383817773264
4140,2067.8000671600003,9.0,8.979166666666666,3.000072337090854,0.0003359569228672029,26727.136890154077,8929.931586129936
4141,2068.3002228151004,17.0,16.958333333333332,4.1232108914722705,0.0003359836496566706,50473.686295932646,12272.058166180494
4142,2068.8003786043996,6.0,5.958333333333333,2.4496669274731113,0.00033601040090523715,17732.586007103164,7290.449702966114
4143,2069.3005345279,12.0,11.875,3.464477473828725,0.0003360371765973917,35338.351905710464,10309.804138068741
4144,2069.8006905856,11.0,10.958333333333334,3.3167556520726027,0.0003360639767176792,32607.878536589524,9869.417378402757
4145,2070.3008467775003,12.0,11.958333333333334,3.4642269058991437,0.00033609080125060643,35580.66239491211,10307.413630508856
4146,2070.8010031035997,5.0,4.979166666666667,2.236165026955251,0.0003361176501807303,14813.761383817158,6652.9235395786745
4147,2071.3011595639,12.0,11.979166666666666,3.4641642610848833,0.00033614452349256806,35636.953243212716,10305.579948445817
4148,2071.8013161584,10.0,9.979166666666666,3.162346285241036,0.00033617142117072375,29684.756163727474,9406.94564168513
4149,2072.3014728871,11.0,10.979166666666666,3.316690221859403,0.00033619834319973253,32656.81371946571,9865.278306529268
4150,2072.8016297500003,5.0,5.0,2.23606797749979,0.0003362252895642217,14870.98131874747,6650.505024169763
4151,2073.3017867471,11.0,10.875,3.317017360018887,0.0003362522602487552,32341.79003571548,9864.669333568194
4152,2073.8019438784,15.0,14.9375,3.8731514407951226,0.0003362792552379541,44419.927091339894,11517.663907202505
4153,2074.3021011439,8.0,7.9375,2.8286572933696537,0.00033630627451642904,23601.997944918632,8410.956047242793
4154,2074.8022585436,10.0,9.958333333333334,3.1624149088245135,0.0003363333180688244,29608.524634171226,9402.62156298587
4155,2075.3024160775,13.0,12.9375,3.605731837412945,0.0003363603858797808,38463.20953093453,10719.846892736283
4156,2075.8025737456,9.0,8.958333333333334,3.0001446724375733,0.00033638747793395283,26630.99526877227,8918.716864444727
4157,2076.3027315479,10.0,9.979166666666666,3.162346285241036,0.000336414594215993,29663.298912233284,9400.145949704758
4158,2076.8028894844,14.0,14.0,3.7416573867739413,0.00033644173471058516,41611.959978874555,11121.264102364114
4159,2077.3030475551,11.0,11.0,3.3166247903554,0.00033646889940243445,32692.47178427455,9857.151125247217
4160,2077.80320576,15.0,14.979166666666666,3.8730393785472645,0.00033649608827620675,44515.12867029612,11509.909070230113
4161,2078.3033640991,17.0,16.958333333333332,4.1232108914722705,0.0003365233013166535,50392.74625853112,12252.378588169477
4162,2078.8035225724,5.0,4.9375,2.236359113231445,0.000336550538508482,14670.902093581291,6644.942905581125
4163,2079.3036811799,4.0,3.9583333333333335,2.0002170021164094,0.00033657779983640166,11760.530062462041,5942.807288801112
4164,2079.8038399216,10.0,9.979166666666666,3.162346285241036,0.0003366050852851843,29646.511900472167,9394.826232532343
4165,2080.3039987975,8.0,8.0,2.8284271247461903,0.00033663239483957446,23764.795434534695,8402.124002635295
4166,2080.8041578076,15.0,15.0,3.872983346207417,0.0003366597284843611,44555.37366328268,11504.148012129492
4167,2081.3043169519,12.0,11.979166666666666,3.4641642610848833,0.000336687086204318,35579.525195680144,10288.972767380395
4168,2081.8044762304003,10.0,9.979166666666666,3.162346285241036,0.0003367144679842035,29636.88114267435,9391.774295214998
4169,2082.3046356431,11.0,10.9375,3.3168210809950742,0.0003367418738088686,32480.36805249833,9849.743494857634
4170,2082.80479519,12.0,11.979166666666666,3.4641642610848833,0.0003367693036630944,35570.838958204695,10286.46086031181
4171,2083.3049548711,11.0,10.958333333333334,3.3167556520726027,0.0003367967575317011,32536.932402925162,9847.944132183078
4172,2083.8051146864,11.0,10.958333333333334,3.3167556520726027,0.000336824235399553,32534.27806444559,9847.140744305849
4173,2084.3052746359,13.0,13.0,3.605551275463989,0.0003368517372514576,38592.64644461544,10703.674277839538
4174,2084.8054347196,15.0,15.0,3.872983346207417,0.00033687926307231404,44526.33819963006,11496.651087651091
4175,2085.3055949375,11.0,10.9375,3.3168210809950742,0.0003369068128469651,32464.46668019206,9844.92136851412
4176,2085.8057552896003,10.0,9.979166666666666,3.162346285241036,0.00033693438656032124,29617.53701823515,9385.6442422652
4177,2086.3059157759003,5.0,4.958333333333333,2.236262072198953,0.0003369619841972239,14714.815219129347,6636.541144327036
4178,2086.8060763964,11.0,11.0,3.3166247903554,0.0003369896057426307,32641.95634687035,9841.920147793544
4179,2087.3062371511,9.0,9.0,3.0,0.0003370172511814303,26704.864419996495,8901.621473332165
4180,2087.80639804,13.0,12.958333333333334,3.605671651101297,0.0003370449204985497,38446.902905896466,10697.89642807215
4181,2088.3065590631,8.0,7.916666666666667,2.82873401208228,0.00033707261367893005,23486.531819542855,8392.061227426559
4182,2088.8067202204,11.0,11.0,3.3166247903554,0.00033710033070750967,32631.234674000723,9838.6874417905
4183,2089.3068815119,10.0,9.979166666666666,3.162346285241036,0.0003371280715692529,29600.521309945983,9380.252052346303
4184,2089.8070429376,7.0,6.958333333333333,2.6459153530594204,0.0003371558362491629,20638.329772796893,7847.751895666584
4185,2090.3072044975,18.0,17.979166666666668,4.242691837475093,0.0003371836247321673,53321.58903312084,12582.733935686112
4186,2090.8073661916,11.0,10.979166666666666,3.316690221859403,0.0003372114370032743,32558.701935605048,9835.63977347304
4187,2091.3075280199,6.0,5.9375,2.449755515012331,0.0003372392730475064,17606.193805202496,7264.14658908139
4188,2091.8076899824,11.0,11.0,3.3166247903554,0.00033726713284987675,32615.09625041431,9833.821523995595
4189,2092.3078520791,17.0,16.958333333333332,4.1232108914722705,0.00033729501639540103,50277.45003339621,12224.34572421536
4190,2092.80801431,16.0,15.958333333333334,4.000108505472765,0.0003373229236691155,47308.77213962213,11858.395100940497
4191,2093.3081766751,9.0,8.979166666666666,3.000072337090854,0.0003373508546560647,26616.700514427594,8893.033160237528
4192,2093.8083391744,17.0,16.979166666666668,4.123158258880901,0.0003373788093413259,50326.71346435649,12221.153625299285
4193,2094.3085018079,19.0,18.9375,4.359048300183577,0.00033740678770996085,56126.612415038064,12919.266769258567
4194,2094.8086645756002,14.0,13.9375,3.7418313809327826,0.0003374347897470575,41304.27692546938,11089.050372481375
4195,2095.3088274775,21.0,20.958333333333332,4.5826704066030715,0.00033746281543768863,62105.6080094348,13579.778858477657
4196,2095.8089905136,10.0,9.958333333333334,3.1624149088245135,0.00033749086476696574,29506.971515242254,9370.371879571114
4197,2096.3091536838997,15.0,14.916666666666666,3.8732074707032043,0.000337518937720014,44195.05100196974,11475.526371548938
4198,2096.8093169884,17.0,16.958333333333332,4.1232108914722705,0.00033754703428194973,50239.912104125324,12215.218836816066
4199,2097.3094804271,13.0,12.958333333333334,3.605671651101297,0.00033757515443791564,38386.51382655751,10681.093094973096
4200,2097.8096440000004,20.0,19.979166666666668,4.472184480517075,0.0003376032981730627,59179.417899006774,13246.862529833868
4201,2098.3098077071,26.0,25.895833333333332,5.09923230877834,0.0003376314654725207,76698.51889275691,15102.953457379579
4202,2098.8099715484,22.0,21.979166666666668,4.6904620271118045,0.00033765965632150526,65092.6643298453,13891.094003382343
4203,2099.3101355239,14.0,13.895833333333334,3.7419473725439927,0.0003376878707051693,41149.93323365647,11081.083145598192
4204,2099.8102996336,21.0,20.854166666666668,4.5829071771577965,0.0003377161086086976,61750.58321197766,13570.294872927976
4205,2100.3104638775,17.0,16.791666666666668,4.12363192801901,0.0003377443700173198,49717.08829907536,12209.328397709625
4206,2100.8106282556,12.0,11.8125,3.4646653878837994,0.00033777265491622587,34971.747499600664,10257.38862354948
4207,2101.3107927679,25.0,24.833333333333332,5.000347210166733,0.0003378009632906497,73514.69069662277,14802.643430783673
4208,2101.8109574144,19.0,18.791666666666668,4.359396779117242,0.00033782929512581685,55624.7398842902,12904.14076580802
4209,2102.3111221951003,22.0,21.895833333333332,4.6906470917016225,0.0003378576504069897,64807.86599609983,13883.501190667668
4210,2102.8112871099997,29.0,28.854166666666668,5.3854468890190015,0.00033788602911941095,85396.15189732936,15938.649203858477
4211,2103.3114521591,25.0,24.958333333333332,5.000086804802049,0.00033791443124835417,73859.92140415545,14796.902240399364
4212,2103.8116173424,21.0,21.0,4.58257569495584,0.0003379428567791079,62140.68319167459,13560.20878391042
4213,2104.3117826599,30.0,29.9375,5.477344437164175,0.0003379713056969398,88580.0051524051,16206.53690072651
4214,2104.8119481115996,30.0,29.9375,5.477344437164175,0.0003379997779871668,88572.54338532929,16205.171700947505
4215,2105.3121136975,24.0,23.958333333333332,4.8990680803144135,0.0003380282736351091,70876.71417449418,14493.071918601709
4216,2105.8122794176,24.0,23.9375,4.899112377087643,0.00033805679262605305,70809.10817987571,14491.980294290002
4217,2106.3124452719003,42.0,41.958333333333336,6.480807670001908,0.0003380853349453775,124105.74785833967,19169.1475498308
4218,2106.8126112604,37.0,37.0,6.082762530298219,0.0003381139005783975,109430.57927138051,17990.27641245358
4219,2107.3127773830997,53.0,52.958333333333336,7.2801695073367325,0.00033814248951047284,156615.43572947854,21529.88675831954
4220,2107.81294364,53.0,52.958333333333336,7.2801695073367325,0.0003381711017269657,156602.1847014329,21528.06514264082
4221,2108.3131100311,59.0,58.979166666666664,7.68117400061851,0.00033819973721326436,174391.5212727536,22711.94550271002
4222,2108.8132765564,63.0,62.979166666666664,7.937281274326732,0.0003382283959547477,186203.07289365729,23467.223241033487
4223,2109.3134432159,104.0,103.95833333333333,10.198081587021921,0.00033825707793681527,307335.27873953973,30148.908189075268
4224,2109.8136100096,171.0,170.9375,13.076746616927826,0.0003382857831448688,505305.006940824,38655.9154078544
4225,2110.3137769375,251.0,250.9375,15.843020611087184,0.000338314511564336,741728.4550984451,46829.267056356744
4226,2110.8139439996003,427.0,427.0,20.663978319771825,0.00033834326318065995,1262031.9257605593,61074.00551001424
4227,2111.3141111959003,661.0,661.0,25.709920264364882,0.00033837203797923746,1953471.1081550983,75981.22001423311
4228,2111.8142785264,888.0,887.9583333333334,29.79934341651768,0.00033840083594559333,2623983.8647328154,88059.30793063612
4229,2112.3144459911,992.0,991.9791666666666,31.496038386244354,0.00033842965706510025,2931123.63517199,93065.24333411413
4230,2112.81461359,1011.0,1010.9583333333334,31.796239841458544,0.00033845850132329964,2986949.1514637824,93944.27889133265
4231,2113.3147813231003,870.0,869.9791666666666,29.495769764964226,0.00033848736870565206,2570196.843661835,87139.94226063334
4232,2113.8149491903996,629.0,628.9583333333334,25.079889713783743,0.0003385162591976508,1857985.5952091834,74087.69603335434
4233,2114.3151171919,427.0,426.9375,20.66400982586229,0.000338545172784803,1261094.6317388013,61037.67380844451
4234,2114.8152853276,259.0,258.8958333333333,16.093544362224527,0.0003385741094526059,764665.1829104904,47533.29895261033
4235,2115.3154535975,129.0,128.89583333333334,11.357912226236339,0.00033860306918662614,380669.4181566632,33543.44145054473
4236,2115.8156220016003,68.0,67.875,8.246369150521135,0.00033863205197235985,200438.79368377142,24352.004195970876
4237,2116.3157905399,48.0,47.958333333333336,6.928265876505863,0.0003386610577954018,141611.59728706337,20457.816796555027
4238,2116.8159592124,23.0,22.895833333333332,4.796057770595438,0.0003386900866412474,67601.13223386256,14160.608650100803
4239,2117.3161280191002,12.0,11.958333333333334,3.4642269058991437,0.00033871913849552583,35304.56940357178,10227.431851905536
4240,2117.8162969600003,12.0,11.875,3.464477473828725,0.00033874821334377937,35055.535445580725,10227.293716565799
4241,2118.3164660351,10.0,9.958333333333334,3.1624149088245135,0.0003387773111716059,29394.92405466608,9334.78956394045
4242,2118.8166352444,10.0,9.958333333333334,3.1624149088245135,0.00033880643196460046,29392.397527960187,9333.987228303069
4243,2119.3168045879,8.0,7.958333333333333,2.8285805725762097,0.00033883557570838353,23487.30152285608,8347.94447620402
4244,2119.8169740656,9.0,8.979166666666666,3.000072337090854,0.00033886474238860266,26497.789659006645,8853.303285387055
4245,2120.3171436775,9.0,8.916666666666666,3.0002893378991153,0.00033889393199084186,26311.08386711281,8853.181053652486
4246,2120.8173134236,9.0,8.895833333333334,3.0003616680141896,0.00033892314450077054,26247.346862182523,8852.631390617138
4247,2121.3174833038997,9.0,8.979166666666666,3.000072337090854,0.0003389523799040315,26490.9385477953,8851.014227840125
4248,2121.8176533184,7.0,7.0,2.6457513110645907,0.0003389816381862994,20650.086056144733,7804.998893805935
4249,2122.3178234671,6.0,5.958333333333333,2.4496669274731113,0.0003390109193332512,17575.638404367237,7225.923378193797
4250,2122.81799375,14.0,13.916666666666666,3.741889377187828,0.0003390402233305543,41047.24368677142,11036.712223787075
4251,2123.3181641671,9.0,8.979166666666666,3.000072337090854,0.0003390695501639263,26481.78423077391,8847.955635179984
4252,2123.8183347184,10.0,9.916666666666666,3.162552151524321,0.0003390988998190454,29244.172340159563,9326.341528126351
4253,2124.3185054039,7.0,6.958333333333333,2.6459153530594204,0.00033912827228165806,20518.29323022113,7802.107843317451
4254,2124.8186762236,6.0,5.958333333333333,2.4496669274731113,0.0003391576675374708,17568.03370124323,7222.7968344618575
4255,2125.3188471774997,8.0,7.958333333333333,2.8285805725762097,0.0003391870855722168,23462.960919951987,8339.293248162223
4256,2125.8190182656,9.0,8.9375,3.0002170060402853,0.0003392165263716794,26347.47810077857,8844.548460333412
4257,2126.3191894879,10.0,9.958333333333334,3.1624149088245135,0.00033924598992157793,29354.31406465662,9321.89326557863
4258,2126.8193608444003,10.0,9.958333333333334,3.1624149088245135,0.0003392754762077008,29351.76289381125,9321.083103833054
4259,2127.3195323351,8.0,7.979166666666667,2.8285038497017783,0.0003393049852158082,23516.208173574803,8336.169443259918
4260,2127.81970396,16.0,15.958333333333334,4.000108505472765,0.00033933451693172263,47028.323194555254,11788.09789714857
4261,2128.3198757191,7.0,6.979166666666667,2.6458333333333335,0.0003393640713412089,20565.425912896833,7796.445047575814
4262,2128.8200476124002,14.0,13.916666666666666,3.741889377187828,0.0003393936484301006,41004.499439042556,11025.219224037672
4263,2129.3202196399,7.0,7.0,2.6457513110645907,0.00033942324818421465,20623.219055993774,7794.84412225254
4264,2129.8203918015997,7.0,7.0,2.6457513110645907,0.0003394528705893774,20621.419367720184,7794.163904022631
4265,2130.3205640974998,6.0,6.0,2.449489742783178,0.00033948251563142867,17673.95881593535,7215.3634723343275
4266,2130.8207365276,14.0,13.9375,3.7418313809327826,0.000339512183296223,41051.54597011792,11021.199135195833
4267,2131.3209090919,7.0,6.916666666666667,2.646079384884571,0.00033954187356962306,20370.58520632921,7793.087070723231
4268,2131.8210817904,13.0,12.9375,3.605731837412945,0.00033957158643750575,38099.4774495981,10618.473339425112
4269,2132.3212546231,8.0,7.958333333333333,2.8285805725762097,0.00033960132188573235,23434.341448208852,8329.121208568084
4270,2132.82142759,7.0,6.9375,2.6459973702430872,0.0003396310799002322,20426.57580701364,7790.7986837375365
4271,2133.3216006911002,7.0,6.958333333333333,2.6459153530594204,0.0003396608604668895,20486.120549092935,7789.874139229377
4272,2133.8217739264,7.0,6.979166666666667,2.6458333333333335,0.00033969066357161413,20545.653487456853,7788.9492325582705
4273,2134.3219472959,7.0,6.9375,2.6459973702430872,0.0003397204892003365,20421.199840875328,7788.748263230943
4274,2134.8221207996,10.0,9.9375,3.16248353091891,0.00033975033733898904,29249.419081767584,9308.257221135627
4275,2135.3222944375,11.0,10.979166666666666,3.316690221859403,0.0003397802079735191,32312.555025342535,9761.281393170173
4276,2135.8224682096,4.0,3.9583333333333335,2.0002170021164094,0.0003398101010898694,11648.662946268554,5886.278823675736
4277,2136.3226421159,8.0,7.979166666666667,2.8285038497017783,0.0003398400166740158,23479.185131751303,8323.04528873349
4278,2136.8228161563998,6.0,6.0,2.449489742783178,0.00033986995471196543,17653.81116163948,7207.138226911181
4279,2137.3229903311,8.0,7.9375,2.8286572933696537,0.00033989991518962103,23352.462431689288,8322.030006367086
4280,2137.82316464,6.0,5.958333333333333,2.4496669274731113,0.000339929898093072,17528.123788928842,7206.388556038099
4281,2138.3233390831,7.0,6.979166666666667,2.6458333333333335,0.00033995990340826744,20529.3818379669,7782.780577378497
4282,2138.8235136604,5.0,4.958333333333333,2.236262072198953,0.00033998993112122956,14583.76522205109,6577.436175313008
4283,2139.3236883719,2.0,1.9791666666666667,1.41436700604114,0.0003400199812180077,5820.736356660467,4159.658502934574
4284,2139.8238632176,9.0,8.958333333333334,3.0001446724375733,0.0003400500536846168,26344.160914739452,8822.65607644953
4285,2140.3240381975,9.0,8.916666666666666,3.0002893378991153,0.0003400801485071045,26219.309494568723,8822.300716668962
4286,2140.8242133116,8.0,7.9375,2.8286572933696537,0.00034011026567155016,23338.019463562352,8316.883019642026
4287,2141.3243885599,11.0,11.0,3.3166247903554,0.0003401404051640002,32339.58633846015,9750.752159997795
4288,2141.8245639424,13.0,12.979166666666666,3.6056114637849954,0.00034017056697053843,38154.87854300683,10599.42221308427
4289,2142.3247394591,5.0,5.0,2.23606797749979,0.00034020075107725126,14697.204471675674,6572.789655576138
4290,2142.8249151100003,11.0,10.9375,3.3168210809950742,0.0003402309574702333,32147.280427757425,9748.73393549222
4291,2143.3250908951,11.0,10.979166666666666,3.316690221859403,0.00034026118613559957,32266.8794268274,9747.483277559753
4292,2143.8252668144,11.0,10.958333333333334,3.3167556520726027,0.000340291437059473,32202.7889623862,9746.809031497702
4293,2144.3254428679,7.0,6.979166666666667,2.6458333333333335,0.0003403217102279667,20507.556400065183,7774.506456144114
4294,2144.8256190556,5.0,4.979166666666667,2.236165026955251,0.0003403520056272384,14629.461805258079,6570.153811299564
4295,2145.3257953775,12.0,11.958333333333334,3.4642269058991437,0.0003403823232434059,35132.06332040334,10177.458314784139
4296,2145.8259718336,11.0,10.958333333333334,3.3167556520726027,0.0003404126630626549,32191.32107114473,9743.338048097625
4297,2146.3261484239,12.0,11.979166666666666,3.4641642610848833,0.00034044302507114374,35186.99395930738,10175.459639277271
4298,2146.8263251484,13.0,12.958333333333334,3.605671651101297,0.0003404734092550567,38059.75145514503,10590.171076767416
4299,2147.3265020071003,13.0,12.9375,3.605731837412945,0.0003405038156005859,37995.168944526034,10589.402151200858
4300,2147.826679,11.0,10.979166666666666,3.316690221859403,0.00034053424409391487,32241.00617510513,9739.667241643703
4301,2148.3268561270997,12.0,11.9375,3.4642895495805965,0.000340564694721246,35052.07728525973,10172.192253856894
4302,2148.8270333884,7.0,6.958333333333333,2.6459153530594204,0.0003405951674688266,20429.92384491246,7768.5052689468685
4303,2149.3272107839002,9.0,8.916666666666666,3.0002893378991153,0.00034062566232288203,26177.31913050779,8808.171754995708
4304,2149.8273883136003,4.0,3.9583333333333335,2.0002170021164094,0.0003406561792696101,11619.731489445658,5871.659238370517
4305,2150.3275659775,11.0,10.979166666666666,3.316690221859403,0.00034068671829529996,32226.57672598249,9735.308257554576
4306,2150.8277437756,9.0,8.979166666666666,3.000072337090854,0.00034071727938622584,26353.71673207152,8805.166390431497
4307,2151.3279217079003,7.0,6.958333333333333,2.6459153530594204,0.00034074786252860406,20420.768839743538,7765.0240662545875
4308,2151.8280997744,5.0,4.979166666666667,2.236165026955251,0.0003407784677087486,14611.153985592147,6561.931691254692
4309,2152.3282779751,7.0,7.0,2.6457513110645907,0.0003408090949129458,20539.357970443943,7763.147611246717
4310,2152.82845631,7.0,6.875,2.646243406541936,0.00034083974412746685,20170.769748697192,7763.893302162252
4311,2153.3286347791,8.0,8.0,2.8284271247461903,0.00034087041533867394,23469.329223105353,8297.660921778703
4312,2153.8288133824,9.0,8.979166666666666,3.000072337090854,0.0003409011085328305,26339.505627632556,8800.41825033236
4313,2154.3289921199002,6.0,5.979166666666667,2.4495783367301764,0.00034093182369629736,17537.719423907223,7184.950674807832
4314,2154.8291709915998,8.0,7.916666666666667,2.82873401208228,0.0003409625608154021,23218.58050260471,8296.318532209063
4315,2155.3293499975,7.0,6.979166666666667,2.6458333333333335,0.0003409933198764979,20467.165366155576,7759.1940343336055
4316,2155.8295291376,12.0,11.958333333333334,3.4642269058991437,0.00034102410086593474,35065.94784054415,10158.30522565037
4317,2156.3297084119,10.0,10.0,3.1622776601683795,0.00034105490377009433,29320.7923107331,9272.048650266808
4318,2156.8298878203996,9.0,8.958333333333334,3.0001446724375733,0.0003410857285753365,26264.169335817533,8795.866907034557
4319,2157.3300673630997,4.0,3.9583333333333335,2.0002170021164094,0.00034111657526808933,11604.048645898874,5863.734415556924
4320,2157.83024704,6.0,5.9375,2.449755515012331,0.0003411474438346933,17404.497988491687,7180.928830876384
4321,2158.3304268511,7.0,6.979166666666667,2.6458333333333335,0.0003411783342615749,20456.06641984445,7754.986374090284
4322,2158.8306067964004,7.0,7.0,2.6457513110645907,0.0003412092465351863,20515.270529980036,7754.043414505634
4323,2159.3307868759,10.0,9.958333333333334,3.1624149088245135,0.0003412401806419104,29182.768906641093,9267.416582876209
4324,2159.8309670896,10.0,9.979166666666666,3.162346285241036,0.00034127113656820415,29241.168084170215,9266.374874363366
4325,2160.3311474375,8.0,7.9375,2.8286572933696537,0.0003413021143005204,23256.52161946744,8287.839936669681
4326,2160.8313279196,10.0,10.0,3.1622776601683795,0.0003413331138253144,29296.893840536508,9264.49129042532
4327,2161.3315085359,6.0,5.895833333333333,2.4499326804810146,0.000341364135129055,17271.39065474577,7176.889509950426
4328,2161.8316892864,13.0,12.958333333333334,3.605671651101297,0.0003413951781982022,37956.98990748538,10561.57755399805
4329,2162.3318701711,10.0,9.979166666666666,3.162346285241036,0.00034142624301925905,29227.88412050612,9262.165255008402
4330,2162.83205119,5.0,4.979166666666667,2.236165026955251,0.0003414573295787015,14582.105098783752,6548.885712057453
4331,2163.3322323431003,6.0,5.979166666666667,2.4495783367301764,0.000341488437863055,17509.133556856927,7173.239457414707
4332,2163.8324136304,10.0,10.0,3.1622776601683795,0.0003415195678588297,29280.89907906417,9259.43330273695
4333,2164.3325950518997,8.0,7.958333333333333,2.8285805725762097,0.0003415507195525435,23300.590154690155,8281.582824014711
4334,2164.8327766076,5.0,4.9375,2.236359113231445,0.00034158189293075856,14454.806013388044,6547.06575352568
4335,2165.3329582975,4.0,3.9583333333333335,2.0002170021164094,0.0003416130879799969,11587.182905489597,5855.211853690839
4336,2165.8331401216,8.0,8.0,2.8284271247461903,0.00034164430468680107,23416.166727362597,8278.86514115645
4337,2166.3333220799,7.0,6.9375,2.6459973702430872,0.00034167554303775755,20304.350549413943,7744.181356143146
4338,2166.8335041724,3.0,2.9375,1.732426645873739,0.000341706803019431,8596.551119390388,5069.921437224723
4339,2167.3336863991,6.0,5.958333333333333,2.4496669274731113,0.0003417380846184238,17435.37990501193,7168.258493074742
4340,2167.8338687600003,9.0,8.958333333333334,3.0001446724375733,0.0003417693878212928,26211.631739287142,8778.27207276479
4341,2168.3340512551,5.0,5.0,2.23606797749979,0.00034180071261466315,14628.407184267238,6542.022573313568
4342,2168.8342338844,4.0,3.9583333333333335,2.0002170021164094,0.00034183205898515533,11579.76038024342,5851.461118230787
4343,2169.3344166479,11.0,10.958333333333334,3.3167556520726027,0.00034186342691938063,32054.71094723907,9701.990300514863
4344,2169.8345995456,5.0,4.979166666666667,2.236165026955251,0.000341894816403982,14563.44591309421,6540.505792029922
4345,2170.3347825775004,7.0,6.979166666666667,2.6458333333333335,0.00034192622742557527,20411.32298979836,7738.023939416094
4346,2170.8349657435997,7.0,6.916666666666667,2.646079384884571,0.0003419576599708611,20226.675627784007,7738.0322029050285
4347,2171.3351490439,7.0,6.979166666666667,2.6458333333333335,0.0003419891140264235,20407.569657692165,7736.601034408673
4348,2171.8353324784002,4.0,3.9791666666666665,2.000108504001165,0.00034202058957901545,11634.289829055388,5847.918414686812
4349,2172.3355160471,6.0,6.0,2.449489742783178,0.00034205208661529043,17541.188125387063,7161.160064894282
4350,2172.83569975,6.0,5.979166666666667,2.4495783367301764,0.00034208360512188676,17478.67064408494,7160.759241464889
4351,2173.3358835871,7.0,7.0,2.6457513110645907,0.00034211514508557543,20460.947434084057,7733.511214193081
4352,2173.8360675584,6.0,5.958333333333333,2.4496669274731113,0.00034214670649304667,17414.557031413136,7159.697524438672
4353,2174.3362516639,12.0,11.979166666666666,3.4641642610848833,0.00034217828933099227,35008.55267611414,10123.857559337917
4354,2174.8364359036004,11.0,10.979166666666666,3.316690221859403,0.00034220989358615424,32083.13632201451,9691.976427398053
4355,2175.3366202775,4.0,3.9166666666666665,2.0004339806929674,0.0003422415192452821,11444.15988832617,5845.094379853049
4356,2175.8368047855997,4.0,3.9791666666666665,2.000108504001165,0.00034227316629512256,11625.704432919696,5843.603007653208
4357,2176.3369894279,7.0,7.0,2.6457513110645907,0.00034230483472241725,20449.608915621826,7729.2256570377995
4358,2176.8371742044,5.0,4.979166666666667,2.236165026955251,0.00034233652451395267,14544.655069265711,6532.066743769584
4359,2177.3373591151,6.0,5.9375,2.449755515012331,0.00034236823565647476,17342.438291961073,7155.323595704029
4360,2177.83754416,10.0,10.0,3.1622776601683795,0.00034239996813681,29205.610194462344,9235.624866953416
4361,2178.3377293391,11.0,10.9375,3.3168210809950742,0.0003424317219417207,31940.67400642713,9686.0800809791
4362,2178.8379146524003,8.0,7.979166666666667,2.8285038497017783,0.0003424634970580311,23299.320176347384,8259.285658180623
4363,2179.3381000999,7.0,6.9375,2.6459973702430872,0.000342495293472538,20255.75280074984,7725.645930533784
4364,2179.8382856815997,11.0,10.916666666666666,3.3168865086268946,0.00034252711117208735,31870.956518773422,9683.57365137288
4365,2180.3384713975,7.0,6.958333333333333,2.6459153530594204,0.0003425589501434801,20312.805519805715,7723.9708726080125
4366,2180.8386572476,9.0,8.875,3.0004339963856337,0.0003425908103736025,25905.540169981865,8758.069117830677
4367,2181.3388432319002,4.0,4.0,2.0,0.00034262269184927134,11674.64997257013,5837.324986285065
4368,2181.8390293504,4.0,3.9791666666666665,2.000108504001165,0.0003426545945573533,11612.763201984839,5837.098161736127
4369,2182.3392156031,6.0,5.958333333333333,2.4496669274731113,0.00034268651848474665,17387.125001821583,7148.419314260676
4370,2182.83940199,13.0,13.0,3.605551275463989,0.0003427184636182984,37932.00944807779,10520.446542032996
4371,2183.3395885111,8.0,8.0,2.8284271247461903,0.00034275042994491714,23340.598000958504,8252.147561713467
4372,2183.8397751664,7.0,6.958333333333333,2.6459153530594204,0.0003427824174514895,20299.563160406484,7718.93544812248
4373,2184.3399619559,5.0,5.0,2.23606797749979,0.0003428144261249525,14585.150504073446,6522.6775978347105
4374,2184.8401488796,7.0,7.0,2.6457513110645907,0.0003428464559521849,20417.30307685098,7717.015197711656
4375,2185.3403359375,4.0,4.0,2.0,0.0003428785069201331,11665.939740374926,5832.969870187463
4376,2185.8405231296,5.0,4.895833333333333,2.2365531826649887,0.0003429105790157524,14277.288695454423,6522.263585697796
4377,2186.3407104558996,10.0,10.0,3.1622776601683795,0.00034294267222596326,29159.39254538452,9221.009563034984
4378,2186.8408979164,12.0,11.958333333333334,3.4642269058991437,0.00034297478653773063,34866.508567730525,10100.529373805863
4379,2187.3410855111,5.0,4.916666666666667,2.236456150053274,0.0003430069219380154,14334.015881916095,6520.148740489332
4380,2187.84127324,13.0,12.979166666666666,3.6056114637849954,0.0003430390784137985,37835.82537208853,10510.789267675347
4381,2188.3414611031003,9.0,8.9375,3.0002170060402853,0.00034307125595206826,26051.439299970647,8745.171604990004
4382,2188.8416491004,10.0,9.958333333333334,3.1624149088245135,0.0003431034545398044,29024.2875773145,9217.088510712249
4383,2189.3418372318997,4.0,3.9583333333333335,2.0002170021164094,0.000343135674164011,11535.76742778817,5829.230688384651
4384,2189.8420254976,9.0,8.9375,3.0002170060402853,0.0003431679148117132,26044.101485722407,8742.708384280104
4385,2190.3422138975,11.0,10.916666666666666,3.3168865086268946,0.0003432001764699258,31808.452952888503,9664.58275966985
4386,2190.8424024315996,7.0,7.0,2.6457513110645907,0.00034323245912568366,20394.341542845643,7708.3365536118445
4387,2191.3425910999,5.0,4.979166666666667,2.236165026955251,0.0003432647627660057,14505.324189249306,6514.403077485656
4388,2191.8427799024,7.0,6.979166666666667,2.6458333333333335,0.0003432970873779844,20329.816136722166,7707.124326458851
4389,2192.3429688391,5.0,4.958333333333333,2.236262072198953,0.00034332943294862483,14441.91163789703,6513.458671437537
4390,2192.84315791,5.0,4.958333333333333,2.236262072198953,0.0003433617994650355,14440.55029143753,6512.844689429907
4391,2193.3433471150997,7.0,6.9375,2.6459973702430872,0.00034339418691426164,20202.729878278777,7705.422721392012
4392,2193.8435364544,6.0,5.9375,2.449755515012331,0.0003434265952834274,17288.99299455776,7133.272578935147
4393,2194.3437259279,6.0,5.979166666666667,2.4495783367301764,0.00034345902455960577,17408.67538517396,7132.0831935370015
4394,2194.8439155356,6.0,5.979166666666667,2.4495783367301764,0.00034349147472988346,17407.030760715657,7131.409414619353
4395,2195.3441052774997,6.0,5.979166666666667,2.4495783367301764,0.0003435239457814151,17405.385388974373,7130.735329550644
4396,2195.8442951536,12.0,11.958333333333334,3.4642269058991437,0.0003435564377013151,34807.47854222951,10083.42888020894
4397,2196.3444851639,13.0,12.979166666666666,3.6056114637849954,0.0003435889504766646,37775.27376436446,10493.968035883845
4398,2196.8446753084,11.0,11.0,3.3166247903554,0.00034362148409468926,32011.968136918968,9651.971555542965
4399,2197.3448655871002,14.0,13.9375,3.7418313809327826,0.0003436540385424745,40556.776399638824,10888.36725679947
4400,2197.8450559999997,8.0,7.895833333333333,2.828810728714258,0.000343686613807208,22973.93327562802,8230.785299950865
4401,2198.3452465471,7.0,6.958333333333333,2.6459153530594204,0.00034371920987604496,20244.237544484953,7697.897810290015
4402,2198.8454372284,6.0,5.958333333333333,2.4496669274731113,0.00034375182673620087,17333.241222033786,7126.265919025978
4403,2199.3456280439,7.0,6.979166666666667,2.6458333333333335,0.0003437844643747991,20300.994925290957,7696.198076155079
4404,2199.8458189935996,7.0,6.895833333333333,2.646161396984109,0.00034381712277909484,20056.689665697537,7696.421212518517
4405,2200.3460100775,5.0,4.895833333333333,2.2365531826649887,0.00034384980193626926,14238.290398203428,6504.448076080387
4406,2200.8462012956,10.0,9.75,3.1631010627757905,0.0003438825018335459,28352.70753241008,9198.203008034614
4407,2201.3463926479,9.0,8.6875,3.001084873286103,0.0003439152224581392,25260.585844109966,8726.234482544285
4408,2201.8465841344,8.0,7.5625,2.8300379119957624,0.0003439479637972831,21987.337609177433,8228.099043678994
4409,2202.3467757550998,9.0,8.6875,3.001084873286103,0.0003439807258382256,25255.775534602883,8724.57276777047
4410,2202.84696751,8.0,7.6875,2.8295777806355966,0.0003440135085682226,22346.5061938853,8225.193808267133
4411,2203.3471593991,7.0,6.833333333333333,2.646407418033403,0.0003440463119745322,19861.667152064012,7692.009261326718
4412,2203.8473514224,8.0,7.791666666666667,2.829194280670343,0.0003440791360444198,22644.98439585939,8222.51041779267
4413,2204.3475435798996,7.0,6.895833333333333,2.646161396984109,0.0003441119807651717,20039.50376269862,7689.826407961941
4414,2204.8477358716,19.0,18.9375,4.359048300183577,0.00034414484612405705,55027.70189146876,12666.318700621281
4415,2205.3479282975,8.0,8.0,2.8284271247461903,0.00034417773210838973,23243.80473714264,8217.92597510478
4416,2205.8481208576,5.0,4.979166666666667,2.236165026955251,0.000344210638705491,14465.464186093552,6496.501779738799
4417,2206.3483135519,7.0,6.979166666666667,2.6458333333333335,0.00034424356590265464,20273.92043876352,7685.934017083484
4418,2206.8485063803996,8.0,7.958333333333333,2.8285805725762097,0.00034427651368718764,23116.108758334696,8216.013756739387
4419,2207.3486993430997,7.0,6.9375,2.6459973702430872,0.00034430948204645364,20149.02395009849,7684.9390104397235
4420,2207.84889244,6.0,5.9375,2.449755515012331,0.0003443424709678052,17243.008053325884,7114.299633522042
4421,2208.3490856711,6.0,5.9375,2.449755515012331,0.0003443754804385799,17241.355256879175,7113.617705570796
4422,2208.8492790364003,10.0,9.958333333333334,3.1624149088245135,0.00034440851044611695,28914.306793505686,9182.162498621754
4423,2209.3494725359,4.0,4.0,2.0,0.0003444415609778048,11613.000442352984,5806.500221176492
4424,2209.8496661696,5.0,4.958333333333333,2.236262072198953,0.00034447463202102866,14393.899789493493,6491.804807450782
4425,2210.3498599375002,4.0,3.9583333333333335,2.0002170021164094,0.0003445077235631687,11489.824647160736,5806.01497530621
4426,2210.8500538396,7.0,6.958333333333333,2.6459153530594204,0.000344540835591608,20195.961159103943,7679.540651592554
4427,2211.3502478758996,4.0,4.0,2.0,0.000344573968093773,11608.5379929555,5804.26899647775
4428,2211.8504420464,6.0,5.958333333333333,2.4496669274731113,0.0003446071210570801,17290.221151136357,7108.578952050596
4429,2212.3506363511,9.0,8.895833333333334,3.0003616680141896,0.0003446402944689355,25811.936317664586,8705.777345732364
4430,2212.85083079,9.0,8.9375,3.0002170060402853,0.00034467348831678955,25930.337850022104,8704.519226853865
4431,2213.3510253631002,6.0,5.958333333333333,2.4496669274731113,0.0003447067025880583,17285.22621869015,7106.525370934216
4432,2213.8512200704,4.0,3.9791666666666665,2.000108504001165,0.00034473993727021385,11542.517232483333,5801.789371544269
4433,2214.3514149119,5.0,4.9375,2.236359113231445,0.0003447731923507176,14321.009027225557,6486.464617459375
4434,2214.8516098876003,4.0,3.9583333333333335,2.0002170021164094,0.0003448064678170219,11479.869732124336,5800.9845777540995
4435,2215.3518049975,7.0,6.958333333333333,2.6459153530594204,0.00034483976365662215,20178.45407254764,7672.883559026327
4436,2215.8520002416,6.0,5.916666666666667,2.449844099348183,0.0003448730798569797,17156.06990583415,7103.610697489476
4437,2216.3521956198997,4.0,3.9791666666666665,2.000108504001165,0.0003449064164056123,11536.945900093488,5798.988968790373
4438,2216.8523911324,9.0,8.979166666666666,3.000072337090854,0.00034493977329002674,26031.11430445844,8697.380149804821
4439,2217.3525867791,7.0,6.979166666666667,2.6458333333333335,0.00034497315049772067,20231.04307276453,7669.679015645061
4440,2217.8527825600004,5.0,5.0,2.23606797749979,0.0003450065480162047,14492.478559465351,6481.233444284551
4441,2218.3529784751,14.0,13.916666666666666,3.741889377187828,0.00034503996583304576,40333.49189873417,10844.799871671717
4442,2218.8531745244,9.0,8.958333333333334,3.0001446724375733,0.0003450734039357648,25960.660054232754,8694.221687963087
4443,2219.3533707079,7.0,6.958333333333333,2.6459153530594204,0.0003451068623118847,20162.83677096184,7666.945059667396
4444,2219.8535670256,11.0,10.9375,3.3168210809950742,0.00034514034094900093,31690.00751962565,9610.064914101647
4445,2220.3537634775,5.0,4.9375,2.236359113231445,0.0003451738398346766,14304.386457458217,6478.9356989004855
4446,2220.8539600636,9.0,8.958333333333334,3.0001446724375733,0.0003452073589564521,25950.58622276771,8690.847963110895
4447,2221.3541567839,7.0,7.0,2.6457513110645907,0.0003452408983019645,20275.69744612777,7663.493300120218
4448,2221.8543536384,11.0,10.9375,3.3168210809950742,0.0003452744578587589,31677.69799083775,9606.332022254259
4449,2222.3545506271003,3.0,2.9791666666666665,1.7321760960646517,0.00034530803761444623,8627.562472186228,5016.321392433712
4450,2222.8547477499997,12.0,12.0,3.4641016151377544,0.00034534163755665237,34748.19915982889,10030.941069390967
4451,2223.3549450071,6.0,5.979166666666667,2.4495783367301764,0.0003453752576729868,17312.087458007623,7092.512513011345
4452,2223.8551423984,8.0,7.958333333333333,2.8285805725762097,0.0003454088979510846,23040.325192955395,8189.078478739079
4453,2224.3553399239,7.0,6.979166666666667,2.6458333333333335,0.0003454425583785769,20203.55192893769,7659.256999925631
4454,2224.8555375836,6.0,5.979166666666667,2.4495783367301764,0.00034547623894310304,17307.027206728922,7090.439401054152
4455,2225.3557353775,8.0,7.979166666666667,2.8285038497017783,0.0003455099396323393,23093.88457871105,8186.461589821753
4456,2225.8559333056,9.0,8.895833333333334,3.0003616680141896,0.0003455436604339171,25744.45533789384,8683.017550507162
4457,2226.3561313679,7.0,6.979166666666667,2.6458333333333335,0.00034557740133552196,20195.668581611262,7656.268387655613
4458,2226.8563295644003,5.0,4.979166666666667,2.236165026955251,0.0003456111623248489,14406.845638818284,6470.175939668932
4459,2227.3565278951,5.0,4.958333333333333,2.236262072198953,0.0003456449433895519,14345.163810902759,6469.824352901413
4460,2227.85672636,7.0,6.958333333333333,2.6459153530594204,0.0003456787445173887,20129.479881813524,7654.261058930462
4461,2228.3569249591,5.0,4.979166666666667,2.236165026955251,0.0003457125656960055,14402.619866137537,6468.278127100454
4462,2228.8571236924,7.0,6.979166666666667,2.6458333333333335,0.00034574640691313363,20185.79666229224,7652.525898839147
4463,2229.3573225599,9.0,8.979166666666666,3.000072337090854,0.00034578026815651236,25967.839965357358,8676.23925762275
4464,2229.8575215615997,6.0,5.9375,2.449755515012331,0.0003458141494138656,17169.62712504306,7084.023366783924
4465,2230.3577206975,12.0,11.9375,3.4642895495805965,0.0003458480506729358,34516.60339496649,10016.796517545597
4466,2230.8579199676,4.0,3.9791666666666665,2.000108504001165,0.0003458819719214741,11504.406097147094,5782.632997290912
4467,2231.3581193719,7.0,6.9375,2.6459973702430872,0.0003459159131472332,20055.45202266301,7649.250206991384
4468,2231.8583189103997,7.0,6.958333333333333,2.6459153530594204,0.00034594987433799753,20113.703890335717,7648.262217532493
4469,2232.3585185831,5.0,5.0,2.23606797749979,0.0003459838554815236,14451.54136756249,6462.925775504001
4470,2232.85871839,7.0,6.979166666666667,2.6458333333333335,0.0003460178565655996,20169.96098391681,7646.522522261
4471,2233.3589183311,9.0,8.979166666666666,3.000072337090854,0.000346051877578039,25947.458310327336,8669.429445341762
4472,2233.8591184064,8.0,7.9375,2.8286572933696537,0.00034608591850659824,22935.056226070257,8173.280512468248
4473,2234.3593186159,6.0,5.9375,2.449755515012331,0.00034611997933913625,17154.45612627378,7077.76395829495
4474,2234.8595189596,10.0,9.958333333333334,3.1624149088245135,0.00034615406006345475,28768.500740704403,9135.859646553907
4475,2235.3597194375,7.0,6.958333333333333,2.6459153530594204,0.00034618816066739246,20099.85933637603,7642.997807777543
4476,2235.8599200496,12.0,11.958333333333334,3.4642269058991437,0.00034622228113875494,34539.46780663955,10005.788461981714
4477,2236.3601207959,5.0,4.979166666666667,2.236165026955251,0.0003462564214653967,14379.998053449133,6458.118574354652
4478,2236.8603216764,9.0,9.0,3.0,0.0003462905816352275,25989.733701392837,8663.244567130945
4479,2237.3605226911,3.0,2.9166666666666665,1.7325519071909825,0.00034632476163601116,8421.767628998172,5002.679851728021
4480,2237.86072384,6.0,5.979166666666667,2.4495783367301764,0.00034635896145570233,17262.918913767946,7072.368869668949
4481,2238.3609251230996,8.0,7.979166666666667,2.8285038497017783,0.0003463931810821573,23034.999250675704,8165.587558234628
4482,2238.8611265403997,10.0,9.958333333333334,3.1624149088245135,0.00034642742050323435,28745.79996833813,9128.650683108926
4483,2239.3613280919,8.0,7.979166666666667,2.8285038497017783,0.0003464616797068643,23030.445021849784,8163.973147318717
4484,2239.8615297776,4.0,3.9791666666666665,2.000108504001165,0.0003464959586809327,11484.020424985221,5772.386239699103
4485,2240.3617315975002,6.0,5.916666666666667,2.449844099348183,0.0003465302574133679,17074.026120636307,7069.639798944947
4486,2240.8619335516,10.0,9.916666666666666,3.162552151524321,0.0003465645758920896,28614.19590025968,9125.433963882824
4487,2241.3621356399,9.0,8.916666666666666,3.0002893378991153,0.0003465989141050177,25726.18177322091,8656.372584566272
4488,2241.8623378624,6.0,5.916666666666667,2.449844099348183,0.00034663327204010464,17068.951955604894,7067.538799520497
4489,2242.3625402191,7.0,6.979166666666667,2.6458333333333335,0.0003466676496852807,20132.15445110798,7632.18989639019
4490,2242.8627427099996,9.0,8.958333333333334,3.0001446724375733,0.00034670204702853753,25838.70908785249,8653.380325125761
4491,2243.3629453351,7.0,6.979166666666667,2.6458333333333335,0.00034673646405779083,20128.158962546968,7630.675188786462
4492,2243.8631480944,5.0,4.979166666666667,2.236165026955251,0.0003467709007610597,14358.663474180985,6448.537123638487
4493,2244.3633509879,7.0,6.916666666666667,2.646079384884571,0.0003468053571262936,19943.944130447428,7629.868831354204
4494,2244.8635540156,6.0,5.916666666666667,2.449844099348183,0.0003468398331414974,17058.786509832316,7063.329713772352
4495,2245.3637571775,7.0,6.958333333333333,2.6459153530594204,0.00034687432879466554,20060.098876479162,7627.8788408861665
4496,2245.8639604736,8.0,7.895833333333333,2.828810728714258,0.0003469088440738125,22760.54205079107,8154.334422538867
4497,2246.3641639039,6.0,5.979166666666667,2.4495783367301764,0.0003469433789669546,17233.839955297623,7060.455639833645
4498,2246.8643674684,5.0,4.979166666666667,2.236165026955251,0.0003469779334621095,14350.096033442424,6444.689449392446
4499,2247.3645711671,8.0,8.0,2.8284271247461903,0.00034701250754729705,23053.924069032633,8150.793021086371
4500,2247.864775,11.0,10.916666666666666,3.3168865086268946,0.0003470471012105923,31455.864718611505,9557.453432276816
4501,2248.3649789671,3.0,2.9375,1.732426645873739,0.00034708171444000684,8463.424829912057,4991.408575553724
4502,2248.8651830684003,2.0,2.0,1.4142135623730951,0.0003471163472236313,5761.756874882907,4074.177357777914
4503,2249.3653873039,6.0,5.9375,2.449755515012331,0.0003471509995495044,17103.508293811785,7056.743371591506
4504,2249.8655916735997,10.0,9.916666666666666,3.162552151524321,0.00034718567140571435,28563.00672350687,9109.109079068601
4505,2250.3657961774998,6.0,5.979166666666667,2.4495783367301764,0.00034722036278035716,17220.092216909918,7054.823389720717
4506,2250.8660008156,9.0,8.9375,3.0002170060402853,0.00034725507366151876,25737.564913771952,8639.807546670141
4507,2251.3662055879,6.0,6.0,2.449489742783178,0.00034728980403725716,17276.63735085157,7053.157663449277
4508,2251.8664104944,8.0,7.958333333333333,2.8285805725762097,0.0003473245538957567,22913.247117339954,8143.911914229818
4509,2252.3666155350998,7.0,7.0,2.6457513110645907,0.00034735932322506135,20152.04294794343,7616.756292878753
4510,2252.86682071,4.0,3.9583333333333335,2.0002170021164094,0.00034739411201333524,11394.359306761615,5757.77462238516
4511,2253.3670260191,6.0,5.979166666666667,2.4495783367301764,0.0003474289202487091,17209.75519938422,7050.588462746944
4512,2253.8672314624,12.0,11.916666666666666,3.4643521921293035,0.0003474637479193268,34296.14380788135,9970.398963559352
4513,2254.3674370399,14.0,13.979166666666666,3.741715385725881,0.000347498595013305,40227.98039264427,10767.569824512868
4514,2254.8676427515998,5.0,4.958333333333333,2.236262072198953,0.00034753346151885045,14267.21131157723,6434.666930849353
4515,2255.3678485975,5.0,4.9375,2.236359113231445,0.0003475683474241187,14205.839043148075,6434.300274479649
4516,2255.8680545776,9.0,8.979166666666666,3.000072337090854,0.0003476032527172492,25831.653174921776,8630.737237465388
4517,2256.3682606919,9.0,8.9375,3.0002170060402853,0.00034763817738646033,25709.201639451738,8630.286318366645
4518,2256.8684669403997,5.0,5.0,2.23606797749979,0.00034767312141994273,14381.324560205698,6431.523864621442
4519,2257.3686733230998,5.0,4.958333333333333,2.236262072198953,0.00034770808480587083,14260.046142158655,6431.435361784821
4520,2257.86887984,5.0,5.0,2.23606797749979,0.0003477430675324739,14378.431856252826,6430.230208085961
4521,2258.3690864911,8.0,7.9375,2.8286572933696537,0.00034777806958797197,22823.463277612376,8133.512549313097
4522,2258.8692932763997,6.0,5.9375,2.449755515012331,0.00034781309096058014,17070.950330253483,7043.310268301481
4523,2259.3695001959,10.0,9.916666666666666,3.162552151524321,0.0003478481316385394,28508.60983485576,9091.761213800723
4524,2259.8697072496,9.0,8.979166666666666,3.000072337090854,0.0003478831916100749,25810.86664494837,8623.792150479885
4525,2260.3699144375,7.0,6.979166666666667,2.6458333333333335,0.0003479182708634367,20059.787746548376,7604.755354661624
4526,2260.8701217596004,9.0,8.979166666666666,3.000072337090854,0.0003479533693869184,25805.660920851667,8622.052841094413
4527,2261.3703292159,6.0,5.958333333333333,2.4496669274731113,0.00034798848716875047,17122.213961187605,7039.505666994068
4528,2261.8705368063997,7.0,6.916666666666667,2.646079384884571,0.00034802362419721224,19874.129759499447,7603.160248067341
4529,2262.3707445311,7.0,6.958333333333333,2.6459153530594204,0.0003480587804605909,19991.833919906505,7601.921001843553
4530,2262.87095239,10.0,9.916666666666666,3.162552151524321,0.00034809395594719874,28488.477025354885,9085.34060270796
4531,2263.3711603831,10.0,9.958333333333334,3.1624149088245135,0.00034812915064529715,28605.284317255322,9084.027875754202
4532,2263.8713685104,6.0,5.979166666666667,2.4495783367301764,0.0003481643645432078,17173.402207636453,7035.695166402304
4533,2264.3715767719,9.0,8.9375,3.0002170060402853,0.00034819959762924865,25667.74936229637,8616.371260815806
4534,2264.8717851676,8.0,7.958333333333333,2.8285805725762097,0.0003482348498917574,22853.35122491916,8122.623492322562
4535,2265.3719936975003,10.0,9.875,3.162689388268577,0.000348270121319055,28354.427771750707,9081.13902016646
4536,2265.8722023615996,7.0,6.958333333333333,2.6459153530594204,0.0003483054118994647,19977.677910275463,7596.538160662116
4537,2266.3724111599,7.0,6.9375,2.6459973702430872,0.0003483407216213531,19915.845519609025,7596.003585016656
4538,2266.8726200924,4.0,3.9166666666666665,2.0004339806929674,0.0003483760504730584,11242.64042074144,5742.168492858755
4539,2267.3728291591,6.0,5.958333333333333,2.4496669274731113,0.00034841139844299206,17101.43055009221,7030.96092269189
4540,2267.8730383599996,9.0,8.958333333333334,3.0001446724375733,0.0003484467655194606,25709.33129477712,8610.051718990677
4541,2268.3732476951,7.0,6.958333333333333,2.6459153530594204,0.00034848215169089655,19967.545825719564,7592.685422254697
4542,2268.8734571644,5.0,5.0,2.23606797749979,0.0003485175569456633,14346.479539851533,6415.940697783586
4543,2269.3736667679,7.0,7.0,2.6457513110645907,0.0003485529812721669,20083.030058876655,7590.671872631786
4544,2269.8738765056,5.0,4.979166666666667,2.236165026955251,0.00034858842465881044,14283.798067994225,6414.914749805456
4545,2270.3740863774997,3.0,2.9791666666666665,1.7321760960646517,0.0003486238870940031,8545.503555421497,4968.609897914387
4546,2270.8742963836,10.0,9.979166666666666,3.162346285241036,0.0003486593685661925,28621.535992864436,9070.016670556406
4547,2271.3745065239,10.0,9.979166666666666,3.162346285241036,0.0003486948690637743,28618.622044712487,9069.093255463593
4548,2271.8747167984,4.0,3.9375,2.000325494346691,0.000348730388575187,11290.957510435219,5736.022898719698
4549,2272.3749272071,6.0,5.979166666666667,2.4495783367301764,0.00034876592708888956,17143.78097818817,7023.559775969329
4550,2272.87513775,8.0,7.979166666666667,2.8285038497017783,0.00034880148459334173,22875.953856587974,8109.208173237723
4551,2273.3753484271,6.0,5.9375,2.449755515012331,0.00034883706107700544,17020.840565702685,7022.635460374865
4552,2273.8755592384,11.0,10.979166666666666,3.316690221859403,0.00034887265652832613,31470.413233073858,9506.879257503833
4553,2274.3757701839004,8.0,7.895833333333333,2.828810728714258,0.0003489082709358229,22630.112241694802,8107.605821802317
4554,2274.8759812636,9.0,8.979166666666666,3.000072337090854,0.0003489439042879269,25732.40729047845,8597.57772015808
4555,2275.3761924775,12.0,11.958333333333334,3.4642269058991437,0.00034897955657318995,34266.57266333412,9926.733072607956
4556,2275.8764038256,6.0,5.895833333333333,2.4499326804810146,0.00034901522778006444,16892.768177578353,7019.558132359958
4557,2276.3766153079,9.0,8.979166666666666,3.000072337090854,0.0003490509178970939,25724.5181326636,8594.941835893771
4558,2276.8768269243997,8.0,7.916666666666667,2.82873401208228,0.00034908662691278766,22678.22957493152,8103.24370514767
4559,2277.3770386751,7.0,6.854166666666667,2.646325413558288,0.00034912235481566865,19632.56311755105,7579.936881886318
4560,2277.87725056,8.0,7.9375,2.8286572933696537,0.00034915810159429105,22733.254545022945,8101.365199471871
4561,2278.3774625791,9.0,9.0,3.0,0.000349193867237152,25773.64852140352,8591.216173801173
4562,2278.8776747324,11.0,10.979166666666666,3.316690221859403,0.0003492296517328385,31438.24303632085,9497.16098104029
4563,2279.3778870199,7.0,6.958333333333333,2.6459153530594204,0.00034926545506991,19922.764282372365,7575.65718181263
4564,2279.8780994415997,11.0,10.958333333333334,3.3167556520726027,0.00034930127723690416,31372.153632009595,9495.40087087372
4565,2280.3783119975,12.0,11.916666666666666,3.4643521921293035,0.0003493371182224192,34112.22582731519,9916.931271882731
4566,2280.8785246876,6.0,5.958333333333333,2.4496669274731113,0.0003493729780150433,17054.362266897413,7011.609602410733
4567,2281.3787375118995,8.0,7.9375,2.8286572933696537,0.0003494088566033486,22716.93991148801,8095.5512143207225
4568,2281.8789504704,13.0,12.979166666666666,3.6056114637849954,0.00034944475397593873,37142.256448240616,10318.115876002712
4569,2282.3791635631,10.0,10.0,3.1622776601683795,0.0003494806701214245,28613.885845318924,9048.505197926024
4570,2282.87937679,9.0,8.9375,3.0002170060402853,0.00034951660502840115,25571.031165382694,8583.904063145992
4571,2283.3795901511003,6.0,5.979166666666667,2.4495783367301764,0.00034955255868551874,17105.200686131815,7007.7539868159965
4572,2283.8798036464,10.0,9.979166666666666,3.162346285241036,0.0003495885310813755,28545.463536227293,9045.909702641018
4573,2284.3800172758997,5.0,5.0,2.23606797749979,0.0003496245222046603,14301.05636890407,6395.626838185162
4574,2284.8802310396,6.0,5.958333333333333,2.4496669274731113,0.00034966053204395724,17040.337090673667,7005.843390883915
4575,2285.3804449375,4.0,3.9583333333333335,2.0002170021164094,0.0003496965605879586,11319.33733256636,5719.86466996806
4576,2285.8806589696,7.0,6.979166666666667,2.6458333333333335,0.0003497326078253286,19955.721915848237,7565.303532276795
4577,2286.3808731359,3.0,2.9791666666666665,1.7321760960646517,0.00034976867374471565,8517.534274213076,4952.347726054245
4578,2286.8810874364,10.0,9.958333333333334,3.1624149088245135,0.00034980475833478744,28468.26149746802,9040.514268241779
4579,2287.3813018711003,12.0,11.958333333333334,3.4642269058991437,0.00034984086158426674,34182.20867390847,9902.293546303508
4580,2287.8815164400003,7.0,7.0,2.6457513110645907,0.0003498769834818362,20007.031986896625,7561.947301406136
4581,2288.3817311431,4.0,4.0,2.0,0.0003499131240161806,11431.408899698867,5715.704449849433
4582,2288.8819459804,3.0,2.8958333333333335,1.7326771594526456,0.00034994928317600403,8275.008615682458,4951.223627971286
4583,2289.3821609519,1.0,0.9375,1.0006508298769023,0.00034998546095005924,2678.6827014330615,2859.1211393769554
4584,2289.8823760576,6.0,5.875,2.4500212584111725,0.00035002165732703016,16784.675682256155,6999.627614819511
4585,2290.3825912975003,8.0,7.895833333333333,2.828810728714258,0.00035005787229566715,22555.794222117438,8080.980182399606
4586,2290.8828066716,3.0,2.9375,1.732426645873739,0.00035009410584471056,8390.60112969446,4948.4599053552265
4587,2291.3830221799,5.0,4.958333333333333,2.236262072198953,0.0003501303579629084,14161.392237398055,6386.941381517838
4588,2291.8832378224,3.0,2.9166666666666665,1.7325519071909825,0.0003501666286390157,8329.367872669094,4947.792752053075
4589,2292.3834535991,7.0,6.916666666666667,2.646079384884571,0.0003502029178617958,19750.4541335554,7555.846196372415
4590,2292.88366951,5.0,4.958333333333333,2.236262072198953,0.00035023922562002534,14156.990338691048,6384.9560774928
4591,2293.3838855551,9.0,8.916666666666666,3.0002893378991153,0.00035027555190247055,25456.149075312544,8565.511699584746
4592,2293.8841017344,6.0,5.958333333333333,2.4496669274731113,0.0003503118966979409,17008.652545051737,6992.816831411681
4593,2294.3843180479003,5.0,4.9375,2.236359113231445,0.0003503482599952296,14093.119800472905,6383.245954359515
4594,2294.8845344956003,10.0,9.916666666666666,3.162552151524321,0.0003503846417830902,28302.229847179482,9025.94398952605
4595,2295.3847510775,7.0,6.9375,2.6459973702430872,0.0003504210420503968,19797.612493265355,7550.908914489632
4596,2295.8849677936,6.0,5.979166666666667,2.4495783367301764,0.00035045746078594703,17061.03403607844,6989.65954737181
4597,2296.3851846439,9.0,9.0,3.0,0.00035049389797854103,25678.050465092616,8559.350155030872
4598,2296.8854016284004,5.0,4.9375,2.236359113231445,0.0003505303536170456,14085.798702026868,6379.929983680293
4599,2297.3856187470997,5.0,4.9375,2.236359113231445,0.0003505668276902759,14084.333171312654,6379.266195737315
4600,2297.885836,4.0,3.9583333333333335,2.0002170021164094,0.0003506033201871015,11290.062316640202,5705.0714780709495
4601,2298.3860533871,2.0,1.9791666666666667,1.41436700604114,0.0003506398310963885,5644.443360807481,4033.6746730075283
4602,2298.8862709084,5.0,5.0,2.23606797749979,0.00035067636040698037,14258.160984097156,6376.4434389153075
4603,2299.3864885639,2.0,1.9583333333333333,1.4145204330639964,0.0003507129081077405,5583.8644317355,4033.2716599910536
4604,2299.8867063536,4.0,3.9166666666666665,2.0004339806929674,0.0003507494741875802,11166.56461349972,5703.312842667696
4605,2300.3869242775,3.0,2.9375,1.732426645873739,0.0003507860586353547,8374.050016205341,4938.698683218229
4606,2300.8871423356,9.0,9.0,3.0,0.00035082266143999076,25653.987011724086,8551.32900390803
4607,2301.3873605279,7.0,6.979166666666667,2.6458333333333335,0.00035085928259036975,19891.640361172616,7541.009927966932
4608,2301.8875788543996,3.0,2.9791666666666665,1.7321760960646517,0.00035089592207541054,8490.171812331344,4936.4383769965625
4609,2302.3877973150998,5.0,4.979166666666667,2.236165026955251,0.0003509325798840327,14188.385325500572,6372.064479434204
4610,2302.88801591,5.0,4.9375,2.236359113231445,0.0003509692560051646,14068.183795355975,6371.9516025031435
4611,2303.3882346391,2.0,2.0,1.4142135623730951,0.0003510059504277412,5697.909102574385,4029.030165014903
4612,2303.8884535024004,5.0,4.958333333333333,2.236262072198953,0.0003510426631406936,14124.588985772632,6370.342716157798
4613,2304.3886724998997,9.0,8.958333333333334,3.0001446724375733,0.0003510793941329719,25516.54549665866,8545.487780183601
4614,2304.8888916316,6.0,5.916666666666667,2.449844099348183,0.00035111614339354,16851.024306322237,6977.304078560509
4615,2305.3891108975,5.0,4.958333333333333,2.236262072198953,0.00035115291091138113,14120.15443774762,6368.342686936485
4616,2305.8893302976003,9.0,9.0,3.0,0.0003511896966754327,25627.175527070613,8542.39184235687
4617,2306.3895498319,3.0,2.9375,1.732426645873739,0.00035122650067468677,8363.548861937308,4932.50549871904
4618,2306.8897695004,6.0,5.979166666666667,2.4495783367301764,0.00035126332289814923,17021.89291308492,6973.623993873239
4619,2307.3899893031,10.0,9.979166666666666,3.162346285241036,0.00035130016333479217,28406.382086297046,9001.835510754636
4620,2307.89020924,5.0,4.979166666666667,2.236165026955251,0.0003513370219736184,14172.052346480436,6364.729268762239
4621,2308.3904293111,7.0,6.9375,2.6459973702430872,0.00035137389880367405,19743.92527054562,7530.432337894018
4622,2308.8906495163997,5.0,5.0,2.23606797749979,0.0003514107938139295,14228.362042423429,6363.116947067307
4623,2309.3908698559,7.0,6.958333333333333,2.6459153530594204,0.00035144770699342264,19799.05742695188,7528.617488202701
4624,2309.8910903296,9.0,8.958333333333334,3.0001446724375733,0.0003514846383312102,25487.126196655394,8535.635260424906
4625,2310.3913109375003,6.0,5.979166666666667,2.4495783367301764,0.00035152158781631476,17009.386831146883,6968.500432497441
4626,2310.8915316795997,4.0,3.9791666666666665,2.000108504001165,0.00035155855543779105,11318.645514717924,5689.2613565056245
4627,2311.3917525559,5.0,4.958333333333333,2.236262072198953,0.0003515955411846997,14102.378308400184,6360.325459941492
4628,2311.8919735664,6.0,5.958333333333333,2.4496669274731113,0.000351632545046075,16944.772084599288,6966.553471755941
4629,2312.3921947111003,8.0,7.958333333333333,2.8285805725762097,0.0003516695670110168,22630.145113136907,8043.290741981089
4630,2312.8924159900002,7.0,6.958333333333333,2.6459153530594204,0.0003517066070686035,19784.482843042093,7523.0754836041815
4631,2313.3926374031,8.0,7.958333333333333,2.8285805725762097,0.0003517436652079031,22625.377854721126,8041.596345180337
4632,2313.8928589504,2.0,1.9375,1.4146738434470802,0.0003517807414180382,5507.692070321651,4021.4647275586767
4633,2314.3930806319,10.0,9.9375,3.16248353091891,0.0003518178356880739,28246.151820485622,8988.980120163116
4634,2314.8933024476,7.0,7.0,2.6457513110645907,0.00035185494800715403,19894.56177793377,7519.437558146252
4635,2315.3935243974997,5.0,4.958333333333333,2.236262072198953,0.0003518920783643646,14090.494325363174,6354.965654792116
4636,2315.8937464816,7.0,6.958333333333333,2.6459153530594204,0.0003519292267488525,19771.967783451568,7518.316615822382
4637,2316.3939686999,7.0,6.979166666666667,2.6458333333333335,0.0003519663931497308,19829.071191173767,7517.289675459906
4638,2316.8941910524,2.0,1.9166666666666667,1.414827237195804,0.000352003577556167,5445.02041704629,4019.3547094561814
4639,2317.3944135391002,6.0,5.916666666666667,2.449844099348183,0.0003520407799572716,16806.76502132734,6958.978160557221
4640,2317.8946361599997,2.0,1.9791666666666667,1.41436700604114,0.00035207800034222096,5621.386922053949,4017.197906902364
4641,2318.3948589151,8.0,7.958333333333333,2.8285805725762097,0.00035211523870017005,22601.50217500226,8033.110361874388
4642,2318.8950818044,5.0,4.958333333333333,2.236262072198953,0.0003521524950202869,14080.0744093768,6350.266159750268
4643,2319.3953048279,8.0,7.979166666666667,2.8285038497017783,0.0003521897692917532,22655.872948020653,8031.192545399159
4644,2319.8955279856,4.0,3.9791666666666665,2.000108504001165,0.0003522270615037398,11297.163397039036,5678.463475981184
4645,2320.3957512775,6.0,5.979166666666667,2.4495783367301764,0.00035226437164545543,16973.52087790626,6953.80666880388
4646,2320.8959747036,4.0,3.8958333333333335,2.0005424611561957,0.0003523016997060918,11058.230308237054,5678.4922208015205
4647,2321.3961982639003,3.0,2.9166666666666665,1.7325519071909825,0.00035233904567484316,8278.011484876186,4917.286143727232
4648,2321.8964219584,5.0,4.958333333333333,2.236262072198953,0.00035237640954092776,14071.127348714963,6346.2309384227265
4649,2322.3966457870997,6.0,5.958333333333333,2.4496669274731113,0.00035241379129357845,16907.208175544245,6951.109712481188
4650,2322.89686975,2.0,1.9583333333333333,1.4145204330639964,0.0003524511909220287,5556.32491469313,4013.3796380813615
4651,2323.3970938471,4.0,3.9583333333333335,2.0002170021164094,0.00035248860841549033,11229.677325252767,5674.557856232011
4652,2323.8973180784,7.0,6.979166666666667,2.6458333333333335,0.00035252604376321227,19797.59166773645,7505.355647171729
4653,2324.3975424439004,5.0,4.9375,2.236359113231445,0.00035256349695446837,14004.569510602656,6343.138562414073
4654,2324.8977669436,9.0,8.9375,3.0002170060402853,0.0003526009679785106,25347.3495868131,8508.816703597746
4655,2325.3979915775,5.0,4.958333333333333,2.236262072198953,0.00035263845682455665,14060.671028288285,6341.515024583747
4656,2325.8982163456,5.0,4.958333333333333,2.236262072198953,0.0003526759634819505,14059.175693120616,6340.840612216551
4657,2326.3984412479003,8.0,7.979166666666667,2.8285038497017783,0.0003527134879399073,22622.23288729491,8019.267610723404
4658,2326.8986662844,4.0,4.0,2.0,0.00035275103018776185,11339.442433012557,5669.721216506278
4659,2327.3988914551,7.0,7.0,2.6457513110645907,0.0003527885902148032,19841.911541804384,7499.537639393798
4660,2327.89911676,5.0,4.979166666666667,2.236165026955251,0.0003528261680102987,14112.237464544663,6337.866149684168
4661,2328.3993421991,3.0,2.9583333333333335,1.7323013754989502,0.00035286376356359964,8383.78331471865,4909.264011708935
4662,2328.8995677724,5.0,4.979166666666667,2.236165026955251,0.00035290137686401756,14109.229923988862,6336.515450368747
4663,2329.3997934799,4.0,3.9583333333333335,2.0002170021164094,0.0003529390079008359,11215.34668801895,5667.316327580327
4664,2329.9000193215998,4.0,4.0,2.0,0.0003529766566634461,11332.19413943822,5666.09706971911
4665,2330.4002452975,11.0,11.0,3.3166247903554,0.00035301432314113475,31160.208747683624,9395.15643683788
4666,2330.9004714076,6.0,5.958333333333333,2.4496669274731113,0.00035305200732329054,16876.644827789558,6938.544114351815
4667,2331.4006976519,3.0,2.9375,1.732426645873739,0.000353089709199221,8319.415501125799,4906.477307998421
4668,2331.9009240304,6.0,5.958333333333333,2.4496669274731113,0.0003531274287583293,16873.04029110424,6937.062170691917
4669,2332.4011505431,3.0,2.8958333333333335,1.7326771594526456,0.0003531651659899616,8199.657305430981,4906.138335007523
4670,2332.90137719,4.0,3.9583333333333335,2.0002170021164094,0.00035320292088350053,11206.966588588713,5663.081712668382
4671,2333.4016039711,12.0,12.0,3.4641016151377544,0.00035324069342833087,33971.17099826632,9806.632360267935
4672,2333.9018308863997,4.0,3.9791666666666665,2.000108504001165,0.0003532784836138265,11263.54094923128,5661.563318380608
4673,2334.4020579359,10.0,9.916666666666666,3.162552151524321,0.00035331629142942237,28067.391476760127,8951.051022101155
4674,2334.9022851196,6.0,5.9375,2.449755515012331,0.00035335411686448955,16803.256893358954,6932.862525418959
4675,2335.4025124375003,4.0,4.0,2.0,0.000353391959908448,11318.876640646453,5659.438320323226
4676,2335.9027398895996,5.0,4.979166666666667,2.236165026955251,0.00035342982055070783,14088.133986283956,6327.0411745983965
4677,2336.4029674759,5.0,4.958333333333333,2.236262072198953,0.0003534676987807154,14027.684426150034,6326.637709507615
4678,2336.9031951964,5.0,4.875,2.2366502110671367,0.00035350559458789557,13790.446529377008,6327.057464746902
4679,2337.4034230511,6.0,5.9375,2.449755515012331,0.0003535435079616982,16794.255491302218,6929.1486333210505
4680,2337.90365104,10.0,9.958333333333334,3.1624149088245135,0.00035358143889153873,28164.185780091408,8943.950561258353
4681,2338.4038791630996,6.0,5.979166666666667,2.4495783367301764,0.00035361938736692337,16908.480926874494,6927.160739036175
4682,2338.9041074204,1.0,0.9583333333333334,1.0004339336285808,0.0003536573533772709,2709.7791808417805,2828.822655813262
4683,2339.4043358119,7.0,6.9375,2.6459973702430872,0.0003536953369120725,19614.33831886972,7481.007223176576
4684,2339.9045643376003,3.0,2.9791666666666665,1.7321760960646517,0.0003537333379608092,8422.069245270668,4896.841519236626
4685,2340.4047929975,5.0,4.979166666666667,2.236165026955251,0.0003537713565129635,14074.533098849715,6320.93295793242
4686,2340.9050217915997,4.0,3.9791666666666665,2.000108504001165,0.0003538093925579894,11246.639434577704,5653.067855380201
4687,2341.4052507199,5.0,4.895833333333333,2.2365531826649887,0.0003538474460854553,13836.000195832905,6320.670694129734
4688,2341.9054797824,3.0,3.0,1.7320508075688772,0.0003538855170848071,8477.317819369995,4894.381725019277
4689,2342.4057089791004,6.0,5.9375,2.449755515012331,0.00035392360554559193,16776.219237614936,6921.7070481521105
4690,2342.90593831,11.0,10.916666666666666,3.3168865086268946,0.0003539617114573055,30841.377226145043,9370.749437759383
4691,2343.4061677751,5.0,4.9375,2.236359113231445,0.00035399983480949277,13947.746621568755,6317.4015728989125
4692,2343.9063973744,10.0,9.916666666666666,3.162552151524321,0.0003540379755916937,28010.177863245375,8932.80486715821
4693,2344.4066271079,7.0,6.979166666666667,2.6458333333333335,0.0003540761337934383,19710.92090250338,7472.49837199382
4694,2344.9068569755996,1.0,0.9791666666666666,1.0002169903464837,0.0003541143094042696,2765.114655530101,2824.5596514559375
4695,2345.4070869775,5.0,4.9375,2.236359113231445,0.0003541525024137558,13941.734044932788,6314.678275571551
4696,2345.9073171136,3.0,2.9791666666666665,1.7321760960646517,0.00035419071281146084,8411.193627915665,4890.5181118814535
4697,2346.4075473839002,9.0,8.9375,3.0002170060402853,0.0003542289405869324,25230.85771927949,8469.711709803092
4698,2346.9077777884004,5.0,4.9375,2.236359113231445,0.00035426718572978454,13937.220829044134,6312.63408894217
4699,2347.4080083270997,9.0,8.9375,3.0002170060402853,0.00035430544822957966,25225.40944447673,8467.882785974636
4700,2347.908239,4.0,4.0,2.0,0.00035434372807591083,11288.474108798344,5644.237054399172
4701,2348.4084698071,7.0,6.916666666666667,2.646079384884571,0.00035438202525839134,19517.543706184035,7466.742657038628
4702,2348.9087007484,4.0,3.9791666666666665,2.000108504001165,0.00035442033976660497,11227.252559170423,5643.323138052089
4703,2349.4089318239,5.0,4.895833333333333,2.2365531826649887,0.00035445867159019745,13812.141515312069,6309.771383589535
4704,2349.9091630335997,8.0,7.958333333333333,2.8285805725762097,0.0003544970207187324,22449.648003241447,7979.137784688133
4705,2350.4093943775,1.0,1.0,1.0,0.0003545353871418991,2820.592911927746,2820.592911927746
4706,2350.9096258556,5.0,4.979166666666667,2.236165026955251,0.00035457377084928816,14042.681878979327,6306.628438982123
4707,2351.4098574679,10.0,10.0,3.1622776601683795,0.0003546121718305801,28199.821648472942,8917.566601969864
4708,2351.9100892143997,7.0,6.9375,2.6459973702430872,0.00035465059007539786,19561.50699911455,7460.857092273707
4709,2352.4103210951,5.0,4.958333333333333,2.236262072198953,0.00035468902557338905,13979.381869280305,6304.852732851882
4710,2352.91055311,9.0,8.895833333333334,3.0003616680141896,0.00035472747831423896,25077.936943618643,8458.21609950467
4711,2353.4107852591,7.0,6.979166666666667,2.6458333333333335,0.0003547659482875868,19672.594566514283,7457.968686409892
4712,2353.9110175424,6.0,5.958333333333333,2.4496669274731113,0.0003548044354831557,16793.288745727095,6904.273685691872
4713,2354.4112499599,4.0,3.9166666666666665,2.0004339806929674,0.00035484293989058774,11037.747201266937,5637.519465118233
4714,2354.9114825116,2.0,1.9583333333333333,1.4145204330639964,0.00035488146149959703,5518.274538935185,3985.895535615637
4715,2355.4117151975,16.0,15.979166666666666,4.000054253104297,0.0003549200002998643,45021.882827584275,11270.298235446684
4716,2355.9119480176,4.0,3.9583333333333335,2.0002170021164094,0.0003549585562811125,11151.536604173298,5635.071944940863
4717,2356.4121809719,10.0,10.0,3.1622776601683795,0.00035499712943303695,28169.241863929772,8907.8964250185
4718,2356.9124140604,4.0,3.9791666666666665,2.000108504001165,0.0003550357197453873,11207.79247091057,5633.541620644639
4719,2357.4126472831,9.0,8.916666666666666,3.0002893378991153,0.00035507432720784376,25112.11310821486,8449.75011708714
4720,2357.91288064,2.0,1.9375,1.4146738434470802,0.00035511295181018865,5456.010517565162,3983.7292225917945
4721,2358.4131141311,5.0,4.958333333333333,2.236262072198953,0.000355151593542111,13961.17439283125,6296.640963639081
4722,2358.9133477564,6.0,6.0,2.449489742783178,0.0003551902523934017,16892.355461811825,6896.275239192576
4723,2359.4135815158998,6.0,5.916666666666667,2.449844099348183,0.00035522892835376454,16655.92578308935,6896.521943473134
4724,2359.9138154096,2.0,1.8958333333333333,1.4149806143155776,0.00035526762141303484,5336.35270727144,3982.858355308767
4725,2360.4140494375,6.0,5.979166666666667,2.4495783367301764,0.00035530633156091913,16828.20185162253,6894.271559892491
4726,2360.9142835996,2.0,1.9583333333333333,1.4145204330639964,0.00035534505878720245,5511.075178636652,3980.695377872353
4727,2361.4145178958997,5.0,4.958333333333333,2.236262072198953,0.00035538380308169465,13952.052092237656,6292.526707203049
4728,2361.9147523264,3.0,2.9791666666666665,1.7321760960646517,0.0003554225644341541,8382.041448070722,4873.568167576362
4729,2362.4149868911,5.0,4.958333333333333,2.236262072198953,0.0003554613428343995,13949.008614540951,6291.154065776349
4730,2362.91522159,8.0,8.0,2.8284271247461903,0.00035550013827221553,22503.507421631988,7956.191349158889
4731,2363.4154564231,6.0,5.916666666666667,2.449844099348183,0.00035553895073741194,16641.40217097198,6890.508323397591
4732,2363.9156913904,3.0,2.9791666666666665,1.7321760960646517,0.00035557778021981176,8378.382543546448,4871.440771675473
4733,2364.4159264919,7.0,7.0,2.6457513110645907,0.0003556166267092516,19684.11900415198,7439.897666055218
4734,2364.9161617276,7.0,6.895833333333333,2.646161396984109,0.00035565549019553924,19389.08163498898,7440.237729858326
4735,2365.4163970974996,5.0,4.979166666666667,2.236165026955251,0.00035569437066853155,13998.441013582158,6286.7596772823645
4736,2365.9166326015998,5.0,4.979166666666667,2.236165026955251,0.0003557332681180752,13996.910362103043,6286.072255162319
4737,2366.4168682399,5.0,4.958333333333333,2.236262072198953,0.000355772182533971,13936.821305189833,6285.657457171832
4738,2366.9171040124,9.0,8.979166666666666,3.000072337090854,0.00035581111390615023,25235.767843482925,8431.64313828084
4739,2367.4173399191004,4.0,3.9375,2.000325494346691,0.00035585006222444066,11065.053566062192,5621.259363684056
4740,2367.91757596,6.0,6.0,2.449489742783178,0.0003558890274787002,16859.187939867286,6882.734655059796
4741,2368.4178121351,2.0,1.9375,1.4146738434470802,0.0003559280096588412,5443.516518570998,3974.6066762294213
4742,2368.9180484444,7.0,6.979166666666667,2.6458333333333335,0.00035596700875471874,19606.217697201555,7432.804918043575
4743,2369.4182848879,4.0,3.9375,2.000325494346691,0.0003560060247562424,11060.206081332499,5618.796748499735
4744,2369.9185214656,5.0,4.958333333333333,2.236262072198953,0.0003560450576533172,13926.140039728583,6280.840090684287
4745,2370.4187581775,9.0,8.958333333333334,3.0001446724375733,0.00035608410743583795,25157.913948595746,8425.382121211807
4746,2370.9189950236,4.0,3.9583333333333335,2.0002170021164094,0.00035612317409372405,11115.068103631987,5616.643755932589
4747,2371.4192320039,5.0,4.916666666666667,2.236456150053274,0.00035616225761688484,13804.569578945691,6279.318210238255
4748,2371.9194691184002,3.0,2.9583333333333335,1.7323013754989502,0.0003562013579952428,8305.227554390298,4863.264377341553
4749,2372.4197063671,3.0,2.9583333333333335,1.7323013754989502,0.000356240475218775,8304.31559332655,4862.730363345452
4750,2372.91994375,8.0,7.916666666666667,2.82873401208228,0.0003562796092773714,22220.375403250684,7939.646104978322
4751,2373.4201812671,4.0,3.9375,2.000325494346691,0.00035631876016100565,11050.498711380807,5613.865218443247
4752,2373.9204189184,6.0,5.979166666666667,2.4495783367301764,0.00035635792785962384,16778.5425809917,6873.926873026133
4753,2374.4206567039,5.0,4.958333333333333,2.236262072198953,0.000356397112363179,13912.383578126884,6274.635777408143
4754,2374.9208946236,10.0,10.0,3.1622776601683795,0.000356436313661649,28055.502811345443,8871.928978510887
4755,2375.4211326775,5.0,4.9375,2.236359113231445,0.000356475531745008,13850.88052419784,6273.527673229321
4756,2375.9213708656002,4.0,3.9375,2.000325494346691,0.00035651476660324204,11044.423313836991,5610.778800006374
4757,2376.4216091879002,6.0,6.0,2.449489742783178,0.00035655401822633415,16827.744726722744,6869.898017046846
4758,2376.9218476444,8.0,8.0,2.8284271247461903,0.0003565932866042678,22434.5221868354,7931.801385495682
4759,2377.4220862351,9.0,8.9375,3.0002170060402853,0.00035663257172706316,25060.806859896176,8412.627572156816
4760,2377.92232496,2.0,1.9583333333333333,1.4145204330639964,0.0003566718735847188,5490.574049619246,3965.8872420956714
4761,2378.4225638191,4.0,3.9791666666666665,2.000108504001165,0.0003567111921672581,11155.149471174645,5607.08087640641
4762,2378.9228028124,4.0,4.0,2.0,0.0003567505274646878,11212.31698920454,5606.15849460227
4763,2379.4230419399,6.0,6.0,2.449489742783178,0.00035678987946705207,16816.62049652973,6865.356569087821
4764,2379.9232812016,7.0,6.9375,2.6459973702430872,0.00035682924816436587,19442.07218351223,7415.304053282831
4765,2380.4235205975,6.0,6.0,2.449489742783178,0.0003568686335467176,16812.90939012868,6863.841516243863
4766,2380.9237601276004,6.0,5.9375,2.449755515012331,0.0003569080356041137,16635.938134455286,6863.828411332343
4767,2381.4239997919,6.0,5.9375,2.449755515012331,0.00035694745432659743,16634.100980497104,6863.07041924123
4768,2381.9242395904,7.0,6.958333333333333,2.6459153530594204,0.0003569868897042787,19491.845594378796,7411.799786964859
4769,2382.4244795231,2.0,1.9583333333333333,1.4145204330639964,0.00035702634172720337,5485.122817155201,3961.949771607617
4770,2382.92471959,7.0,6.979166666666667,2.6458333333333335,0.0003570658103854309,19545.883318072596,7409.931884761851
4771,2383.4249597911,3.0,2.9791666666666665,1.7321760960646517,0.0003571052956690813,8342.544069767508,4850.60321723654
4772,2383.9252001264,9.0,8.958333333333334,3.0001446724375733,0.0003571447975682044,25083.197051533556,8400.35944206812
4773,2384.4254405959,3.0,2.9583333333333335,1.7323013754989502,0.0003571843160729227,8282.371874159673,4849.8808529579555
4774,2384.9256811996,11.0,10.9375,3.3168210809950742,0.0003572238511733307,30618.05633659369,9284.993345491088
4775,2385.4259219375003,7.0,7.0,2.6457513110645907,0.0003572634028595477,19593.38668324764,7405.604072199706
4776,2385.9261628095996,5.0,4.958333333333333,2.236262072198953,0.0003573029711216765,13877.111958424814,6258.727894645503
4777,2386.4264038159,4.0,3.9791666666666665,2.000108504001165,0.00035734255594983323,11135.440211115789,5597.17411402284
4778,2386.9266449564,4.0,3.9375,2.000325494346691,0.0003573821573341709,11017.617749501222,5597.161059376231
4779,2387.4268862311,5.0,4.979166666666667,2.236165026955251,0.00035742177526480257,13930.787129513188,6256.376028848681
4780,2387.92712764,3.0,2.9375,1.732426645873739,0.0003574614097318835,8217.670271605803,4846.471811245745
4781,2388.4273691831,4.0,4.0,2.0,0.000357501060725565,11188.777990985018,5594.388995492509
4782,2388.9276108604,6.0,5.9375,2.449755515012331,0.00035754072823600546,16606.499710658907,6851.682400208394
4783,2389.4278526719,4.0,3.9166666666666665,2.0004339806929674,0.00035758041225335263,10953.247248598262,5594.361190219842
4784,2389.9280946176,3.0,2.9791666666666665,1.7321760960646517,0.00035762011276778497,8330.534442287204,4843.620462670714
4785,2390.4283366974996,10.0,10.0,3.1622776601683795,0.00035765982976947744,27959.52793033901,8841.57905629649
4786,2390.9285789115997,4.0,4.0,2.0,0.00035769956324862266,11182.568867772869,5591.284433886434
4787,2391.4288212599,2.0,1.9583333333333333,1.4145204330639964,0.0003577393131953919,5474.191013118317,3954.053638749528
4788,2391.9290637424,3.0,2.9375,1.732426645873739,0.0003577790796000164,8210.373852166022,4842.168658409338
4789,2392.4293063591,5.0,4.979166666666667,2.236165026955251,0.00035781886245264043,13915.327527837331,6249.433055674144
4790,2392.9295491099997,3.0,2.9583333333333335,1.7323013754989502,0.0003578586617435098,8266.764646467263,4840.741780732845
4791,2393.4297919951,3.0,2.9791666666666665,1.7321760960646517,0.00035789847746284817,8324.055156048884,4839.853212967248
4792,2393.9300350144,2.0,1.9583333333333333,1.4145204330639964,0.0003579383096008628,5471.147627413986,3951.855375976181
4793,2394.4302781679003,2.0,1.9791666666666667,1.41436700604114,0.0003579781581477799,5528.735822618626,3950.9868796443816
4794,2394.9305214556,2.0,2.0,1.4142135623730951,0.00035801802309384475,5586.310942440331,3950.1183492161713
4795,2395.4307648774998,2.0,2.0,1.4142135623730951,0.0003580579044292923,5585.688725927711,3949.678375700732
4796,2395.9310084336,2.0,1.9583333333333333,1.4145204330639964,0.0003580978021443943,5468.710842697891,3950.095266135214
4797,2396.4312521239003,7.0,6.979166666666667,2.6458333333333335,0.0003581377162293644,19487.382507898037,7387.7539656807485
4798,2396.9314959484,4.0,3.9375,2.000325494346691,0.00035817764667448875,10993.148334514559,5584.730127406815
4799,2397.4317399070997,5.0,5.0,2.23606797749979,0.0003582175934700431,13957.996734792252,6242.205905743116
4800,2397.931984,6.0,5.979166666666667,2.4495783367301764,0.0003582575566062926,16689.575855164658,6837.478488757021
4801,2398.4322282271,3.0,2.9791666666666665,1.7321760960646517,0.0003582975360735095,8314.784129733593,4834.462762560758
4802,2398.9324725884003,3.0,3.0,1.7320508075688772,0.0003583375318620087,8371.994930062929,4833.573526526014
4803,2399.4327170838997,6.0,5.979166666666667,2.4495783367301764,0.0003583775439620479,16683.988066227328,6835.189252230565
4804,2399.9329617136,3.0,2.9583333333333335,1.7323013754989502,0.00035841757236395623,8253.873586112248,4833.193205549307
4805,2400.4332064775,5.0,4.979166666666667,2.236165026955251,0.0003584576170580411,13890.531069006256,6238.296860052979
4806,2400.9334513756003,4.0,4.0,2.0,0.0003584976780346048,11157.673382793544,5578.836691396772
4807,2401.4336964079,2.0,1.9791666666666667,1.41436700604114,0.00035853775528398105,5520.106704241122,3944.8202740068077
4808,2401.9339415744,4.0,4.0,2.0,0.0003585778487964691,11155.178752467846,5577.589376233923
4809,2402.4341868751,4.0,3.9791666666666665,2.000108504001165,0.00035861795856243465,11095.837706002394,5577.268110104837
4810,2402.93443231,7.0,6.9375,2.6459973702430872,0.0003586580845722033,19342.934952309366,7377.492615004495
4811,2403.4346778791,5.0,4.979166666666667,2.236165026955251,0.0003586982268161252,13881.213494872034,6234.112297693479
4812,2403.9349235823997,4.0,4.0,2.0,0.0003587383852845407,11150.186776994376,5575.093388497188
4813,2404.4351694199,4.0,4.0,2.0,0.00035877855996783846,11148.938220719117,5574.469110359559
4814,2404.9354153916,10.0,9.958333333333334,3.1624149088245135,0.00035881875085636656,27753.10183641882,8813.404821450964
4815,2405.4356614975,6.0,5.9375,2.449755515012331,0.00035885895794049303,16545.49752380592,6826.513483379607
4816,2405.9359077376002,2.0,1.9791666666666667,1.41436700604114,0.0003588991812105865,5514.547734522073,3940.847681152136
4817,2406.4361541118997,2.0,1.9791666666666667,1.41436700604114,0.0003589394206570819,5513.9295178098955,3940.4058864639906
4818,2406.9364006204,2.0,1.9166666666666667,1.414827237195804,0.00035897967627031573,5339.206627462094,3941.2460668955064
4819,2407.4366472631,2.0,1.9791666666666667,1.41436700604114,0.0003590199480407254,5512.692755562875,3939.5220621019685
4820,2407.93689404,4.0,4.0,2.0,0.0003590602359586733,11140.192088717915,5570.096044358957
4821,2408.4371409511,5.0,4.958333333333333,2.236262072198953,0.0003591005400146232,13807.6465524987,6227.398243700465
4822,2408.9373879964,6.0,5.958333333333333,2.4496669274731113,0.00035914086019895203,16590.519190806124,6820.908448334388
4823,2409.4376351759,6.0,5.979166666666667,2.4495783367301764,0.0003591811965021143,16646.65835766119,6819.895809094108
4824,2409.9378824896003,1.0,0.9583333333333334,1.0004339336285808,0.0003592215489145128,2667.805804604992,2785.0053446171823
4825,2410.4381299375,6.0,6.0,2.449489742783178,0.00035926191742658754,16700.90735744641,6818.116877872848
4826,2410.9383775195997,6.0,6.0,2.449489742783178,0.00035930230202882034,16699.03022084932,6817.350540066118
4827,2411.4386252359,5.0,5.0,2.23606797749979,0.0003593427027116181,13914.29396581522,6222.661433295594
4828,2411.9388730864002,5.0,4.979166666666667,2.236165026955251,0.00035938311946544216,13854.759439098969,6222.231668202429
4829,2412.4391210711,8.0,7.979166666666667,2.8285038497017783,0.0003594235522807842,22199.89929995819,7869.556215092247
4830,2412.93936919,6.0,5.958333333333333,2.4496669274731113,0.00035946400114808454,16575.605107335192,6814.77677778351
4831,2413.4396174431,3.0,2.9791666666666665,1.7321760960646517,0.00035950446605781985,8286.869699659088,4818.232482781069
4832,2413.9398658304,3.0,2.9583333333333335,1.7323013754989502,0.00035954494700050395,8227.993072947253,4818.038439840798
4833,2414.4401143519003,7.0,7.0,2.6457513110645907,0.00035958544396659265,19466.86140234958,7357.782011082725
4834,2414.9403630076004,4.0,3.9791666666666665,2.000108504001165,0.00035962595694658987,11064.737096431656,5561.635542059086
4835,2415.4406117975,6.0,6.0,2.449489742783178,0.0003596664859309897,16682.12145056862,6810.447563505178
4836,2415.9408607216,4.0,3.9791666666666665,2.000108504001165,0.00035970703091032255,11062.243227763596,5560.382011270182
4837,2416.4411097799,5.0,4.979166666666667,2.236165026955251,0.00035974759187508496,13840.722715374231,6215.927715595978
4838,2416.9413589724,5.0,4.958333333333333,2.236262072198953,0.0003597881688157803,13781.257314973334,6215.496411567579
4839,2417.4416082990997,2.0,1.9166666666666667,1.414827237195804,0.00035982876172296625,5326.607738328369,3931.945935675608
4840,2417.94185776,6.0,5.979166666666667,2.4495783367301764,0.000359869370587155,16614.825143110094,6806.854200271332
4841,2418.4421073551,2.0,1.9791666666666667,1.41436700604114,0.0003599099953989131,5499.060020472673,3929.779734162424
4842,2418.9423570844,6.0,5.958333333333333,2.4496669274731113,0.00035995063614875465,16553.19573006941,6805.56354527667
4843,2419.4426069479,4.0,3.9791666666666665,2.000108504001165,0.00035999129282725495,11053.508087419506,5555.991336048605
4844,2419.9428569456,3.0,2.9791666666666665,1.7321760960646517,0.0003600319654249482,8274.728226284951,4811.173069091664
4845,2420.4431070775,1.0,0.9791666666666666,1.0002169903464837,0.0003600726539324182,2719.3585960305827,2777.819918905071
4846,2420.9433573436,3.0,2.9791666666666665,1.7321760960646517,0.0003601133583402432,8272.857970050316,4810.085646498159
4847,2421.4436077439,4.0,3.9791666666666665,2.000108504001165,0.0003601540786389677,11048.512019366957,5553.480087077261
4848,2421.9438582783996,8.0,8.0,2.8284271247461903,0.0003601948148192083,22210.203120262628,7852.492618934161
4849,2422.4441089470997,6.0,5.916666666666667,2.449844099348183,0.00036023556687151824,16424.437814539582,6800.672461700445
4850,2422.94435975,2.0,1.9791666666666667,1.41436700604114,0.00036027633478654536,5493.468417344906,3925.7838205751614
4851,2423.4446106871,2.0,1.9583333333333333,1.4145204330639964,0.0003603171185548456,5435.02718157768,3925.765277923329
4852,2423.9448617584003,8.0,7.979166666666667,2.8285038497017783,0.00036035791816705845,22142.33756053503,7849.151377299586
4853,2424.4451129638996,0.0,-0.041666666666666664,0.029462782549439483,0.0003603987336137767,-115.61268889284993,81.75051630734484
4854,2424.9453643036,2.0,1.9375,1.4146738434470802,0.00036043956488562465,5375.38103125502,3924.8572611499717
4855,2425.4456157775,2.0,1.9791666666666667,1.41436700604114,0.00036048041197325135,5490.358424283887,3923.5613338848766
4856,2425.9458673856,1.0,0.9583333333333334,1.0004339336285808,0.0003605212748672599,2658.1880186853923,2774.9650391559553
4857,2426.4461191278997,1.0,1.0,1.0,0.0003605621535583194,2773.446935933763,2773.446935933763
4858,2426.9463710043997,2.0,1.9375,1.4146738434470802,0.00036060304803705294,5372.944046221474,3923.0778861905756
4859,2427.4466230151,2.0,1.9583333333333333,1.4145204330639964,0.00036064395829413205,5430.1015954804,3922.207486172136
4860,2427.94687516,3.0,2.9791666666666665,1.7321760960646517,0.00036068488432019444,8259.749149958669,4802.463788659714
4861,2428.4471274391003,3.0,2.9791666666666665,1.7321760960646517,0.0003607258261059085,8258.811682066778,4801.918716948444
4862,2428.9473798524,2.0,1.9583333333333333,1.4145204330639964,0.00036076678364196127,5428.252882828753,3920.8721456679905
4863,2429.4476323998997,1.0,1.0,1.0,0.00036080775691902956,2771.559038916157,2771.559038916157
4864,2429.9478850816,7.0,7.0,2.6457513110645907,0.000360848745927791,19398.709511937064,7332.023017738376
4865,2430.4481378975,3.0,3.0,1.7320508075688772,0.00036088975065891326,8312.788031587468,4799.390407753324
4866,2430.9483908476,4.0,3.9791666666666665,2.000108504001165,0.0003609307711031352,11024.736556833022,5541.529468069759
4867,2431.4486439319,5.0,4.979166666666667,2.236165026955251,0.0003609718072511274,13793.782690631764,6194.846749900208
4868,2431.9488971504,2.0,1.9791666666666667,1.41436700604114,0.0003610128590936133,5482.260858063934,3917.7745900579794
4869,2432.4491505031,6.0,5.9375,2.449755515012331,0.00036105392662128915,16444.911860016597,6785.012803868185
4870,2432.94940399,7.0,6.979166666666667,2.6458333333333335,0.0003610950098248936,19327.784867619983,7327.249785635038
4871,2433.4496576110996,3.0,3.0,1.7320508075688772,0.00036113610869515386,8307.117255152109,4796.116383451855
4872,2433.9499113664,7.0,6.979166666666667,2.6458333333333335,0.00036117722322281124,19323.385357445975,7325.581911628773
4873,2434.4501652559,4.0,3.9583333333333335,2.0002170021164094,0.00036121835339857257,10958.284085209983,5537.417972528507
4874,2434.9504192796003,4.0,3.9791666666666665,2.000108504001165,0.00036125949921322204,11014.704596924907,5536.486952888853
4875,2435.4506734375,5.0,5.0,2.23606797749979,0.00036130066065746943,13838.889723869735,6188.939631139205
4876,2435.9509277295997,4.0,3.9791666666666665,2.000108504001165,0.00036134183772211926,11012.194690078328,5535.2253605886
4877,2436.4511821559,2.0,1.9583333333333333,1.4145204330639964,0.00036138303039788306,5418.996379484688,3914.186096415784
4878,2436.9514367164,3.0,2.9791666666666665,1.7321760960646517,0.00036142423867558017,8242.852437301006,4792.639537436998
4879,2437.4516914111,1.0,0.8958333333333334,1.001084481394497,0.00036146546254597157,2478.337285735564,2769.5162750637014
4880,2437.95194624,5.0,5.0,2.23606797749979,0.00036150670199982594,13831.002225796654,6185.412234766442
4881,2438.4522012031,5.0,4.958333333333333,2.236262072198953,0.0003615479570279363,13714.17881625648,6185.243281643437
4882,2438.9524563004,1.0,0.9791666666666666,1.0002169903464837,0.0003615892276211148,2707.9530911597562,2766.1692161762744
4883,2439.4527115319,4.0,3.9583333333333335,2.0002170021164094,0.00036163051377014534,10945.79462354019,5531.106822992708
4884,2439.9529668975997,4.0,3.9791666666666665,2.000108504001165,0.000361671815465837,11002.147517470941,5530.175198819417
4885,2440.4532223974998,5.0,5.0,2.23606797749979,0.00036171313269901676,13823.108834039831,6181.882202658184
4886,2440.9534780316,4.0,3.9791666666666665,2.000108504001165,0.00036175446546046655,10999.633858290326,5528.911720426964
4887,2441.4537337999,3.0,2.9791666666666665,1.7321760960646517,0.00036179581374106356,8234.386782592375,4787.717354033196
4888,2441.9539897024,5.0,4.979166666666667,2.236165026955251,0.00036183717753160346,13760.793461395431,6180.031146080728
4889,2442.4542457391,3.0,2.9791666666666665,1.7321760960646517,0.0003618785568229487,8232.5040002971,4786.622648415528
4890,2442.95450191,4.0,3.9375,2.000325494346691,0.0003619199516059087,10879.477582069052,5526.983205736132
4891,2443.4547582151,4.0,3.9583333333333335,2.0002170021164094,0.00036196136187135417,10935.789701057034,5526.051155778646
4892,2443.9550146544,2.0,1.9583333333333333,1.4145204330639964,0.0003620027876101445,5409.718931342434,3907.4849185618727
4893,2444.4552712279,3.0,2.8333333333333335,1.733052861923785,0.0003620442288131466,7825.931496330067,4786.853991859169
4894,2444.9555279356,4.0,3.875,2.000650935737333,0.0003620856854712166,10701.886750803455,5525.352191522555
4895,2445.4557847775,6.0,5.895833333333333,2.4499326804810146,0.00036212715757521813,16281.113443165881,6765.393396302055
4896,2445.9560417536,8.0,7.875,2.8288874432657565,0.0003621686451160564,21744.013752147064,7810.967297732922
4897,2446.4562988639,3.0,2.8541666666666665,1.7329276368170843,0.0003622101480845915,7879.863890506174,4784.3155305863265
4898,2446.9565561083996,8.0,7.9375,2.8286572933696537,0.00036225166647174917,21911.56241545964,7808.5418375577065
4899,2447.4568134870997,6.0,5.958333333333333,2.4496669274731113,0.0003622932002683977,16446.16384994038,6761.559216839632
4900,2447.957071,5.0,4.9375,2.236359113231445,0.0003623347494654417,13626.901662852853,6172.0801455857645
4901,2448.4573286471,8.0,8.0,2.8284271247461903,0.00036237631405379884,22076.49807600921,7805.220747198942
4902,2448.9575864284,10.0,9.979166666666666,3.162346285241036,0.0003624178940243995,27534.972282562918,8725.69025255727
4903,2449.4578443439,4.0,4.0,2.0,0.0003624594893681584,11035.716038150427,5517.858019075214
4904,2449.9581023936,7.0,7.0,2.6457513110645907,0.0003625011000759963,19310.286226807282,7298.602157372554
4905,2450.4583605775,5.0,5.0,2.23606797749979,0.00036254272613885926,13791.477912826544,6167.736424653414
4906,2450.9586188956,5.0,5.0,2.23606797749979,0.0003625843675476711,13789.894015060152,6167.028084038402
4907,2451.4588773479,2.0,1.9583333333333333,1.4145204330639964,0.0003626260242933803,5400.421376676915,3900.769217599197
4908,2451.9591359344,4.0,3.9583333333333335,2.0002170021164094,0.00036266769636695385,10914.491069886244,5515.288574509688
4909,2452.4593946551,4.0,3.9791666666666665,2.000108504001165,0.00036270938375934295,10970.674718762823,5514.355551739001
4910,2452.95965351,3.0,3.0,1.7320508075688772,0.00036275108646151093,8270.133741745001,4774.763942030683
4911,2453.4599124991,3.0,3.0,1.7320508075688772,0.0003627928044644408,8269.182748617734,4774.214885892658
4912,2453.9601716223997,4.0,4.0,2.0,0.0003628345377590923,11024.308834281484,5512.154417140742
4913,2454.4604308799,5.0,4.958333333333333,2.236262072198953,0.0003628762863364451,13663.977283806731,6162.601846419845
4914,2454.9606902716,6.0,5.958333333333333,2.4496669274731113,0.0003629180501875144,16417.847859192316,6749.917581138234
4915,2455.4609497975002,7.0,7.0,2.6457513110645907,0.0003629598293032526,19285.880791374042,7289.377769830468
4916,2455.9612094575996,2.0,1.9791666666666667,1.41436700604114,0.00036300162367470124,5452.225382992416,3896.3104123980584
4917,2456.4614692519,2.0,2.0,1.4142135623730951,0.0003630434332928377,5508.9827182929985,3895.4390375444796
4918,2456.9617291804,4.0,4.0,2.0,0.00036308525814868914,11016.696244830566,5508.348122415283
4919,2457.4619892431,1.0,1.0,1.0,0.0003631270982332765,2753.856720870746,2753.856720870746
4920,2457.96224944,2.0,1.9791666666666667,1.41436700604114,0.00036316895353761077,5449.713273636698,3894.515189869236
4921,2458.4625097711,3.0,2.9583333333333335,1.7323013754989502,0.00036321082405272784,8144.948160751585,4769.410107798631
4922,2458.9627702364,5.0,4.979166666666667,2.236165026955251,0.0003632527097696764,13707.170057516574,6155.948646255416
4923,2459.4630308359,2.0,1.9791666666666667,1.41436700604114,0.00036329461067947667,5447.828314780102,3893.1681463587447
4924,2459.9632915696,5.0,5.0,2.23606797749979,0.0003633365267731851,13761.34693752186,6154.261442851486
4925,2460.4635524375,5.0,4.979166666666667,2.236165026955251,0.00036337845804187253,13702.426647682323,6153.818360629333
4926,2460.9638134396,3.0,2.9791666666666665,1.7321760960646517,0.0003634204044765561,8197.576773262464,4766.314919932881
4927,2461.4640745759,5.0,5.0,2.23606797749979,0.00036346236606835553,13756.582432690326,6152.130691514999
4928,2461.9643358464,3.0,3.0,1.7320508075688772,0.00036350434280831446,8252.99631036865,4764.869641412328
4929,2462.4645972511003,8.0,8.0,2.8284271247461903,0.00036354633468750744,22005.44810024433,7780.100787365698
4930,2462.9648587899997,5.0,4.979166666666667,2.236165026955251,0.0003635883416970221,13694.516835789535,6150.266030308106
4931,2463.4651204631,5.0,5.0,2.23606797749979,0.0003636303638279411,13750.226871499237,6149.288398143312
4932,2463.9653822704,3.0,3.0,1.7320508075688772,0.00036367240107136606,8249.182481711854,4762.667726410684
4933,2464.4656442119003,4.0,4.0,2.0,0.00036371445341838786,10997.638291263398,5498.819145631699
4934,2464.9659062876,6.0,5.958333333333333,2.4496669274731113,0.00036375652086014567,16380.004183139159,6734.3588004431695
4935,2465.4661684975,4.0,4.0,2.0,0.00036379860338773277,10995.094436184081,5497.547218092041
4936,2465.9664308416,0.0,-0.041666666666666664,0.029462782549439483,0.00036384070099225544,-114.51898194191739,80.97714870570958
4937,2466.4666933199,6.0,5.979166666666667,2.4495783367301764,0.00036388281366486194,16431.57203949047,6731.778047056247
4938,2466.9669559324,4.0,4.0,2.0,0.00036392494139664966,10991.277444873758,5495.638722436879
4939,2467.4672186791,2.0,2.0,1.4142135623730951,0.0003639670841787808,5495.002397023351,3885.5534575715446
4940,2467.96748156,3.0,2.9791666666666665,1.7321760960646517,0.0003640092420024019,8184.3160087869655,4758.604717111062
4941,2468.4677445751,3.0,2.9791666666666665,1.7321760960646517,0.00036405141485864814,8183.367911984083,4758.053465434852
4942,2468.9680077244,4.0,3.9583333333333335,2.0002170021164094,0.00036409360273867387,10871.746450800469,5493.688949959535
4943,2469.4682710078996,3.0,3.0,1.7320508075688772,0.0003641358056336407,8238.684451202578,4756.606685670193
4944,2469.9685344256,5.0,5.0,2.23606797749979,0.00036417802353470527,13729.548948259126,6140.04094974363
4945,2470.4687979775,3.0,2.9583333333333335,1.7323013754989502,0.00036422025643304874,8122.374527725195,4756.1917408549825
4946,2470.9690616636,2.0,2.0,1.4142135623730951,0.0003642625043198601,5490.545901051055,3882.402239049204
4947,2471.4693254839003,4.0,4.0,2.0,0.0003643047671862868,10979.817889549067,5489.908944774534
4948,2471.9695894384,1.0,1.0,1.0,0.00036434704502356734,2744.6359553576626,2744.6359553576626
4949,2472.4698535271,1.0,1.0,1.0,0.0003643893378228638,2744.31739955607,2744.31739955607
4950,2472.97011775,6.0,5.958333333333333,2.4496669274731113,0.0003644316455753692,16349.659547063324,6721.883121882971
4951,2473.4703821071002,5.0,5.0,2.23606797749979,0.0003644739682723073,13718.40086056401,6135.055373362548
4952,2473.9706465984,2.0,1.9791666666666667,1.41436700604114,0.00036451630590487907,5429.569636819299,3880.1199922458904
4953,2474.4709112238997,5.0,4.958333333333333,2.236262072198953,0.00036455865846432193,13600.920505413225,6134.1625559493
4954,2474.9711759836,2.0,2.0,1.4142135623730951,0.00036460102594182783,5485.448086257169,3878.7975396392144
4955,2475.4714408775,5.0,4.979166666666667,2.236165026955251,0.0003646434083286719,13654.892843088739,6132.47072586509
4956,2475.9717059056,1.0,1.0,1.0,0.0003646858056160483,2742.086433308646,2742.086433308646
4957,2476.4719710678996,5.0,5.0,2.23606797749979,0.00036472821779521056,13708.83785802234,6130.7786686121135
4958,2476.9722363644,6.0,5.979166666666667,2.4495783367301764,0.000364770644857402,16391.578519165305,6715.393278666319
4959,2477.4725017951,3.0,2.9791666666666665,1.7321760960646517,0.00036481308679388525,8166.282336109992,4748.119403521588
4960,2477.97276736,2.0,2.0,1.4142135623730951,0.00036485554359591695,5481.621521461739,3876.0917497237156
4961,2478.4730330590996,5.0,4.9375,2.236359113231445,0.00036489801525475016,13531.178010252894,6128.723697414884
4962,2478.9732988923997,5.0,4.958333333333333,2.236262072198953,0.0003649405017616503,13586.68963679925,6127.744279968955
4963,2479.4735648599,3.0,2.9583333333333335,1.7323013754989502,0.0003649830031079131,8105.400273827695,4746.252183657899
4964,2479.9738309616,4.0,3.9791666666666665,2.000108504001165,0.0003650255192848183,10901.06432685284,5479.366231489533
4965,2480.4740971975,7.0,6.958333333333333,2.6459153530594204,0.00036506805028363497,19060.37334115419,7247.7318982137995
4966,2480.9743635676,6.0,6.0,2.449489742783178,0.0003651105960956681,16433.376801882383,6708.897985916986
4967,2481.4746300719,3.0,2.9583333333333335,1.7323013754989502,0.0003651531567122067,8101.623329700327,4744.040531092145
4968,2481.9748967104,4.0,3.9791666666666665,2.000108504001165,0.0003651957321245815,10895.98348676547,5476.8123722728915
4969,2482.4751634831,3.0,2.9583333333333335,1.7323013754989502,0.000365238322324072,8099.734207815237,4742.934324295516
4970,2482.97543039,1.0,0.9791666666666666,1.0002169903464837,0.00036528092730200574,2680.585252284783,2738.21301794804
4971,2483.4756974311,8.0,7.979166666666667,2.8285038497017783,0.0003653235470496995,21841.36974226072,7742.462462505823
4972,2483.9759646064,2.0,1.9791666666666667,1.41436700604114,0.0003653661815584652,5416.939953841798,3871.0944729700323
4973,2484.4762319159,6.0,5.979166666666667,2.4495783367301764,0.00036540883081968053,16362.950652435726,6703.664854610418
4974,2484.9764993596,4.0,3.9791666666666665,2.000108504001165,0.00036545149482466034,10888.357888851508,5472.979403082741
4975,2485.4767669374996,4.0,3.9791666666666665,2.000108504001165,0.00036549417356472553,10887.086455735234,5472.340323496195
4976,2485.9770346496,1.0,1.0,1.0,0.0003655368670312454,2735.7021690359948,2735.7021690359948
4977,2486.4773024959,3.0,2.9583333333333335,1.7323013754989502,0.00036557957521559655,8092.173452493042,4738.506998038237
4978,2486.9775704764,5.0,5.0,2.23606797749979,0.0003656222981090921,13675.314732878056,6115.786671283942
4979,2487.4778385911004,0.0,0.0,0.0,0.0003656650357031338,0.0,0.0
4980,2487.97810684,1.0,0.9375,1.0006508298769023,0.000365707787989096,2563.5221091544067,2736.2032276620203
4981,2488.4783752231,2.0,1.9791666666666667,1.41436700604114,0.00036575055495834753,5411.24720068315,3867.0262747850406
4982,2488.9786437404,3.0,2.9791666666666665,1.7321760960646517,0.00036579333660226483,8144.398403588145,4735.395434357201
4983,2489.4789123919,4.0,4.0,2.0,0.0003658361329122424,10933.85710197065,5466.928550985325
4984,2489.9791811776,7.0,7.0,2.6457513110645907,0.0003658789438796883,19132.011057465512,7231.22047694166
4985,2490.4794500975,2.0,2.0,1.4142135623730951,0.00036592176949598175,5465.64912701091,3864.797561295748
4986,2490.9797191516,5.0,4.958333333333333,2.236262072198953,0.000365964609752527,13548.6689182494,6110.596523830981
4987,2491.4799883399,5.0,5.0,2.23606797749979,0.0003660074646407703,13660.923568614671,6109.350746970284
4988,2491.9802576624,4.0,3.9791666666666665,2.000108504001165,0.0003660503341520945,10870.54510108251,5464.025893144292
4989,2492.4805271191,2.0,1.9791666666666667,1.41436700604114,0.00036609321827793046,5406.182272308918,3863.406737481221
4990,2492.98079671,6.0,6.0,2.449489742783178,0.00036613611700972193,16387.348096119902,6690.106845477189
4991,2493.4810664351,4.0,3.9375,2.000325494346691,0.00036617903033889037,10752.936879962605,5462.69810287999
4992,2493.9813362944,6.0,5.979166666666667,2.4495783367301764,0.00036622195825687567,16326.619777596066,6688.780619244004
4993,2494.4816062879,5.0,4.979166666666667,2.236165026955251,0.000366264900755137,13594.441226557612,6105.321646559352
4994,2494.9818764156,8.0,7.979166666666667,2.8285038497017783,0.0003663078578251044,21782.679503633146,7721.657587406334
4995,2495.4821466775,5.0,4.979166666666667,2.236165026955251,0.0003663508294582571,13591.252608953095,6103.889624767576
4996,2495.9824170736,4.0,4.0,2.0,0.00036639381564603337,10917.214836028592,5458.607418014296
4997,2496.4826876039,4.0,4.0,2.0,0.00036643681637991385,10915.933719533481,5457.9668597667405
4998,2496.9829582683997,4.0,3.9583333333333335,2.0002170021164094,0.000366479831651381,10800.958174142452,5457.9183610276905
4999,2497.4832290670997,1.0,0.9791666666666666,1.0002169903464837,0.0003665228614519,2671.502298077431,2728.9347965481425
5000,2497.9835,2.0,1.9583333333333333,1.4145204330639964,0.0003665659057729784,5342.377189181823,3858.843418842224
5001,2498.4837710671,2.0,2.0,1.4142135623730951,0.0003666089646060603,5455.403967410071,3857.553139467657
5002,2498.9840422683997,3.0,2.9791666666666665,1.7321760960646517,0.00036665203794269665,8125.324172157676,4724.305108963748
5003,2499.4843136039,6.0,5.979166666666667,2.4495783367301764,0.0003666951257743397,16305.552614152233,6680.149706264765
5004,2499.9845850736,3.0,3.0,1.7320508075688772,0.0003667382280925367,8180.221668200429,4722.853182166327
5005,2500.4848566775,4.0,4.0,2.0,0.00036678134488877693,10905.680061817111,5452.8400309085555
5006,2500.9851284156002,1.0,1.0,1.0,0.00036682447615459245,2726.0994426625057,2726.0994426625057
5007,2501.4854002878997,2.0,2.0,1.4142135623730951,0.0003668676218814983,5451.557675607631,3854.833400451729
5008,2501.9856722944,4.0,4.0,2.0,0.0003669107820610113,10901.832803961768,5450.916401980884
5009,2502.4859444351,4.0,3.9791666666666665,2.000108504001165,0.0003669539566846894,10843.776430746662,5450.570752994462
5010,2502.98621671,3.0,2.9791666666666665,1.7321760960646517,0.00036699714574406323,8117.683478509341,4719.862582453538
5011,2503.4864891190996,3.0,3.0,1.7320508075688772,0.0003670403492306756,8173.488299823342,4718.9656701212625
5012,2503.9867616623997,1.0,1.0,1.0,0.0003670835671360945,2724.1753364275623,2724.1753364275623
5013,2504.4870343398998,4.0,3.9791666666666665,2.000108504001165,0.00036712679945185303,10838.671196458148,5448.004632152902
5014,2504.9873071516,5.0,4.958333333333333,2.236262072198953,0.00036717004616953304,13504.188005150962,6090.535149935423
5015,2505.4875800975,3.0,2.9583333333333335,1.7323013754989502,0.0003672133072806878,8056.171371458672,4717.4253796168305
5016,2505.9878531776,6.0,5.979166666666667,2.4495783367301764,0.00036725658277690073,16280.624901144012,6669.937181815566
5017,2506.4881263919,4.0,4.0,2.0,0.0003672998726497336,10890.284200600583,5445.1421003002915
5018,2506.9883997404,4.0,4.0,2.0,0.0003673431768908069,10889.000399724326,5444.500199862163
5019,2507.4886732231002,5.0,4.979166666666667,2.236165026955251,0.00036738649549167306,13552.938738270856,6086.682701721502
5020,2507.9889468399997,4.0,4.0,2.0,0.0003674298284439488,10886.432429669214,5443.216214834607
5021,2508.4892205911,8.0,8.0,2.8284271247461903,0.0003674731757392235,21770.296522751312,7696.9621498396855
5022,2508.9894944764,7.0,6.979166666666667,2.6458333333333335,0.00036751653736910497,18990.075158597112,7199.222522811442
5023,2509.4897684959,2.0,1.9791666666666667,1.41436700604114,0.00036755991332521965,5384.609678355991,3847.9903677354987
5024,2509.9900426496,7.0,7.0,2.6457513110645907,0.00036760330359917736,19042.266300284864,7197.300147088536
5025,2510.4903169374998,3.0,3.0,1.7320508075688772,0.000367646708182577,8160.00778255349,4711.182689846698
5026,2510.9905913596,3.0,2.9791666666666665,1.7321760960646517,0.00036769012706707247,8102.384174495987,4710.967112121222
5027,2511.4908659159,3.0,2.9791666666666665,1.7321760960646517,0.00036773356024431754,8101.427198233813,4710.410697663318
5028,2511.9911406064,2.0,2.0,1.4142135623730951,0.00036777700770590873,5438.077851781564,3845.3017256151174
5029,2512.4914154311,4.0,4.0,2.0,0.0003678204694435144,10874.870574907669,5437.4352874538345
5030,2512.99169039,8.0,8.0,2.8284271247461903,0.00036786394544877977,21747.17065636946,7688.785921369975
5031,2513.4919654831,4.0,3.9791666666666665,2.000108504001165,0.00036790743571335775,10815.673401520744,5436.444903928171
5032,2513.9922407104,5.0,5.0,2.23606797749979,0.0003679509402289078,13588.768102860195,6077.08184169525
5033,2514.4925160719004,7.0,7.0,2.6457513110645907,0.0003679944589871138,19022.0255469801,7189.649861432392
5034,2514.9927915676,6.0,5.979166666666667,2.4495783367301764,0.00036803799197961405,16246.058279216615,6655.775735418806
5035,2515.4930671975,4.0,3.9791666666666665,2.000108504001165,0.00036808153919810666,10810.557561065358,5433.87345194913
5036,2515.9933429616,9.0,8.958333333333334,3.0001446724375733,0.0003681251006342843,24335.024473740068,8149.796542719541
5037,2516.4936188599,7.0,7.0,2.6457513110645907,0.00036816867627981214,19013.02433094532,7186.247721557364
5038,2516.9938948923996,7.0,6.979166666666667,2.6458333333333335,0.0003682122661264088,18954.193840654647,7185.619754516836
5039,2517.4941710590997,5.0,5.0,2.23606797749979,0.00036825587016575857,13577.516083448745,6072.0497856376205
5040,2517.99444736,3.0,2.9791666666666665,1.7321760960646517,0.0003682994883895767,8088.978563867536,4703.1726914385645
5041,2518.4947237951,11.0,11.0,3.3166247903554,0.0003683431207895439,29863.45985346893,9004.17193416348
5042,2518.9950003644003,9.0,9.0,3.0,0.00036838676735740056,24430.844963734547,8143.614987911516
5043,2519.4952770678997,10.0,10.0,3.1622776601683795,0.00036843042808486453,27142.166438263324,8583.106657629207
5044,2519.9955539056,17.0,17.0,4.123105625617661,0.00036847410296366714,46136.21381602566,11189.675454679684
5045,2520.4958308775,22.0,21.958333333333332,4.690508293943798,0.00036851779198550486,59585.544608378186,12728.0375492109
5046,2520.9961079836003,37.0,36.979166666666664,6.082798207057158,0.00036856149514216907,100333.77646355136,16504.160872016153
5047,2521.4963852239,55.0,55.0,7.416198487095663,0.0003686052124253709,149211.12926783555,20119.624566071954
5048,2521.9966625984,67.0,67.0,8.18535277187245,0.0003686489438268567,181744.7225115824,22203.651763930902
5049,2522.4969401071,61.0,60.979166666666664,7.8102774616384645,0.0003686926893383685,165392.93680082413,21183.705800226937
5050,2522.99721775,70.0,70.0,8.366600265340756,0.0003687364489516961,189837.48473742526,22689.9192882252
5051,2523.4974955271,41.0,41.0,6.4031242374328485,0.0003687802226585781,111177.3286116766,17362.981646011292
5052,2523.9977734383997,37.0,37.0,6.082762530298219,0.0003688240104507884,100318.84842523518,16492.3170887483
5053,2524.4980514839,19.0,19.0,4.358898943540674,0.00036886781232010863,51508.9670754778,11816.967482535345
5054,2524.9983296636,21.0,20.979166666666668,4.582623051024138,0.00036891162825832143,56867.729449765444,12422.007602902848
5055,2525.4986079775,12.0,12.0,3.4641016151377544,0.00036895545825720385,32524.25118382349,9388.942588085747
5056,2525.9988864256,8.0,7.979166666666667,2.8285038497017783,0.00036899930230852875,21623.798789719942,7665.336579245891
5057,2526.4991650079,7.0,7.0,2.6457513110645907,0.0003690431604041225,18967.971096753605,7169.219199638731
5058,2526.9994437244,3.0,2.9583333333333335,1.7323013754989502,0.00036908703253578953,8015.273018421395,4693.476667541749
5059,2527.4997225751,1.0,1.0,1.0,0.0003691309186952939,2709.0659420634142,2709.0659420634142
5060,2528.0000015600003,4.0,4.0,2.0,0.00036917481887447105,10834.97518112172,5417.48759056086
5061,2528.5002806791,6.0,6.0,2.449489742783178,0.00036921873306516325,16250.529733931628,6634.2509830097615
5062,2529.0005599324,1.0,0.9375,1.0006508298769023,0.0003692626612591553,2538.8432093383126,2709.861935308502
5063,2529.5008393199,2.0,1.9583333333333333,1.4145204330639964,0.0003693066034482804,5302.730346676805,3830.2061751844444
5064,2530.0011188416,6.0,5.979166666666667,2.4495783367301764,0.0003693505596243891,16188.324373319423,6632.1229869565495
5065,2530.5013984975003,1.0,1.0,1.0,0.0003693945297793109,2707.1326708531246,2707.1326708531246
5066,2531.0016782876,4.0,4.0,2.0,0.0003694385139048933,10827.241474422299,5413.620737211149
5067,2531.5019582119,0.0,0.0,0.0,0.00036948251199296693,0.0,0.0
5068,2532.0022382704,4.0,4.0,2.0,0.00036952652403539365,10824.662750371,5412.3313751855
5069,2532.5025184631,4.0,4.0,2.0,0.00036957055002405885,10823.373236150992,5411.686618075496
5070,2533.00279879,1.0,1.0,1.0,0.00036961458995079686,2705.5209052573387,2705.5209052573387
5071,2533.5030792510997,3.0,3.0,1.7320508075688772,0.00036965864380747763,8115.595429069511,4685.541205607378
5072,2534.0033598464,3.0,3.0,1.7320508075688772,0.0003697027115860022,8114.628067319772,4684.982699040763
5073,2534.5036405759,1.0,1.0,1.0,0.0003697467932782131,2704.553543612636,2704.553543612636
5074,2535.0039214396,4.0,3.9791666666666665,2.000108504001165,0.0003697908888760483,10760.586013249394,5408.7554998457235
5075,2535.5042024374998,6.0,6.0,2.449489742783178,0.00036983499837132966,16223.451069862651,6623.196164695556
5076,2536.0044835696,5.0,4.979166666666667,2.236165026955251,0.0003698791217560084,13461.605086083191,6045.6643682374215
5077,2536.5047648359,4.0,4.0,2.0,0.00036992325902196704,10813.053525143358,5406.526762571679
5078,2537.0050462364,4.0,4.0,2.0,0.00036996741016110025,10811.76311788712,5405.88155894356
5079,2537.5053277711,2.0,1.9583333333333333,1.4145204330639964,0.00037001157516536293,5292.62721702187,3822.90860071561
5080,2538.0056094399997,2.0,2.0,1.4142135623730951,0.0003700557540266228,5404.591006186907,3821.6229500145882
5081,2538.5058912431,2.0,1.9583333333333333,1.4145204330639964,0.00037009994673681284,5291.363456277264,3821.995775832674
5082,2539.0061731804003,2.0,1.9791666666666667,1.41436700604114,0.00037014415328786736,5347.015883099565,3821.124806316103
5083,2539.5064552519,1.0,0.9791666666666666,1.0002169903464837,0.00037018837367174516,2645.049753871841,2701.913570179813
5084,2540.0067374575997,1.0,1.0,1.0,0.00037023260788034135,2701.0046622451973,2701.0046622451973
5085,2540.5070197975,6.0,6.0,2.449489742783178,0.0003702768559056282,16204.091355710358,6615.292594489013
5086,2541.0073022716,3.0,3.0,1.7320508075688772,0.00037032111773953254,8101.077298297817,4677.15915889821
5087,2541.5075848799,0.0,-0.020833333333333332,0.020833333333333332,0.0003703653933740286,-56.25075589147699,56.25075589147699
5088,2542.0078676223998,2.0,1.9791666666666667,1.41436700604114,0.0003704096828010508,5343.182855534823,3818.3856192571634
5089,2542.5081504991,2.0,1.9583333333333333,1.4145204330639964,0.00037045398601260514,5286.306551623117,3818.343131597093
5090,2543.00843351,1.0,0.9791666666666666,1.0002169903464837,0.0003704983030006098,2642.837116220354,2699.6533647951346
5091,2543.5087166551,5.0,4.979166666666667,2.236165026955251,0.0003705426337570616,13437.500068969532,6034.838702046213
5092,2544.0089999344,1.0,0.9791666666666666,1.0002169903464837,0.00037058697827394526,2642.204729446395,2699.0073828419936
5093,2544.5092833479,2.0,2.0,1.4142135623730951,0.00037063133654324754,5396.197792267972,3815.6880515365597
5094,2545.0095668956,1.0,1.0,1.0,0.0003706757085569378,2697.775918182118,2697.775918182118
5095,2545.5098505775,5.0,5.0,2.23606797749979,0.0003707200943070457,13487.264587979937,6031.688089849767
5096,2546.0101343936003,3.0,2.9583333333333335,1.7323013754989502,0.00037076449378553675,7979.009271164293,4672.2418261037
5097,2546.5104183439,2.0,2.0,1.4142135623730951,0.0003708089069844544,5393.61369786041,3813.8608208577466
5098,2547.0107024284,0.0,0.0,0.0,0.00037085333389574876,0.0,0.0
5099,2547.5109866471,2.0,2.0,1.4142135623730951,0.00037089777451150584,5392.321381906692,3812.9470154834376
5100,2548.011271,3.0,2.9583333333333335,1.7323013754989502,0.00037094222882369564,7975.186170403353,4670.00314575209
5101,2548.5115554871004,0.0,0.0,0.0,0.0003709866968243708,0.0,0.0
5102,2549.0118401083996,1.0,1.0,1.0,0.0003710311785055442,2695.1912883112527,2695.1912883112527
5103,2549.5121248638998,3.0,3.0,1.7320508075688772,0.00037107567385928305,8084.604330969,4667.648486776567
5104,2550.0124097536,3.0,2.9791666666666665,1.7321760960646517,0.00037112018287759535,8027.4983795458775,4667.426283943081
5105,2550.5126947775,3.0,3.0,1.7320508075688772,0.00037116470555253306,8082.6650678815495,4666.528852710997
5106,2551.0129799355996,1.0,1.0,1.0,0.00037120924187615913,2693.8984464552063,2693.8984464552063
5107,2551.5132652279,2.0,2.0,1.4142135623730951,0.0003712537918405329,5387.1503644037475,3809.290553941471
5108,2552.0135506543998,4.0,4.0,2.0,0.00037129835543770205,10773.007586539488,5386.503793269744
5109,2552.5138362151,2.0,2.0,1.4142135623730951,0.0003713429326597397,5385.85717970993,3808.376134275146
5110,2553.01412191,1.0,0.9791666666666666,1.0002169903464837,0.0003713875234987305,2636.5093190052025,2693.1895313114974
5111,2553.5144077390996,1.0,0.9791666666666666,1.0002169903464837,0.0003714321279467315,2636.192706536933,2692.8661122441426
5112,2554.0146937024,5.0,4.979166666666667,2.236165026955251,0.0003714767459958477,13403.710246569037,6019.663548415616
5113,2554.5149797999,3.0,2.9791666666666665,1.7321760960646517,0.0003715213776381435,8018.829725508641,4662.386070692724
5114,2555.0152660316003,4.0,4.0,2.0,0.0003715660228657201,10765.246965128337,5382.623482564169
5115,2555.5155523975,4.0,4.0,2.0,0.00037161068167069106,10763.953237341724,5381.976618670862
5116,2556.0158388975997,1.0,0.9375,1.0006508298769023,0.0003716553540451297,2522.4983033236763,2692.416021956176
5117,2556.5161255319,2.0,2.0,1.4142135623730951,0.00037170003998115747,5380.682768022801,3804.7172726825256
5118,2557.0164123004,2.0,2.0,1.4142135623730951,0.0003717447394709087,5380.035781667093,3804.2597842430696
5119,2557.5166992031,2.0,2.0,1.4142135623730951,0.00037178945250646527,5379.388754890029,3803.802267221399
5120,2558.01698624,4.0,4.0,2.0,0.0003718341790799695,10757.483375781141,5378.741687890571
5121,2558.5172734110997,5.0,4.979166666666667,2.236165026955251,0.0003718789191835639,13389.214633618127,6013.153506696767
5122,2559.0175607164,5.0,4.979166666666667,2.236165026955251,0.00037192367280935757,13387.603507612468,6012.429943122968
5123,2559.5178481559,1.0,1.0,1.0,0.00037196843994947743,2688.400123773471,2688.400123773471
5124,2560.0181357295996,2.0,2.0,1.4142135623730951,0.00037201322059611026,5376.153021645898,3801.514258302362
5125,2560.5184234374997,2.0,2.0,1.4142135623730951,0.00037205801474137385,5375.505756515543,3801.0565727394633
5126,2561.0187112795998,3.0,2.9791666666666665,1.7321760960646517,0.00037210282237741543,8006.29956965219,4655.100665449253
5127,2561.5189992559,3.0,2.9791666666666665,1.7321760960646517,0.0003721476434964252,8005.335298314965,4654.540009417769
5128,2562.0192873664,2.0,2.0,1.4142135623730951,0.000372192478090535,5373.563727726664,3799.683351013587
5129,2562.5195756110998,2.0,2.0,1.4142135623730951,0.0003722373261519364,5372.916307655989,3799.225555891336
5130,2563.01986399,0.0,-0.020833333333333332,0.020833333333333332,0.000372282187672787,-55.961133847329116,55.961133847329116
5131,2563.5201525031,3.0,2.9791666666666665,1.7321760960646517,0.0003723270626452744,8001.477640385747,4652.29705237661
5132,2564.0204411504,3.0,3.0,1.7320508075688772,0.00037237195106158135,8056.460728170882,4651.399770125107
5133,2564.5207299319004,3.0,3.0,1.7320508075688772,0.0003724168529138918,8055.48937038476,4650.83895644581
5134,2565.0210188476,2.0,1.9791666666666667,1.41436700604114,0.00037246176819440233,5313.744485135082,3797.3481490398945
5135,2565.5213078975,8.0,7.979166666666667,2.8285038497017783,0.00037250669689532735,21420.19655799309,7593.162413658766
5136,2566.0215970816002,3.0,2.9583333333333335,1.7323013754989502,0.00037255163900883065,7940.733642197751,4649.828893808434
5137,2566.5218863999003,4.0,3.9791666666666665,2.000108504001165,0.00037259659452716415,10679.557261430004,5368.026797290942
5138,2567.0221758524,2.0,2.0,1.4142135623730951,0.0003726415634425103,5367.0878297196505,3795.104199618555
5139,2567.5224654391,5.0,5.0,2.23606797749979,0.0003726865457471232,13416.100090161613,5999.8623589084855
5140,2568.02275516,4.0,4.0,2.0,0.0003727315414331937,10731.584412254355,5365.792206127177
5141,2568.5230450151003,5.0,4.979166666666667,2.236165026955251,0.0003727765504929419,13356.973930045908,5998.674068951637
5142,2569.0233350044,1.0,1.0,1.0,0.0003728215729186426,2682.248219091712,2682.248219091712
5143,2569.5236251279,5.0,5.0,2.23606797749979,0.00037286660870250086,13409.621251414741,5996.964934137832
5144,2570.0239153856,1.0,1.0,1.0,0.0003729116578367926,2681.6002637215943,2681.6002637215943
5145,2570.5242057775,3.0,2.9791666666666665,1.7321760960646517,0.0003729567203137313,7987.968856441547,4644.442643659952
5146,2571.0244963036002,1.0,0.9791666666666666,1.0002169903464837,0.00037300179612558877,2625.0990661100827,2681.5339784844177
5147,2571.5247869638997,2.0,2.0,1.4142135623730951,0.0003730468852646268,5361.25639698417,3790.980753987264
5148,2572.0250777583997,1.0,1.0,1.0,0.0003730919877231137,2680.3041418893713,2680.3041418893713
5149,2572.5253686871,2.0,1.9583333333333333,1.4145204330639964,0.0003731371034932895,5248.294299868659,3790.8865664157547
5150,2573.02565975,1.0,1.0,1.0,0.00037318223256745396,2679.6559769743235,2679.6559769743235
5151,2573.5259509471002,2.0,2.0,1.4142135623730951,0.00037322737493787817,5358.663737709191,3789.14746703262
5152,2574.0262422784,3.0,3.0,1.7320508075688772,0.00037327253059684013,8037.0232312653225,4640.177526054309
5153,2574.5265337439,2.0,1.9791666666666667,1.41436700604114,0.00037331769953663626,5301.561295173569,3788.6417059696314
5154,2575.0268253436,6.0,5.979166666666667,2.4495783367301764,0.0003733628817495642,16014.357502943303,6560.851269551878
5155,2575.5271170775,4.0,3.9791666666666665,2.000108504001165,0.0003734080772279049,10656.34866874621,5356.361112618418
5156,2576.0274089455997,2.0,1.9791666666666667,1.41436700604114,0.000373453285963981,5299.636503553364,3787.2661968692746
5157,2576.5277009479,1.0,1.0,1.0,0.0003734985079500867,2677.386866920596,2677.386866920596
5158,2577.0279930844,1.0,0.9791666666666666,1.0002169903464837,0.0003735437431785474,2621.2905035827143,2677.6435387070514
5159,2577.5282853551003,1.0,1.0,1.0,0.0003735889916416586,2676.738400683889,2676.738400683889
5160,2578.02857776,2.0,2.0,1.4142135623730951,0.0003736342533317707,5352.82828639399,3785.0211798363575
5161,2578.5288702990997,3.0,2.9791666666666665,1.7321760960646517,0.00037367952824119945,7972.517736491306,4635.458903027145
5162,2579.0291629723997,7.0,6.979166666666667,2.6458333333333335,0.00037372481636226737,18674.613943489006,7079.629763651057
5163,2579.5294557799,2.0,2.0,1.4142135623730951,0.00037377011768733307,5350.882548810507,3783.6453355966673
5164,2580.0297487216003,3.0,2.9791666666666665,1.7321760960646517,0.00037381543220873863,7969.619255855385,4633.773640188841
5165,2580.5300417975,2.0,2.0,1.4142135623730951,0.0003738607599188032,5349.585231770163,3782.727993920091
5166,2581.0303350075997,3.0,3.0,1.7320508075688772,0.0003739061008098887,8023.404789335972,4632.314914940456
5167,2581.5306283519,3.0,3.0,1.7320508075688772,0.0003739514548743864,8022.431684368567,4631.753092525575
5168,2582.0309218304,3.0,2.9583333333333335,1.7323013754989502,0.00037399682210461304,7910.049386745429,4631.861216762952
5169,2582.5312154431003,4.0,3.9791666666666665,2.000108504001165,0.00037404220249296775,10638.282632670247,5347.280308667224
5170,2583.0315091899997,5.0,4.958333333333333,2.236262072198953,0.0003740875960318039,13254.47137496585,5977.9102432704885
5171,2583.5318030711,2.0,2.0,1.4142135623730951,0.00037413300271351113,5345.6925357945,3779.975442198602
5172,2584.0320970864,3.0,3.0,1.7320508075688772,0.0003741784225304682,8017.56546973448,4628.94358219665
5173,2584.5323912359,7.0,7.0,2.6457513110645907,0.0003742238554750488,18705.38154526261,7069.969678191707
5174,2585.0326855196,1.0,0.9583333333333334,1.0004339336285808,0.00037426930153965077,2560.544852038328,2673.032304581339
5175,2585.5329799375,2.0,2.0,1.4142135623730951,0.00037431476071667953,5343.0967995243145,3778.139979479782
5176,2586.0332744896,0.0,-0.020833333333333332,0.020833333333333332,0.0003743602329985346,-55.65049782788997,55.65049782788997
5177,2586.5335691759,1.0,0.9791666666666666,1.0002169903464837,0.0003744057183776173,2615.2556400837366,2671.478936488056
5178,2587.0338639964,2.0,2.0,1.4142135623730951,0.0003744512168463349,5341.149687919824,3776.7631636605197
5179,2587.5341589511,1.0,1.0,1.0,0.00037449672839711973,2670.2502963913503,2670.2502963913503
5180,2588.03445404,2.0,2.0,1.4142135623730951,0.0003745422530223574,5339.851468989307,3775.845184251287
5181,2588.5347492631,8.0,7.979166666666667,2.8285038497017783,0.00037458779071451135,21301.192576102716,7550.977153597343
5182,2589.0350446204,2.0,2.0,1.4142135623730951,0.00037463334146598133,5338.553136177845,3774.9271243160642
5183,2589.5353401118996,3.0,2.9791666666666665,1.7321760960646517,0.0003746789052692263,7951.2527253862345,4623.094793180291
5184,2590.0356357376,3.0,3.0,1.7320508075688772,0.00037472448211667693,8005.882036460853,4622.198148851063
5185,2590.5359314975,0.0,-0.041666666666666664,0.029462782549439483,0.00037477007200078225,-111.1792797226874,78.61562261934829
5186,2591.0362273916003,4.0,4.0,2.0,0.00037481567491398117,10671.912269725606,5335.956134862803
5187,2591.5365234199003,3.0,2.9791666666666665,1.7321760960646517,0.00037486129084872985,7947.384110857337,4620.845465646245
5188,2592.0368195824,3.0,3.0,1.7320508075688772,0.0003749069197975043,8001.98620398996,4619.948888925275
5189,2592.5371158791,3.0,2.9791666666666665,1.7321760960646517,0.0003749525617527397,7945.4495596465895,4619.72066004159
5190,2593.03741231,2.0,1.9583333333333333,1.4145204330639964,0.0003749982167069363,5222.247056347429,3772.0724260655725
5191,2593.5377088751,1.0,1.0,1.0,0.0003750438846525436,2666.354634542147,2666.354634542147
5192,2594.0380055744,4.0,4.0,2.0,0.0003750895655820574,10664.119631781465,5332.059815890732
5193,2594.5383024078997,3.0,2.9791666666666665,1.7321760960646517,0.0003751352594879403,7941.579980333572,4617.470771553365
5194,2595.0385993756,2.0,2.0,1.4142135623730951,0.00037518096636269106,5330.760830938797,3769.4171324404588
5195,2595.5388964775,1.0,1.0,1.0,0.0003752266861988259,2665.0556497735824,2665.0556497735824
5196,2596.0391937136,2.0,2.0,1.4142135623730951,0.00037527241898879836,5329.461742456748,3768.49853816544
5197,2596.5394910839,4.0,4.0,2.0,0.00037531816472513346,10657.624319700659,5328.812159850329
5198,2597.0397885884,2.0,2.0,1.4142135623730951,0.00037536392340034423,5328.162551910725,3767.579871720294
5199,2597.5400862271,3.0,2.9791666666666665,1.7321760960646517,0.0003754096950069338,7935.7744519934195,4614.0952647284685
5200,2598.040384,8.0,7.979166666666667,2.8285038497017783,0.0003754554795374294,21251.964884084795,7533.526619951228
5201,2598.5406819071,6.0,6.0,2.449489742783178,0.00037550127698432993,15978.640733758108,6523.252763492993
5202,2599.0409799484,3.0,3.0,1.7320508075688772,0.0003755470873401701,7988.345805708789,4612.073601305787
5203,2599.5412781239,2.0,2.0,1.4142135623730951,0.0003755929105974915,5324.914138603972,3765.282896642992
5204,2600.0415764336,3.0,2.9791666666666665,1.7321760960646517,0.00037563874674882545,7930.935486425514,4611.281746243521
5205,2600.5418748775,3.0,3.0,1.7320508075688772,0.0003756845957867145,7985.421903492617,4610.385485574196
5206,2601.0421734556,4.0,4.0,2.0,0.0003757304577037035,10645.92959656827,5322.964798284135
5207,2601.5424721679,4.0,4.0,2.0,0.0003757763324923315,10644.629941087704,5322.314970543852
5208,2602.0427710144,4.0,3.9583333333333335,2.0002170021164094,0.00037582222014516836,10532.46221525793,5322.242525585071
5209,2602.5430699951003,5.0,4.979166666666667,2.236165026955251,0.0003758681206547429,13247.110869613563,5949.334099045077
5210,2603.04336911,5.0,4.958333333333333,2.236262072198953,0.00037591403401368584,13190.072422656121,5948.865617817125
5211,2603.5436683590997,1.0,1.0,1.0,0.00037595996021448066,2659.8577131179395,2659.8577131179395
5212,2604.0439677424,3.0,3.0,1.7320508075688772,0.0003760058992497652,7978.598224085904,4606.445832431867
5213,2604.5442672599,1.0,1.0,1.0,0.00037605185111209,2659.207758299079,2659.207758299079
5214,2605.0445669116,3.0,2.9375,1.732426645873739,0.0003760978157940418,7810.468119306042,4606.319348641068
5215,2605.5448666975,1.0,1.0,1.0,0.00037614379328819566,2658.5577586117847,2658.5577586117847
5216,2606.0451666176,3.0,3.0,1.7320508075688772,0.00037618978358718155,7974.698226499693,4604.194167775629
5217,2606.5454666719,3.0,2.9791666666666665,1.7321760960646517,0.0003762357866835709,7918.350066928277,4603.964209075836
5218,2607.0457668604,2.0,1.9583333333333333,1.4145204330639964,0.00037628180256993614,5204.432741520513,3759.20499849602
5219,2607.5460671831,2.0,1.9791666666666667,1.41436700604114,0.00037632783123895037,5259.155721092521,3758.3375148862797
5220,2608.04636764,1.0,0.9791666666666666,1.0002169903464837,0.0003763738726831876,2601.5798059683048,2657.509096515888
5221,2608.5466682311,0.0,-0.020833333333333332,0.020833333333333332,0.0003764199268952466,-55.34598953134331,55.34598953134331
5222,2609.0469689564,3.0,2.9791666666666665,1.7321760960646517,0.0003764659938677796,7913.508033113327,4601.148906620812
5223,2609.5472698159,3.0,2.9375,1.732426645873739,0.00037651207359341014,7801.874643659271,4601.251241001533
5224,2610.0475708095996,3.0,2.875,1.7328024026606916,0.0003765581660647455,7634.942643909287,4601.685898275681
5225,2610.5478719375,2.0,1.6875,1.4165134721091315,0.00037660427127442876,4480.830751837998,3761.2782970189114
5226,2611.0481731996,2.0,1.4791666666666667,1.4180446729368033,0.0003766503892151095,3927.1608606300874,3764.8830680669794
5227,2611.5484745959,2.0,1.2291666666666667,1.419879934282395,0.00037669651987941495,3263.0157216746725,3769.29400552178
5228,2612.0487761264003,1.0,-0.3125,1.0135796712641785,0.0003767426632600206,-829.4786613649818,2690.376668502301
5229,2612.5490777911,3.0,1.3125,1.7421699830957942,0.0003767888193495491,3483.3836159623047,4623.730571685497
5230,2613.0493795899997,3.0,1.625,1.7403005008714252,0.00037683498814067713,4312.232279751495,4618.203074661819
5231,2613.5496815231,11.0,9.666666666666666,3.320809807528546,0.0003768811696260595,25649.11023879996,8811.29139676425
5232,2614.0499835904,7.0,6.166666666666667,2.649030220875389,0.000376927363798374,16360.358145728418,7027.959430115581
5233,2614.5502857918996,7.0,6.479166666666667,2.647801105529727,0.0003769735706502769,17187.323385801683,7023.8375092510805
5234,2615.0505881276,1.0,0.7083333333333334,1.0030335931008936,0.0003770197901744715,1878.7696343620094,2660.426903947734
5235,2615.5508905975,3.0,2.8958333333333335,1.7326771594526456,0.00037706602236360984,7679.9105768825875,4595.155905566589
5236,2616.0511932016,3.0,2.9583333333333335,1.7323013754989502,0.00037711226721038,7844.701937746738,4593.5959291733925
5237,2616.5514959399,1.0,1.0,1.0,0.0003771585247074878,2651.4050047670758,2651.4050047670758
5238,2617.0517988123997,1.0,1.0,1.0,0.0003772047948476286,2651.079767965168,2651.079767965168
5239,2617.5521018191,3.0,2.9791666666666665,1.7321760960646517,0.000377251077623487,7897.039513933489,4591.573619819951
5240,2618.05240496,3.0,3.0,1.7320508075688772,0.00037729737302778956,7951.287802311407,4590.6781530686785
5241,2618.5527082351,0.0,-0.020833333333333332,0.020833333333333332,0.00037734368105320486,-55.21050008094839,55.21050008094839
5242,2619.0530116443997,3.0,3.0,1.7320508075688772,0.00037739000169249604,7949.336194774053,4589.5513919316345
5243,2619.5533151879,1.0,1.0,1.0,0.0003774363349383511,2649.453450641777,2649.453450641777
5244,2620.0536188656,4.0,4.0,2.0,0.0003774826807835059,10596.51264449423,5298.256322247115
5245,2620.5539226775,2.0,2.0,1.4142135623730951,0.0003775290392206792,5297.605726247004,3745.972933081942
5246,2621.0542266236002,2.0,2.0,1.4142135623730951,0.00037757541024260286,5296.955113456524,3745.5128803658667
5247,2621.5545307038997,4.0,3.9791666666666665,2.000108504001165,0.00037762179384201477,10537.439129722015,5296.591819162715
5248,2622.0548349184,6.0,6.0,2.449489742783178,0.0003776681900116599,15886.961514589724,6485.824878996438
5249,2622.5551392671,1.0,0.9791666666666666,1.0002169903464837,0.00037771459874429006,2592.345304952206,2648.0760703231995
5250,2623.05544375,4.0,4.0,2.0,0.0003777610200326522,10588.70499569875,5294.352497849375
5251,2623.5557483670996,2.0,2.0,1.4142135623730951,0.00037780745386947577,5293.701803699607,3743.2124429754504
5252,2624.0560531184,1.0,0.9791666666666666,1.0002169903464837,0.00037785390024755634,2591.389598003757,2647.099817392853
5253,2624.5563580039,2.0,1.9791666666666667,1.41436700604114,0.00037790035915963717,5237.271197804296,3742.6982318470523
5254,2625.0566630236,2.0,2.0,1.4142135623730951,0.00037794683059850327,5291.749627408889,3741.832045882212
5255,2625.5569681775,1.0,1.0,1.0,0.00037799331455691776,2645.549435635379,2645.549435635379
5256,2626.0572734656,4.0,3.9791666666666665,2.000108504001165,0.00037803981102765556,10525.787365753313,5290.735117457898
5257,2626.5575788879,3.0,2.9791666666666665,1.7321760960646517,0.00037808632000349855,7879.593915588111,4581.430230135339
5258,2627.0578844444,2.0,2.0,1.4142135623730951,0.0003781328414772296,5289.146513132042,3739.9913661248497
5259,2627.5581901351,3.0,3.0,1.7320508075688772,0.00037817937544167295,7932.743546620758,4579.971622053761
5260,2628.0584959599996,1.0,1.0,1.0,0.00037822592188957834,2643.922433988928,2643.922433988928
5261,2628.5588019191,1.0,1.0,1.0,0.0003782724808137778,2643.5970119970116,2643.5970119970116
5262,2629.0591080124,2.0,2.0,1.4142135623730951,0.00037831905220707504,5286.543165965876,3738.1505216898713
5263,2629.5594142399,0.0,0.0,0.0,0.00037836563606226875,0.0,0.0
5264,2630.0597206016,4.0,4.0,2.0,0.00037841223237217565,10570.482816913602,5285.241408456801
5265,2630.5600270974996,3.0,3.0,1.7320508075688772,0.00037845884112960247,7926.885763973092,4576.589629665277
5266,2631.0603337275998,1.0,0.9791666666666666,1.0002169903464837,0.0003785054623273795,2586.928760937561,2642.543080346273
5267,2631.5606404919,0.0,0.0,0.0,0.0003785520959583615,0.0,0.0
5268,2632.0609473904,2.0,2.0,1.4142135623730951,0.00037859874201536865,5282.63773237475,3735.3889631141124
5269,2632.5612544231,2.0,2.0,1.4142135623730951,0.0003786454004912053,5281.9867807860865,3734.9286708315444
5270,2633.0615615899997,3.0,3.0,1.7320508075688772,0.0003786920713787518,7922.0037247611845,4573.7709830120875
5271,2633.5618688911,8.0,8.0,2.8284271247461903,0.0003787387546708309,21122.739358830477,7468.016118932509
5272,2634.0621763264003,2.0,1.9791666666666667,1.41436700604114,0.0003787854503603017,5225.033497944755,3733.9528345024614
5273,2634.5624838959,1.0,0.9791666666666666,1.0002169903464837,0.0003788321584400298,2584.6978532622948,2640.264212165137
5274,2635.0627915995997,2.0,1.9791666666666667,1.41436700604114,0.00037887887890285834,5223.745045904525,3733.0320711906797
5275,2635.5630994375,1.0,1.0,1.0,0.0003789256117416488,2639.040405328419,2639.040405328419
5276,2636.0634074096,3.0,2.9791666666666665,1.7321760960646517,0.00037897235694929807,7861.1714338448255,4570.718851392097
5277,2636.5637155159,4.0,4.0,2.0,0.00037901911451864074,10553.557450737155,5276.778725368577
5278,2637.0640237564,1.0,1.0,1.0,0.0003790658844425871,2638.0638328096734,2638.0638328096734
5279,2637.5643321311,3.0,2.9791666666666665,1.7321760960646517,0.00037911266671399605,7858.262010839539,4569.027226334834
5280,2638.06464064,2.0,2.0,1.4142135623730951,0.0003791594613257508,5274.825512745734,3729.8648896383165
5281,2638.5649492831,4.0,4.0,2.0,0.00037920626827077635,10548.348839908302,5274.174419954151
5282,2639.0652580604,1.0,1.0,1.0,0.0003792530875419341,2636.7616582407645,2636.7616582407645
5283,2639.5655669719,2.0,2.0,1.4142135623730951,0.00037929991913215064,5272.872202493633,3728.4836907132944
5284,2640.0658760175997,4.0,3.9791666666666665,2.000108504001165,0.00037934676303429473,10489.523186749668,5272.507106697904
5285,2640.5661851975,5.0,5.0,2.23606797749979,0.00037939361924131833,13178.924859091223,5893.794371057962
5286,2641.0664945116,5.0,5.0,2.23606797749979,0.000379440487746109,13177.296997745789,5893.066369332696
5287,2641.5668039599,5.0,5.0,2.23606797749979,0.0003794873685415565,13175.669111770358,5892.338356592559
5288,2642.0671135424,1.0,1.0,1.0,0.00037953426162065515,2634.8082403150756,2634.8082403150756
5289,2642.5674232591,5.0,5.0,2.23606797749979,0.00037958116697626667,13172.413267575588,5890.882298803829
5290,2643.06773311,5.0,5.0,2.23606797749979,0.0003796280846013702,13170.785310181325,5890.15425412422
5291,2643.5680430951,1.0,1.0,1.0,0.000379675014488852,2633.831465961166,2633.831465961166
5292,2644.0683532144,8.0,8.0,2.8284271247461903,0.0003797219566316989,21068.046922973655,7448.679422795525
5293,2644.5686634679,6.0,5.979166666666667,2.4495783367301764,0.0003797689110228223,15744.223640010774,6450.181322459459
5294,2645.0689738556,3.0,3.0,1.7320508075688772,0.000379815877655187,7898.563952935973,4560.238024439059
5295,2645.5692843775,2.0,2.0,1.4142135623730951,0.00037986285652174114,5265.058074677885,3722.9582679457208
5296,2646.0695950336003,2.0,2.0,1.4142135623730951,0.0003799098476154454,5264.4068390258,3722.4977747999806
5297,2646.5699058238997,1.0,0.9791666666666666,1.0002169903464837,0.00037995685092926166,2577.047010132639,2632.44888965747
5298,2647.0702167484,3.0,2.9791666666666665,1.7321760960646517,0.0003800038664561459,7839.832511310712,4558.31176724238
5299,2647.5705278071,4.0,3.9791666666666665,2.000108504001165,0.0003800508941891024,10470.088947315428,5262.73858207519
5300,2648.070839,3.0,3.0,1.7320508075688772,0.0003800979341210602,7892.702723936689,4556.85404229854
5301,2648.5711503271,6.0,6.0,2.449489742783178,0.00038014498624504224,15783.451622672166,6443.567142574996
5302,2649.0714617884,2.0,2.0,1.4142135623730951,0.0003801920505539967,5260.499258429261,3719.7346980621355
5303,2649.5717733839,7.0,7.0,2.6457513110645907,0.0003802391270409427,18409.467890573676,6958.12482964097
5304,2650.0720851136,2.0,1.9791666666666667,1.41436700604114,0.0003802862156988471,5204.413373305098,3719.217125558905
5305,2650.5723969775004,1.0,1.0,1.0,0.0003803333165207195,2629.272684149727,2629.272684149727
5306,2651.0727089755997,7.0,7.0,2.6457513110645907,0.00038038042949956334,18402.629202583714,6955.540048538769
5307,2651.5730211079,4.0,4.0,2.0,0.00038042755462840063,10514.485481755328,5257.242740877664
5308,2652.0733333744,4.0,4.0,2.0,0.0003804746919001968,10513.18283490259,5256.591417451295
5309,2652.5736457751,2.0,2.0,1.4142135623730951,0.0003805218413080102,5255.940087762575,3716.510877567135
5310,2653.07395831,4.0,4.0,2.0,0.0003805690028448423,10510.577503945578,5255.288751972789
5311,2653.5742709790998,4.0,4.0,2.0,0.00038061617650372425,10509.274820485358,5254.637410242679
5312,2654.0745837824,4.0,4.0,2.0,0.0003806633622776828,10507.972125465853,5253.986062732926
5313,2654.5748967199,16.0,16.0,4.0,0.00038071056015972734,42026.67767683457,10506.669419208643
5314,2655.0752097916,19.0,19.0,4.358898943540674,0.00038075777014293804,49900.491834657296,11447.95795474988
5315,2655.5755229975,29.0,29.0,5.385164807134504,0.0003808049922203266,76154.46381338705,14141.528911518966
5316,2656.0758363376,25.0,25.0,5.0,0.0003808522263849344,65642.25772631308,13128.451545262616
5317,2656.5761498119,28.0,28.0,5.291502622129181,0.0003808994726298263,73510.20941741116,13892.12378162487
5318,2657.0764634204,47.0,47.0,6.855654600401044,0.0003809467309480626,123376.82983400603,17996.36023477447
5319,2657.5767771631,42.0,42.0,6.48074069840786,0.0003809940013326877,110237.95611764812,17010.08592192719
5320,2658.0770910399997,31.0,31.0,5.5677643628300215,0.00038104128377676276,81356.01395401999,14611.971457906271
5321,2658.5774050511,26.0,26.0,5.0990195135927845,0.0003810885782733744,68225.6081192464,13380.142581798911
5322,2659.0777191964003,19.0,18.979166666666668,4.358948729656932,0.00038113588481557444,49796.32572737249,11436.73136882967
5323,2659.5780334759,8.0,8.0,2.8284271247461903,0.0003811832033964327,20987.28361774103,7420.125282395011
5324,2660.0783478895996,8.0,8.0,2.8284271247461903,0.0003812305340090793,20984.678000134885,7419.204057455769
5325,2660.5786624375,7.0,6.979166666666667,2.6458333333333335,0.0003812778766465328,18304.6725082787,6939.383309108643
5326,2661.0789771196,2.0,1.9791666666666667,1.41436700604114,0.0003813252313019248,5190.232652346068,3709.0831918260237
5327,2661.5792919359,3.0,3.0,1.7320508075688772,0.0003813725979683341,7866.322897821554,4541.6236425897905
5328,2662.0796068863997,3.0,2.9791666666666665,1.7321760960646517,0.0003814199766388586,7810.725313654567,4541.387976919559
5329,2662.5799219711,2.0,2.0,1.4142135623730951,0.00038146736730660237,5242.912425566695,3707.2989292854204
5330,2663.08023719,2.0,2.0,1.4142135623730951,0.00038151476996467644,5242.261001284892,3706.838302758328
5331,2663.5805525431,1.0,1.0,1.0,0.00038156218460618044,2620.8047871204117,2620.8047871204117
5332,2664.0808680304003,1.0,1.0,1.0,0.00038160961122425603,2620.4790722955395,2620.4790722955395
5333,2664.5811836518997,1.0,1.0,1.0,0.000381657049811976,2620.1533562465356,2620.1533562465356
5334,2665.0814994076,5.0,5.0,2.23606797749979,0.0003817045003625182,13099.138195256603,5858.112690251536
5335,2665.5818152975,5.0,5.0,2.23606797749979,0.0003817519628689625,13097.50960394214,5857.384362074195
5336,2666.0821313216,1.0,0.9791666666666666,1.0002169903464837,0.00038179943732447134,2564.6100306704334,2619.744537487235
5337,2666.5824474798997,3.0,3.0,1.7320508075688772,0.0003818469237221726,7856.5514441141995,4535.982091161476
5338,2667.0827637724,3.0,3.0,1.7320508075688772,0.00038189442205520114,7855.574281119935,4535.417925843695
5339,2667.5830801991,2.0,2.0,1.4142135623730951,0.00038194193231672746,5236.398077238319,3702.6925894074147
5340,2668.08339676,4.0,4.0,2.0,0.00038198945449985296,10471.493264748071,5235.7466323740355
5341,2668.5837134551,2.0,2.0,1.4142135623730951,0.00038203698859777866,5235.095186308431,3701.7713063957444
5342,2669.0840302844,2.0,2.0,1.4142135623730951,0.00038208453460363673,5234.443739196985,3701.3106637256565
5343,2669.5843472479,2.0,2.0,1.4142135623730951,0.0003821320925106125,5233.792291194324,3700.8500204253846
5344,2670.0846643456002,1.0,1.0,1.0,0.0003821796623118277,2616.5704212279115,2616.5704212279115
5345,2670.5849815775,3.0,3.0,1.7320508075688772,0.0003822272440004872,7848.734089703392,4531.468739488045
5346,2671.0852989436,3.0,2.9791666666666665,1.7321760960646517,0.0003822748375697842,7793.258603171391,4531.232312010186
5347,2671.5856164438997,1.0,0.9791666666666666,1.0002169903464837,0.0003823224430128492,2561.1017207110663,2616.1608051685002
5348,2672.0859340784,2.0,2.0,1.4142135623730951,0.00038237006032291164,5230.535043227494,3698.5467983000326
5349,2672.5862518471,2.0,2.0,1.4142135623730951,0.0003824176894931216,5229.883593122784,3698.086153513388
5350,2673.0865697500003,0.0,-0.020833333333333332,0.020833333333333332,0.0003824653305167041,-54.47116815839976,54.47116815839976
5351,2673.5868877871,3.0,3.0,1.7320508075688772,0.0003825129833868338,7842.871040448089,4528.083706422224
5352,2674.0872059584,1.0,1.0,1.0,0.00038256064809670277,2613.9646222766287,2613.9646222766287
5353,2674.5875242639,1.0,1.0,1.0,0.0003826083246395571,2613.6388980612683,2613.6388980612683
5354,2675.0878427036,3.0,3.0,1.7320508075688772,0.00038265601300856714,7839.93952274006,4526.391193884359
5355,2675.5881612774997,2.0,1.9791666666666667,1.41436700604114,0.000382703713196951,5171.537663257861,3695.723237765565
5356,2676.0884799856,1.0,1.0,1.0,0.00038275142519793916,2612.661728125119,2612.661728125119
5357,2676.5887988279,3.0,2.9791666666666665,1.7321760960646517,0.0003827991490047514,7782.584351120615,4525.025984431203
5358,2677.0891178044,1.0,0.9791666666666666,1.0002169903464837,0.0003828468846106137,2557.5934035941245,2612.5770655383167
5359,2677.5894369151,3.0,3.0,1.7320508075688772,0.0003828946320087537,7835.053691563412,4523.570357939307
5360,2678.08975616,1.0,1.0,1.0,0.0003829423911923868,2611.358844045054,2611.358844045054
5361,2678.5900755391,2.0,1.9791666666666667,1.41436700604114,0.0003829901621548003,5167.669726896823,3692.9591039194074
5362,2679.0903950524,3.0,2.9791666666666665,1.7321760960646517,0.00038303794488917095,7777.7324842547005,4522.204964747927
5363,2679.5907146999,1.0,1.0,1.0,0.000383085739388799,2610.381690520425,2610.381690520425
5364,2680.0910344815998,1.0,1.0,1.0,0.00038313354564693846,2610.0559748989203,2610.0559748989203
5365,2680.5913543975,0.0,0.0,0.0,0.00038318136365681545,0.0,0.0
5366,2681.0916744476,2.0,2.0,1.4142135623730951,0.00038322919341167384,5218.809094879034,3690.2553007069937
5367,2681.5919946319,2.0,2.0,1.4142135623730951,0.0003832770349048228,5218.157671504241,3689.7946748212544
5368,2682.0923149504,3.0,3.0,1.7320508075688772,0.0003833248881295136,7826.259376579777,4518.492957816166
5369,2682.5926354031,2.0,1.9791666666666667,1.41436700604114,0.0003833727530789987,5162.512595825596,3689.273676029063
5370,2683.09295599,1.0,1.0,1.0,0.000383420629746578,2608.10170976181,2608.10170976181
5371,2683.5932767111,2.0,2.0,1.4142135623730951,0.0003834685181255221,5215.552008744908,3687.9521930146443
5372,2684.0935975664,1.0,1.0,1.0,0.0003835164182091505,2607.4503007447533,2607.4503007447533
5373,2684.5939185559,2.0,2.0,1.4142135623730951,0.0003835643299906829,5214.249197907901,3687.0309666371936
5374,2685.0942396796,4.0,4.0,2.0,0.0003836122534634692,10427.195596297379,5213.597798148689
5375,2685.5945609375,2.0,2.0,1.4142135623730951,0.00038366018862079506,5212.946402361218,3686.1097510716345
5376,2686.0948823296,1.0,0.9791666666666666,1.0002169903464837,0.00038370813545594173,2551.8527656526503,2606.7130141975604
5377,2686.5952038559003,2.0,2.0,1.4142135623730951,0.0003837560939622255,5211.64362329805,3685.1885471616806
5378,2687.0955255164,2.0,1.9791666666666667,1.41436700604114,0.0003838040641329642,5156.711071149598,3685.127746722218
5379,2687.5958473111,4.0,4.0,2.0,0.0003838520459614701,10420.681723815816,5210.340861907908
5380,2688.09616924,1.0,0.9791666666666666,1.0002169903464837,0.0003839000394410562,2550.577145270149,2605.4099702692433
5381,2688.5964913031003,1.0,1.0,1.0,0.00038394804456505434,2604.5190596889856,2604.5190596889856
5382,2689.0968135004,1.0,1.0,1.0,0.000383996061326773,2604.193377777956,2604.193377777956
5383,2689.5971358319,3.0,2.9791666666666665,1.7321760960646517,0.0003840440897195687,7757.355851621286,4510.357384563572
5384,2690.0974582976,3.0,2.9791666666666665,1.7321760960646517,0.00038409212973674543,7756.385606517297,4509.79325520644
5385,2690.5977808975,2.0,2.0,1.4142135623730951,0.00038414018137167326,5206.432695633338,3681.5038648736895
5386,2691.0981036316,4.0,4.0,2.0,0.0003841882446176578,10411.562706664228,5205.781353332114
5387,2691.5984264998997,1.0,1.0,1.0,0.0003842363194680879,2602.5650083894616,2602.5650083894616
5388,2692.0987495024,1.0,1.0,1.0,0.0003842844059162942,2602.239343060469,2602.239343060469
5389,2692.5990726391,3.0,3.0,1.7320508075688772,0.00038433250395563767,7805.741042257204,4506.646691971706
5390,2693.09939591,2.0,2.0,1.4142135623730951,0.0003843806135794501,5203.176043077436,3679.201063767443
5391,2693.5997193151,1.0,1.0,1.0,0.0003844287347811527,2601.262365492213,2601.262365492213
5392,2694.1000428544,4.0,4.0,2.0,0.0003844768675540444,10403.746850745802,5201.873425372901
5393,2694.6003665279,1.0,0.9583333333333334,1.0004339336285808,0.0003845250118915473,2492.252268894344,2601.7395557892773
5394,2695.1006903356,3.0,2.9791666666666665,1.7321760960646517,0.0003845731677870198,7746.683638408586,4504.152242425677
5395,2695.6010142775003,1.0,1.0,1.0,0.0003846213352338683,2599.959774441404,2599.959774441404
5396,2696.1013383535997,1.0,1.0,1.0,0.00038466951422543537,2599.6341353267485,2599.6341353267485
5397,2696.6016625639,2.0,2.0,1.4142135623730951,0.0003847177047551228,5198.616999633596,3675.97733323258
5398,2697.1019869084,1.0,1.0,1.0,0.00038476590681632745,2598.9828679840957,2598.9828679840957
5399,2697.6023113871,2.0,2.0,1.4142135623730951,0.0003848141204024586,5197.314479802082,3675.0563126270863
5400,2698.102636,3.0,3.0,1.7320508075688772,0.00038486234550690225,7794.9948469203955,4500.442373201236
5401,2698.6029607471,0.0,0.0,0.0,0.00038491058212306945,0.0,0.0
5402,2699.1032856284,1.0,1.0,1.0,0.0003849588302443656,2597.680378873804,2597.680378873804
5403,2699.6036106439,4.0,3.9791666666666665,2.000108504001165,0.0003850070898641911,10335.307508415737,5194.991356410322
5404,2700.1039357936,2.0,2.0,1.4142135623730951,0.0003850553609759764,5194.058316525503,3672.7538574935666
5405,2700.6042610775,2.0,2.0,1.4142135623730951,0.0003851036435731582,5193.407108390705,3672.293383805487
5406,2701.1045864956,2.0,2.0,1.4142135623730951,0.0003851519376491393,5192.755908765372,3671.8329161345073
5407,2701.6049120479,3.0,3.0,1.7320508075688772,0.00038520024319734083,7788.157076689795,4496.4945847179415
5408,2702.1052377344,2.0,2.0,1.4142135623730951,0.0003852485602112307,5191.453535617124,3670.9119992497463
5409,2702.6055635551,3.0,3.0,1.7320508075688772,0.0003852968886842139,7786.20354357124,4495.3667118460735
5410,2703.10588951,5.0,5.0,2.23606797749979,0.0003853452286097487,12975.37799556786,5802.7654463689405
5411,2703.6062155991,2.0,2.0,1.4142135623730951,0.0003853935799812763,5189.5000432990255,3669.530671584623
5412,2704.1065418224002,0.0,-0.020833333333333332,0.020833333333333332,0.0003854419427922561,-54.05050935144855,54.05050935144855
5413,2704.6068681799,1.0,1.0,1.0,0.000385490317036114,2594.0988808450843,2594.0988808450843
5414,2705.1071946715997,0.0,0.0,0.0,0.0003855387027063396,0.0,0.0
5415,2705.6075212974997,4.0,4.0,2.0,0.00038558709979636606,10373.791037388066,5186.895518694033
5416,2706.1078480575998,3.0,3.0,1.7320508075688772,0.0003856355082996963,7779.366618046367,4491.419411053858
5417,2706.6081749519,0.0,0.0,0.0,0.0003856839282097645,0.0,0.0
5418,2707.1085019804,2.0,2.0,1.4142135623730951,0.0003857323595200639,5184.942229084541,3666.307810246173
5419,2707.6088291430997,2.0,2.0,1.4142135623730951,0.000385780802224065,5184.29115308434,3665.8474299913632
5420,2708.10915644,2.0,2.0,1.4142135623730951,0.00038582925631524493,5183.64008758808,3665.387057163961
5421,2708.6094838711,5.0,5.0,2.23606797749979,0.0003858777217870991,12957.472581842021,5794.757901917694
5422,2709.1098114364,1.0,1.0,1.0,0.0003859261986331293,2591.1689943356864,2591.1689943356864
5423,2709.6101391358998,1.0,1.0,1.0,0.00038597468684679155,2590.8434777665593,2590.8434777665593
5424,2710.1104669695997,1.0,1.0,1.0,0.0003860231864216185,2590.5179667311218,2590.5179667311218
5425,2710.6107949375,3.0,3.0,1.7320508075688772,0.00038607169735110236,7770.5773838990635,4486.344944352942
5426,2711.1111230396,1.0,0.9791666666666666,1.0002169903464837,0.00038612021962875404,2535.9113998435864,2590.428937671718
5427,2711.6114512759,2.0,2.0,1.4142135623730951,0.00038616875324807285,5179.082935058731,3662.164663707557
5428,2712.1117796464,3.0,3.0,1.7320508075688772,0.00038621729820257126,7767.6479379918865,4484.653627969857
5429,2712.6121081511,1.0,1.0,1.0,0.00038626585448579674,2588.8904970158856,2588.8904970158856
5430,2713.11243679,0.0,0.0,0.0,0.00038631442209121654,0.0,0.0
5431,2713.6127655631003,1.0,1.0,1.0,0.0003863630010124088,2588.2395503183366,2588.2395503183366
5432,2714.1130944703996,4.0,3.9791666666666665,2.000108504001165,0.00038641159124287716,10297.741467505772,5176.108971182508
5433,2714.6134235119,2.0,2.0,1.4142135623730951,0.00038646019277617787,5175.177255987965,3659.4029315514795
5434,2715.1137526876,4.0,4.0,2.0,0.00038650880560581544,10349.052704582977,5174.526352291488
5435,2715.6140819975,1.0,1.0,1.0,0.0003865574297253602,2586.937730599244,2586.937730599244
5436,2716.1144114416,6.0,5.979166666666667,2.4495783367301764,0.00038660606512835286,15465.785992471663,6336.109434591821
5437,2716.6147410198996,3.0,3.0,1.7320508075688772,0.00038665471180832946,7758.860576066496,4479.5802421967655
5438,2717.1150707324,4.0,4.0,2.0,0.00038670336975886807,10343.845729852914,5171.922864926457
5439,2717.6154005791,0.0,0.0,0.0,0.00038675203897349406,0.0,0.0
5440,2718.11573056,1.0,0.9791666666666666,1.0002169903464837,0.0003868007194457984,2531.44996232065,2585.8715872596563
5441,2718.6160606750996,1.0,1.0,1.0,0.00038684941116934936,2584.985193533704,2584.985193533704
5442,2719.1163909243996,4.0,4.0,2.0,0.0003868981141376861,10338.639176143704,5169.319588071852
5443,2719.6167213078998,0.0,0.0,0.0,0.0003869468283444137,0.0,0.0
5444,2720.1170518256,3.0,3.0,1.7320508075688772,0.00038699555378310195,7752.027047012017,4475.634902357648
5445,2720.6173824775,1.0,0.9791666666666666,1.0002169903464837,0.00038704429044729893,2529.8568945044103,2584.2442713482583
5446,2721.1177132636,1.0,1.0,1.0,0.0003870930383306576,2583.358265270049,2583.358265270049
5447,2721.6180441839,2.0,2.0,1.4142135623730951,0.00038714179742670965,5166.0658014551445,3652.9601602648495
5448,2722.1183752384,1.0,1.0,1.0,0.0003871905677290748,2582.7075433813784,2582.7075433813784
5449,2722.6187064271003,0.0,-0.041666666666666664,0.029462782549439483,0.0003872393492313504,-107.59925805415382,76.08416502073342
5450,2723.11903775,1.0,0.9791666666666666,1.0002169903464837,0.00038728814192712235,2528.2639994976157,2582.617131961398
5451,2723.6193692070997,2.0,2.0,1.4142135623730951,0.00038733694581000703,5163.463030405113,3651.119723205496
5452,2724.1197007984,3.0,3.0,1.7320508075688772,0.0003873857608736265,7744.218561968942,4471.126671416065
5453,2724.6200325239,2.0,2.0,1.4142135623730951,0.00038743458711156957,5162.1617339601635,3650.1995676649385
5454,2725.1203643836,1.0,1.0,1.0,0.0003874834245174775,2580.7555542415075,2580.7555542415075
5455,2725.6206963775,3.0,3.0,1.7320508075688772,0.00038753227308494593,7741.290747525455,4469.436296958981
5456,2726.1210285056,1.0,1.0,1.0,0.00038758113280761773,2580.104951848537,2580.104951848537
5457,2726.6213607679,0.0,0.0,0.0,0.0003876300036791306,0.0,0.0
5458,2727.1216931644003,0.0,-0.020833333333333332,0.020833333333333332,0.0003876788856930941,-53.738632930930464,53.738632930930464
5459,2727.6220256951,0.0,0.0,0.0,0.00038772777884315873,0.0,0.0
5460,2728.12235836,1.0,1.0,1.0,0.0003877766831229705,2578.803841289455,2578.803841289455
5461,2728.6226911590998,2.0,2.0,1.4142135623730951,0.00038782559852615833,5156.957167346711,3646.5193833194285
5462,2729.1230240924,1.0,1.0,1.0,0.00038787452504639256,2578.1533342010352,2578.1533342010352
5463,2729.6233571599,5.0,5.0,2.23606797749979,0.0003879234626773151,12889.140464698137,5764.198850121653
5464,2730.1236903616,1.0,1.0,1.0,0.0003879724114125688,2577.502859956201,2577.502859956201
5465,2730.6240236975,1.0,1.0,1.0,0.00038802137124583193,2577.1776353175337,2577.1776353175337
5466,2731.1243571676,1.0,1.0,1.0,0.00038807034217074895,2576.852419090571,2576.852419090571
5467,2731.6246907719,2.0,2.0,1.4142135623730951,0.0003881193241810223,5153.054422683634,3643.7597261029277
5468,2732.1250245104,1.0,0.9791666666666666,1.0002169903464837,0.00038816831727028637,2522.531136885293,2576.7610231053977
5469,2732.6253583831,1.0,1.0,1.0,0.000388217321432251,2575.876821545978,2575.876821545978
5470,2733.12569239,1.0,1.0,1.0,0.00038826633666056337,2575.551639631938,2575.551639631938
5471,2733.6260265311003,2.0,2.0,1.4142135623730951,0.0003883153629489469,5150.452932924383,3641.920195052974
5472,2734.1263608064,1.0,1.0,1.0,0.0003883644002910499,2574.9013021033215,2574.9013021033215
5473,2734.6266952159,4.0,4.0,2.0,0.0003884134486805791,10298.304586485865,5149.1522932429325
5474,2735.1270297595997,3.0,3.0,1.7320508075688772,0.0003884625081112494,7722.753000247963,4458.733523578151
5475,2735.6273644375,3.0,3.0,1.7320508075688772,0.0003885115785767331,7721.777587659421,4458.170368857586
5476,2736.1276992496,1.0,0.9791666666666666,1.0002169903464837,0.00038856066007074614,2519.984052138442,2574.1591806138376
5477,2736.6280341959,2.0,1.9791666666666667,1.41436700604114,0.00038860975258697537,5092.941320930196,3639.5561270032413
5478,2737.1283692764,1.0,1.0,1.0,0.00038865885611917203,2572.9505046795493,2572.9505046795493
5479,2737.6287044911,2.0,2.0,1.4142135623730951,0.0003887079706610066,5145.250807692354,3638.2417370248245
5480,2738.12903984,2.0,1.9791666666666667,1.41436700604114,0.0003887570962062439,5091.011034861411,3638.1766914186132
5481,2738.6293753231002,3.0,3.0,1.7320508075688772,0.000388806232748556,7715.925690780074,4454.791774619024
5482,2739.1297109404,1.0,1.0,1.0,0.00038885538028170843,2571.6501576384117,2571.6501576384117
5483,2739.6300466918997,3.0,2.9791666666666665,1.7321760960646517,0.00038890453879941614,7660.406010851985,4453.987863993662
5484,2740.1303825776,1.0,1.0,1.0,0.0003889537082954105,2571.0000410652974,2571.0000410652974
5485,2740.6307185975,1.0,1.0,1.0,0.0003890028887634424,2570.6749972443336,2570.6749972443336
5486,2741.1310547516,1.0,1.0,1.0,0.00038905208019722855,2570.349963154171,2570.349963154171
5487,2741.6313910399,5.0,5.0,2.23606797749979,0.0003891012825905436,12850.124694298594,5746.750467160072
5488,2742.1317274624,3.0,3.0,1.7320508075688772,0.00038915049593712844,7709.099773278159,4450.8508293118275
5489,2742.6320640191,2.0,2.0,1.4142135623730951,0.00038919972023073086,5138.749839836298,3633.644858569531
5490,2743.13240071,2.0,2.0,1.4142135623730951,0.0003892489554650986,5138.099850801852,3633.185246915578
5491,2743.6327375350997,2.0,1.9791666666666667,1.41436700604114,0.00038929820163400403,5083.934778941944,3633.119804059221
5492,2744.1330744944,2.0,1.9583333333333333,1.4145204330639964,0.00038934745873122587,5029.783267919591,3633.054233032679
5493,2744.6334115879,2.0,2.0,1.4142135623730951,0.000389396726750508,5136.150004880315,3631.8064976421897
5494,2745.1337488156,0.0,0.0,0.0,0.00038944600568564233,0.0,0.0
5495,2745.6340861775,2.0,2.0,1.4142135623730951,0.0003894952955303747,5134.850209876361,3630.8874037807423
5496,2746.1344236736,2.0,2.0,1.4142135623730951,0.0003895445962785329,5134.200343444005,3630.4278788195575
5497,2746.6347613038997,2.0,2.0,1.4142135623730951,0.0003895939079238405,5133.550497896822,3629.9683686264207
5498,2747.1350990684,1.0,1.0,1.0,0.0003896432304601504,2566.4503366811914,2566.4503366811914
5499,2747.6354369671003,3.0,2.9791666666666665,1.7321760960646517,0.0003896925638812107,7644.915358392112,4444.981137984116
5500,2748.1357749999997,2.0,1.9583333333333333,1.4145204330639964,0.0003897419081808174,5024.692731849564,3629.377296546056
5501,2748.6361131670997,2.0,2.0,1.4142135623730951,0.0003897912633527959,5130.951327120489,3628.1304773450133
5502,2749.1364514684,1.0,1.0,1.0,0.0003898406293909316,2565.1507939599633,2565.1507939599633
5503,2749.6367899039,1.0,0.9791666666666666,1.0002169903464837,0.000389890006289028,2511.392061536463,2565.3824776545216
5504,2750.1371284736,0.0,0.0,0.0,0.0003899393940409012,0.0,0.0
5505,2750.6374671774997,1.0,1.0,1.0,0.00038998879264037306,2564.1762503727814,2564.1762503727814
5506,2751.1378060156,2.0,2.0,1.4142135623730951,0.000390038202081244,5127.70284892095,3625.833456381583
5507,2751.6381449879,1.0,1.0,1.0,0.0003900876223573431,2563.5266096291093,2563.5266096291093
5508,2752.1384840944,1.0,1.0,1.0,0.00039013705346250686,2563.20180594203,2563.20180594203
5509,2752.6388233351,1.0,1.0,1.0,0.00039018649539055393,2562.8770134626475,2562.8770134626475
5510,2753.1391627099997,5.0,5.0,2.23606797749979,0.00039023594813531625,12812.761161271143,5730.0409872142845
5511,2753.6395022191,1.0,1.0,1.0,0.0003902854116906434,2562.22746237987,2562.22746237987
5512,2754.1398418624,1.0,1.0,1.0,0.0003903348860503567,2561.9027039027997,2561.9027039027997
5513,2754.6401816399,1.0,0.9791666666666666,1.0002169903464837,0.0003903843712083073,2508.211749450871,2562.133794574406
5514,2755.1405215515997,3.0,3.0,1.7320508075688772,0.00039043386715834706,7683.759664177132,4436.220710501056
5515,2755.6408615975,1.0,1.0,1.0,0.0003904833738943394,2560.9284974847337,2560.9284974847337
5516,2756.1412017776,0.0,0.0,0.0,0.00039053289141012027,0.0,0.0
5517,2756.6415420919,1.0,1.0,1.0,0.00039058241969956096,2560.2790846787416,2560.2790846787416
5518,2757.1418825404,3.0,3.0,1.7320508075688772,0.00039063195875652177,7679.863187717007,4433.971078767911
5519,2757.6422231231,2.0,2.0,1.4142135623730951,0.00039068150857486336,5119.259437938704,3619.863063219692
5520,2758.14256384,3.0,3.0,1.7320508075688772,0.0003907310691484647,7677.915161796618,4432.846385478387
5521,2758.6429046911,3.0,2.9791666666666665,1.7321760960646517,0.0003907806404711883,7623.629110885589,4432.604680661919
5522,2759.1432456764,0.0,-0.020833333333333332,0.020833333333333332,0.0003908302225369376,-53.305328329270544,53.305328329270544
5523,2759.6435867959,2.0,2.0,1.4142135623730951,0.0003908798153395641,5116.66226167899,3618.026582274511
5524,2760.1439280495997,1.0,1.0,1.0,0.0003909294188729678,2558.00651402229,2558.00651402229
5525,2760.6442694375,1.0,1.0,1.0,0.0003909790331310478,2557.6819094153866,2557.6819094153866
5526,2761.1446109596,0.0,0.0,0.0,0.00039102865810768735,0.0,0.0
5527,2761.6449526159,1.0,1.0,1.0,0.0003910782937967702,2557.032737080686,2557.032737080686
5528,2762.1452944064,1.0,1.0,1.0,0.00039112794019223294,2556.7081694765056,2556.7081694765056
5529,2762.6456363311,2.0,2.0,1.4142135623730951,0.00039117759728793736,5112.767228660703,3615.272378014335
5530,2763.14597839,2.0,2.0,1.4142135623730951,0.0003912272650778094,5112.11814340759,3614.8134054302905
5531,2763.6463205831,1.0,1.0,1.0,0.0003912769435557769,2555.734541658341,2555.734541658341
5532,2764.1466629103998,0.0,0.0,0.0,0.000391326632715738,0.0,0.0
5533,2764.6470053719,1.0,1.0,1.0,0.0003913763325516151,2555.0855195571107,2555.0855195571107
5534,2765.1473479676,2.0,1.9791666666666667,1.41436700604114,0.0003914260430573084,5056.29786717308,3613.3697057915574
5535,2765.6476906975,1.0,0.9583333333333334,1.0004339336285808,0.0003914757642267825,2448.0016923299736,2555.545004438711
5536,2766.1480335616,1.0,0.9791666666666666,1.0002169903464837,0.00039152549605396184,2500.9014139189376,2554.6662999658884
5537,2766.6483765599,1.0,1.0,1.0,0.0003915752385327483,2553.787629031522,2553.787629031522
5538,2767.1487196924,2.0,2.0,1.4142135623730951,0.0003916249916571257,5106.926377545981,3611.142272583214
5539,2767.6490629591,1.0,1.0,1.0,0.0003916747554210152,2553.138761585719,2553.138761585719
5540,2768.1494063600003,3.0,2.9791666666666665,1.7321760960646517,0.0003917245298183376,7605.259410352107,4421.923990483692
5541,2768.6497498951,1.0,1.0,1.0,0.00039177431484307355,2552.489946668794,2552.489946668794
5542,2769.1500935644,2.0,2.0,1.4142135623730951,0.00039182411048915687,5104.331118121295,3609.3071470450805
5543,2769.6504373679,3.0,3.0,1.7320508075688772,0.0003918739167505518,7655.523554300901,4419.918584863146
5544,2770.1507813056,3.0,3.0,1.7320508075688772,0.0003919237336212289,7654.550471544861,4419.356775272002
5545,2770.6511253775,0.0,0.0,0.0,0.0003919735610951184,0.0,0.0
5546,2771.1514695836,1.0,1.0,1.0,0.0003920233991662331,2550.868142378311,2550.868142378311
5547,2771.6518139239,1.0,1.0,1.0,0.00039207324782850403,2550.543821947801,2550.543821947801
5548,2772.1521583984,4.0,4.0,2.0,0.0003921231070759399,10200.878060535582,5100.439030267791
5549,2772.6525030071,3.0,3.0,1.7320508075688772,0.0003921729769024852,7649.6856659911,4416.548078475983
5550,2773.1528477499996,0.0,0.0,0.0,0.0003922228573021489,0.0,0.0
5551,2773.6531926271,2.0,2.0,1.4142135623730951,0.00039227274826889464,5098.4933539891035,3605.17922444024
5552,2774.1535376384,1.0,1.0,1.0,0.00039232264979671575,2548.922425249105,2548.922425249105
5553,2774.6538827839,0.0,0.0,0.0,0.0003923725618796292,0.0,0.0
5554,2775.1542280636004,2.0,2.0,1.4142135623730951,0.0003924224845116056,5096.547927138083,3603.803599921581
5555,2775.6545734775,0.0,0.0,0.0,0.00039247241768663473,0.0,0.0
5556,2776.1549190256,1.0,1.0,1.0,0.00039252236139876456,2547.6255580356533,2547.6255580356533
5557,2776.6552647079,0.0,0.0,0.0,0.00039257231564196823,0.0,0.0
5558,2777.1556105244003,1.0,0.9791666666666666,1.0002169903464837,0.00039262228041026014,2493.9151839358497,2547.5298785930686
5559,2777.6559564750996,1.0,1.0,1.0,0.00039267225569766096,2546.6530560538317,2546.6530560538317
5560,2778.15630256,2.0,2.0,1.4142135623730951,0.0003927222414981926,5092.657834631972,3601.052889131067
5561,2778.6566487791,1.0,1.0,1.0,0.00039277223780587135,2546.0047929717794,2546.0047929717794
5562,2779.1569951324,1.0,0.9791666666666666,1.0002169903464837,0.0003928222446147202,2492.6456688496155,2546.2330712139174
5563,2779.6573416199003,0.0,0.0,0.0,0.00039287226191877394,0.0,0.0
5564,2780.1576882415998,1.0,0.9791666666666666,1.0002169903464837,0.0003929222897120626,2492.0109963326586,2545.584754378411
5565,2780.6580349974997,2.0,2.0,1.4142135623730951,0.0003929723279886169,5089.416881429711,3598.76118914424
5566,2781.1583818876,2.0,2.0,1.4142135623730951,0.00039302237674249113,5088.768778451521,3598.3029111334545
5567,2781.6587289119,1.0,0.9375,1.0006508298769023,0.000393072435967735,2385.0565804541784,2545.716102970496
5568,2782.1590760704,0.0,0.0,0.0,0.00039312250565835707,0.0,0.0
5569,2782.6594233631,1.0,1.0,1.0,0.0003931725858084319,2543.4123234808562,2543.4123234808562
5570,2783.15977079,1.0,1.0,1.0,0.00039322267641205087,2543.0883313354957,2543.0883313354957
5571,2783.6601183511,4.0,4.0,2.0,0.00039327277746320234,10171.057416691576,5085.528708345788
5572,2784.1604660464,0.0,0.0,0.0,0.00039332288895597896,0.0,0.0
5573,2784.6608138758997,3.0,3.0,1.7320508075688772,0.00039337301088447494,7626.349335087034,4403.074841546622
5574,2785.1611618396,0.0,-0.020833333333333332,0.020833333333333332,0.0003934231432427266,-52.9540106909267,52.9540106909267
5575,2785.6615099375,2.0,2.0,1.4142135623730951,0.0003934732860248115,5082.937193031917,3594.179357538184
5576,2786.1618581696002,1.0,1.0,1.0,0.0003935234392248079,2541.144695141604,2541.144695141604
5577,2786.6622065358997,2.0,2.0,1.4142135623730951,0.00039357360283679473,5081.641618199051,3593.2632477883294
5578,2787.1625550363997,1.0,1.0,1.0,0.0003936237768548689,2540.4969384476617,2540.4969384476617
5579,2787.6629036711,1.0,1.0,1.0,0.0003936739612730817,2540.173083244196,2540.173083244196
5580,2788.16325244,5.0,5.0,2.23606797749979,0.0003937241560855665,12699.246217733642,5679.275561171904
5581,2788.6636013431003,1.0,1.0,1.0,0.00039377436128638677,2539.5254194132604,2539.5254194132604
5582,2789.1639503804,0.0,0.0,0.0,0.00039382457686965966,0.0,0.0
5583,2789.6642995519,2.0,1.9791666666666667,1.41436700604114,0.00039387480282947977,5024.862348261225,3590.9050182462724
5584,2790.1646488576002,0.0,0.0,0.0,0.0003939250391599475,0.0,0.0
5585,2790.6649982975,0.0,0.0,0.0,0.0003939752858551529,0.0,0.0
5586,2791.1653478716,1.0,1.0,1.0,0.00039402554290925596,2537.9065342225795,2537.9065342225795
5587,2791.6656975798996,0.0,-0.020833333333333332,0.020833333333333332,0.0003940758103163421,-52.866308430881595,52.866308430881595
5588,2792.1660474224,1.0,1.0,1.0,0.0003941260880705144,2537.259091108647,2537.259091108647
5589,2792.6663973991,1.0,1.0,1.0,0.000394176376165941,2536.9353935584877,2536.9353935584877
5590,2793.1667475100003,0.0,0.0,0.0,0.00039422667459670295,0.0,0.0
5591,2793.6670977551,2.0,2.0,1.4142135623730951,0.0003942769833569637,5072.576093515645,3586.8529538096795
5592,2794.1674481344,1.0,1.0,1.0,0.0003943273024408348,2535.9643976212906,2535.9643976212906
5593,2794.6677986479,2.0,2.0,1.4142135623730951,0.0003943776318424631,5071.281529473035,3585.93755879647
5594,2795.1681492956,0.0,0.0,0.0,0.00039442797155598506,0.0,0.0
5595,2795.6685000774996,2.0,2.0,1.4142135623730951,0.00039447832157553175,5069.987095899401,3585.022256038757
5596,2796.1688509936,0.0,0.0,0.0,0.0003945286818952921,0.0,0.0
5597,2796.6692020439,2.0,2.0,1.4142135623730951,0.0003945790525093701,5068.692793701982,3584.1070461780573
5598,2797.1695532284,2.0,2.0,1.4142135623730951,0.0003946294334119501,5068.04569215246,3583.649476284275
5599,2797.6699045471,2.0,2.0,1.4142135623730951,0.0003946798245971717,5067.398623786487,3583.191929854804
5600,2798.170256,0.0,0.0,0.0,0.0003947302260592212,0.0,0.0
5601,2798.6706075870998,1.0,0.9791666666666666,1.0002169903464837,0.00039478063779224514,2480.2803707459357,2533.601941422598
5602,2799.1709593084,3.0,3.0,1.7320508075688772,0.0003948310597904012,7598.186428374127,4386.814979774763
5603,2799.6713111639,3.0,3.0,1.7320508075688772,0.0003948814920478725,7597.216026615657,4386.254718058289
5604,2800.1716631535996,2.0,1.9791666666666667,1.41436700604114,0.000394931934558842,5011.412077571015,3581.293084392013
5605,2800.6720152774997,5.0,5.0,2.23606797749979,0.0003949823873174987,12658.792291872118,5661.184015535283
5606,2801.1723675355997,1.0,1.0,1.0,0.00039503285031799806,2531.4350419085617,2531.4350419085617
5607,2801.6727199279,1.0,1.0,1.0,0.0003950833235545423,2531.111642483557,2531.111642483557
5608,2802.1730724544,0.0,-0.020833333333333332,0.020833333333333332,0.00039513380702132275,-52.72475541990032,52.72475541990032
5609,2802.6734251150997,3.0,2.9791666666666665,1.7321760960646517,0.0003951843007125312,7538.676666292472,4383.210803013878
5610,2803.17377791,3.0,2.9791666666666665,1.7321760960646517,0.00039523480462236017,7537.713358805046,4382.650707393331
5611,2803.6741308391,1.0,0.9791666666666666,1.0002169903464837,0.000395285318744997,2477.113670134402,2530.367162438772
5612,2804.1744839024,2.0,1.9791666666666667,1.41436700604114,0.00039533584307468187,5006.291995367563,3577.6341326429024
5613,2804.6748370999003,1.0,1.0,1.0,0.00039538637760558006,2529.171606912456,2529.171606912456
5614,2805.1751904315997,1.0,1.0,1.0,0.00039543692233195055,2528.8483283322425,2528.8483283322425
5615,2805.6755438975,2.0,2.0,1.4142135623730951,0.00039548747724796546,5057.050134474995,3575.8744428876107
5616,2806.1758974976,1.0,1.0,1.0,0.0003955380423478561,2528.2018236833705,2528.2018236833705
5617,2806.6762512319,0.0,0.0,0.0,0.00039558861762584787,0.0,0.0
5618,2807.1766051003997,0.0,0.0,0.0,0.0003956392030761736,0.0,0.0
5619,2807.6769591030998,1.0,1.0,1.0,0.0003956897986930249,2527.2321988159147,2527.2321988159147
5620,2808.17731324,2.0,2.0,1.4142135623730951,0.0003957404044706823,5053.81805195018,3573.58901541696
5621,2808.6776675111,1.0,1.0,1.0,0.00039579102040335044,2526.5858709500294,2526.5858709500294
5622,2809.1780219164,1.0,1.0,1.0,0.0003958416464852702,2526.262733795524,2526.262733795524
5623,2809.6783764559,2.0,2.0,1.4142135623730951,0.0003958922827106937,5051.879229132487,3572.2180606550505
5624,2810.1787311296,0.0,0.0,0.0,0.00039594292907387435,0.0,0.0
5625,2810.6790859375,1.0,1.0,1.0,0.000395993585569032,2525.293430101973,2525.293430101973
5626,2811.1794408796,1.0,0.9791666666666666,1.0002169903464837,0.0003960442521904438,2472.3668157057855,2525.518259170479
5627,2811.6797959559,3.0,2.9791666666666665,1.7321760960646517,0.00039609492893237665,7521.345134856006,4373.13373522229
5628,2812.1801511664,3.0,2.9583333333333335,1.7323013754989502,0.0003961456157890512,7467.79268891027,4372.8904384023435
5629,2812.6805065111,3.0,2.9791666666666665,1.7321760960646517,0.00039619631275476515,7519.42047605751,4372.014681360303
5630,2813.1808619900003,3.0,3.0,1.7320508075688772,0.00039624701982376314,7571.034859351865,4371.139014090839
5631,2813.6812176031003,1.0,0.9791666666666666,1.0002169903464837,0.0003962977369903206,2470.785410239631,2523.9028563287343
5632,2814.1815733504,3.0,3.0,1.7320508075688772,0.00039634846424873015,7569.097071402647,4370.020231696726
5633,2814.6819292319,0.0,0.0,0.0,0.00039639920159323345,0.0,0.0
5634,2815.1822852476002,1.0,1.0,1.0,0.0003964499490181366,2522.3865016924306,2522.3865016924306
5635,2815.6826413975,3.0,3.0,1.7320508075688772,0.00039650070651772224,7566.190805427758,4368.342298253788
5636,2816.1829976815998,2.0,2.0,1.4142135623730951,0.00039655147408626843,5043.481441112754,3566.27992779933
5637,2816.6833540999,1.0,1.0,1.0,0.00039660225171806585,2521.417857987538,2521.417857987538
5638,2817.1837106524,1.0,0.9791666666666666,1.0002169903464837,0.0003966530394074224,2468.5722013613895,2521.642067436953
5639,2817.6840673391002,2.0,2.0,1.4142135623730951,0.00039670383714860607,5041.544378232964,3564.910217501445
5640,2818.18442416,1.0,1.0,1.0,0.0003967546449359442,2520.4493829214007,2520.4493829214007
5641,2818.6847811150997,0.0,0.0,0.0,0.0003968054627637348,0.0,0.0
5642,2819.1851382044,3.0,3.0,1.7320508075688772,0.0003968562906262888,7559.411481837986,4364.428253954308
5643,2819.6854954279,2.0,2.0,1.4142135623730951,0.00039690712851791143,5038.962155878097,3563.0843105637878
5644,2820.1858527856,2.0,2.0,1.4142135623730951,0.00039695797643291453,5038.3166953139635,3562.6279010219
5645,2820.6862102775,0.0,0.0,0.0,0.0003970088343656278,0.0,0.0
5646,2821.1865679036,0.0,0.0,0.0,0.0003970597023103646,0.0,0.0
5647,2821.6869256639,2.0,2.0,1.4142135623730951,0.00039711058026143834,5036.380543382393,3561.258834861679
5648,2822.1872835584,1.0,0.9791666666666666,1.0002169903464837,0.0003971614682132038,2465.4120427942203,2518.4139711396883
5649,2822.6876415871,3.0,3.0,1.7320508075688772,0.0003972123661599758,7552.634951933398,4360.515822589723
5650,2823.18799975,5.0,5.0,2.23606797749979,0.000397263274096099,12586.111845794452,5628.68033192235
5651,2823.6883580471,2.0,2.0,1.4142135623730951,0.0003973141920158891,5033.7995475379785,3559.4337951978796
5652,2824.1887164784002,0.0,0.0,0.0,0.0003973651199137207,0.0,0.0
5653,2824.6890750439,1.0,0.9791666666666666,1.0002169903464837,0.0003974160577839111,2463.8326697887824,2516.8006444529133
5654,2825.1894337435997,0.0,0.0,0.0,0.00039746700562080724,0.0,0.0
5655,2825.6897925774997,0.0,0.0,0.0,0.0003975179634188027,0.0,0.0
5656,2826.1901515455997,1.0,0.9791666666666666,1.0002169903464837,0.00039756893117220466,2462.885275717247,2515.832883111396
5657,2826.6905106479003,2.0,2.0,1.4142135623730951,0.000397619908875397,5029.929224763099,3556.6970637183817
5658,2827.1908698844,2.0,2.0,1.4142135623730951,0.0003976708965227342,5029.28430893022,3556.241039359658
5659,2827.6912292550996,1.0,0.9791666666666666,1.0002169903464837,0.0003977218941085953,2461.938055638727,2514.8652995034295
5660,2828.19158876,0.0,0.0,0.0,0.0003977729016273302,0.0,0.0
5661,2828.6919483991,0.0,0.0,0.0,0.00039782391907331946,0.0,0.0
5662,2829.1923081724003,1.0,1.0,1.0,0.00039787494644093733,2513.3525218040973,2513.3525218040973
5663,2829.6926680798997,2.0,2.0,1.4142135623730951,0.0003979259837245709,5026.0603273002735,3553.961340086702
5664,2830.1930281216,3.0,3.0,1.7320508075688772,0.00039797703091859596,7538.123476813499,4352.137618522911
5665,2830.6933882975,0.0,-0.020833333333333332,0.020833333333333332,0.0003980280880174064,-52.34136474414403,52.34136474414403
5666,2831.1937486076,2.0,2.0,1.4142135623730951,0.0003980791550153737,5024.126420090398,3552.5938611844135
5667,2831.6941090519003,3.0,3.0,1.7320508075688772,0.0003981302319068927,7535.222797904944,4350.462910774224
5668,2832.1944696304,1.0,1.0,1.0,0.0003981813186863821,2511.4186755396877,2511.4186755396877
5669,2832.6948303431,1.0,1.0,1.0,0.00039823241534821507,2511.096438810985,2511.096438810985
5670,2833.19519119,1.0,0.9791666666666666,1.0002169903464837,0.0003982835218868117,2458.4664261981097,2511.31903626868
5671,2833.6955521711,2.0,1.9791666666666667,1.41436700604114,0.0003983346382965695,4968.602969428762,3550.7005167552375
5672,2834.1959132864,1.0,1.0,1.0,0.000398385764571909,2510.129851337846,2510.129851337846
5673,2834.6962745358996,2.0,2.0,1.4142135623730951,0.0003984369007072236,5019.615393177714,3549.4040834643397
5674,2835.1966359196,4.0,4.0,2.0,0.00039848804669694705,10037.942249851294,5018.971124925647
5675,2835.6969974375,1.0,1.0,1.0,0.000398539202535485,2509.1634490109222,2509.1634490109222
5676,2836.1973590896,3.0,2.9791666666666665,1.7321760960646517,0.00039859036821727784,7474.256540596275,4345.755026173677
5677,2836.6977208759,1.0,0.9791666666666666,1.0002169903464837,0.00039864154373674436,2456.2584659096406,2509.0636088019187
5678,2837.1980827964,2.0,2.0,1.4142135623730951,0.00039869272908830326,5016.394466418865,3547.126544311452
5679,2837.6984448511,3.0,3.0,1.7320508075688772,0.000398743924266397,7523.625608890103,4343.767270574663
5680,2838.1988070400002,1.0,1.0,1.0,0.0003987951292654459,2507.553193645904,2507.553193645904
5681,2838.6991693631,4.0,4.0,2.0,0.0003988463440799342,10028.924821229766,5014.462410614883
5682,2839.1995318204,2.0,1.9791666666666667,1.41436700604114,0.00039889756870424824,4961.591200206251,3545.689713365448
5683,2839.6998944119,1.0,1.0,1.0,0.00039894880313286765,2506.587291770758,2506.587291770758
5684,2840.2002571376,0.0,0.0,0.0,0.0003990000473602268,0.0,0.0
5685,2840.7006199975003,1.0,1.0,1.0,0.0003990513013807886,2505.9434627573496,2505.9434627573496
5686,2841.2009829915996,4.0,4.0,2.0,0.0003991025651890349,10022.486320290625,5011.243160145313
5687,2841.7013461199,1.0,1.0,1.0,0.0003991538387793549,2505.299718670079,2505.299718670079
5688,2842.2017093824,1.0,1.0,1.0,0.00039920512214627765,2504.9778785994076,2504.9778785994076
5689,2842.7020727791,4.0,4.0,2.0,0.00039925641528423984,10018.62423964386,5009.31211982193
5690,2843.2024363100004,1.0,1.0,1.0,0.0003993077181877194,2504.3342626547674,2504.3342626547674
5691,2843.7027999751,1.0,0.9583333333333334,1.0004339336285808,0.0003993590308511834,2399.67863326082,2505.0990621052993
5692,2844.2031637744,2.0,2.0,1.4142135623730951,0.0003994103532690992,5007.381465278437,3540.7533900862136
5693,2844.7035277079,1.0,0.9791666666666666,1.0002169903464837,0.00039946168543596996,2451.215479146668,2503.912206886258
5694,2845.2038917756004,1.0,1.0,1.0,0.0003995130273462523,2503.047288951892,2503.047288951892
5695,2845.7042559775,2.0,2.0,1.4142135623730951,0.00039956437899446806,5005.451199211354,3539.388485860685
5696,2846.2046203136,3.0,3.0,1.7320508075688772,0.00039961574037505204,7507.211795972814,4334.290751268438
5697,2846.7049847839,1.0,1.0,1.0,0.00039966711148254984,2502.0822861569427,2502.0822861569427
5698,2847.2053493884,0.0,0.0,0.0,0.0003997184923114153,0.0,0.0
5699,2847.7057141271002,5.0,5.0,2.23606797749979,0.0003997698828561952,12507.195300148698,5593.387779799676
5700,2848.206079,0.0,0.0,0.0,0.0003998212831113386,0.0,0.0
5701,2848.7064440071,0.0,-0.020833333333333332,0.020833333333333332,0.00039987269307139884,-52.099915033741645,52.099915033741645
5702,2849.2068091484,2.0,2.0,1.4142135623730951,0.00039992411273084946,5000.948770863456,3536.20478824408
5703,2849.7071744239,1.0,1.0,1.0,0.00039997554208421075,2500.1528713209677,2500.1528713209677
5704,2850.2075398335996,1.0,1.0,1.0,0.0004000269811260204,2499.831379336311,2499.831379336311
5705,2850.7079053775,1.0,1.0,1.0,0.00040007842985075357,2499.5099095270966,2499.5099095270966
5706,2851.2082710556,0.0,0.0,0.0,0.0004001298882529787,0.0,0.0
5707,2851.7086368679,1.0,1.0,1.0,0.0004001813563271947,2498.867036630222,2498.867036630222
5708,2852.2090028144003,2.0,2.0,1.4142135623730951,0.00040023283406794783,4997.091267280831,3533.477121302354
5709,2852.7093688951,3.0,3.0,1.7320508075688772,0.00040028432146974426,7494.672759064726,4327.0513349341745
5710,2853.20973511,1.0,1.0,1.0,0.00040033581852713744,2497.9028948223213,2497.9028948223213
5711,2853.7101014591,5.0,5.0,2.23606797749979,0.00040038732523466314,12487.907795456684,5584.7621454781365
5712,2854.2104679424,3.0,2.9791666666666665,1.7321760960646517,0.0004004388415868582,7439.754482509317,4325.694503561113
5713,2854.7108345599,3.0,3.0,1.7320508075688772,0.0004004903675782717,7490.816865685742,4324.825133853852
5714,2855.2112013116,1.0,1.0,1.0,0.0004005419032034595,2496.6176871937405,2496.6176871937405
5715,2855.7115681975,2.0,2.0,1.4142135623730951,0.00040059344845694777,4992.592883642585,3530.2962837273717
5716,2856.2119352176,5.0,5.0,2.23606797749979,0.00040064500333332795,12479.876095796728,5581.170260195233
5717,2856.7123023719,3.0,3.0,1.7320508075688772,0.0004006965678271167,7486.962057769287,4322.5995594656115
5718,2857.2126696604,1.0,0.9791666666666666,1.0002169903464837,0.0004007481419329005,2443.346741282244,2495.874305298602
5719,2857.7130370831,1.0,1.0,1.0,0.00040079972564524324,2495.011687919972,2495.011687919972
5720,2858.21340464,2.0,2.0,1.4142135623730951,0.0004008513189587152,4989.381113165267,3528.0252190432457
5721,2858.7137723311002,1.0,1.0,1.0,0.0004009029218678642,2494.3694481967273,2494.3694481967273
5722,2859.2141401564,2.0,2.0,1.4142135623730951,0.0004009545343672904,4988.096725620067,3527.117019900363
5723,2859.7145081158997,1.0,1.0,1.0,0.0004010061564515603,2493.727300470499,2493.727300470499
5724,2860.2148762096,3.0,3.0,1.7320508075688772,0.0004010577881152576,7480.2187836777475,4318.706328353643
5725,2860.7152444375,4.0,4.0,2.0,0.00040110942935295545,9972.340980496392,4986.170490248196
5726,2861.2156127996,1.0,1.0,1.0,0.00040116108015925687,2492.764252212628,2492.764252212628
5727,2861.7159812959,2.0,2.0,1.4142135623730951,0.0004012127405287357,4984.886565078448,3524.8470936126873
5728,2862.2163499263997,2.0,2.0,1.4142135623730951,0.00040126441045599566,4984.24467230275,3524.3932068781955
5729,2862.7167186911,1.0,1.0,1.0,0.00040131608993564083,2491.8014130965203,2491.8014130965203
5730,2863.21708759,1.0,1.0,1.0,0.000401367778962259,2491.4805134221574,2491.4805134221574
5731,2863.7174566230997,3.0,3.0,1.7320508075688772,0.0004014194775304557,7473.478911526883,4314.815061353037
5732,2864.2178257903997,1.0,1.0,1.0,0.00040147118563484195,2490.8387844041936,2490.8387844041936
5733,2864.7181950919,3.0,3.0,1.7320508075688772,0.0004015229032700075,7471.553865465614,4313.703635491361
5734,2865.2185645276,1.0,0.9791666666666666,1.0002169903464837,0.0004015746304305881,2438.3180421949364,2490.737498217957
5735,2865.7189340975,3.0,3.0,1.7320508075688772,0.0004016263671111799,7469.629102238518,4312.59237292407
5736,2866.2193038016,4.0,4.0,2.0,0.00040167811330643713,9958.222436053993,4979.1112180269965
5737,2866.7196736399,4.0,4.0,2.0,0.00040172986901094526,9956.939497299412,4978.469748649706
5738,2867.2200436124,3.0,2.9791666666666665,1.7321760960646517,0.00040178163421933697,7414.890111777252,4311.237618987428
5739,2867.7204137191,3.0,3.0,1.7320508075688772,0.0004018334089262567,7465.780428800909,4310.370340278844
5740,2868.2207839599996,2.0,2.0,1.4142135623730951,0.00040188519312632065,4976.545625982691,3518.949159016613
5741,2868.7211543351,2.0,2.0,1.4142135623730951,0.00040193698681417414,4975.904347227073,3518.4957064598852
5742,2869.2215248444,1.0,1.0,1.0,0.0004019887899844637,2487.631558180139,2487.631558180139
5743,2869.7218954879,1.0,0.9791666666666666,1.0002169903464837,0.0004020406026318068,2435.4919882641757,2487.850689206367
5744,2870.2222662656,3.0,2.9791666666666665,1.7321760960646517,0.0004020924247508452,7409.158898013793,4307.905320867427
5745,2870.7226371775,1.0,1.0,1.0,0.00040214425633625003,2486.669856012707,2486.669856012707
5746,2871.2230082236,0.0,0.0,0.0,0.00040219609738268645,0.0,0.0
5747,2871.7233794039,2.0,2.0,1.4142135623730951,0.00040224794788475766,4972.057683618044,3515.775704536997
5748,2872.2237507184,1.0,1.0,1.0,0.0004022998078371471,2485.7083710186726,2485.7083710186726
5749,2872.7241221670997,0.0,0.0,0.0,0.00040235167723454054,0.0,0.0
5750,2873.22449375,2.0,1.9791666666666667,1.41436700604114,0.0004024035560715704,4918.362764951951,3514.7974830261796
5751,2873.7248654671,0.0,0.0,0.0,0.00040245544434290543,0.0,0.0
5752,2874.2252373184,4.0,3.9791666666666665,2.000108504001165,0.00040250734204322624,9885.948033810857,4969.123032261032
5753,2874.7256093039,0.0,0.0,0.0,0.000402559249167202,0.0,0.0
5754,2875.2259814236,2.0,2.0,1.4142135623730951,0.00040261116570949185,4967.572115084161,3512.603928609211
5755,2875.7263536775,3.0,2.9791666666666665,1.7321760960646517,0.00040266309166480085,7398.658402858265,4301.800020714616
5756,2876.2267260656,0.0,0.0,0.0,0.00040271502702779986,0.0,0.0
5757,2876.7270985879,1.0,1.0,1.0,0.0004027669717932016,2482.8252315421837,2482.8252315421837
5758,2877.2274712443996,0.0,0.0,0.0,0.00040281892595565524,0.0,0.0
5759,2877.7278440350997,1.0,0.9583333333333334,1.0004339336285808,0.00040287088950987363,2378.7604373679783,2483.261907668963
5760,2878.22821696,0.0,0.0,0.0,0.0004029228624505363,0.0,0.0
5761,2878.7285900191,0.0,0.0,0.0,0.0004029748447723457,0.0,0.0
5762,2879.2289632124002,1.0,1.0,1.0,0.0004030268364700231,2481.2243491244026,2481.2243491244026
5763,2879.7293365398996,0.0,0.0,0.0,0.0004030788375382546,0.0,0.0
5764,2880.2297100016,0.0,0.0,0.0,0.00040313084797176206,0.0,0.0
5765,2880.7300835975,2.0,1.9791666666666667,1.41436700604114,0.0004031828677652391,4908.856067314532,3508.0037350810308
5766,2881.2304573276,1.0,1.0,1.0,0.0004032348969134083,2479.9440912841987,2479.9440912841987
5767,2881.7308311919,1.0,0.9583333333333334,1.0004339336285808,0.00040328693541099924,2376.3064190429905,2480.700081714809
5768,2882.2312051904,0.0,0.0,0.0,0.0004033389832527065,0.0,0.0
5769,2882.7315793231,0.0,-0.020833333333333332,0.020833333333333332,0.0004033910404332722,-51.64550335812311,51.64550335812311
5770,2883.23195359,3.0,2.9791666666666665,1.7321760960646517,0.0004034431069474157,7384.353866417571,4293.482937831979
5771,2883.7323279911,0.0,0.0,0.0,0.00040349518278988547,0.0,0.0
5772,2884.2327025264,1.0,1.0,1.0,0.00040354726795539017,2478.0244581176157,2478.0244581176157
5773,2884.7330771959,2.0,2.0,1.4142135623730951,0.00040359936243866256,4955.409215503783,3504.0034598370353
5774,2885.2334519996,0.0,0.0,0.0,0.00040365146623446416,0.0,0.0
5775,2885.7338269375,2.0,2.0,1.4142135623730951,0.000403703579337523,4954.129966551194,3503.098894227833
5776,2886.2342020096003,2.0,1.9791666666666667,1.41436700604114,0.0004037557017425844,4901.891559982205,3503.026706339552
5777,2886.7345772158997,1.0,1.0,1.0,0.00040380783344440025,2476.4254607697912,2476.4254607697912
5778,2887.2349525564,0.0,0.0,0.0,0.0004038599744377116,0.0,0.0
5779,2887.7353280311,2.0,2.0,1.4142135623730951,0.0004039121247172945,4951.572081179382,3501.290196135927
5780,2888.2357036400003,0.0,-0.020833333333333332,0.020833333333333332,0.00040396428427789087,-51.572216020468495,51.572216020468495
5781,2888.7360793831,1.0,0.9791666666666666,1.0002169903464837,0.00040401645311427206,2423.5811663583886,2475.6838060344594
5782,2889.2364552604,2.0,2.0,1.4142135623730951,0.0004040686312212101,4949.654205909111,3499.9340535268484
5783,2889.7368312719,1.0,1.0,1.0,0.00040412081859343105,2474.5075086222123,2474.5075086222123
5784,2890.2372074176,0.0,0.0,0.0,0.0004041730152257425,0.0,0.0
5785,2890.7375836975,1.0,0.9791666666666666,1.0002169903464837,0.0004042252211129006,2422.329472591677,2474.405203101174
5786,2891.2379601116,1.0,1.0,1.0,0.00040427743624970864,2473.5488808787572,2473.5488808787572
5787,2891.7383366599,0.0,0.0,0.0,0.0004043296606309118,0.0,0.0
5788,2892.2387133424,0.0,0.0,0.0,0.0004043818942513086,0.0,0.0
5789,2892.7390901591,1.0,0.9791666666666666,1.0002169903464837,0.0004044341371056631,2421.078185125723,2473.1270152033812
5790,2893.2394671099996,2.0,2.0,1.4142135623730951,0.00040448638918879194,4944.542148899132,3496.3192833492803
5791,2893.7398441951,0.0,0.0,0.0,0.00040453865049550606,0.0,0.0
5792,2894.2402214144,0.0,0.0,0.0,0.00040459092102054285,0.0,0.0
5793,2894.7405987679,0.0,0.0,0.0,0.00040464320075874307,0.0,0.0
5794,2895.2409762556003,0.0,0.0,0.0,0.00040469548970489106,0.0,0.0
5795,2895.7413538775,1.0,0.9791666666666666,1.0002169903464837,0.00040474778785380016,2419.20202173002,2471.210517666311
5796,2896.2417316336,0.0,0.0,0.0,0.0004048000952002671,0.0,0.0
5797,2896.7421095239,0.0,0.0,0.0,0.00040485241173910026,0.0,0.0
5798,2897.2424875484003,2.0,1.9791666666666667,1.41436700604114,0.000404904737465121,4887.981007723217,3493.085842600138
5799,2897.7428657070996,0.0,-0.020833333333333332,0.020833333333333332,0.00040495707237314465,-51.44578216956442,51.44578216956442
5800,2898.243244,0.0,0.0,0.0,0.0004050094164579932,0.0,0.0
5801,2898.7436224271,2.0,2.0,1.4142135623730951,0.000405061769714483,4937.518545405422,3491.3528456905124
5802,2899.2440009884,1.0,0.9583333333333334,1.0004339336285808,0.0004051141321374485,2365.588502867105,2469.5113161077043
5803,2899.7443796839,0.0,0.0,0.0,0.0004051665037217018,0.0,0.0
5804,2900.2447585135997,2.0,2.0,1.4142135623730951,0.0004052188844620955,4935.604130727726,3489.999150089911
5805,2900.7451374775,4.0,3.9583333333333335,2.0002170021164094,0.0004052712743534312,9767.120405087799,4935.501548456773
5806,2901.2455165756,0.0,0.0,0.0,0.0004053236733905918,0.0,0.0
5807,2901.7458958079,1.0,1.0,1.0,0.00040537608156838474,2466.8450988302957,2466.8450988302957
5808,2902.2462751743997,0.0,0.0,0.0,0.00040542849888167165,0.0,0.0
5809,2902.7466546750998,0.0,0.0,0.0,0.00040548092532528997,0.0,0.0
5810,2903.24703431,0.0,0.0,0.0,0.00040553336089408455,0.0,0.0
5811,2903.7474140791,0.0,0.0,0.0,0.00040558580558291166,0.0,0.0
5812,2904.2477939824003,1.0,1.0,1.0,0.00040563825938664,2465.250692851523,2465.250692851523
5813,2904.7481740199,3.0,3.0,1.7320508075688772,0.0004056907223001151,7394.795678321453,4269.387275481172
5814,2905.2485541916,3.0,2.9791666666666665,1.7321760960646517,0.00040574319431819567,7342.49325283893,4269.14393222386
5815,2905.7489344975,0.0,0.0,0.0,0.0004057956754357685,0.0,0.0
5816,2906.2493149376,4.0,3.9791666666666665,2.000108504001165,0.0004058481656476873,9804.569795988535,4928.21866229017
5817,2906.7496955119,0.0,-0.020833333333333332,0.020833333333333332,0.0004059006649488056,-51.32618675547365,51.32618675547365
5818,2907.2500762204,2.0,2.0,1.4142135623730951,0.00040595317333401844,4926.676600590086,3483.6864329903383
5819,2907.7504570631,1.0,1.0,1.0,0.0004060056907982152,2463.0196636751084,2463.0196636751084
5820,2908.25083804,0.0,0.0,0.0,0.0004060582173362396,0.0,0.0
5821,2908.7512191511,1.0,1.0,1.0,0.0004061107529430168,2462.382472646112,2462.382472646112
5822,2909.2516003963997,2.0,2.0,1.4142135623730951,0.000406163297613386,4924.127836641057,3481.8841847183353
5823,2909.7519817759,2.0,2.0,1.4142135623730951,0.00040621585134227334,4923.490783019249,3481.4337197823756
5824,2910.2523632896,1.0,1.0,1.0,0.00040626841412455935,2461.4268922550455,2461.4268922550455
5825,2910.7527449375,0.0,-0.020833333333333332,0.020833333333333332,0.00040632098595514836,-51.273092095796926,51.273092095796926
5826,2911.2531267195995,0.0,-0.020833333333333332,0.020833333333333332,0.0004063735668289156,-51.26645784543418,51.26645784543418
5827,2911.7535086359,1.0,1.0,1.0,0.0004064261567407838,2460.4715602440765,2460.4715602440765
5828,2912.2538906864,1.0,1.0,1.0,0.00040647875568564746,2460.1531716293566,2460.1531716293566
5829,2912.7542728711,0.0,0.0,0.0,0.00040653136365840646,0.0,0.0
5830,2913.25465519,1.0,1.0,1.0,0.0004065839806539965,2459.5164777310824,2459.5164777310824
5831,2913.7550376431,1.0,1.0,1.0,0.00040663660666729614,2459.198172529963,2459.198172529963
5832,2914.2554202304,1.0,1.0,1.0,0.00040668924169325326,2458.879895215555,2458.879895215555
5833,2914.7558029519,2.0,2.0,1.4142135623730951,0.00040674188572676446,4917.123291658073,3476.931223461742
5834,2915.2561858076,0.0,0.0,0.0,0.0004067945387627677,0.0,0.0
5835,2915.7565687974998,1.0,0.9791666666666666,1.0002169903464837,0.00040684720079617776,2406.718455357419,2458.458577050828
5836,2916.2569519216,2.0,2.0,1.4142135623730951,0.00040689987182192705,4915.214131291903,3475.5812432204502
5837,2916.7573351799,0.0,0.0,0.0,0.00040695255183494376,0.0,0.0
5838,2917.2577185724,2.0,2.0,1.4142135623730951,0.00040700524083016744,4913.9416384924325,3474.6814549329333
5839,2917.7581020991,1.0,1.0,1.0,0.00040705793880252633,2456.6527382853087,2456.6527382853087
5840,2918.25848576,0.0,0.0,0.0,0.0004071106457469613,0.0,0.0
5841,2918.7588695551,0.0,0.0,0.0,0.000407163361658425,0.0,0.0
5842,2919.2592534844,0.0,0.0,0.0,0.00040721608653186486,0.0,0.0
5843,2919.7596375479,1.0,1.0,1.0,0.00040726882036222294,2455.3806969819216,2455.3806969819216
5844,2920.2600217455997,1.0,1.0,1.0,0.0004073215631444362,2455.0627574936416,2455.0627574936416
5845,2920.7604060774997,0.0,0.0,0.0,0.0004073743148734884,0.0,0.0
5846,2921.2607905436,2.0,2.0,1.4142135623730951,0.00040742707554431703,4908.853927609075,3471.083900066595
5847,2921.7611751439,0.0,-0.020833333333333332,0.020833333333333332,0.000407479845151884,-51.1272731184236,51.1272731184236
5848,2922.2615598784,1.0,1.0,1.0,0.0004075326236911681,2453.791284100507,2453.791284100507
5849,2922.7619447470997,0.0,0.0,0.0,0.000407585411157115,0.0,0.0
5850,2923.26232975,0.0,0.0,0.0,0.00040763820754471036,0.0,0.0
5851,2923.7627148871,1.0,0.9791666666666666,1.0002169903464837,0.00040769101284892403,2401.7371877400483,2453.370221131485
5852,2924.2631001584,0.0,0.0,0.0,0.0004077438270647306,0.0,0.0
5853,2924.7634855639003,1.0,0.9791666666666666,1.0002169903464837,0.00040779665018710694,2401.115031762525,2452.7346899185172
5854,2925.2638711035997,3.0,3.0,1.7320508075688772,0.0004078494822110352,7355.654796314533,4246.789276718157
5855,2925.7642567775,1.0,0.9791666666666666,1.0002169903464837,0.0004079023231314922,2400.4929884918074,2452.0992738353484
5856,2926.2646425856,3.0,3.0,1.7320508075688772,0.00040795517294347854,7353.749134627702,4245.689042430281
5857,2926.7650285279,1.0,1.0,1.0,0.0004080080316419841,2450.932144584528,2450.932144584528
5858,2927.2654146043997,2.0,2.0,1.4142135623730951,0.00040806089922198715,4901.229213122892,3465.6924127488037
5859,2927.7658008150997,1.0,1.0,1.0,0.00040811377567848985,2450.2970975128155,2450.2970975128155
5860,2928.26618716,1.0,1.0,1.0,0.00040816666100650047,2449.9796174780527,2449.9796174780527
5861,2928.7665736391,1.0,1.0,1.0,0.00040821955520099925,2449.6621664967024,2449.6621664967024
5862,2929.2669602524,1.0,1.0,1.0,0.00040827245825703594,2449.344744607853,2449.344744607853
5863,2929.7673469999,0.0,0.0,0.0,0.000408325370169557,0.0,0.0
5864,2930.2677338815997,1.0,1.0,1.0,0.0004083782909336245,2448.7099882655966,2448.7099882655966
5865,2930.7681208975,1.0,1.0,1.0,0.0004084312205442381,2448.3926538903943,2448.3926538903943
5866,2931.2685080476003,1.0,0.9791666666666666,1.0002169903464837,0.0004084841589964027,2397.0737789988316,2448.606557482911
5867,2931.7688953319,0.0,0.0,0.0,0.000408537106285131,0.0,0.0
5868,2932.2692827503997,5.0,5.0,2.23606797749979,0.00040859006240547485,12237.204132091987,5472.644058779801
5869,2932.7696703031,0.0,-0.020833333333333332,0.020833333333333332,0.00040864302735243643,-50.98174185990823,50.98174185990823
5870,2933.27005799,0.0,0.0,0.0,0.0004086960011210575,0.0,0.0
5871,2933.7704458111,2.0,2.0,1.4142135623730951,0.00040874898370634605,4892.978526490582,3459.8582962816517
5872,2934.2708337664,0.0,0.0,0.0,0.00040880197510337405,0.0,0.0
5873,2934.7712218559,1.0,0.9791666666666666,1.0002169903464837,0.0004088549753071453,2394.899721915049,2446.38576207881
5874,2935.2716100796,1.0,1.0,1.0,0.00040890798431270325,2445.5379654198005,2445.5379654198005
5875,2935.7719984375003,1.0,1.0,1.0,0.0004089610021151045,2445.220925291415,2445.220925291415
5876,2936.2723869295996,1.0,1.0,1.0,0.0004090140287094055,2444.903914800623,2444.903914800623
5877,2936.7727755559,0.0,0.0,0.0,0.00040906706409062917,0.0,0.0
5878,2937.2731643164,0.0,0.0,0.0,0.00040912010825383836,0.0,0.0
5879,2937.7735532111,0.0,0.0,0.0,0.0004091731611940743,0.0,0.0
5880,2938.27394224,1.0,1.0,1.0,0.00040922622290641837,2443.6361699838562,2443.6361699838562
5881,2938.7743314031,0.0,0.0,0.0,0.000409279293385907,0.0,0.0
5882,2939.2747207004,1.0,0.9791666666666666,1.0002169903464837,0.00040933237262761696,2392.1065914751057,2443.5325843539226
5883,2939.7751101319,1.0,1.0,1.0,0.0004093854606266083,2442.685674448215,2442.685674448215
5884,2940.2754996976,1.0,1.0,1.0,0.00040943855737797616,2442.3689024403307,2442.3689024403307
5885,2940.7758893974997,0.0,0.0,0.0,0.00040949166287673554,0.0,0.0
5886,2941.2762792316,1.0,1.0,1.0,0.00040954477711801715,2441.7354484094258,2441.7354484094258
5887,2941.7766691999,1.0,1.0,1.0,0.0004095979000968656,2441.4187664622073,2441.4187664622073
5888,2942.2770593024,0.0,0.0,0.0,0.0004096510318083724,0.0,0.0
5889,2942.7774495391,1.0,1.0,1.0,0.00040970417224760647,2440.78549289375,2440.78549289375
5890,2943.27783991,0.0,0.0,0.0,0.0004097573214096946,0.0,0.0
5891,2943.7782304151,0.0,0.0,0.0,0.0004098104792896891,0.0,0.0
5892,2944.2786210544,0.0,0.0,0.0,0.0004098636458826776,0.0,0.0
5893,2944.7790118279,0.0,-0.020833333333333332,0.020833333333333332,0.0004099168211837827,-50.82331891911526,50.82331891911526
5894,2945.2794027356,0.0,0.0,0.0,0.0004099700051880756,0.0,0.0
5895,2945.7797937775,1.0,1.0,1.0,0.00041002319789068,2438.8863975121208,2438.8863975121208
5896,2946.2801849536,2.0,2.0,1.4142135623730951,0.0004100763992866912,4877.139975572617,3448.6587495233907
5897,2946.7805762639,2.0,2.0,1.4142135623730951,0.0004101296093711871,4876.507216990284,3448.211321638969
5898,2947.2809677084,1.0,1.0,1.0,0.00041018282813932793,2437.937259675647,2437.937259675647
5899,2947.7813592871,0.0,0.0,0.0,0.0004102360555861752,0.0,0.0
5900,2948.281751,3.0,3.0,1.7320508075688772,0.0004102892917068901,7311.913960804014,4221.53549356158
5901,2948.7821428471,2.0,2.0,1.4142135623730951,0.00041034253649654674,4873.9767928417805,3446.4220415642835
5902,2949.2825348284,2.0,2.0,1.4142135623730951,0.00041039578995030686,4873.344339721837,3445.974829674389
5903,2949.7829269439,1.0,1.0,1.0,0.0004104490520632689,2436.3559739586253,2436.3559739586253
5904,2950.2833191935997,1.0,1.0,1.0,0.00041050232283054375,2436.0398087511,2436.0398087511
5905,2950.7837115775,1.0,1.0,1.0,0.00041055560224729983,2435.723674275052,2435.723674275052
5906,2951.2841040956,0.0,0.0,0.0,0.00041060889030863733,0.0,0.0
5907,2951.7844967479,0.0,0.0,0.0,0.00041066218700970856,0.0,0.0
5908,2952.2848895344,1.0,1.0,1.0,0.0004107154923456494,2434.775455605218,2434.775455605218
5909,2952.7852824551,0.0,0.0,0.0,0.0004107688063115723,0.0,0.0
5910,2953.28567551,1.0,0.9791666666666666,1.0002169903464837,0.0004108221289026604,2383.432141988313,2434.671649791956
5911,2953.7860686991003,5.0,4.979166666666667,2.236165026955251,0.0004108754601140503,12118.432834330275,5442.439970336849
5912,2954.2864620224,1.0,1.0,1.0,0.00041092879994087414,2433.5115965196,2433.5115965196
5913,2954.7868554798997,3.0,3.0,1.7320508075688772,0.00041098214837829257,7299.587127659424,4214.418593127296
5914,2955.2872490716,1.0,1.0,1.0,0.0004110355054214502,2432.8798529817086,2432.8798529817086
5915,2955.7876427975,1.0,1.0,1.0,0.00041108887106552574,2432.564027841572,2432.564027841572
5916,2956.2880366576,3.0,2.9791666666666665,1.7321760960646517,0.0004111422453056592,7246.072863302669,4213.082250345946
5917,2956.7884306519,4.0,4.0,2.0,0.00041119562813703045,9727.729884003058,4863.864942001529
5918,2957.2888247804,4.0,4.0,2.0,0.00041124901955477954,9726.466957490677,4863.233478745338
5919,2957.7892190431,5.0,5.0,2.23606797749979,0.0004113024195541112,12156.505194937705,5436.554396942009
5920,2958.2896134400003,11.0,11.0,3.3166247903554,0.00041135582813017817,26740.839068697787,8062.666342740662
5921,2958.7900079711,9.0,9.0,3.0,0.00041140924527814475,21876.02758881925,7292.009196273083
5922,2959.2904026364,13.0,13.0,3.605551275463989,0.0004114626709931938,31594.603633472838,8762.766417572859
5923,2959.7907974359,11.0,11.0,3.3166247903554,0.00041151610527050863,26730.424056597225,8059.526098438428
5924,2960.2911923696,13.0,13.0,3.605551275463989,0.00041156954810526666,31586.39909062224,8760.490886808277
5925,2960.7915874375003,6.0,5.958333333333333,2.4496669274731113,0.00041162299949266934,14475.219656523215,5951.239193369557
5926,2961.2919826395996,7.0,7.0,2.6457513110645907,0.00041167645942788943,17003.644098882807,6426.773381070698
5927,2961.7923779759,6.0,6.0,2.449489742783178,0.0004117299279061119,14572.659389890645,5949.263283435016
5928,2962.2927734464,2.0,2.0,1.4142135623730951,0.0004117834049225392,4856.922294807438,3434.362690354468
5929,2962.7931690511,4.0,4.0,2.0,0.00041183689047238084,9712.583045710067,4856.291522855034
5930,2963.2935647900003,2.0,2.0,1.4142135623730951,0.000411890384550817,4855.660814177734,3433.470688846868
5931,2963.7939606631,3.0,3.0,1.7320508075688772,0.0004119438871530806,7282.54525326937,4204.579462360702
5932,2964.2943566704,1.0,1.0,1.0,0.0004119973982743242,2427.199793466075,2427.199793466075
5933,2964.7947528119003,2.0,2.0,1.4142135623730951,0.0004120509179097819,4853.76906850599,3432.1330226540977
5934,2965.2951490876003,1.0,1.0,1.0,0.00041210444605467025,2426.5693068192204,2426.5693068192204
5935,2965.7955454975,2.0,2.0,1.4142135623730951,0.00041215798270421305,4852.5082224000225,3431.2414698225357
5936,2966.2959420416,1.0,1.0,1.0,0.00041221152785361634,2425.9389474306936,2425.9389474306936
5937,2966.7963387199,1.0,1.0,1.0,0.0004122650814980641,2425.6238155466867,2425.6238155466867
5938,2967.2967355324,3.0,3.0,1.7320508075688772,0.0004123186436328212,7275.926146748692,4200.757919429194
5939,2967.7971324791,2.0,2.0,1.4142135623730951,0.000412372214253107,4849.987295148927,3429.4589050684076
5940,2968.29752956,1.0,1.0,1.0,0.00041242579335412985,2424.6786115565496,2424.6786115565496
5941,2968.7979267750998,0.0,0.0,0.0,0.0004124793809311445,0.0,0.0
5942,2969.2983241244,4.0,4.0,2.0,0.0004125329769793659,9696.19454252762,4848.09727126381
5943,2969.7987216079,1.0,1.0,1.0,0.00041258658149400946,2423.733695795241,2423.733695795241
5944,2970.2991192256,0.0,0.0,0.0,0.000412640194470372,0.0,0.0
5945,2970.7995169775,0.0,0.0,0.0,0.0004126938159036351,0.0,0.0
5946,2971.2999148636,2.0,1.9791666666666667,1.41436700604114,0.00041274744578907876,4795.103366134593,3426.712922080459
5947,2971.8003128839,0.0,0.0,0.0,0.000412801084121926,0.0,0.0
5948,2972.3007110384,2.0,2.0,1.4142135623730951,0.0004128547308974467,4844.318958517157,3425.450785798035
5949,2972.8011093270998,0.0,0.0,0.0,0.00041290838611087653,0.0,0.0
5950,2973.30150775,1.0,1.0,1.0,0.00041296204975748547,2421.530018526536,2421.530018526536
5951,2973.8019063071,0.0,0.0,0.0,0.00041301572183253887,0.0,0.0
5952,2974.3023049984004,0.0,0.0,0.0,0.00041306940233124505,0.0,0.0
5953,2974.8027038238997,1.0,1.0,1.0,0.0004131230912489215,2420.5860703086773,2420.5860703086773
5954,2975.3031027836,0.0,-0.020833333333333332,0.020833333333333332,0.00041317678858081227,-50.422322621007034,50.422322621007034
5955,2975.8035018775,0.0,0.0,0.0,0.00041323049432220134,0.0,0.0
5956,2976.3039011056003,1.0,1.0,1.0,0.00041328420846832185,2419.642414371731,2419.642414371731
5957,2976.8043004679002,2.0,2.0,1.4142135623730951,0.0004133379310145049,4838.655855007451,3421.446366903761
5958,2977.3046999644,1.0,1.0,1.0,0.0004133916619559788,2419.013473248253,2419.013473248253
5959,2977.8050995951,1.0,1.0,1.0,0.0004134454012880352,2418.6990516392984,2418.6990516392984
5960,2978.30549936,0.0,0.0,0.0,0.000413499149005961,0.0,0.0
5961,2978.8058992591,1.0,1.0,1.0,0.000413552905105049,2418.070306496781,2418.070306496781
5962,2979.3062992923997,0.0,0.0,0.0,0.000413606669580598,0.0,0.0
5963,2979.8066994599,3.0,3.0,1.7320508075688772,0.00041366044242783834,7252.325077042724,4187.13183548129
5964,2980.3070997616,2.0,2.0,1.4142135623730951,0.0004137142236421335,4834.2548689600235,3418.334399825718
5965,2980.8075001975,0.0,0.0,0.0,0.0004137680132187495,0.0,0.0
5966,2981.3079007676,3.0,3.0,1.7320508075688772,0.0004138218111529868,7249.497051983379,4185.499074452002
5967,2981.8083014719,0.0,0.0,0.0,0.000413875617440118,0.0,0.0
5968,2982.3087023104,0.0,0.0,0.0,0.0004139294320755199,0.0,0.0
5969,2982.8091032831,0.0,0.0,0.0,0.00041398325505440244,0.0,0.0
5970,2983.3095043900003,1.0,0.9791666666666666,1.0002169903464837,0.000414037086372172,2364.925024582237,2415.766662620659
5971,2983.8099056311,0.0,0.0,0.0,0.00041409092602406243,0.0,0.0
5972,2984.3103070064,0.0,0.0,0.0,0.0004141447740054409,0.0,0.0
5973,2984.8107085159,0.0,0.0,0.0,0.00041419863031158825,0.0,0.0
5974,2985.3111101596,0.0,0.0,0.0,0.00041425249493784905,0.0,0.0
5975,2985.8115119375,1.0,0.9791666666666666,1.0002169903464837,0.0004143063678795458,2363.387923961011,2414.19651709839
5976,2986.3119138496,2.0,2.0,1.4142135623730951,0.0004143602491320012,4826.717823897406,3413.0049041518323
5977,2986.8123158958997,1.0,1.0,1.0,0.0004144141386905381,2413.045083741087,2413.045083741087
5978,2987.3127180764,0.0,0.0,0.0,0.00041446803655049145,0.0,0.0
5979,2987.8131203911003,0.0,0.0,0.0,0.00041452194270717995,0.0,0.0
5980,2988.3135228399997,0.0,0.0,0.0,0.0004145758571559504,0.0,0.0
5981,2988.8139254231,0.0,0.0,0.0,0.0004146297798921743,0.0,0.0
5982,2989.3143281404,0.0,-0.020833333333333332,0.020833333333333332,0.00041468371091113096,-50.239092554561495,50.239092554561495
5983,2989.8147309919,1.0,1.0,1.0,0.00041473765020819754,2411.162814608227,2411.162814608227
5984,2990.3151339776,0.0,0.0,0.0,0.00041479159777874086,0.0,0.0
5985,2990.8155370974996,1.0,1.0,1.0,0.0004148455536180933,2410.535659062649,2410.535659062649
5986,2991.3159403515997,0.0,0.0,0.0,0.0004148995177215934,0.0,0.0
5987,2991.8163437399,2.0,2.0,1.4142135623730951,0.0004149534900846265,4819.8172754062525,3408.125479519831
5988,2992.3167472624,1.0,1.0,1.0,0.0004150074707025203,2409.595177424663,2409.595177424663
5989,2992.8171509190997,0.0,0.0,0.0,0.00041506145957062655,0.0,0.0
5990,2993.31755471,1.0,1.0,1.0,0.00041511545668436055,2408.9683578329523,2408.9683578329523
5991,2993.8179586351,0.0,-0.020833333333333332,0.020833333333333332,0.0004151694620390456,-50.18031247051117,50.18031247051117
5992,2994.3183626944,1.0,1.0,1.0,0.00041522347563009243,2408.3416730774243,2408.3416730774243
5993,2994.8187668879,1.0,1.0,1.0,0.00041527749745280234,2408.0283813443402,2408.0283813443402
5994,2995.3191712156,2.0,2.0,1.4142135623730951,0.0004153315275025979,4815.430246834537,3405.0233818675115
5995,2995.8195756775,1.0,1.0,1.0,0.0004153855657748567,2407.401899328419,2407.401899328419
5996,2996.3199802736,0.0,-0.020833333333333332,0.020833333333333332,0.00041543961226496164,-50.14768143979039,50.14768143979039
5997,2996.8203850039,0.0,0.0,0.0,0.00041549366696826806,0.0,0.0
5998,2997.3207898684,1.0,1.0,1.0,0.0004155477298801715,2406.4624304128984,2406.4624304128984
5999,2997.8211948671,2.0,2.0,1.4142135623730951,0.00041560180099608015,4812.2986839964715,3402.809032549004
6000,2998.3215999999998,1.0,1.0,1.0,0.00041565588031134993,2405.8362875822736,2405.8362875822736
6001,2998.8220052671,3.0,3.0,1.7320508075688772,0.00041570996782138353,7216.569801590608,4166.488517574062
6002,2999.3224106684,0.0,0.0,0.0,0.0004157640635216021,0.0,0.0
6003,2999.8228162039,0.0,0.0,0.0,0.00041581816740738584,0.0,0.0
6004,3000.3232218736,2.0,2.0,1.4142135623730951,0.0004158736998361788,4809.152395998692,3400.584270970208
6005,3000.8236276775,1.0,1.0,1.0,0.00041593001924387273,2404.2506040268972,2404.2506040268972
6006,3001.3240336156,0.0,0.0,0.0,0.00041598634705213955,0.0,0.0
6007,3001.8244396879004,3.0,3.0,1.7320508075688772,0.0004160426832565026,7210.798604888363,4163.156515604474
6008,3002.3248458944,0.0,0.0,0.0,0.0004160990278524853,0.0,0.0
6009,3002.8252522351,1.0,1.0,1.0,0.0004161553808355712,2402.9486246030638,2402.9486246030638
6010,3003.32565871,0.0,0.0,0.0,0.0004162117422013414,0.0,0.0
6011,3003.8260653191,2.0,2.0,1.4142135623730951,0.00041626811194529756,4804.595746365561,3397.36223311513
6012,3004.3264720623997,1.0,1.0,1.0,0.0004163244900629351,2401.972557148468,2401.972557148468
6013,3004.8268789399,2.0,1.9791666666666667,1.41436700604114,0.00041638087654982523,4753.260243520896,3396.810674305531
6014,3005.3272859516,2.0,1.9791666666666667,1.41436700604114,0.0004164372714014701,4752.616546559381,3396.350670729486
6015,3005.8276930975003,0.0,-0.020833333333333332,0.020833333333333332,0.00041649367461341264,-50.02076766873045,50.02076766873045
6016,3006.3281003776,0.0,0.0,0.0,0.0004165500861811954,0.0,0.0
6017,3006.8285077919,2.0,2.0,1.4142135623730951,0.000416606506100368,4800.693149804444,3394.6026806225286
6018,3007.3289153404,0.0,0.0,0.0,0.00041666293436644515,0.0,0.0
6019,3007.8293230231,0.0,0.0,0.0,0.0004167193709750112,0.0,0.0
6020,3008.32973084,0.0,0.0,0.0,0.00041677581592158136,0.0,0.0
6021,3008.8301387910997,0.0,0.0,0.0,0.0004168322692017121,0.0,0.0
6022,3009.3305468763997,0.0,0.0,0.0,0.0004168887308109594,0.0,0.0
6023,3009.8309550959,0.0,0.0,0.0,0.00041694520074486864,0.0,0.0
6024,3010.3313634496003,0.0,0.0,0.0,0.0004170016789990199,0.0,0.0
6025,3010.8317719375,1.0,1.0,1.0,0.0004170581655689358,2397.7470831576597,2397.7470831576597
6026,3011.3321805595997,2.0,2.0,1.4142135623730951,0.00041711466045021985,4794.844654563965,3390.467169978249
6027,3011.8325893159,1.0,1.0,1.0,0.00041717116363842994,2397.097611633384,2397.097611633384
6028,3012.3329982064,1.0,1.0,1.0,0.0004172276751290956,2396.772936240596,2396.772936240596
6029,3012.8334072311,1.0,0.9791666666666666,1.0002169903464837,0.00041728419491780984,2346.52229485837,2396.9683072791454
6030,3013.33381639,2.0,2.0,1.4142135623730951,0.0004173407230001544,4792.247412671636,3388.6306426238016
6031,3013.8342256830997,3.0,3.0,1.7320508075688772,0.0004173972593716883,7187.397455641961,4149.645855787717
6032,3014.3346351104,0.0,0.0,0.0,0.00041745380402799975,0.0,0.0
6033,3014.8350446719,1.0,1.0,1.0,0.00041751035696467126,2395.1501641062705,2395.1501641062705
6034,3015.3354543676,0.0,0.0,0.0,0.00041756691817729187,0.0,0.0
6035,3015.8358641974996,0.0,-0.020833333333333332,0.020833333333333332,0.0004176234876613984,-49.88544454239275,49.88544454239275
6036,3016.3362741615997,0.0,0.0,0.0,0.00041768006541262066,0.0,0.0
6037,3016.8366842599,1.0,1.0,1.0,0.0004177366514265482,2393.852673891682,2393.852673891682
6038,3017.3370944924,1.0,0.9791666666666666,1.0002169903464837,0.00041779324569876533,2343.6632275588754,2394.0477751707213
6039,3017.8375048590997,0.0,0.0,0.0,0.00041784984822486765,0.0,0.0
6040,3018.33791536,0.0,0.0,0.0,0.0004179064590004174,0.0,0.0
6041,3018.8383259951,0.0,-0.020833333333333332,0.020833333333333332,0.00041796307802107987,-49.84491317264777,49.84491317264777
6042,3019.3387367644,0.0,-0.020833333333333332,0.020833333333333332,0.0004180197052823942,-49.83816090502079,49.83816090502079
6043,3019.8391476679003,0.0,0.0,0.0,0.00041807634078001545,0.0,0.0
6044,3020.3395587055998,2.0,1.9791666666666667,1.41436700604114,0.0004181329845095062,4733.342596706027,3382.5769753617333
6045,3020.8399698774997,0.0,0.0,0.0,0.000418189636466516,0.0,0.0
6046,3021.3403811836,0.0,0.0,0.0,0.0004182462966466199,0.0,0.0
6047,3021.8407926239,0.0,0.0,0.0,0.00041830296504543387,0.0,0.0
6048,3022.3412041983997,1.0,1.0,1.0,0.00041835964165861343,2390.2879255643215,2390.2879255643215
6049,3022.8416159071,0.0,0.0,0.0,0.0004184163264817404,0.0,0.0
6050,3023.34202775,3.0,2.9791666666666665,1.7321760960646517,0.00041847301951046593,7119.136784855871,4139.2778394434345
6051,3023.8424397271,1.0,1.0,1.0,0.00041852972074038345,2389.3165776399096,2389.3165776399096
6052,3024.3428518384003,2.0,2.0,1.4142135623730951,0.00041858643016710455,4777.985753626979,3378.546126802354
6053,3024.8432640838996,0.0,0.0,0.0,0.000418643147786304,0.0,0.0
6054,3025.3436764636,0.0,0.0,0.0,0.00041869987359358763,0.0,0.0
6055,3025.8440889775,2.0,1.9791666666666667,1.41436700604114,0.0004187566075846142,4726.293581568752,3377.5395550155044
6056,3026.3445016256,0.0,0.0,0.0,0.0004188133497549839,0.0,0.0
6057,3026.8449144079,0.0,0.0,0.0,0.00041887010010033867,0.0,0.0
6058,3027.3453273244,0.0,0.0,0.0,0.0004189268586163377,0.0,0.0
6059,3027.8457403751,0.0,0.0,0.0,0.0004189836252986459,0.0,0.0
6060,3028.34615356,1.0,1.0,1.0,0.00041904040014283046,2386.404746795652,2386.404746795652
6061,3028.8465668791,0.0,0.0,0.0,0.000419097183144627,0.0,0.0
6062,3029.3469803323997,2.0,2.0,1.4142135623730951,0.0004191539742996316,4771.516250899968,3373.97149755318
6063,3029.8473939199,1.0,1.0,1.0,0.0004192107736035108,2385.434876599329,2385.434876599329
6064,3030.3478076416,0.0,0.0,0.0,0.0004192675810519314,0.0,0.0
6065,3030.8482214975,0.0,0.0,0.0,0.00041932439664053677,0.0,0.0
6066,3031.3486354876,2.0,2.0,1.4142135623730951,0.0004193812203649827,4768.930755314754,3372.1432760921466
6067,3031.8490496118998,0.0,0.0,0.0,0.0004194380522209481,0.0,0.0
6068,3032.3494638704,0.0,-0.020833333333333332,0.020833333333333332,0.00041949489220410077,-49.662901075794494,49.662901075794494
6069,3032.8498782631,0.0,0.0,0.0,0.00041955174031008553,0.0,0.0
6070,3033.3502927900004,0.0,-0.041666666666666664,0.029462782549439483,0.0004196085965345939,-99.29888713143066,70.21491645491223
6071,3033.8507074511,1.0,1.0,1.0,0.00041966546087325373,2382.8503730546877,2382.8503730546877
6072,3034.3511222464,0.0,0.0,0.0,0.00041972233332180324,0.0,0.0
6073,3034.8515371759,3.0,3.0,1.7320508075688772,0.0004197792138758885,7146.613983814303,4126.099507349531
6074,3035.3519522396,0.0,-0.020833333333333332,0.020833333333333332,0.0004198361025311904,-49.62253890918203,49.62253890918203
6075,3035.8523674374997,1.0,1.0,1.0,0.00041989299928338406,2381.559115552446,2381.559115552446
6076,3036.3527827696,0.0,-0.020833333333333332,0.020833333333333332,0.0004199499041281687,-49.6090917715152,49.6090917715152
6077,3036.8531982359,2.0,2.0,1.4142135623730951,0.0004200068170612144,4761.827472215784,3367.1204964441777
6078,3037.3536138364,0.0,0.0,0.0,0.0004200637380782322,0.0,0.0
6079,3037.8540295711,0.0,0.0,0.0,0.00042012066717486934,0.0,0.0
6080,3038.35444544,1.0,1.0,1.0,0.00042017760434687255,2379.9459791637587,2379.9459791637587
6081,3038.8548614430997,0.0,-0.020833333333333332,0.020833333333333332,0.00042023454958990084,-49.57548910165573,49.57548910165573
6082,3039.3552775804,0.0,0.0,0.0,0.00042029150289968396,0.0,0.0
6083,3039.8556938519,2.0,2.0,1.4142135623730951,0.00042034846427188815,4757.957195024668,3364.383797197268
6084,3040.3561102575995,2.0,1.9791666666666667,1.41436700604114,0.00042040543370223737,4707.757103036068,3364.2928769633854
6085,3040.8565267975,1.0,1.0,1.0,0.00042046241118644424,2378.333885253237,2378.333885253237
6086,3041.3569434716,0.0,0.0,0.0,0.0004205193967201876,0.0,0.0
6087,3041.8573602799,0.0,-0.020833333333333332,0.020833333333333332,0.00042057639029921524,-49.53519458976679,49.53519458976679
6088,3042.3577772224003,1.0,1.0,1.0,0.0004206333919192236,2377.3671306438628,2377.3671306438628
6089,3042.8581942991,1.0,0.9791666666666666,1.0002169903464837,0.0004206904015759091,2327.5231928247035,2377.5607586949072
6090,3043.3586115099997,0.0,0.0,0.0,0.00042074741926499193,0.0,0.0
6091,3043.8590288551,1.0,1.0,1.0,0.0004208044449822213,2376.4007531865527,2376.4007531865527
6092,3044.3594463344,0.0,-0.020833333333333332,0.020833333333333332,0.000420861478723306,-49.50163981871607,49.50163981871607
6093,3044.8598639479,2.0,2.0,1.4142135623730951,0.0004209185204839609,4751.513422836451,3359.8273621865583
6094,3045.3602816956,1.0,1.0,1.0,0.00042097557025993067,2375.4347535714523,2375.4347535714523
6095,3045.8606995775,2.0,2.0,1.4142135623730951,0.0004210326280469247,4750.225675567113,3358.916787359955
6096,3046.3611175936,0.0,0.0,0.0,0.0004210896938406879,0.0,0.0
6097,3046.8615357439003,2.0,2.0,1.4142135623730951,0.00042114676763694767,4748.938264971116,3358.0064505973537
6098,3047.3619540284,1.0,1.0,1.0,0.0004212038494314554,2374.147343025969,2374.147343025969
6099,3047.8623724471,0.0,0.0,0.0,0.0004212609392199102,0.0,0.0
6100,3048.362791,2.0,1.9791666666666667,1.41436700604114,0.00042131803699810424,4697.559783502866,3357.005591591855
6101,3048.8632096871,1.0,1.0,1.0,0.0004213751427617433,2373.1822277077854,2373.1822277077854
6102,3049.3636285084003,0.0,0.0,0.0,0.00042143225650661343,0.0,0.0
6103,3049.8640474638996,0.0,0.0,0.0,0.0004214893782284042,0.0,0.0
6104,3050.3644665536,1.0,0.9791666666666666,1.0002169903464837,0.00042154650792290856,2322.7962947465203,2372.7322408027185
6105,3050.8648857775,1.0,0.9791666666666666,1.0002169903464837,0.00042160364558587946,2322.4814987213226,2372.410677228697
6106,3051.3653051356,1.0,1.0,1.0,0.00042166079121305826,2371.574547216358,2371.574547216358
6107,3051.8657246279,1.0,0.9791666666666666,1.0002169903464837,0.00042171794480022764,2321.8520310548047,2371.767677138561
6108,3052.3661442544,1.0,1.0,1.0,0.00042177510634309497,2370.9317713657224,2370.9317713657224
6109,3052.8665640151,0.0,0.0,0.0,0.0004218322758374665,0.0,0.0
6110,3053.3669839100003,1.0,0.9583333333333334,1.0004339336285808,0.00042188945327909606,2271.527116605494,2371.31771333178
6111,3053.8674039391003,1.0,1.0,1.0,0.00042194663866377315,2369.967925723534,2369.967925723534
6112,3054.3678241024,0.0,0.0,0.0,0.00042200383198720624,0.0,0.0
6113,3054.8682443999,1.0,1.0,1.0,0.0004220610332452257,2369.325574339341,2369.325574339341
6114,3055.3686648316,0.0,0.0,0.0,0.00042211824243356934,0.0,0.0
6115,3055.8690853975,0.0,0.0,0.0,0.0004221754595480332,0.0,0.0
6116,3056.3695060975997,1.0,1.0,1.0,0.0004222326845844138,2368.3623663200274,2368.3623663200274
6117,3056.8699269319,0.0,-0.020833333333333332,0.020833333333333332,0.00042228991753843836,-49.334195461668834,49.334195461668834
6118,3057.3703479004,0.0,0.0,0.0,0.0004223471584059554,0.0,0.0
6119,3057.8707690031,1.0,0.9791666666666666,1.0002169903464837,0.0004224044071826874,2318.0787179693957,2367.9132446028098
6120,3058.37119024,2.0,1.9791666666666667,1.41436700604114,0.0004224616638644832,4684.84323183829,3347.9179935598586
6121,3058.8716116111,1.0,1.0,1.0,0.00042251892844707745,2366.7578720683396,2366.7578720683396
6122,3059.3720331164,2.0,2.0,1.4142135623730951,0.0004225762009262735,4732.874202607871,3346.6474431668994
6123,3059.8724547559,1.0,1.0,1.0,0.00042263348129791575,2366.1163732910613,2366.1163732910613
6124,3060.3728765296,0.0,0.0,0.0,0.00042269076955774536,0.0,0.0
6125,3060.8732984374997,2.0,2.0,1.4142135623730951,0.00042274806570158325,4730.950091234231,3345.286890966841
6126,3061.3737204796,1.0,1.0,1.0,0.00042280536972526343,2365.1544460038303,2365.1544460038303
6127,3061.8741426559,1.0,1.0,1.0,0.00042286268162453343,2364.833889238578,2364.833889238578
6128,3062.3745649664,0.0,0.0,0.0,0.00042292000139523286,0.0,0.0
6129,3062.8749874111004,1.0,1.0,1.0,0.00042297732903315033,2364.1929043474247,2364.1929043474247
6130,3063.3754099899998,0.0,-0.020833333333333332,0.020833333333333332,0.000423034664534114,-49.247343255609984,49.247343255609984
6131,3063.8758327031,0.0,0.0,0.0,0.0004230920078939191,0.0,0.0
6132,3064.3762555504,0.0,0.0,0.0,0.0004231493591084292,0.0,0.0
6133,3064.8766785319003,0.0,0.0,0.0,0.00042320671817339936,0.0,0.0
6134,3065.3771016476,0.0,0.0,0.0,0.00042326408508471105,0.0,0.0
6135,3065.8775248975,0.0,0.0,0.0,0.0004233214598381083,0.0,0.0
6136,3066.3779482816,0.0,-0.020833333333333332,0.020833333333333332,0.0004233788424294904,-49.20730855085873,49.20730855085873
6137,3066.8783717999,0.0,0.0,0.0,0.0004234362328546654,0.0,0.0
6138,3067.3787954524,0.0,0.0,0.0,0.0004234936311094413,0.0,0.0
6139,3067.8792192390997,1.0,1.0,1.0,0.0004235510371896718,2360.990558859585,2360.990558859585
6140,3068.37964316,2.0,2.0,1.4142135623730951,0.00042360845109119474,4721.341122558101,3338.4923240557405
6141,3068.8800672151,0.0,-0.020833333333333332,0.020833333333333332,0.0004236658728098127,-49.173970976618165,49.173970976618165
6142,3069.3804914044,0.0,0.0,0.0,0.00042372330234140417,0.0,0.0
6143,3069.8809157278997,0.0,0.0,0.0,0.00042378073968178415,0.0,0.0
6144,3070.3813401856,0.0,0.0,0.0,0.0004238381848268312,0.0,0.0
6145,3070.8817647775,1.0,1.0,1.0,0.00042389563777234934,2359.071221527984,2359.071221527984
6146,3071.3821895036,0.0,0.0,0.0,0.00042395309851419493,0.0,0.0
6147,3071.8826143639003,0.0,0.0,0.0,0.0004240105670482413,0.0,0.0
6148,3072.3830393584,1.0,1.0,1.0,0.00042406804337029953,2358.1121370345563,2358.1121370345563
6149,3072.8834644871,1.0,1.0,1.0,0.0004241255274762837,2357.7925289015247,2357.7925289015247
6150,3073.38388975,1.0,1.0,1.0,0.00042418301936199965,2357.4729641560584,2357.4729641560584
6151,3073.8843151471,0.0,-0.020833333333333332,0.020833333333333332,0.000424240519023339,-49.10736339210262,49.10736339210262
6152,3074.3847406784,0.0,-0.020833333333333332,0.020833333333333332,0.0004242980264561539,-49.10070760248094,49.10070760248094
6153,3074.8851663439,0.0,0.0,0.0,0.0004243555416562909,0.0,0.0
6154,3075.3855921435998,0.0,0.0,0.0,0.0004244130646196197,0.0,0.0
6155,3075.8860180775,0.0,0.0,0.0,0.0004244705953420622,0.0,0.0
6156,3076.3864441456003,1.0,1.0,1.0,0.0004245281338194024,2355.5564881017,2355.5564881017
6157,3076.8868703478997,0.0,0.0,0.0,0.000424585680047603,0.0,0.0
6158,3077.3872966844,0.0,0.0,0.0,0.00042464323402245413,0.0,0.0
6159,3077.8877231551,0.0,0.0,0.0,0.00042470079573989604,0.0,0.0
6160,3078.38814976,1.0,1.0,1.0,0.0004247583651957715,2354.279708038473,2354.279708038473
6161,3078.8885764990996,2.0,2.0,1.4142135623730951,0.0004248159423859975,4707.921244120245,3329.0030370096333
6162,3079.3890033723997,0.0,-0.020833333333333332,0.020833333333333332,0.0004248735273064411,-49.03419957795402,49.03419957795402
6163,3079.8894303798997,2.0,2.0,1.4142135623730951,0.00042493111995297396,4706.645162212019,3328.1007108389767
6164,3080.3898575216,3.0,3.0,1.7320508075688772,0.00042498872032151435,7059.010878525027,4075.5218309289207
6165,3080.8902847975,1.0,1.0,1.0,0.00042504632840793523,2352.684714971251,2352.684714971251
6166,3081.3907122076,0.0,0.0,0.0,0.00042510394420810973,0.0,0.0
6167,3081.8911397519,0.0,0.0,0.0,0.0004251615677179798,0.0,0.0
6168,3082.3915674304,0.0,0.0,0.0,0.00042521919893341885,0.0,0.0
6169,3082.8919952431,1.0,1.0,1.0,0.00042527683785031244,2351.409507874437,2351.409507874437
6170,3083.39242319,0.0,0.0,0.0,0.00042533448446460903,0.0,0.0
6171,3083.8928512711,1.0,1.0,1.0,0.00042539213877215427,2350.7721672675607,2350.7721672675607
6172,3084.3932794864,1.0,1.0,1.0,0.0004254498007689147,2350.453562776858,2350.453562776858
6173,3084.8937078359,2.0,2.0,1.4142135623730951,0.0004255074704507362,4700.2700043818695,3323.5927935061436
6174,3085.3941363196,1.0,1.0,1.0,0.00042556514781358633,2349.8164855314653,2349.8164855314653
6175,3085.8945649374996,1.0,1.0,1.0,0.0004256228328533514,2349.498012820545,2349.498012820545
6176,3086.3949936895997,3.0,3.0,1.7320508075688772,0.0004256805255659645,7047.5387522399415,4068.8983957300493
6177,3086.8954225759,0.0,0.0,0.0,0.0004257382259473133,0.0,0.0
6178,3087.3958515964,1.0,1.0,1.0,0.00042579593399335415,2348.5428585976306,2348.5428585976306
6179,3087.8962807511,0.0,-0.020833333333333332,0.020833333333333332,0.00042585364969999787,-48.92134503956897,48.92134503956897
6180,3088.39671004,0.0,-0.020833333333333332,0.020833333333333332,0.0004259113730631501,-48.91471477622262,48.91471477622262
6181,3088.8971394631,1.0,1.0,1.0,0.00042596910407876226,2347.5881006973186,2347.5881006973186
6182,3089.3975690204,1.0,1.0,1.0,0.0004260268427427516,2347.269936236932,2347.269936236932
6183,3089.8979987119,1.0,0.9791666666666666,1.0002169903464837,0.0004260845890510707,2298.056986401128,2347.461081786737
6184,3090.3984285375996,0.0,0.0,0.0,0.0004261423429996024,0.0,0.0
6185,3090.8988584975,0.0,0.0,0.0,0.00042620010458434027,0.0,0.0
6186,3091.3992885916,2.0,2.0,1.4142135623730951,0.00042625787380119637,4691.995439673182,3317.7417926892635
6187,3091.8997188199,0.0,-0.020833333333333332,0.020833333333333332,0.0004263156506461186,-48.86832867092399,48.86832867092399
6188,3092.4001491824,1.0,1.0,1.0,0.00042637343511504276,2345.3618768021583,2345.3618768021583
6189,3092.9005796791,0.0,0.0,0.0,0.0004264312272038999,0.0,0.0
6190,3093.40101031,0.0,0.0,0.0,0.00042648902690869554,0.0,0.0
6191,3093.9014410751,0.0,0.0,0.0,0.0004265468342252975,0.0,0.0
6192,3094.4018719744,0.0,0.0,0.0,0.00042660464914970656,0.0,0.0
6193,3094.9023030078997,0.0,0.0,0.0,0.0004266624716778774,0.0,0.0
6194,3095.4027341756,0.0,0.0,0.0,0.0004267203018057648,0.0,0.0
6195,3095.9031654775,1.0,0.9791666666666666,1.0002169903464837,0.000426778139529301,2294.3224499422627,2343.646259505315
6196,3096.4035969136003,1.0,1.0,1.0,0.00042683598484446485,2342.8202764216117,2342.8202764216117
6197,3096.9040284839,0.0,0.0,0.0,0.00042689383774724025,0.0,0.0
6198,3097.4044601883998,3.0,3.0,1.7320508075688772,0.0004269516982335609,7026.5559603392685,4056.783975177846
6199,3097.9048920271,2.0,2.0,1.4142135623730951,0.00042700956629941123,4683.735817285266,3311.9013576887282
6200,3098.405324,1.0,0.9791666666666666,1.0002169903464837,0.00042706744194073075,2292.768238704924,2342.058635519436
6201,3098.9057561071,0.0,0.0,0.0,0.00042712532515355684,0.0,0.0
6202,3099.4061883483996,2.0,2.0,1.4142135623730951,0.00042718321593378326,4681.831882435231,3310.5550724453306
6203,3099.9066207239,2.0,1.9791666666666667,1.41436700604114,0.000427241114277459,4632.434942535413,3310.465586705266
6204,3100.4070532336,0.0,0.0,0.0,0.00042729902018050165,0.0,0.0
6205,3100.9074858775,0.0,0.0,0.0,0.0004273569336389264,0.0,0.0
6206,3101.4079186556,0.0,0.0,0.0,0.00042741485464871994,0.0,0.0
6207,3101.9083515679,0.0,0.0,0.0,0.00042747278320584054,0.0,0.0
6208,3102.4087846144,1.0,1.0,1.0,0.00042753071930629315,2339.0132096766974,2339.0132096766974
6209,3102.9092177951,2.0,2.0,1.4142135623730951,0.000427588662946065,4677.392487958165,3307.4159465062353
6210,3103.40965111,1.0,1.0,1.0,0.00042764661412114386,2338.3793229723074,2338.3793229723074
6211,3103.9100845590997,0.0,0.0,0.0,0.00042770457282753497,0.0,0.0
6212,3104.4105181423997,1.0,1.0,1.0,0.00042776253906122707,2337.7456151130305,2337.7456151130305
6213,3104.9109518599,0.0,-0.020833333333333332,0.020833333333333332,0.0004278205128182195,-48.69643392294608,48.69643392294608
6214,3105.4113857116,1.0,1.0,1.0,0.0004278784940944907,2337.1120862624252,2337.1120862624252
6215,3105.9118196975,2.0,2.0,1.4142135623730951,0.0004279364828860973,4673.590778032203,3304.727731637484
6216,3106.4122538176,1.0,1.0,1.0,0.0004279944791889782,2336.4787365830866,2336.4787365830866
6217,3106.9126880719,0.0,0.0,0.0,0.0004280524829991968,0.0,0.0
6218,3107.4131224604,0.0,0.0,0.0,0.0004281104943126973,0.0,0.0
6219,3107.9135569831,1.0,1.0,1.0,0.0004281685131255674,2335.5290483649687,2335.5290483649687
6220,3108.41399164,1.0,1.0,1.0,0.00042822653943376895,2335.212575386546,2335.212575386546
6221,3108.9144264311,1.0,1.0,1.0,0.00042828457323334373,2334.896147322044,2334.896147322044
6222,3109.4148613564,1.0,1.0,1.0,0.0004283426145202718,2334.579764191718,2334.579764191718
6223,3109.9152964159002,2.0,2.0,1.4142135623730951,0.0004284006632906526,4668.526852030293,3301.1469952221064
6224,3110.4157316096002,0.0,0.0,0.0,0.0004284587195404092,0.0,0.0
6225,3110.9161669375,1.0,0.9791666666666666,1.0002169903464837,0.0004285167832656191,2285.013574508524,2334.1372599786655
6226,3111.4166023996,1.0,0.9791666666666666,1.0002169903464837,0.00042857485446231463,2284.7039588804587,2333.820988171005
6227,3111.9170379959,0.0,-0.020833333333333332,0.020833333333333332,0.00042863293312649873,-48.6041359010204,48.6041359010204
6228,3112.4174737264,0.0,0.0,0.0,0.0004286910192542216,0.0,0.0
6229,3112.9179095911,0.0,0.0,0.0,0.0004287491128414991,0.0,0.0
6230,3113.4183455899997,0.0,0.0,0.0,0.0004288072138843867,0.0,0.0
6231,3113.9187817231,1.0,1.0,1.0,0.00042886532237890103,2331.7343413382896,2331.7343413382896
6232,3114.4192179904,0.0,0.0,0.0,0.00042892343832111,0.0,0.0
6233,3114.9196543919,0.0,0.0,0.0,0.0004289815617070411,0.0,0.0
6234,3115.4200909275996,1.0,0.9791666666666666,1.0002169903464837,0.00042903969253271166,2282.228622919338,2331.2924369351285
6235,3115.9205275975,0.0,0.0,0.0,0.0004290978307942079,0.0,0.0
6236,3116.4209644016,1.0,1.0,1.0,0.00042915597648755826,2330.155129574413,2330.155129574413
6237,3116.9214013399,0.0,0.0,0.0,0.00042921412960880326,0.0,0.0
6238,3117.4218384123997,0.0,0.0,0.0,0.00042927229015403553,0.0,0.0
6239,3117.9222756190998,1.0,1.0,1.0,0.00042933045811926167,2329.208145121199,2329.208145121199
6240,3118.42271296,0.0,0.0,0.0,0.0004293886335005516,0.0,0.0
6241,3118.9231504351,0.0,0.0,0.0,0.00042944681629398753,0.0,0.0
6242,3119.4235880444003,0.0,-0.020833333333333332,0.020833333333333332,0.00042950500649561617,-48.50544933879827,48.50544933879827
6243,3119.9240257878996,0.0,0.0,0.0,0.00042956320410149725,0.0,0.0
6244,3120.4244636656,3.0,3.0,1.7320508075688772,0.0004296214091076962,6982.89223116432,4031.5747093848663
6245,3120.9249016775,0.0,-0.041666666666666664,0.029462782549439483,0.0004296796215102723,-96.97147497992418,68.56918753996602
6246,3121.4253398236,0.0,0.0,0.0,0.000429737841305309,0.0,0.0
6247,3121.9257781039,2.0,2.0,1.4142135623730951,0.00042979606848888387,4653.369694682834,3290.4292664782065
6248,3122.4262165184,1.0,1.0,1.0,0.0004298543030570453,2326.369639406149,2326.369639406149
6249,3122.9266550671,2.0,2.0,1.4142135623730951,0.00042991254500589476,4652.1089538631095,3289.5377880952606
6250,3123.42709375,0.0,0.0,0.0,0.00042997079433149295,0.0,0.0
6251,3123.9275325671,0.0,0.0,0.0,0.0004300290510299529,0.0,0.0
6252,3124.4279715183998,1.0,1.0,1.0,0.00043008731509730757,2325.1092624616217,2325.1092624616217
6253,3124.9284106039,1.0,1.0,1.0,0.0004301455865296816,2324.794282019203,2324.794282019203
6254,3125.4288498236,1.0,0.9791666666666666,1.0002169903464837,0.0004302038653231313,2276.052694066807,2324.9837367109862
6255,3125.9292891775,1.0,1.0,1.0,0.000430262151473765,2324.1644578188616,2324.1644578188616
6256,3126.4297286656,0.0,0.0,0.0,0.0004303204449776678,0.0,0.0
6257,3126.9301682879,3.0,3.0,1.7320508075688772,0.0004303787458309428,6970.604447967863,4024.480354448648
6258,3127.4306080444,0.0,0.0,0.0,0.00043043705402967596,0.0,0.0
6259,3127.9310479351,1.0,0.9791666666666666,1.0002169903464837,0.00043049536956995903,2274.511495082513,2323.4094047182084
6260,3128.43148796,1.0,1.0,1.0,0.00043055369244790774,2322.5906955170035,2322.5906955170035
6261,3128.9319281190997,0.0,-0.020833333333333332,0.020833333333333332,0.00043061202265959656,-48.380751667498856,48.380751667498856
6262,3129.4323684123997,0.0,0.0,0.0,0.0004306703602011642,0.0,0.0
6263,3129.9328088399,0.0,0.0,0.0,0.0004307287050687034,0.0,0.0
6264,3130.4332494016003,2.0,2.0,1.4142135623730951,0.00043078705725829643,4642.665015817353,3282.859915462001
6265,3130.9336900975004,0.0,0.0,0.0,0.00043084541676608227,0.0,0.0
6266,3131.4341309275997,1.0,1.0,1.0,0.0004309037835881887,2320.7036885888474,2320.7036885888474
6267,3131.9345718919,1.0,0.9791666666666666,1.0002169903464837,0.0004309621577206868,2272.0479028724367,2320.892849702919
6268,3132.4350129904,0.0,0.0,0.0,0.0004310205391596997,0.0,0.0
6269,3132.9354542231004,1.0,1.0,1.0,0.0004310789279013787,2319.760803127862,2319.760803127862
6270,3133.4358955899997,0.0,0.0,0.0,0.00043113732394181825,0.0,0.0
6271,3133.9363370911,0.0,0.0,0.0,0.0004311957272771485,0.0,0.0
6272,3134.4367787264,0.0,-0.020833333333333332,0.020833333333333332,0.00043125413790350383,-48.30871521514523,48.30871521514523
6273,3134.9372204959,1.0,1.0,1.0,0.0004313125558169974,2318.5042645136728,2318.5042645136728
6274,3135.4376623996,1.0,1.0,1.0,0.00043137098101376424,2318.1902446240165,2318.1902446240165
6275,3135.9381044375,0.0,0.0,0.0,0.0004314294134899123,0.0,0.0
6276,3136.4385466096,3.0,3.0,1.7320508075688772,0.00043148785324161173,6952.687028063683,4014.1357272437863
6277,3136.9389889159,0.0,0.0,0.0,0.0004315463002649879,0.0,0.0
6278,3137.4394313564003,1.0,0.9791666666666666,1.0002169903464837,0.00043160475455617734,2268.665153314985,2317.437377109098
6279,3137.9398739310996,0.0,-0.020833333333333332,0.020833333333333332,0.00043166321611130544,-48.26293405542668,48.26293405542668
6280,3138.4403166399998,0.0,0.0,0.0,0.0004317216849265096,0.0,0.0
6281,3138.9407594831,1.0,0.9791666666666666,1.0002169903464837,0.0004317801609979671,2267.7435304195847,2316.4959409776884
6282,3139.4412024604003,0.0,-0.041666666666666664,0.029462782549439483,0.0004318386443218103,-96.48665587143763,68.22636866070637
6283,3139.9416455719,1.0,1.0,1.0,0.0004318971348941767,2315.366135144702,2315.366135144702
6284,3140.4420888175996,1.0,1.0,1.0,0.0004319556327112159,2315.0525754772375,2315.0525754772375
6285,3140.9425321975,0.0,0.0,0.0,0.00043201413776907836,0.0,0.0
6286,3141.4429757116,1.0,1.0,1.0,0.00043207265006394785,2314.4255945198047,2314.4255945198047
6287,3141.9434193599,0.0,0.0,0.0,0.0004321311695919351,0.0,0.0
6288,3142.4438631423996,2.0,1.9791666666666667,1.41436700604114,0.0004321896963492302,4579.393454737533,3272.5606787679244
6289,3142.9443070591,0.0,0.0,0.0,0.0004322482303319791,0.0,0.0
6290,3143.4447511099997,1.0,1.0,1.0,0.00043230677153636076,2313.1721866075172,2313.1721866075172
6291,3143.9451952951,0.0,0.0,0.0,0.00043236531995853274,0.0,0.0
6292,3144.4456396144,1.0,1.0,1.0,0.0004324238755946406,2312.545759932581,2312.545759932581
6293,3144.9460840679,1.0,1.0,1.0,0.0004324824384408821,2312.2326159763693,2312.2326159763693
6294,3145.4465286556,1.0,1.0,1.0,0.0004325410084934263,2311.9195182974145,2311.9195182974145
6295,3145.9469733775,1.0,1.0,1.0,0.000432599585748414,2311.606466913188,2311.606466913188
6296,3146.4474182336003,1.0,1.0,1.0,0.0004326581702020494,2311.293461840798,2311.293461840798
6297,3146.9478632238997,0.0,-0.020833333333333332,0.020833333333333332,0.00043271676185051956,-48.145427147862904,48.145427147862904
6298,3147.4483083483997,1.0,1.0,1.0,0.00043277536068997777,2310.667590700383,2310.667590700383
6299,3147.9487536071,1.0,1.0,1.0,0.00043283396671662275,2310.3547246667495,2310.3547246667495
6300,3148.449199,1.0,1.0,1.0,0.00043289257992661914,2310.0419050137402,2310.0419050137402
6301,3148.9496445271,0.0,-0.020833333333333332,0.020833333333333332,0.00043295120031617315,-48.119356911631805,48.119356911631805
6302,3149.4500901884,0.0,0.0,0.0,0.000433009827881432,0.0,0.0
6303,3149.9505359839,0.0,0.0,0.0,0.0004330684626186422,0.0,0.0
6304,3150.4509819136,0.0,0.0,0.0,0.00043312710452396956,0.0,0.0
6305,3150.9514279775003,0.0,0.0,0.0,0.00043318575359361426,0.0,0.0
6306,3151.4518741755996,0.0,0.0,0.0,0.0004332444098237543,0.0,0.0
6307,3151.9523205079,1.0,1.0,1.0,0.00043330307321060767,2307.8534675288315,2307.8534675288315
6308,3152.4527669743998,0.0,0.0,0.0,0.0004333617437503701,0.0,0.0
6309,3152.9532135751,3.0,3.0,1.7320508075688772,0.00043342042143921437,6921.685854206431,3996.2371911721075
6310,3153.45366031,0.0,0.0,0.0,0.00043347910627338225,0.0,0.0
6311,3153.9541071791,0.0,0.0,0.0,0.0004335377982490813,0.0,0.0
6312,3154.4545541824,0.0,0.0,0.0,0.00043359649736249647,0.0,0.0
6313,3154.9550013199,0.0,0.0,0.0,0.00043365520360982455,0.0,0.0
6314,3155.4554485916,2.0,2.0,1.4142135623730951,0.0004337139169873023,4611.334618664205,3260.7059791777415
6315,3155.9558959974997,1.0,1.0,1.0,0.0004337726374911559,2305.3551874174836,2305.3551874174836
6316,3156.4563435376,1.0,1.0,1.0,0.000433831365117565,2305.043112152593,2305.043112152593
6317,3156.9567912119,1.0,1.0,1.0,0.0004338900998627908,2304.7310835537164,2304.7310835537164
6318,3157.4572390204003,0.0,-0.020833333333333332,0.020833333333333332,0.00043394884172301933,-48.00873128411487,48.00873128411487
6319,3157.9576869631,2.0,2.0,1.4142135623730951,0.0004340075906945061,4608.214332840509,3258.499603912566
6320,3158.45813504,0.0,0.0,0.0,0.0004340663467734148,0.0,0.0
6321,3158.9585832510998,0.0,0.0,0.0,0.0004341251099560648,0.0,0.0
6322,3159.4590315964,1.0,1.0,1.0,0.0004341838802385914,2303.1716411269877,2303.1716411269877
6323,3159.9594800759,0.0,0.0,0.0,0.0004342426576172795,0.0,0.0
6324,3160.4599286896,0.0,0.0,0.0,0.00043430144208836315,0.0,0.0
6325,3160.9603774375,1.0,0.9791666666666666,1.0002169903464837,0.00043436023364804715,2254.2732755320885,2302.7360998174117
6326,3161.4608263196,1.0,1.0,1.0,0.00043441903229257705,2301.9249288472924,2301.9249288472924
6327,3161.9612753359,0.0,0.0,0.0,0.00043447783801818735,0.0,0.0
6328,3162.4617244864003,0.0,0.0,0.0,0.0004345366508211703,0.0,0.0
6329,3162.9621737711,1.0,1.0,1.0,0.0004345954706977027,2300.9903862886395,2300.9903862886395
6330,3163.4626231899997,3.0,3.0,1.7320508075688772,0.000434654297644054,6902.036897508724,3984.892860733391
6331,3163.9630727431,1.0,1.0,1.0,0.0004347131316564543,2300.36759227757,2300.36759227757
6332,3164.4635224304,0.0,0.0,0.0,0.0004347719727312131,0.0,0.0
6333,3164.9639722519,1.0,1.0,1.0,0.00043483082086450314,2299.7449859047783,2299.7449859047783
6334,3165.4644222076,0.0,0.0,0.0,0.0004348896760526118,0.0,0.0
6335,3165.9648722975,0.0,0.0,0.0,0.0004349485382918157,0.0,0.0
6336,3166.4653225216002,1.0,1.0,1.0,0.00043500740757833415,2298.8114284465937,2298.8114284465937
6337,3166.9657728799,0.0,0.0,0.0,0.0004350662839084434,0.0,0.0
6338,3167.4662233724,1.0,1.0,1.0,0.0004351251672784095,2298.1892917266314,2298.1892917266314
6339,3167.9666739991,1.0,1.0,1.0,0.0004351840576844863,2297.8782938896447,2297.8782938896447
6340,3168.46712476,0.0,-0.020833333333333332,0.020833333333333332,0.0004352429551229571,-47.86598631435142,47.86598631435142
6341,3168.9675756551,1.0,1.0,1.0,0.00043530185959003075,2297.256439340288,2297.256439340288
6342,3169.4680266844002,1.0,1.0,1.0,0.0004353607710820658,2296.9455826590756,2296.9455826590756
6343,3169.9684778479,1.0,1.0,1.0,0.0004354196895952595,2296.6347730612297,2296.6347730612297
6344,3170.4689291455998,1.0,1.0,1.0,0.00043547861512593076,2296.324010562085,2296.324010562085
6345,3170.9693805775,0.0,0.0,0.0,0.0004355375476703181,0.0,0.0
6346,3171.4698321436003,1.0,1.0,1.0,0.00043559648722474016,2295.702626922387,2295.702626922387
6347,3171.9702838439,0.0,0.0,0.0,0.0004356554337854418,0.0,0.0
6348,3172.4707356783997,1.0,0.9791666666666666,1.0002169903464837,0.00043571438734869644,2247.2672353668518,2295.5794423791276
6349,3172.9711876471,0.0,-0.020833333333333332,0.020833333333333332,0.00043577334791082957,-47.807727189402065,47.807727189402065
6350,3173.47163975,0.0,0.0,0.0,0.00043583231546809786,0.0,0.0
6351,3173.9720919871,0.0,0.0,0.0,0.00043589129001678114,0.0,0.0
6352,3174.4725443584,0.0,0.0,0.0,0.00043595027155317724,0.0,0.0
6353,3174.9729968639,1.0,1.0,1.0,0.00043600926007359445,2293.529270069193,2293.529270069193
6354,3175.4734495036,0.0,0.0,0.0,0.00043606825557432024,0.0,0.0
6355,3175.9739022775,1.0,1.0,1.0,0.0004361272580516233,2292.9087360130848,2292.9087360130848
6356,3176.4743551856,1.0,1.0,1.0,0.0004361862675018189,2292.5985399020615,2292.5985399020615
6357,3176.9748082278998,0.0,0.0,0.0,0.00043624528392121757,0.0,0.0
6358,3177.4752614044,1.0,1.0,1.0,0.00043630430730610617,2291.978289589544,2291.978289589544
6359,3177.9757147151,0.0,0.0,0.0,0.000436363337652784,0.0,0.0
6360,3178.4761681600003,0.0,0.0,0.0,0.00043642237495756717,0.0,0.0
6361,3178.9766217390998,1.0,1.0,1.0,0.00043648141921678396,2291.0482691207926,2291.0482691207926
6362,3179.4770754523997,1.0,1.0,1.0,0.0004365404704266822,2290.7383570246825,2290.7383570246825
6363,3179.9775292999,0.0,0.0,0.0,0.0004365995285836307,0.0,0.0
6364,3180.4779832816002,2.0,2.0,1.4142135623730951,0.0004366585936839295,4580.237350023799,3238.7168896457306
6365,3180.9784373975,0.0,0.0,0.0,0.00043671766572385586,0.0,0.0
6366,3181.4788916476,0.0,0.0,0.0,0.000436776744699768,0.0,0.0
6367,3181.9793460319,0.0,0.0,0.0,0.0004368358306079777,0.0,0.0
6368,3182.4798005504,0.0,0.0,0.0,0.00043689492344480327,0.0,0.0
6369,3182.9802552031,0.0,0.0,0.0,0.0004369540232065461,0.0,0.0
6370,3183.48070999,1.0,1.0,1.0,0.00043701312988955315,2288.2607674802157,2288.2607674802157
6371,3183.9811649110998,1.0,1.0,1.0,0.0004370722434901667,2287.9512824119615,2287.9512824119615
6372,3184.4816199664,1.0,1.0,1.0,0.00043713136400468804,2287.641844864912,2287.641844864912
6373,3184.9820751559,1.0,1.0,1.0,0.00043719049142947703,2287.3324548535143,2287.3324548535143
6374,3185.4825304796,0.0,0.0,0.0,0.0004372496257608127,0.0,0.0
6375,3185.9829859375,0.0,0.0,0.0,0.000437308766995084,0.0,0.0
6376,3186.4834415296,0.0,0.0,0.0,0.0004373679151286049,0.0,0.0
6377,3186.9838972559,0.0,0.0,0.0,0.0004374270701577184,0.0,0.0
6378,3187.4843531164,1.0,1.0,1.0,0.00043748623207876805,2285.7862183419593,2285.7862183419593
6379,3187.9848091111,0.0,0.0,0.0,0.0004375454008880914,0.0,0.0
6380,3188.48526524,0.0,0.0,0.0,0.00043760457658202694,0.0,0.0
6381,3188.9857215031,0.0,0.0,0.0,0.0004376637591569068,0.0,0.0
6382,3189.4861779004,0.0,0.0,0.0,0.0004377229486091498,0.0,0.0
6383,3189.9866344319,1.0,1.0,1.0,0.00043778214493503175,2284.241172395012,2284.241172395012
6384,3190.4870910975997,3.0,3.0,1.7320508075688772,0.0004378413481309316,6851.796918693214,3955.8867954401753
6385,3190.9875478975,0.0,0.0,0.0,0.0004379005581932112,0.0,0.0
6386,3191.4880048316,0.0,0.0,0.0,0.0004379597751182217,0.0,0.0
6387,3191.9884618999004,0.0,0.0,0.0,0.00043801899890230243,0.0,0.0
6388,3192.4889191024,2.0,2.0,1.4142135623730951,0.0004380782295418508,4565.394637600759,3228.2215070401976
6389,3192.9893764391,1.0,1.0,1.0,0.0004381374670331953,2282.388691319648,2282.388691319648
6390,3193.48983391,1.0,1.0,1.0,0.0004381967113727164,2282.0801116177963,2282.0801116177963
6391,3193.9902915151,0.0,-0.041666666666666664,0.029462782549439483,0.0004382559625567825,-95.07381582120091,67.22733988045205
6392,3194.4907492544,1.0,1.0,1.0,0.0004383152205817466,2281.4630956067795,2281.4630956067795
6393,3194.9912071279,1.0,1.0,1.0,0.0004383744854440123,2281.154659325438,2281.154659325438
6394,3195.4916651355998,1.0,1.0,1.0,0.0004384337571398979,2280.846270878988,2280.846270878988
6395,3195.9921232775,0.0,0.0,0.0,0.0004384930356658362,0.0,0.0
6396,3196.4925815536003,1.0,1.0,1.0,0.0004385523210181574,2280.2296375455667,2280.2296375455667
6397,3196.9930399638997,1.0,1.0,1.0,0.0004386116131932611,2279.921392686381,2279.921392686381
6398,3197.4934985084,0.0,-0.020833333333333332,0.020833333333333332,0.00043867091218752284,-47.4919415774427,47.4919415774427
6399,3197.9939571871,0.0,0.0,0.0,0.00043873021799731965,0.0,0.0
6400,3198.494416,0.0,0.0,0.0,0.00043878953061905133,0.0,0.0
6401,3198.9948749470996,0.0,0.0,0.0,0.0004388488500490777,0.0,0.0
6402,3199.4953340284,1.0,1.0,1.0,0.0004389081762838158,2278.380887015783,2278.380887015783
6403,3199.9957932439,1.0,1.0,1.0,0.0004389675093196262,2278.0729297025678,2278.0729297025678
6404,3200.4962525936,0.0,0.0,0.0,0.0004390268491529325,0.0,0.0
6405,3200.9967120775,0.0,0.0,0.0,0.0004390861957800779,0.0,0.0
6406,3201.4971716955997,0.0,0.0,0.0,0.0004391455491975384,0.0,0.0
6407,3201.9976314479,0.0,0.0,0.0,0.0004392049094016234,0.0,0.0
6408,3202.4980913344,1.0,0.9791666666666666,1.0002169903464837,0.00043926427638876244,2229.1060741758884,2277.0278488598533
6409,3202.9985513551,0.0,0.0,0.0,0.0004393236501554153,0.0,0.0
6410,3203.4990115100004,0.0,-0.041666666666666664,0.029462782549439483,0.0004393830306978747,-94.82994052020454,67.0548940013536
6411,3203.9994717991,0.0,0.0,0.0,0.00043944241801264036,0.0,0.0
6412,3204.4999322224,1.0,1.0,1.0,0.0004395018120960857,2275.303474246827,2275.303474246827
6413,3205.0003927799,1.0,0.9791666666666666,1.0002169903464837,0.0004395612129446131,2227.6002473176504,2275.489649430274
6414,3205.5008534716003,0.0,0.0,0.0,0.000439620620554643,0.0,0.0
6415,3206.0013142975,0.0,0.0,0.0,0.0004396800349225842,0.0,0.0
6416,3206.5017752576,0.0,0.0,0.0,0.0004397394560448506,0.0,0.0
6417,3207.0022363519,0.0,0.0,0.0,0.00043979888391784043,0.0,0.0
6418,3207.5026975804003,0.0,-0.020833333333333332,0.020833333333333332,0.00043985831853799156,-47.363736128896036,47.363736128896036
6419,3208.0031589431,0.0,0.0,0.0,0.0004399177599017539,0.0,0.0
6420,3208.50362044,0.0,0.0,0.0,0.00043997720800550836,0.0,0.0
6421,3209.0040820711,1.0,1.0,1.0,0.0004400366628456705,2272.5379143026535,2272.5379143026535
6422,3209.5045438364,1.0,1.0,1.0,0.0004400961244186965,2272.230870746376,2272.230870746376
6423,3210.0050057359003,1.0,0.9791666666666666,1.0002169903464837,0.00044015559272100256,2224.5921280098833,2272.4168609632598
6424,3210.5054677696,0.0,-0.020833333333333332,0.020833333333333332,0.0004402150677490284,-47.32535267332251,47.32535267332251
6425,3211.0059299375,0.0,0.0,0.0,0.0004402745494991955,0.0,0.0
6426,3211.5063922396,0.0,0.0,0.0,0.00044033403796790954,0.0,0.0
6427,3212.0068546759003,0.0,0.0,0.0,0.00044039353315168504,0.0,0.0
6428,3212.5073172464004,1.0,1.0,1.0,0.00044045303504688195,2270.389622570224,2270.389622570224
6429,3213.0077799511,0.0,0.0,0.0,0.000440512543649952,0.0,0.0
6430,3213.5082427899997,0.0,0.0,0.0,0.00044057205895739303,0.0,0.0
6431,3214.0087057631,0.0,0.0,0.0,0.0004406315809655827,0.0,0.0
6432,3214.5091688704,3.0,3.0,1.7320508075688772,0.00044069110967099657,6807.489268934169,3930.3057619246306
6433,3215.0096321119,1.0,1.0,1.0,0.00044075064507007554,2268.8565772626575,2268.8565772626575
6434,3215.5100954875998,0.0,-0.020833333333333332,0.020833333333333332,0.00044081018715927276,-47.2614606926175,47.2614606926175
6435,3216.0105589975,0.0,0.0,0.0,0.00044086973593502964,0.0,0.0
6436,3216.5110226416,1.0,1.0,1.0,0.00044092929139381127,2267.937330357263,2267.937330357263
6437,3217.0114864199004,1.0,1.0,1.0,0.0004409888535320534,2267.631011511076,2267.631011511076
6438,3217.5119503324,0.0,0.0,0.0,0.0004410484223462331,0.0,0.0
6439,3218.0124143791,0.0,0.0,0.0,0.0004411079978327985,0.0,0.0
6440,3218.51287856,0.0,0.0,0.0,0.0004411675799882094,0.0,0.0
6441,3219.0133428751,2.0,2.0,1.4142135623730951,0.0004412271688089258,4532.812440808928,3205.1824147427396
6442,3219.5138073243997,2.0,2.0,1.4142135623730951,0.0004412867642914193,4532.2002875192275,3204.749557000466
6443,3220.0142719079,2.0,2.0,1.4142135623730951,0.00044134636643217937,4531.58823118426,3204.316767815543
6444,3220.5147366256,0.0,0.0,0.0,0.0004414059752276035,0.0,0.0
6445,3221.0152014775,0.0,0.0,0.0,0.00044146559067422697,0.0,0.0
6446,3221.5156664636,0.0,-0.041666666666666664,0.029462782549439483,0.0004415252127685113,-94.36984675326393,66.72955857876823
6447,3222.0161315839,0.0,0.0,0.0,0.0004415848415069061,0.0,0.0
6448,3222.5165968384,0.0,0.0,0.0,0.0004416444768859011,0.0,0.0
6449,3223.0170622271,2.0,2.0,1.4142135623730951,0.0004417041189019534,4527.91793060899,3201.7214733897763
6450,3223.51752775,0.0,0.0,0.0,0.00044176376755159825,0.0,0.0
6451,3224.0179934070998,0.0,0.0,0.0,0.0004418234228312584,0.0,0.0
6452,3224.5184591984,0.0,-0.020833333333333332,0.020833333333333332,0.00044188308473742455,-47.146709283322984,47.146709283322984
6453,3225.0189251239,0.0,0.0,0.0,0.00044194275326661674,0.0,0.0
6454,3225.5193911836,0.0,0.0,0.0,0.0004420024284152748,0.0,0.0
6455,3226.0198573775,0.0,0.0,0.0,0.0004420621101799477,0.0,0.0
6456,3226.5203237056,0.0,0.0,0.0,0.00044212179855704706,0.0,0.0
6457,3227.0207901679,1.0,0.9791666666666666,1.0002169903464837,0.000442181493543145,2214.399926194845,2262.0055451255325
6458,3227.5212567644,0.0,-0.041666666666666664,0.029462782549439483,0.00044224119513467666,-94.21706327918598,66.62152434819447
6459,3228.0217234951,0.0,0.0,0.0,0.0004423009033281629,0.0,0.0
6460,3228.52219036,0.0,-0.020833333333333332,0.020833333333333332,0.00044236061812009085,-47.09581386758429,47.09581386758429
6461,3229.0226573591,0.0,-0.020833333333333332,0.020833333333333332,0.00044242033950697636,-47.08945650317421,47.08945650317421
6462,3229.5231244924,1.0,1.0,1.0,0.00044248006748528947,2259.988807367567,2259.988807367567
6463,3230.0235917599002,1.0,1.0,1.0,0.0004425398020515978,2259.6837513010983,2259.6837513010983
6464,3230.5240591616002,1.0,1.0,1.0,0.0004425995432023379,2259.378743965043,2259.378743965043
6465,3231.0245266975,0.0,0.0,0.0,0.000442659290934049,0.0,0.0
6466,3231.5249943676,1.0,1.0,1.0,0.0004427190452432251,2258.768875530554,2258.768875530554
6467,3232.0254621719,0.0,0.0,0.0,0.0004427788061264119,0.0,0.0
6468,3232.5259301104,0.0,0.0,0.0,0.0004428385735800923,0.0,0.0
6469,3233.0263981831,0.0,0.0,0.0,0.00044289834760077786,0.0,0.0
6470,3233.5268663899997,0.0,0.0,0.0,0.00044295812818498056,0.0,0.0
6471,3234.0273347311,0.0,-0.020833333333333332,0.020833333333333332,0.00044301791532926424,-47.025938709158915,47.025938709158915
6472,3234.5278032064,0.0,0.0,0.0,0.0004430777090300721,0.0,0.0
6473,3235.0282718159,0.0,0.0,0.0,0.00044313750928400854,0.0,0.0
6474,3235.5287405596,1.0,1.0,1.0,0.0004431973160875348,2256.3313533299747,2256.3313533299747
6475,3236.0292094375,1.0,1.0,1.0,0.0004432571294372322,2256.026882792882,2256.026882792882
6476,3236.5296784496,1.0,1.0,1.0,0.0004433169493295571,2255.722461124785,2255.722461124785
6477,3237.0301475959,1.0,0.9791666666666666,1.0002169903464837,0.0004433767757611085,2208.430211496332,2255.907492289133
6478,3237.5306168763996,1.0,1.0,1.0,0.0004434366087283714,2255.113764440124,2255.113764440124
6479,3238.0310862910997,0.0,0.0,0.0,0.0004434964482279222,0.0,0.0
6480,3238.53155584,0.0,-0.020833333333333332,0.020833333333333332,0.0004435562942562351,-46.96885965346771,46.96885965346771
6481,3239.0320255231,2.0,2.0,1.4142135623730951,0.00044361614680990443,4508.402172423691,3187.921748436954
6482,3239.5324953404,1.0,1.0,1.0,0.00044367600588543276,2253.8969579937634,2253.8969579937634
6483,3240.0329652919,0.0,0.0,0.0,0.000443735871479381,0.0,0.0
6484,3240.5334353775997,0.0,0.0,0.0,0.0004437957435882692,0.0,0.0
6485,3241.0339055975,0.0,0.0,0.0,0.00044385562220866404,0.0,0.0
6486,3241.5343759516,0.0,0.0,0.0,0.0004439155073371035,0.0,0.0
6487,3242.0348464399003,1.0,1.0,1.0,0.0004439753989701431,2252.3770513402906,2252.3770513402906
6488,3242.5353170624,0.0,0.0,0.0,0.0004440352971043269,0.0,0.0
6489,3243.0357878191,1.0,0.9791666666666666,1.0002169903464837,0.00044409520173618834,2204.857568464191,2252.258043852173
6490,3243.53625871,0.0,0.0,0.0,0.0004441551128623171,0.0,0.0
6491,3244.0367297351,1.0,1.0,1.0,0.00044421503047921884,2251.162008005899,2251.162008005899
6492,3244.5372008943996,1.0,0.9791666666666666,1.0002169903464837,0.00044427495458349464,2203.9654870588643,2251.346784299785
6493,3245.0376721878997,2.0,2.0,1.4142135623730951,0.00044433488517168514,4501.109561152793,3182.7650935547445
6494,3245.5381436156,1.0,1.0,1.0,0.00044439482224037494,2250.251240459089,2250.251240459089
6495,3246.0386151775,1.0,1.0,1.0,0.0004444547657860932,2249.9477494213193,2249.9477494213193
6496,3246.5390868736004,1.0,1.0,1.0,0.00044451471580538525,2249.6443074739823,2249.6443074739823
6497,3247.0395587038997,1.0,0.9791666666666666,1.0002169903464837,0.0004445746722948888,2202.4796455727464,2249.828999891911
6498,3247.5400306684,0.0,0.0,0.0,0.00044463463525111003,0.0,0.0
6499,3248.0405027671,0.0,-0.020833333333333332,0.020833333333333332,0.00044469460467065847,-46.84863075584767,46.84863075584767
6500,3248.5409750000003,2.0,2.0,1.4142135623730951,0.0004447545805500749,4496.862061603478,3179.761657820338
6501,3249.0414473671,0.0,-0.020833333333333332,0.020833333333333332,0.00044481456288594047,-46.83599655138859,46.83599655138859
6502,3249.5419198684,0.0,0.0,0.0,0.00044487455167484225,0.0,0.0
6503,3250.0423925039,0.0,0.0,0.0,0.0004449345469133562,0.0,0.0
6504,3250.5428652736,1.0,1.0,1.0,0.00044499454859803537,2247.218540430486,2247.218540430486
6505,3251.0433381775,0.0,0.0,0.0,0.00044505455672549026,0.0,0.0
6506,3251.5438112156,0.0,0.0,0.0,0.00044511457129230327,0.0,0.0
6507,3252.0442843879,0.0,0.0,0.0,0.00044517459229503924,0.0,0.0
6508,3252.5447576944002,0.0,0.0,0.0,0.00044523461973028117,0.0,0.0
6509,3253.0452311351,0.0,0.0,0.0,0.00044529465359465756,0.0,0.0
6510,3253.54570471,0.0,0.0,0.0,0.00044535469388469923,0.0,0.0
6511,3254.0461784190998,0.0,0.0,0.0,0.00044541474059706457,0.0,0.0
6512,3254.5466522624,0.0,0.0,0.0,0.0004454747937282852,0.0,0.0
6513,3255.0471262399,0.0,0.0,0.0,0.0004455348532749901,0.0,0.0
6514,3255.5476003516,0.0,0.0,0.0,0.0004455949192337691,0.0,0.0
6515,3256.0480745974996,2.0,2.0,1.4142135623730951,0.00044565499160120016,4487.776503555298,3173.337198113606
6516,3256.5485489775997,0.0,0.0,0.0,0.00044571507037391927,0.0,0.0
6517,3257.0490234919002,0.0,0.0,0.0,0.00044577515554851605,0.0,0.0
6518,3257.5494981404,0.0,0.0,0.0,0.0004458352471215871,0.0,0.0
6519,3258.0499729230996,0.0,0.0,0.0,0.000445895345089751,0.0,0.0
6520,3258.55044784,0.0,0.0,0.0,0.00044595544944958713,0.0,0.0
6521,3259.0509228911,1.0,1.0,1.0,0.00044601556019772644,2242.074244128798,2242.074244128798
6522,3259.5513980764,1.0,1.0,1.0,0.00044607567733080607,2241.7720822254296,2241.7720822254296
6523,3260.0518733959,0.0,0.0,0.0,0.0004461358008453995,0.0,0.0
6524,3260.5523488495996,0.0,0.0,0.0,0.00044619593073809833,0.0,0.0
6525,3261.0528244375,0.0,0.0,0.0,0.00044625606700559174,0.0,0.0
6526,3261.5533001596,0.0,0.0,0.0,0.0004463162096444486,0.0,0.0
6527,3262.0537760159,1.0,1.0,1.0,0.0004463763586513125,2240.262013475385,2240.262013475385
6528,3262.5542520063996,1.0,1.0,1.0,0.00044643651402279284,2239.960147948259,2239.960147948259
6529,3263.0547281310996,0.0,0.0,0.0,0.0004464966757555105,0.0,0.0
6530,3263.5552043899997,0.0,0.0,0.0,0.0004465568438460926,0.0,0.0
6531,3264.0556807831,1.0,1.0,1.0,0.0004466170182911775,2239.054847990673,2239.054847990673
6532,3264.5561573104,0.0,0.0,0.0,0.00044667719908738723,0.0,0.0
6533,3265.0566339719,1.0,1.0,1.0,0.00044673738623134904,2238.451561970093,2238.451561970093
6534,3265.5571107676,1.0,1.0,1.0,0.0004467975797196906,2238.1499931744806,2238.1499931744806
6535,3266.0575876975,0.0,0.0,0.0,0.0004468577795490689,0.0,0.0
6536,3266.5580647616002,0.0,0.0,0.0,0.00044691798571610565,0.0,0.0
6537,3267.0585419598997,1.0,1.0,1.0,0.00044697819821744143,2237.2455837622983,2237.2455837622983
6538,3267.5590192924,1.0,1.0,1.0,0.0004470384170496872,2236.944212982153,2236.944212982153
6539,3268.0594967591,0.0,0.0,0.0,0.00044709864220953435,0.0,0.0
6540,3268.55997436,0.0,0.0,0.0,0.00044715887369361807,0.0,0.0
6541,3269.0604520951,0.0,0.0,0.0,0.0004472191114985612,0.0,0.0
6542,3269.5609299643997,0.0,0.0,0.0,0.00044727935562099345,0.0,0.0
6543,3270.0614079679,0.0,0.0,0.0,0.0004473396060575955,0.0,0.0
6544,3270.5618861056,0.0,0.0,0.0,0.00044739986280504303,0.0,0.0
6545,3271.0623643775,0.0,0.0,0.0,0.0004474601258599259,0.0,0.0
6546,3271.5628427835995,0.0,0.0,0.0,0.00044752039521893085,0.0,0.0
6547,3272.0633213239,0.0,-0.020833333333333332,0.020833333333333332,0.0004475806708787291,-46.546543872038825,46.546543872038825
6548,3272.5637999984,0.0,0.0,0.0,0.00044764095283595013,0.0,0.0
6549,3273.0642788071,3.0,3.0,1.7320508075688772,0.0004477012410872426,6700.897215997211,3868.7648114680032
6550,3273.5647577500004,0.0,-0.020833333333333332,0.020833333333333332,0.0004477615356293283,-46.527742281507294,46.527742281507294
6551,3274.0652368271,0.0,0.0,0.0,0.00044782183645881,0.0,0.0
6552,3274.5657160384,0.0,0.0,0.0,0.00044788214357238774,0.0,0.0
6553,3275.0661953839,1.0,1.0,1.0,0.0004479424569666865,2232.4295999349088,2232.4295999349088
6554,3275.5666748636,0.0,0.0,0.0,0.00044800277663843013,0.0,0.0
6555,3276.0671544774996,0.0,0.0,0.0,0.00044806310258424417,0.0,0.0
6556,3276.5676342255997,0.0,0.0,0.0,0.00044812343480080124,0.0,0.0
6557,3277.0681141079,0.0,0.0,0.0,0.00044818377328480734,0.0,0.0
6558,3277.5685941244,1.0,1.0,1.0,0.0004482441180329122,2230.9272107985034,2230.9272107985034
6559,3278.0690742751003,0.0,0.0,0.0,0.00044830446904181186,0.0,0.0
6560,3278.5695545599997,0.0,0.0,0.0,0.00044836482630816103,0.0,0.0
6561,3279.0700349791,0.0,0.0,0.0,0.0004484251898286617,0.0,0.0
6562,3279.5705155324,0.0,0.0,0.0,0.00044848555959998716,0.0,0.0
6563,3280.0709962199003,0.0,-0.020833333333333332,0.020833333333333332,0.00044854593561881084,-46.44637634402329,46.44637634402329
6564,3280.5714770416002,0.0,-0.020833333333333332,0.020833333333333332,0.00044860631788183484,-46.440124677024585,46.440124677024585
6565,3281.0719579975,0.0,0.0,0.0,0.0004486667063857498,0.0,0.0
6566,3281.5724390876,0.0,0.0,0.0,0.00044872710112721294,0.0,0.0
6567,3282.0729203119,0.0,-0.020833333333333332,0.020833333333333332,0.0004487875021029551,-46.42137589774952,46.42137589774952
6568,3282.5734016704,0.0,0.0,0.0,0.00044884790930964515,0.0,0.0
6569,3283.0738831630997,0.0,-0.020833333333333332,0.020833333333333332,0.000448908322743975,-46.40888189817582,46.40888189817582
6570,3283.57436479,1.0,1.0,1.0,0.00044896874240267054,2227.3265498361156,2227.3265498361156
6571,3284.0748465511,0.0,0.0,0.0,0.0004490291682823896,0.0,0.0
6572,3284.5753284464,0.0,0.0,0.0,0.0004490896003798356,0.0,0.0
6573,3285.0758104759,0.0,0.0,0.0,0.00044915003869175867,0.0,0.0
6574,3285.5762926395996,0.0,0.0,0.0,0.00044921048321483367,0.0,0.0
6575,3286.0767749375,1.0,1.0,1.0,0.00044927093394572543,2225.8283909388315,2225.8283909388315
6576,3286.5772573696,0.0,0.0,0.0,0.0004493313908812065,0.0,0.0
6577,3287.0777399359004,0.0,0.0,0.0,0.0004493918540179074,0.0,0.0
6578,3287.5782226364,0.0,0.0,0.0,0.00044945232335263,0.0,0.0
6579,3288.0787054711,0.0,-0.020833333333333332,0.020833333333333332,0.00044951279888203393,-46.34647419416559,46.34647419416559
6580,3288.57918844,0.0,-0.020833333333333332,0.020833333333333332,0.00044957328060282384,-46.34023913831874,46.34023913831874
6581,3289.0796715431,3.0,3.0,1.7320508075688772,0.00044963376851173413,6672.096737595697,3852.136847510099
6582,3289.5801547804003,0.0,0.0,0.0,0.0004496942626055045,0.0,0.0
6583,3290.0806381518996,0.0,0.0,0.0,0.0004497547628808122,0.0,0.0
6584,3290.5811216576,0.0,-0.020833333333333332,0.020833333333333332,0.0004498152693343629,-46.3153093138935,46.3153093138935
6585,3291.0816052975,0.0,0.0,0.0,0.000449875781962937,0.0,0.0
6586,3291.5820890716,0.0,0.0,0.0,0.00044993630076323567,0.0,0.0
6587,3292.0825729799,0.0,-0.020833333333333332,0.020833333333333332,0.00044999682573196504,-46.29662286938541,46.29662286938541
6588,3292.5830570223998,0.0,0.0,0.0,0.0004500573568658775,0.0,0.0
6589,3293.0835411991,0.0,0.0,0.0,0.0004501178941616572,0.0,0.0
6590,3293.58402551,1.0,1.0,1.0,0.0004501784376161081,2221.3413980808095,2221.3413980808095
6591,3294.0845099551,0.0,0.0,0.0,0.00045023898722590356,0.0,0.0
6592,3294.5849945344,1.0,1.0,1.0,0.00045029954298780194,2220.743981583585,2220.743981583585
6593,3295.0854792479,0.0,0.0,0.0,0.0004503601048985514,0.0,0.0
6594,3295.5859640956,0.0,0.0,0.0,0.0004504206729548651,0.0,0.0
6595,3296.0864490775,0.0,0.0,0.0,0.00045048124715347414,0.0,0.0
6596,3296.5869341936,1.0,1.0,1.0,0.0004505418274911383,2219.5497487293096,2219.5497487293096
6597,3297.0874194438998,0.0,0.0,0.0,0.0004506024139645882,0.0,0.0
6598,3297.5879048284,0.0,0.0,0.0,0.00045066300657057857,0.0,0.0
6599,3298.0883903471,0.0,0.0,0.0,0.0004507236053058868,0.0,0.0
6600,3298.5888760000003,0.0,0.0,0.0,0.0004507842101672042,0.0,0.0
6601,3299.0893617870997,1.0,1.0,1.0,0.00045084482115130895,2218.0580835914448,2218.0580835914448
6602,3299.5898477083997,1.0,1.0,1.0,0.0004509054382549387,2217.759900767946,2217.759900767946
6603,3300.0903337639,0.0,0.0,0.0,0.0004509660614748547,0.0,0.0
6604,3300.5908199536,1.0,1.0,1.0,0.0004510266908078346,2217.163685388327,2217.163685388327
6605,3301.0913062775,0.0,0.0,0.0,0.00045108732625057725,0.0,0.0
6606,3301.5917927356,0.0,0.0,0.0,0.00045114796779990716,0.0,0.0
6607,3302.0922793279,0.0,0.0,0.0,0.00045120861545254524,0.0,0.0
6608,3302.5927660544003,0.0,0.0,0.0,0.00045126926920525956,0.0,0.0
6609,3303.0932529151,0.0,0.0,0.0,0.00045132992905482953,0.0,0.0
6610,3303.59373991,0.0,0.0,0.0,0.00045139059499798266,0.0,0.0
6611,3304.0942270391,0.0,-0.020833333333333332,0.020833333333333332,0.0004514512670315041,-46.14746896231326,46.14746896231326
6612,3304.5947143024,0.0,-0.020833333333333332,0.020833333333333332,0.0004515119451521797,-46.14126726217967,46.14126726217967
6613,3305.0952016999,0.0,-0.020833333333333332,0.020833333333333332,0.000451572629356755,-46.135066607135784,46.135066607135784
6614,3305.5956892316,0.0,0.0,0.0,0.000451633319642027,0.0,0.0
6615,3306.0961768975,0.0,0.0,0.0,0.0004516940160047586,0.0,0.0
6616,3306.5966646976,1.0,1.0,1.0,0.00045175471844169097,2213.590603877826,2213.590603877826
6617,3307.0971526319,0.0,0.0,0.0,0.00045181542694966144,0.0,0.0
6618,3307.5976407004,0.0,0.0,0.0,0.0004518761415254108,0.0,0.0
6619,3308.0981289030997,0.0,0.0,0.0,0.0004519368621657258,0.0,0.0
6620,3308.59861724,0.0,0.0,0.0,0.0004519975888673707,0.0,0.0
6621,3309.0991057111,0.0,0.0,0.0,0.00045205832162717235,0.0,0.0
6622,3309.5995943164003,0.0,-0.020833333333333332,0.020833333333333332,0.0004521190604418604,-46.07930776679203,46.07930776679203
6623,3310.1000830558996,0.0,0.0,0.0,0.0004521798053082864,0.0,0.0
6624,3310.6005719296,0.0,0.0,0.0,0.0004522405562231969,0.0,0.0
6625,3311.1010609375,0.0,0.0,0.0,0.00045230131318339166,0.0,0.0
6626,3311.6015500796,0.0,0.0,0.0,0.0004523620761856239,0.0,0.0
6627,3312.1020393559,0.0,0.0,0.0,0.00045242284522677357,0.0,0.0
6628,3312.6025287663997,0.0,-0.020833333333333332,0.020833333333333332,0.0004524836203035604,-46.04218229901173,46.04218229901173
6629,3313.1030183110997,0.0,0.0,0.0,0.0004525444014128014,0.0,0.0
6630,3313.60350799,1.0,1.0,1.0,0.00045260518855131987,2209.4311450577025,2209.4311450577025
6631,3314.1039978031,1.0,1.0,1.0,0.00045266598171589883,2209.1344178534223,2209.1344178534223
6632,3314.6044877503996,0.0,-0.041666666666666664,0.029462782549439483,0.00045272678090332115,-92.03490587309544,65.07850604873141
6633,3315.1049778318998,0.0,-0.020833333333333332,0.020833333333333332,0.00045278758611040507,-46.011273215987536,46.011273215987536
6634,3315.6054680476,0.0,-0.020833333333333332,0.020833333333333332,0.00045284839733397453,-46.005094543745955,46.005094543745955
6635,3316.1059583975,0.0,-0.041666666666666664,0.029462782549439483,0.00045290921457080176,-91.99783383994952,65.05229216270155
6636,3316.6064488816,0.0,-0.020833333333333332,0.020833333333333332,0.0004529700378177334,-45.99274034481785,45.99274034481785
6637,3317.1069394999,2.0,2.0,1.4142135623730951,0.0004530308670715657,4414.710222568694,3121.671535351896
6638,3317.6074302524,0.0,0.0,0.0,0.0004530917023291054,0.0,0.0
6639,3318.1079211391,0.0,0.0,0.0,0.00045315254358716043,0.0,0.0
6640,3318.60841216,1.0,1.0,1.0,0.00045321339084254377,2206.466137597911,2206.466137597911
6641,3319.1089033150997,0.0,-0.020833333333333332,0.020833333333333332,0.00045327424409209775,-45.96187320341181,45.96187320341181
6642,3319.6093946043998,1.0,0.9791666666666666,1.0002169903464837,0.0004533351033326074,2159.918037382298,2206.352393612534
6643,3320.1098860279,0.0,0.0,0.0,0.0004533959685609268,0.0,0.0
6644,3320.6103775856,0.0,0.0,0.0,0.00045345683977384733,0.0,0.0
6645,3321.1108692775,0.0,0.0,0.0,0.00045351771696819967,0.0,0.0
6646,3321.6113611036,0.0,0.0,0.0,0.0004535786001408274,0.0,0.0
6647,3322.1118530639,0.0,0.0,0.0,0.0004536394892885624,0.0,0.0
6648,3322.6123451584,1.0,1.0,1.0,0.0004537003844082016,2204.0977578283996,2204.0977578283996
6649,3323.1128373871,0.0,0.0,0.0,0.0004537612854965836,0.0,0.0
6650,3323.61332975,0.0,0.0,0.0,0.0004538221925505631,0.0,0.0
6651,3324.1138222471,0.0,-0.020833333333333332,0.020833333333333332,0.00045388310556692714,-45.900217650338085,45.900217650338085
6652,3324.6143148784,0.0,-0.020833333333333332,0.020833333333333332,0.0004539440245425936,-45.894057872720246,45.894057872720246
6653,3325.1148076439,0.0,0.0,0.0,0.0004540049494742929,0.0,0.0
6654,3325.6153005436,0.0,-0.020833333333333332,0.020833333333333332,0.0004540658803589607,-45.88174147078303,45.88174147078303
6655,3326.1157935775,0.0,0.0,0.0,0.0004541268171933959,0.0,0.0
6656,3326.6162867456,1.0,1.0,1.0,0.00045418775997440333,2201.7326051594982,2201.7326051594982
6657,3327.1167800479,0.0,-0.020833333333333332,0.020833333333333332,0.0004542487086988854,-45.863274753178075,45.863274753178075
6658,3327.6172734844,0.0,0.0,0.0,0.0004543096633636692,0.0,0.0
6659,3328.1177670551,0.0,0.0,0.0,0.00045437062396558374,0.0,0.0
6660,3328.61826076,0.0,0.0,0.0,0.0004544315905014968,0.0,0.0
6661,3329.1187545990997,1.0,1.0,1.0,0.0004544925629682772,2200.2560250249867,2200.2560250249867
6662,3329.6192485724,0.0,0.0,0.0,0.0004545535413627192,0.0,0.0
6663,3330.1197426799,0.0,0.0,0.0,0.000454614525681709,0.0,0.0
6664,3330.6202369216,0.0,0.0,0.0,0.00045467551592213263,0.0,0.0
6665,3331.1207312975,0.0,0.0,0.0,0.00045473651208077353,0.0,0.0
6666,3331.6212258076,0.0,-0.020833333333333332,0.020833333333333332,0.0004547975141545585,-45.80793140890679,45.80793140890679
6667,3332.1217204519003,1.0,1.0,1.0,0.0004548585221403226,2198.4857957470626,2198.4857957470626
6668,3332.6222152304003,0.0,0.0,0.0,0.00045491953603491256,0.0,0.0
6669,3333.1227101431,0.0,-0.020833333333333332,0.020833333333333332,0.00045498055583522145,-45.789502575750646,45.789502575750646
6670,3333.62320519,0.0,0.0,0.0,0.0004550415815380964,0.0,0.0
6671,3334.1237003711,1.0,0.9791666666666666,1.0002169903464837,0.00045510261314038437,2151.5294318132724,2197.783448098878
6672,3334.6241956864,0.0,0.0,0.0,0.0004551636506389853,0.0,0.0
6673,3335.1246911359,0.0,-0.020833333333333332,0.020833333333333332,0.00045522469403076895,-45.76494554560608,45.76494554560608
6674,3335.6251867195997,0.0,0.0,0.0,0.0004552857433125778,0.0,0.0
6675,3336.1256824375,0.0,0.0,0.0,0.0004553467984813287,0.0,0.0
6676,3336.6261782896,0.0,0.0,0.0,0.0004554078595338583,0.0,0.0
6677,3337.1266742759003,0.0,0.0,0.0,0.0004554689264670381,0.0,0.0
6678,3337.6271703964,0.0,0.0,0.0,0.000455529999277785,0.0,0.0
6679,3338.1276666511,0.0,0.0,0.0,0.0004555910779629537,0.0,0.0
6680,3338.62816304,0.0,0.0,0.0,0.0004556521625194213,0.0,0.0
6681,3339.1286595631,0.0,0.0,0.0,0.0004557132529440834,0.0,0.0
6682,3339.6291562203996,0.0,0.0,0.0,0.0004557743492338117,0.0,0.0
6683,3340.1296530119,0.0,0.0,0.0,0.0004558354513854956,0.0,0.0
6684,3340.6301499376,0.0,0.0,0.0,0.00045589655939603065,0.0,0.0
6685,3341.1306469975,0.0,-0.020833333333333332,0.020833333333333332,0.0004559576732623123,-45.69137565834521,45.69137565834521
6686,3341.6311441916,0.0,-0.020833333333333332,0.020833333333333332,0.000456018792981225,-45.685251691350956,45.685251691350956
6687,3342.1316415199,0.0,0.0,0.0,0.0004560799185496416,0.0,0.0
6688,3342.6321389823997,0.0,0.0,0.0,0.00045614104996448103,0.0,0.0
6689,3343.1326365791,0.0,-0.020833333333333332,0.020833333333333332,0.00045620218722261676,-45.66688612382106,45.66688612382106
6690,3343.63313431,0.0,0.0,0.0,0.00045626333032096746,0.0,0.0
6691,3344.1336321750996,0.0,0.0,0.0,0.000456324479256425,0.0,0.0
6692,3344.6341301744,0.0,0.0,0.0,0.0004563856340258968,0.0,0.0
6693,3345.1346283079,2.0,1.9791666666666667,1.41436700604114,0.00045644679462626865,4336.029280887331,3098.6459379109037
6694,3345.6351265756,0.0,0.0,0.0,0.0004565079610544544,0.0,0.0
6695,3346.1356249775004,0.0,0.0,0.0,0.00045656913330734594,0.0,0.0
6696,3346.6361235135996,1.0,1.0,1.0,0.0004566303113818806,2189.9553644911202,2189.9553644911202
6697,3347.1366221839,0.0,0.0,0.0,0.00045669149527493853,0.0,0.0
6698,3347.6371209884,0.0,0.0,0.0,0.00045675268498345255,0.0,0.0
6699,3348.1376199271,2.0,2.0,1.4142135623730951,0.00045681388050431413,4378.150676577596,3095.8200324644895
6700,3348.6381189999997,0.0,0.0,0.0,0.0004568750818344326,0.0,0.0
6701,3349.1386182070996,0.0,0.0,0.0,0.00045693628897075294,0.0,0.0
6702,3349.6391175484,0.0,0.0,0.0,0.00045699750191015575,0.0,0.0
6703,3350.1396170239,0.0,-0.020833333333333332,0.020833333333333332,0.00045705872064958513,-45.58130584123719,45.58130584123719
6704,3350.6401166336,0.0,0.0,0.0,0.0004571199451859745,0.0,0.0
6705,3351.1406163775,0.0,0.0,0.0,0.0004571811755161943,0.0,0.0
6706,3351.6411162556,0.0,0.0,0.0,0.00045724241163721776,0.0,0.0
6707,3352.1416162679,0.0,0.0,0.0,0.0004573036535459443,0.0,0.0
6708,3352.6421164144,1.0,1.0,1.0,0.000457364901239313,2186.4380001401923,2186.4380001401923
6709,3353.1426166950996,1.0,1.0,1.0,0.0004574261547142295,2186.1452164333186,2186.1452164333186
6710,3353.64311711,0.0,0.0,0.0,0.0004574874139676451,0.0,0.0
6711,3354.1436176591,1.0,1.0,1.0,0.00045754867899647645,2185.5598014035595,2185.5598014035595
6712,3354.6441183424,0.0,-0.020833333333333332,0.020833333333333332,0.00045760994979767556,-45.52639937690261,45.52639937690261
6713,3355.1446191599002,2.0,2.0,1.4142135623730951,0.00045767122636815414,4369.949179176026,3090.020698035955
6714,3355.6451201115997,0.0,0.0,0.0,0.0004577325087048636,0.0,0.0
6715,3356.1456211975,0.0,0.0,0.0,0.00045779379680473337,0.0,0.0
6716,3356.6461224176,1.0,0.9791666666666666,1.0002169903464837,0.0004578550906647101,2138.5951289634477,2184.5710809819266
6717,3357.1466237719,1.0,0.9791666666666666,1.0002169903464837,0.0004579163902817231,2138.308842940205,2184.278640323667
6718,3357.6471252603997,0.0,-0.020833333333333332,0.020833333333333332,0.00045797769565272513,-45.489842695594525,45.489842695594525
6719,3358.1476268830997,0.0,0.0,0.0,0.00045803900677464604,0.0,0.0
6720,3358.64812864,0.0,0.0,0.0,0.00045810032364445533,0.0,0.0
6721,3359.1486305311,1.0,0.9791666666666666,1.0002169903464837,0.0004581616462591012,2137.1641966576244,2183.1093862030466
6722,3359.6491325564,0.0,0.0,0.0,0.0004582229746154675,0.0,0.0
6723,3360.1496347159,0.0,0.0,0.0,0.00045828430871058806,0.0,0.0
6724,3360.6501370096,0.0,-0.020833333333333332,0.020833333333333332,0.0004583456485413877,-45.453324144413955,45.453324144413955
6725,3361.1506394375,0.0,-0.020833333333333332,0.020833333333333332,0.0004584069941047802,-45.44724142793371,45.44724142793371
6726,3361.6511419996,1.0,1.0,1.0,0.0004584683453977821,2181.1756690254533,2181.1756690254533
6727,3362.1516446959004,1.0,0.9791666666666666,1.0002169903464837,0.0004585297024173021,2135.448721216187,2181.357031122487
6728,3362.6521475264,1.0,0.9791666666666666,1.0002169903464837,0.00045859106516032836,2135.1629830039087,2181.065150052143
6729,3363.1526504911,0.0,0.0,0.0,0.00045865243362379826,0.0,0.0
6730,3363.65315359,1.0,1.0,1.0,0.0004587138078046719,2180.008499822218,2180.008499822218
6731,3364.1536568231,1.0,1.0,1.0,0.00045877518769994415,2179.716834760551,2179.716834760551
6732,3364.6541601903996,0.0,0.0,0.0,0.0004588365733065582,0.0,0.0
6733,3365.1546636918997,1.0,1.0,1.0,0.00045889796462148094,2179.133657358545,2179.133657358545
6734,3365.6551673276,1.0,1.0,1.0,0.00045895936164166713,2178.8421450279748,2178.8421450279748
6735,3366.1556710975,4.0,4.0,2.0,0.00045902076436410666,8714.202734469547,4357.1013672347735
6736,3366.6561750016003,3.0,3.0,1.7320508075688772,0.0004590821727857605,6534.77781939489,3772.855733122035
6737,3367.1566790398997,3.0,3.0,1.7320508075688772,0.00045914358690360196,6533.9037407264395,3772.3510835675124
6738,3367.6571832124,5.0,5.0,2.23606797749979,0.00045920500671458653,10888.383024768917,4869.432921687615
6739,3368.1576875191,5.0,5.0,2.23606797749979,0.00045926643221572166,10886.926736355628,4868.781649710223
6740,3368.6581919600003,5.0,5.0,2.23606797749979,0.0004593278634039635,10885.470702661612,4868.130491646754
6741,3369.1586965351,5.0,5.0,2.23606797749979,0.0004593893002763028,10884.014923710058,4867.479447507575
6742,3369.6592012444,8.0,8.0,2.8284271247461903,0.0004594507428297134,17412.09503923916,6156.105238455328
6743,3370.1597060879,13.0,13.0,3.605551275463989,0.0004595121910611741,28290.870738333317,7846.475774968042
6744,3370.6602110656,6.0,6.0,2.449489742783178,0.00045957364496768274,13055.578938652847,5329.91778272104
6745,3371.1607161775,7.0,7.0,2.6457513110645907,0.00045963510454619555,15229.472098114007,5756.199395772392
6746,3371.6612214235997,1.0,0.9583333333333334,1.0004339336285808,0.0004596965697937214,2084.708471423583,2176.2919268192563
6747,3372.1617268039,4.0,4.0,2.0,0.00045975804070723456,8700.228480717591,4350.1142403587955
6748,3372.6622323184,2.0,2.0,1.4142135623730951,0.00045981951728373303,4349.532642316907,3075.584026374527
6749,3373.1627379671,0.0,0.0,0.0,0.00045988099952022523,0.0,0.0
6750,3373.6632437499998,0.0,0.0,0.0,0.00045994248741366907,0.0,0.0
6751,3374.1637496671,0.0,0.0,0.0,0.00046000398096107995,0.0,0.0
6752,3374.6642557184,0.0,0.0,0.0,0.0004600654801594277,0.0,0.0
6753,3375.1647619039,0.0,0.0,0.0,0.0004601269850057666,0.0,0.0
6754,3375.6652682236004,0.0,0.0,0.0,0.0004601884954970393,0.0,0.0
6755,3376.1657746775,0.0,0.0,0.0,0.0004602500116302551,0.0,0.0
6756,3376.6662812656,2.0,2.0,1.4142135623730951,0.0004603115334024299,4344.883529675736,3072.296607299455
6757,3377.1667879879,1.0,0.9791666666666666,1.0002169903464837,0.0004603730608105971,2126.8982701607456,2172.622760735309
6758,3377.6672948444,0.0,0.0,0.0,0.0004604345938516702,0.0,0.0
6759,3378.1678018351,1.0,1.0,1.0,0.0004604961325227625,2171.5708979392343,2171.5708979392343
6760,3378.6683089599996,1.0,1.0,1.0,0.00046055767682082226,2171.2807110346903,2171.2807110346903
6761,3379.1688162191,0.0,0.0,0.0,0.0004606192267428488,0.0,0.0
6762,3379.6693236124,0.0,0.0,0.0,0.00046068078228588737,0.0,0.0
6763,3380.1698311399,0.0,0.0,0.0,0.00046074234344693256,0.0,0.0
6764,3380.6703388016,0.0,0.0,0.0,0.0004608039102230132,0.0,0.0
6765,3381.1708465975,0.0,-0.020833333333333332,0.020833333333333332,0.00046086548261110594,-45.20480296180743,45.20480296180743
6766,3381.6713545276,0.0,0.0,0.0,0.0004609270606082914,0.0,0.0
6767,3382.1718625919,1.0,1.0,1.0,0.000460988644211548,2169.250832003357,2169.250832003357
6768,3382.6723707904,0.0,0.0,0.0,0.000461050233417898,0.0,0.0
6769,3383.1728791231,1.0,1.0,1.0,0.00046111182822434327,2168.6713261093646,2168.6713261093646
6770,3383.67338759,0.0,-0.020833333333333332,0.020833333333333332,0.00046117342862796445,-45.17461770361427,45.17461770361427
6771,3384.1738961911,0.0,0.0,0.0,0.00046123503462573414,0.0,0.0
6772,3384.6744049264003,1.0,1.0,1.0,0.0004612966462147166,2167.8024503445813,2167.8024503445813
6773,3385.1749137959,1.0,1.0,1.0,0.0004613582633919133,2167.512927259575,2167.512927259575
6774,3385.6754227996,0.0,0.0,0.0,0.00046141988615434865,0.0,0.0
6775,3386.1759319375,0.0,0.0,0.0,0.00046148151449908176,0.0,0.0
6776,3386.6764412096,1.0,1.0,1.0,0.00046154314842312,2166.6446645704495,2166.6446645704495
6777,3387.1769506159,0.0,0.0,0.0,0.00046160478792352884,0.0,0.0
6778,3387.6774601564,0.0,0.0,0.0,0.0004616664329972989,0.0,0.0
6779,3388.1779698310997,1.0,1.0,1.0,0.0004617280836415124,2165.776861812902,2165.776861812902
6780,3388.67847964,0.0,-0.020833333333333332,0.020833333333333332,0.0004617897398531605,-45.11432700942619,45.11432700942619
6781,3389.1789895831002,0.0,0.0,0.0,0.0004618514016293208,0.0,0.0
6782,3389.6794996604,0.0,0.0,0.0,0.00046191306896702414,0.0,0.0
6783,3390.1800098719,0.0,0.0,0.0,0.00046197474186330845,0.0,0.0
6784,3390.6805202176,1.0,1.0,1.0,0.00046203642031523914,2164.3315462398355,2164.3315462398355
6785,3391.1810306975003,0.0,0.0,0.0,0.00046209810431984864,0.0,0.0
6786,3391.6815413115996,0.0,0.0,0.0,0.00046215979387416884,0.0,0.0
6787,3392.1820520599,0.0,0.0,0.0,0.00046222148897528395,0.0,0.0
6788,3392.6825629423997,0.0,-0.020833333333333332,0.020833333333333332,0.0004622831896202028,-45.06617112867404,45.06617112867404
6789,3393.1830739591,0.0,0.0,0.0,0.00046234489580602675,0.0,0.0
6790,3393.68358511,0.0,0.0,0.0,0.00046240660752975454,0.0,0.0
6791,3394.1840963951,0.0,0.0,0.0,0.0004624683247884703,0.0,0.0
6792,3394.6846078144,0.0,0.0,0.0,0.0004625300475792587,0.0,0.0
6793,3395.1851193679,0.0,0.0,0.0,0.00046259177589912977,0.0,0.0
6794,3395.6856310556,3.0,3.0,1.7320508075688772,0.00046265350974517987,6484.334251894768,3743.732125846955
6795,3396.1861428774996,0.0,0.0,0.0,0.00046271524911443095,0.0,0.0
6796,3396.6866548335997,0.0,0.0,0.0,0.00046277699400399107,0.0,0.0
6797,3397.1871669239,0.0,0.0,0.0,0.0004628387444108772,0.0,0.0
6798,3397.6876791484,0.0,0.0,0.0,0.00046290050033220864,0.0,0.0
6799,3398.1881915071003,0.0,0.0,0.0,0.0004629622617649971,0.0,0.0
6800,3398.6887039999997,1.0,1.0,1.0,0.00046302402870639043,2159.715129242489,2159.715129242489
6801,3399.1892166271,0.0,0.0,0.0,0.0004630858011533608,0.0,0.0
6802,3399.6897293884,0.0,0.0,0.0,0.00046314757910306836,0.0,0.0
6803,3400.1902422839003,0.0,0.0,0.0,0.00046320936255252496,0.0,0.0
6804,3400.6907553136,0.0,0.0,0.0,0.00046327115149884,0.0,0.0
6805,3401.1912684774998,0.0,0.0,0.0,0.0004633329459390542,0.0,0.0
6806,3401.6917817756,0.0,-0.020833333333333332,0.020833333333333332,0.000463394745870294,-44.958069807646595,44.958069807646595
6807,3402.1922952079,0.0,0.0,0.0,0.00046345655128960056,0.0,0.0
6808,3402.6928087744,0.0,0.0,0.0,0.0004635183621941008,0.0,0.0
6809,3403.1933224750996,0.0,0.0,0.0,0.0004635801785808078,0.0,0.0
6810,3403.69383631,0.0,-0.020833333333333332,0.020833333333333332,0.00046364200044686575,-44.93409422195104,44.93409422195104
6811,3404.1943502791,0.0,0.0,0.0,0.0004637038277893221,0.0,0.0
6812,3404.6948643824003,0.0,0.0,0.0,0.00046376566060531,0.0,0.0
6813,3405.1953786199,1.0,1.0,1.0,0.00046382749889184335,2155.9739394260946,2155.9739394260946
6814,3405.6958929916,0.0,0.0,0.0,0.0004638893426460891,0.0,0.0
6815,3406.1964074975,0.0,0.0,0.0,0.0004639511918651078,0.0,0.0
6816,3406.6969221376,0.0,0.0,0.0,0.00046401304654597556,0.0,0.0
6817,3407.1974369119002,0.0,0.0,0.0,0.0004640749066858209,0.0,0.0
6818,3407.6979518204,0.0,0.0,0.0,0.000464136772281732,0.0,0.0
6819,3408.1984668631,0.0,0.0,0.0,0.0004641986433307752,0.0,0.0
6820,3408.69898204,0.0,0.0,0.0,0.0004642605198300671,0.0,0.0
6821,3409.1994973511,1.0,1.0,1.0,0.00046432240177672596,2153.675972069209,2153.675972069209
6822,3409.7000127964,0.0,0.0,0.0,0.000464384289167812,0.0,0.0
6823,3410.2005283759,0.0,0.0,0.0,0.00046444618200048866,0.0,0.0
6824,3410.7010440896,0.0,0.0,0.0,0.0004645080802718341,0.0,0.0
6825,3411.2015599375,0.0,0.0,0.0,0.0004645699839789319,0.0,0.0
6826,3411.7020759196002,0.0,-0.020833333333333332,0.020833333333333332,0.0004646318931189234,-44.83836267348312,44.83836267348312
6827,3412.2025920358997,0.0,0.0,0.0,0.00046469380768890417,0.0,0.0
6828,3412.7031082864,0.0,0.0,0.0,0.0004647557276859582,0.0,0.0
6829,3413.2036246711,2.0,2.0,1.4142135623730951,0.00046481765310725596,4302.762570720401,3042.512591592057
6830,3413.70414119,0.0,-0.020833333333333332,0.020833333333333332,0.00046487958394987616,-44.8144725055932,44.8144725055932
6831,3414.2046578431,0.0,0.0,0.0,0.0004649415202109151,0.0,0.0
6832,3414.7051746303996,0.0,0.0,0.0,0.00046500346188752613,0.0,0.0
6833,3415.2056915518997,0.0,0.0,0.0,0.0004650654089768172,0.0,0.0
6834,3415.7062086076,0.0,0.0,0.0,0.00046512736147588484,0.0,0.0
6835,3416.2067257975,0.0,0.0,0.0,0.00046518931938187167,0.0,0.0
6836,3416.7072431215997,0.0,0.0,0.0,0.00046525128269193146,0.0,0.0
6837,3417.2077605799,0.0,0.0,0.0,0.00046531325140312734,0.0,0.0
6838,3417.7082781724,0.0,0.0,0.0,0.00046537522551263653,0.0,0.0
6839,3418.2087958991,0.0,0.0,0.0,0.00046543720501753883,0.0,0.0
6840,3418.70931376,0.0,0.0,0.0,0.0004654991899150063,0.0,0.0
6841,3419.2098317551,0.0,-0.020833333333333332,0.020833333333333332,0.00046556118020213134,-44.74886270433498,44.74886270433498
6842,3419.7103498844,0.0,0.0,0.0,0.0004656231758760911,0.0,0.0
6843,3420.2108681479,0.0,0.0,0.0,0.00046568517693397775,0.0,0.0
6844,3420.7113865456,0.0,0.0,0.0,0.0004657471833729414,0.0,0.0
6845,3421.2119050775,0.0,-0.020833333333333332,0.020833333333333332,0.0004658091951901259,-44.72503666405714,44.72503666405714
6846,3421.7124237436,0.0,0.0,0.0,0.0004658712123826466,0.0,0.0
6847,3422.2129425438998,0.0,0.0,0.0,0.000465933234947659,0.0,0.0
6848,3422.7134614784,0.0,0.0,0.0,0.00046599526288232504,0.0,0.0
6849,3423.2139805471,0.0,0.0,0.0,0.000466057296183738,0.0,0.0
6850,3423.71449975,0.0,0.0,0.0,0.0004661193348490592,0.0,0.0
6851,3424.2150190871,0.0,0.0,0.0,0.0004661813788754569,0.0,0.0
6852,3424.7155385584,0.0,0.0,0.0,0.0004662434282600414,0.0,0.0
6853,3425.2160581639,1.0,1.0,1.0,0.0004663054830000036,2144.516923898131,2144.516923898131
6854,3425.7165779036,0.0,0.0,0.0,0.0004663675430924548,0.0,0.0
6855,3426.2170977775,0.0,0.0,0.0,0.00046642960853458625,0.0,0.0
6856,3426.7176177856,0.0,0.0,0.0,0.0004664916793234918,0.0,0.0
6857,3427.2181379279,0.0,0.0,0.0,0.0004665537554563631,0.0,0.0
6858,3427.7186582044,0.0,-0.020833333333333332,0.020833333333333332,0.0004666158369303628,-44.64772021109621,44.64772021109621
6859,3428.2191786150997,0.0,0.0,0.0,0.00046667792374260284,0.0,0.0
6860,3428.71969916,0.0,0.0,0.0,0.00046674001589031,0.0,0.0
6861,3429.2202198391,0.0,0.0,0.0,0.0004668021133705898,0.0,0.0
6862,3429.7207406524003,0.0,0.0,0.0,0.0004668642161806235,0.0,0.0
6863,3430.2212615998997,0.0,0.0,0.0,0.0004669263243175462,0.0,0.0
6864,3430.7217826816,1.0,1.0,1.0,0.0004669884377785731,2141.380640507762,2141.380640507762
6865,3431.2223038975,1.0,1.0,1.0,0.00046705055656082845,2141.095832030682,2141.095832030682
6866,3431.7228252476,0.0,0.0,0.0,0.00046711268066149906,0.0,0.0
6867,3432.2233467319,1.0,1.0,1.0,0.00046717481007774967,2140.526369205512,2140.526369205512
6868,3432.7238683503997,0.0,-0.020833333333333332,0.020833333333333332,0.00046723694480673274,-44.58836905962307,44.58836905962307
6869,3433.2243901030997,0.0,0.0,0.0,0.0004672990848456194,0.0,0.0
6870,3433.72491199,0.0,0.0,0.0,0.00046736123019162543,0.0,0.0
6871,3434.2254340111,0.0,-0.020833333333333332,0.020833333333333332,0.0004674233808418758,-44.5705845860993,44.5705845860993
6872,3434.7259561663996,0.0,0.0,0.0,0.0004674855367935754,0.0,0.0
6873,3435.2264784558997,0.0,0.0,0.0,0.00046754769804389,0.0,0.0
6874,3435.7270008796,0.0,0.0,0.0,0.0004676098645899901,0.0,0.0
6875,3436.2275234375,0.0,-0.041666666666666664,0.029462782549439483,0.0004676720364290589,-89.09377388653657,62.99881167667096
6876,3436.7280461296,1.0,1.0,1.0,0.0004677342135583016,2137.966330049861,2137.966330049861
6877,3437.2285689559,0.0,0.0,0.0,0.00046779639597484995,0.0,0.0
6878,3437.7290919163997,0.0,-0.020833333333333332,0.020833333333333332,0.00046785858367594984,-44.529124954054495,44.529124954054495
6879,3438.2296150111,0.0,0.0,0.0,0.0004679207766587618,0.0,0.0
6880,3438.73013824,0.0,0.0,0.0,0.00046798297492044595,0.0,0.0
6881,3439.2306616031,0.0,0.0,0.0,0.0004680451784582262,0.0,0.0
6882,3439.7311851003997,1.0,1.0,1.0,0.0004681073872692689,2136.2619501340428,2136.2619501340428
6883,3440.2317087318997,0.0,0.0,0.0,0.00046816960135078075,0.0,0.0
6884,3440.7322324976,0.0,0.0,0.0,0.00046823182069994013,0.0,0.0
6885,3441.2327563975,0.0,0.0,0.0,0.0004682940453139425,0.0,0.0
6886,3441.7332804315997,1.0,1.0,1.0,0.0004683562751900007,2135.1267250435035,2135.1267250435035
6887,3442.2338045999,0.0,0.0,0.0,0.0004684185103253102,0.0,0.0
6888,3442.7343289024,0.0,0.0,0.0,0.0004684807507170446,0.0,0.0
6889,3443.2348533391,0.0,0.0,0.0,0.000468542996362428,0.0,0.0
6890,3443.7353779100004,2.0,2.0,1.4142135623730951,0.00046860524725866865,4267.984645285045,3017.9208846811175
6891,3444.2359026151,0.0,0.0,0.0,0.00046866750340292837,0.0,0.0
6892,3444.7364274543997,0.0,0.0,0.0,0.00046872976479244956,0.0,0.0
6893,3445.2369524279,1.0,1.0,1.0,0.0004687920314244172,2133.1420608014937,2133.1420608014937
6894,3445.7374775356,0.0,0.0,0.0,0.0004688543032960283,0.0,0.0
6895,3446.2380027775,0.0,0.0,0.0,0.0004689165804045425,0.0,0.0
6896,3446.7385281536,1.0,0.9791666666666666,1.0002169903464837,0.0004689788627471118,2087.8695063804275,2132.7549486720304
6897,3447.2390536639,0.0,0.0,0.0,0.00046904115032098397,0.0,0.0
6898,3447.7395793084,0.0,0.0,0.0,0.0004691034431233627,0.0,0.0
6899,3448.2401050871003,0.0,0.0,0.0,0.0004691657411514565,0.0,0.0
6900,3448.7406309999997,1.0,1.0,1.0,0.0004692280444024861,2131.159916652888,2131.159916652888
6901,3449.2411570471,1.0,1.0,1.0,0.0004692903528736556,2130.87695895855,2130.87695895855
6902,3449.7416832284002,0.0,0.0,0.0,0.00046935266656217923,0.0,0.0
6903,3450.2422095439,0.0,0.0,0.0,0.0004694149854653237,0.0,0.0
6904,3450.7427359935996,0.0,0.0,0.0,0.0004694773095802536,0.0,0.0
6905,3451.2432625775,0.0,0.0,0.0,0.0004695396389042182,0.0,0.0
6906,3451.7437892956,1.0,1.0,1.0,0.00046960197343443895,2129.462942173112,2129.462942173112
6907,3452.2443161479,0.0,0.0,0.0,0.00046966431316814914,0.0,0.0
6908,3452.7448431344,0.0,0.0,0.0,0.00046972665810256426,0.0,0.0
6909,3453.2453702550997,0.0,0.0,0.0,0.00046978900823491185,0.0,0.0
6910,3453.74589751,1.0,0.9791666666666666,1.0002169903464837,0.00046985136356242547,2083.992391216233,2128.794482499342
6911,3454.2464248991,0.0,-0.020833333333333332,0.020833333333333332,0.00046991372408232727,-44.33437940979013,44.33437940979013
6912,3454.7469524224,0.0,0.0,0.0,0.0004699760897918506,0.0,0.0
6913,3455.2474800798996,1.0,1.0,1.0,0.00047003846068826915,2127.4854796684454,2127.4854796684454
6914,3455.7480078716,0.0,0.0,0.0,0.0004701008367687659,0.0,0.0
6915,3456.2485357975,0.0,0.0,0.0,0.00047016321803059765,0.0,0.0
6916,3456.7490638576,0.0,-0.020833333333333332,0.020833333333333332,0.0004702256044710096,-44.304974325611724,44.304974325611724
6917,3457.2495920519,0.0,0.0,0.0,0.000470287996087225,0.0,0.0
6918,3457.7501203804,0.0,0.0,0.0,0.00047035039287649536,0.0,0.0
6919,3458.2506488431,0.0,0.0,0.0,0.00047041279483605545,0.0,0.0
6920,3458.75117744,0.0,0.0,0.0,0.0004704752019631681,0.0,0.0
6921,3459.2517061711,0.0,0.0,0.0,0.0004705376142550578,0.0,0.0
6922,3459.7522350363997,1.0,1.0,1.0,0.0004706000317089698,2124.946733149444,2124.946733149444
6923,3460.2527640359,0.0,0.0,0.0,0.00047066245432216865,0.0,0.0
6924,3460.7532931696,0.0,0.0,0.0,0.00047072488209189497,0.0,0.0
6925,3461.2538224375003,0.0,0.0,0.0,0.0004707873150154131,0.0,0.0
6926,3461.7543518396,0.0,0.0,0.0,0.00047084975308994703,0.0,0.0
6927,3462.2548813759,0.0,0.0,0.0,0.00047091219631276653,0.0,0.0
6928,3462.7554110464,0.0,0.0,0.0,0.0004709746446811365,0.0,0.0
6929,3463.2559408511,0.0,0.0,0.0,0.0004710370981922982,0.0,0.0
6930,3463.75647079,0.0,0.0,0.0,0.0004710995568435167,0.0,0.0
6931,3464.2570008630996,0.0,-0.020833333333333332,0.020833333333333332,0.0004711620206320397,-44.21691991512067,44.21691991512067
6932,3464.7575310703996,1.0,1.0,1.0,0.0004712244895551432,2122.130793635204,2122.130793635204
6933,3465.2580614119,1.0,1.0,1.0,0.00047128696361008155,2121.8494828287853,2121.8494828287853
6934,3465.7585918876002,0.0,0.0,0.0,0.0004713494427940961,0.0,0.0
6935,3466.2591224975004,0.0,0.0,0.0,0.0004714119271044936,0.0,0.0
6936,3466.7596532415996,0.0,0.0,0.0,0.00047147441653851006,0.0,0.0
6937,3467.2601841199,0.0,0.0,0.0,0.0004715369110934398,0.0,0.0
6938,3467.7607151324,0.0,0.0,0.0,0.00047159941076652047,0.0,0.0
6939,3468.2612462791003,0.0,0.0,0.0,0.0004716619155550407,0.0,0.0
6940,3468.7617775599997,0.0,0.0,0.0,0.000471724425456272,0.0,0.0
6941,3469.2623089751,0.0,0.0,0.0,0.0004717869404674751,0.0,0.0
6942,3469.7628405244,0.0,-0.020833333333333332,0.020833333333333332,0.0004718494605859334,-44.15250005258649,44.15250005258649
6943,3470.2633722079,1.0,1.0,1.0,0.0004719119858089251,2119.0392066136146,2119.0392066136146
6944,3470.7639040256004,0.0,0.0,0.0,0.0004719745161337279,0.0,0.0
6945,3471.2644359775,0.0,0.0,0.0,0.00047203705155760884,0.0,0.0
6946,3471.7649680636,0.0,-0.020833333333333332,0.020833333333333332,0.0004720995920778573,-44.129106830275674,44.129106830275674
6947,3472.2655002839,0.0,0.0,0.0,0.00047216213769174666,0.0,0.0
6948,3472.7660326384002,0.0,0.0,0.0,0.0004722246883965779,0.0,0.0
6949,3473.2665651271,1.0,1.0,1.0,0.00047228724418961243,2117.3555125671,2117.3555125671
6950,3473.7670977499997,1.0,0.9791666666666666,1.0002169903464837,0.00047234980506815813,2072.9693463626536,2117.534461990847
6951,3474.2676305071,0.0,0.0,0.0,0.00047241237102947664,0.0,0.0
6952,3474.7681633984002,0.0,0.0,0.0,0.0004724749420708699,0.0,0.0
6953,3475.2686964239,1.0,1.0,1.0,0.00047253751818963436,2116.2340798486384,2116.2340798486384
6954,3475.7692295836,0.0,0.0,0.0,0.0004726000993830441,0.0,0.0
6955,3476.2697628775,0.0,0.0,0.0,0.00047266268564841787,0.0,0.0
6956,3476.7702963056,0.0,-0.020833333333333332,0.020833333333333332,0.0004727252769830075,-44.07069887672244,44.07069887672244
6957,3477.2708298679,0.0,0.0,0.0,0.00047278787338416107,0.0,0.0
6958,3477.7713635643995,1.0,1.0,1.0,0.0004728504748491127,2114.833447759784,2114.833447759784
6959,3478.2718973951,1.0,0.9791666666666666,1.0002169903464837,0.0004729130813752283,2070.5002784428293,2115.012313547891
6960,3478.77243136,0.0,0.0,0.0,0.0004729756929597652,0.0,0.0
6961,3479.2729654591,0.0,0.0,0.0,0.0004730383096000212,0.0,0.0
6962,3479.7734996924,0.0,0.0,0.0,0.0004731009312933278,0.0,0.0
6963,3480.2740340599,0.0,0.0,0.0,0.0004731635580369256,0.0,0.0
6964,3480.7745685616,0.0,0.0,0.0,0.00047322618982819866,0.0,0.0
6965,3481.2751031975,1.0,1.0,1.0,0.00047328882666441014,2112.8747260899513,2112.8747260899513
6966,3481.7756379676002,0.0,0.0,0.0,0.00047335146854285296,0.0,0.0
6967,3482.2761728719,0.0,0.0,0.0,0.0004734141154608878,0.0,0.0
6968,3482.7767079103996,0.0,0.0,0.0,0.00047347676741577347,0.0,0.0
6969,3483.2772430831,0.0,-0.020833333333333332,0.020833333333333332,0.0004735394244048598,-43.994928953416036,43.994928953416036
6970,3483.77777839,0.0,0.0,0.0,0.0004736020864254285,0.0,0.0
6971,3484.2783138311,0.0,0.0,0.0,0.00047366475347480663,0.0,0.0
6972,3484.7788494064,0.0,0.0,0.0,0.00047372742555031635,0.0,0.0
6973,3485.2793851159,0.0,0.0,0.0,0.0004737901026492565,0.0,0.0
6974,3485.7799209596,0.0,0.0,0.0,0.00047385278476896637,0.0,0.0
6975,3486.2804569375003,0.0,0.0,0.0,0.0004739154719067568,0.0,0.0
6976,3486.7809930496,0.0,0.0,0.0,0.00047397816405995026,0.0,0.0
6977,3487.2815292959,0.0,0.0,0.0,0.0004740408612258743,0.0,0.0
6978,3487.7820656763997,0.0,0.0,0.0,0.00047410356340181844,0.0,0.0
6979,3488.2826021911,0.0,0.0,0.0,0.00047416627058513843,0.0,0.0
6980,3488.78313884,0.0,0.0,0.0,0.0004742289827731862,0.0,0.0
6981,3489.2836756231,0.0,0.0,0.0,0.0004742916999632336,0.0,0.0
6982,3489.7842125404,0.0,0.0,0.0,0.00047435442215264327,0.0,0.0
6983,3490.2847495919,0.0,0.0,0.0,0.0004744171493387276,0.0,0.0
6984,3490.7852867776,0.0,0.0,0.0,0.0004744798815188551,0.0,0.0
6985,3491.2858240975,0.0,0.0,0.0,0.00047454261869031545,0.0,0.0
6986,3491.7863615516,0.0,0.0,0.0,0.0004746053608504668,0.0,0.0
6987,3492.2868991399,0.0,0.0,0.0,0.0004746681079966492,0.0,0.0
6988,3492.7874368624,0.0,0.0,0.0,0.00047473086012617,0.0,0.0
6989,3493.2879747191,0.0,0.0,0.0,0.00047479361723638786,0.0,0.0
6990,3493.78851271,1.0,1.0,1.0,0.00047485637932464934,2105.8998963480726,2105.8998963480726
6991,3494.2890508350997,0.0,0.0,0.0,0.00047491914638827295,0.0,0.0
6992,3494.7895890944,0.0,0.0,0.0,0.0004749819184246349,0.0,0.0
6993,3495.2901274879,0.0,0.0,0.0,0.0004750446954310541,0.0,0.0
6994,3495.7906660156,0.0,0.0,0.0,0.00047510747740488315,0.0,0.0
6995,3496.2912046775,0.0,0.0,0.0,0.0004751702643434704,0.0,0.0
6996,3496.7917434736,0.0,0.0,0.0,0.00047523305624416935,0.0,0.0
6997,3497.2922824039,0.0,0.0,0.0,0.0004752958531042989,0.0,0.0
6998,3497.7928214684002,0.0,0.0,0.0,0.0004753586549212648,0.0,0.0
6999,3498.2933606671,0.0,0.0,0.0,0.0004754214616923408,0.0,0.0
7000,3498.7938999999997,0.0,0.0,0.0,0.00047548427341495493,0.0,0.0
7001,3499.2944394671,1.0,1.0,1.0,0.0004755470900864273,2102.8411714563476,2102.8411714563476
7002,3499.7949790684,0.0,0.0,0.0,0.0004756099117041295,0.0,0.0
7003,3500.2955188039,1.0,0.9791666666666666,1.0002169903464837,0.00047567273826538747,2058.4880904408055,2102.7418850908425
7004,3500.7960586736,1.0,1.0,1.0,0.0004757355697675954,2102.0080556274493,2102.0080556274493
7005,3501.2965986775,0.0,0.0,0.0,0.00047579840620809655,0.0,0.0
7006,3501.7971388156,0.0,0.0,0.0,0.00047586124758424624,0.0,0.0
7007,3502.2976790879,0.0,0.0,0.0,0.00047592409389342756,0.0,0.0
7008,3502.7982194943997,0.0,-0.020833333333333332,0.020833333333333332,0.0004759869451329673,-43.76870741174115,43.76870741174115
7009,3503.2987600351,0.0,0.0,0.0,0.00047604980130030024,0.0,0.0
7010,3503.79930071,0.0,0.0,0.0,0.000476112662392702,0.0,0.0
7011,3504.2998415191,1.0,1.0,1.0,0.00047617552840760805,2100.0659217917564,2100.0659217917564
7012,3504.8003824624,0.0,0.0,0.0,0.00047623839934235126,0.0,0.0
7013,3505.3009235399,1.0,1.0,1.0,0.0004763012751943328,2099.5114900584636,2099.5114900584636
7014,3505.8014647515997,0.0,0.0,0.0,0.00047636415596092024,0.0,0.0
7015,3506.3020060975,0.0,0.0,0.0,0.00047642704163944067,0.0,0.0
7016,3506.8025475776003,0.0,0.0,0.0,0.00047648993222734157,0.0,0.0
7017,3507.3030891918997,1.0,1.0,1.0,0.0004765528277219223,2098.4032447783925,2098.4032447783925
7018,3507.8036309403997,0.0,0.0,0.0,0.00047661572812062494,0.0,0.0
7019,3508.3041728231,0.0,0.0,0.0,0.00047667863342080015,0.0,0.0
7020,3508.80471484,1.0,1.0,1.0,0.0004767415436198103,2097.5726017229067,2097.5726017229067
7021,3509.3052569911,1.0,1.0,1.0,0.0004768044587150691,2097.2958237321864,2097.2958237321864
7022,3509.8057992763997,0.0,0.0,0.0,0.00047686737870393357,0.0,0.0
7023,3510.3063416959,0.0,0.0,0.0,0.0004769303035838118,0.0,0.0
7024,3510.8068842496,0.0,0.0,0.0,0.00047699323335207306,0.0,0.0
7025,3511.3074269375,0.0,0.0,0.0,0.00047705616800611977,0.0,0.0
7026,3511.8079697596,1.0,1.0,1.0,0.000477119107543298,2095.9127064707864,2095.9127064707864
7027,3512.3085127158997,0.0,-0.020833333333333332,0.020833333333333332,0.0004771820519610394,-43.65908828237806,43.65908828237806
7028,3512.8090558064,0.0,-0.020833333333333332,0.020833333333333332,0.00047724500125673045,-43.65332958642388,43.65332958642388
7029,3513.3095990311,0.0,0.0,0.0,0.00047730795542774007,0.0,0.0
7030,3513.8101423900002,0.0,0.0,0.0,0.0004773709144714834,0.0,0.0
7031,3514.3106858830997,0.0,0.0,0.0,0.000477433878385347,0.0,0.0
7032,3514.8112295103997,1.0,0.9791666666666666,1.0002169903464837,0.0004774968471667177,2050.6243600908874,2094.709098670255
7033,3515.3117732719,0.0,0.0,0.0,0.0004775598208130161,0.0,0.0
7034,3515.8123171676,0.0,0.0,0.0,0.0004776227993216011,0.0,0.0
7035,3516.3128611975,0.0,0.0,0.0,0.000477685782689894,0.0,0.0
7036,3516.8134053616,0.0,0.0,0.0,0.000477748770915316,0.0,0.0
7037,3517.3139496599,0.0,0.0,0.0,0.0004778117639952435,0.0,0.0
7038,3517.8144940924,0.0,0.0,0.0,0.0004778747619270974,0.0,0.0
7039,3518.3150386591,2.0,2.0,1.4142135623730951,0.00047793776470826633,4184.645256523728,2958.9910377480473
7040,3518.81558336,0.0,0.0,0.0,0.0004780007723361485,0.0,0.0
7041,3519.3161281950997,0.0,0.0,0.0,0.00047806378480816077,0.0,0.0
7042,3519.8166731644,0.0,0.0,0.0,0.00047812680212174814,0.0,0.0
7043,3520.3172182679,0.0,0.0,0.0,0.0004781898242742531,0.0,0.0
7044,3520.8177635056004,0.0,-0.020833333333333332,0.020833333333333332,0.0004782528512631605,-43.5613363899627,43.5613363899627
7045,3521.3183088775,0.0,0.0,0.0,0.00047831588308580244,0.0,0.0
7046,3521.8188543836,0.0,0.0,0.0,0.0004783789197396462,0.0,0.0
7047,3522.3194000239,0.0,0.0,0.0,0.0004784419612221213,0.0,0.0
7048,3522.8199457984,0.0,0.0,0.0,0.0004785050075306046,0.0,0.0
7049,3523.3204917071,0.0,0.0,0.0,0.00047856805866252483,0.0,0.0
7050,3523.82103775,0.0,0.0,0.0,0.0004786311146152999,0.0,0.0
7051,3524.3215839271,0.0,0.0,0.0,0.00047869417538635837,0.0,0.0
7052,3524.8221302384,0.0,-0.020833333333333332,0.020833333333333332,0.00047875724097312395,-43.51544279724608,43.51544279724608
7053,3525.3226766839,0.0,0.0,0.0,0.00047882031137301486,0.0,0.0
7054,3525.8232232635996,0.0,0.0,0.0,0.0004788833865834485,0.0,0.0
7055,3526.3237699775,0.0,0.0,0.0,0.00047894646660187753,0.0,0.0
7056,3526.8243168256,0.0,0.0,0.0,0.00047900955142568053,0.0,0.0
7057,3527.3248638079003,0.0,0.0,0.0,0.0004790726410523267,0.0,0.0
7058,3527.8254109244,1.0,1.0,1.0,0.0004791357354792294,2087.0912477438246,2087.0912477438246
7059,3528.3259581751,0.0,0.0,0.0,0.00047919883470381807,0.0,0.0
7060,3528.82650556,0.0,0.0,0.0,0.0004792619387235293,0.0,0.0
7061,3529.3270530791,0.0,0.0,0.0,0.00047932504753581525,0.0,0.0
7062,3529.8276007324002,0.0,-0.020833333333333332,0.020833333333333332,0.0004793881611380732,-43.458172358438624,43.458172358438624
7063,3530.3281485199,1.0,1.0,1.0,0.00047945127952775027,2085.7176582884076,2085.7176582884076
7064,3530.8286964415997,0.0,0.0,0.0,0.0004795144027023055,0.0,0.0
7065,3531.3292444975,0.0,0.0,0.0,0.0004795775306591529,0.0,0.0
7066,3531.8297926876003,0.0,0.0,0.0,0.00047964066339574603,0.0,0.0
7067,3532.3303410118997,0.0,-0.020833333333333332,0.020833333333333332,0.0004797038009095276,-43.42957736385022,43.42957736385022
7068,3532.8308894704,0.0,0.0,0.0,0.00047976694319792267,0.0,0.0
7069,3533.3314380631,1.0,0.9791666666666666,1.0002169903464837,0.0004798300902583855,2040.6529030711506,2084.523273244229
7070,3533.83198679,0.0,0.0,0.0,0.00047989324208835897,0.0,0.0
7071,3534.3325356511,0.0,0.0,0.0,0.00047995639868531466,0.0,0.0
7072,3534.8330846463996,0.0,0.0,0.0,0.0004800195600466496,0.0,0.0
7073,3535.3336337759,0.0,0.0,0.0,0.00048008272616985884,0.0,0.0
7074,3535.8341830396,0.0,0.0,0.0,0.0004801458970523683,0.0,0.0
7075,3536.3347324375,1.0,1.0,1.0,0.0004802090726916383,2082.42629485291,2082.42629485291
7076,3536.8352819695997,0.0,-0.020833333333333332,0.020833333333333332,0.00048027225308512443,-43.37817394093926,43.37817394093926
7077,3537.3358316359,0.0,0.0,0.0,0.0004803354382302525,0.0,0.0
7078,3537.8363814363997,0.0,0.0,0.0,0.00048039862812451284,0.0,0.0
7079,3538.3369313711,0.0,0.0,0.0,0.0004804618227653545,0.0,0.0
7080,3538.8374814400004,0.0,0.0,0.0,0.00048052502215023286,0.0,0.0
7081,3539.3380316431,0.0,0.0,0.0,0.00048058822627658655,0.0,0.0
7082,3539.8385819804,0.0,-0.041666666666666664,0.029462782549439483,0.0004806514351418826,-86.68790649583134,61.29760653006772
7083,3540.3391324519,1.0,1.0,1.0,0.00048071464874361154,2080.236170488219,2080.236170488219
7084,3540.8396830576003,0.0,0.0,0.0,0.000480777867079223,0.0,0.0
7085,3541.3402337975,1.0,1.0,1.0,0.0004808410901461561,2079.6891540530382,2079.6891540530382
7086,3541.8407846716,0.0,-0.020833333333333332,0.020833333333333332,0.00048090431794190684,-43.32116089639685,43.32116089639685
7087,3542.3413356799,1.0,1.0,1.0,0.0004809675504639265,2079.142343460449,2079.142343460449
7088,3542.8418868224,0.0,-0.020833333333333332,0.020833333333333332,0.0004810307877096935,-43.30977115316461,43.30977115316461
7089,3543.3424380991,0.0,0.0,0.0,0.00048109402967665935,0.0,0.0
7090,3543.84298951,1.0,1.0,1.0,0.00048115727636230296,2078.3225135039165,2078.3225135039165
7091,3544.3435410551,0.0,0.0,0.0,0.0004812205277641214,0.0,0.0
7092,3544.8440927344,1.0,1.0,1.0,0.0004812837838795318,2077.7762174723634,2077.7762174723634
7093,3545.3446445479003,0.0,-0.020833333333333332,0.020833333333333332,0.00048134704470605914,-43.28131555488302,43.28131555488302
7094,3545.8451964956,0.0,0.0,0.0,0.00048141031024117237,0.0,0.0
7095,3546.3457485774998,0.0,0.0,0.0,0.0004814735804823119,0.0,0.0
7096,3546.8463007935998,0.0,-0.020833333333333332,0.020833333333333332,0.00048153685542699727,-43.264255058648864,43.264255058648864
7097,3547.3468531439003,0.0,0.0,0.0,0.0004816001350726749,0.0,0.0
7098,3547.8474056284003,0.0,0.0,0.0,0.00048166341941687093,0.0,0.0
7099,3548.3479582471,0.0,0.0,0.0,0.0004817267084570202,0.0,0.0
7100,3548.8485109999997,0.0,0.0,0.0,0.00048179000219060935,0.0,0.0
7101,3549.3490638871,0.0,0.0,0.0,0.0004818533006151473,0.0,0.0
7102,3549.8496169084,0.0,0.0,0.0,0.0004819166037281208,0.0,0.0
7103,3550.3501700639,1.0,1.0,1.0,0.0004819799115269717,2074.775267773872,2074.775267773872
7104,3550.8507233535997,0.0,0.0,0.0,0.00048204322400926,0.0,0.0
7105,3551.3512767775,0.0,0.0,0.0,0.0004821065411724161,0.0,0.0
7106,3551.8518303356,0.0,0.0,0.0,0.00048216986301393875,0.0,0.0
7107,3552.3523840279,1.0,1.0,1.0,0.0004822331895313549,2073.6855565080923,2073.6855565080923
7108,3552.8529378544,0.0,0.0,0.0,0.0004822965207221233,0.0,0.0
7109,3553.3534918151,0.0,0.0,0.0,0.00048235985658374883,0.0,0.0
7110,3553.85404591,0.0,0.0,0.0,0.00048242319711371874,0.0,0.0
7111,3554.3546001391,0.0,0.0,0.0,0.0004824865423095554,0.0,0.0
7112,3554.8551545023997,0.0,-0.020833333333333332,0.020833333333333332,0.00048254989216874034,-43.17342863698793,43.17342863698793
7113,3555.3557089999,0.0,-0.020833333333333332,0.020833333333333332,0.00048261324668876795,-43.167761092907845,43.167761092907845
7114,3555.8562636316,0.0,0.0,0.0,0.0004826766058671429,0.0,0.0
7115,3556.3568183975,0.0,0.0,0.0,0.00048273996970136525,0.0,0.0
7116,3556.8573732976,0.0,0.0,0.0,0.0004828033381889343,0.0,0.0
7117,3557.3579283319,0.0,0.0,0.0,0.00048286671132736087,0.0,0.0
7118,3557.8584835004,1.0,0.9791666666666666,1.0002169903464837,0.0004829300891141633,2027.553653703268,2071.1424135555058
7119,3558.3590388031,0.0,0.0,0.0,0.00048299347154682364,0.0,0.0
7120,3558.85959424,1.0,0.9791666666666666,1.0002169903464837,0.0004830568586228764,2027.0215590316343,2070.5988798046556
7121,3559.3601498111,0.0,0.0,0.0,0.0004831202503398046,0.0,0.0
7122,3559.8607055164,0.0,0.0,0.0,0.0004831836466951266,0.0,0.0
7123,3560.3612613559,0.0,0.0,0.0,0.00048324704768636513,0.0,0.0
7124,3560.8618173296,1.0,1.0,1.0,0.0004833104533110323,2069.0634625203406,2069.0634625203406
7125,3561.3623734375,0.0,0.0,0.0,0.00048337386356664587,0.0,0.0
7126,3561.8629296796,1.0,1.0,1.0,0.00048343727845067905,2068.5206635384066,2068.5206635384066
7127,3562.3634860559,0.0,0.0,0.0,0.0004835006979606946,0.0,0.0
7128,3562.8640425664,1.0,1.0,1.0,0.00048356412209420526,2067.9780701455466,2067.9780701455466
7129,3563.3645992111,1.0,0.9791666666666666,1.0002169903464837,0.00048362755084871276,2024.629624487558,2068.1555229664104
7130,3563.8651559900004,0.0,-0.020833333333333332,0.020833333333333332,0.00048369098422175244,-43.07157671514941,43.07157671514941
7131,3564.3657129031,0.0,0.0,0.0,0.00048375442221084867,0.0,0.0
7132,3564.8662699504,1.0,1.0,1.0,0.0004838178648135084,2066.8935000683746,2066.8935000683746
7133,3565.3668271319,1.0,1.0,1.0,0.0004838813120272566,2066.6224860191974,2066.6224860191974
7134,3565.8673844476,0.0,0.0,0.0,0.00048394476384963495,0.0,0.0
7135,3566.3679418975,1.0,1.0,1.0,0.0004840082202781567,2066.080612071642,2066.080612071642
7136,3566.8684994816,0.0,0.0,0.0,0.0004840716813103581,0.0,0.0
7137,3567.3690571999,0.0,0.0,0.0,0.0004841351469437756,0.0,0.0
7138,3567.8696150524,0.0,0.0,0.0,0.0004841986171759061,0.0,0.0
7139,3568.3701730391003,0.0,0.0,0.0,0.0004842620920043257,0.0,0.0
7140,3568.8707311599997,0.0,0.0,0.0,0.0004843255714265202,0.0,0.0
7141,3569.3712894151,0.0,0.0,0.0,0.0004843890554400719,0.0,0.0
7142,3569.8718478044,0.0,0.0,0.0,0.00048445254404248366,0.0,0.0
7143,3570.3724063279,0.0,0.0,0.0,0.0004845160372312869,0.0,0.0
7144,3570.8729649855995,1.0,1.0,1.0,0.00048457953500405837,2063.644722412029,2063.644722412029
7145,3571.3735237775,0.0,0.0,0.0,0.0004846430373582849,0.0,0.0
7146,3571.8740827036,0.0,0.0,0.0,0.000484706544291566,0.0,0.0
7147,3572.3746417639,0.0,0.0,0.0,0.0004847700558013881,0.0,0.0
7148,3572.8752009584,1.0,1.0,1.0,0.0004848335718853289,2062.563440298471,2062.563440298471
7149,3573.3757602870996,0.0,0.0,0.0,0.00048489709254090325,0.0,0.0
7150,3573.8763197499998,0.0,0.0,0.0,0.0004849606177656891,0.0,0.0
7151,3574.3768793471,0.0,-0.020833333333333332,0.020833333333333332,0.00048502414755721305,-42.953187873756015,42.953187873756015
7152,3574.8774390784,0.0,0.0,0.0,0.00048508768191303584,0.0,0.0
7153,3575.3779989439,0.0,0.0,0.0,0.00048515122083069056,0.0,0.0
7154,3575.8785589435997,0.0,0.0,0.0,0.00048521476430773806,0.0,0.0
7155,3576.3791190775,0.0,-0.020833333333333332,0.020833333333333332,0.00048527831234171094,-42.9306911178496,42.9306911178496
7156,3576.8796793456,0.0,0.0,0.0,0.00048534186493016506,0.0,0.0
7157,3577.3802397479003,0.0,0.0,0.0,0.00048540542207067914,0.0,0.0
7158,3577.8808002844,1.0,1.0,1.0,0.00048546898376080927,2059.8638295143905,2059.8638295143905
7159,3578.3813609551,0.0,0.0,0.0,0.0004855325499980771,0.0,0.0
7160,3578.88192176,0.0,0.0,0.0,0.0004855961207800672,0.0,0.0
7161,3579.3824826991,0.0,0.0,0.0,0.00048565969610431324,0.0,0.0
7162,3579.8830437723996,0.0,0.0,0.0,0.00048572327596840587,0.0,0.0
7163,3580.3836049798997,0.0,0.0,0.0,0.0004857868603698899,0.0,0.0
7164,3580.8841663216,0.0,0.0,0.0,0.0004858504493063393,0.0,0.0
7165,3581.3847277975,1.0,1.0,1.0,0.0004859140427752823,2057.9771563886743,2057.9771563886743
7166,3581.8852894076003,0.0,0.0,0.0,0.00048597764077432164,0.0,0.0
7167,3582.3858511518997,0.0,0.0,0.0,0.0004860412433010078,0.0,0.0
7168,3582.8864130304,0.0,0.0,0.0,0.00048610485035291575,0.0,0.0
7169,3583.3869750431,0.0,-0.020833333333333332,0.020833333333333332,0.0004861684619275967,-42.852087218351826,42.852087218351826
7170,3583.88753719,0.0,0.0,0.0,0.0004862320780226591,0.0,0.0
7171,3584.3880994711,0.0,0.0,0.0,0.00048629569863562047,0.0,0.0
7172,3584.8886618864,0.0,0.0,0.0,0.00048635932376406163,0.0,0.0
7173,3585.3892244359,0.0,-0.020833333333333332,0.020833333333333332,0.0004864229534055914,-42.82966744779,42.82966744779
7174,3585.8897871196,0.0,0.0,0.0,0.0004864865875577671,0.0,0.0
7175,3586.3903499375,0.0,0.0,0.0,0.0004865502262181582,0.0,0.0
7176,3586.8909128896,0.0,0.0,0.0,0.00048661386938434007,0.0,0.0
7177,3587.3914759759,0.0,0.0,0.0,0.0004866775170538992,0.0,0.0
7178,3587.8920391964,0.0,0.0,0.0,0.00048674116922442176,0.0,0.0
7179,3588.3926025511,0.0,0.0,0.0,0.0004868048258934559,0.0,0.0
7180,3588.89316604,0.0,0.0,0.0,0.00048686848705861013,0.0,0.0
7181,3589.3937296630997,0.0,0.0,0.0,0.000486932152717455,0.0,0.0
7182,3589.8942934204,0.0,0.0,0.0,0.0004869958228676002,0.0,0.0
7183,3590.3948573119,0.0,0.0,0.0,0.00048705949750660495,0.0,0.0
7184,3590.8954213376,0.0,0.0,0.0,0.00048712317663203924,0.0,0.0
7185,3591.3959854974996,0.0,0.0,0.0,0.0004871868602415138,0.0,0.0
7186,3591.8965497915997,0.0,0.0,0.0,0.00048725054833264394,0.0,0.0
7187,3592.3971142199,1.0,1.0,1.0,0.00048731424090296644,2052.063978567618,2052.063978567618
7188,3592.8976787824,0.0,0.0,0.0,0.0004873779379501207,0.0,0.0
7189,3593.3982434790996,0.0,0.0,0.0,0.00048744163947166597,0.0,0.0
7190,3593.89880831,0.0,0.0,0.0,0.0004875053454652075,0.0,0.0
7191,3594.3993732751,0.0,0.0,0.0,0.0004875690559283335,0.0,0.0
7192,3594.8999383744,1.0,1.0,1.0,0.0004876327708586493,2050.723535744219,2050.723535744219
7193,3595.4005036079,1.0,1.0,1.0,0.00048769649025373727,2050.455600940911,2050.455600940911
7194,3595.9010689755996,0.0,0.0,0.0,0.00048776021411120376,0.0,0.0
7195,3596.4016344775,0.0,0.0,0.0,0.0004878239424286539,0.0,0.0
7196,3596.9022001136,0.0,0.0,0.0,0.00048788767520368826,0.0,0.0
7197,3597.4027658839,1.0,1.0,1.0,0.0004879514124338952,2049.384374177776,2049.384374177776
7198,3597.9033317884,0.0,0.0,0.0,0.0004880151541168927,0.0,0.0
7199,3598.4038978270996,0.0,0.0,0.0,0.0004880789002502804,0.0,0.0
7200,3598.9044639999997,0.0,0.0,0.0,0.00048814265083164856,0.0,0.0
7201,3599.4050303071,0.0,0.0,0.0,0.0004882064058586256,0.0,0.0
7202,3599.9055967484,0.0,-0.020833333333333332,0.020833333333333332,0.00048827016532882405,-42.667635282002514,42.667635282002514
7203,3600.4061633239,0.0,0.0,0.0,0.0004883339292398274,0.0,0.0
7204,3600.9067300336,0.0,0.0,0.0,0.0004883976975892771,0.0,0.0
7205,3601.4072968775,0.0,0.0,0.0,0.0004884614703747395,0.0,0.0
7206,3601.9078638556,0.0,0.0,0.0,0.0004885252475938619,0.0,0.0
7207,3602.4084309679,0.0,0.0,0.0,0.0004885890292442627,0.0,0.0
7208,3602.9089982143996,0.0,0.0,0.0,0.0004886528153235089,0.0,0.0
7209,3603.4095655951,0.0,0.0,0.0,0.0004887166058292931,0.0,0.0
7210,3603.91013311,0.0,0.0,0.0,0.0004887804007591779,0.0,0.0
7211,3604.4107007591,0.0,0.0,0.0,0.0004888442001107587,0.0,0.0
7212,3604.9112685423997,1.0,1.0,1.0,0.0004889080038817229,2045.374573662985,2045.374573662985
7213,3605.4118364599,0.0,0.0,0.0,0.0004889718120696503,0.0,0.0
7214,3605.9124045116,0.0,0.0,0.0,0.0004890356246721762,0.0,0.0
7215,3606.4129726975,0.0,0.0,0.0,0.0004890994416869038,0.0,0.0
7216,3606.9135410176,0.0,0.0,0.0,0.0004891632631115092,0.0,0.0
7217,3607.4141094719,0.0,0.0,0.0,0.0004892270889435434,0.0,0.0
7218,3607.9146780604,0.0,0.0,0.0,0.0004892909191806945,0.0,0.0
7219,3608.4152467831,0.0,0.0,0.0,0.0004893547538205369,0.0,0.0
7220,3608.9158156400003,0.0,0.0,0.0,0.0004894185928607587,0.0,0.0
7221,3609.4163846311,0.0,0.0,0.0,0.0004894824362989289,0.0,0.0
7222,3609.9169537564,0.0,0.0,0.0,0.0004895462841327411,0.0,0.0
7223,3610.4175230159,1.0,1.0,1.0,0.0004896101363597703,2042.4413747537087,2042.4413747537087
7224,3610.9180924096,0.0,0.0,0.0,0.0004896739929776989,0.0,0.0
7225,3611.4186619375,0.0,0.0,0.0,0.000489737853984137,0.0,0.0
7226,3611.9192315995997,0.0,0.0,0.0,0.0004898017193767214,0.0,0.0
7227,3612.4198013959,0.0,0.0,0.0,0.0004898655891530843,0.0,0.0
7228,3612.9203713264,0.0,0.0,0.0,0.0004899294633108806,0.0,0.0
7229,3613.4209413911003,0.0,0.0,0.0,0.0004899933418477204,0.0,0.0
7230,3613.9215115899997,0.0,-0.020833333333333332,0.020833333333333332,0.0004900572247612808,-42.512042024238646,42.512042024238646
7231,3614.4220819231,0.0,0.0,0.0,0.0004901211120491546,0.0,0.0
7232,3614.9226523904,0.0,0.0,0.0,0.0004901850037090656,0.0,0.0
7233,3615.4232229919003,1.0,1.0,1.0,0.0004902488997385782,2039.7802025323115,2039.7802025323115
7234,3615.9237937276002,0.0,-0.020833333333333332,0.020833333333333332,0.0004903128001353596,-42.48988263733258,42.48988263733258
7235,3616.4243645975,0.0,0.0,0.0,0.0004903767048970931,0.0,0.0
7236,3616.9249356016,1.0,1.0,1.0,0.0004904406140213901,2038.9828480974577,2038.9828480974577
7237,3617.4255067399,0.0,0.0,0.0,0.0004905045275059058,0.0,0.0
7238,3617.9260780124,0.0,0.0,0.0,0.0004905684453482961,0.0,0.0
7239,3618.4266494190997,0.0,0.0,0.0,0.0004906323675462002,0.0,0.0
7240,3618.92722096,0.0,0.0,0.0,0.0004906962940972576,0.0,0.0
7241,3619.4277926351,0.0,0.0,0.0,0.0004907602249991866,0.0,0.0
7242,3619.9283644444,0.0,0.0,0.0,0.0004908241602495761,0.0,0.0
7243,3620.4289363879,0.0,0.0,0.0,0.0004908880998461163,0.0,0.0
7244,3620.9295084655996,0.0,-0.020833333333333332,0.020833333333333332,0.0004909520437864125,-42.4345587252445,42.4345587252445
7245,3621.4300806775,0.0,0.0,0.0,0.0004910159920681902,0.0,0.0
7246,3621.9306530236,0.0,0.0,0.0,0.0004910799446890831,0.0,0.0
7247,3622.4312255039,0.0,0.0,0.0,0.0004911439016467428,0.0,0.0
7248,3622.9317981184,0.0,0.0,0.0,0.0004912078629388431,0.0,0.0
7249,3623.4323708671,0.0,0.0,0.0,0.0004912718285630305,0.0,0.0
7250,3623.93294375,0.0,0.0,0.0,0.0004913357985169727,0.0,0.0
7251,3624.4335167671,0.0,-0.020833333333333332,0.020833333333333332,0.0004913997727983678,-42.39589533119648,42.39589533119648
7252,3624.9340899184003,0.0,0.0,0.0,0.000491463751404833,0.0,0.0
7253,3625.4346632038996,1.0,1.0,1.0,0.000491527734334066,2034.473194793016,2034.473194793016
7254,3625.9352366236,1.0,1.0,1.0,0.0004915917215837244,2034.2083808457444,2034.2083808457444
7255,3626.4358101775,0.0,-0.041666666666666664,0.029462782549439483,0.0004916557131514719,-84.74765074850208,59.92563853389502
7256,3626.9363838656,0.0,0.0,0.0,0.0004917197090349947,0.0,0.0
7257,3627.4369576879,0.0,0.0,0.0,0.0004917837092319509,0.0,0.0
7258,3627.9375316443998,0.0,0.0,0.0,0.0004918477137400272,0.0,0.0
7259,3628.4381057350997,0.0,0.0,0.0,0.0004919117225568989,0.0,0.0
7260,3628.93867996,0.0,0.0,0.0,0.0004919757356802187,0.0,0.0
7261,3629.4392543191,0.0,0.0,0.0,0.0004920397531076791,0.0,0.0
7262,3629.9398288124,1.0,1.0,1.0,0.0004921037748369498,2032.0917073463477,2032.0917073463477
7263,3630.4404034399,0.0,0.0,0.0,0.000492167800865736,0.0,0.0
7264,3630.9409782016,0.0,0.0,0.0,0.0004922318311916956,0.0,0.0
7265,3631.4415530975,0.0,0.0,0.0,0.0004922958658125049,0.0,0.0
7266,3631.9421281275995,0.0,0.0,0.0,0.0004923599047258569,0.0,0.0
7267,3632.4427032918998,0.0,-0.020833333333333332,0.020833333333333332,0.000492423947929411,-42.30771760986691,42.30771760986691
7268,3632.9432785904,0.0,-0.020833333333333332,0.020833333333333332,0.0004924879954208885,-42.30221554035813,42.30221554035813
7269,3633.4438540231,0.0,0.0,0.0,0.0004925520471979663,0.0,0.0
7270,3633.9444295900003,0.0,0.0,0.0,0.000492616103258304,0.0,0.0
7271,3634.4450052910997,0.0,0.0,0.0,0.0004926801635996345,0.0,0.0
7272,3634.9455811263997,1.0,0.9791666666666666,1.0002169903464837,0.0004927442282195893,1987.17024084614,2029.890829894696
7273,3635.4461570959,0.0,-0.020833333333333332,0.020833333333333332,0.0004928082971159024,-42.274721134481204,42.274721134481204
7274,3635.9467331996,0.0,0.0,0.0,0.0004928723702862672,0.0,0.0
7275,3636.4473094375,0.0,0.0,0.0,0.0004929364477283442,0.0,0.0
7276,3636.9478858096,0.0,-0.020833333333333332,0.020833333333333332,0.0004930005294398558,-42.258237241659835,42.258237241659835
7277,3637.4484623159,0.0,0.0,0.0,0.0004930646154184851,0.0,0.0
7278,3637.9490389564,0.0,0.0,0.0,0.0004931287056619203,0.0,0.0
7279,3638.4496157311,0.0,0.0,0.0,0.0004931928001678624,0.0,0.0
7280,3638.95019264,0.0,0.0,0.0,0.0004932568989340343,0.0,0.0
7281,3639.4507696830997,0.0,0.0,0.0,0.0004933210019581129,0.0,0.0
7282,3639.9513468604,0.0,-0.020833333333333332,0.020833333333333332,0.0004933851092377825,-42.22529813580753,42.22529813580753
7283,3640.4519241719,1.0,1.0,1.0,0.0004934492207707775,2026.5509760821592,2026.5509760821592
7284,3640.9525016176003,0.0,0.0,0.0,0.0004935133365547705,0.0,0.0
7285,3641.4530791975,0.0,0.0,0.0,0.0004935774565875135,0.0,0.0
7286,3641.9536569116,0.0,-0.020833333333333332,0.020833333333333332,0.0004936415808666387,-42.20335996971379,42.20335996971379
7287,3642.4542347599,0.0,0.0,0.0,0.0004937057093899216,0.0,0.0
7288,3642.9548127424,0.0,0.0,0.0,0.0004937698421550292,0.0,0.0
7289,3643.4553908590997,0.0,-0.020833333333333332,0.020833333333333332,0.0004938339791596963,-42.18691749154879,42.18691749154879
7290,3643.95596911,0.0,-0.041666666666666664,0.029462782549439483,0.0004938981204015853,-84.36287757642765,59.65356281470253
7291,3644.4565474951,0.0,0.0,0.0,0.0004939622658784486,0.0,0.0
7292,3644.9571260144003,0.0,0.0,0.0,0.0004940264155880046,0.0,0.0
7293,3645.4577046679,0.0,0.0,0.0,0.000494090569527955,0.0,0.0
7294,3645.9582834556,0.0,0.0,0.0,0.0004941547276959789,0.0,0.0
7295,3646.4588623775,0.0,0.0,0.0,0.0004942188900898295,0.0,0.0
7296,3646.9594414336,0.0,0.0,0.0,0.0004942830567072144,0.0,0.0
7297,3647.4600206239,0.0,0.0,0.0,0.0004943472275458528,0.0,0.0
7298,3647.9605999483997,0.0,0.0,0.0,0.0004944114026034639,0.0,0.0
7299,3648.4611794070997,1.0,1.0,1.0,0.0004944755818777726,2022.3445538048547,2022.3445538048547
7300,3648.961759,1.0,0.9791666666666666,1.0002169903464837,0.0004945397653664533,1979.9553751579622,2022.520857560007
7301,3649.4623387271,1.0,1.0,1.0,0.0004946039530672935,2021.8196676320229,2021.8196676320229
7302,3649.9629185884,0.0,0.0,0.0,0.0004946681449779788,0.0,0.0
7303,3650.4634985838998,0.0,0.0,0.0,0.0004947323410962744,0.0,0.0
7304,3650.9640787136,0.0,0.0,0.0,0.0004947965414198436,0.0,0.0
7305,3651.4646589775,0.0,0.0,0.0,0.0004948607459464516,0.0,0.0
7306,3651.9652393756,0.0,-0.041666666666666664,0.029462782549439483,0.0004949249546738186,-84.18784761848829,59.52979794453282
7307,3652.4658199079,0.0,0.0,0.0,0.0004949891675996644,0.0,0.0
7308,3652.9664005744,1.0,1.0,1.0,0.0004950533847217217,2019.9841691055558,2019.9841691055558
7309,3653.4669813750997,0.0,0.0,0.0,0.000495117606037744,0.0,0.0
7310,3653.96756231,0.0,0.0,0.0,0.0004951818315454409,0.0,0.0
7311,3654.4681433791,2.0,2.0,1.4142135623730951,0.0004952460612425159,4038.3965800398855,2855.5776068667656
7312,3654.9687245824,0.0,-0.041666666666666664,0.029462782549439483,0.000495310295126775,-84.12235133534233,59.48348507857779
7313,3655.4693059199,0.0,-0.020833333333333332,0.020833333333333332,0.0004953745331959045,-42.0557213527455,42.0557213527455
7314,3655.9698873916,0.0,-0.020833333333333332,0.020833333333333332,0.0004954387754476541,-42.05026809722222,42.05026809722222
7315,3656.4704689975,0.0,0.0,0.0,0.0004955030218797452,0.0,0.0
7316,3656.9710507376,0.0,0.0,0.0,0.0004955672724899267,0.0,0.0
7317,3657.4716326119,0.0,0.0,0.0,0.0004956315272759315,0.0,0.0
7318,3657.9722146204,0.0,0.0,0.0,0.0004956957862355492,0.0,0.0
7319,3658.4727967631,0.0,0.0,0.0,0.0004957600493664554,0.0,0.0
7320,3658.97337904,0.0,0.0,0.0,0.0004958243166664231,0.0,0.0
7321,3659.4739614511,0.0,0.0,0.0,0.0004958885881331968,0.0,0.0
7322,3659.9745439964,0.0,-0.020833333333333332,0.020833333333333332,0.0004959528637645037,-42.00668018165885,42.00668018165885
7323,3660.4751266759,0.0,0.0,0.0,0.0004960171435581225,0.0,0.0
7324,3660.9757094896,0.0,-0.041666666666666664,0.029462782549439483,0.0004960814275117691,-83.99158758201678,59.39102114186789
7325,3661.4762924374995,0.0,0.0,0.0,0.000496145715623206,0.0,0.0
7326,3661.9768755196,0.0,0.0,0.0,0.0004962100078901892,0.0,0.0
7327,3662.4774587358997,0.0,0.0,0.0,0.0004962743043104749,0.0,0.0
7328,3662.9780420864,0.0,-0.020833333333333332,0.020833333333333332,0.0004963386048817686,-41.97403371090987,41.97403371090987
7329,3663.4786255711,0.0,0.0,0.0,0.0004964029096018608,0.0,0.0
7330,3663.97920919,0.0,0.0,0.0,0.0004964672184685198,0.0,0.0
7331,3664.4797929430997,1.0,1.0,1.0,0.0004965315314794903,2013.9707885627115,2013.9707885627115
7332,3664.9803768304,0.0,0.0,0.0,0.0004965958486325017,0.0,0.0
7333,3665.4809608519,0.0,0.0,0.0,0.0004966601699253387,0.0,0.0
7334,3665.9815450076,0.0,0.0,0.0,0.0004967244953557471,0.0,0.0
7335,3666.4821292975,0.0,0.0,0.0,0.0004967888249214786,0.0,0.0
7336,3666.9827137216,0.0,0.0,0.0,0.0004968531586203302,0.0,0.0
7337,3667.4832982799,1.0,0.9791666666666666,1.0002169903464837,0.0004969174964500251,1970.4813649384978,2012.843173146501
7338,3667.9838829724004,0.0,0.0,0.0,0.0004969818384083546,0.0,0.0
7339,3668.4844677991,0.0,0.0,0.0,0.0004970461844930595,0.0,0.0
7340,3668.9850527599997,0.0,0.0,0.0,0.0004971105347019033,0.0,0.0
7341,3669.4856378551,0.0,0.0,0.0,0.0004971748890326722,0.0,0.0
7342,3669.9862230844,0.0,0.0,0.0,0.0004972392474831234,0.0,0.0
7343,3670.4868084479,1.0,1.0,1.0,0.0004973036100510041,2010.8440393132048,2010.8440393132048
7344,3670.9873939455997,0.0,0.0,0.0,0.0004973679767341461,0.0,0.0
7345,3671.4879795775,0.0,-0.020833333333333332,0.020833333333333332,0.0004974323475302454,-41.88174218418034,41.88174218418034
7346,3671.9885653436,0.0,0.0,0.0,0.0004974967224371223,0.0,0.0
7347,3672.4891512439003,0.0,0.0,0.0,0.000497561101452535,0.0,0.0
7348,3672.9897372784,0.0,0.0,0.0,0.000497625484574237,0.0,0.0
7349,3673.4903234471,0.0,0.0,0.0,0.0004976898718000262,0.0,0.0
7350,3673.99090975,0.0,0.0,0.0,0.000497754263127684,0.0,0.0
7351,3674.4914961871,0.0,0.0,0.0,0.0004978186585549805,0.0,0.0
7352,3674.9920827583996,0.0,0.0,0.0,0.0004978830580796805,0.0,0.0
7353,3675.4926694639,0.0,0.0,0.0,0.0004979474616995769,0.0,0.0
7354,3675.9932563036,0.0,0.0,0.0,0.0004980118694124572,0.0,0.0
7355,3676.4938432775,0.0,0.0,0.0,0.0004980762812160693,0.0,0.0
7356,3676.9944303856,0.0,0.0,0.0,0.0004981406971082349,0.0,0.0
7357,3677.4950176279,1.0,1.0,1.0,0.0004982051170867359,2007.205397342202,2007.205397342202
7358,3677.9956050043997,0.0,0.0,0.0,0.0004982695411493094,0.0,0.0
7359,3678.4961925151,0.0,0.0,0.0,0.0004983339692937939,0.0,0.0
7360,3678.99678016,0.0,0.0,0.0,0.0004983984015179611,0.0,0.0
7361,3679.4973679391,0.0,-0.020833333333333332,0.020833333333333332,0.0004984628378195934,-41.79515854073249,41.79515854073249
7362,3679.9979558523996,0.0,0.0,0.0,0.0004985272781964504,0.0,0.0
7363,3680.4985438999,0.0,0.0,0.0,0.000498591722646372,0.0,0.0
7364,3680.9991320816002,0.0,-0.020833333333333332,0.020833333333333332,0.0004986561711671177,-41.77895419317157,41.77895419317157
7365,3681.4997203975,0.0,0.0,0.0,0.0004987206237565219,0.0,0.0
7366,3682.0003088475996,0.0,0.0,0.0,0.0004987850804123223,0.0,0.0
7367,3682.5008974319,0.0,0.0,0.0,0.0004988495411323581,0.0,0.0
7368,3683.0014861504,0.0,0.0,0.0,0.0004989140059143678,0.0,0.0
7369,3683.5020750031,0.0,0.0,0.0,0.0004989784747562025,0.0,0.0
7370,3684.00266399,0.0,0.0,0.0,0.000499042947655663,0.0,0.0
7371,3684.5032531110996,1.0,1.0,1.0,0.0004991074246105036,2003.5766864826464,2003.5766864826464
7372,3685.0038423664,0.0,-0.020833333333333332,0.020833333333333332,0.0004991719056185483,-41.735789011438314,41.735789011438314
7373,3685.5044317559,0.0,0.0,0.0,0.0004992363906776092,0.0,0.0
7374,3686.0050212796,0.0,0.0,0.0,0.0004993008797854696,0.0,0.0
7375,3686.5056109374996,0.0,0.0,0.0,0.0004993653729399194,0.0,0.0
7376,3687.0062007295996,0.0,0.0,0.0,0.0004994298701388048,0.0,0.0
7377,3687.5067906558997,0.0,0.0,0.0,0.0004994943713799102,0.0,0.0
7378,3688.0073807164,0.0,-0.020833333333333332,0.020833333333333332,0.000499558876661014,-41.703459405186834,41.703459405186834
7379,3688.5079709111,0.0,-0.020833333333333332,0.020833333333333332,0.0004996233859799686,-41.69807482584213,41.69807482584213
7380,3689.00856124,0.0,-0.020833333333333332,0.020833333333333332,0.0004996878993345812,-41.69269130006237,41.69269130006237
7381,3689.5091517031,0.0,-0.020833333333333332,0.020833333333333332,0.0004997524167226075,-41.687308827757164,41.687308827757164
7382,3690.0097423004,0.0,0.0,0.0,0.0004998169381419064,0.0,0.0
7383,3690.5103330319002,0.0,0.0,0.0,0.000499881463590262,0.0,0.0
7384,3691.0109238975997,1.0,1.0,1.0,0.0004999459930655277,2000.2160510744015,2000.2160510744015
7385,3691.5115148974996,0.0,0.0,0.0,0.0005000105265654711,0.0,0.0
7386,3692.0121060316,0.0,0.0,0.0,0.0005000750640879283,0.0,0.0
7387,3692.5126972999,0.0,0.0,0.0,0.0005001396056307126,0.0,0.0
7388,3693.0132887024,0.0,0.0,0.0,0.000500204151191655,0.0,0.0
7389,3693.5138802390998,0.0,0.0,0.0,0.0005002687007685458,0.0,0.0
7390,3694.01447191,0.0,-0.020833333333333332,0.020833333333333332,0.0005003332543592051,-41.6389139674822,41.6389139674822
7391,3694.5150637151,0.0,0.0,0.0,0.0005003978119614748,0.0,0.0
7392,3695.0156556544002,0.0,-0.020833333333333332,0.020833333333333332,0.0005004623735731687,-41.628171134203065,41.628171134203065
7393,3695.5162477278996,0.0,0.0,0.0,0.0005005269391921067,0.0,0.0
7394,3696.0168399356,0.0,0.0,0.0,0.0005005915088161089,0.0,0.0
7395,3696.5174322775,0.0,0.0,0.0,0.0005006560824430173,0.0,0.0
7396,3697.0180247536,1.0,1.0,1.0,0.0005007206600706238,1997.1215085452152,1997.1215085452152
7397,3697.5186173639004,0.0,0.0,0.0,0.0005007852416967879,0.0,0.0
7398,3698.0192101084,0.0,0.0,0.0,0.0005008498273192967,0.0,0.0
7399,3698.5198029871,0.0,0.0,0.0,0.0005009144169360263,0.0,0.0
7400,3699.020396,1.0,1.0,1.0,0.0005009790105447805,1996.0916105298868,1996.0916105298868
7401,3699.5209891471,0.0,0.0,0.0,0.0005010436081433853,0.0,0.0
7402,3700.0215824283996,0.0,0.0,0.0,0.000501108209729701,0.0,0.0
7403,3700.5221758438997,0.0,0.0,0.0,0.0005011728153015258,0.0,0.0
7404,3701.0227693936,0.0,0.0,0.0,0.0005012374248566912,0.0,0.0
7405,3701.5233630775,0.0,0.0,0.0,0.0005013020383930644,0.0,0.0
7406,3702.0239568956003,0.0,0.0,0.0,0.000501366655908477,0.0,0.0
7407,3702.5245508478997,0.0,0.0,0.0,0.000501431277400728,0.0,0.0
7408,3703.0251449344,0.0,0.0,0.0,0.000501495902867706,0.0,0.0
7409,3703.5257391551,0.0,0.0,0.0,0.0005015605323072103,0.0,0.0
7410,3704.0263335100003,0.0,0.0,0.0,0.0005016251657170953,0.0,0.0
7411,3704.5269279991,0.0,0.0,0.0,0.0005016898030952057,0.0,0.0
7412,3705.0275226224,0.0,0.0,0.0,0.0005017544444393921,0.0,0.0
7413,3705.5281173799,1.0,0.9791666666666666,1.0002169903464837,0.0005018190897475033,1951.2343923770354,1993.182425263566
7414,3706.0287122716,0.0,0.0,0.0,0.0005018837390173333,0.0,0.0
7415,3706.5293072975,0.0,0.0,0.0,0.0005019483922467665,0.0,0.0
7416,3707.0299024575997,0.0,0.0,0.0,0.0005020130494336586,0.0,0.0
7417,3707.5304977519,0.0,0.0,0.0,0.0005020777105758315,0.0,0.0
7418,3708.0310931804,0.0,0.0,0.0,0.000502142375671136,0.0,0.0
7419,3708.5316887431,0.0,0.0,0.0,0.0005022070447174338,0.0,0.0
7420,3709.03228444,0.0,0.0,0.0,0.0005022717177125874,0.0,0.0
7421,3709.5328802710997,0.0,0.0,0.0,0.0005023363946544299,0.0,0.0
7422,3710.0334762364,0.0,0.0,0.0,0.0005024010755407953,0.0,0.0
7423,3710.5340723359,0.0,-0.041666666666666664,0.029462782549439483,0.0005024657603695691,-82.92438998434515,58.63639848368829
7424,3711.0346685696,0.0,0.0,0.0,0.000502530449138602,0.0,0.0
7425,3711.5352649375,0.0,0.0,0.0,0.0005025951418457452,0.0,0.0
7426,3712.0358614396,0.0,-0.020833333333333332,0.020833333333333332,0.0005026598384888668,-41.44618634336103,41.44618634336103
7427,3712.5364580759,0.0,0.0,0.0,0.0005027245390657791,0.0,0.0
7428,3713.0370548464,0.0,0.0,0.0,0.0005027892435744007,0.0,0.0
7429,3713.5376517511,0.0,0.0,0.0,0.0005028539520125611,0.0,0.0
7430,3714.0382487899997,0.0,0.0,0.0,0.0005029186643781172,0.0,0.0
7431,3714.5388459631,0.0,0.0,0.0,0.0005029833806689494,0.0,0.0
7432,3715.0394432704,0.0,0.0,0.0,0.0005030481008829039,0.0,0.0
7433,3715.5400407119,0.0,0.0,0.0,0.0005031128250178434,0.0,0.0
7434,3716.0406382876,0.0,0.0,0.0,0.0005031775530716493,0.0,0.0
7435,3716.5412359975,0.0,0.0,0.0,0.0005032422850421729,0.0,0.0
7436,3717.0418338416,0.0,0.0,0.0,0.0005033070209273004,0.0,0.0
7437,3717.5424318199002,0.0,0.0,0.0,0.0005033717607248619,0.0,0.0
7438,3718.0430299324003,0.0,0.0,0.0,0.0005034365044327776,0.0,0.0
7439,3718.5436281791,0.0,0.0,0.0,0.0005035012520488659,0.0,0.0
7440,3719.04422656,0.0,0.0,0.0,0.0005035660035710531,0.0,0.0
7441,3719.5448250751,0.0,0.0,0.0,0.0005036307589971636,0.0,0.0
7442,3720.0454237244003,0.0,0.0,0.0,0.000503695518325124,0.0,0.0
7443,3720.5460225078996,0.0,0.0,0.0,0.0005037602815527419,0.0,0.0
7444,3721.0466214256,0.0,0.0,0.0,0.0005038250486779208,0.0,0.0
7445,3721.5472204775,0.0,0.0,0.0,0.0005038898196985652,0.0,0.0
7446,3722.0478196636,0.0,0.0,0.0,0.0005039545946125112,0.0,0.0
7447,3722.5484189839003,0.0,-0.020833333333333332,0.020833333333333332,0.0005040193734176685,-41.334389970103906,41.334389970103906
7448,3723.0490184384,0.0,0.0,0.0,0.0005040841561118963,0.0,0.0
7449,3723.5496180270998,0.0,0.0,0.0,0.0005041489426930936,0.0,0.0
7450,3724.0502177500002,0.0,0.0,0.0,0.000504213733159119,0.0,0.0
7451,3724.5508176071003,0.0,0.0,0.0,0.0005042785275078663,0.0,0.0
7452,3725.0514175984,0.0,-0.020833333333333332,0.020833333333333332,0.0005043433257372463,-41.30783985865042,41.30783985865042
7453,3725.5520177239,0.0,0.0,0.0,0.0005044081278451062,0.0,0.0
7454,3726.0526179836,0.0,0.0,0.0,0.000504472933829323,0.0,0.0
7455,3726.5532183775,0.0,0.0,0.0,0.0005045377436878189,0.0,0.0
7456,3727.0538189056,0.0,0.0,0.0,0.0005046025574184647,0.0,0.0
7457,3727.5544195679,0.0,0.0,0.0,0.0005046673750191658,0.0,0.0
7458,3728.0550203643998,0.0,0.0,0.0,0.000504732196487788,0.0,0.0
7459,3728.5556212951,0.0,0.0,0.0,0.0005047970218222358,0.0,0.0
7460,3729.05622236,0.0,0.0,0.0,0.000504861851020382,0.0,0.0
7461,3729.5568235591,0.0,0.0,0.0,0.0005049266840801598,0.0,0.0
7462,3730.0574248924,1.0,1.0,1.0,0.0005049915209994122,1980.2312680833386,1980.2312680833386
7463,3730.5580263599,0.0,0.0,0.0,0.0005050563617760797,0.0,0.0
7464,3731.0586279616,0.0,0.0,0.0,0.0005051212064080279,0.0,0.0
7465,3731.5592296975,0.0,0.0,0.0,0.0005051860548931687,0.0,0.0
7466,3732.0598315675998,1.0,1.0,1.0,0.0005052509072293853,1979.214654919951,1979.214654919951
7467,3732.5604335719,0.0,-0.020833333333333332,0.020833333333333332,0.0005053157634146011,-41.2283463958357,41.2283463958357
7468,3733.0610357104,0.0,0.0,0.0,0.0005053806234467051,0.0,0.0
7469,3733.5616379831,0.0,0.0,0.0,0.0005054454873235923,0.0,0.0
7470,3734.0622403899997,0.0,0.0,0.0,0.0005055103550431576,0.0,0.0
7471,3734.5628429311,0.0,0.0,0.0,0.0005055752266033475,0.0,0.0
7472,3735.0634456064,0.0,-0.020833333333333332,0.020833333333333332,0.0005056401020020066,-41.20190082006324,41.20190082006324
7473,3735.5640484159,0.0,0.0,0.0,0.000505704981237063,0.0,0.0
7474,3736.0646513596002,1.0,0.9791666666666666,1.0002169903464837,0.0005057698643064248,1935.9925052265085,1977.6128649303907
7475,3736.5652544375,0.0,0.0,0.0,0.0005058347512080435,0.0,0.0
7476,3737.0658576496,1.0,1.0,1.0,0.0005058996419397414,1976.6766312894758,1976.6766312894758
7477,3737.5664609959,0.0,0.0,0.0,0.0005059645364994877,0.0,0.0
7478,3738.0670644764,0.0,0.0,0.0,0.0005060294348851607,0.0,0.0
7479,3738.5676680910997,0.0,0.0,0.0,0.0005060943370947139,0.0,0.0
7480,3739.06827184,0.0,0.0,0.0,0.00050615924312602,0.0,0.0
7481,3739.5688757231,0.0,-0.020833333333333332,0.020833333333333332,0.0005062241529769983,-41.15436454546244,41.15436454546244
7482,3740.0694797404,0.0,0.0,0.0,0.0005062890666455783,0.0,0.0
7483,3740.5700838919,0.0,0.0,0.0,0.0005063539841296681,0.0,0.0
7484,3741.0706881776,0.0,0.0,0.0,0.000506418905427147,0.0,0.0
7485,3741.5712925975,0.0,0.0,0.0,0.0005064838305360246,0.0,0.0
7486,3742.0718971516,1.0,1.0,1.0,0.0005065487594541406,1974.1436166532217,1974.1436166532217
7487,3742.5725018399003,0.0,0.0,0.0,0.0005066136921794205,0.0,0.0
7488,3743.0731066624,0.0,0.0,0.0,0.0005066786287098233,0.0,0.0
7489,3743.5737116191,0.0,0.0,0.0,0.000506743569043228,0.0,0.0
7490,3744.07431671,0.0,0.0,0.0,0.0005068085131775834,0.0,0.0
7491,3744.5749219351,1.0,1.0,1.0,0.0005068734611108204,1972.8789860263855,1972.8789860263855
7492,3745.0755272944,0.0,0.0,0.0,0.0005069384128408411,0.0,0.0
7493,3745.5761327879,0.0,0.0,0.0,0.0005070033683655833,0.0,0.0
7494,3746.0767384155997,0.0,0.0,0.0,0.0005070683276829493,0.0,0.0
7495,3746.5773441775,1.0,1.0,1.0,0.0005071332907908931,1971.8681817170059,1971.8681817170059
7496,3747.0779500736003,0.0,0.0,0.0,0.0005071982576873461,0.0,0.0
7497,3747.5785561038997,0.0,0.0,0.0,0.0005072632283702231,0.0,0.0
7498,3748.0791622683996,0.0,0.0,0.0,0.0005073282028374448,0.0,0.0
7499,3748.5797685671,0.0,0.0,0.0,0.000507393181086976,0.0,0.0
7500,3749.080375,0.0,0.0,0.0,0.0005074581631167208,0.0,0.0
7501,3749.5809815671,0.0,0.0,0.0,0.0005075231489246224,0.0,0.0
7502,3750.0815882683996,0.0,0.0,0.0,0.0005075881385086069,0.0,0.0
7503,3750.5821951038997,0.0,0.0,0.0,0.0005076531318666118,0.0,0.0
7504,3751.0828020736,0.0,-0.020833333333333332,0.020833333333333332,0.000507718128996587,-41.033266577474095,41.033266577474095
7505,3751.5834091775,0.0,-0.020833333333333332,0.020833333333333332,0.0005077831298964639,-41.02801394284449,41.02801394284449
7506,3752.0840164155998,0.0,-0.020833333333333332,0.020833333333333332,0.0005078481345641814,-41.022762348456425,41.022762348456425
7507,3752.5846237879,0.0,0.0,0.0,0.0005079131429976545,0.0,0.0
7508,3753.0852312944,0.0,0.0,0.0,0.0005079781551948553,0.0,0.0
7509,3753.5858389351,0.0,-0.020833333333333332,0.020833333333333332,0.000508043171153705,-41.00701380558533,41.00701380558533
7510,3754.08644671,0.0,0.0,0.0,0.000508108190872182,0.0,0.0
7511,3754.5870546191,0.0,0.0,0.0,0.0005081732143481907,0.0,0.0
7512,3755.0876626624,0.0,0.0,0.0,0.0005082382415796581,0.0,0.0
7513,3755.5882708399,0.0,0.0,0.0,0.0005083032725645906,0.0,0.0
7514,3756.0888791516,0.0,0.0,0.0,0.0005083683073008938,0.0,0.0
7515,3756.5894875974996,0.0,0.0,0.0,0.000508433345786517,0.0,0.0
7516,3757.0900961775997,0.0,0.0,0.0,0.0005084983880194165,0.0,0.0
7517,3757.5907048919,0.0,0.0,0.0,0.0005085634339975595,0.0,0.0
7518,3758.0913137404,0.0,0.0,0.0,0.000508628483718857,0.0,0.0
7519,3758.5919227231,1.0,1.0,1.0,0.0005086935371812816,1965.820139058761,1965.820139058761
7520,3759.09253184,0.0,-0.020833333333333332,0.020833333333333332,0.0005087585943827845,-40.94934918712853,40.94934918712853
7521,3759.5931410911,0.0,0.0,0.0,0.000508823655321305,0.0,0.0
7522,3760.0937504764,0.0,0.0,0.0,0.0005088887199948328,0.0,0.0
7523,3760.5943599959,0.0,0.0,0.0,0.0005089537884012972,0.0,0.0
7524,3761.0949696496,0.0,0.0,0.0,0.0005090188605386367,0.0,0.0
7525,3761.5955794375,0.0,0.0,0.0,0.0005090839364048602,0.0,0.0
7526,3762.0961893596,0.0,0.0,0.0,0.0005091490159978779,0.0,0.0
7527,3762.5967994159,0.0,0.0,0.0,0.0005092140993156704,0.0,0.0
7528,3763.0974096064,1.0,1.0,1.0,0.0005092791863561771,1963.5595303920884,1963.5595303920884
7529,3763.5980199310998,0.0,0.0,0.0,0.0005093442771174001,0.0,0.0
7530,3764.09863039,0.0,0.0,0.0,0.0005094093715972579,0.0,0.0
7531,3764.5992409831,0.0,0.0,0.0,0.0005094744697937521,0.0,0.0
7532,3765.0998517104,0.0,0.0,0.0,0.0005095395717047892,0.0,0.0
7533,3765.6004625719,0.0,0.0,0.0,0.0005096046773284122,0.0,0.0
7534,3766.1010735676,0.0,0.0,0.0,0.0005096697866625381,0.0,0.0
7535,3766.6016846975,0.0,0.0,0.0,0.0005097348997051248,0.0,0.0
7536,3767.1022959616,0.0,0.0,0.0,0.0005098000164541814,0.0,0.0
7537,3767.6029073599,0.0,0.0,0.0,0.0005098651369076253,0.0,0.0
7538,3768.1035188923997,0.0,0.0,0.0,0.000509930261063477,0.0,0.0
7539,3768.6041305590998,0.0,0.0,0.0,0.0005099953889196718,0.0,0.0
7540,3769.10474236,1.0,1.0,1.0,0.0005100605204742015,1960.5516597722628,1960.5516597722628
7541,3769.6053542951,0.0,-0.020833333333333332,0.020833333333333332,0.0005101256557250246,-40.839610985108386,40.839610985108386
7542,3770.1059663644,0.0,0.0,0.0,0.0005101907946701215,0.0,0.0
7543,3770.6065785678998,0.0,-0.020833333333333332,0.020833333333333332,0.0005102559373074734,-40.82918357259495,40.82918357259495
7544,3771.1071909056,0.0,0.0,0.0,0.0005103210836350612,0.0,0.0
7545,3771.6078033775,0.0,0.0,0.0,0.0005103862336508323,0.0,0.0
7546,3772.1084159836,0.0,-0.020833333333333332,0.020833333333333332,0.0005104513873527899,-40.81355022145277,40.81355022145277
7547,3772.6090287239,0.0,-0.020833333333333332,0.020833333333333332,0.000510516544738905,-40.80834117528588,40.80834117528588
7548,3773.1096415984,0.0,0.0,0.0,0.0005105817058071524,0.0,0.0
7549,3773.6102546071,0.0,0.0,0.0,0.0005106468705555249,0.0,0.0
7550,3774.11086775,0.0,0.0,0.0,0.0005107120389819989,0.0,0.0
7551,3774.6114810271,0.0,0.0,0.0,0.0005107772110845502,0.0,0.0
7552,3775.1120944383997,1.0,1.0,1.0,0.0005108423868611835,1957.5509505865268,1957.5509505865268
7553,3775.6127079839,0.0,0.0,0.0,0.0005109075663098457,0.0,0.0
7554,3776.1133216636,0.0,0.0,0.0,0.0005109727494285533,0.0,0.0
7555,3776.6139354775,0.0,0.0,0.0,0.0005110379362152825,0.0,0.0
7556,3777.1145494255998,1.0,1.0,1.0,0.0005111031266679983,1956.5523038750234,1956.5523038750234
7557,3777.6151635079,0.0,-0.041666666666666664,0.029462782549439483,0.0005111683207847342,-81.51261526281779,57.63812300458854
7558,3778.1157777244,0.0,0.0,0.0,0.0005112335185634606,0.0,0.0
7559,3778.6163920751,0.0,0.0,0.0,0.0005112987200021489,0.0,0.0
7560,3779.11700656,0.0,0.0,0.0,0.0005113639250988207,0.0,0.0
7561,3779.6176211791,0.0,-0.020833333333333332,0.020833333333333332,0.0005114291338514361,-40.73552317296253,40.73552317296253
7562,3780.1182359324,0.0,0.0,0.0,0.000511494346258023,0.0,0.0
7563,3780.6188508199,0.0,0.0,0.0,0.0005115595623165759,0.0,0.0
7564,3781.1194658416002,0.0,0.0,0.0,0.0005116247820250312,0.0,0.0
7565,3781.6200809975,0.0,0.0,0.0,0.000511690005381429,0.0,0.0
7566,3782.1206962876,0.0,-0.020833333333333332,0.020833333333333332,0.0005117552323837972,-40.7095658529762,40.7095658529762
7567,3782.6213117119,0.0,-0.020833333333333332,0.020833333333333332,0.0005118204630300682,-40.70437748814553,40.70437748814553
7568,3783.1219272704,0.0,0.0,0.0,0.0005118856973182933,0.0,0.0
7569,3783.6225429631,0.0,0.0,0.0,0.0005119509352464435,0.0,0.0
7570,3784.1231587899997,0.0,0.0,0.0,0.0005120161768125312,0.0,0.0
7571,3784.6237747511,0.0,0.0,0.0,0.0005120814220145446,0.0,0.0
7572,3785.1243908464,0.0,0.0,0.0,0.0005121466708504905,0.0,0.0
7573,3785.6250070759,0.0,0.0,0.0,0.0005122119233183861,0.0,0.0
7574,3786.1256234395996,0.0,0.0,0.0,0.0005122771794162489,0.0,0.0
7575,3786.6262399375,0.0,0.0,0.0,0.0005123424391420572,0.0,0.0
7576,3787.1268565696,0.0,0.0,0.0,0.0005124077024938058,0.0,0.0
7577,3787.6274733359,0.0,0.0,0.0,0.000512472969469541,0.0,0.0
7578,3788.1280902364,0.0,0.0,0.0,0.000512538240067247,0.0,0.0
7579,3788.6287072710998,0.0,0.0,0.0,0.0005126035142849297,0.0,0.0
7580,3789.12932444,0.0,0.0,0.0,0.0005126687921206195,0.0,0.0
7581,3789.6299417431,0.0,0.0,0.0,0.0005127340735722941,0.0,0.0
7582,3790.1305591804003,0.0,0.0,0.0,0.0005127993586380121,0.0,0.0
7583,3790.6311767518996,0.0,0.0,0.0,0.0005128646473157518,0.0,0.0
7584,3791.1317944576,0.0,0.0,0.0,0.0005129299396035371,0.0,0.0
7585,3791.6324122974997,0.0,0.0,0.0,0.0005129952354993925,0.0,0.0
7586,3792.1330302716,0.0,0.0,0.0,0.0005130605350013195,0.0,0.0
7587,3792.6336483799,0.0,0.0,0.0,0.0005131258381073369,0.0,0.0
7588,3793.1342666224,0.0,0.0,0.0,0.0005131911448154971,0.0,0.0
7589,3793.6348849991,0.0,0.0,0.0,0.0005132564551237687,0.0,0.0
7590,3794.13550351,0.0,0.0,0.0,0.0005133217690301867,0.0,0.0
7591,3794.6361221551,0.0,0.0,0.0,0.0005133870865327878,0.0,0.0
7592,3795.1367409343998,0.0,0.0,0.0,0.0005134524076295736,0.0,0.0
7593,3795.6373598479,0.0,0.0,0.0,0.0005135177323186037,0.0,0.0
7594,3796.1379788956,0.0,0.0,0.0,0.0005135830605978625,0.0,0.0
7595,3796.6385980775,0.0,0.0,0.0,0.000513648392465364,0.0,0.0
7596,3797.1392173936,0.0,0.0,0.0,0.0005137137279191899,0.0,0.0
7597,3797.6398368439,0.0,0.0,0.0,0.0005137790669573035,0.0,0.0
7598,3798.1404564284,1.0,1.0,1.0,0.000513844409577786,1946.1143905830886,1946.1143905830886
7599,3798.6410761471,0.0,0.0,0.0,0.0005139097557786294,0.0,0.0
7600,3799.141696,0.0,0.0,0.0,0.0005139751055578927,0.0,0.0
7601,3799.6423159871,0.0,0.0,0.0,0.0005140404589135735,0.0,0.0
7602,3800.1429361083997,0.0,0.0,0.0,0.0005141058158437366,0.0,0.0
7603,3800.6435563638997,0.0,0.0,0.0,0.0005141711763464017,0.0,0.0
7604,3801.1441767536,0.0,0.0,0.0,0.0005142365404195954,0.0,0.0
7605,3801.6447972775,0.0,0.0,0.0,0.0005143019080613433,0.0,0.0
7606,3802.1454179355997,0.0,0.0,0.0,0.000514367279269688,0.0,0.0
7607,3802.6460387279,0.0,0.0,0.0,0.0005144326540426727,0.0,0.0
7608,3803.1466596544,0.0,0.0,0.0,0.0005144980323783515,0.0,0.0
7609,3803.6472807151,0.0,0.0,0.0,0.0005145634142747229,0.0,0.0
7610,3804.14790191,0.0,0.0,0.0,0.0005146287997298524,0.0,0.0
7611,3804.6485232390996,0.0,-0.020833333333333332,0.020833333333333332,0.0005146941887417775,-40.477110076300924,40.477110076300924
7612,3805.1491447024,0.0,0.0,0.0,0.000514759581308508,0.0,0.0
7613,3805.6497662999,0.0,0.0,0.0,0.0005148249774281379,0.0,0.0
7614,3806.1503880316,0.0,0.0,0.0,0.000514890377098666,0.0,0.0
7615,3806.6510098975,0.0,0.0,0.0,0.0005149557803181696,0.0,0.0
7616,3807.1516318976,0.0,0.0,0.0,0.0005150211870846583,0.0,0.0
7617,3807.6522540319,1.0,1.0,1.0,0.0005150865973961935,1941.421122302706,1941.421122302706
7618,3808.1528763004,0.0,-0.020833333333333332,0.020833333333333332,0.0005151520112508526,-40.44113752511114,40.44113752511114
7619,3808.6534987031,0.0,0.0,0.0,0.0005152174286466345,0.0,0.0
7620,3809.1541212399998,0.0,0.0,0.0,0.0005152828495816055,0.0,0.0
7621,3809.6547439111,0.0,0.0,0.0,0.0005153482740538328,0.0,0.0
7622,3810.1553667164,0.0,0.0,0.0,0.0005154137020613321,0.0,0.0
7623,3810.6559896559,0.0,0.0,0.0,0.0005154791336021706,0.0,0.0
7624,3811.1566127295996,1.0,0.9791666666666666,1.0002169903464837,0.0005155445686744038,1899.2861648884268,1940.1174042397456
7625,3811.6572359375,0.0,0.0,0.0,0.0005156100072760934,0.0,0.0
7626,3812.1578592796,0.0,0.0,0.0,0.000515675449405278,0.0,0.0
7627,3812.6584827559,0.0,0.0,0.0,0.0005157408950600135,0.0,0.0
7628,3813.1591063664,0.0,0.0,0.0,0.000515806344238379,0.0,0.0
7629,3813.6597301110996,0.0,0.0,0.0,0.0005158717969383849,0.0,0.0
7630,3814.1603539899997,0.0,0.0,0.0,0.0005159372531581157,0.0,0.0
7631,3814.6609780031,0.0,0.0,0.0,0.0005160027128956451,0.0,0.0
7632,3815.1616021504,1.0,1.0,1.0,0.0005160681761490067,1937.7284750673437,1937.7284750673437
7633,3815.6622264319,0.0,0.0,0.0,0.0005161336429162679,0.0,0.0
7634,3816.1628508475997,0.0,0.0,0.0,0.0005161991131954911,0.0,0.0
7635,3816.6634753975,0.0,0.0,0.0,0.000516264586984739,0.0,0.0
7636,3817.1641000816,0.0,0.0,0.0,0.0005163300642820902,0.0,0.0
7637,3817.6647248999,0.0,0.0,0.0,0.0005163955450855733,0.0,0.0
7638,3818.1653498523997,1.0,1.0,1.0,0.0005164610293932795,1936.2545150304277,1936.2545150304277
7639,3818.6659749391,0.0,0.0,0.0,0.0005165265172032824,0.0,0.0
7640,3819.16660016,0.0,0.0,0.0,0.0005165920085136164,0.0,0.0
7641,3819.6672255151,0.0,-0.020833333333333332,0.020833333333333332,0.0005166575033224012,-40.323295799176755,40.323295799176755
7642,3820.1678510044,0.0,0.0,0.0,0.0005167230016276538,0.0,0.0
7643,3820.6684766279,0.0,0.0,0.0,0.0005167885034274489,0.0,0.0
7644,3821.1691023856,0.0,-0.020833333333333332,0.020833333333333332,0.0005168540087198831,-40.30796507689326,40.30796507689326
7645,3821.6697282775,0.0,0.0,0.0,0.0005169195175030142,0.0,0.0
7646,3822.1703543036,0.0,0.0,0.0,0.0005169850297749216,0.0,0.0
7647,3822.6709804639,0.0,-0.020833333333333332,0.020833333333333332,0.0005170505455336522,-40.29264355930825,40.29264355930825
7648,3823.1716067584,0.0,0.0,0.0,0.0005171160647773203,0.0,0.0
7649,3823.6722331871,0.0,0.0,0.0,0.0005171815875039719,0.0,0.0
7650,3824.17285975,0.0,-0.020833333333333332,0.020833333333333332,0.0005172471137116992,-40.27733124277097,40.27733124277097
7651,3824.6734864470995,0.0,-0.041666666666666664,0.029462782549439483,0.0005173126433985596,-80.54445836260935,56.95353269519861
7652,3825.1741132784,0.0,0.0,0.0,0.000517378176562651,0.0,0.0
7653,3825.6747402439,0.0,0.0,0.0,0.0005174437132020372,0.0,0.0
7654,3826.1753673436,0.0,0.0,0.0,0.0005175092533148271,0.0,0.0
7655,3826.6759945775,0.0,0.0,0.0,0.0005175747968990677,0.0,0.0
7656,3827.1766219456,0.0,0.0,0.0,0.000517640343952851,0.0,0.0
7657,3827.6772494479,0.0,0.0,0.0,0.0005177058944742525,0.0,0.0
7658,3828.1778770844,0.0,0.0,0.0,0.0005177714484613478,0.0,0.0
7659,3828.6785048551,0.0,0.0,0.0,0.0005178370059122631,0.0,0.0
7660,3829.17913276,0.0,-0.020833333333333332,0.020833333333333332,0.0005179025668250627,-40.22635659261064,40.22635659261064
7661,3829.6797607990998,0.0,0.0,0.0,0.0005179681311978057,0.0,0.0
7662,3830.1803889724,0.0,0.0,0.0,0.000518033699028618,0.0,0.0
7663,3830.6810172799,0.0,0.0,0.0,0.0005180992703155704,0.0,0.0
7664,3831.1816457216,0.0,0.0,0.0,0.0005181648450567386,0.0,0.0
7665,3831.6822742974996,0.0,0.0,0.0,0.0005182304232502269,0.0,0.0
7666,3832.1829030076,0.0,0.0,0.0,0.0005182960048941395,0.0,0.0
7667,3832.6835318519,0.0,0.0,0.0,0.0005183615899865248,0.0,0.0
7668,3833.1841608304003,0.0,-0.020833333333333332,0.020833333333333332,0.0005184271785255318,-40.185650359971085,40.185650359971085
7669,3833.6847899430995,0.0,0.0,0.0,0.0005184927705092033,0.0,0.0
7670,3834.1854191899997,0.0,0.0,0.0,0.0005185583659356607,0.0,0.0
7671,3834.6860485711,0.0,0.0,0.0,0.000518623964803015,0.0,0.0
7672,3835.1866780864,0.0,0.0,0.0,0.0005186895671093137,0.0,0.0
7673,3835.6873077359,0.0,-0.020833333333333332,0.020833333333333332,0.0005187551728526847,-40.16024210181621,40.16024210181621
7674,3836.1879375196,0.0,0.0,0.0,0.0005188207820312275,0.0,0.0
7675,3836.6885674375,0.0,0.0,0.0,0.0005188863946430354,0.0,0.0
7676,3837.1891974896,0.0,-0.020833333333333332,0.020833333333333332,0.0005189520106862085,-40.14500937338211,40.14500937338211
7677,3837.6898276759002,0.0,0.0,0.0,0.0005190176301588398,0.0,0.0
7678,3838.1904579964003,0.0,-0.020833333333333332,0.020833333333333332,0.0005190832530590524,-40.13485931314234,40.13485931314234
7679,3838.6910884511,0.0,0.0,0.0,0.0005191488793849232,0.0,0.0
7680,3839.19171904,0.0,0.0,0.0,0.0005192145091345799,0.0,0.0
7681,3839.6923497631,0.0,0.0,0.0,0.0005192801423061059,0.0,0.0
7682,3840.1929806204002,0.0,0.0,0.0,0.0005193457788976007,0.0,0.0
7683,3840.6936116119,0.0,-0.020833333333333332,0.020833333333333332,0.000519411418907199,-40.10950197661237,40.10950197661237
7684,3841.1942427376,0.0,0.0,0.0,0.0005194770623329715,0.0,0.0
7685,3841.6948739975,0.0,0.0,0.0,0.0005195427091730647,0.0,0.0
7686,3842.1955053916,0.0,0.0,0.0,0.0005196083594255727,0.0,0.0
7687,3842.6961369199003,0.0,0.0,0.0,0.0005196740130885848,0.0,0.0
7688,3843.1967685823997,0.0,0.0,0.0,0.0005197396701602578,0.0,0.0
7689,3843.6974003791,0.0,0.0,0.0,0.0005198053306386241,0.0,0.0
7690,3844.19803231,0.0,0.0,0.0,0.0005198709945218807,0.0,0.0
7691,3844.6986643751,0.0,0.0,0.0,0.0005199366618081113,0.0,0.0
7692,3845.1992965744,0.0,0.0,0.0,0.0005200023324954055,0.0,0.0
7693,3845.6999289079,0.0,0.0,0.0,0.0005200680065819034,0.0,0.0
7694,3846.2005613756,0.0,0.0,0.0,0.0005201336840657229,0.0,0.0
7695,3846.7011939775,0.0,0.0,0.0,0.0005201993649449761,0.0,0.0
7696,3847.2018267136,2.0,2.0,1.4142135623730951,0.0005202650492177533,3844.1944216839256,2718.2559437722025
7697,3847.7024595839,0.0,0.0,0.0,0.0005203307368822059,0.0,0.0
7698,3848.2030925884,0.0,0.0,0.0,0.000520396427936447,0.0,0.0
7699,3848.7037257271,1.0,1.0,1.0,0.0005204621223786001,1921.3694080749442,1921.3694080749442
7700,3849.2043590000003,0.0,0.0,0.0,0.0005205278202067667,0.0,0.0
7701,3849.7049924071,0.0,0.0,0.0,0.0005205935214190875,0.0,0.0
7702,3850.2056259483998,0.0,0.0,0.0,0.0005206592260136985,0.0,0.0
7703,3850.7062596238998,0.0,0.0,0.0,0.0005207249339886838,0.0,0.0
7704,3851.2068934336003,0.0,0.0,0.0,0.0005207906453422019,0.0,0.0
7705,3851.7075273775004,0.0,-0.020833333333333332,0.020833333333333332,0.0005208563600723773,-39.99823162462366,39.99823162462366
7706,3852.2081614556,0.0,0.0,0.0,0.0005209220781773002,0.0,0.0
7707,3852.7087956678997,0.0,-0.020833333333333332,0.020833333333333332,0.0005209877996551407,-39.98814050371931,39.98814050371931
7708,3853.2094300144,0.0,0.0,0.0,0.0005210535245040115,0.0,0.0
7709,3853.7100644951,0.0,0.0,0.0,0.000521119252722004,0.0,0.0
7710,3854.21069911,0.0,0.0,0.0,0.0005211849843073271,0.0,0.0
7711,3854.7113338591,0.0,0.0,0.0,0.0005212507192580609,0.0,0.0
7712,3855.2119687424,0.0,0.0,0.0,0.0005213164575723361,0.0,0.0
7713,3855.7126037599,0.0,0.0,0.0,0.0005213821992483168,0.0,0.0
7714,3856.2132389116,0.0,0.0,0.0,0.0005214479442841112,0.0,0.0
7715,3856.7138741975,0.0,0.0,0.0,0.0005215136926778385,0.0,0.0
7716,3857.2145096176,0.0,0.0,0.0,0.0005215794444276586,0.0,0.0
7717,3857.7151451719,0.0,0.0,0.0,0.0005216451995317301,0.0,0.0
7718,3858.2157808604,0.0,0.0,0.0,0.0005217109579881335,0.0,0.0
7719,3858.7164166831,0.0,-0.020833333333333332,0.020833333333333332,0.0005217767197950332,-39.927678915067695,39.927678915067695
7720,3859.21705264,0.0,0.0,0.0,0.0005218424849506119,0.0,0.0
7721,3859.7176887310998,0.0,0.0,0.0,0.0005219082534529268,0.0,0.0
7722,3860.2183249564,0.0,0.0,0.0,0.0005219740253001832,0.0,0.0
7723,3860.7189613159003,0.0,0.0,0.0,0.0005220398004904843,0.0,0.0
7724,3861.2195978095997,0.0,0.0,0.0,0.0005221055790220062,0.0,0.0
7725,3861.7202344375,0.0,0.0,0.0,0.0005221713608928583,0.0,0.0
7726,3862.2208711996,0.0,0.0,0.0,0.0005222371461012224,0.0,0.0
7727,3862.7215080959,0.0,-0.020833333333333332,0.020833333333333332,0.0005223029346452144,-39.88745218803878,39.88745218803878
7728,3863.2221451264,0.0,0.0,0.0,0.0005223687265229938,0.0,0.0
7729,3863.7227822911,0.0,0.0,0.0,0.0005224345217326919,0.0,0.0
7730,3864.22341959,0.0,-0.020833333333333332,0.020833333333333332,0.0005225003202724809,-39.87238385321729,39.87238385321729
7731,3864.7240570231,1.0,1.0,1.0,0.0005225661221404812,1913.6334286346455,1913.6334286346455
7732,3865.2246945904003,0.0,0.0,0.0,0.0005226319273348586,0.0,0.0
7733,3865.7253322918996,0.0,0.0,0.0,0.0005226977358537801,0.0,0.0
7734,3866.2259701276,0.0,0.0,0.0,0.0005227635476953538,0.0,0.0
7735,3866.7266080975,0.0,0.0,0.0,0.0005228293628577753,0.0,0.0
7736,3867.2272462016,0.0,-0.020833333333333332,0.020833333333333332,0.000522895181339177,-39.842274468809364,39.842274468809364
7737,3867.7278844398998,0.0,0.0,0.0,0.0005229610031377019,0.0,0.0
7738,3868.2285228123997,0.0,0.0,0.0,0.0005230268282515285,0.0,0.0
7739,3868.7291613191,0.0,0.0,0.0,0.0005230926566788058,0.0,0.0
7740,3869.22979996,0.0,-0.020833333333333332,0.020833333333333332,0.0005231584884176951,-39.822221744588774,39.822221744588774
7741,3869.7304387351,0.0,0.0,0.0,0.0005232243234663119,0.0,0.0
7742,3870.2310776443996,0.0,0.0,0.0,0.0005232901618228856,0.0,0.0
7743,3870.7317166878997,0.0,0.0,0.0,0.0005233560034855202,0.0,0.0
7744,3871.2323558656,0.0,0.0,0.0,0.0005234218484524058,0.0,0.0
7745,3871.7329951775,0.0,0.0,0.0,0.0005234876967216635,0.0,0.0
7746,3872.2336346235998,0.0,0.0,0.0,0.0005235535482915062,0.0,0.0
7747,3872.7342742039,0.0,0.0,0.0,0.000523619403160067,0.0,0.0
7748,3873.2349139184,0.0,0.0,0.0,0.0005236852613255069,0.0,0.0
7749,3873.7355537671,0.0,-0.020833333333333332,0.020833333333333332,0.000523751122786005,-39.777162142419776,39.777162142419776
7750,3874.23619375,0.0,0.0,0.0,0.0005238169875397287,0.0,0.0
7751,3874.7368338671,0.0,0.0,0.0,0.0005238828555848335,0.0,0.0
7752,3875.2374741184,0.0,0.0,0.0,0.0005239487269194815,0.0,0.0
7753,3875.7381145039,0.0,0.0,0.0,0.0005240146015418579,0.0,0.0
7754,3876.2387550236,0.0,0.0,0.0,0.000524080479450118,0.0,0.0
7755,3876.7393956775004,0.0,0.0,0.0,0.0005241463606424359,0.0,0.0
7756,3877.2400364656,0.0,0.0,0.0,0.0005242122451169562,0.0,0.0
7757,3877.7406773878997,0.0,0.0,0.0,0.0005242781328718978,0.0,0.0
7758,3878.2413184444,0.0,-0.020833333333333332,0.020833333333333332,0.0005243440239054009,-39.73218418351224,39.73218418351224
7759,3878.7419596351,0.0,0.0,0.0,0.0005244099182156554,0.0,0.0
7760,3879.24260096,2.0,1.9791666666666667,1.41436700604114,0.0005244758158008297,3773.6090150213095,2696.724926928275
7761,3879.7432424190997,0.0,0.0,0.0,0.0005245417166590975,0.0,0.0
7762,3880.2438840124,0.0,0.0,0.0,0.0005246076207886275,0.0,0.0
7763,3880.7445257399,0.0,0.0,0.0,0.0005246735281876096,0.0,0.0
7764,3881.2451676016003,1.0,1.0,1.0,0.0005247394388541906,1905.7077207377015,1905.7077207377015
7765,3881.7458095975,1.0,1.0,1.0,0.0005248053527865834,1905.4683697303267,1905.4683697303267
7766,3882.2464517276,0.0,0.0,0.0,0.0005248712699829684,0.0,0.0
7767,3882.7470939919,0.0,0.0,0.0,0.0005249371904415024,0.0,0.0
7768,3883.2477363904,0.0,0.0,0.0,0.000525003114160377,0.0,0.0
7769,3883.7483789230996,0.0,0.0,0.0,0.000525069041137795,0.0,0.0
7770,3884.2490215899998,1.0,0.9791666666666666,1.0002169903464837,0.0005251349713718905,1864.5999981845423,1904.6855472859934
7771,3884.7496643911,0.0,-0.020833333333333332,0.020833333333333332,0.0005252009048608673,-39.66735993886446,39.66735993886446
7772,3885.2503073264,0.0,-0.020833333333333332,0.020833333333333332,0.0005252668416029443,-39.6623804955149,39.6623804955149
7773,3885.7509503959,1.0,1.0,1.0,0.0005253327815962516,1903.555298722168,1903.555298722168
7774,3886.2515935996,0.0,0.0,0.0,0.0005253987248390206,0.0,0.0
7775,3886.7522369375,0.0,0.0,0.0,0.000525464671329403,0.0,0.0
7776,3887.2528804096,0.0,-0.020833333333333332,0.020833333333333332,0.0005255306210656078,-39.642472766077844,39.642472766077844
7777,3887.7535240159,0.0,0.0,0.0,0.0005255965740458156,0.0,0.0
7778,3888.2541677564,0.0,0.0,0.0,0.0005256625302682297,0.0,0.0
7779,3888.7548116311,0.0,0.0,0.0,0.0005257284897310198,0.0,0.0
7780,3889.25545564,0.0,0.0,0.0,0.0005257944524324173,0.0,0.0
7781,3889.7560997831,0.0,0.0,0.0,0.0005258604183705638,0.0,0.0
7782,3890.2567440604003,0.0,0.0,0.0,0.0005259263875436513,0.0,0.0
7783,3890.7573884719,0.0,0.0,0.0,0.0005259923599499175,0.0,0.0
7784,3891.2580330175997,0.0,0.0,0.0,0.0005260583355875209,0.0,0.0
7785,3891.7586776975,0.0,0.0,0.0,0.0005261243144546883,0.0,0.0
7786,3892.2593225116,0.0,0.0,0.0,0.0005261902965495668,0.0,0.0
7787,3892.7599674598996,0.0,0.0,0.0,0.0005262562818704052,0.0,0.0
7788,3893.2606125424,0.0,0.0,0.0,0.0005263222704153683,0.0,0.0
7789,3893.7612577591,0.0,0.0,0.0,0.0005263882621826661,0.0,0.0
7790,3894.2619031100003,0.0,-0.020833333333333332,0.020833333333333332,0.0005264542571705135,-39.5729221476988,39.5729221476988
7791,3894.7625485951003,0.0,-0.020833333333333332,0.020833333333333332,0.0005265202553770982,-39.567961765141064,39.567961765141064
7792,3895.2631942144,0.0,0.0,0.0,0.0005265862568006076,0.0,0.0
7793,3895.7638399679,0.0,0.0,0.0,0.0005266522614392512,0.0,0.0
7794,3896.2644858556,0.0,0.0,0.0,0.0005267182692912451,0.0,0.0
7795,3896.7651318775,0.0,-0.020833333333333332,0.020833333333333332,0.0005267842803547998,-39.548130250397115,39.548130250397115
7796,3897.2657780336,0.0,-0.020833333333333332,0.020833333333333332,0.0005268502946280799,-39.54317487482898,39.54317487482898
7797,3897.7664243238996,0.0,0.0,0.0,0.0005269163121093242,0.0,0.0
7798,3898.2670707484,0.0,0.0,0.0,0.0005269823327967261,0.0,0.0
7799,3898.7677173071,0.0,0.0,0.0,0.0005270483566885018,0.0,0.0
7800,3899.268364,0.0,0.0,0.0,0.000527114383782867,0.0,0.0
7801,3899.7690108271,1.0,1.0,1.0,0.0005271804140779877,1896.8838243904606,1896.8838243904606
7802,3900.2696577884,0.0,-0.020833333333333332,0.020833333333333332,0.0005272464475721365,-39.51346363596498,39.51346363596498
7803,3900.7703048839,0.0,0.0,0.0,0.0005273124842634789,0.0,0.0
7804,3901.2709521136003,0.0,0.0,0.0,0.0005273785241502372,0.0,0.0
7805,3901.7715994775,0.0,0.0,0.0,0.0005274445672306333,0.0,0.0
7806,3902.2722469756,0.0,0.0,0.0,0.0005275106135028612,0.0,0.0
7807,3902.7728946079,0.0,0.0,0.0,0.0005275766629651608,0.0,0.0
7808,3903.2735423744,1.0,1.0,1.0,0.0005276427156157142,1895.2218431236845,1895.2218431236845
7809,3903.7741902751,0.0,-0.020833333333333332,0.020833333333333332,0.0005277087714527723,-39.47884602330857,39.47884602330857
7810,3904.2748383099997,0.0,0.0,0.0,0.0005277748304745244,0.0,0.0
7811,3904.7754864791,0.0,0.0,0.0,0.0005278408926792031,0.0,0.0
7812,3905.2761347824,0.0,0.0,0.0,0.0005279069580650383,0.0,0.0
7813,3905.7767832199,0.0,0.0,0.0,0.0005279730266302291,0.0,0.0
7814,3906.2774317915996,0.0,0.0,0.0,0.0005280390983729816,0.0,0.0
7815,3906.7780804975,0.0,0.0,0.0,0.0005281051732915471,0.0,0.0
7816,3907.2787293376,1.0,1.0,1.0,0.0005281712513841202,1893.3253132945235,1893.3253132945235
7817,3907.7793783119,0.0,0.0,0.0,0.0005282373326489408,0.0,0.0
7818,3908.2800274204,0.0,0.0,0.0,0.0005283034170842436,0.0,0.0
7819,3908.7806766630997,0.0,0.0,0.0,0.0005283695046882232,0.0,0.0
7820,3909.28132604,0.0,0.0,0.0,0.0005284355954591316,0.0,0.0
7821,3909.7819755511,0.0,-0.020833333333333332,0.020833333333333332,0.0005285016893951802,-39.41961539834451,39.41961539834451
7822,3910.2826251964,1.0,0.9791666666666666,1.0002169903464837,0.0005285677864945816,1852.4902419052437,1892.3154530090476
7823,3910.7832749758995,0.0,0.0,0.0,0.0005286338867555985,0.0,0.0
7824,3911.2839248896,0.0,0.0,0.0,0.0005286999901764147,0.0,0.0
7825,3911.7845749375,0.0,0.0,0.0,0.000528766096755294,0.0,0.0
7826,3912.2852251196,0.0,0.0,0.0,0.0005288322064904594,0.0,0.0
7827,3912.7858754359,0.0,0.0,0.0,0.0005288983193801577,0.0,0.0
7828,3913.2865258864,0.0,0.0,0.0,0.0005289644354225787,0.0,0.0
7829,3913.7871764711,0.0,0.0,0.0,0.00052903055461598,0.0,0.0
7830,3914.28782719,0.0,0.0,0.0,0.0005290966769586025,0.0,0.0
7831,3914.7884780431,0.0,0.0,0.0,0.0005291628024486423,0.0,0.0
7832,3915.2891290303996,0.0,0.0,0.0,0.0005292289310843966,0.0,0.0
7833,3915.7897801519,0.0,0.0,0.0,0.0005292950628640446,0.0,0.0
7834,3916.2904314076,0.0,0.0,0.0,0.0005293611977858554,0.0,0.0
7835,3916.7910827975,0.0,0.0,0.0,0.0005294273358480425,0.0,0.0
7836,3917.2917343216,0.0,0.0,0.0,0.0005294934770488692,0.0,0.0
7837,3917.7923859799,0.0,0.0,0.0,0.0005295596213865663,0.0,0.0
7838,3918.2930377723997,0.0,0.0,0.0,0.0005296257688593462,0.0,0.0
7839,3918.7936896991,0.0,0.0,0.0,0.0005296919194655017,0.0,0.0
7840,3919.29434176,0.0,0.0,0.0,0.0005297580732032407,0.0,0.0
7841,3919.7949939551004,0.0,0.0,0.0,0.0005298242300707933,0.0,0.0
7842,3920.2956462844,0.0,0.0,0.0,0.0005298903900664408,0.0,0.0
7843,3920.7962987479,0.0,0.0,0.0,0.0005299565531883967,0.0,0.0
7844,3921.2969513456,0.0,0.0,0.0,0.0005300227194349201,0.0,0.0
7845,3921.7976040775,1.0,1.0,1.0,0.0005300888888042525,1886.476063016052,1886.476063016052
7846,3922.2982569436,0.0,0.0,0.0,0.0005301550612946248,0.0,0.0
7847,3922.7989099439,0.0,0.0,0.0,0.0005302212369043132,0.0,0.0
7848,3923.2995630784,0.0,0.0,0.0,0.0005302874156315481,0.0,0.0
7849,3923.8002163471,0.0,0.0,0.0,0.0005303535974745721,0.0,0.0
7850,3924.30086975,0.0,0.0,0.0,0.0005304197824316555,0.0,0.0
7851,3924.8015232871,0.0,-0.020833333333333332,0.020833333333333332,0.0005304859705010408,-39.2721664508043,39.2721664508043
7852,3925.3021769583997,0.0,0.0,0.0,0.0005305521616809927,0.0,0.0
7853,3925.8028307639,0.0,0.0,0.0,0.0005306183559697315,0.0,0.0
7854,3926.3034847036,0.0,0.0,0.0,0.0005306845533655107,0.0,0.0
7855,3926.8041387774997,0.0,0.0,0.0,0.0005307507538666243,0.0,0.0
7856,3927.3047929855998,0.0,0.0,0.0,0.0005308169574712973,0.0,0.0
7857,3927.8054473279,0.0,0.0,0.0,0.0005308831641777896,0.0,0.0
7858,3928.3061018044,0.0,-0.020833333333333332,0.020833333333333332,0.0005309493739843559,-39.23789037925709,39.23789037925709
7859,3928.8067564151,1.0,1.0,1.0,0.0005310155868892555,1883.1838926953235,1883.1838926953235
7860,3929.30741116,0.0,0.0,0.0,0.0005310818028907543,0.0,0.0
7861,3929.8080660390997,0.0,0.0,0.0,0.0005311480219870839,0.0,0.0
7862,3930.3087210524,0.0,0.0,0.0,0.0005312142441765489,0.0,0.0
7863,3930.8093761999003,0.0,0.0,0.0,0.0005312804694573764,0.0,0.0
7864,3931.3100314815997,0.0,0.0,0.0,0.0005313466978278378,0.0,0.0
7865,3931.8106868974996,0.0,0.0,0.0,0.0005314129292861705,0.0,0.0
7866,3932.3113424476,0.0,0.0,0.0,0.0005314791638306908,0.0,0.0
7867,3932.8119981319,0.0,0.0,0.0,0.0005315454014596035,0.0,0.0
7868,3933.3126539504,0.0,0.0,0.0,0.0005316116421712195,0.0,0.0
7869,3933.8133099030997,0.0,-0.020833333333333332,0.020833333333333332,0.0005316778859637878,-39.18412610968039,39.18412610968039
7870,3934.31396599,0.0,0.0,0.0,0.0005317441328355468,0.0,0.0
7871,3934.8146222111,0.0,0.0,0.0,0.0005318103827848191,0.0,0.0
7872,3935.3152785664,0.0,0.0,0.0,0.0005318766358098315,0.0,0.0
7873,3935.8159350559,0.0,0.0,0.0,0.000531942891908873,0.0,0.0
7874,3936.3165916795997,0.0,0.0,0.0,0.0005320091510801765,0.0,0.0
7875,3936.8172484375,0.0,0.0,0.0,0.0005320754133220702,0.0,0.0
7876,3937.3179053296,0.0,-0.020833333333333332,0.020833333333333332,0.0005321416786327701,-39.14997484666179,39.14997484666179
7877,3937.8185623559,0.0,0.0,0.0,0.0005322079470105826,0.0,0.0
7878,3938.3192195163997,0.0,0.0,0.0,0.0005322742184537691,0.0,0.0
7879,3938.8198768110997,0.0,0.0,0.0,0.0005323404929605956,0.0,0.0
7880,3939.32053424,0.0,0.0,0.0,0.0005324067705293463,0.0,0.0
7881,3939.8211918031,0.0,0.0,0.0,0.0005324730511582885,0.0,0.0
7882,3940.3218495004,0.0,-0.020833333333333332,0.020833333333333332,0.0005325393348457118,-39.12074089206801,39.12074089206801
7883,3940.8225073319,0.0,-0.020833333333333332,0.020833333333333332,0.0005326056215898887,-39.11587202392541,39.11587202392541
7884,3941.3231652976,0.0,0.0,0.0,0.0005326719113890808,0.0,0.0
7885,3941.8238233975,0.0,-0.020833333333333332,0.020833333333333332,0.0005327382042415947,-39.106137249893,39.106137249893
7886,3942.3244816316,0.0,0.0,0.0,0.000532804500145681,0.0,0.0
7887,3942.8251399999,0.0,0.0,0.0,0.0005328707990996298,0.0,0.0
7888,3943.3257985023997,0.0,0.0,0.0,0.0005329371011017306,0.0,0.0
7889,3943.8264571391,0.0,0.0,0.0,0.0005330034061502345,0.0,0.0
7890,3944.32711591,0.0,0.0,0.0,0.0005330697142434766,0.0,0.0
7891,3944.8277748151,0.0,0.0,0.0,0.0005331360253796849,0.0,0.0
7892,3945.3284338544,0.0,0.0,0.0,0.0005332023395571897,0.0,0.0
7893,3945.8290930279,0.0,0.0,0.0,0.0005332686567742185,0.0,0.0
7894,3946.3297523356,0.0,-0.020833333333333332,0.020833333333333332,0.000533334977029136,-39.06237961249485,39.06237961249485
7895,3946.8304117775,0.0,0.0,0.0,0.0005334013003201754,0.0,0.0
7896,3947.3310713536,0.0,0.0,0.0,0.000533467626645605,0.0,0.0
7897,3947.8317310639,0.0,0.0,0.0,0.0005335339560037779,0.0,0.0
7898,3948.3323909084,0.0,0.0,0.0,0.0005336002883929221,0.0,0.0
7899,3948.8330508871,0.0,0.0,0.0,0.0005336666238113622,0.0,0.0
7900,3949.3337109999998,0.0,-0.020833333333333332,0.020833333333333332,0.0005337329622573841,-39.03325221890042,39.03325221890042
7901,3949.8343712470996,0.0,0.0,0.0,0.0005337993037292444,0.0,0.0
7902,3950.3350316284,0.0,0.0,0.0,0.0005338656482252733,0.0,0.0
7903,3950.8356921439,0.0,0.0,0.0,0.0005339319957437677,0.0,0.0
7904,3951.3363527936003,0.0,0.0,0.0,0.0005339983462829851,0.0,0.0
7905,3951.8370135775,0.0,0.0,0.0,0.0005340646998412612,0.0,0.0
7906,3952.3376744956,0.0,0.0,0.0,0.0005341310564168537,0.0,0.0
7907,3952.8383355479,0.0,0.0,0.0,0.0005341974160080937,0.0,0.0
7908,3953.3389967344,0.0,0.0,0.0,0.0005342637786132439,0.0,0.0
7909,3953.8396580551,0.0,0.0,0.0,0.0005343301442306238,0.0,0.0
7910,3954.34031951,0.0,0.0,0.0,0.0005343965128585197,0.0,0.0
7911,3954.8409810990997,1.0,0.9791666666666666,1.0002169903464837,0.0005344628844952457,1832.0573702538868,1871.4433113369562
7912,3955.3416428224,0.0,0.0,0.0,0.0005345292591390928,0.0,0.0
7913,3955.8423046799003,0.0,0.0,0.0,0.0005345956367883642,0.0,0.0
7914,3956.3429666715997,0.0,-0.020833333333333332,0.020833333333333332,0.0005346620174413637,-38.96542610793953,38.96542610793953
7915,3956.8436287975,0.0,-0.041666666666666664,0.029462782549439483,0.0005347284010963482,-77.92117751972388,55.09859302223753
7916,3957.3442910576,0.0,0.0,0.0,0.0005347947877516892,0.0,0.0
7917,3957.8449534519,0.0,0.0,0.0,0.0005348611774056617,0.0,0.0
7918,3958.3456159804,0.0,0.0,0.0,0.0005349275700565801,0.0,0.0
7919,3958.8462786430996,0.0,0.0,0.0,0.000534993965702708,0.0,0.0
7920,3959.34694144,1.0,1.0,1.0,0.0005350603643424059,1868.9480040798933,1868.9480040798933
7921,3959.8476043711,0.0,0.0,0.0,0.0005351267659739764,0.0,0.0
7922,3960.3482674364,0.0,0.0,0.0,0.0005351931705956903,0.0,0.0
7923,3960.8489306358997,0.0,-0.020833333333333332,0.020833333333333332,0.0005352595782058615,-38.921925326707196,38.921925326707196
7924,3961.3495939696,0.0,0.0,0.0,0.0005353259888028454,0.0,0.0
7925,3961.8502574374997,0.0,0.0,0.0,0.0005353924023848827,0.0,0.0
7926,3962.3509210396,0.0,0.0,0.0,0.0005354588189503569,0.0,0.0
7927,3962.8515847759004,0.0,0.0,0.0,0.0005355252384975152,0.0,0.0
7928,3963.3522486464,0.0,0.0,0.0,0.0005355916610247011,0.0,0.0
7929,3963.8529126511,0.0,0.0,0.0,0.0005356580865302468,0.0,0.0
7930,3964.35357679,0.0,0.0,0.0,0.0005357245150124448,0.0,0.0
7931,3964.8542410631003,0.0,0.0,0.0,0.0005357909464696055,0.0,0.0
7932,3965.3549054704,0.0,0.0,0.0,0.0005358573809000383,0.0,0.0
7933,3965.8555700119,0.0,0.0,0.0,0.000535923818302076,0.0,0.0
7934,3966.3562346876,0.0,0.0,0.0,0.0005359902586740338,0.0,0.0
7935,3966.8568994975,0.0,0.0,0.0,0.0005360567020142274,0.0,0.0
7936,3967.3575644416,0.0,0.0,0.0,0.0005361231483209729,0.0,0.0
7937,3967.8582295199,0.0,0.0,0.0,0.0005361895975926086,0.0,0.0
7938,3968.3588947324,0.0,0.0,0.0,0.000536256049827433,0.0,0.0
7939,3968.8595600791,0.0,0.0,0.0,0.000536322505023746,0.0,0.0
7940,3969.36022556,0.0,0.0,0.0,0.0005363889631799306,0.0,0.0
7941,3969.8608911751,0.0,-0.041666666666666664,0.029462782549439483,0.0005364554242942519,-77.67032409352996,54.921212863491924
7942,3970.3615569244,0.0,0.0,0.0,0.0005365218883650609,0.0,0.0
7943,3970.8622228079,0.0,0.0,0.0,0.0005365883553906895,0.0,0.0
7944,3971.3628888256,0.0,0.0,0.0,0.0005366548253694322,0.0,0.0
7945,3971.8635549775004,0.0,-0.020833333333333332,0.020833333333333332,0.0005367212982996559,-38.81592439005823,38.81592439005823
7946,3972.3642212635996,0.0,0.0,0.0,0.000536787774179643,0.0,0.0
7947,3972.8648876838997,0.0,0.0,0.0,0.0005368542530077552,0.0,0.0
7948,3973.3655542384,0.0,-0.020833333333333332,0.020833333333333332,0.000536920734782292,-38.801506411892866,38.801506411892866
7949,3973.8662209271,0.0,0.0,0.0,0.0005369872195016094,0.0,0.0
7950,3974.36688775,0.0,-0.020833333333333332,0.020833333333333332,0.0005370537071640245,-38.791899311795476,38.791899311795476
7951,3974.8675547070998,0.0,0.0,0.0,0.0005371201977678873,0.0,0.0
7952,3975.3682217984,0.0,0.0,0.0,0.0005371866913114868,0.0,0.0
7953,3975.8688890239,0.0,0.0,0.0,0.0005372531877931903,0.0,0.0
7954,3976.3695563836,0.0,0.0,0.0,0.0005373196872113262,0.0,0.0
7955,3976.8702238775,0.0,0.0,0.0,0.0005373861895642057,0.0,0.0
7956,3977.3708915056,0.0,0.0,0.0,0.0005374526948501906,0.0,0.0
7957,3977.8715592679,0.0,-0.020833333333333332,0.020833333333333332,0.0005375192030676158,-38.75830521856288,38.75830521856288
7958,3978.3722271644,1.0,1.0,1.0,0.0005375857142147862,1860.168478361874,1860.168478361874
7959,3978.8728951950998,0.0,0.0,0.0,0.0005376522282900763,0.0,0.0
7960,3979.37356336,0.0,0.0,0.0,0.0005377187452917855,0.0,0.0
7961,3979.8742316591,0.0,0.0,0.0,0.0005377852652182883,0.0,0.0
7962,3980.3749000924,0.0,0.0,0.0,0.0005378517880678907,0.0,0.0
7963,3980.8755686599,0.0,0.0,0.0,0.000537918313838961,0.0,0.0
7964,3981.3762373615996,0.0,0.0,0.0,0.0005379848425298275,0.0,0.0
7965,3981.8769061975,0.0,0.0,0.0,0.0005380513741388308,0.0,0.0
7966,3982.3775751676,0.0,0.0,0.0,0.0005381179086643168,0.0,0.0
7967,3982.8782442719003,0.0,0.0,0.0,0.0005381844461046254,0.0,0.0
7968,3983.3789135104,0.0,0.0,0.0,0.0005382509864581031,0.0,0.0
7969,3983.8795828831,0.0,0.0,0.0,0.0005383175297230955,0.0,0.0
7970,3984.38025239,0.0,0.0,0.0,0.0005383840758979155,0.0,0.0
7971,3984.8809220311,0.0,0.0,0.0,0.0005384506249809702,0.0,0.0
7972,3985.3815918064,0.0,0.0,0.0,0.0005385171769705731,0.0,0.0
7973,3985.8822617159,0.0,0.0,0.0,0.0005385837318650701,0.0,0.0
7974,3986.3829317596,0.0,0.0,0.0,0.000538650289662796,0.0,0.0
7975,3986.8836019375,0.0,0.0,0.0,0.0005387168503621484,0.0,0.0
7976,3987.3842722496,0.0,0.0,0.0,0.0005387834139614231,0.0,0.0
7977,3987.8849426958996,0.0,0.0,0.0,0.0005388499804589772,0.0,0.0
7978,3988.3856132764,1.0,1.0,1.0,0.0005389165498532034,1855.574857132133,1855.574857132133
7979,3988.8862839911,0.0,0.0,0.0,0.0005389831221424252,0.0,0.0
7980,3989.38695484,0.0,-0.020833333333333332,0.020833333333333332,0.0005390496973249952,-38.648260887108584,38.648260887108584
7981,3989.8876258231003,0.0,0.0,0.0,0.0005391162753992826,0.0,0.0
7982,3990.3882969404,0.0,0.0,0.0,0.0005391828563635893,0.0,0.0
7983,3990.8889681919,0.0,0.0,0.0,0.0005392494402163409,0.0,0.0
7984,3991.3896395776,0.0,-0.020833333333333332,0.020833333333333332,0.0005393160269558623,-38.62917527395924,38.62917527395924
7985,3991.8903110975,0.0,0.0,0.0,0.0005393826165804831,0.0,0.0
7986,3992.3909827516,0.0,0.0,0.0,0.0005394492090886245,0.0,0.0
7987,3992.8916545398997,1.0,1.0,1.0,0.0005395158044786161,1853.513820538385,1853.513820538385
7988,3993.3923264624,0.0,-0.020833333333333332,0.020833333333333332,0.000539582402748788,-38.61010519839479,38.61010519839479
7989,3993.8929985191,0.0,0.0,0.0,0.0005396490038975165,0.0,0.0
7990,3994.39367071,0.0,0.0,0.0,0.0005397156079231652,0.0,0.0
7991,3994.8943430350996,0.0,0.0,0.0,0.0005397822148241043,0.0,0.0
7992,3995.3950154944,0.0,0.0,0.0,0.0005398488245986871,0.0,0.0
7993,3995.8956880879,0.0,-0.020833333333333332,0.020833333333333332,0.0005399154372452836,-38.586289437523064,38.586289437523064
7994,3996.3963608156,0.0,0.0,0.0,0.0005399820527622358,0.0,0.0
7995,3996.8970336775,0.0,0.0,0.0,0.0005400486711479416,0.0,0.0
7996,3997.3977066735997,0.0,-0.020833333333333332,0.020833333333333332,0.0005401152924007383,-38.572011617615985,38.572011617615985
7997,3997.8983798039,0.0,0.0,0.0,0.0005401819165190185,0.0,0.0
7998,3998.3990530684,0.0,0.0,0.0,0.000540248543501118,0.0,0.0
7999,3998.8997264671,0.0,0.0,0.0,0.0005403151733454142,0.0,0.0
8000,3999.4004,0.0,0.0,0.0,0.0005403818060503052,0.0,0.0
8001,3999.9010736671,0.0,0.0,0.0,0.0005404484416140937,0.0,0.0
8002,4000.4017474684,0.0,0.0,0.0,0.0005405166217408002,0.0,0.0
8003,4000.9024214039,0.0,0.0,0.0,0.0005405851845739928,0.0,0.0
8004,4001.4030954736004,0.0,0.0,0.0,0.0005406537505065327,0.0,0.0
8005,4001.9037696775,0.0,0.0,0.0,0.0005407223195367586,0.0,0.0
8006,4002.4044440156,0.0,0.0,0.0,0.0005407908916630879,0.0,0.0
8007,4002.9051184879,0.0,0.0,0.0,0.0005408594668838878,0.0,0.0
8008,4003.4057930944,0.0,0.0,0.0,0.0005409280451974911,0.0,0.0
8009,4003.9064678350996,0.0,0.0,0.0,0.0005409966266023214,0.0,0.0
8010,4004.40714271,0.0,0.0,0.0,0.0005410652110967514,0.0,0.0
8011,4004.9078177191,0.0,0.0,0.0,0.0005411337986791253,0.0,0.0
8012,4005.4084928624,0.0,0.0,0.0,0.0005412023893478443,0.0,0.0
8013,4005.9091681399,0.0,0.0,0.0,0.0005412709831012977,0.0,0.0
8014,4006.4098435516,0.0,0.0,0.0,0.0005413395799378704,0.0,0.0
8015,4006.9105190975,0.0,0.0,0.0,0.0005414081798559118,0.0,0.0
8016,4007.4111947776,0.0,0.0,0.0,0.0005414767828538118,0.0,0.0
8017,4007.9118705919,0.0,0.0,0.0,0.0005415453889299663,0.0,0.0
8018,4008.4125465404,0.0,0.0,0.0,0.0005416139980827422,0.0,0.0
8019,4008.9132226231,0.0,0.0,0.0,0.0005416826103105469,0.0,0.0
8020,4009.41389884,0.0,0.0,0.0,0.0005417512256117527,0.0,0.0
8021,4009.9145751911,0.0,0.0,0.0,0.0005418198439847274,0.0,0.0
8022,4010.4152516764,0.0,0.0,0.0,0.0005418884654278837,0.0,0.0
8023,4010.9159282959,0.0,0.0,0.0,0.0005419570899396057,0.0,0.0
8024,4011.4166050496,0.0,0.0,0.0,0.0005420257175182721,0.0,0.0
8025,4011.9172819375,0.0,0.0,0.0,0.0005420943481622512,0.0,0.0
8026,4012.4179589596,0.0,0.0,0.0,0.0005421629818699606,0.0,0.0
8027,4012.9186361159,0.0,0.0,0.0,0.0005422316186398133,0.0,0.0
8028,4013.4193134064,0.0,0.0,0.0,0.0005423002584701261,0.0,0.0
8029,4013.9199908310998,0.0,0.0,0.0,0.0005423689013593458,0.0,0.0
8030,4014.42066839,0.0,0.0,0.0,0.0005424375473058461,0.0,0.0
8031,4014.9213460831,0.0,0.0,0.0,0.000542506196308034,0.0,0.0
8032,4015.4220239103997,0.0,0.0,0.0,0.0005425748483642825,0.0,0.0
8033,4015.9227018719,0.0,0.0,0.0,0.0005426435034729826,0.0,0.0
8034,4016.4233799676,0.0,0.0,0.0,0.0005427121616325585,0.0,0.0
8035,4016.9240581975,0.0,0.0,0.0,0.0005427808228413948,0.0,0.0
8036,4017.4247365615997,0.0,0.0,0.0,0.00054284948709786,0.0,0.0
8037,4017.9254150599,0.0,0.0,0.0,0.0005429181544003946,0.0,0.0
8038,4018.4260936923997,0.0,0.0,0.0,0.0005429868247473559,0.0,0.0
8039,4018.9267724591,0.0,0.0,0.0,0.0005430554981371684,0.0,0.0
8040,4019.4274513600003,0.0,0.0,0.0,0.0005431241745682114,0.0,0.0
8041,4019.9281303950997,0.0,0.0,0.0,0.0005431928540388985,0.0,0.0
8042,4020.4288095643997,0.0,0.0,0.0,0.0005432615365476253,0.0,0.0
8043,4020.9294888679,0.0,0.0,0.0,0.0005433302220927943,0.0,0.0
8044,4021.4301683056,0.0,0.0,0.0,0.0005433989106728248,0.0,0.0
8045,4021.9308478774997,0.0,0.0,0.0,0.0005434676022860958,0.0,0.0
8046,4022.4315275835997,0.0,0.0,0.0,0.0005435362969309876,0.0,0.0
8047,4022.9322074239,0.0,0.0,0.0,0.0005436049946059751,0.0,0.0
8048,4023.4328873984,0.0,0.0,0.0,0.0005436736953093761,0.0,0.0
8049,4023.9335675071,0.0,0.0,0.0,0.0005437423990396777,0.0,0.0
8050,4024.43424775,0.0,0.0,0.0,0.00054381110579522,0.0,0.0
8051,4024.9349281270997,0.0,0.0,0.0,0.0005438798155744561,0.0,0.0
8052,4025.4356086384,0.0,0.0,0.0,0.0005439485283757827,0.0,0.0
8053,4025.9362892839,0.0,0.0,0.0,0.0005440172441975801,0.0,0.0
8054,4026.4369700636,0.0,0.0,0.0,0.0005440859630382783,0.0,0.0
8055,4026.9376509774997,0.0,0.0,0.0,0.0005441546848962969,0.0,0.0
8056,4027.4383320255997,0.0,0.0,0.0,0.0005442234097700612,0.0,0.0
8057,4027.9390132079,0.0,0.0,0.0,0.0005442921376579175,0.0,0.0
8058,4028.4396945244002,0.0,0.0,0.0,0.0005443608685583302,0.0,0.0
8059,4028.9403759751,0.0,0.0,0.0,0.0005444296024697188,0.0,0.0
8060,4029.44105756,0.0,0.0,0.0,0.0005444983393904409,0.0,0.0
8061,4029.9417392791,0.0,0.0,0.0,0.0005445670793189782,0.0,0.0
8062,4030.4424211324,0.0,0.0,0.0,0.0005446358222536995,0.0,0.0
8063,4030.9431031198997,0.0,0.0,0.0,0.0005447045681930358,0.0,0.0
8064,4031.4437852416,0.0,0.0,0.0,0.0005447733171354072,0.0,0.0
8065,4031.9444674974998,0.0,0.0,0.0,0.0005448420690792103,0.0,0.0
8066,4032.4451498876,0.0,0.0,0.0,0.0005449108240228937,0.0,0.0
8067,4032.9458324119,0.0,0.0,0.0,0.0005449795819648489,0.0,0.0
8068,4033.4465150704,0.0,0.0,0.0,0.000545048342903501,0.0,0.0
8069,4033.9471978631,0.0,0.0,0.0,0.0005451171068372927,0.0,0.0
8070,4034.44788079,0.0,0.0,0.0,0.000545185873764605,0.0,0.0
8071,4034.9485638511,0.0,0.0,0.0,0.0005452546436838906,0.0,0.0
8072,4035.4492470463997,0.0,0.0,0.0,0.0005453234165935481,0.0,0.0
8073,4035.9499303759,0.0,0.0,0.0,0.0005453921924920085,0.0,0.0
8074,4036.4506138396,0.0,0.0,0.0,0.0005454609713777362,0.0,0.0
8075,4036.9512974375,0.0,0.0,0.0,0.0005455297532490568,0.0,0.0
8076,4037.4519811696,0.0,0.0,0.0,0.000545598538104491,0.0,0.0
8077,4037.9526650359,0.0,0.0,0.0,0.0005456673259424365,0.0,0.0
8078,4038.4533490363997,0.0,0.0,0.0,0.00054573611676128,0.0,0.0
8079,4038.9540331711,0.0,0.0,0.0,0.0005458049105594981,0.0,0.0
8080,4039.45471744,0.0,0.0,0.0,0.0005458737073355,0.0,0.0
8081,4039.9554018431004,0.0,0.0,0.0,0.0005459425070876945,0.0,0.0
8082,4040.4560863804,0.0,0.0,0.0,0.0005460113098145586,0.0,0.0
8083,4040.9567710519,0.0,0.0,0.0,0.0005460801155144731,0.0,0.0
8084,4041.4574558576,0.0,0.0,0.0,0.0005461489241858747,0.0,0.0
8085,4041.9581407975,0.0,0.0,0.0,0.0005462177358272187,0.0,0.0
8086,4042.4588258716,0.0,0.0,0.0,0.0005462865504369141,0.0,0.0
8087,4042.9595110799,0.0,0.0,0.0,0.0005463553680134151,0.0,0.0
8088,4043.4601964224,0.0,0.0,0.0,0.0005464241885551476,0.0,0.0
8089,4043.9608818991,0.0,0.0,0.0,0.0005464930120605219,0.0,0.0
8090,4044.4615675100004,0.0,0.0,0.0,0.0005465618385280137,0.0,0.0
8091,4044.9622532550998,0.0,0.0,0.0,0.0005466306679560223,0.0,0.0
8092,4045.4629391344,0.0,0.0,0.0,0.0005466995003429851,0.0,0.0
8093,4045.9636251479,0.0,0.0,0.0,0.0005467683356873733,0.0,0.0
8094,4046.4643112956,0.0,0.0,0.0,0.0005468371739875738,0.0,0.0
8095,4046.9649975774996,0.0,0.0,0.0,0.0005469060152420755,0.0,0.0
8096,4047.4656839935997,0.0,0.0,0.0,0.0005469748594492878,0.0,0.0
8097,4047.9663705438998,0.0,0.0,0.0,0.0005470437066076484,0.0,0.0
8098,4048.4670572284,0.0,0.0,0.0,0.0005471125567155953,0.0,0.0
8099,4048.9677440471,0.0,0.0,0.0,0.000547181409771583,0.0,0.0
8100,4049.468431,0.0,0.0,0.0,0.0005472502657740499,0.0,0.0
8101,4049.9691180871,0.0,0.0,0.0,0.0005473191247214508,0.0,0.0
8102,4050.4698053084,0.0,0.0,0.0,0.0005473879866121836,0.0,0.0
8103,4050.9704926639,0.0,0.0,0.0,0.000547456851444749,0.0,0.0
8104,4051.4711801535996,0.0,0.0,0.0,0.0005475257192175397,0.0,0.0
8105,4051.9718677775,0.0,0.0,0.0,0.0005475945899290221,0.0,0.0
8106,4052.4725555356,0.0,0.0,0.0,0.000547663463577662,0.0,0.0
8107,4052.9732434279,0.0,0.0,0.0,0.0005477323401618871,0.0,0.0
8108,4053.4739314544004,0.0,0.0,0.0,0.000547801219680141,0.0,0.0
8109,4053.9746196151,0.0,0.0,0.0,0.0005478701021308729,0.0,0.0
8110,4054.47530791,0.0,0.0,0.0,0.0005479389875125267,0.0,0.0
8111,4054.9759963391,0.0,0.0,0.0,0.0005480078758235577,0.0,0.0
8112,4055.4766849024,0.0,0.0,0.0,0.0005480767670624327,0.0,0.0
8113,4055.9773735998997,0.0,0.0,0.0,0.0005481456612275783,0.0,0.0
8114,4056.4780624316,0.0,0.0,0.0,0.0005482145583174505,0.0,0.0
8115,4056.9787513974998,0.0,0.0,0.0,0.0005482834583304813,0.0,0.0
8116,4057.4794404976,0.0,0.0,0.0,0.0005483523612651889,0.0,0.0
8117,4057.9801297319,0.0,0.0,0.0,0.0005484212671199606,0.0,0.0
8118,4058.4808191004,0.0,0.0,0.0,0.000548490175893263,0.0,0.0
8119,4058.9815086031,0.0,0.0,0.0,0.0005485590875835689,0.0,0.0
8120,4059.48219824,0.0,0.0,0.0,0.0005486280021893106,0.0,0.0
8121,4059.9828880111,0.0,0.0,0.0,0.000548696919708978,0.0,0.0
8122,4060.4835779163996,0.0,0.0,0.0,0.0005487658401409933,0.0,0.0
8123,4060.9842679558997,0.0,0.0,0.0,0.0005488347634838394,0.0,0.0
8124,4061.4849581296,0.0,0.0,0.0,0.000548903689735961,0.0,0.0
8125,4061.9856484375,0.0,0.0,0.0,0.0005489726188957976,0.0,0.0
8126,4062.4863388796,0.0,0.0,0.0,0.0005490415509618546,0.0,0.0
8127,4062.9870294558996,0.0,0.0,0.0,0.0005491104859325543,0.0,0.0
8128,4063.4877201664,0.0,0.0,0.0,0.0005491794238063527,0.0,0.0
8129,4063.9884110111,0.0,0.0,0.0,0.0005492483645817504,0.0,0.0
8130,4064.48910199,0.0,0.0,0.0,0.0005493173082571979,0.0,0.0
8131,4064.9897931030996,0.0,0.0,0.0,0.0005493862548311288,0.0,0.0
8132,4065.4904843504,0.0,0.0,0.0,0.0005494552043020265,0.0,0.0
8133,4065.9911757319,0.0,0.0,0.0,0.0005495241566683527,0.0,0.0
8134,4066.4918672476,0.0,0.0,0.0,0.0005495931119285641,0.0,0.0
8135,4066.9925588975,0.0,0.0,0.0,0.0005496620700811728,0.0,0.0
8136,4067.4932506816,0.0,0.0,0.0,0.0005497310311245612,0.0,0.0
8137,4067.9939425999,0.0,0.0,0.0,0.0005497999950572761,0.0,0.0
8138,4068.4946346524,0.0,0.0,0.0,0.0005498689618777389,0.0,0.0
8139,4068.9953268391,0.0,0.0,0.0,0.0005499379315844354,0.0,0.0
8140,4069.49601916,0.0,0.0,0.0,0.000550006904175832,0.0,0.0
8141,4069.9967116150997,0.0,0.0,0.0,0.0005500758796503853,0.0,0.0
8142,4070.4974042044,0.0,0.0,0.0,0.0005501448580065791,0.0,0.0
8143,4070.9980969279,0.0,0.0,0.0,0.0005502138392428879,0.0,0.0
8144,4071.4987897856,0.0,0.0,0.0,0.000550282823357767,0.0,0.0
8145,4071.9994827775,0.0,0.0,0.0,0.0005503518103496956,0.0,0.0
8146,4072.5001759036,0.0,0.0,0.0,0.0005504208002171697,0.0,0.0
8147,4073.0008691639,0.0,0.0,0.0,0.000550489792958623,0.0,0.0
8148,4073.5015625584,0.0,0.0,0.0,0.0005505587885725629,0.0,0.0
8149,4074.0022560871,0.0,0.0,0.0,0.0005506277870574399,0.0,0.0
8150,4074.50294975,0.0,0.0,0.0,0.0005506967884117561,0.0,0.0
8151,4075.0036435470997,0.0,0.0,0.0,0.0005507657926339396,0.0,0.0
8152,4075.5043374784,0.0,0.0,0.0,0.0005508347997225147,0.0,0.0
8153,4076.0050315439003,0.0,0.0,0.0,0.0005509038096759718,0.0,0.0
8154,4076.5057257435997,0.0,0.0,0.0,0.0005509728224927509,0.0,0.0
8155,4077.0064200775,0.0,0.0,0.0,0.000551041838171325,0.0,0.0
8156,4077.5071145456,0.0,0.0,0.0,0.000551110856710208,0.0,0.0
8157,4078.0078091479,0.0,0.0,0.0,0.0005511798781078789,0.0,0.0
8158,4078.5085038844,0.0,0.0,0.0,0.000551248902362783,0.0,0.0
8159,4079.0091987551,0.0,0.0,0.0,0.0005513179294734112,0.0,0.0
8160,4079.50989376,0.0,0.0,0.0,0.0005513869594382878,0.0,0.0
8161,4080.0105888991,0.0,0.0,0.0,0.0005514559922558249,0.0,0.0
8162,4080.5112841724003,0.0,0.0,0.0,0.0005515250279245805,0.0,0.0
8163,4081.0119795798996,0.0,0.0,0.0,0.0005515940664429951,0.0,0.0
8164,4081.5126751216,0.0,0.0,0.0,0.0005516631078095765,0.0,0.0
8165,4082.0133707975,0.0,0.0,0.0,0.0005517321520227982,0.0,0.0
8166,4082.5140666076,0.0,0.0,0.0,0.0005518011990811282,0.0,0.0
8167,4083.0147625519003,0.0,0.0,0.0,0.000551870248983081,0.0,0.0
8168,4083.5154586303997,0.0,0.0,0.0,0.0005519393017271526,0.0,0.0
8169,4084.0161548430997,0.0,0.0,0.0,0.0005520083573118003,0.0,0.0
8170,4084.51685119,0.0,0.0,0.0,0.0005520774157355375,0.0,0.0
8171,4085.0175476711,0.0,0.0,0.0,0.0005521464769968161,0.0,0.0
8172,4085.5182442863997,0.0,0.0,0.0,0.0005522155410941886,0.0,0.0
8173,4086.0189410359,0.0,0.0,0.0,0.0005522846080261072,0.0,0.0
8174,4086.5196379196,0.0,0.0,0.0,0.0005523536777910573,0.0,0.0
8175,4087.0203349375,0.0,0.0,0.0,0.0005524227503875528,0.0,0.0
8176,4087.5210320896003,0.0,0.0,0.0,0.0005524918258140901,0.0,0.0
8177,4088.0217293758997,0.0,0.0,0.0,0.0005525609040691379,0.0,0.0
8178,4088.5224267964,0.0,0.0,0.0,0.000552629985151205,0.0,0.0
8179,4089.0231243511,0.0,0.0,0.0,0.0005526990690587822,0.0,0.0
8180,4089.52382204,0.0,0.0,0.0,0.0005527681557903609,0.0,0.0
8181,4090.0245198630996,0.0,0.0,0.0,0.0005528372453444666,0.0,0.0
8182,4090.5252178204,0.0,0.0,0.0,0.0005529063377195681,0.0,0.0
8183,4091.0259159119,0.0,0.0,0.0,0.0005529754329141561,0.0,0.0
8184,4091.5266141376,0.0,0.0,0.0,0.0005530445309267681,0.0,0.0
8185,4092.0273124975,0.0,0.0,0.0,0.0005531136317558787,0.0,0.0
8186,4092.5280109916,0.0,0.0,0.0,0.0005531827353999615,0.0,0.0
8187,4093.0287096199,0.0,0.0,0.0,0.0005532518418575655,0.0,0.0
8188,4093.5294083824,0.0,0.0,0.0,0.0005533209511271479,0.0,0.0
8189,4094.0301072791003,0.0,0.0,0.0,0.000553390063207246,0.0,0.0
8190,4094.5308063099997,0.0,0.0,0.0,0.0005534591780963678,0.0,0.0
8191,4095.0315054751,0.0,0.0,0.0,0.0005535282957929714,0.0,0.0
