channel,energy_keV,raw_counts,background_adjusted_counts,background_adjusted_unc,efficiency,final_corrected_counts,final_corrected_unc
0,-1.694,0.0,0.0,0.0,nan,nan,nan
1,-1.1943999329,0.0,0.0,0.0,nan,nan,nan
2,-0.6947997316,0.0,0.0,0.0,nan,nan,nan
3,-0.19519939610000003,0.0,0.0,0.0,nan,nan,nan
4,0.3044010736,0.0,0.0,0.0,nan,nan,nan
5,0.8040016774999998,0.0,0.0,0.0,nan,nan,nan
6,1.3036024156,0.0,0.0,0.0,nan,nan,nan
7,1.8032032879,0.0,0.0,0.0,nan,nan,nan
8,2.3028042944,0.0,0.0,0.0,nan,nan,nan
9,2.8024054350999994,0.0,0.0,0.0,nan,nan,nan
10,3.3020067099999997,0.0,0.0,0.0,nan,nan,nan
11,3.8016081190999995,0.0,0.0,0.0,nan,nan,nan
12,4.3012096624,0.0,0.0,0.0,nan,nan,nan
13,4.8008113399,0.0,0.0,0.0,nan,nan,nan
14,5.3004131516,0.0,0.0,0.0,nan,nan,nan
15,5.8000150975,0.0,0.0,0.0,nan,nan,nan
16,6.2996171776,0.0,0.0,0.0,nan,nan,nan
17,6.7992193919,0.0,0.0,0.0,nan,nan,nan
18,7.298821740399999,0.0,0.0,0.0,nan,nan,nan
19,7.7984242231,0.0,0.0,0.0,nan,nan,nan
20,8.298026839999999,0.0,0.0,0.0,nan,nan,nan
21,8.7976295911,0.0,0.0,0.0,nan,nan,nan
22,9.2972324764,0.0,0.0,0.0,nan,nan,nan
23,9.796835495900002,0.0,0.0,0.0,nan,nan,nan
24,10.296438649599999,0.0,0.0,0.0,nan,nan,nan
25,10.7960419375,0.0,0.0,0.0,nan,nan,nan
26,11.2956453596,0.0,0.0,0.0,nan,nan,nan
27,11.795248915900002,0.0,0.0,0.0,nan,nan,nan
28,12.2948526064,0.0,0.0,0.0,nan,nan,nan
29,12.7944564311,0.0,0.0,0.0,nan,nan,nan
30,13.29406039,0.0,0.0,0.0,nan,nan,nan
31,13.7936644831,0.0,0.0,0.0,nan,nan,nan
32,14.2932687104,0.0,0.0,0.0,nan,nan,nan
33,14.792873071899999,0.0,0.0,0.0,nan,nan,nan
34,15.2924775676,0.0,0.0,0.0,nan,nan,nan
35,15.792082197500001,0.0,0.0,0.0,nan,nan,nan
36,16.2916869616,0.0,0.0,0.0,nan,nan,nan
37,16.7912918599,0.0,0.0,0.0,nan,nan,nan
38,17.2908968924,0.0,0.0,0.0,nan,nan,nan
39,17.790502059100003,0.0,0.0,0.0,nan,nan,nan
40,18.29010736,0.0,0.0,0.0,nan,nan,nan
41,18.7897127951,0.0,0.0,0.0,nan,nan,nan
42,19.2893183644,0.0,0.0,0.0,nan,nan,nan
43,19.788924067900002,0.0,0.0,0.0,nan,nan,nan
44,20.2885299056,0.0,0.0,0.0,nan,nan,nan
45,20.7881358775,0.0,0.0,0.0,nan,nan,nan
46,21.2877419836,0.0,0.0,0.0,nan,nan,nan
47,21.7873482239,0.0,0.0,0.0,nan,nan,nan
48,22.2869545984,0.0,0.0,0.0,nan,nan,nan
49,22.7865611071,0.0,0.0,0.0,nan,nan,nan
50,23.28616775,0.0,0.0,0.0,nan,nan,nan
51,23.7857745271,0.0,0.0,0.0,nan,nan,nan
52,24.285381438399998,0.0,0.0,0.0,nan,nan,nan
53,24.7849884839,0.0,0.0,0.0,nan,nan,nan
54,25.2845956636,0.0,0.0,0.0,nan,nan,nan
55,25.784202977499998,0.0,0.0,0.0,nan,nan,nan
56,26.2838104256,0.0,0.0,0.0,nan,nan,nan
57,26.7834180079,0.0,0.0,0.0,nan,nan,nan
58,27.2830257244,0.0,0.0,0.0,nan,nan,nan
59,27.7826335751,0.0,0.0,0.0,nan,nan,nan
60,28.28224156,0.0,0.0,0.0,nan,nan,nan
61,28.781849679100002,0.0,0.0,0.0,nan,nan,nan
62,29.281457932400002,0.0,0.0,0.0,nan,nan,nan
63,29.7810663199,0.0,0.0,0.0,nan,nan,nan
64,30.2806748416,0.0,0.0,0.0,nan,nan,nan
65,30.780283497499997,0.0,0.0,0.0,nan,nan,nan
66,31.2798922876,0.0,0.0,0.0,nan,nan,nan
67,31.779501211899998,0.0,0.0,0.0,nan,nan,nan
68,32.2791102704,0.0,0.0,0.0,nan,nan,nan
69,32.778719463099996,0.0,0.0,0.0,nan,nan,nan
70,33.278328789999996,0.0,0.0,0.0,nan,nan,nan
71,33.7779382511,0.0,0.0,0.0,nan,nan,nan
72,34.27754784639999,0.0,0.0,0.0,nan,nan,nan
73,34.77715757589999,0.0,0.0,0.0,nan,nan,nan
74,35.27676743959999,0.0,0.0,0.0,nan,nan,nan
75,35.776377437499995,0.0,0.0,0.0,nan,nan,nan
76,36.2759875696,0.0,0.0,0.0,nan,nan,nan
77,36.7755978359,0.0,0.0,0.0,nan,nan,nan
78,37.2752082364,0.0,0.0,0.0,nan,nan,nan
79,37.7748187711,0.0,0.0,0.0,nan,nan,nan
80,38.27442943999999,0.0,-0.25,0.25,nan,nan,nan
81,38.774040243099996,0.0,-17.0,2.0615528128088303,nan,nan,nan
82,39.273651180399995,53.0,16.5,7.881941385217223,nan,nan,nan
83,39.77326225189999,160.0,120.0,13.038404810405298,nan,nan,nan
84,40.2728734576,147.0,107.25,12.52746981636755,nan,nan,nan
85,40.7724847975,146.0,108.25,12.467457639791682,nan,nan,nan
86,41.2720962716,138.0,100.0,12.144957801491119,nan,nan,nan
87,41.77170787989999,135.0,94.0,12.05197079319395,nan,nan,nan
88,42.27131962239999,159.0,117.0,13.019216566291536,nan,nan,nan
89,42.770931499099994,142.0,102.0,12.328828005937952,nan,nan,nan
90,43.270543509999996,141.0,99.5,12.303454799364282,nan,nan,nan
91,43.7701556551,145.0,103.25,12.467457639791682,nan,nan,nan
92,44.2697679344,153.0,113.5,12.762249018100217,nan,nan,nan
93,44.7693803479,144.0,106.25,12.386989141837494,nan,nan,nan
94,45.2689928956,169.0,128.5,13.383758814324173,nan,nan,nan
95,45.76860557749999,146.0,109.75,12.452409405412272,nan,nan,nan
96,46.268218393599994,153.0,112.0,12.776932339180636,nan,nan,nan
97,46.76783134389999,154.0,119.25,12.754901018824098,nan,nan,nan
98,47.2674444284,135.0,100.5,11.984364814206884,nan,nan,nan
99,47.767057647099996,136.0,102.75,12.013013776733963,nan,nan,nan
100,48.266670999999995,140.0,100.25,12.244896896258457,nan,nan,nan
101,48.7662844871,144.0,107.75,12.371843031658623,nan,nan,nan
102,49.265898108399995,145.0,111.5,12.384466076500836,nan,nan,nan
103,49.765511863899995,160.0,125.75,12.983162172598785,nan,nan,nan
104,50.265125753599996,132.0,90.5,11.932099563781724,nan,nan,nan
105,50.7647397775,140.0,100.5,12.242344546695294,nan,nan,nan
106,51.2643539356,149.0,111.5,12.584712948653218,nan,nan,nan
107,51.763968227899994,149.0,109.25,12.607041683122967,nan,nan,nan
108,52.2635826544,122.0,82.5,11.483684077855852,nan,nan,nan
109,52.7631972151,127.0,90.75,11.664583147288205,nan,nan,nan
110,53.262811909999996,130.0,89.0,11.84271928232701,nan,nan,nan
111,53.76242673909999,150.0,118.0,12.569805089976535,nan,nan,nan
112,54.2620417024,167.0,133.5,13.242922638149027,nan,nan,nan
113,54.761656799899995,173.0,136.75,13.493053768513635,nan,nan,nan
114,55.261272031599994,166.0,127.25,13.254716141811564,nan,nan,nan
115,55.7608873975,157.0,124.75,12.847665157529597,nan,nan,nan
116,56.2605028976,171.0,139.75,13.372079120316332,4.252797295995497e-06,32860724.429916017,3144302.018087648
117,56.76011853189999,147.0,109.75,12.502499750049987,2.6400427529619923e-05,4157129.6478765784,473571.86682006664
118,57.25973430039999,169.0,130.5,13.36506640462366,4.793718230209117e-05,2722312.696178373,278803.7544718316
119,57.75935020309999,159.0,121.5,12.97593927236098,6.888087145874388e-05,1763914.9654599288,188382.33311454116
120,58.25896623999999,172.0,136.5,13.448977656312763,8.92487086946913e-05,1529433.8931776534,150691.00553958758
121,58.758582411099994,211.0,169.75,14.87657554681184,0.00010905733441924792,1556520.7136590367,136410.5919701098
122,59.258198716399995,222.0,184.75,15.20896117425513,0.00012832283762889788,1439728.1373584191,118521.07898547688
123,59.7578151559,201.0,166.0,14.482748357960238,0.00014706077683677098,1128785.0069243852,98481.38075617034
124,60.2574317296,227.0,196.5,15.31747368204039,0.00016539393715626238,1188072.5701229845,92612.06272372976
125,60.757048437499996,238.0,203.0,15.708278072405008,0.00018336462771527314,1107083.7518085358,85666.89370862015
126,61.25666527959999,221.0,180.0,15.20690632574555,0.0002008949808600233,895990.5281327949,75695.80016705942
127,61.7562822559,199.0,163.75,14.415703243338495,0.00021799686923085188,751157.5766099368,66128.02878408642
128,62.255899366399994,156.0,120.0,12.84523257866513,0.00023468178343481977,511330.6974391928,54734.681110145684
129,62.75551661109999,158.0,118.5,12.956658519849938,0.00025096084659282384,472185.2097999277,51628.206932500965
130,63.25513398999999,148.0,111.75,12.532457859494281,0.000266844828243097,418782.70879657136,46965.33915237491
131,63.75475150309999,169.0,133.5,13.33697866834914,0.0002823441576335027,472827.2088891243,47236.60223797238
132,64.2543691504,169.0,134.25,13.329947486768281,0.0002974689364335226,451307.62764535507,44811.22515374716
133,64.75398693189999,193.0,160.75,14.179650912487231,0.0003122289508946266,514846.55583476345,45414.273314048594
134,65.25360484759999,192.0,148.25,14.245613359908374,0.0003266336834866578,453872.3576132823,43613.42408977326
135,65.7532228975,163.0,124.25,13.141061600951423,0.000340692324035699,364698.5600620125,38571.6397871484
136,66.2528410816,192.0,156.25,14.175242502334836,0.00035441378038798593,440868.86189625325,39996.30738628964
137,66.75245939989999,169.0,132.75,13.344006145082519,0.00036780668862289057,360923.28961452784,36279.94421483734
138,67.25207785239999,192.0,160.25,14.13992574237927,0.00038087942283661493,420736.82743617817,37124.41495807676
139,67.7516964391,202.0,167.25,14.515078366994786,0.000393640104517311,424880.48875275336,36873.98260599857
140,68.25131516,218.0,177.0,15.107944929738128,0.0004060966115310553,435856.87487684033,37202.83425359924
141,68.7509340151,228.0,183.0,15.46770829825802,0.00041825658673706615,437530.4676673068,36981.386040865094
142,69.2505530044,222.0,182.75,15.225389978585113,0.00043012744624971495,424874.07300649816,35397.39235739413
143,69.7501721279,221.0,178.0,15.22333734763833,0.0004417163873636401,402973.5031167469,34464.05382081923
144,70.24979138559999,202.0,154.0,14.628738838327793,0.00045303039615801014,339933.04048915766,32290.855011912954
145,70.74941077749999,242.0,178.25,16.060432746349022,0.0004640762547942959,384096.35950671555,34607.314165358206
146,71.2490303036,303.0,248.5,17.793959649274246,0.0004748605485219726,523311.52961320704,37471.96878043216
147,71.7486499639,448.0,410.0,21.38924963620744,0.0004853896724053765,844682.1663267398,44066.14077759788
148,72.2482697584,388.0,339.0,20.006249023742555,0.0004956698377842695,683922.995023036,40362.04646458613
149,72.7478896871,333.0,249.5,18.81156559141211,0.0005057070784803386,493368.6132093567,37198.54119491721
150,73.24750974999999,252.0,174.25,16.475360390595405,0.0005155072567608314,338016.58020275546,31959.512062192207
151,73.74712994709999,258.0,202.25,16.490527584040482,0.0005250760690702005,385182.2848413989,31405.97821043672
152,74.2467502784,404.0,365.75,20.336236131595246,0.000534419051540217,684388.0264857585,38052.97747710416
153,74.7463707439,438.0,402.0,21.142374511865974,0.0005435415852879113,739593.8247982675,38897.43689191134
154,75.2459913436,327.0,289.0,18.34393632784414,0.0005524489015111768,523125.3048190795,33204.765685416096
155,75.7456120775,216.0,181.25,14.989579713921268,0.0005611460863903922,322999.66870641854,26712.43741597253
156,76.2452329456,190.0,156.0,14.089002803605371,0.0005696380858046823,273858.0932130464,24733.252840183537
157,76.7448539479,206.0,170.5,14.658615214269048,0.000577929709870786,295018.575940871,25364.010473776187
158,77.24447508440001,192.0,152.0,14.212670403551895,0.0005860256373121536,259374.31798574261,24252.64271498304
159,77.74409635509998,180.0,144.75,13.740906083661297,0.0005939304196653252,243715.41717220919,23135.54859069886
160,78.24371776,161.0,122.0,13.06713434537198,0.0006016484853308088,202776.2106521715,21718.885136371915
161,78.74333929909999,153.0,110.0,12.796483892069727,0.0006091841434747463,180569.37492260916,21005.93725089334
162,79.2429609724,169.0,135.5,13.318220601867203,0.0006165415877876105,219774.30668744724,21601.49593421285
163,79.74258277989999,197.0,153.5,14.417870855296213,0.0006237249001061471,246102.08759322733,23115.753199595754
164,80.24220472159999,162.0,125.75,13.079086359528329,0.0006309466861281841,199303.68565950822,20729.305101494996
165,80.7418267975,163.0,119.0,13.190905958272918,0.000638230203877196,186453.09995842376,20667.94375781536
166,81.2414490076,192.0,153.25,14.201672436723781,0.0006453593639152306,237464.59502853008,22005.836175624474
167,81.74107135189999,161.0,108.5,13.195643220396647,0.0006523374806627353,166324.95175621455,20228.246285941863
168,82.24069383039999,169.0,116.25,13.497684986693088,0.0006591677840512779,176358.74023685098,20476.857809609028
169,82.7403164431,188.0,114.0,14.370107863199914,0.0006658534220808266,171208.852007915,21581.48833761728
170,83.23993919,186.0,129.75,14.144345159815634,0.0006723974632871223,192966.2247172921,21035.69084075473
171,83.7395620711,221.0,176.0,15.239750654128171,0.00067880289912204,259279.97689408434,22450.921576556586
172,84.2391850864,329.0,289.5,18.408557792505093,0.0006850726462508786,422582.92107313685,26870.95725285132
173,84.73880823590001,319.0,270.25,18.198557635153396,0.0006912095487698852,390981.28849775274,26328.568040676746
174,85.23843151959998,236.0,182.0,15.795568998931314,0.0006972163803470325,261038.04375538527,22655.18918397934
175,85.7380549375,189.0,142.25,14.16642156650719,0.0007030958462891175,202319.49989575945,20148.634985224853
176,86.23767848959999,187.0,145.25,14.051245496396396,0.0007088505855382723,204909.19096822507,19822.57725826163
177,86.7373021759,224.0,182.75,15.307269514841632,0.000714483172600413,255779.29195290658,21424.25476464298
178,87.23692599639999,243.0,205.0,15.890248582070704,0.00071999611940839,284723.75680086366,22069.90864774033
179,87.73654995109999,195.0,148.5,14.37445651146505,0.0007253918771223714,204716.93257594682,19816.1255520099
180,88.23617404,151.0,112.0,12.678722333105966,0.0007306728378699816,153283.37690298766,17352.119411016152
181,88.7357982631,165.0,126.5,13.21457528640251,0.0007358413364281772,171912.06002918974,17958.457390484393
182,89.2354226204,178.0,139.5,13.697627531802725,0.0007408996518495131,188284.60730378958,18487.83097361328
183,89.7350471119,169.0,126.25,13.40475661845451,0.0007458500090346771,169269.95839739972,17972.456199073767
184,90.2346717376,187.0,140.0,14.097872179871684,0.0007506945802531983,186493.95331025307,18779.770829192184
185,90.7342964975,194.0,147.25,14.341809509263467,0.000755435486614674,194920.68165856236,18984.82367241349
186,91.2339213916,170.0,129.25,13.4233937586588,0.0007600747994918892,170049.05318056035,17660.622043557232
187,91.7335464199,190.0,145.5,14.181854603682835,0.0007646145418981438,190291.96023240482,18547.71761007396
188,92.2331715824,208.0,164.75,14.792312192487014,0.0007690566898198358,214223.4794662477,19234.35864780314
189,92.7327968791,186.0,141.75,14.037895141366457,0.0007734031735067208,183280.86159419955,18150.811403729607
190,93.23242230999999,209.0,164.25,14.8387162517517,0.0007776558787206143,211211.6740764838,19081.34003457171
191,93.7320478751,175.0,135.75,13.594576124322524,0.0007818166479447486,173634.06158830418,17388.44543674038
192,94.23167357439999,190.0,146.75,14.170832720768388,0.0007858872815546941,186731.61335514867,18031.63513822836
193,94.7312994079,196.0,157.5,14.339630399699987,0.0007898695389525551,199400.0176394453,18154.428918370177
194,95.2309253756,179.0,129.25,13.836094102021711,0.0007937651396655968,162831.53988653544,17430.967184891342
195,95.7305514775,183.0,147.25,13.85415100249741,0.000797575764410633,184621.95890419275,17370.325956098863
196,96.2301777136,178.0,138.5,13.7067501618728,0.0008013030561253926,172843.4690736119,17105.57579569232
197,96.72980408389999,184.0,134.0,14.017845768876187,0.0008049486209681228,166470.25227378655,17414.5844886556
198,97.22943058839999,191.0,148.0,14.203872711341791,0.0008085140292862934,183051.8638379662,17567.874145461767
199,97.7290572271,175.0,136.75,13.585378169193525,0.0008120008165558062,168411.16069321294,16730.744467496294
200,98.228684,181.0,127.5,13.941843493598686,0.0008154104842915217,156362.9637541143,17097.944853765533
201,98.7283109071,196.0,159.25,14.324367350776788,0.0008187445009302305,194505.123172205,17495.52801209891
202,99.2279379484,183.0,141.5,13.90593398517338,0.0008220043026869067,172140.2181685367,16917.10607805664
203,99.7275651239,209.0,164.75,14.834503699146797,0.0008251912943852409,199650.67629892664,17977.048231220557
204,100.2271924336,202.0,162.0,14.560219778561036,0.0008283938206361587,195559.16034669758,17576.44663184429
205,100.72681987749999,180.0,139.0,13.793114224133722,0.0008316311848585274,167141.3993736249,16585.61448303569
206,101.2264474556,176.0,127.5,13.715866724345203,0.0008348006111630031,152731.08128463547,16430.111024040736
207,101.72607516789999,202.0,154.0,14.628738838327793,0.0008379033369002002,183792.08342780764,17458.742785828257
208,102.2257030144,195.0,149.25,14.367933045501012,0.000840940573265351,177479.8419113803,17085.55099168386
209,102.7253309951,192.0,146.75,14.258769231599198,0.0008439135059509311,173892.22824990872,16896.007862242066
210,103.22495911,179.0,129.75,13.831576193623054,0.0008468232957801553,153219.68661769613,16333.485701855188
211,103.7245873591,185.0,142.5,13.986600730699365,0.000849671079322339,167711.95756556978,16461.19430339382
212,104.22421574239999,177.0,127.75,13.759087905817013,0.0008524579694903253,149860.7609667609,16140.488327000347
213,104.72384425989999,198.0,158.0,14.422205101855956,0.0008551850561210126,184755.33321017513,16864.42600771446
214,105.2234729116,222.0,178.5,15.260242462031853,0.0008578534065390207,208077.5090934848,17788.869689984404
215,105.7231016975,195.0,146.5,14.391837964624255,0.0008604640661046633,170256.96455077804,16725.669939683095
216,106.22273061759999,198.0,153.5,14.461154863979571,0.0008630180587460918,177864.1807600473,16756.49161384951
217,106.7223596719,213.0,167.5,14.979152178945242,0.0008655163874767341,193526.08734343873,17306.60724127294
218,107.2219888604,217.0,169.0,15.132745950421555,0.0008679600348978652,194709.42578581584,17434.841861356275
219,107.72161818309999,181.0,137.5,13.851895177195068,0.0008703499636874946,157982.42745646895,15915.316545206051
220,108.22124763999999,168.0,125.0,13.369741957120938,0.0008726871170753539,143235.757185134,15320.200900784585
221,108.72087723109999,198.0,149.0,14.5,0.0008749724193048831,170291.0819959013,16571.95093248704
222,109.22050695639999,214.0,169.0,15.008331019803634,0.0008772067760823692,192656.9705204044,17109.22832451349
223,109.72013681589999,222.0,177.0,15.272524349301264,0.0008793910750138368,201275.63836966958,17367.15868882449
224,110.21976680959999,216.0,169.25,15.08931741332258,0.0008815261860298176,191996.56536836573,17117.265093713486
225,110.7193969375,226.0,177.75,15.429274124209472,0.0008836129617987345,201162.7349129891,17461.57513669869
226,111.21902719959999,199.0,149.25,14.540890619215867,0.0008856522381288553,168519.8699608382,16418.284732094
227,111.7186575959,209.0,163.5,14.845032839303524,0.0008876448343594966,184195.29261157443,16724.06830375501
228,112.2182881264,207.0,160.0,14.79019945774904,0.0008895915537417356,179857.82275811813,16625.831703931508
229,112.7179187911,213.0,163.75,15.010413052278075,0.0008914931838087072,183680.5967493934,16837.38398105234
230,113.21754959,204.0,157.25,14.686303142724517,0.00089335049673619,176022.7375196015,16439.575727981533
231,113.7171805231,214.0,165.75,15.035374953754895,0.0008951642496935391,185161.55002475218,16796.219195418358
232,114.2168115904,191.0,136.25,14.306903927824496,0.0008969351851852373,151906.18257646041,15950.878239735683
233,114.71644279190001,211.0,162.0,14.941552797483935,0.0008986640313835173,180267.59093784657,16626.40572637698
234,115.21607412759998,201.0,153.75,14.588094460895158,0.0009003515024522008,170766.63900848269,16202.665760164746
235,115.71570559749999,204.0,154.75,14.707566080082728,0.0009019982988620408,171563.5164669737,16305.536383647024
236,116.2153372016,234.0,190.0,15.652475842498529,0.0009036051076978286,210268.84241953315,17322.252507378278
237,116.71496893989999,194.0,150.5,14.313455208299636,0.0009051726029575027,166266.63191999623,15812.956735027965
238,117.2146008124,199.0,152.5,14.512925273699992,0.0009067014458435612,168192.07766688813,16006.28888398618
239,117.71423281909999,180.0,135.75,13.822535946779087,0.0009081922850468667,149472.751789556,15219.83414125323
240,118.21386496,200.0,152.75,14.553779577827886,0.0009096457570232165,167922.5113959405,15999.392582728702
241,118.7134972351,191.0,146.25,14.219265100559873,0.0009110624862628241,160526.85979851626,15607.343420413743
242,119.2131296444,198.0,150.5,14.48706319445042,0.0009124430855528876,164941.7945984058,15877.223931914723
243,119.7127621879,232.0,181.5,15.640492319617053,0.0009137881562335184,198623.71684495514,17116.10312841495
244,120.2123948656,173.0,125.5,13.596874640887147,0.0009150982884471624,137143.73809283588,14858.376212198795
245,120.7120276775,192.0,144.5,14.278480311293634,0.0009163740613817055,157686.69813953858,15581.497679849857
246,121.2116606236,183.0,135.5,13.959763608313716,0.0009176160435075486,147665.2473098192,15213.077089359847
247,121.7112937039,226.0,177.75,15.429274124209472,0.0009188247928086781,193453.6392478603,16792.400732946076
248,122.2109269184,203.0,157.5,14.641550464346322,0.0009200008570078889,171195.49270012195,15914.713940555353
249,122.71056026709999,220.0,173.5,15.219231255224424,0.0009211447737866611,188352.58575779852,16522.083920273348
250,123.21019374999999,220.0,174.75,15.20896117425513,0.0009222570709992421,189480.791739187,16491.021486857895
251,123.70982736709999,187.0,138.25,14.113380176272443,0.0009233382668817745,149728.44184925535,15285.167616777157
252,124.20946111839999,190.0,139.0,14.239030865898142,0.0009243888702560235,150369.61658950074,15403.723826699066
253,124.70909500389999,204.0,154.25,14.711814979804497,0.0009254093807282667,166682.9872403177,15897.628969599145
254,125.20872902359999,212.0,165.5,14.95409642873818,0.0009264002888832464,178648.4762429277,16142.154323769684
255,125.70836317749999,231.0,185.0,15.572411502397436,0.0009273620764734493,199490.58161135257,16792.159068673413
256,126.20799746559999,219.0,173.0,15.182226450688976,0.000928295216603726,186363.1277051499,16354.954953053495
257,126.70763188789999,207.0,159.75,14.792312192487016,0.0009292001739115619,171922.05133530727,15919.403168229386
258,127.20726644439998,193.0,140.75,14.354877219955592,0.0009300774047428735,151331.4905643916,15434.067258008594
259,127.7069011351,186.0,136.75,14.08234710550766,0.0009309273573236985,146896.5316403843,15127.224476453966
260,128.20653596,219.0,172.5,15.18634254848744,0.0009317504719276674,185135.4039489999,16298.722679548446
261,128.7061709191,229.0,180.0,15.532224567009068,0.0009325471810396486,193019.7245348244,16655.698374095125
262,129.2058060124,187.0,140.25,14.095655359010449,0.0009333179095152741,150270.34043827566,15102.737465234259
263,129.7054412399,180.0,127.0,13.901438774457844,0.0009340630747369324,135965.12209388858,14882.762364172266
264,130.2050766016,225.0,177.25,15.392774278862143,0.0009347830867658969,189616.1820955044,16466.680341978677
265,130.70471209750002,197.0,148.75,14.458993740921253,0.0009354783484909589,159009.5593767103,15456.256966551262
266,131.2043477276,218.0,167.0,15.190457530963313,0.0009361492557735992,178390.35706116902,16226.533789647121
267,131.70398349190003,220.0,164.75,15.290928683373028,0.0009367961975896971,175865.35942811123,16322.577656394618
268,132.2036193904,210.0,157.25,14.939461168328661,0.0009374195561679983,167747.72722131974,15936.792730672783
269,132.70325542310002,226.0,173.0,15.46770829825802,0.0009380197071253376,184431.0931698622,16489.747689481363
270,133.20289159,313.0,258.5,18.072769571927815,0.0009385970195987537,275411.05991419795,19255.089452184548
271,133.70252789110003,521.0,468.5,23.11114449783913,0.000939151856374569,498854.36185854126,24608.52772740678
272,134.2021643264,603.0,554.5,24.801713650471815,0.0009396845740145131,590091.6279077238,26393.658400195
273,134.7018008959,491.0,437.0,22.4610774452162,0.0009401955229788439,464796.9377852837,23889.794086715316
274,135.2014375996,277.0,224.25,17.03489066592445,0.0009406850477468468,238390.09723512607,18109.02672124625
275,135.7010744375,219.0,172.75,15.184284639060214,0.000941153486934461,183551.35734840005,16133.696415999786
276,136.20071140960002,204.0,156.25,14.694812009685597,0.0009416011734092755,165940.74477866493,15606.195515326066
277,136.7003485159,185.0,133.5,14.0668048966352,0.0009420284344029336,141715.46752154414,14932.4631645019
278,137.19998575640003,186.0,132.75,14.117807903495498,0.0009424355916209939,140858.4323217986,14980.130238091708
279,137.6996231311,177.0,130.0,13.738631664034086,0.0009428229613503199,137883.78659532513,14571.804280580405
280,138.19926064,204.0,153.75,14.716062652761439,0.0009431908545641174,163010.48643124665,15602.422968320938
281,138.6988982831,168.0,119.0,13.425721582097552,0.0009435395770245444,126120.83573141356,14229.102741440496
282,139.19853606040002,187.0,133.75,14.15317985471816,0.0009438694293830876,141703.92200054505,14994.849302375085
283,139.69817397190002,215.0,170.0,15.041608956491324,0.0009441807072787027,180050.27924153453,15930.858193283704
284,140.19781201760003,188.0,134.0,14.19506956657839,0.0009444737014338739,141877.95784738622,15029.608071699431
285,140.69745019750002,203.0,152.5,14.684175155588413,0.0009447486977483243,161418.58714752644,15542.942996996006
286,141.19708851160001,207.0,155.0,14.832396974191326,0.0009450059773909379,164020.12654770576,15695.558894920447
287,141.69672695990002,188.0,131.75,14.2148689758295,0.0009452458168895382,139381.73292693487,15038.27758011719
288,142.1963655424,195.0,143.0,14.422205101855956,0.000945468488218653,151247.76952579853,15254.030442652487
289,142.69600425910002,194.0,148.25,14.333091083224163,0.0009456742588854824,156766.45378369396,15156.477982298393
290,143.19564311,223.0,171.75,15.356187677936214,0.000945863392013962,181580.13244841257,16235.100975035451
291,143.69528209510003,196.0,149.75,14.40702953422391,0.0009460361464269948,158292.04895138342,15228.83622220633
292,144.1949212144,192.0,141.5,14.304719500919967,0.0009461927767268874,149546.69226020004,15118.187173657672
293,144.6945604679,192.0,148.25,14.245613359908374,0.0009463335333741538,156657.24057290284,15053.480466993085
294,145.1941998556,191.0,145.0,14.230249470757707,0.0009464586627644481,153202.67614908732,15035.257249580789
295,145.6938393775,209.0,157.5,14.895469109766232,0.0009465684073041355,166390.50995645023,15736.283817235271
296,146.1934790336,204.0,161.25,14.652218262092605,0.000946663005483887,170335.16580441105,15477.755206672642
297,146.69311882390002,204.0,153.25,14.72030910001553,0.0009467426919511223,161870.80323183723,15548.373623754891
298,147.1927587484,192.0,140.75,14.31127178136171,0.000946807697580532,148657.4310281506,15115.288794052549
299,147.69239880710003,197.0,151.0,14.439529078193651,0.0009468582495433899,159474.76834343237,15249.93744856416
300,148.192039,186.0,137.0,14.080127840328723,0.0009468945713752689,144683.4781205064,14869.794659271049
301,148.69167932710002,193.0,147.5,14.295978455495796,0.0009469168830423185,155768.6874544913,15097.395253493327
302,149.19131978840002,189.0,133.25,14.245613359908376,0.0009469254010063672,140718.58232801172,15044.0714176307
303,149.6909603839,163.0,115.75,13.22166782217735,0.0009469203382883198,122238.37140221636,13962.809000466938
304,150.19060111360002,211.0,166.5,14.90385856078888,0.0009469812733787612,175821.8506327374,15738.282244603404
305,150.6902419775,189.0,136.5,14.217067208112931,0.0009471574083953173,144115.43296827457,15010.247591474385
306,151.1898829756,198.0,145.25,14.53229162933362,0.0009473201081636965,153327.26366545242,15340.423478926563
307,151.6895241079,183.0,133.25,13.979896280015815,0.0009474695662715848,140637.76267174043,14754.981877706652
308,152.1891653744,225.0,179.5,15.374491861521799,0.0009476059733596715,189424.72403756084,16224.561994910817
309,152.6888067751,224.0,177.5,15.350081433008752,0.0009477295171732251,187289.7243186283,16196.690252713823
310,153.18844831,201.0,146.0,14.654350889752845,0.0009478403826126727,154034.37401301536,15460.779218288726
311,153.6880899791,193.0,153.75,14.241225368626113,0.0009479387517831773,162194.02330665276,15023.360255962527
312,154.18773178240002,201.0,156.5,14.564511663629508,0.0009480248040432296,165080.0689312594,15363.006960907926
313,154.6873737199,217.0,167.75,15.143067720907807,0.0009480987160522244,176933.05260288928,15972.036945648259
314,155.18701579160003,191.0,143.0,14.247806848775006,0.0009481606618170557,150818.32199825154,15026.785462149948
315,155.68665799750002,219.0,175.75,15.159567935795533,0.0009482108127379721,185349.07811536067,15987.550165160073
316,156.18630033760002,183.0,134.5,13.968715044698993,0.0009482493376532102,141840.33108092588,14731.057001600115
317,156.68594281190002,201.0,150.75,14.613777745675483,0.0009482764028830949,158972.63660855294,15410.884106410791
318,157.1855854204,166.0,119.25,13.329947486768281,0.0009482921722729329,125752.3825322456,14056.793756736526
319,157.68522816310002,172.0,129.25,13.51619399091327,0.0009482968072353104,136296.98952253026,14253.126118096652
320,158.18487104,160.0,117.25,13.064742630453921,0.0009482904667914883,123643.55026863422,13777.152769085696
321,158.68451405110002,179.0,135.0,13.784048752090222,0.0009482733076119176,142364.01986256157,14535.94511354881
322,159.1841571964,188.0,139.25,14.148763196831021,0.0009482454840560073,146850.15888963128,14920.991910566629
323,159.68380047590003,195.0,146.25,14.394009170484782,0.0009482071482111848,154238.44913625054,15180.23693202421
324,160.1834438896,190.0,139.0,14.239030865898142,0.000948158449931116,146599.96966762084,15017.564698107803
325,160.6830874375,188.0,136.5,14.173037783058366,0.000948099536873165,143972.2251633804,14948.892212099465
326,161.1827311196,202.0,155.5,14.615915982243466,0.0009480305545352498,164024.2492777359,15417.135990314766
327,161.68237493590001,190.0,141.5,14.217067208112931,0.0009479516462918733,149269.21700437905,14997.671309213078
328,162.18201888640002,169.0,117.75,13.4837865601618,0.0009478629534294693,124226.8194721272,14225.460032355966
329,162.68166297110002,176.0,125.25,13.736356867816154,0.0009477646151811483,132153.0662716931,14493.426582707663
330,163.18130719,186.0,136.0,14.08900280360537,0.0009476567687607596,143511.8752729912,14867.200096116449
331,163.6809515431,185.0,140.25,14.00669482783144,0.0009475395493962257,148014.92991967205,14782.174355420348
332,164.1805960304,170.0,125.0,13.462912017836262,0.0009474130903623047,131938.22343345304,14210.181550993608
333,164.6802406519,177.0,130.75,13.731806144859458,0.0009472775230127546,138027.132306653,14496.075132434624
334,165.1798854076,187.0,135.0,14.142135623730951,0.0009471329768118365,142535.42354150335,14931.520673406472
335,165.6795302975,180.0,131.25,13.863170633011773,0.0009469795793652853,138598.5536118641,14639.355414932588
336,166.1791753216,177.0,128.75,13.75,0.0009468174564506019,135981.86125829763,14522.334697488095
337,166.6788204799,175.0,130.5,13.642763649642253,0.0009466467320468861,137855.01558519775,14411.673529092737
338,167.17846577240002,197.0,146.75,14.476273691803426,0.000946467528364037,155050.22158938347,15295.05583443055
339,167.6781111991,202.0,153.75,14.630874888399532,0.0009462799658714418,162478.34208178506,15461.465333809287
340,168.17775676000002,176.0,128.5,13.7067501618728,0.0009460841633261497,135823.01129344807,14487.876124766695
341,168.6774024551,166.0,120.75,13.315873985585776,0.0009458802378004119,127658.86755473074,14077.758952392374
342,169.17704828440003,179.0,134.0,13.793114224133722,0.000945668304708905,141698.7323491272,14585.573139600476
343,169.6766942479,212.0,176.5,14.861863947701849,0.0009454484778353093,186683.8903840777,15719.380057313589
344,170.1763403456,170.0,120.75,13.502314616390777,0.0009452208693584009,127747.9199988072,14284.824906115231
345,170.6759865775,181.0,136.5,13.860916275629112,0.0009449855898776638,144446.647083445,14667.859937867965
346,171.17563294360002,204.0,155.5,14.701190427989157,0.0009447427484385855,164595.0712582882,15561.051357405398
347,171.6752794439,158.0,116.75,12.973530745329121,0.000944492452557299,123611.36363121672,13735.981383654374
348,172.1749260784,159.0,115.25,13.03600782448369,0.0009442348082448157,122056.5043712291,13805.896277765467
349,172.67457284710002,197.0,151.75,14.433035023861057,0.0009439699200309044,160757.24107292728,15289.719214134002
350,173.17421975,192.0,144.25,14.280668751847722,0.0009436978909874457,152856.1220467102,15132.669987113177
351,173.67386678710002,204.0,155.25,14.703315952532613,0.0009434188227514602,164561.05841434962,15585.141612556252
352,174.1735139584,197.0,146.5,14.478432235570258,0.0009431328155476035,155333.37148802198,15351.424525679095
353,174.67316126390003,176.0,133.75,13.658788379647735,0.0009428399682102879,141858.64463710223,14486.857621845455
354,175.1728087036,196.0,149.5,14.409198450989562,0.0009425403782055594,158613.89438256557,15287.619272526326
355,175.6724562775,207.0,157.5,14.811313243598624,0.0009422341416523071,167155.9042891474,15719.355294879702
356,176.1721039856,172.0,126.75,13.539294664051003,0.0009419213533434001,134565.37485862712,14374.124353368308
357,176.6717518279,187.0,144.75,14.055692796870597,0.0009416021067661098,153727.35358158595,14927.422842270653
358,177.1713998044,188.0,142.5,14.120021246442938,0.0009412764941225283,151390.16100985353,15000.928350607363
359,177.67104791510002,165.0,121.5,13.261787209874845,0.0009409446063493589,129125.56082487265,14094.121078314505
360,178.17069616,200.0,154.5,14.538741348548712,0.0009406065331374858,164255.71645207482,15456.77266354222
361,178.67034453910003,187.0,148.25,14.02453207775575,0.0009402623629510485,157668.75910539675,14915.55190376783
362,179.1699930524,185.0,143.5,13.977660748494364,0.000939912183046489,152673.83760776548,14871.241165519625
363,179.66964169989998,200.0,154.5,14.538741348548712,0.0009395560794908793,164439.35957896148,15474.053828087486
364,180.1692904816,203.0,158.75,14.63087488839953,0.0009391941371802318,169027.88647788993,15578.115651707756
365,180.6689393975,179.0,138.75,13.75,0.0009388264398573379,147790.8952171012,14645.944571064085
366,181.1685884476,181.0,139.75,13.831576193623054,0.0009384530701293334,148915.2781829999,14738.69779307861
367,181.66823763189998,183.0,137.5,13.941843493598686,0.0009380741094849335,146576.90539556288,14862.19836218879
368,182.1678869504,177.0,132.0,13.720422734012244,0.000937689638311447,140771.52461415718,14632.157777406412
369,182.6675364031,178.0,137.5,13.715866724345203,0.0009372997359113994,146698.00356478232,14633.383749978704
370,183.16718599,180.0,135.0,13.829316685939332,0.0009369044805188807,144091.529934016,14760.647401622327
371,183.6668357111,187.0,133.5,14.155387666892066,0.0009365039493157508,142551.45437191238,15115.139319203714
372,184.1664855664,162.0,110.25,13.226394066411299,0.0009360982184473265,117776.10279279009,14129.280246200507
373,184.6661355559,212.0,164.25,14.964541422977184,0.0009356873630380555,175539.401821888,15993.099847356343
374,185.16578567960002,187.0,142.25,14.077908225301087,0.0009352714572067058,152094.87994517203,15052.216248902063
375,185.6654359375,231.0,184.0,15.580436450882884,0.0009348505740814024,196822.89886894604,16666.23189079436
376,186.16508632960003,199.0,159.25,14.454670525473764,0.0009344247858144664,170425.7019051501,15469.057269146319
377,186.6647368559,214.0,162.75,15.060295481829034,0.0009339941635968114,174251.62419993052,16124.614123745525
378,187.16438751639998,182.0,139.0,13.88344337691482,0.0009335587776723338,148892.60679072858,14871.525723887218
379,187.6640383111,175.0,135.25,13.599172768959146,0.000933118697351836,144944.04665112338,14573.893768877642
380,188.16368924,158.0,117.0,12.971121771072847,0.0009326739910269272,125445.76253399791,13907.455226440808
381,188.6633403031,176.0,132.25,13.672508913875317,0.0009322247261834691,141864.9348011095,14666.537509523709
382,189.1629915004,163.0,122.0,13.162446581088181,0.0009317709694149799,130933.4632700552,14126.268163680108
383,189.6626428319,166.0,125.25,13.273563952458286,0.0009313127864357192,134487.5769174731,14252.530563075707
384,190.1622942976,179.0,137.0,13.765899897936205,0.0009308502420936345,147177.27278220886,14788.522659643342
385,190.6619458975,183.0,139.5,13.923900315644321,0.0009303834003829246,149938.18671161262,14965.766059361722
386,191.1615976316,180.0,137.0,13.811227316933135,0.0009299123244565936,147325.71705623725,14852.18224740048
387,191.6612494999,185.0,146.0,13.955285736952863,0.0009294370766386689,157084.32950406114,15014.77193853992
388,192.1609015024,190.0,150.0,14.142135623730951,0.0009289577184362643,161471.28876058906,15223.659099939156
389,192.66055363910002,176.0,138.25,13.617543831396322,0.0009284743105514643,148900.1886523784,14666.581160773556
390,193.16020591,196.0,154.0,14.370107863199914,0.0009279869128929614,165950.61617831577,15485.248405499264
391,193.65985831510002,168.0,123.5,13.383758814324173,0.0009274955845874691,133154.27270193447,14429.997335542026
392,194.1595108544,172.0,130.75,13.502314616390775,0.0009270003839911006,141046.32776641354,14565.597651921145
393,194.6591635279,146.0,99.75,12.552390210633192,0.0009265013687003944,107663.0897371685,13548.16154048478
394,195.15881633560002,171.0,131.5,13.448977656312765,0.0009259985955632572,142008.85468947445,14523.75599785025
395,195.6584692775,173.0,130.25,13.5531361684298,0.0009254921206896774,140735.93614491023,14644.248033500267
396,196.15812235360002,155.0,110.5,12.888948754650242,0.0009249819994623391,119461.78419064364,13934.269815133866
397,196.6577755639,159.0,116.0,13.028814220795383,0.000924468286546914,125477.53307285933,14093.305752499937
398,197.15742890840002,182.0,138.75,13.885694076998815,0.0009239510359023884,150170.29540368236,15028.60383011225
399,197.6570823871,147.0,110.0,12.5,0.0009234303007910915,119121.06404323567,13536.484550367692
400,198.15673600000002,168.0,124.75,13.372079120316332,0.0009229061337884529,135170.84287641651,14489.099845316945
401,198.6563897471,165.0,123.75,13.24056267686536,0.0009223785867930424,134163.9992210338,14354.802752848595
402,199.15604362840003,167.0,128.25,13.292385038058445,0.0009218477110357542,139122.76232253484,14419.285180112462
403,199.6556976439,170.0,132.0,13.397761006974264,0.0009213135570896111,143273.69762904843,14542.020904693078
404,200.1553517936,147.0,108.25,12.517487767120047,0.0009208140106496596,117559.02793401966,13593.93712774702
405,200.65500607750002,151.0,105.75,12.740192306240907,0.0009203948978453492,114896.33444031629,13842.09357968605
406,201.1546604956,155.0,110.25,12.891373084353738,0.0009199722857257577,119840.5666242704,14012.78417227955
407,201.6543150479,178.0,136.25,13.727253913292346,0.0009195462223926399,148170.9093921134,14928.291345240177
408,202.1539697344,169.0,126.75,13.400093283257396,0.0009191167553567155,137904.1337907146,14579.315636626305
409,202.6536245551,154.0,115.5,12.791598805466032,0.0009186839315457319,125723.32663494554,13923.829911712424
410,203.15327951,188.0,149.75,14.055692796870597,0.0009182477973123089,163082.34056026593,15307.080330615876
411,203.6529345991,172.0,127.25,13.534677683639163,0.0009178083984418599,138645.49530820278,14746.735491434425
412,204.1525898224,167.0,128.0,13.294735800308331,0.0009173657801603012,139529.94843303744,14492.29531756155
413,204.6522451799,175.0,126.75,13.67707936658993,0.0009169199871415845,138234.52621545715,14916.32809666086
414,205.1519006716,140.0,99.75,12.25,0.0009164710635151638,108841.40696969157,13366.488575225281
415,205.6515562975,179.0,138.25,13.754544703478919,0.0009160190528734848,150924.80835013188,15015.566172266743
416,206.1512120576,147.0,113.25,12.467457639791682,0.0009155639982789812,123694.24771275425,13617.2432109904
417,206.6508679519,136.0,94.0,12.103718436910205,0.0009151059422714671,102720.34707443175,13226.576156708668
418,207.1505239804,153.0,112.0,12.776932339180636,0.0009146449268749524,122451.89002760666,13969.281372209985
419,207.65018014310002,157.0,112.0,12.971121771072847,0.0009141809936046784,122514.03254226093,14188.789596168286
420,208.14983644,148.0,107.75,12.572290960680157,0.0009137141834738418,117925.27898641808,13759.544492219302
421,208.64949287110002,165.0,127.0,13.209844813622906,0.0009132445370004423,139064.61506699218,14464.740032292697
422,209.1491494364,174.0,138.25,13.525438994723979,0.0009127720942136791,151461.68564574432,14817.98039232966
423,209.6488061359,167.0,128.75,13.287682265918312,0.0009122968946606249,141127.30269447545,14565.085493205957
424,210.14846296960002,168.0,127.75,13.344006145082519,0.000911818977412527,140104.56369587392,14634.490480718956
425,210.64811993749998,181.0,145.5,13.77951377952067,0.0009113383810711818,159655.29711256115,15120.08499337459
426,211.14777703960002,161.0,117.75,13.10772672891833,0.0009108551437751388,129274.123119042,14390.572220509093
427,211.6474342759,159.0,123.25,12.959070182694436,0.0009103693032057661,135384.61761176324,14234.95952363561
428,212.1470916464,163.0,118.75,13.193274801958761,0.0009098808965933269,130511.58722488879,14500.001979770681
429,212.6467491511,156.0,114.25,12.901065847440668,0.0009093899607229302,125633.67194990323,14186.505684739268
430,213.14640679000001,166.0,130.25,13.226394066411299,0.0009088965319402967,143305.64087635424,14552.144937967603
431,213.6460645631,171.0,132.75,13.437354650376689,0.0009084006461576281,146135.95945963787,14792.321765967792
432,214.14572247040002,151.0,114.25,12.65652005884714,0.0009079023388592253,125839.52602606415,13940.398121178972
433,214.64538051190002,169.0,131.5,13.355710389193082,0.0009074016451070876,144919.2876264633,14718.631447507349
434,215.14503868760002,163.0,117.5,13.205112646244256,0.000906898599546409,129562.44508346176,14560.737719574025
435,215.6446969975,149.0,109.5,12.60456266595553,0.0009063932364110182,120808.49194504085,13906.28499818129
436,216.14435544160003,173.0,141.25,13.451301052314605,0.000905885589528749,155924.76757851915,14848.785771404213
437,216.6440140199,122.0,77.5,11.537980759214326,0.0009053756923266482,85599.82409163131,12743.859656275781
438,217.1436727324,161.0,124.25,13.045593125649749,0.0009048635778362707,137313.51669288013,14417.1933153113
439,217.64333157910002,154.0,115.0,12.796483892069727,0.0009043492786986151,127163.2572820629,14149.935421504664
440,218.14299056,159.0,120.25,12.987975207860538,0.0009038328271694153,133044.5148541393,14369.886573533426
441,218.64264967510002,155.0,121.5,12.781823031164217,0.0009033142551238676,134504.68572904257,14149.918434987501
442,219.1423089244,151.0,115.25,12.646639869941739,0.0009027935940616367,127659.30192470051,14008.340281907573
443,219.64196830790002,155.0,112.75,12.867109232457771,0.0009022708751117285,124962.47314426296,14260.80524971443
444,220.1416278256,155.0,117.75,12.818443743294269,0.0009017461290370933,130579.98943198829,14215.135868653097
445,220.64128747750001,154.0,118.25,12.764697411219743,0.000901219386239486,131211.1144140177,14163.806955466123
446,221.1409472636,163.0,130.5,13.081475451951128,0.0009006906767639055,144888.80962871056,14523.82686912182
447,221.64060718390002,147.0,108.0,12.519984025548915,0.0009001600303033202,119978.6664195788,13908.620249812859
448,222.1402672384,152.0,113.25,12.715639976029518,0.0008996274762029722,125885.43924646512,14134.339281963683
449,222.63992742710002,160.0,119.0,13.04798835069989,0.0008990930434649786,132355.60086349983,14512.389396780085
450,223.13958775,138.0,101.25,12.132085558550928,0.0008985567607525004,112680.69466775558,13501.746454381868
451,223.63924820710002,126.0,90.25,11.616260155488943,0.0008980186563942045,100499.02566877501,12935.432992151265
452,224.1389087984,168.0,134.5,13.280624985293425,0.0008974787583883911,149864.2711516901,14797.703969218766
453,224.6385695239,143.0,107.5,12.323757543866238,0.0008969370944072039,119852.32929969073,13739.823696344225
454,225.13823038360002,137.0,95.75,12.137236093938355,0.0008963936918007012,106816.90520116744,13540.07307833317
455,225.63789137749998,129.0,93.25,11.744679646546345,0.0008958485776010153,104091.25194987006,13110.116977578193
456,226.1375525056,135.0,97.5,12.015614840697916,0.0008953017785261903,108901.82767256486,13420.742736016382
457,226.6372137679,151.0,110.0,12.698425099200294,0.0008947533209842615,122938.91223448711,14192.096079879939
458,227.1368751644,166.0,132.25,13.207478941872292,0.0008942032310770547,147897.02765970418,14770.108721217744
459,227.6365366951,160.0,118.75,13.050383136138189,0.0008936515346040306,132881.7725945238,14603.436161412405
460,228.13619836,117.0,82.25,11.211043662389333,0.0008930982570661262,92095.12990227468,12552.978996082904
461,228.6358601591,132.0,95.5,11.879604370516722,0.0008925434236693794,106997.59526251981,13309.833511156121
462,229.1355220924,134.0,99.75,11.939953936259553,0.0008919870593286211,111828.97661663344,13385.792777359899
463,229.6351841599,139.0,103.75,12.157816415787828,0.0008914291886711467,116386.13736068044,13638.566663844025
464,230.1348463616,140.0,101.75,12.22957480863501,0.000890869836040231,114214.2161331468,13727.678628107384
465,230.6345086975,149.0,110.0,12.599603168354152,0.0008903090254986933,123552.60572404637,14151.943659446419
466,231.13417116760002,157.0,119.25,12.901065847440668,0.0008897467808322971,134026.89683063512,14499.705000756063
467,231.63383377190002,146.0,102.5,12.52497504987535,0.0008891831255531927,115274.3423197905,14085.934258011377
468,232.1334965104,140.0,106.0,12.186057606953941,0.0008886180829033785,119286.34138714193,13713.492715721564
469,232.6331593831,149.0,113.75,12.562344526401112,0.0008880516758578729,128089.39287245371,14145.961173110423
470,233.13282239,165.0,131.5,13.167194082263693,0.0008874839271281359,148171.697515164,14836.543716202536
471,233.6324855311,146.0,110.75,12.442367138129304,0.0008869148591652051,124871.06158559766,14028.817997074138
472,234.1321488064,152.0,116.75,12.681186852972397,0.0008863444941629112,131720.79340354228,14307.289024172107
473,234.6318122159,116.0,82.75,11.149551560488879,0.0008857728540610577,93421.2418235792,12587.371027877902
474,235.1314757596,150.0,115.5,12.59464171781,0.0008851999605485238,130478.99361453786,14228.018842212321
475,235.63113943750002,153.0,117.0,12.727922061357855,0.0008846258350662224,132259.30711286707,14387.915836083459
476,236.1308032496,139.0,104.75,12.147530613256341,0.0008840504988103038,118488.70640417664,13740.765521430822
477,236.63046719590002,137.0,77.5,12.323757543866238,0.0008834739727349275,87721.88246823731,13949.202720388219
478,237.1301312764,138.0,95.0,12.196310917650468,0.000882896277555344,107600.40835492701,13813.979317503632
479,237.62979549110003,202.0,161.25,14.566657131957214,0.0008823174337507679,182757.35447561042,16509.542455750594
480,238.12945984,239.0,198.25,15.785673884886892,0.0008817374615671309,224840.1691447316,17902.91846830538
481,238.62912432310003,262.0,228.25,16.444984037693683,0.0008811563810200537,259034.61056001295,18662.957440830723
482,239.1287889404,219.0,182.25,15.105876340020794,0.0008805742118975165,206967.22381555583,17154.574976105312
483,239.6284536919,145.0,105.5,12.444878464653643,0.0008799909737626495,119887.59333394638,14142.052402471876
484,240.12811857760002,138.0,100.0,12.144957801491119,0.0008794066859564071,113713.03129364322,13810.399665409359
485,240.62778359749998,141.0,104.25,12.255100978776143,0.0008788213676002574,118624.7897962119,13944.928321713867
486,241.1274487516,168.0,133.25,13.292385038058445,0.0008782350375988454,151724.7596546758,15135.339025417084
487,241.6271140399,182.0,148.5,13.797644726546629,0.0008776477146425008,169202.2864327627,15721.165219654144
488,242.1267794624,189.0,155.5,14.049021318227117,0.0008770594172099059,177296.99601729985,16018.323322859638
489,242.6264450191,162.0,127.5,13.062350477613132,0.0008764701635705526,145469.8691403164,14903.360114849662
490,243.12611071,134.0,95.75,11.98175696632176,0.0008758799717872436,109318.63164380957,13679.679125294804
491,243.6257765351,129.0,92.25,11.755317945508747,0.0008752888597186016,105393.7782661345,13430.215425440223
492,244.1254424944,155.0,121.75,12.779377919132058,0.0008746968450214456,139191.08167929307,14610.065180718397
493,244.6251085879,142.0,106.25,12.285662375305614,0.0008741039451532244,121553.04937031842,14055.150355318465
494,245.1247748156,154.0,121.75,12.730377056474016,0.0008735101773743117,139380.1734124826,14573.816523512427
495,245.62444117750002,140.0,105.25,12.193748398257199,0.0008729155587504726,120572.94539538189,13968.989641692073
496,246.1241076736,142.0,110.5,12.242344546695294,0.000872320106154996,126673.68231033997,14034.234061916766
497,246.6237743039,142.0,112.25,12.22446317839765,0.0008717238362711298,128767.84519298976,14023.320998871379
498,247.12344106839998,127.0,90.25,11.669940016983807,0.0008711267655941848,103601.45453508318,13396.37407309358
499,247.6231079671,134.0,102.0,11.916375287812984,0.0008705289104338445,117170.1465367375,13688.66116333142
500,248.122775,134.0,102.0,11.916375287812984,0.0008699302869163392,117250.7746127125,13698.080716390758
501,248.62244216710002,150.0,116.75,12.58222953216162,0.0008693309109864887,134298.68709892745,14473.46387106345
502,249.1221094684,126.0,95.25,11.562331079847178,0.000868730798410002,109642.71115324988,13309.452250350949
503,249.6217769039,120.0,84.25,11.355064949175764,0.0008681299647754338,97047.68112893515,13079.913618824423
504,250.1214444736,98.0,63.75,10.322911411031289,0.0008675284254963194,73484.62381913095,11899.219792279977
505,250.6211121775,114.0,77.75,11.093353866166895,0.0008669261958132291,89684.68178201237,12796.191786269257
506,251.1207800156,105.0,74.5,10.612492638395562,0.000866323290795754,85995.61017408253,12250.037314185038
507,251.6204479879,123.0,93.5,11.418187246669236,0.0008657197253445038,108002.62170622563,13189.242329121578
508,252.1201160944,127.0,86.5,11.71003842863037,0.000865115514193047,99986.64754114891,13535.809075800855
509,252.6197843351,126.0,93.5,11.58123482190047,0.0008645106719099771,108153.66777766777,13396.28902013883
510,253.11945271,142.0,110.75,12.239791664893648,0.0008639052129006169,128196.93450876376,14167.979868761026
511,253.6191212191,117.0,84.25,11.188722000300125,0.0008632991514091054,97590.7364932357,12960.422794390013
512,254.1187898624,126.0,99.5,11.51629280628102,0.0008626925015201073,115336.57685058816,13349.244123472427
513,254.6184586399,128.0,93.25,11.691342951089924,0.0008620852771608331,108167.95329936137,13561.701215445712
514,255.1181275516,129.0,96.25,11.712706775122479,0.0008614774921026479,111726.65668266988,13596.068246118344
515,255.6177965975,120.0,85.5,11.341296222213755,0.0008608691599630144,99318.22857224128,13174.239187173358
516,256.11746577759993,130.0,94.25,11.787175234126284,0.0008602602942072355,109559.8630259405,13701.870600675162
517,256.61713509189997,119.0,90.0,11.236102527122116,0.0008596509081501728,104693.66012032161,13070.541100573439
518,257.1168045404,128.0,89.0,11.736694594305504,0.0008590410149580008,103603.9006872696,13662.554394890354
519,257.6164741231,126.0,96.0,11.554220008291344,0.0008584306276498892,111831.98374785107,13459.70150194097
520,258.11614383999995,131.0,99.75,11.78187166794818,0.0008578197590996765,116283.16897793596,13734.670416444857
521,258.6158136911,125.0,91.25,11.551515052147922,0.0008572084220376352,106450.19070518852,13475.736769698653
522,259.1154836764,147.0,112.5,12.47497494987465,0.0008565966290519213,131333.6945121004,14563.418214337262
523,259.61515379589997,112.0,79.25,10.96300597464035,0.0008559843925903721,92583.46377107926,12807.483488646565
524,260.1148240496,120.0,90.5,11.286053340295712,0.000855371724962023,105801.95412002664,13194.325941504314
525,260.6144944375,131.0,102.5,11.75265927354316,0.0008547586383386844,119916.89279586551,13749.681777285949
526,261.1141649596,131.0,102.75,11.75,0.0008541451447565644,120295.71394365796,13756.444173605656
527,261.6138356159,120.0,87.75,11.316470297756275,0.0008535312561177018,102808.18584094041,13258.41346364911
528,262.11350640639995,135.0,104.5,11.942570912496187,0.0008529169841915801,122520.7164786948,14002.032007623471
529,262.61317733109996,117.0,87.75,11.149551560488879,0.000852302340616585,102956.4226428366,13081.685957148618
530,263.11284839,106.0,79.75,10.609547586961472,0.0008516873369014743,93637.64910505616,12457.092089169826
531,263.6125195831,114.0,81.5,11.051018052650171,0.0008510719844269296,95761.58244108825,12984.82179517563
532,264.1121909104,123.0,91.0,11.445523142259598,0.0008504562944468477,107001.38336819303,13458.096808730159
533,264.6118623719,113.0,82.25,10.985786271359917,0.0008498402780899114,96782.89217459063,12926.883503393614
534,265.1115339676,126.0,95.75,11.55692433132622,0.0008492239463609404,112750.00005629135,13608.806464831188
535,265.6112056975,117.0,88.0,11.146748404803978,0.0008486073101422698,103699.31881124937,13135.343369756283
536,266.1108775616,101.0,73.5,10.386289038920495,0.0008479903801951544,86675.51155837982,12248.121301246625
537,266.61054955989994,122.0,92.75,11.37156541554416,0.00084737316716113,109455.90867684789,13419.784642982246
538,267.1102216924,113.0,79.5,11.017032268265352,0.0008467556815632999,93887.7668387477,13010.87492902965
539,267.60989395909996,125.0,95.75,11.502717070327343,0.0008461379338077302,113161.21896238904,13594.375823057155
540,268.10956636,112.0,82.0,10.931605554537724,0.0008455199341846732,96981.7465972246,12928.85609501208
541,268.60923889509996,126.0,92.5,11.59202311936963,0.0008449016928700056,109480.19252487378,13719.966733636487
542,269.1089115644,117.0,86.75,11.160757142774859,0.0008442832199263514,102749.88055260341,13219.209951547344
543,269.6085843679,117.0,88.25,11.143944544011335,0.0008436645253043737,104603.1892453479,13208.976091522718
544,270.1082573056,142.0,111.0,12.237238250520416,0.0008430456188441218,131665.47280346375,14515.511351922543
545,270.60793037749994,126.0,98.25,11.529852557600206,0.0008424265102761286,116627.38387446501,13686.478781182916
546,271.10760358359994,132.0,98.75,11.845357740482134,0.0008418072092227112,117307.1445790795,14071.342714467404
547,271.6072769239,109.0,76.75,10.819542504191201,0.0008411877251991451,91240.0379853736,12862.2210953325
548,272.1069503984,121.0,90.75,11.338540470448567,0.0008405680676148095,107962.70224434246,13489.14015092524
549,272.6066240071,110.0,79.0,10.851267207105353,0.0008399482457744693,94053.41388285003,12918.971212446555
550,273.10629774999995,128.0,95.5,11.667261889578036,0.0008393282688792747,113781.46494162262,13900.713608939821
551,273.6059716271,130.0,101.5,11.71003842863037,0.0008387081460280481,121019.45173739332,13961.99438873551
552,274.1056456384,130.0,101.25,11.712706775122479,0.0008380878862183238,120810.71885774059,13975.511360715804
553,274.6053197839,102.0,73.5,10.44629120788809,0.0008374674983475132,87764.59999346822,12473.667609191594
554,275.1049940636,118.0,86.75,11.216617137087278,0.0008368469912139466,103662.91677067365,13403.426498333029
555,275.6046684775,126.0,95.0,11.565033506220377,0.0008362263735180171,113605.6013162244,13830.027218067884
556,276.1043430256,121.0,92.0,11.324751652906125,0.0008356056538632681,110099.78160709543,13552.746562386494
557,276.60401770789997,121.0,92.25,11.321991874224253,0.0008349848407573758,110481.0476754576,13559.517875743231
558,277.10369252439995,120.0,95.0,11.236102527122116,0.0008343639426132963,113859.18679857162,13466.668384457891
559,277.60336747509996,124.0,97.75,11.426394882026438,0.0008337429677501783,117242.36818905282,13704.937041760128
560,278.10304256,101.0,70.5,10.422331792837916,0.0008331219243945456,84621.46768161748,12509.97181524437
561,278.6027177791,103.0,70.0,10.547511554864494,0.000832500820681176,84084.00119380542,12669.671059584323
562,279.1023931324,117.0,83.5,11.197097838279346,0.0008318796646541638,100375.09455735204,13459.99705730792
563,279.60206861989997,101.0,74.5,10.374246960623214,0.0008312584642678986,89623.14755569224,12480.170015182899
564,280.1017442416,102.0,77.0,10.404326023342405,0.0008306372273880262,92699.91454889368,12525.716016917815
565,280.6014199975,104.0,75.0,10.547511554864492,0.0008300159617924316,90359.7080687899,12707.600865996585
566,281.10109588759997,114.0,88.0,10.977249200050075,0.000829394675172183,106101.47693766074,13235.254009523498
567,281.6007719119,110.0,82.75,10.807983160608643,0.0008287733751324949,99846.35424222075,13040.939157680814
568,282.1004480704,112.0,81.5,10.93732142711368,0.0008281520691935868,98411.8775182928,13206.899836359642
569,282.6001243631,101.0,75.5,10.362190888031353,0.0008275307647917156,91235.2787500328,12521.819524908484
570,283.09980078999996,114.0,89.5,10.960155108391486,0.0008269094692799864,108234.33921724248,13254.35917179036
571,283.59947735109995,100.0,74.25,10.316855140981675,0.0008262881899292874,89859.6892766363,12485.78312835934
572,284.09915404640003,111.0,85.75,10.831089511217234,0.0008256669339292204,103855.4367097264,13117.988702386041
573,284.5988308759,106.0,77.75,10.63308515906837,0.0008250457083888578,94237.20311427294,12887.874030437135
574,285.09850783959996,115.0,87.75,11.036870027322058,0.000824424520337769,106437.8822260752,13387.362645157888
575,285.5981849375,119.0,93.5,11.197097838279346,0.0008238033767267261,113497.95672301065,13591.954287404762
576,286.0978621696,109.0,80.75,10.773230713207623,0.000823182284428666,98094.91959128465,13087.296601244085
577,286.5975395359,106.0,82.25,10.580051984749414,0.0008225612502394546,99992.55371688896,12862.327251216211
578,287.09721703639997,120.0,93.25,11.255554184490428,0.0008219402808787349,113451.06471762959,13693.88317659421
579,287.59689467109996,120.0,89.5,11.297123527695003,0.0008213193829907569,108971.00671616224,13754.84831072365
580,288.09657243999993,115.0,88.0,11.034038245356955,0.0008206985631451974,107225.72690118273,13444.690585384662
581,288.5962503431,104.0,77.5,10.517841983981315,0.0008200778278378528,94503.22563204748,12825.419279669783
582,289.0959283804,111.0,84.25,10.848386976873567,0.00081945718349161,102811.96101182581,13238.50372590533
583,289.59560655189995,121.0,93.5,11.308182877898641,0.0008188366364570896,114186.39059013303,13810.059753587047
584,290.09528485759995,108.0,79.75,10.726718976462466,0.0008182161930134376,97468.12722721348,13109.883510074093
585,290.5949632975,81.0,53.75,9.370832406995657,0.0008175958593690714,65741.52667734669,11461.447975319998
586,291.0946418716,115.0,86.25,11.05384548471707,0.0008169756416625695,105572.30301809085,13530.202029306736
587,291.5943205799,121.0,93.75,11.305419054595014,0.0008163555459632059,114839.66816123697,13848.646108303112
588,292.0939994224,127.0,100.5,11.559628021696891,0.0008157355782718541,123201.68774900133,14170.802806206035
589,292.59367839909993,91.0,57.5,9.968701018688442,0.0008151157445215906,70542.12900003302,12229.798143010099
590,293.09335751,104.0,64.25,10.674151020104595,0.0008144960505785282,78883.13264915635,13105.221335969469
591,293.5930367551,101.0,65.5,10.482127646618315,0.000813876502242441,80479.04051724124,12879.26069586397
592,294.09271613439995,134.0,99.75,11.939953936259553,0.0008132571052474967,122654.9382186379,14681.647241957873
593,294.59239564789993,182.0,155.25,13.736356867816154,0.0008126378652629731,191044.50658321273,16903.417198472544
594,295.0920752956,218.0,195.75,14.95200655430568,0.0008120187878938897,241065.85083789902,18413.37513025564
595,295.5917550775,215.0,184.75,14.918528747835692,0.000811399878681742,227692.91055374325,18386.16092976671
596,296.0914349936,141.0,111.25,12.183492931011205,0.0008107811431051163,137213.35399333114,15026.857783533376
597,296.59111504389995,130.0,103.25,11.691342951089922,0.00081016258658043,127443.55480028047,14430.86010727459
598,297.0907952284,94.0,69.0,10.012492197250394,0.0008095442144624717,85233.14572239298,12368.06096366037
599,297.59047554709997,113.0,88.75,10.911576421397598,0.000808926032045223,109713.36869405933,13488.966838920553
600,298.090156,112.0,83.0,10.920164833920778,0.0008083080445622958,102683.62483630242,13509.904927191612
601,298.58983658709997,106.0,77.5,10.636023693091325,0.0008076902571877142,95952.62454922535,13168.443717675576
602,299.0895173084,103.0,80.5,10.422331792837916,0.0008070726750364708,99743.18607226083,12913.746326954932
603,299.5891981639,105.0,77.25,10.580051984749412,0.0008064553031651753,95789.56167416749,13119.204428596142
604,300.0888791536,96.0,68.75,10.139649895336623,0.0008058450354082236,85314.1695725317,12582.629972026938
605,300.58856027749994,112.0,87.0,10.874281585465774,0.0008052667621429225,108038.73211962875,13503.949370178718
606,301.08824153559993,99.0,74.75,10.25,0.0008046886019416316,92893.07667541936,12737.846634422052
607,301.58792292789997,87.0,60.25,9.67923034130297,0.0008041105599393787,74927.50748670954,12037.188445868289
608,302.0876044544,94.0,68.75,10.015612812005065,0.0008035326412156066,85559.68541115278,12464.475365746395
609,302.58728611509997,116.0,92.75,11.036870027322058,0.0008029548507945341,115510.85332907907,13745.318328173662
610,303.08696790999994,118.0,91.0,11.169153951844338,0.0008023771936457973,113412.99418858008,13920.079035515144
611,303.5866498391,107.0,82.5,10.636023693091325,0.0008017996746850927,102893.53139535997,13265.188336810725
612,304.0863319024,100.0,75.5,10.301698889018258,0.0008012222987745392,94231.02691409916,12857.479010225496
613,304.58601409989996,91.0,67.75,9.839334327077214,0.0008006450707234491,84619.26823427797,12289.258607670638
614,305.08569643159996,95.0,69.75,10.065411069598698,0.0008000679952886746,87180.09020574973,12580.694552051129
615,305.5853788975,94.0,64.25,10.071618539241843,0.0007994910771752229,80363.62360291666,12597.537141786595
616,306.0850614976,97.0,75.0,10.124228365658293,0.0007989143210368064,93877.4008990943,12672.483267691812
617,306.5847442319,93.0,72.25,9.908960591303208,0.0007983377314762711,90500.5452597069,12411.99081619222
618,307.0844271004,103.0,78.25,10.449282272003183,0.0007977613130462633,98086.98256023625,13098.2564598206
619,307.58411010309993,99.0,73.0,10.27131929208707,0.0007971850702495561,91572.21167871043,12884.48526622766
620,308.08379324,98.0,68.5,10.265232583823904,0.0007966090075397115,85989.48712814452,12886.161826775699
621,308.5834765111,89.0,64.75,9.75,0.0007960331293214798,81340.83572023115,12248.233950150636
622,309.08315991639995,103.0,74.0,10.5,0.0007954574399512749,93028.23291781997,13199.95196806905
623,309.58284345589993,96.0,71.25,10.108783309577863,0.0007948819437378248,89635.95230878754,12717.339208943
624,310.0825271296,130.0,105.25,11.669940016983807,0.0007943066449424383,132505.50108091725,14691.98336850059
625,310.5822109375,85.0,59.5,9.55902714715258,0.0007937315477796448,74962.37256342286,12043.148812583611
626,311.0818948796,114.0,89.75,10.957303500405564,0.0007931566564175452,113155.45204572107,13814.803685688617
627,311.58157895589994,100.0,68.5,10.386289038920495,0.000792581974978393,86426.39141757849,13104.371997866392
628,312.0812631664,101.0,78.75,10.322911411031289,0.0007920075075389717,99430.87565508336,13033.855503602454
629,312.58094751109996,113.0,88.75,10.911576421397598,0.0007914332581310774,112138.32510599548,13787.108779285618
630,313.08063199,102.0,79.25,10.37725879025863,0.0007908592307419419,100207.46666338063,13121.499233843726
631,313.58031660309996,89.0,64.25,9.756408150543928,0.0007902854293147903,81299.74008973868,12345.423297254933
632,314.0800013504,116.0,94.0,11.022703842524301,0.0007897118577491486,119030.75669639879,13957.880629957128
633,314.5796862319,86.0,66.75,9.529559276272959,0.0007891385199012913,84585.91022568429,12075.90180424212
634,315.07937124759997,101.0,73.75,10.383279828647593,0.0007885654195848081,93524.26338810357,13167.30301731282
635,315.5790563975,100.0,75.75,10.29866496202299,0.0007879925605708599,96130.34918137177,13069.495167012921
636,316.0787416816,83.0,58.0,9.447221813845593,0.0007874199465887283,73658.28139262716,11997.691771427659
637,316.5784270999,93.0,68.75,9.95301461869719,0.0007868475813261413,87373.97385670267,12649.228204937132
638,317.07811265239997,88.0,63.75,9.698582370635412,0.0007862754684298093,81078.4547651075,12334.840345462468
639,317.57779833909996,85.0,60.5,9.545941546018392,0.0007857036115056483,77001.04608665792,12149.545205380246
640,318.0774841599999,109.0,83.5,10.741275529470418,0.0007851320141194139,106351.5415221626,13680.852820041464
641,318.5771701151,134.0,111.75,11.81365735071066,0.0007845606797968767,142436.40151445285,15057.671962058082
642,319.0768562044,160.0,136.5,12.87924687239126,0.0007839896120243948,174109.44980193517,16427.82847483763
643,319.5765424279,284.0,258.5,17.040393187951974,0.0007834188142491782,329963.9928200399,21751.31982793053
644,320.07622878559994,323.0,301.25,18.122844699439433,0.0007828482898798358,384812.74583385844,23149.880933151453
645,320.5759152775,285.0,259.5,17.069710015111564,0.000782278042286509,331723.48701174237,21820.515331375987
646,321.0756019036,178.0,154.0,13.564659966250536,0.0007817080748015448,197004.48922584887,17352.590312814984
647,321.5752886639,98.0,76.25,10.170422803403996,0.000781138390719605,97613.94511637882,13020.001224155349
648,322.07497555839996,107.0,82.0,10.641898326896381,0.0007805689932983007,105051.57225565458,13633.514036893717
649,322.57466258709997,94.0,69.75,10.00312451187128,0.0007799998857582789,89423.09002031758,12824.520483290476
650,323.07434975,85.0,58.5,9.572094859538323,0.0007794310712837918,75054.7446147423,12280.874104457032
651,323.5740370471,101.0,74.0,10.380269746013347,0.0007788625530230232,95010.34516652717,13327.473128248479
652,324.0737244784,83.0,59.0,9.433981132056603,0.0007782943340883626,75806.79624130671,12121.353990205882
653,324.57341204389996,86.0,64.0,9.565563234854496,0.0007777264175568241,82291.14834629348,12299.393487113472
654,325.0730997436,103.0,77.25,10.46123797645384,0.0007771588064704295,99400.53352910094,13460.875549959921
655,325.5727875775,83.0,60.25,9.41740410091868,0.0007765915038364123,77582.61544500693,12126.586570154443
656,326.07247554559996,101.0,75.25,10.36520622081394,0.000776024512627723,96968.58639837732,13356.802590830492
657,326.57216364789997,104.0,82.0,10.464224768228174,0.000775457835783296,105743.98273656124,13494.25369808557
658,327.0718518844,103.0,81.25,10.413332799829265,0.000774891476208345,104853.39237123616,13438.440245572443
659,327.5715402551,100.0,74.5,10.313825672368134,0.0007743254367747715,96212.77625891795,13319.755728711936
660,328.07122876,108.0,84.5,10.671222985206523,0.0007737597203214439,109207.02872061635,13791.391183781658
661,328.5709173991,93.0,70.5,9.931012033020602,0.0007731943296545067,91180.1823889502,12844.134588335852
662,329.0706061724,89.0,63.5,9.766012492312305,0.0007726292675477734,82186.89437113985,12639.972238313443
663,329.5702950799,83.0,54.5,9.493418773023762,0.0007720645367429559,70589.9538268065,12296.146657730005
664,330.0699841216,88.0,68.25,9.640409742329421,0.0007715001399500476,88464.0150608644,12495.668170525038
665,330.56967329749995,98.0,74.5,10.191908555319754,0.0007709360798476086,96635.76779896779,13220.173269532794
666,331.06936260759994,93.0,69.75,9.940447676035522,0.0007703723590830327,90540.63165379246,12903.432423078559
667,331.5690520519,99.0,78.0,10.21028892833107,0.0007698089802729745,101323.83746983722,13263.405844798663
668,332.0687416304,95.0,70.25,10.059199769365353,0.0007692459460034385,91323.19821115572,13076.701699407318
669,332.5684313431,95.0,74.5,10.006248048094749,0.0007686832588303377,96918.98339683171,13017.387764266776
670,333.06812118999994,90.0,66.5,9.79157801378307,0.0007681209212795533,86574.91048313434,12747.44345912625
671,333.5678111711,96.0,76.0,10.04987562112089,0.0007675589358474098,99015.19798749207,13093.295057565194
672,334.0675012864,86.0,58.25,9.640409742329421,0.0007669973050008579,75945.50804834295,12569.026878547687
673,334.56719153589995,85.0,60.0,9.5524865872714,0.0007664360311777462,78284.41978099702,12463.514499171632
674,335.06688191959995,76.0,52.75,9.045026257562773,0.0007658751167871917,68875.45873181471,11810.053701060573
675,335.5665724375,91.0,69.75,9.81389321319526,0.0007653145642098002,91138.99468516978,12823.345683128697
676,336.0662630896,100.0,70.25,10.36520622081394,0.000764754375797971,91859.559386893,13553.640945170831
677,336.5659538759,94.0,65.0,10.062305898749054,0.0007641945538761317,85056.8741563367,13167.204408499427
678,337.06564479639997,98.0,75.5,10.179636535751166,0.0007636351007410256,98869.21112811,13330.498461729858
679,337.5653358511,113.0,90.75,10.888640870191285,0.0007630760186620412,118926.55224458348,14269.405149546124
680,338.06502704,130.0,107.0,11.651180197731044,0.0007625173098813883,140324.68327393662,15279.88944873057
681,338.5647183631,120.0,98.25,11.199888392301059,0.0007619589766143992,128943.94976033058,14698.807594688828
682,339.0644098204,107.0,85.0,10.606601717798213,0.0007614010210497949,111636.30944808135,13930.374959537323
683,339.56410141189997,84.0,59.75,9.490126448051154,0.0007608434453499652,78531.26732598293,12473.16580835625
684,340.0637931376,85.0,56.25,9.60143218483576,0.0007602862516511456,73985.29156332831,12628.70683769952
685,340.5634849975,96.0,78.0,10.02496882788171,0.0007597294420637908,102668.1285223256,13195.446000682912
686,341.06317699159996,81.0,59.75,9.290452088031023,0.0007591730186726886,78704.0615648654,12237.59519835692
687,341.5628691199,98.0,70.0,10.246950765959598,0.0007586169835372974,92273.1780583165,13507.410179745608
688,342.0625613824,82.0,57.25,9.390819985496474,0.0007580613386919955,75521.59314546047,12387.942117850196
689,342.5622537791,87.0,63.75,9.633924433998848,0.0007575060861462818,84157.73967483247,12717.949875505612
690,343.06194631,85.0,62.0,9.526279441628825,0.0007569512278849858,81907.52285749714,12585.063727614808
691,343.5616389751,99.0,75.5,10.240849574132021,0.0007563967658686385,99815.33952395547,13538.991751731688
692,344.0613317744,81.0,58.75,9.303897032964198,0.0007558427020335184,77727.81273397105,12309.3032557343
693,344.5610247079,79.0,59.5,9.1583295420071,0.000755289038292093,78777.788347816,12125.595735794723
694,345.0607177756,95.0,70.25,10.059199769365353,0.0007547357765330679,93078.9319709983,13328.107772461772
695,345.56041097749994,87.0,62.0,9.656603957913983,0.0007541829186217142,82208.17320194199,12804.060817979858
696,346.06010431359994,93.0,71.5,9.918417212438687,0.000753630466400043,94874.0837688564,13160.849586956298
697,346.55979778389997,75.0,55.0,8.94427190999916,0.0007530784216871145,73033.56252962875,11876.946214925918
698,347.0594913884,87.0,66.75,9.594920531197745,0.0007525267862791567,88701.16149624802,12750.271094852991
699,347.55918512709997,80.0,59.75,9.22293337284836,0.0007519755619498286,79457.3693925262,12264.93763831079
700,348.05887899999993,99.0,75.25,10.24390062427394,0.0007514247504504642,100143.0947741462,13632.63669200798
701,348.5585730071,84.0,60.75,9.476945710512434,0.0007508743535102342,80905.67977984881,12621.213743962644
702,349.0582671484,87.0,64.25,9.627434756984854,0.0007503243728364283,85629.6320978055,12831.030292392818
703,349.5579614239,104.0,67.75,10.633085159068369,0.0007497748101145443,90360.46435015566,14181.704980784745
704,350.05765583359994,99.0,51.0,10.535653752852738,0.0007492256670086399,68070.2787500897,14062.05662296303
705,350.55735037750003,120.0,84.25,11.355064949175764,0.0007486769451614499,112531.84774085938,15166.84201718951
706,351.0570450556,198.0,172.25,14.298164217828806,0.00074812864619464,230241.1502034449,19111.905807318682
707,351.5567398679,302.0,282.0,17.52141546793523,0.0007475807717089414,377216.7646251236,23437.48813640824
708,352.05643481439995,284.0,263.0,17.00735135169495,0.000747033323284442,352059.2613508615,22766.52302057909
709,352.55612989509996,211.0,187.25,14.728798321655436,0.0007464863024807139,250841.8431493427,19730.835345148167
710,353.05582511,111.0,88.75,10.796411440844592,0.000745939710836998,118977.44376742741,14473.571099640534
711,353.55552045909997,90.0,68.0,9.772410142846033,0.0007453935498724955,91226.97669121479,13110.403416447147
712,354.05521594239997,83.0,60.25,9.41740410091868,0.0007448478210864617,80889.00617594234,12643.393501751965
713,354.55491155989995,95.0,74.75,10.003124511871277,0.0007443025259584454,100429.59333470449,13439.595007406646
714,355.0546073116,85.0,65.25,9.48353836919533,0.0007437576659484241,87730.18818810368,12750.844533618516
715,355.55430319749996,77.0,53.0,9.1104335791443,0.0007432132424970814,71311.96939108378,12258.169066706418
716,356.0539992176,84.0,63.5,9.440603794249602,0.0007426692570259602,85502.39477299427,12711.720197029244
717,356.55369537189995,77.0,59.75,9.017344398435718,0.0007421257109375459,80511.9659909321,12150.696661679976
718,357.0533916604,78.0,59.25,9.093266739736606,0.0007415826056155931,79896.69600032776,12261.974149445185
719,357.55308808309996,64.0,43.5,8.314144574157945,0.0007410399424252117,58701.289241760634,11219.5633435738
720,358.05278463999997,97.0,75.5,10.11805317242403,0.0007404977227131014,101958.44995090111,13663.854542796711
721,358.55248133109995,79.0,60.75,9.141252649391111,0.0007399559478076836,82099.48197590416,12353.779541166612
722,359.0521781564,70.0,48.75,8.678277478854891,0.0007394146190192655,65930.53308123708,11736.68636733943
723,359.5518751159,80.0,59.5,9.226321043622969,0.0007388737376403022,80527.96705161246,12487.006336276792
724,360.05157220959995,81.0,57.0,9.327379053088816,0.0007383333049454494,77200.9059028041,12633.0195192508
725,360.55126943749997,88.0,64.25,9.692135987490063,0.0007377933221917994,87084.00857997646,13136.654529072113
726,361.05096679959996,67.0,45.0,8.514693182963201,0.0007372537906190713,61037.326050522635,11549.202311748606
727,361.5506642959,80.0,58.75,9.236476600955584,0.0007367147114497048,79745.93025893556,12537.385852903732
728,362.0503619264,74.0,52.75,8.905756565278438,0.0007361760858890614,71654.05262559588,12097.318475814354
729,362.5500596911,76.0,52.25,9.051933495115836,0.0007356379151256106,71026.7903892342,12304.876229184318
730,363.04975758999996,82.0,63.25,9.310612224768036,0.0007351002003310897,86042.691828287,12665.772938947
731,363.5494556231,86.0,62.25,9.588404455382554,0.000734562942660567,84744.26953057581,13053.21014514238
732,364.0491537904,60.0,39.5,8.070006195784487,0.0007340261432527611,53812.79721858383,10994.167264973816
733,364.54885209189996,66.0,44.25,8.452070752188485,0.0007334898032300277,60328.03701583685,11523.092366067773
734,365.04855052759996,59.0,41.0,7.968688725254613,0.000732953923698671,55938.03194763407,10872.018646196193
735,365.5482490975,75.0,51.75,8.989577298182603,0.0007324185057489748,70656.32502974538,12273.825999234981
736,366.0479478016,81.0,54.5,9.360822613424528,0.0007318835504554415,74465.39817172468,12790.043727037464
737,366.5476466399,69.0,50.25,8.584142356694699,0.0007313490588768632,68708.6410928992,11737.408085104278
738,367.04734561239997,71.0,49.25,8.742854225022855,0.0007308150320565616,67390.51311165188,11963.155985475405
739,367.5470447191,56.0,39.0,7.762087348130012,0.0007302814710224159,53404.06616834853,10628.898111385543
740,368.04674396,75.0,53.25,8.968695557326049,0.0007297483767871916,72970.35758330807,12290.120598571046
741,368.5464433351,78.0,55.75,9.141252649391111,0.0007292157503484117,76451.99650907598,12535.73122223912
742,369.0461428444,80.0,63.75,9.168560410446124,0.0007286835926888127,87486.5313829355,12582.361538585645
743,369.54584248789996,83.0,61.0,9.40744386111339,0.0007281519047762523,83773.72853092264,12919.617183455866
744,370.0455422656,77.0,56.25,9.065732182234374,0.0007276206875639717,77306.76293484929,12459.420598094695
745,370.5452421775,68.0,47.75,8.54766049863938,0.0007270899419906467,65672.75551807077,11755.98781525895
746,371.04494222359995,68.0,49.75,8.51836251870041,0.0007265596689806213,68473.3850831554,11724.243558208858
747,371.54464240389996,83.0,63.0,9.38083151964686,0.0007260298694439693,86773.28943539005,12920.723946015029
748,372.0443427184,59.0,41.25,7.964766161036995,0.0007255005442766786,56857.29711081898,10978.304873606729
749,372.54404316709997,87.0,66.25,9.601432184835762,0.0007249716943607317,91382.87813901227,13243.871808405083
750,373.04374375,83.0,65.75,9.344115795515378,0.0007244433205643347,90759.34325515121,12898.339359711948
751,373.54344446709996,81.0,59.0,9.300537618869138,0.0007239154237418833,81501.23352121978,12847.547260141406
752,374.0431453184,76.0,56.25,8.996527107723292,0.0007233880047342647,77759.09972499937,12436.655085299832
753,374.5428463039,67.0,47.5,8.477912478906585,0.0007228610643689252,65711.10596677194,11728.273795335765
754,375.04254742359996,68.0,45.75,8.576858399204221,0.0007223346034599518,63336.298414695164,11873.802470657556
755,375.54224867749997,77.0,55.5,9.076067430335675,0.0007218086228082515,76890.18701948035,12574.063461620259
756,376.04195006559996,67.0,50.5,8.4335638967165,0.0007212831232016293,70014.11564413257,11692.445900136443
757,376.5416515879,72.0,51.0,8.789197915623472,0.0007207581054149941,70758.82965011612,12194.379570054058
758,377.0413532444,76.0,54.5,9.020809276334358,0.0007202335702103859,75669.89689758577,12524.83867656892
759,377.5410550351,68.0,47.5,8.551315688243536,0.000719709518337174,65998.84924371238,11881.620946184794
760,378.04075695999995,75.0,55.25,8.940777371123835,0.0007191859505321226,76822.96902368679,12431.802045783279
761,378.5404590191,70.0,50.0,8.660254037844387,0.0007186628675195429,69573.65165195533,12050.5099529285
762,379.0401612124,77.0,58.0,9.041570660012564,0.0007181402700114129,80764.16602995714,12590.257137186964
763,379.53986353989995,70.0,53.0,8.616843969807043,0.0007176181587074354,73855.4332229593,12007.561215183841
764,380.03956600159995,84.0,62.25,9.45714015968887,0.0007170965342952641,86808.3961124941,13188.099101584692
765,380.5392685975,77.0,59.25,9.024272823890023,0.0007165753974504971,82684.94873087398,12593.612418173265
766,381.0389713276,80.0,58.25,9.243240773668076,0.0007160547488369019,81348.52829984903,12908.567101443019
767,381.5386741919,74.0,56.75,8.849435010213929,0.0007155345891064257,79311.33010756414,12367.585222211668
768,382.03837719039996,80.0,58.75,9.236476600955584,0.0007150149188993931,82166.11772301562,12917.879553021203
769,382.53808032309996,87.0,69.0,9.565563234854496,0.0007144957388445704,96571.604627876,13387.852039990074
770,383.03778359,78.0,55.75,9.141252649391111,0.0007139770495592766,78083.74237577152,12803.286401199897
771,383.53748699109997,66.0,48.5,8.38898086778126,0.0007134588516495088,67978.69265742313,11758.184579791858
772,384.03719052639997,66.0,44.75,8.44467287702727,0.0007129411457100098,62768.15452337793,11844.838704907846
773,384.53689419589995,83.0,63.0,9.38083151964686,0.0007124239323244831,88430.49361697439,13167.485108254663
774,385.0365979996,60.0,39.5,8.070006195784487,0.0007119072120655306,55484.75887102552,11335.755642045171
775,385.53630193749996,85.0,63.5,9.506576670915772,0.0007113909854948831,89261.74395620979,13363.363979517493
776,386.0360060096,85.0,68.25,9.443913383762052,0.0007108752531634865,96008.4061110282,13284.909471437386
777,386.53571021589994,79.0,60.0,9.151502608861563,0.000710360015611578,84464.21347117002,12882.907832280875
778,387.0354145564,91.0,70.5,9.80433577556379,0.0007098452733687748,99317.41837967305,13811.933590871846
779,387.5351190311,79.0,59.25,9.161741100904347,0.0007093310269542236,83529.40693206654,12916.030390273056
780,388.03482363999996,63.0,43.25,8.242420760917268,0.0007088172768766158,61017.13574276852,11628.414021223174
781,388.53452838309994,64.0,43.0,8.32165848854662,0.0007083040236344187,60708.394369073714,11748.709891335768
782,389.0342332604,62.0,34.5,8.299096336348915,0.0007077912677158445,48743.18400583976,11725.344342169443
783,389.5339382719,59.0,36.75,8.035079339994098,0.0007072790095990205,51959.69271141635,11360.551113413427
784,390.0336434176,65.0,45.25,8.362864341838865,0.000706767249752056,64023.906053760045,11832.55781132003
785,390.53334869749995,74.0,51.5,8.923284148787374,0.0007062559886331606,72919.73566081835,12634.631482639725
786,391.03305411159994,73.0,51.25,8.856494791959175,0.0007057452266906925,72618.27365140845,12549.138778434442
787,391.53275965989997,60.0,36.0,8.12403840463596,0.0007052349643633244,51046.8167619855,11519.619439132915
788,392.0324653424,60.0,39.75,8.066132902450839,0.0007047252020800416,56404.96449208191,11445.7846528592
789,392.53217115909996,56.0,39.25,7.75806032459145,0.0007042159402603236,55735.74489877447,11016.592895814842
790,393.0318771099999,68.0,50.25,8.511022265274601,0.0007037071793141799,71407.5420531772,12094.550852201462
791,393.5315831951,63.0,41.0,8.276472678623424,0.0007031989196422807,58304.981499199144,11769.74600989673
792,394.03128941439996,70.0,51.75,8.634958019585271,0.000702691161636001,73645.44030910534,12288.411312135218
793,394.5309957679,77.0,60.75,9.003471552684553,0.0007021839056775217,86515.79665783378,12822.098996981857
794,395.0307022556,68.0,46.5,8.565920849505908,0.0007016771521399737,66269.79353422637,12207.780776930782
795,395.5304088775,69.0,54.5,8.522030274529655,0.0007011709013874075,77727.12742665276,12153.998772149707
796,396.03011563359996,70.0,52.0,8.631338250816034,0.0007006651537749856,74215.19354835717,12318.77767049328
797,396.52982252389995,57.0,38.0,7.858116822750856,0.0007001599096490137,54273.31596156254,11223.317294316505
798,397.0295295484,71.0,48.75,8.75,0.0006996551693470898,69677.18118268595,12506.16072509748
799,397.5292367070999,62.0,44.25,8.150920193450553,0.0006991509331980729,63291.05476208205,11658.312685311623
800,398.02894399999997,75.0,54.0,8.95823643358446,0.0006986472015222454,77292.22972960066,12822.260525864604
801,398.5286514271,68.0,51.0,8.5,0.0006981439746314232,73050.83457452289,12175.139095753813
802,399.0283589884,65.0,46.25,8.347903928531998,0.0006976412528289577,66294.81816399872,11965.897794433715
803,399.52806668389997,60.0,47.0,7.952986860293434,0.0006971390364098483,67418.40227746002,11408.035477757798
804,400.0277745136,69.0,47.0,8.631338250816034,0.0006966378585768658,67466.90467844291,12389.993085429864
805,400.5274824775,59.0,41.5,7.960841664045328,0.0006961462290671615,59613.91194434846,11435.588288272256
806,401.02719057559995,62.0,42.5,8.177713616898062,0.0006956550817201629,61093.494630858215,11755.414186980184
807,401.52689880789995,60.0,43.75,8.00390529679106,0.0006951644168643194,62934.751748864364,11513.686694284936
808,402.0266071744,74.0,57.5,8.838834764831844,0.0006946742348198555,82772.61069702842,12723.711808778904
809,402.52631567509997,76.0,54.25,9.024272823890023,0.0006941845358990167,78149.24878691301,12999.818286362384
810,403.02602430999997,72.0,55.75,8.721381771256203,0.0006936953204060378,80366.69465691088,12572.352032231316
811,403.52573307909995,76.0,58.0,8.972179222463181,0.0006932065886372286,83669.14127867988,12943.009154170828
812,404.0254419824,72.0,52.0,8.77496438739212,0.0006927183408810954,75066.58468701605,12667.434755994625
813,404.52515101989997,74.0,59.5,8.810505093353047,0.0006922305774183862,85954.01870558808,12727.702850415913
814,405.0248601916,76.0,56.0,9.0,0.0006917432985221653,80954.88618341216,13010.606708048384
815,405.52456949749995,79.0,64.25,9.093266739736606,0.0006912565044578889,92946.68416955792,13154.69247825438
816,406.02427893759995,67.0,54.25,8.37779804005802,0.0006907701954834369,78535.52506276422,12128.198487479329
817,406.5239885119,68.0,48.25,8.540345426269361,0.000690284371849237,69898.72865112197,12372.2132132156
818,407.0236982204,65.0,44.5,8.374067112222113,0.0006897990337983567,64511.54295615949,12139.864948941107
819,407.52340806309996,55.0,36.75,7.7176745202165655,0.0006893141815665271,53313.860330687516,11196.16384893964
820,408.02311803999993,75.0,53.75,8.96172416446746,0.0006888298153821186,78030.88484226391,13010.070070059426
821,408.5228281511,80.0,62.25,9.188987974744554,0.0006883459354664528,90434.17966551473,13349.374930960696
822,409.02253839639997,54.0,34.5,7.673004626611403,0.0006878625420336297,50155.36955683406,11154.851671275144
823,409.5222487759,83.0,62.25,9.390819985496474,0.0006873796352907195,90561.30965193937,13661.766370958507
824,410.0219592896,57.0,39.75,7.830229881682913,0.0006868972154378022,57868.91998778138,11399.420037963353
825,410.5216699375,62.0,42.75,8.173891362135908,0.0006864152826680421,62280.08186798249,11908.084753539631
826,411.02138071959996,76.0,56.25,8.996527107723292,0.0006859338371677361,82004.99370647727,13115.73597953779
827,411.52109163589995,46.0,26.25,7.137051211810099,0.0006854528791163857,38295.84906527602,10412.168989661901
828,412.0208026864,65.0,46.25,8.347903928531998,0.0006849724086867499,67520.96787178905,12187.211955787907
829,412.5205138710999,72.0,54.75,8.735702604828074,0.0006844924260449293,79986.27583997003,12762.30718183969
830,413.02022518999996,71.0,51.5,8.710625695092173,0.0006840129313504193,75290.97424857979,12734.592133945675
831,413.5199366431,74.0,58.0,8.831760866327848,0.0006835339247561847,84853.1402749154,12920.735235603883
832,414.0196482304,64.0,49.75,8.219641111386798,0.0006830554064086827,72834.50146683094,12033.637438876896
833,414.51935995189996,72.0,55.25,8.728545125048045,0.0006825773764479801,80943.20425255211,12787.627346323654
834,415.01907180759997,78.0,63.25,9.03811374126261,0.0006820998350077673,92728.36138316871,13250.426517343594
835,415.51878379749996,63.0,47.75,8.173891362135908,0.0006816227822154506,70053.40966568067,11991.81068386336
836,416.0184959216,73.0,55.75,8.792752697534487,0.0006811462181922062,81847.33102969154,12908.759474391361
837,416.51820817989994,81.0,66.5,9.199184746487049,0.0006806701430529704,97697.83599105934,13514.893873890926
838,417.0179205724,81.0,57.5,9.320675941153624,0.0006801945569066387,84534.63706251366,13702.955788916948
839,417.5176330991,70.0,50.75,8.649421946003097,0.0006797194598559853,74663.15590074852,12724.987964646005
840,418.01734575999996,60.0,40.75,8.05062109405231,0.000679244851997834,59993.093624697714,11852.310798342249
841,418.51705855509994,60.0,42.5,8.023403267940607,0.000678770733422974,62613.18867664886,11820.490885750736
842,419.0167714844,65.0,46.5,8.344159634139316,0.0006782971042164131,68554.02995375905,12301.629451564168
843,419.5164845479,51.0,35.0,7.416198487095664,0.0006778239644572582,51635.825576077,10941.186614778224
844,420.0161977456,67.0,47.5,8.477912478906585,0.0006773513142188236,70126.09114781278,12516.270805031214
845,420.51591107749994,67.0,48.25,8.46684711093805,0.0006768791535687378,71283.03441701453,12508.653969172994
846,421.0156245435999,62.0,47.25,8.104782538723663,0.0006764074825689382,69854.34256366962,11982.100653207423
847,421.5153381439,73.0,57.0,8.77496438739212,0.000675936301275755,84327.47271069596,12981.939823072596
848,422.01505187839996,63.0,45.5,8.208227579691002,0.000675465609739945,67360.94235429328,12151.954831351337
849,422.51476574709994,73.0,54.75,8.806957476904268,0.0006749954080067514,81111.66290993847,13047.43317130267
850,423.01447974999996,63.0,44.75,8.219641111386798,0.0006745256961159915,66342.91363201794,12185.808722657392
851,423.5141938871,58.0,41.5,7.881941385217224,0.0006740564741020551,61567.54158512351,11693.295277249817
852,424.0139081584,67.0,48.0,8.470537173048708,0.0006735877419939489,71260.20413897496,12575.254335796393
853,424.51362256389996,55.0,36.0,7.729812416870153,0.0006731194998154358,53482.33116091708,11483.566319189398
854,425.01333710359995,73.0,55.5,8.79630604287959,0.0006726517475850035,82509.263075967,13077.058187183247
855,425.5130517775,70.0,54.75,8.59142013871979,0.0006721844853159254,81450.8534428128,12781.342512958834
856,426.0127665856,71.0,53.25,8.685476383020104,0.0006717177130163258,79274.37220745998,12930.247654209183
857,426.5124815279,75.0,60.0,8.874119674649425,0.0006712514306892428,89385.28434627221,13220.261840689791
858,427.01219660439995,48.0,32.0,7.211102550927978,0.0006707856383326452,47705.25510883266,10750.23396274916
859,427.51191181509995,54.0,39.75,7.586995452746759,0.0006703203359395517,59300.00608482894,11318.462302225216
860,428.01162716,73.0,53.5,8.824681297361394,0.0006698555234979218,79867.96872350636,13174.006913132176
861,428.51134263909995,83.0,67.0,9.327379053088816,0.0006693912009908935,100090.94816427304,13934.122586734908
862,429.01105825239995,79.0,59.75,9.154916711800277,0.0006689273683966922,89322.1040472762,13685.965239758529
863,429.5107739998999,70.0,52.5,8.62409415533017,0.0006684640256888065,78538.25783055766,12901.358672882405
864,430.0104898816,56.0,39.75,7.75,0.0006680011728358566,59505.883546955236,11601.77603745668
865,430.5102058975,59.0,40.5,7.976528066771908,0.0006675388098017994,60670.6297900866,11949.160033317372
866,431.00992204759996,63.0,45.25,8.212033852828421,0.0006670769365458907,67833.25508794155,12310.474853695507
867,431.50963833189996,75.0,53.25,8.968695557326049,0.0006666155530227933,79881.1245230266,13454.074866176106
868,432.0093547504,62.0,44.0,8.154753215150045,0.0006661546591825387,66050.72770037204,12241.531456309294
869,432.5090713031,60.0,40.5,8.054501846793507,0.0006656942549706687,60838.74045418115,12099.401169007231
870,433.00878799,68.0,52.0,8.48528137423857,0.0006652343403281577,78167.94300539054,12755.326747041969
871,433.50850481109995,50.0,32.5,7.373940601876313,0.0006647749151916096,48888.7279849187,11092.386961910117
872,434.0082217664,66.0,46.0,8.426149773176359,0.0006643159794931334,69244.15702765054,12683.948652876647
873,434.50793885589997,74.0,55.25,8.870597499605086,0.0006638575331605349,83225.68810353376,13362.200557359625
874,435.0076560796,66.0,51.25,8.347903928532,0.0006633995761172598,77253.59171911991,12583.523157175578
875,435.50737343749995,65.0,46.0,8.351646544245032,0.000662942108282491,69387.65757265582,12597.851969128882
876,436.00709092959994,64.0,49.5,8.223442101699263,0.0006624851295711622,74718.65826187252,12413.021416831554
877,436.50680855589997,68.0,52.75,8.474225628339147,0.0006620286398939998,79679.33231475609,12800.39127868545
878,437.00652631639997,58.0,39.5,7.9135958956722074,0.0006615726391575772,59706.21767293442,11961.794408168234
879,437.50624421109995,59.0,44.0,7.92148975887743,0.0006611171272643507,66554.01620295098,11981.976312814517
880,438.00596224,75.0,58.5,8.8952234373286,0.0006606621041126907,88547.53380863134,13464.104240208275
881,438.5056804031,57.0,42.25,7.790218225441442,0.0006602075695969736,63995.02511882995,11799.649964929986
882,439.0053987004,80.0,65.0,9.151502608861565,0.0006597535236075022,98521.64130110736,13871.093190713958
883,439.50511713189996,59.0,40.5,7.976528066771908,0.0006592999660306803,61428.79127361482,12098.48093091017
884,440.00483569759996,63.0,47.75,8.173891362135908,0.0006588468967489479,72475.10800403,12406.359356733148
885,440.5045543975,57.0,38.25,7.854139036202504,0.0006583943156409208,58095.88432239901,11929.232755536188
886,441.0042732316,52.0,33.25,7.529110173187798,0.0006579422225813194,50536.35237080474,11443.42149626554
887,441.5039921999,58.0,44.75,7.8302298816829135,0.0006574906174410948,68061.80774740742,11909.264822907424
888,442.00371130239995,55.0,34.75,7.75,0.0006570395000873958,52888.7532566577,11795.333460117905
889,442.50343053909995,58.0,41.5,7.881941385217224,0.0006565888703836548,63205.45758832452,12004.378600891736
890,443.00314991,67.0,49.75,8.444672877027267,0.0006561387281896191,75822.38002818,12870.255197902023
891,443.50286941509995,48.0,27.5,7.2886898685566255,0.0006556890733613869,41940.61044668837,11116.076452503916
892,444.00258905439995,47.0,31.25,7.137051211810099,0.0006552399057514062,47692.45542846416,10892.271897917417
893,444.5023088278999,67.0,50.25,8.437268515343103,0.000654791225208566,76742.01801344272,12885.433082362457
894,445.0020287356,67.0,49.25,8.452070752188483,0.0006543430315782005,75266.33221907268,12916.880511133519
895,445.5017487775,61.0,45.0,8.06225774829855,0.0006538953247021426,68818.3541004794,12329.584634927627
896,446.00146895359995,62.0,47.0,8.108637370113428,0.0006534481044186823,71926.14024309082,12408.99975879033
897,446.50118926389996,52.0,35.75,7.487489565935968,0.0006530013705627774,54747.20515393331,11466.269296621862
898,447.0009097084,45.0,28.75,7.004462863060951,0.0006525551229658731,44057.580713382195,10733.902189328557
899,447.50063028709997,49.0,37.25,7.206767652699787,0.0006521093614560797,57122.32058258656,11051.470932127035
900,448.00035099999997,49.0,29.5,7.339959127951599,0.000651664085858186,45268.72147810787,11263.408997421575
901,448.50007184709995,52.0,36.75,7.470776398741967,0.0006512192959936487,56432.60300499207,11471.98254827945
902,448.9997928284,69.0,51.5,8.565920849505908,0.0006507749916806741,79136.41528694499,13162.646012846604
903,449.4995139439,67.0,47.75,8.474225628339147,0.0006503311727341489,73424.12912370093,13030.631136304693
904,449.9992351936,56.0,40.0,7.745966692414834,0.0006498878389658803,61549.082167238455,11918.928510403322
905,450.49895657749994,56.0,39.5,7.754031209635412,0.0006494449901843942,60821.16360430301,11939.47343782549
906,450.9986780955999,59.0,41.75,7.9569152314197735,0.0006490026261950992,64329.47774767458,12260.220390892246
907,451.4983997479,54.0,37.5,7.623975340988453,0.0006485607468002971,57820.33554298174,11755.221663663226
908,451.99812153439996,65.0,48.25,8.317902379807062,0.0006481193517992389,74446.16468564558,12833.90529339357
909,452.49784345509994,67.0,52.25,8.407585860400118,0.0006476784409880879,80672.74853288035,12981.111193964769
910,452.99756550999996,58.0,40.5,7.897784499465658,0.0006472380141599602,62573.58052827645,12202.287762278713
911,453.4972876991,56.0,41.75,7.7176745202165655,0.000646798071105068,64548.73918944943,11932.123586934571
912,453.9970100224,70.0,52.5,8.62409415533017,0.0006463586116105936,81224.26011959634,13342.584132731965
913,454.49673247989995,55.0,40.5,7.656696415556778,0.0006459196354608171,62701.29870120169,11853.9459016357
914,454.99645507159994,61.0,46.0,8.04673846971554,0.0006454811424371396,71264.6690596073,12466.264218554108
915,455.4961777975,59.0,43.5,7.929375763576853,0.0006450431323180399,67437.35080734451,12292.783794289368
916,455.9959006576,63.0,46.25,8.1967981553775,0.0006446056048792353,71749.29856321182,12715.989580812198
917,456.49562365189996,75.0,59.0,8.88819441731559,0.0006441685598935538,91590.93391603822,13797.932669648342
918,456.9953467804,59.0,42.75,7.941190087134295,0.0006437319971311328,66409.62417670769,12336.17425034819
919,457.49507004309993,49.0,33.5,7.271519786124493,0.0006432959163592704,52075.56763237836,11303.5379227613
920,457.99479343999997,53.0,35.25,7.578753195612059,0.0006428603173425734,54833.062562820545,11789.113421933962
921,458.4945169711,49.0,30.5,7.322909257938405,0.0006424251998429919,47476.34433931634,11398.851196572172
922,458.9942406364,50.0,37.0,7.297259759663213,0.0006419905636197344,57633.24587106539,11366.615294964906
923,459.49396443589995,64.0,48.75,8.234834546000302,0.0006415564084294509,75987.08291191643,12835.713957186432
924,459.99368836959997,62.0,47.5,8.100925873009825,0.0006411227340261179,74088.77813723723,12635.530520244834
925,460.49341243749996,61.0,45.5,8.054501846793507,0.0006406895401611453,71017.23556865922,12571.614396526047
926,460.9931366396,77.0,60.0,9.013878188659975,0.0006402568265834141,93712.39400941096,14078.535072808983
927,461.49286097589993,70.0,55.75,8.576858399204221,0.000639824593039233,87133.25590562522,13405.015206532242
928,461.99258544639997,65.0,43.75,8.38525491562421,0.0006393928392724147,68424.28834483743,13114.402290094547
929,462.4923100511,63.0,49.25,8.150920193450553,0.0006389615650243317,77078.18857324314,12756.510938400754
930,462.99203479,79.0,64.25,9.093266739736606,0.0006385307700338209,100621.61921593362,14240.921763652777
931,463.49175966309997,61.0,45.0,8.06225774829855,0.0006381004540374104,70521.81159764815,12634.778266159763
932,463.9914846704,56.0,43.0,7.697402159170326,0.0006376706167691309,67432.93303659964,12071.12568267698
933,464.4912098119,41.0,26.75,6.675514961409345,0.0006372412579606885,41977.821846636005,10475.647767648401
934,464.99093508759995,67.0,53.0,8.396427811873332,0.0006368123773413879,83227.02555070989,13185.088906291943
935,465.49066049749996,36.0,19.75,6.329494450586082,0.0006363839746382786,31034.72241145909,9946.030545762522
936,465.99038604159995,58.0,42.0,7.874007874011811,0.0006359560495760589,66042.29966520178,12381.371132896344
937,466.49011171989997,54.0,37.5,7.623975340988453,0.000635528601877166,59005.99892630473,11996.274154254357
938,466.9898375324,54.0,44.25,7.51248960065836,0.0006351016312617834,69673.8881178539,11828.799094300824
939,467.48956347909996,58.0,44.5,7.8342198079962,0.0006346751374478831,70114.61041146291,12343.668982368974
940,467.98928956,65.0,52.0,8.261355820929152,0.0006342491201512252,81986.71207868849,13025.411559040685
941,468.4890157751,61.0,43.75,8.081614937622307,0.000633823579085357,69025.51663214188,12750.574772375196
942,468.9887421244,58.0,39.25,7.917543811056558,0.0006333985139617191,61967.306734748934,12500.098494918593
943,469.48846860789996,64.0,49.5,8.223442101699263,0.00063297392448958,78202.27356113603,12991.754926287862
944,469.98819522559995,65.0,49.5,8.299096336348915,0.0006325498103761318,78254.70688318745,13120.067700935742
945,470.4879219775,64.0,49.25,8.227241335952167,0.0006321261713264458,77911.66104806958,13015.188595479642
946,470.9876488636,56.0,42.0,7.713624310270756,0.0006317030070435798,66486.94011536107,12210.83994260393
947,471.4873758839,79.0,63.75,9.100137361600648,0.0006312803172285171,100985.24896179068,14415.366855650736
948,471.98710303839994,56.0,38.25,7.774155902733106,0.0006308581015801667,60631.70133535863,12323.145067425596
949,472.48683032709994,57.0,42.0,7.794228634059948,0.0006304363597955493,66620.52298763448,12363.228283006421
950,472.98655775,61.0,45.0,8.06225774829855,0.0006300150915696346,71426.86040724188,12796.92797233166
951,473.4862853071,52.0,39.75,7.420411039827915,0.0006295942965954625,63135.895949103295,11786.020108431512
952,473.9860129984,63.0,48.75,8.15858443604036,0.0006291739745641386,77482.54373326813,12967.135904965291
953,474.48574082389996,71.0,51.5,8.710625695092173,0.0006287541251648504,81908.0113176155,13853.786951788778
954,474.98546878359997,41.0,31.75,6.5812232905440915,0.0006283347480849394,50530.390204853,10474.07183925857
955,475.48519687749996,66.0,50.25,8.362864341838867,0.0006279158430097743,80026.64777358992,13318.447742540377
956,475.9849251056,48.0,35.75,7.145802963978226,0.0006274974096230082,56972.346740806635,11387.780816930106
957,476.48465346789993,71.0,53.25,8.685476383020104,0.0006270794476063628,84917.46971338578,13850.67939345422
958,476.9843819644,66.0,47.0,8.411301920630361,0.0006266619566398055,75000.56370426009,13422.391181574523
959,477.4841105951,62.0,46.75,8.112490369793976,0.0006262449364014987,74651.30220235042,12954.181180944333
960,477.98383936,124.0,108.5,11.308182877898641,0.0006258283865678647,173370.2119122944,18069.14342750476
961,478.48356825909997,257.0,242.25,16.145819892467525,0.0006254123068135432,387344.4723757619,25816.281062216363
962,478.9832972924,526.0,511.25,23.01494079940246,0.0006249966968114533,818004.3232360187,36824.099898155975
963,479.4830264599,692.0,677.5,26.374703789805867,0.0006245815562328379,1084726.235091442,42227.7979978865
964,479.98275576159995,496.0,480.75,22.356486754407545,0.0006241668847472187,770226.70017923,35818.12380748411
965,480.48248519749995,270.0,253.0,16.560495161679196,0.0006237526820224948,405609.47839078936,26549.77788309047
966,480.98221476759994,98.0,83.5,10.080922576827977,0.0006233389477248268,133956.0127034788,16172.457398375505
967,481.48194447189996,72.0,57.5,8.696263565463042,0.0006229256815188383,92306.35644977997,13960.354860084626
968,481.98167431039997,56.0,42.75,7.7014609003746815,0.0006225128830674904,68673.27755426583,12371.568701397813
969,482.48140428309995,71.0,55.75,8.649421946003097,0.0006221005520321894,89615.73787048388,13903.575423214781
970,482.98113438999997,57.0,41.75,7.798236980241111,0.0006216886880727216,67155.79807222795,12543.636597950961
971,483.4808646311,49.0,31.25,7.310095758606723,0.0006212772908473505,50299.60125756184,11766.23685800039
972,483.9805950064,52.0,37.25,7.462405778299649,0.0006208663600127935,59996.80832962577,12019.34306465868
973,484.48032551589995,51.0,30.75,7.487489565935969,0.0006204558952242367,49560.33174426807,12067.722498196175
974,484.98005615959994,56.0,36.5,7.802243267163617,0.0006200458961353824,58866.61008079714,12583.331840099874
975,485.4797869375,60.0,45.25,7.980444849756184,0.000619636362398416,73026.70202383152,12879.239073166093
976,485.9795178496,57.0,41.25,7.806247497997997,0.0006192272936641258,66615.28072497134,12606.433175460405
977,486.47924889589996,54.0,38.75,7.603453162872775,0.0006188186895817519,62619.31103953956,12287.045124658094
978,486.9789800764,66.0,48.0,8.396427811873334,0.0006184105497991874,77618.33949240798,13577.433008864182
979,487.4787113910999,57.0,40.75,7.814249804043892,0.0006180028739628838,65938.20468616036,12644.358357002078
980,487.97844284,60.0,44.0,8.0,0.0006175956617178717,71244.02376404639,12953.45886619025
981,488.4781744231,51.0,34.5,7.4246212024587495,0.0006171889127078123,55898.606228418896,12029.738463519177
982,488.97790614039997,46.0,26.75,7.128288714691626,0.0006167826265750109,43370.222907448835,11557.213850647768
983,489.47763799189994,51.0,35.5,7.407766195014527,0.000616376802960425,57594.63988504335,12018.242995900267
984,489.9773699776,56.0,44.5,7.673004626611403,0.000615971441503679,72243.60904032954,12456.753851900088
985,490.4771020975,57.0,43.75,7.766112283504533,0.0006155665418430762,71072.73873106802,12616.202726437845
986,490.97683435159996,48.0,34.0,7.176350047203662,0.0006151621036156123,55269.984610828855,11665.786960907863
987,491.47656673989997,43.0,26.75,6.860211367006121,0.000614758126457034,43513.04821973684,11159.20403776165
988,491.9762992624,61.0,45.5,8.054501846793507,0.0006143546100017731,74061.46101820361,13110.509330710907
989,492.47603191909997,44.0,27.0,6.946221994724902,0.0006139515538830222,43977.41129448201,11313.957837214602
990,492.97576470999996,43.0,26.0,6.873863542433759,0.0006135489577327619,42376.406433933815,11203.447509445117
991,493.47549763509994,50.0,34.75,7.335700375560606,0.0006131468211817602,56674.84328308825,11964.019256304719
992,493.9752306944,55.0,38.75,7.685213074469699,0.0006127451438595032,63239.995270994776,12542.266799640025
993,494.4749638879,58.0,46.25,7.806247497997998,0.0006123439253943947,75529.4501700357,12748.142300864989
994,494.9746972156,55.0,41.5,7.640353394968063,0.0006119431654135786,67816.75545302061,12485.397054486866
995,495.4744306775,46.0,29.75,7.075485849042453,0.000611542863543065,48647.44856581095,11569.893577123225
996,495.97416427359997,43.0,27.75,6.8419660917020035,0.0006111430194077197,45406.720061849854,11195.359963912859
997,496.4738980039,62.0,43.75,8.15858443604036,0.0006107436326312936,71633.98464182092,13358.443707207185
998,496.9736318684,60.0,47.75,7.941190087134296,0.0006103447028363841,78234.4792673664,13010.992067646568
999,497.4733658671,62.0,47.5,8.100925873009825,0.0006099462296445182,77875.71705735996,13281.37707766652
1000,497.97309999999993,54.0,39.0,7.599342076785332,0.0006095482126760981,63981.813397136204,12467.171453791912
1001,498.4728342671,63.0,45.0,8.215838362577491,0.0006091506515505295,73873.35117422462,13487.366945541191
1002,498.97256866839996,63.0,47.75,8.173891362135908,0.0006087535458860394,78438.96815500267,13427.258727895914
1003,499.47230320389997,56.0,41.75,7.7176745202165655,0.0006083568952999236,68627.47890679697,12686.096894507467
1004,499.97203787359996,54.0,38.0,7.615773105863909,0.0006079606994083738,62504.04020684071,12526.752326712998
1005,500.4717726775,49.0,35.25,7.241374178980119,0.0006075731459038448,58017.70574892838,11918.522449190252
1006,500.9715076156,52.0,35.5,7.4916620318858484,0.0006071865133137649,58466.384251942865,12338.320874420537
1007,501.4712426879,59.0,45.75,7.893826701923472,0.0006068003154608522,75395.47827237668,13008.93638449788
1008,501.97097789439994,48.0,32.25,7.206767652699787,0.0006064145520050703,53181.4414633809,11884.226110457075
1009,502.47071323509994,55.0,40.25,7.660776723022281,0.0006060292226052548,66415.93919674295,12640.93617480923
1010,502.97044870999997,50.0,36.0,7.3143694191638975,0.000605644326919208,59440.827561491125,12077.00476015459
1011,503.4701843191,60.0,47.25,7.949056547792323,0.000605259864603646,78065.6421534602,13133.295321006883
1012,503.9699200624,45.0,33.25,6.923691212063115,0.0006048758353141831,54969.959219365024,11446.466874423622
1013,504.46965593989995,44.0,30.5,6.882949948968102,0.0006044922387054896,50455.569231650115,11386.333038299761
1014,504.9693919516,39.0,22.75,6.562202374203344,0.0006041090744311252,37658.762238297975,10862.611822844756
1015,505.4691280975,50.0,33.25,7.361215932167729,0.0006037263421436535,55074.621859200466,12192.967936482994
1016,505.96886437759997,44.0,30.0,6.892024376045111,0.0006033440414946429,49722.87440791171,11423.042082211903
1017,506.4686007919,44.0,26.0,6.96419413859206,0.0006029621721346944,43120.44967589097,11549.968572549762
1018,506.9683373404,53.0,36.5,7.558108228915487,0.0006025807337134032,60572.796237723676,12542.897251856448
1019,507.4680740231,54.0,31.75,7.7176745202165655,0.0006021997258794024,52723.37172461336,12815.80543555764
1020,507.96781083999997,64.0,33.0,8.470537173048708,0.0006018191482803728,54833.74880027265,14074.888107585592
1021,508.46754779109995,59.0,16.5,8.344159634139318,0.000601439000563062,27434.203609265183,13873.659051587256
1022,508.9672848764,72.0,30.25,9.079509898667437,0.0006010592823732982,50327.81438888539,15105.84756767545
1023,509.4670220959,86.0,49.75,9.75,0.0006006799933559572,82822.801741823,16231.6043614628
1024,509.9667594496,121.0,89.25,11.355064949175764,0.0006003011331550739,148675.38152213403,18915.614717392924
1025,510.46649693750004,130.0,108.25,11.637761812307382,0.0005999227014136997,180439.9129169677,19398.76884952569
1026,510.9662345596,148.0,129.0,12.359207094308275,0.0005995446977741198,215163.27386252882,20614.321401212095
1027,511.4659723159,133.0,116.75,11.707369473968097,0.0005991671218776242,194853.8158004027,19539.405695827296
1028,511.9657102064,108.0,90.25,10.603655030224248,0.0005987899733647732,150720.62662114945,17708.47125351692
1029,512.4654482311,89.0,76.25,9.60143218483576,0.0005984132518751469,127420.30655415502,16044.81878492725
1030,512.96518639,57.0,44.75,7.75,0.0005980369570476336,74828.15145893344,12959.065336463334
1031,513.4649246831,53.0,36.75,7.553972464869064,0.000597661088520198,61489.69826861672,12639.224152224153
1032,513.9646631104,46.0,31.75,7.0400639201643616,0.0005972856459299938,53157.14552383757,11786.762277206153
1033,514.4644016719001,50.0,34.0,7.3484692283495345,0.0005969106289134474,56959.950708014665,12310.836618416237
1034,514.9641403676001,51.0,36.5,7.390872749547242,0.0005965360371061269,61186.58007161847,12389.650062720966
1035,515.4638791975001,43.0,27.75,6.8419660917020035,0.0005961618701428385,46547.76058279471,11476.691875752957
1036,515.9636181616,44.0,29.25,6.905613658466566,0.0005957881276576207,49094.6338843613,11590.720489205502
1037,516.4633572599,54.0,39.0,7.599342076785332,0.0005954148092837746,65500.55422187628,12763.105583360602
1038,516.9630964924,37.0,25.0,6.324555320336758,0.0005950419146538066,42013.84706579017,10628.755999510326
1039,517.4628358591,50.0,35.25,7.327175444876423,0.0005946694433995713,59276.629043666464,12321.425837838342
1040,517.96257536,55.0,38.75,7.685213074469699,0.0005942973951520973,65203.04533739845,12931.59474896039
1041,518.4623149951,46.0,34.75,6.98659430624106,0.0005939257695417431,58508.99520122212,11763.413316165294
1042,518.9620547644,49.0,34.5,7.254309064273454,0.0005935545661981975,58124.394899322346,12221.806515175764
1043,519.4617946679001,53.0,35.75,7.57050196486336,0.000593183784750385,60267.99942794087,12762.489736716368
1044,519.9615347056,33.0,18.75,6.046693311223912,0.0005928134248266063,31628.838374374267,10199.993890139258
1045,520.4612748775,49.0,35.25,7.241374178980119,0.0005924434860544393,59499.346063804805,12222.894418514566
1046,520.9610151836,38.0,26.0,6.4031242374328485,0.0005920739680608066,43913.4321090938,10814.736980253861
1047,521.4607556239,50.0,35.5,7.322909257938405,0.0005917048704719869,59996.12606143096,12375.948928892742
1048,521.9604961983999,47.0,33.75,7.093130479555554,0.0005913361929136518,57074.132117139416,11995.089366348508
1049,522.4602369071,49.0,38.5,7.185053931599957,0.0005909679350107377,65147.358628350055,12158.111305090362
1050,522.9599777500001,43.0,30.0,6.800735254367721,0.0005906000963876374,50795.79259043949,11514.957914778417
1051,523.4597187271,50.0,36.25,7.310095758606724,0.0005902326766681271,61416.457327696306,12385.108530202582
1052,523.9594598384001,47.0,33.0,7.106335201775948,0.000589865675475296,55944.94030087374,12047.378746101605
1053,524.4592010839001,40.0,26.5,6.585969936159746,0.000589499092431733,44953.41950516885,11172.146014664873
1054,524.9589424636,35.0,23.25,6.15934249737746,0.000589132927159374,39464.77768965431,10454.928274126522
1055,525.4586839775,42.0,28.25,6.740734381356382,0.0005887671792795938,47981.6147947755,11448.89630159792
1056,525.9584256256001,55.0,43.0,7.615773105863909,0.000588401848413207,73079.308156427,12943.149526810645
1057,526.4581674079,48.0,34.0,7.176350047203662,0.0005880369341804476,57819.49742219187,12203.910383971723
1058,526.9579093244,49.0,34.5,7.254309064273454,0.0005876724362010019,58706.17349866644,12344.13700116481
1059,527.4576513751001,38.0,25.0,6.422616289332564,0.0005873083540940532,42567.07711669368,10935.680115158091
1060,527.95739356,52.0,39.25,7.428828979051812,0.0005869446874781453,66871.71864292827,12656.7786327028
1061,528.4571358791001,38.0,23.0,6.461423991660042,0.0005865814359714254,39210.241902576025,11015.391206439072
1062,528.9568783324,47.0,30.25,7.1545440106270926,0.0005862185991914272,51601.911030669966,12204.566727318741
1063,529.4566209199,47.0,33.25,7.101936355670896,0.000585856176755225,56754.543724631745,12122.320524134606
1064,529.9563636416,35.0,21.25,6.199798383818623,0.0005854941682793756,36294.12751018266,10589.001086105292
1065,530.4561064975,32.0,21.25,5.889609494694874,0.0005851325733799351,36316.55622460462,10065.42749906125
1066,530.9558494876,46.0,32.25,7.031180555212616,0.0005847713916724879,55149.75674128431,12023.810766636409
1067,531.4555926119001,40.0,24.5,6.623820649745886,0.0005844106227721598,41922.578141690705,11334.189338184342
1068,531.9553358704001,48.0,35.75,7.145802963978226,0.0005840502662935534,61210.48489006502,12234.910891020168
1069,532.4550792631001,47.0,34.0,7.088723439378913,0.0005836903218508933,58250.06639168754,12144.665028709804
1070,532.9548227900001,36.0,17.5,6.373774391990981,0.0005833307890578688,30000.130849023175,10926.518043536145
1071,533.4545664511,52.0,40.75,7.403546447480423,0.000582971667527794,69900.48105220684,12699.667685183771
1072,533.9543102464,45.0,32.0,6.946221994724903,0.0005826129568735152,54924.97141107552,11922.532639851539
1073,534.4540541759,46.0,32.5,7.026734661277598,0.0005822546567074517,55817.501200903775,12068.146781362908
1074,534.9537982396,40.0,28.0,6.557438524302001,0.0005818967666416017,48118.500746448706,11269.075375943477
1075,535.4535424375,48.0,37.0,7.123903424387503,0.000581539286287597,63624.24839119443,12250.081107786786
1076,535.9532867696,44.0,31.75,6.860211367006122,0.0005811822152565409,54630.026808348164,11803.890736708008
1077,536.4530312359001,38.0,25.5,6.41287766919033,0.0005808255531593426,43903.02709874814,11040.970278094897
1078,536.9527758364001,46.0,33.75,7.00446286306095,0.0005804692996063254,58142.60982086265,12066.89633338297
1079,537.4525205711001,43.0,29.0,6.819090848492928,0.000580113454207533,49990.221377671034,11754.753831400416
1080,537.95226544,57.0,43.25,7.774155902733106,0.0005797580165726291,74600.08962994971,13409.311610198667
1081,538.4520104431,32.0,18.25,5.95294044989533,0.0005794029863108693,31497.939139389004,10274.266081710142
1082,538.9517555804,44.0,30.75,6.878408246098802,0.0005790483630312229,53104.37255884605,11878.814767891696
1083,539.4515008518999,44.0,29.75,6.896557112066861,0.000578694146342219,51408.84902334387,11917.447507734914
1084,539.9512462576001,35.0,20.0,6.224949798994366,0.0005783403358521236,34581.713845934864,10763.471632706645
1085,540.4509917975,49.0,36.0,7.22841614740048,0.0005779869311687973,62285.14531842665,12506.193060080574
1086,540.9507374716001,48.0,35.75,7.145802963978226,0.0005776339318998208,61890.408484867425,12370.815787216468
1087,541.4504832799,39.0,25.25,6.514407110397691,0.0005772813376524247,43739.505078549366,11284.63140154368
1088,541.9502292224,48.0,33.5,7.185053931599956,0.0005769291480335186,58066.05562257656,12453.96242517897
1089,542.4499752991001,53.0,40.75,7.487489565935968,0.0005765773626497442,70675.68489461242,12986.097011381322
1090,542.94972151,31.0,16.5,5.88430114796991,0.0005762259811073736,28634.59916939323,10211.794228128414
1091,543.4494678551,41.0,27.75,6.656763477847174,0.0005758750030124209,48187.5404468658,11559.38952554882
1092,543.9492143343999,40.0,27.5,6.566962768281849,0.0005755244279706591,47782.50698578859,11410.397976394219
1093,544.4489609479001,44.0,34.5,6.809919235938118,0.0005751742555874583,59981.82231707012,11839.749727641683
1094,544.9487076956001,45.0,30.25,6.977642868476432,0.0005748244854680226,52624.75897381167,12138.736335831674
1095,545.4484545775,43.0,31.75,6.768493185340441,0.0005744751172172495,55267.841980339574,11782.047616138605
1096,545.9482015936001,48.0,34.25,7.171994143890526,0.0005741261504397697,59655.87871892815,12492.017892577991
1097,546.4479487439,49.0,33.5,7.271519786124493,0.0005737775847399499,58384.99253187631,12673.063534575205
1098,546.9476960284001,36.0,21.5,6.294839156007086,0.0005734294197218988,37493.716332913384,10977.53086868119
1099,547.4474434471,43.0,27.75,6.8419660917020035,0.0005730816549895176,48422.41896664374,11938.9026539807
1100,547.947191,36.0,21.0,6.304760106459246,0.0005727342901464411,36666.21740882767,11008.176417806582
1101,548.4469386871,38.0,26.75,6.388466169590318,0.0005723873247960974,46734.088686413874,11161.089515506119
1102,548.9466865084,44.0,29.25,6.905613658466566,0.0005720407585416635,51132.7201134561,12071.890954189079
1103,549.4464344639,41.0,26.5,6.680194607943694,0.000571694590986071,46353.4208960981,11684.90084263619
1104,549.9461825536,60.0,45.0,7.984359711335657,0.0005713488217321391,78760.9920391102,13974.579814708886
1105,550.4459307775,87.0,76.0,9.47364766074821,0.000571003450382346,133099.02059104916,16591.226645661456
1106,550.9456791356,131.0,121.5,11.548809462451096,0.0005706584765390935,212911.93418674564,20237.690207445703
1107,551.4454276279,161.0,150.0,12.796483892069727,0.0005703138998044954,263013.05307729705,22437.61531405141
1108,551.9451762543999,136.0,121.5,11.816302298096474,0.0005699697197805515,213169.21896619292,20731.456230071242
1109,552.4449250151,93.0,81.5,9.79157801378307,0.0005696259360689881,143076.35035447092,17189.487686173758
1110,552.9446739100001,57.0,45.5,7.73789377027108,0.0005692825482714196,79925.1621855563,13592.360759637842
1111,553.4444229391,47.0,32.75,7.110731326663946,0.000568939555989298,57563.232605707664,12498.219277967908
1112,553.9441721024001,39.0,28.0,6.461423991660043,0.0005685969588238355,49244.01997843792,11363.803290516616
1113,554.4439213999001,34.0,19.25,6.139014578904337,0.0005682547563761767,33875.651341238874,10803.278828766011
1114,554.9436708316,41.0,27.75,6.656763477847174,0.0005679129482472422,48863.12257124128,11721.45044129041
1115,555.4434203975001,43.0,27.75,6.8419660917020035,0.0005675715340378305,48892.51545541813,12054.808392215746
1116,555.9431700976,50.0,34.5,7.3399591279516,0.0005672305133486004,60821.83378382094,12939.993451023522
1117,556.4429199319,50.0,38.25,7.275816105427625,0.0005668898857800335,67473.42113427984,12834.619717048208
1118,556.9426699004,29.0,15.75,5.6844085004510365,0.0005665496509325253,27799.85827204364,10033.380995107234
1119,557.4424200031001,42.0,28.5,6.73609679265374,0.000566209808406307,50334.69851081891,11896.821094663868
1120,557.9421702400001,46.0,30.5,7.0622234459127675,0.000565870357801529,53899.271413501825,12480.2851899688
1121,558.4419206111,46.0,35.0,6.98212002188447,0.0005655312987181574,61888.70550459644,12346.12485234727
1122,558.9416711164,44.0,32.5,6.846531968814577,0.0005651926307561069,57502.51901997015,12113.625684849041
1123,559.4414217559,34.0,18.25,6.15934249737746,0.0005648543535151846,32309.21366973123,10904.302071935579
1124,559.9411725296,33.0,22.5,5.968668193156661,0.0005645164665950306,39857.11902384756,10573.063048377699
1125,560.4409234375,47.0,35.5,7.0622234459127675,0.0005641789695952474,62923.29546680615,12517.70063492324
1126,560.9406744796,47.0,34.25,7.084313657652377,0.0005638418621153316,60743.98213624355,12564.362693955683
1127,561.4404256559001,52.0,41.25,7.39509972887452,0.0005635051437546897,73202.52611209052,13123.393478895772
1128,561.9401769664,52.0,40.0,7.416198487095662,0.0005631688141126155,71026.66020849887,13168.695249543172
1129,562.4399284111,40.0,27.0,6.576473218982954,0.0005628328727884179,47971.611654868524,11684.593308136791
1130,562.9396799900001,41.0,27.25,6.6661458129866915,0.0005624973193811626,48444.67530970526,11850.982366139137
1131,563.4394317031,39.0,26.25,6.49519052838329,0.0005621621534900495,46694.712258790714,11553.94486814783
1132,563.9391835504,32.0,20.75,5.900211860602974,0.0005618273747140557,36933.0526312656,10501.82338232613
1133,564.4389355319,36.0,20.75,6.309714732061981,0.0005614929826521903,36955.04777635542,11237.388403784298
1134,564.9386876476,41.0,25.75,6.694213919497942,0.0005611589769033864,45887.17468638718,11929.26460240958
1135,565.4384398975,49.0,35.5,7.237057413065064,0.0005608253570664744,63299.562961437565,12904.297785178887
1136,565.9381922816001,51.0,39.0,7.3484692283495345,0.0005604921227403456,69581.70939017317,13110.74487973455
1137,566.4379447999,43.0,31.75,6.768493185340441,0.0005601592735237393,56680.30772796703,12083.158318102172
1138,566.9376974524,38.0,22.25,6.475916923494308,0.0005598268090154217,39744.434603143614,11567.714906121822
1139,567.4374502391,45.0,31.0,6.9641941385920605,0.0005594947288141332,55407.13505148741,12447.291779411204
1140,567.93720316,38.0,27.0,6.383572667401852,0.0005591630325185541,48286.45391378602,11416.29953369643
1141,568.4369562151,46.0,34.5,6.991065727054782,0.0005588317197273635,61735.937281497674,12510.144790037157
1142,568.9367094044,36.0,21.0,6.304760106459246,0.0005585007900392119,37600.663015222606,11288.721912133005
1143,569.4364627279,37.0,27.0,6.284902544988267,0.0005581702430527164,48372.33861184174,11259.830890688827
1144,569.9362161856001,40.0,26.25,6.590713163232034,0.0005578400783665491,47056.497046365825,11814.69998091705
1145,570.4359697775001,32.0,21.5,5.884301147969911,0.0005575102955793288,38564.310238716906,10554.605349225567
1146,570.9357235036,37.0,22.25,6.378675411086537,0.0005571808942896421,39933.17112634819,11448.123000015643
1147,571.4354773639001,42.0,30.0,6.708203932499369,0.0005568518740961386,53874.29116350716,12046.657728121825
1148,571.9352313584001,37.0,25.5,6.314665470157544,0.00055652323459746,45820.18937348494,11346.63402638529
1149,572.4349854871,35.0,22.5,6.174544517614234,0.0005561949753922422,40453.439882538405,11101.402908682869
1150,572.93473975,37.0,21.25,6.398241946034863,0.0005558670960791266,38228.56245654645,11510.380792757134
1151,573.4344941470999,37.0,24.5,6.334429729659963,0.0005555395962567994,44101.26688552875,11402.30106430048
1152,573.9342486784,36.0,25.0,6.224949798994366,0.0005552124755239639,45027.80665439309,11211.833439296857
1153,574.4340033439,38.0,29.0,6.344288770224759,0.000554885733479335,52263.01245512202,11433.50493162577
1154,574.9337581436,51.0,38.0,7.365459931328118,0.000554559369721689,68522.8707235993,13281.643649848611
1155,575.4335130775,41.0,29.0,6.6332495807108,0.0005542333838498273,52324.527617877524,11968.332789040576
1156,575.9332681456,39.0,25.5,6.509608283145768,0.0005539077754625431,46036.54458308716,11752.151840998968
1157,576.4330233479001,34.0,22.25,6.077622890571609,0.0005535825441587138,40192.74132607198,10978.711223288024
1158,576.9327786844,29.0,20.25,5.584576975922169,0.0005532576895372793,36601.38915906658,10093.988897999532
1159,577.4325341551,34.0,23.75,6.046693311223912,0.0005529332111972061,42952.74640598402,10935.666711232021
1160,577.93228976,31.0,16.0,5.894913061275798,0.0005526091087375048,28953.558215053185,10667.419280770386
1161,578.4320454991,33.0,22.5,5.968668193156661,0.0005522853817572375,40739.80725039378,10807.217410255933
1162,578.9318013724001,36.0,22.75,6.269968101992227,0.0005519620298555609,41216.603261556396,11359.419240546258
1163,579.4315573799,39.0,28.25,6.456585785072479,0.0005516390526316867,51211.022615655354,11704.36674900055
1164,579.9313135216,45.0,29.5,6.991065727054782,0.000551316449684875,53508.28914475851,12680.676825534192
1165,580.4310697975001,48.0,29.5,7.254309064273454,0.0005509942206144698,53539.58153517752,13165.853275526983
1166,580.9308262076,44.0,22.75,7.0222859525940695,0.0005506723650198631,41313.1318096549,12752.203303938762
1167,581.4305827519,51.0,21.75,7.636262174650633,0.0005503508825005881,39520.24188854963,13875.261069727589
1168,581.9303394304,64.0,43.25,8.317902379807062,0.0005500297726562089,78632.10711510523,15122.640252068848
1169,582.4300962431,86.0,71.0,9.473647660748208,0.0005497090350863721,129159.23782996263,17233.93114551897
1170,582.9298531900001,117.0,101.75,10.991473968490306,0.0005493886693908408,185205.85820020616,20006.735815424796
1171,583.4296102711,121.0,108.0,11.146748404803978,0.0005490686751694365,196696.70641231243,20301.191652144815
1172,583.9293674864,80.0,65.25,9.148087231765995,0.0005487490520221152,118906.81133672438,16670.802797846685
1173,584.4291248359,51.0,35.75,7.403546447480424,0.0005484297995489119,65186.10044422217,13499.53349283701
1174,584.9288823196,34.0,19.75,6.128825336065631,0.0005481109173499639,36032.85279462843,11181.72461460466
1175,585.4286399375001,41.0,26.75,6.675514961409345,0.0005477924050255093,48832.36743443772,12186.213062042149
1176,585.9283976896,40.0,27.0,6.576473218982954,0.0005474742621758799,49317.38688991751,12012.387930065315
1177,586.4281555759,32.0,23.5,5.841660722773962,0.0005471564884015757,42949.32162579528,10676.398519625302
1178,586.9279135964,22.0,9.25,5.018714974971183,0.0005468390833031274,16915.396654032644,9177.681567045522
1179,587.4276717511001,31.0,21.0,5.787918451395113,0.0005465220464812282,38424.79939319576,10590.457399953973
1180,587.9274300400001,37.0,24.75,6.329494450586081,0.0005462053775367366,45312.62601554187,11588.121814418373
1181,588.4271884631,34.0,23.75,6.046693311223912,0.0005458890760705585,43507.00726777359,11076.780203680702
1182,588.9269470204,40.0,25.25,6.609652033201144,0.0005455731416837532,46281.60382322561,12115.061259801701
1183,589.4267057119,35.0,21.75,6.189709201569974,0.0005452575739775172,39889.404637406886,11351.899536979558
1184,589.9264645376,40.0,29.5,6.528782428600298,0.000544942372553162,54134.164428775664,11980.684118967793
1185,590.4262234975,42.0,28.75,6.73145600891813,0.0005446275370121767,52788.37011753449,12359.742303605975
1186,590.9259825916,42.0,27.5,6.754628043053148,0.0005443130669561224,50522.39541810742,12409.454141577029
1187,591.4257418199,34.0,20.0,6.123724356957945,0.0005439989619867733,36764.776033683454,11256.867723778554
1188,591.9255011824,33.0,17.75,6.067330549755798,0.0005436852217059977,32647.567547087863,11159.638532600686
1189,592.4252606791,53.0,41.25,7.479137650825796,0.0005433718457158264,75914.86442522272,13764.308382545916
1190,592.92502031,33.0,20.5,6.010407640085654,0.000543058833618427,37749.13274756534,11067.691505979232
1191,593.4247800751,40.0,28.0,6.557438524302001,0.0005427461850161375,51589.49205542085,12081.96152333531
1192,593.9245399744,47.0,32.25,7.119515432949071,0.0005424338995114631,59454.24876477225,13125.129973184165
1193,594.4243000079,42.0,30.75,6.694213919497942,0.0005421219767070407,56721.55219897516,12348.169244419792
1194,594.9240601756,29.0,16.0,5.678908345800273,0.0005418104162056421,29530.62459014679,10481.356902604959
1195,595.4238204774999,42.0,32.5,6.661456297237114,0.0005414992176102895,60018.55393887173,12301.876125758847
1196,595.9235809136001,36.0,23.5,6.254998001598402,0.0005411883805240833,43422.95741317053,11557.89412097337
1197,596.4233414839001,40.0,29.75,6.523994175349945,0.0005408779045503164,55003.171232764675,12061.861134397728
1198,596.9231021884001,34.0,22.25,6.077622890571609,0.0005405677892925031,41160.42509510393,11243.035583984798
1199,597.4228630271,40.0,27.5,6.566962768281849,0.0005402580343542653,50901.60303283399,12155.233889544847
1200,597.922624,40.0,27.25,6.571719714047458,0.0005399486393394426,50467.763069718734,12171.008935381537
1201,598.4223851071,36.0,22.0,6.284902544988268,0.0005396396038520206,40767.94928126293,11646.481281443728
1202,598.9221463484,32.0,18.25,5.95294044989533,0.0005393309274961721,33838.22263767644,11037.639687254132
1203,599.4219077239,34.0,21.0,6.103277807866851,0.000539022609876277,38959.4046988496,11322.860481247251
1204,599.9216692336,41.0,26.5,6.680194607943694,0.0005387146505969305,49191.16265101811,12400.246773577826
1205,600.4214308775,34.0,23.25,6.057020719792859,0.000538416698878826,43182.1673592493,11249.689566474663
1206,600.9211926556001,37.0,23.75,6.349212549600146,0.0005381208785339076,44135.065089290125,11798.85933230906
1207,601.4209545679,35.0,23.25,6.15934249737746,0.0005378253939753201,43229.64341298266,11452.308809464846
1208,601.9207166144,32.0,18.75,5.942432162002357,0.0005375302448580589,34881.758151024886,11055.065680204701
1209,602.4204787951,28.0,18.5,5.511351921262151,0.0005372354308372049,34435.554578316594,10258.72756134772
1210,602.92024111,28.0,15.5,5.57897840110535,0.0005369409515679547,28867.233826620013,10390.301549572308
1211,603.4200035591,44.0,30.5,6.882949948968102,0.0005366468067054906,56834.40135839337,12825.847210799551
1212,603.9197661424,23.0,11.5,5.086747487343951,0.0005363529959051712,21441.10331777327,9483.954645875237
1213,604.4195288599001,36.0,22.5,6.274950199005566,0.0005360595188223613,41972.9511555526,11705.696809172696
1214,604.9192917116001,39.0,30.75,6.408002808988148,0.0005357663751126034,57394.4193372292,11960.44228725881
1215,605.4190546975001,35.0,21.25,6.199798383818623,0.0005354735644314202,39684.49875310615,11578.159587395749
1216,605.9188178176,31.0,19.0,5.8309518948453,0.000535181086434496,35502.00199820687,10895.287674855052
1217,606.4185810719,28.0,5.25,5.80409338312195,0.0005348889407776082,9815.12160705301,10851.025214101648
1218,606.9183444604,45.0,-5.25,7.586995452746759,0.0005345971271165952,-9820.479261301716,14191.986952245708
1219,607.4181079831,39.0,-13.25,7.215434844830906,0.0005343056451074156,-24798.540163909835,13504.320815065188
1220,607.9178716399999,76.0,41.25,9.202581159652981,0.0005340144944061192,77245.09434125824,17232.830299648005
1221,608.4176354310999,196.0,177.5,14.164215474215295,0.0005337236746688971,332569.0960029356,26538.480765355336
1222,608.9173993564001,333.0,318.0,18.350749303502567,0.0005334331855519501,596138.3892360602,34401.21424863137
1223,609.4171634159001,344.0,331.75,18.629613522561332,0.0005331430267116983,622253.2854760505,34942.99388564535
1224,609.9169276096001,230.0,219.25,15.2540978100968,0.0005328531978046111,411464.1723148587,28627.20515321039
1225,610.4166919375,118.0,108.25,10.974402033823985,0.0005325636984872993,203262.07044805097,20606.740686599212
1226,610.9164563996001,52.0,39.5,7.424621202458749,0.000532274528416464,74209.82574070175,13948.856851270462
1227,611.4162209959,36.0,25.0,6.224949798994366,0.0005319856872489081,46993.74550710963,11701.34826593898
1228,611.9159857264,36.0,26.0,6.2048368229954285,0.0005316971746415846,48900.0153471316,11669.869841189375
1229,612.4157505910999,40.0,26.5,6.585969936159746,0.0005314089902516071,49867.42882812916,12393.410832288471
1230,612.91551559,24.0,14.0,5.1478150704934995,0.0005311211337361023,26359.335207617944,9692.355930711825
1231,613.4152807231001,42.0,31.25,6.684870978560469,0.0005308336047524436,58869.671626334886,12593.157099912665
1232,613.9150459904,23.0,9.25,5.1417409503007825,0.0005305464029580527,17434.855741979925,9691.406673635125
1233,614.4148113919,38.0,26.5,6.393355926272211,0.0005302595280105007,49975.528208660915,12057.031677034955
1234,614.9145769276,28.0,16.75,5.55090082779363,0.0005299729795675061,31605.384888997807,10473.931769735773
1235,615.4143425975,40.0,29.0,6.5383484153110105,0.000529686757286924,54749.339304873545,12343.80192701189
1236,615.9141084016,32.0,19.25,5.931905258852336,0.0005294008608267219,36361.86002784139,11204.940712769085
1237,616.4138743399,32.0,23.5,5.841660722773962,0.0005291152898450102,44413.760953465695,11040.43076223542
1238,616.9136404124,53.0,41.0,7.483314773547883,0.000528830044000048,77529.63445472527,14150.698997629575
1239,617.4134066191001,102.0,92.0,10.222524150130436,0.0005285451229502705,174062.71670140084,19340.873099101984
1240,617.9131729600001,165.0,156.25,12.93010054098575,0.0005282605263542023,295782.0851736957,24476.749436917096
1241,618.4129394351,164.0,152.75,12.91559135308949,0.0005279762538705461,289312.2538754415,24462.447427145555
1242,618.9127060444,120.0,108.0,11.090536506409418,0.0005276923051581393,204664.72401494364,21017.051789462414
1243,619.4124727879,55.0,45.75,7.57050196486336,0.0005274086798759834,86744.87498149976,14354.147464246347
1244,619.9122396656,50.0,39.0,7.262919523166976,0.0005271253776832401,73986.1931356981,13778.352988976003
1245,620.4120066775,30.0,19.75,5.706356105256663,0.0005268423982391912,37487.49164077968,10831.239331398545
1246,620.9117738236,41.0,29.0,6.6332495807108,0.0005265597412032953,55074.47252562292,12597.335234084714
1247,621.4115411039,26.0,14.25,5.379358697837503,0.0005262774062352081,27076.974673754616,10221.526962974574
1248,621.9113085184001,20.0,11.0,4.7169905660283025,0.0005259953929946611,20912.73069403414,8967.741217604505
1249,622.4110760671,37.0,25.0,6.324555320336758,0.0005257137011416323,47554.40070462375,12030.41751927417
1250,622.91084375,30.0,18.5,5.733672470589857,0.0005254323303361987,35209.101023842115,10912.294770520037
1251,623.4106115671,28.0,19.75,5.482928049865327,0.0005251512802386661,37608.21070649241,10440.663969006217
1252,623.9103795184,38.0,23.0,6.461423991660042,0.0005248705505094365,43820.32860802787,12310.509677840791
1253,624.4101476039,48.0,35.5,7.1501748230375455,0.0005245901408091544,67671.87798314891,13630.021357261412
1254,624.9099158235999,47.0,35.0,7.0710678118654755,0.0005243100507985795,66754.39455469395,13486.424303893267
1255,625.4096841775,48.0,37.75,7.110731326663945,0.0005240302801386703,72037.82191748632,13569.313828167114
1256,625.9094526656,50.0,35.5,7.322909257938405,0.0005237508284905726,67780.32237640458,13981.666203837261
1257,626.4092212879001,38.0,23.25,6.456585785072479,0.0005234716955155737,44415.0088709205,12334.164082574336
1258,626.9089900444001,23.0,10.75,5.105144464165534,0.0005231928808751517,20546.91566524822,9757.671885034235
1259,627.4087589351001,35.0,24.75,6.128825336065631,0.0005229143842309885,47330.88388149428,11720.513951971012
1260,627.90852796,28.0,15.5,5.57897840110535,0.0005226362052449234,29657.340697887976,10674.687947596109
1261,628.4082971191,32.0,21.0,5.8949130612757985,0.0005223583435790034,40202.286913071744,11285.189819858273
1262,628.9080664124,32.0,19.5,5.9266347955648495,0.0005220807988954083,37350.54045515004,11351.949368956142
1263,629.4078358399,22.0,9.75,5.006246098625197,0.000521803570856576,18685.192176808436,9594.120044841977
1264,629.9076054016001,33.0,21.25,5.994789404140899,0.0005215266591250818,40745.75983450052,11494.694085625108
1265,630.4073750975001,34.0,22.0,6.082762530298219,0.0005212500633636922,42206.2298813572,11669.56698488512
1266,630.9071449276,34.0,20.25,6.118619125260208,0.0005209737832353857,38869.5182975276,11744.581631847108
1267,631.4069148919,30.0,18.75,5.7282196186948,0.0005206978184033609,36009.369229727075,11001.044014855865
1268,631.9066849904,19.0,11.5,4.568916720624267,0.000520422168530915,22097.444527513162,8779.250763897573
1269,632.4064552231,29.0,17.75,5.640257086339239,0.0005201468332816533,34124.97945630785,10843.586321105424
1270,632.90622559,35.0,23.0,6.164414002968976,0.000519871812319327,44241.675457242214,11857.56537841012
1271,633.4059960911,28.0,16.5,5.5565276927232174,0.000519597105307862,31755.373214066938,10693.915797377213
1272,633.9057667264,40.0,30.25,6.514407110397692,0.0005193227119114168,58248.94483944673,12544.044311909247
1273,634.4055374959,33.0,20.5,6.010407640085654,0.0005190486317943464,39495.33578218227,11579.661850389104
1274,634.9053083996,26.0,14.0,5.385164807134504,0.000518774864621213,26986.658288123104,10380.543033954658
1275,635.4050794375,32.0,20.5,5.905505905508859,0.0005185014100568023,39537.01880531859,11389.56575809872
1276,635.9048506096001,36.0,27.5,6.174544517614234,0.0005182282677660634,53065.418678422895,11914.719635482184
1277,636.4046219159001,42.0,30.5,6.698880503487131,0.0005179554374141748,58885.37468062365,12933.314373395559
1278,636.9043933564,30.0,17.25,5.7608593109014565,0.0005176829186665349,33321.55529572645,11128.161859658172
1279,637.4041649311,27.0,14.75,5.482928049865327,0.0005174107111887324,28507.334079173597,10596.85841692086
1280,637.90393664,29.0,18.25,5.629165124598851,0.0005171388146465777,35290.331112493244,10885.211021040699
1281,638.4037084831,37.0,27.5,6.274950199005566,0.0005168672287060878,53205.15303096851,12140.352203628998
1282,638.9034804604,25.0,14.25,5.261891294962297,0.0005165959530335302,27584.420505661776,10185.699798969907
1283,639.4032525719001,40.0,28.0,6.557438524302001,0.0005163249872953397,54229.41110534304,12700.2153404424
1284,639.9030248176,36.0,26.5,6.194755846681933,0.0005160543311582024,51351.182230221646,12004.076843573395
1285,640.4027971975,34.0,22.25,6.077622890571609,0.0005157839842889849,43138.21420933014,11783.271826382306
1286,640.9025697116,32.0,20.75,5.900211860602974,0.0005155139463548108,40251.09339276435,11445.300175336204
1287,641.4023423599,32.0,20.0,5.916079783099617,0.0005152442170230238,38816.5443477579,11482.088663278011
1288,641.9021151424,39.0,29.0,6.442049363362563,0.0005149747959611809,56313.43558449807,12509.445926064638
1289,642.4018880591,27.0,16.0,5.454356057317857,0.0005147056828370429,31085.72633550199,10597.038733385656
1290,642.9016611100001,39.0,25.25,6.514407110397691,0.0005144368773186298,49082.795408465165,12663.180649786163
1291,643.4014342951001,43.0,32.5,6.754628043053147,0.0005141683790741771,63208.8656609343,13136.996201936181
1292,643.9012076144,40.0,29.25,6.5335671726859905,0.0005139001877721194,56917.667469252665,12713.689016169796
1293,644.4009810679,30.0,18.5,5.733672470589857,0.000513632303081196,36017.98385541862,11162.990404214252
1294,644.9007546556,35.0,23.25,6.15934249737746,0.0005133647246702567,45289.43825451561,11997.985450468406
1295,645.4005283775,29.0,22.25,5.539629951540085,0.0005130974522085209,43364.08201644643,10796.447980195388
1296,645.9003022336,32.0,22.0,5.873670062235366,0.0005128304853653295,42899.165762986326,11453.433892587507
1297,646.4000762239,32.0,18.0,5.958187643906493,0.0005125638238103041,35117.57787779744,11624.28436641204
1298,646.8998503483999,30.0,20.25,5.695392874947259,0.0005122974672133023,39527.81595847443,11117.355129487496
1299,647.3996246071001,31.0,19.25,5.825590098865522,0.0005120314152444065,37595.34947833514,11377.40756801965
1300,647.899399,27.0,16.75,5.437140792732887,0.0005117656675739281,32729.823552652342,10624.278135944816
1301,648.3991735271001,31.0,19.0,5.8309518948453,0.0005115002238724423,37145.6337910386,11399.7054599519
1302,648.8989481884,38.0,25.75,6.408002808988148,0.0005112350838107696,50368.21770536233,12534.356525813142
1303,649.3987229839,33.0,20.75,6.005206074732157,0.0005109702470599154,40609.018077655106,11752.555279462285
1304,649.8984979136,37.0,28.0,6.264982043070833,0.0005107057132911908,54826.09509017798,12267.303615416393
1305,650.3982729775,22.0,12.0,4.949747468305833,0.0005104414821760831,23509.061114787008,9696.99297793034
1306,650.8980481756,33.0,20.0,6.020797289396148,0.0005101775533864032,39202.038324199275,11801.376304057145
1307,651.3978235079001,35.0,25.0,6.123724356957945,0.0005099139265941563,49027.88234669585,12009.329491861194
1308,651.8975989744,29.0,15.25,5.695392874947259,0.0005096506014715894,29922.460517002088,11175.093011765532
1309,652.3973745751,30.0,21.5,5.667892024377317,0.0005093875776912161,42207.54675143062,11126.87523725425
1310,652.89715031,39.0,29.5,6.4323401651343035,0.0005091248549257825,57942.5650006821,12634.111461857377
1311,653.3969261791,41.0,29.5,6.623820649745885,0.0005088624328482754,57972.446177404985,13016.918173090746
1312,653.8967021824,35.0,23.75,6.149186938124422,0.000508600311132001,46696.786219298985,12090.411278825339
1313,654.3964783199,33.0,24.5,5.926634795564849,0.0005083384894503966,48196.23244836096,11658.835438513785
1314,654.8962545916,33.0,24.25,5.931905258852336,0.0005080769674772686,47728.98901598987,11675.209935820856
1315,655.3960309975,37.0,27.25,6.279928343540234,0.0005078157448865804,53661.195570228396,12366.549101274604
1316,655.8958075376,21.0,11.75,4.828301978956992,0.0005075548213526152,23150.20861921216,9512.867922502917
1317,656.3955842119001,39.0,28.5,6.45174395028197,0.000507294196549886,56180.41797802704,12717.953396984154
1318,656.8953610204001,34.0,21.75,6.0878978309429606,0.0005070338701531569,42896.54257896045,12006.885909030145
1319,657.3951379631001,24.0,14.25,5.1417409503007825,0.0005067738418374626,28119.051978555748,10146.026739773779
1320,657.89491504,28.0,18.25,5.517019122678478,0.000506514111278093,36030.58551310557,10892.13311107428
1321,658.3946922511,18.0,6.25,4.575751304430781,0.0005062546781505695,12345.564929557322,9038.437572857092
1322,658.8944695964,36.0,19.5,6.334429729659964,0.0005059955421306918,38537.888926625,12518.746119751124
1323,659.3942470759,32.0,8.5,6.154266812545586,0.0005057367028945546,16807.164580602403,12168.91472839918
1324,659.8940246896001,40.0,14.5,6.809919235938119,0.0005054781601184261,28685.71017312175,13472.232379619834
1325,660.3938024375001,36.0,20.5,6.314665470157545,0.00050521991347893,40576.38951488983,12498.845159674996
1326,660.8935803196,40.0,29.0,6.5383484153110105,0.0005049619626528919,57430.06829196448,12948.199862343761
1327,661.3933583359001,42.0,32.75,6.656763477847174,0.0005047043073174272,64889.47988986017,13189.43266648305
1328,661.8931364864001,39.0,28.25,6.456585785072479,0.0005044469471499142,56001.92480023972,12799.335631926573
1329,662.3929147711,37.0,25.5,6.314665470157544,0.0005041898818279855,50576.183535352735,12524.379599334996
1330,662.89269319,34.0,20.75,6.108395861435308,0.0005039331110295406,41176.09965657452,12121.441770229765
1331,663.3924717431,32.0,20.5,5.905505905508859,0.0005036766344327463,40700.71668718092,11724.796231931212
1332,663.8922504303999,28.0,15.0,5.5901699437494745,0.0005034204517160505,29796.16729687535,11104.37592412824
1333,664.3920292519001,31.0,21.75,5.771698190307597,0.0005031645625581387,43226.41461358256,11470.796275802313
1334,664.8918082076001,40.0,29.0,6.5383484153110105,0.00050290896663801,57664.51171842791,13001.057545305735
1335,665.3915872975,40.0,30.75,6.504805915628844,0.000502653663634886,61175.322542433445,12940.93008014711
1336,665.8913665216,39.0,28.5,6.45174395028197,0.0005023986532282982,56727.85907538875,12841.881459722368
1337,666.3911458799,31.0,21.75,5.771698190307597,0.0005021439350980099,43314.274015387186,11494.111124096442
1338,666.8909253724,24.0,14.25,5.1417409503007825,0.0005018895089240912,28392.70346684066,10244.766744224675
1339,667.3907049991,38.0,26.0,6.4031242374328485,0.0005016353743868765,51830.47553569858,12764.499005396226
1340,667.8904847599999,24.0,14.5,5.135659646043534,0.0005013815311669579,28920.09198314798,10243.017197084151
1341,668.3902646550999,46.0,37.25,6.94172168845741,0.0005011279789452176,74332.30944000455,13852.193411887438
1342,668.8900446844001,25.0,15.25,5.238081709939241,0.0005008747174028112,30446.735421336336,10457.868061499088
1343,669.3898248479001,25.0,15.5,5.232112384114087,0.0005006217462211633,30961.49960923282,10451.228744271644
1344,669.8896051456001,26.0,15.25,5.356071321407137,0.0005003690650819538,30477.503635246223,10704.241519267152
1345,670.3893855775,38.0,28.75,6.349212549600146,0.0005001166736671983,57486.585658473035,12695.462646832722
1346,670.8891661436,31.0,21.25,5.782516753110189,0.0004998645716591429,42511.51452775963,11568.166821499164
1347,671.3889468439,32.0,22.0,5.873670062235366,0.0004996127587402989,44034.10364352946,11756.44528583492
1348,671.8887276784,30.0,19.0,5.722761571129799,0.0004993612345935232,38048.60826945423,11460.16385470548
1349,672.3885086471,30.0,18.0,5.744562646538029,0.0004991099989018705,36064.19434514066,11509.612428476836
1350,672.8882897500001,30.0,19.75,5.706356105256663,0.0004988590513487136,39590.341092547016,11438.814410260731
1351,673.3880709871,29.0,21.5,5.556527692723217,0.0004986083916177387,43120.01234123455,11144.071752773796
1352,673.8878523584001,24.0,14.25,5.1417409503007825,0.0004983580193928541,28593.901262712032,10317.363722901313
1353,674.3876338639001,31.0,21.5,5.777110004145671,0.0004981079343582826,43163.33572902962,11598.108774533734
1354,674.8874155036,30.0,19.25,5.717298313014636,0.0004978581361985442,38665.63303953551,11483.790054471654
1355,675.3871972775,32.0,23.25,5.84700778176325,0.000497608624598382,46723.46669787925,11750.213908535745
1356,675.8869791856,29.0,20.25,5.584576975922169,0.0004973593992428953,40715.02424770807,11228.453678413003
1357,676.3867612279,25.0,15.75,5.226136240091718,0.0004971104598174168,31683.099176357708,10513.028114538609
1358,676.8865434044,40.0,30.75,6.504805915628844,0.0004968618060075934,61888.435835074146,13091.780927772566
1359,677.3863257151,32.0,20.0,5.916079783099617,0.0004966134374993497,40272.772522443454,11912.846766469875
1360,677.88610816,27.0,18.25,5.402545696243577,0.0004963653539788651,36767.27203804211,10884.211907492669
1361,678.3858907391001,30.0,22.0,5.656854249492381,0.0004961175551326469,44344.328823675394,11402.245679413436
1362,678.8856734524,27.0,15.5,5.465802777268862,0.0004958700406475079,31258.190109166662,11022.651762005238
1363,679.3854562999,30.0,20.0,5.70087712549569,0.0004956228102104549,40353.26782378611,11502.451073781174
1364,679.8852392816,28.0,19.5,5.488624600025037,0.0004953758635088795,39364.049475233405,11079.717451608652
1365,680.3850223974999,24.0,15.25,5.11737237261468,0.0004951292002304315,30800.04167175497,10335.428349273427
1366,680.8848056475999,19.0,8.0,4.663689526544408,0.000494882820063041,16165.442960781937,9423.825878518717
1367,681.3845890319001,26.0,17.0,5.315072906367324,0.0004946367226949004,34368.657279184394,10745.40700781277
1368,681.8843725504,30.0,17.25,5.7608593109014565,0.0004943909078145492,34891.41836417154,11652.437817611344
1369,682.3841562031,23.0,14.0,5.024937810560445,0.0004941453751107996,28331.743460840557,10168.946353962596
1370,682.88393999,34.0,26.0,6.0,0.0004939001242727232,52642.222024716975,12148.205082626993
1371,683.3837239111,28.0,19.25,5.494315243958978,0.0004936551549897341,38994.83233473034,11129.865025056277
1372,683.8835079664,74.0,62.0,8.774964387392123,0.0004934104669514936,125656.02911317063,17784.30936337387
1373,684.3832921559,175.0,166.25,13.311179511974137,0.0004931660598479721,337107.5455826172,26991.27250581186
1374,684.8830764795999,381.0,370.0,19.589538024159733,0.0004929219333694155,750625.9611351219,39741.66434480518
1375,685.3828609375,556.0,547.5,23.624669309854898,0.0004926780872064045,1111273.2922717307,47951.53249825273
1376,685.8826455296,539.0,528.0,23.275523624614767,0.0004924345210498009,1072223.7727655212,47266.2305944649
1377,686.3824302559001,363.0,354.75,19.106608804285496,0.0004921912345907163,720756.4358495612,38819.48206609912
1378,686.8822151164001,174.0,164.0,13.285330255586423,0.0004919482275206184,333368.41323028546,27005.54552771432
1379,687.3820001111001,69.0,60.25,8.437268515343103,0.0004917054995312315,122532.69499210292,17159.190864016753
1380,687.88178524,30.0,19.75,5.706356105256663,0.0004914630503145817,40186.134008158246,11610.956513626139
1381,688.3815705031,28.0,18.0,5.522680508593631,0.0004912208795630132,36643.39353004025,11242.764178726624
1382,688.8813559004,29.0,18.25,5.629165124598851,0.0004909789869691219,37170.63353904341,11465.185423409728
1383,689.3811414319,30.0,20.25,5.695392874947259,0.0004907373722258341,41264.434188397376,11605.785899522394
1384,689.8809270976001,18.0,6.0,4.58257569495584,0.0004904960350263874,12232.514784094465,9342.737489629879
1385,690.3807128975001,18.0,7.75,4.534589286804263,0.0004902549750642912,15808.100670439251,9249.450831599628
1386,690.8804988316001,33.0,25.0,5.916079783099616,0.0004900141920333729,51018.930484971235,12073.28252790012
1387,691.3802848999001,24.0,13.5,5.159941860137573,0.0004897736856276837,27563.75116947878,10535.359517171077
1388,691.8800711024,24.0,15.5,5.111262075065218,0.0004895334555416756,31662.8002121919,10441.088381609252
1389,692.3798574391,29.0,21.0,5.5677643628300215,0.0004892935014700606,42919.024955178094,11379.191315850141
1390,692.87964391,31.0,22.25,5.7608593109014565,0.0004890538231078393,45496.014852937245,11779.601832559752
1391,693.3794305151,30.0,20.25,5.695392874947259,0.000488814420150338,41426.764770507354,11651.442020052527
1392,693.8792172543999,27.0,16.5,5.44288526426931,0.0004885752922931185,33771.662751420714,11140.320335732154
1393,694.3790041279001,17.0,11.25,4.293891009329417,0.0004883364392321052,23037.396139616973,8792.89494775658
1394,694.8787911356001,27.0,18.0,5.408326913195984,0.00048809786066352287,36877.8506333355,11080.41511561611
1395,695.3785782775001,34.0,23.25,6.057020719792859,0.0004878595562838968,47657.1580909451,12415.500817346167
1396,695.8783655536,25.0,16.0,5.220153254455275,0.00048762152579000034,32812.33324160217,10705.338009838788
1397,696.3781529639,23.0,11.0,5.0990195135927845,0.00048738376887897127,22569.4836438666,10462.021591980814
1398,696.8779405084,32.0,21.75,5.878988008152424,0.0004871462852482083,44647.779647787014,12068.218902987204
1399,697.3777281871,18.0,7.5,4.541475531146237,0.0004869090745954377,15403.28655043365,9327.153195737113
1400,697.877516,36.0,24.75,6.229967897188556,0.0004866721366186782,50855.59278564646,12801.16001806349
1401,698.3773039471,21.0,10.25,4.866980583482946,0.00048643547101625515,21071.654126262263,10005.398194574316
1402,698.8770920284,23.0,15.25,4.993746088859544,0.0004861990774868113,31365.752643604457,10270.990464795783
1403,699.3768802439,32.0,21.75,5.878988008152424,0.00048596295572922167,44756.49788441712,12097.605257443107
1404,699.8766685936,26.0,16.25,5.332682251925385,0.00048572710544278155,33454.99935645293,10978.76192654349
1405,700.3764570775,29.0,19.25,5.606915373001451,0.00048549152632699686,39650.53756063787,11548.945901117504
1406,700.8762456956,37.0,27.25,6.279928343540234,0.00048525621808171945,56155.90070689413,12941.469082798367
1407,701.3760344479,27.0,17.75,5.414101956926928,0.0004850211804070803,36596.33994767476,11162.609336736285
1408,701.8758233344,23.0,15.25,4.993746088859544,0.0004847864130035434,31457.15224467014,10300.92006481841
1409,702.3756123551,30.0,19.75,5.706356105256663,0.00048455191557187835,40759.306413412145,11776.562885984884
1410,702.8754015100001,31.0,24.0,5.722761571129799,0.0004843176878131216,49554.250451535474,11816.131673757862
1411,703.3751907991001,30.0,17.25,5.7608593109014565,0.00048408372942864797,35634.33131776552,11900.543151286774
1412,703.8749802224,35.0,26.25,6.098155458825234,0.00048385004012014334,54252.346436680964,12603.399717216143
1413,704.3747697799,28.0,19.0,5.5,0.00048361661958955075,39287.31815735665,11372.644729761136
1414,704.8745594716,35.0,25.25,6.118619125260208,0.00048338346753921914,52235.96108601159,12657.899030780933
1415,705.3743492975,29.0,22.25,5.539629951540085,0.00048315058367168727,46051.89510672189,11465.638537455228
1416,705.8741392576,32.0,25.5,5.798706752371602,0.0004829179676898591,52803.99924232407,12007.643410144687
1417,706.3739293519,27.0,20.0,5.361902647381804,0.0004826856192969578,41434.83708739954,11108.478133638066
1418,706.8737195804,23.0,15.25,4.993746088859544,0.0004824535381964866,31609.26139542416,10350.7295386976
1419,707.3735099431001,20.0,10.5,4.7302219821061255,0.0004822217240922747,21774.216040899042,9809.226224741758
1420,707.8733004400001,26.0,17.5,5.303300858899106,0.00048199017668842345,36307.793906166386,11002.923120417367
1421,708.3730910711,20.0,9.75,4.75,0.00048175889568939444,20238.339317113805,9859.703769875956
1422,708.8728818364,26.0,18.0,5.2915026221291805,0.0004815278807999199,37381.013058056335,10988.984923030568
1423,709.3726727359,17.0,6.25,4.437059837324712,0.0004812971317250596,12985.741214785183,9218.961728322489
1424,709.8724637696,32.0,21.0,5.8949130612757985,0.000481066648170169,43652.995026526165,12253.838597413169
1425,710.3722549375,42.0,32.0,6.670832032063167,0.00048083642984090636,66550.69793814872,13873.391486311333
1426,710.8720462396,20.0,11.5,4.7037219305566955,0.0004806064764432438,23928.10035583877,9787.054817419155
1427,711.3718376759001,26.0,18.5,5.2796780204857185,0.00048037678768349826,38511.43617744689,10990.701790454319
1428,711.8716292464001,36.0,26.5,6.194755846681933,0.00048014736326822686,55191.389201061145,12901.780412821572
1429,712.3714209511,28.0,16.25,5.562148865321747,0.0004799182029043502,33859.936759345415,11589.785158514414
1430,712.8712127900001,29.0,16.5,5.667892024377317,0.00047968930629908055,34397.26461134084,11815.756469758478
1431,713.3710047631,24.0,15.0,5.123475382979799,0.0004794606731599272,31285.15192109751,10685.91371470175
1432,713.8707968704,29.0,20.25,5.584576975922169,0.00047923230319475604,42255.08143963861,11653.173082643061
1433,714.3705891119,23.0,12.5,5.062114182829147,0.0004790041961116583,26095.804799768783,10567.995487140037
1434,714.8703814876,28.0,16.75,5.55090082779363,0.0004787763516191316,34985.01950515027,11593.932760090442
1435,715.3701739974999,28.0,18.0,5.522680508593631,0.00047854876942590024,37613.72121297904,11540.475833255228
1436,715.8699666416001,30.0,20.5,5.689903338370521,0.00047832144924103644,42858.20766040874,11895.563846026183
1437,716.3697594199001,27.0,19.5,5.373546315051169,0.0004780943907739646,40786.924875718294,11239.509224009484
1438,716.8695523324001,20.0,12.25,4.683748498798799,0.00047786759373433436,25634.715893311368,9801.352006729046
1439,717.3693453791001,22.0,10.5,4.987484335815001,0.0004776410578321626,21983.034807886164,10441.908738857923
1440,717.86913856,24.0,12.25,5.190134873006674,0.00047741478277775414,25659.02951040922,10871.33256077406
1441,718.3689318751,24.0,13.5,5.159941860137573,0.0004771887682817282,28290.691016494577,10813.208950239137
1442,718.8687253244,24.0,14.5,5.135659646043534,0.0004769630140550435,30400.68007941312,10767.416958353206
1443,719.3685189079,26.0,17.5,5.303300858899106,0.00047673751980890027,36707.83035288445,11124.152470787129
1444,719.8683126256001,31.0,19.0,5.8309518948453,0.0004765122852549066,39873.05382868795,12236.729409245087
1445,720.3681064775001,31.0,21.25,5.782516753110189,0.00047628731010488604,44615.927296741145,12140.816331715381
1446,720.8679004636001,36.0,27.75,6.169481339626533,0.00047606259407101707,58290.654098020495,12959.3910894545
1447,721.3676945839001,34.0,25.5,6.010407640085654,0.0004758381368658191,53589.651657514594,12631.202029484492
1448,721.8674888384,28.0,20.0,5.477225575051661,0.0004756139382020705,42050.91229160477,11516.116612891596
1449,722.3672832271,29.0,20.0,5.590169943749474,0.00047538999779288705,42070.721077125796,11759.124023860806
1450,722.86707775,28.0,16.5,5.5565276927232174,0.00047516631535170456,34724.68368846216,11693.85857793904
1451,723.3668724071,25.0,15.0,5.244044240850758,0.0004749428905922392,31582.744572290496,11041.420652305367
1452,723.8666671984,21.0,8.25,4.9180788932265,0.0004747197232285243,17378.675450627,10359.963263752994
1453,724.3664621239001,38.0,27.0,6.383572667401852,0.00047449681297494163,56902.38429783907,13453.352041247474
1454,724.8662571836,27.0,15.75,5.460082416960389,0.00047427415954617456,33208.640367569096,11512.502435690478
1455,725.3660523775001,37.0,24.75,6.329494450586081,0.00047405176265714373,52209.488392727166,13351.90573938202
1456,725.8658477056,48.0,39.0,7.088723439378912,0.0004738296220232138,82308.06641736155,14960.49024776172
1457,726.3656431679,37.0,26.25,6.299801584177076,0.00047360773735994125,55425.61476365838,13301.728597793654
1458,726.8654387644,46.0,37.25,6.94172168845741,0.00047338610838325204,78688.40960969329,14663.97421792828
1459,727.3652344951,53.0,42.75,7.454025757937787,0.0004731647348093848,90349.0832156414,15753.553064221182
1460,727.86503036,41.0,32.25,6.5717197140474575,0.00047294361635488534,68189.94671830053,13895.355570496165
1461,728.3648263591,31.0,19.5,5.820223363411408,0.0004727227527365787,41250.39441642072,12312.128683712173
1462,728.8646224924,33.0,23.0,5.958187643906492,0.0004725021436716406,48677.02783584313,12609.863730157083
1463,729.3644187599001,25.0,14.5,5.25594901040716,0.00047228178887756344,30702.009566070836,11128.841158365598
1464,729.8642151616,24.0,14.5,5.135659646043534,0.00047206168807209634,30716.32451093016,10879.212983831856
1465,730.3640116975,29.0,18.0,5.634713834792322,0.0004718418409733765,38148.37608056815,11941.954582002105
1466,730.8638083676,27.0,17.0,5.431390245600108,0.0004716222472998074,36045.79745194506,11516.399569139507
1467,731.3636051719,31.0,22.25,5.7608593109014565,0.00047140290677011494,47199.53924859965,12220.669894406921
1468,731.8634021104,28.0,19.75,5.482928049865327,0.00047118381910332723,41915.70083536542,11636.494776708281
1469,732.3631991830999,27.0,18.0,5.408326913195984,0.0004709649840187907,38219.401889295936,11483.501102451815
1470,732.86299639,22.0,15.0,4.873397172404482,0.0004707464012361719,31864.290328317453,10352.489492446517
1471,733.3627937311,26.0,19.0,5.267826876426369,0.00047052807047544406,40380.16261346851,11195.56346787877
1472,733.8625912064,22.0,11.75,4.956056900399752,0.00047030999145688775,24983.521960913084,10537.851609418896
1473,734.3623888159001,22.0,12.0,4.949747468305833,0.00047009216390111937,25526.909235024214,10529.312863311157
1474,734.8621865596,22.0,14.5,4.886205071423016,0.00046987458752901265,30859.29817199295,10398.955808865307
1475,735.3619844375,35.0,26.75,6.0878978309429606,0.00046965726206182716,56956.42793335227,12962.426694344462
1476,735.8617824496,25.0,15.0,5.244044240850758,0.0004694401872210636,31952.952491765187,11170.846432841274
1477,736.3615805959,24.0,17.5,5.062114182829147,0.00046922336272857895,37295.67065509232,10788.28247892958
1478,736.8613788764,24.0,14.75,5.129571132170797,0.00046900678830653285,31449.438190987792,10937.093577456322
1479,737.3611772911,28.0,19.75,5.482928049865327,0.00046879046367740004,42129.696592102686,11695.903553273698
1480,737.86097584,24.0,12.25,5.190134873006674,0.0004685743885639632,26143.127535293796,11076.437380439946
1481,738.3607745231001,40.0,31.25,6.49519052838329,0.00046835856268930085,66722.38427875309,13867.98714875223
1482,738.8605733404,25.0,16.25,5.2141634036535525,0.0004681429857768155,34711.61694975624,11137.971863449804
1483,739.3603722919,27.0,19.75,5.367727638395972,0.0004679276575502521,42207.379028197305,11471.276706527047
1484,739.8601713776,32.0,21.25,5.889609494694874,0.0004677125777336141,45433.88613359666,12592.369277803136
1485,740.3599705975,28.0,17.0,5.545268253204709,0.0004674977460512506,36363.81168378153,11861.593558564013
1486,740.8597699516,29.0,20.0,5.590169943749474,0.00046728316222781883,42800.60061365793,11963.13155624479
1487,741.3595694399,32.0,23.25,5.84700778176325,0.0004670688259883016,49778.53092807853,12518.514309729797
1488,741.8593690624001,38.0,26.25,6.398241946034863,0.0004668547370579087,56227.339933243406,13704.995233327203
1489,742.3591688191001,25.0,15.75,5.226136240091718,0.0004666408951623066,33751.863934946916,11199.481859115604
1490,742.85896871,24.0,12.5,5.18411033833193,0.00046642730002734097,26799.460493129962,11114.508816332253
1491,743.3587687351,25.0,15.75,5.226136240091718,0.00046621395137927017,33782.77280936023,11209.737985383023
1492,743.8585688944,32.0,23.25,5.84700778176325,0.0004660008489445613,49892.612969823116,12547.20414137883
1493,744.3583691879,35.0,26.5,6.093028803476971,0.0004657879924500758,56892.836289334635,13081.12038575154
1494,744.8581696156,30.0,20.75,5.6844085004510365,0.00046557538162298286,44568.50774125143,12209.42671117048
1495,745.3579701775,33.0,25.5,5.905505905508858,0.00046536301619068616,54795.93159064272,12690.105788486273
1496,745.8577708736001,35.0,25.0,6.123724356957945,0.0004651508958810118,53745.99989246316,13165.027545221428
1497,746.3575717039,35.0,26.75,6.0878978309429606,0.0004649390204219966,57534.42672056363,13093.970528473496
1498,746.8573726684,22.0,13.25,4.9180788932265,0.00046472738954203926,28511.33868622866,10582.717963047045
1499,747.3571737671,21.0,13.25,4.789311015167004,0.0004645160029698315,28524.313296608932,10310.325122379156
1500,747.856975,24.0,14.0,5.1478150704934995,0.0004643048604344169,30152.60272507421,11087.144480195742
1501,748.3567763671,22.0,13.25,4.9180788932265,0.0004640939616650931,28550.252954081046,10597.161996207058
1502,748.8565778684,29.0,17.75,5.640257086339239,0.00046388330639149687,38263.93352689392,12158.78435077617
1503,749.3563795039,23.0,12.25,5.068283733178323,0.00046367289434357634,26419.486990591453,10930.73111455763
1504,749.8561812736001,21.0,13.75,4.7762432936357,0.0004634627252515864,29667.97382148897,10305.560800046995
1505,750.3559831775001,20.0,11.5,4.7037219305566955,0.0004632527988460971,24824.458759116005,10153.682702561235
1506,750.8557852156,30.0,20.5,5.689903338370521,0.0004630431148579636,44272.33521502265,12288.06380182518
1507,751.3555873879001,30.0,19.5,5.7118298293979315,0.00046283367301838614,42131.76598156755,12340.998856345157
1508,751.8553896944001,25.0,14.5,5.25594901040716,0.000462624473058865,31342.916002965107,11361.156437866151
1509,752.3551921351,29.0,22.25,5.539629951540085,0.0004624155147111986,48116.89766485501,11979.766628288538
1510,752.85499471,34.0,24.25,6.036348233824818,0.0004622067977075042,52465.69310593739,13059.843048099798
1511,753.3547974191,31.0,20.25,5.804093383121949,0.0004619983217802037,43831.32804892301,12563.018326034644
1512,753.8546002624,34.0,25.5,6.010407640085654,0.00046179008666203146,55219.89478882553,13015.454020528743
1513,754.3544032399001,24.0,19.25,5.018714974971182,0.00046158209208604223,41704.39089827528,10872.854603803948
1514,754.8542063516,33.0,24.25,5.931905258852336,0.0004613743377855915,52560.35720666672,12857.033374077675
1515,755.3540095975001,34.0,23.0,6.06217782649107,0.0004611668234943429,49873.4922554162,13145.30342958514
1516,755.8538129776,28.0,19.0,5.5,0.0004609595489462662,41218.36730236566,11931.63264015848
1517,756.3536164919,21.0,10.5,4.860555523805895,0.00046075251387564346,22788.80675371407,10549.167671210478
1518,756.8534201404,24.0,15.0,5.123475382979799,0.0004605457180170726,32570.05637699566,11124.792137986766
1519,757.3532239231,23.0,14.5,5.012484413940855,0.0004603391611054347,31498.51506263436,10888.676952671447
1520,757.85302784,18.0,10.0,4.472135954999579,0.00046013284287595916,21732.854228568427,9719.227880034548
1521,758.3528318911,24.0,15.75,5.105144464165534,0.00045992676306416333,34244.58253977004,11099.907363845507
1522,758.8526360764,41.0,33.25,6.552671211040578,0.0004597209214058736,72326.48864079994,14253.58495976611
1523,759.3524403959001,30.0,23.25,5.629165124598851,0.00045951531763722335,50596.789938470196,12250.223025302816
1524,759.8522448496001,23.0,14.25,5.018714974971182,0.00045930995149464276,31024.801343034273,10926.641059353835
1525,760.3520494375,22.0,11.5,4.962358310319802,0.00045910482271490586,25048.74580056688,10808.769729263591
1526,760.8518541596001,28.0,16.5,5.5565276927232174,0.0004588999310350607,35955.55127407368,12108.364627970906
1527,761.3516590159,31.0,21.75,5.771698190307597,0.0004586952761924663,47417.100477995344,12582.85944912548
1528,761.8514640064,20.0,12.0,4.69041575982343,0.0004584908579248201,26172.822843869377,10230.118395495967
1529,762.3512691311,20.0,9.5,4.7565743976101125,0.00045828667597011075,20729.382934579546,10379.037067881794
1530,762.8510743900001,28.0,21.25,5.448623679425842,0.00045808273006659904,46389.00051287796,11894.409725146561
1531,763.3508797831,29.0,21.5,5.556527692723217,0.0004578790199528798,46955.63470502003,12135.36207292275
1532,763.8506853104001,25.0,16.0,5.220153254455275,0.00045767554536790795,34959.263526169416,11405.794579343305
1533,764.3504909719001,22.0,13.5,4.911720676097125,0.00045747230605085393,29509.98305567223,10736.651401912673
1534,764.8502967676001,29.0,21.75,5.550900827793629,0.00045726930174123524,47564.968645780944,12139.237877234182
1535,765.3501026975,38.0,26.75,6.388466169590318,0.0004570665321789022,58525.396450444285,13977.103375159797
1536,765.8499087616,15.0,4.5,4.198213905936666,0.0004568639971039875,9849.758415031658,9189.198388467245
1537,766.3497149599,28.0,12.0,5.656854249492381,0.00045666169625689575,26277.658271670287,12387.406905067222
1538,766.8495212923999,31.0,23.75,5.7282196186948,0.00045645962937842046,52030.88832267891,12549.236011287894
1539,767.3493277591001,42.0,30.75,6.694213919497942,0.0004562577962095805,67396.10863739651,14671.998977575777
1540,767.8491343600001,51.0,41.0,7.3143694191638975,0.0004560561964917393,89901.20146463714,16038.307286317915
1541,768.3489410951,61.0,53.5,7.929375763576853,0.00045585482996657545,117361.92419837422,17394.519575800605
1542,768.8487479644,52.0,43.0,7.365459931328117,0.0004556536963760203,94369.9136910216,16164.600418932845
1543,769.3485549679,34.0,26.25,5.994789404140899,0.0004554527954623935,57634.95198959087,13162.262837918812
1544,769.8483621056,28.0,17.75,5.528336096873995,0.000455252126968264,38989.38401058227,12143.46022651176
1545,770.3481693775,30.0,20.5,5.689903338370521,0.0004550516906364764,45049.82713354355,12503.861551227528
1546,770.8479767836,42.0,33.0,6.652067347825035,0.0004548514862102709,72551.1535093558,14624.701797170528
1547,771.3477843239001,30.0,21.75,5.662375826453062,0.00045465151343312846,47838.83778536911,12454.320857079698
1548,771.8475919984,63.0,52.0,8.108637370113428,0.00045445177204884356,114423.58287121201,17842.679617149624
1549,772.3473998071,81.0,71.25,9.134412953222554,0.00045425226180150516,156851.17277662372,20108.679078441273
1550,772.84720775,111.0,103.75,10.621322893124,0.0004540529824355462,228497.56308940783,23392.254437248896
1551,773.3470158271,67.0,60.5,8.284020762890446,0.0004538539336956781,133302.79966366218,18252.614217606664
1552,773.8468240384,58.0,49.25,7.758060324591451,0.0004536551153268959,108562.64668042223,17101.22968414261
1553,774.3466323839,32.0,21.75,5.878988008152424,0.0004534565270745337,47964.90666992869,12964.832695386713
1554,774.8464408636,29.0,19.5,5.60133912560202,0.00045325816868422165,43021.83909141054,12357.944131183196
1555,775.3462494775,25.0,18.0,5.172040216394301,0.00045306003990185496,39729.833608585934,11415.79428968113
1556,775.8460582256,32.0,24.5,5.820223363411408,0.0004528621404737031,54100.34933450718,12852.086414915
1557,776.3458671079001,17.0,9.25,4.351723796382303,0.00045266447014628754,20434.56160146759,9613.574917810442
1558,776.8456761244,16.0,6.5,4.286607049870562,0.0004524670286664244,14365.68763730195,9473.855061891833
1559,777.3454852751,28.0,19.5,5.488624600025037,0.00045226981578127255,43115.85544641038,12135.730505348283
1560,777.8452945600001,27.0,20.5,5.350233639758174,0.0004520728312382634,45346.67554307316,11834.89311910972
1561,778.3451039791,19.0,9.0,4.636809247747852,0.00045187607478512924,19916.96507561188,10261.24087218535
1562,778.8449135324,33.0,27.0,5.873670062235365,0.00045167954616995136,59776.893217654884,13004.064744665915
1563,779.3447232199,26.0,18.0,5.2915026221291805,0.00045148324514103505,39868.589130870474,11720.263551477337
1564,779.8445330416001,35.0,26.25,6.098155458825234,0.0004512871714470467,58166.95368456786,13512.804805134554
1565,780.3443429975,19.0,10.25,4.602988159880493,0.0004510913248369478,22722.67152046203,10204.115899467355
1566,780.8441530876,23.0,17.0,4.949747468305833,0.0004508957050599776,37702.732160064996,10977.588415146742
1567,781.3439633119,31.0,23.0,5.744562646538029,0.0004507003118656845,51031.69311064144,12745.859044912298
1568,781.8437736704,19.0,7.5,4.677071733467427,0.0004505051450039004,16647.978570666637,10381.838665631518
1569,782.3435841631,30.0,20.75,5.6844085004510365,0.0004503102042248282,46079.34664887155,12623.317098124116
1570,782.84339479,32.0,21.75,5.878988008152424,0.00045011548927889654,48320.9321119884,13061.065766856422
1571,783.3432055511,26.0,16.75,5.320949163448191,0.0004499209999168523,37228.75794438465,11826.407668082906
1572,783.8430164463999,22.0,11.0,4.9749371855331,0.0004497267358897559,24459.29744033829,11062.133487995774
1573,784.3428274759001,23.0,13.0,5.049752469181039,0.00044953269694896695,28918.919776542574,11233.337426741864
1574,784.8426386396001,27.0,16.25,5.448623679425842,0.0004493388828461275,36164.241779104355,12125.867329606728
1575,785.3424499375001,34.0,25.5,6.010407640085654,0.00044914529333320383,56774.50121041905,13381.878268123719
1576,785.8422613696,31.0,20.75,5.793315113128234,0.00044895192816243965,46218.756838688176,12904.087831497403
1577,786.3420729359,36.0,30.75,6.108395861435308,0.00044875878708636424,68522.33512718297,13611.75766851277
1578,786.8418846364,22.0,13.75,4.905354217587146,0.00044856586985786114,30653.246098186242,10935.63854767088
1579,787.3416964711,30.0,23.0,5.634713834792322,0.0004483731762300783,51296.556572326655,12567.01813023026
1580,787.84150844,36.0,31.0,6.103277807866851,0.0004481807059564264,69168.5286492764,13617.8950292881
1581,788.3413205431001,21.0,11.0,4.847679857416329,0.0004479884587906999,24554.203984837917,10820.992733835503
1582,788.8411327804,18.0,12.0,4.415880433163923,0.00044779643448690954,26797.890907170226,9861.356842252866
1583,789.3409451519001,20.0,11.75,4.697073557013985,0.00044760463279937946,26250.84536438759,10493.8001370492
1584,789.8407576576001,23.0,16.0,4.9749371855331,0.0004474130534827904,35761.13811488389,11119.338487795058
1585,790.3405702975,28.0,20.0,5.477225575051661,0.0004472216962920515,44720.54948545988,12247.226868606214
1586,790.8403830716001,28.0,19.25,5.494315243958978,0.00044703056098236246,43061.93285241522,12290.69268079807
1587,791.3401959799,21.0,11.5,4.834769901453429,0.0004468396473093149,25736.301756677778,10819.921487644237
1588,791.8400090224,27.0,20.5,5.350233639758174,0.0004466489550287209,45897.34235173972,11978.610001257335
1589,792.3398221991,16.0,9.25,4.205650960315181,0.00044645848389664855,20718.611771618384,9420.026972292353
1590,792.8396355100001,22.0,11.5,4.962358310319802,0.00044626823366956025,25769.255197570674,11119.676320036226
1591,793.3394489551,26.0,17.5,5.303300858899106,0.00044607820410415364,39230.78921810305,11888.724466037465
1592,793.8392625344001,23.0,14.5,5.012484413940855,0.0004458883949574454,32519.348258399612,11241.567330809843
1593,794.3390762479,30.0,22.5,5.645794895318107,0.00044569880598675896,50482.52249674737,12667.287458440791
1594,794.8388900956,35.0,25.0,6.123724356957945,0.0004455094369496466,56115.53409771117,13745.44251831432
1595,795.3387040775,40.0,31.75,6.485560885536424,0.00044532028760401984,71296.99877547954,14563.811858720896
1596,795.8385181936,31.0,21.75,5.771698190307597,0.00044513135770807673,48861.98112841996,12966.280830057261
1597,796.3383324439,33.0,26.0,5.894913061275798,0.00044494264702030835,58434.4975113462,13248.70317725857
1598,796.8381468284,23.0,13.0,5.049752469181039,0.000444754155299445,29229.631348238516,11354.031005693765
1599,797.3379613471001,29.0,21.5,5.556527692723217,0.00044456588230461957,48361.78585847497,12498.7722042868
1600,797.8377760000001,17.0,7.0,4.415880433163924,0.00044437782779515125,15752.361081405825,9937.220439358984
1601,798.3375907871,25.0,14.5,5.25594901040716,0.00044418999153072195,32643.689134083343,11832.65969657409
1602,798.8374057084001,24.0,15.5,5.111262075065218,0.00044400237327128485,34909.7233102615,11511.789987532891
1603,799.3372207639001,23.0,13.0,5.049752469181039,0.0004438149727770692,29291.485861000852,11378.05792712081
1604,799.8370359536,17.0,6.5,4.430011286667337,0.000443627789808604,14651.922510995804,9985.87416847487
1605,800.3368512774999,35.0,26.0,6.103277807866851,0.0004434458384117812,58631.737515273635,13763.299323601686
1606,800.8366667355999,24.0,17.5,5.062114182829147,0.0004432665211840771,39479.633953074255,11420.023712386304
1607,801.3364823279001,31.0,23.0,5.744562646538029,0.00044308741036389043,51908.49358845695,12964.85188288298
1608,801.8362980544001,26.0,17.25,5.309190145398825,0.00044290850573392197,38947.095792201755,11987.10360416589
1609,802.3361139151001,19.0,10.75,4.589389937671455,0.00044272980707702977,24281.175173122298,10366.119164127016
1610,802.83592991,27.0,20.25,5.356071321407137,0.00044255131417639395,45757.40564161712,12102.712498718944
1611,803.3357460391001,15.0,7.75,4.100304866714182,0.00044237302681537373,17519.151327539,9268.885348259404
1612,803.8355623024,29.0,20.25,5.584576975922169,0.00044219494477766,45794.28199972277,12629.21940170562
1613,804.3353786999,20.0,11.75,4.697073557013985,0.0004420170678470741,26582.68391587354,10626.45291027324
1614,804.8351952316,38.0,28.75,6.349212549600146,0.0004418393958077743,65068.8921648533,14369.955712057921
1615,805.3350118975,25.0,17.25,5.190134873006674,0.00044166192844414084,39057.02277931727,11751.374838420323
1616,805.8348286976001,41.0,33.25,6.552671211040578,0.0004414846655408043,75314.05413429215,14842.352911654973
1617,806.3346456319,21.0,13.0,4.795831523312719,0.00044130760688260585,29457.910530552414,10867.321225642228
1618,806.8344627004001,21.0,13.25,4.789311015167004,0.00044113075225467655,30036.445956845062,10856.896715289546
1619,807.3342799031001,20.0,10.0,4.743416490252569,0.0004409541014423954,22678.09726066549,10757.16605137923
1620,807.83409724,21.0,13.5,4.782781617427248,0.00044077765423133355,30627.686931050248,10850.780595418066
1621,808.3339147111,27.0,19.5,5.373546315051169,0.00044060141040732975,44257.688557947484,12195.935346832872
1622,808.8337323164,20.0,11.75,4.697073557013985,0.00044042536975652063,26678.7537840877,10664.856930495755
1623,809.3335500559,24.0,16.0,5.0990195135927845,0.00044024953206523316,36343.02556766654,11582.112284533325
1624,809.8333679296001,24.0,17.25,5.068283733178323,0.00044007389712002277,39197.96223518195,11516.8924272644
1625,810.3331859375,22.0,11.75,4.956056900399752,0.0004398984647077372,26710.7092719829,11266.365532083617
1626,810.8330040796001,23.0,15.25,4.993746088859544,0.00043972323461543796,34680.90562314034,11356.566348436985
1627,811.3328223559,23.0,12.75,5.055937104039171,0.00043954820663046404,29007.057263958195,11502.577027438056
1628,811.8326407664,24.0,14.25,5.1417409503007825,0.00043937338054034203,32432.55197316535,11702.440744082998
1629,812.3324593111,21.0,15.0,4.743416490252569,0.0004391987561329078,34153.10219016373,10800.15920814025
1630,812.83227799,29.0,19.5,5.60133912560202,0.000439024333196196,44416.672438257825,12758.607443972433
1631,813.3320968031,16.0,8.75,4.220485754033533,0.0004388501115184944,19938.470494455487,9617.14636332198
1632,813.8319157504,26.0,18.25,5.2855936279664935,0.00043867609088832084,41602.44968683768,12048.966738221692
1633,814.3317348319001,26.0,16.25,5.332682251925385,0.0004385022710944751,37057.96086173279,12161.12801107126
1634,814.8315540476001,25.0,16.75,5.202163011671203,0.00043832865192597233,38213.33587572287,11868.179250462908
1635,815.3313733975,14.0,3.75,4.0697051490249265,0.0004381552331720604,8558.610547343165,9288.27237680574
1636,815.8311928816,23.0,12.75,5.055937104039171,0.00043798201462228066,29110.78440286117,11543.709410989064
1637,816.3310124999,29.0,18.0,5.634713834792322,0.00043780899606633757,41113.81940921243,12870.255945902356
1638,816.8308322524,24.0,16.25,5.09288719686584,0.00043763617729423494,37131.29956592842,11637.262779218892
1639,817.3306521391,20.0,12.5,4.677071733467427,0.0004374635580961997,28573.808649110855,10691.340220021077
1640,817.83047216,25.0,17.25,5.190134873006674,0.00043729113826271397,39447.40355025584,11868.831583521745
1641,818.3302923151001,24.0,16.25,5.09288719686584,0.00043711891758451153,37175.23846782098,11651.033602043073
1642,818.8301126044,26.0,17.75,5.297405025104272,0.0004369468958525249,40622.78544253774,12123.681562649694
1643,819.3299330279001,24.0,17.25,5.068283733178323,0.0004367750728579529,39494.012071540565,11603.875880587671
1644,819.8297535856001,28.0,20.25,5.4715171570598224,0.0004366034483922459,46380.760561028226,12532.006279859233
1645,820.3295742775,23.0,15.0,5.0,0.00043643202224708145,34369.61367492852,11456.537891642842
1646,820.8293951036001,21.0,15.5,4.7302219821061255,0.00043626079421435726,35529.20685415535,10842.64743666589
1647,821.3292160639,24.0,15.75,5.105144464165534,0.0004360897640862931,36116.41752931262,11706.636762873735
1648,821.8290371584,22.0,13.5,4.911720676097125,0.00043591893165522154,30969.061033296588,11267.509436781973
1649,822.3288583871,20.0,13.0,4.663689526544408,0.00043574829671384394,29833.736810994593,10702.714300239833
1650,822.8286797500001,18.0,8.75,4.5069390943299865,0.00043557785905501184,20088.257054624322,10347.034406449886
1651,823.3285012471,24.0,15.5,5.111262075065218,0.0004354076184718314,35598.82588733979,11739.027656439343
1652,823.8283228784001,17.0,9.75,4.337337893224368,0.00043523757475772806,22401.55851761482,9965.449089818858
1653,824.3281446439,22.0,14.25,4.892596447695231,0.00043506772770626566,32753.521101479706,11245.597262498977
1654,824.8279665436,24.0,15.75,5.105144464165534,0.00043489807711128526,36215.38201459962,11738.71473076021
1655,825.3277885775,18.0,12.25,4.408798022137099,0.00043472862276685014,28178.49885759607,10141.494696339762
1656,825.8276107455999,35.0,29.25,6.036348233824818,0.00043455936446732085,67309.56088325102,13890.733297679875
1657,826.3274330479,17.0,9.5,4.344536799245692,0.000434390302007231,21869.733177979328,10001.459008570064
1658,826.8272554844,18.0,8.75,4.5069390943299865,0.0004342214351814073,20151.008888689386,10379.356542928599
1659,827.3270780551001,21.0,14.75,4.75,0.00043405276378484823,33982.04372985238,10943.370014698225
1660,827.8269007600001,20.0,9.75,4.75,0.0004338842876128513,22471.429084566862,10947.619297609497
1661,828.3267235991001,32.0,20.25,5.910795208768445,0.0004337160064609127,46689.53808100917,13628.26162907856
1662,828.8265465724,25.0,17.5,5.18411033833193,0.0004335479201248262,40364.62680979172,11957.41023700294
1663,829.3263696799,24.0,18.25,5.043560250458003,0.00043338002840051455,42110.84684117929,11637.731136509416
1664,829.8261929216,25.0,18.25,5.165994579942956,0.00043321233108425933,42127.14802998162,11924.855802265185
1665,830.3260162975,36.0,28.25,6.15934249737746,0.0004330448279725247,65235.740448082135,14223.336937690548
1666,830.8258398076,24.0,13.5,5.159941860137573,0.0004328775188619881,31186.650753984126,11920.096644664718
1667,831.3256634519,26.0,18.0,5.2915026221291805,0.0004327104035495716,41598.260296826695,12228.739079815035
1668,831.8254872304001,26.0,16.5,5.326818938165629,0.00043254348183249135,38146.45392434757,12315.10625382286
1669,832.3253111431001,20.0,9.25,4.763139720814413,0.00043237675350816184,21393.37955833324,11016.179020189857
1670,832.8251351900001,25.0,13.75,5.273755777432247,0.00043221021837417826,31813.22286114065,12201.830390013101
1671,833.3249593711,27.0,16.75,5.437140792732887,0.00043204387622849055,38769.21053995359,12584.695888288445
1672,833.8247836864,29.0,18.25,5.629165124598851,0.00043187772686915693,42257.3308707098,13034.164010741588
1673,834.3246081359,21.0,12.75,4.802343178074636,0.00043171177009458883,29533.593668772228,11123.957025824046
1674,834.8244327195999,22.0,16.0,4.847679857416329,0.0004315460057033433,37076.00067789492,11233.286354986585
1675,835.3242574375,29.0,22.0,5.545268253204708,0.00043138043349425355,50999.06785710313,12854.705087773938
1676,835.8240822896,27.0,20.25,5.356071321407137,0.0004312150532664071,46960.3272116974,12420.882065307043
1677,836.3239072759001,24.0,15.75,5.105144464165534,0.000431049864819092,36538.69606619675,11843.512504772782
1678,836.8237323964,32.0,21.75,5.878988008152424,0.00043088486795181565,50477.52106818526,13643.988093844713
1679,837.3235576511,20.0,11.25,4.710360920354193,0.00043072006246437677,26119.052675728206,10936.014666704246
1680,837.8233830400001,23.0,11.0,5.0990195135927845,0.0004305554481567678,25548.39346962539,11842.886985687848
1681,838.3232085631,24.0,16.25,5.09288719686584,0.00043039102482923575,37756.363545098175,11833.163107633394
1682,838.8230342204,31.0,23.5,5.733672470589857,0.00043022679228222927,54622.35365524138,13327.092997101308
1683,839.3228600118999,31.0,24.0,5.722761571129799,0.0004300627503164651,55805.80969251443,13306.80596475435
1684,839.8226859376001,28.0,21.25,5.448623679425842,0.00042989889873287383,49430.226647787036,12674.197806706763
1685,840.3225119975001,27.0,16.25,5.448623679425842,0.0004297352373326401,37813.98076839939,12679.024678649497
1686,840.8223381916,26.0,17.5,5.303300858899106,0.0004295717659171918,40738.24536078439,12345.552663536593
1687,841.3221645199001,22.0,14.0,4.898979485566356,0.00042940848428810375,32602.98879098755,11408.669518228418
1688,841.8219909824,29.0,22.25,5.539629951540085,0.00042924539224731376,51835.15164486717,12905.508251439482
1689,842.3218175791,14.0,6.75,3.9764934301467165,0.00042908248959688735,15731.240877113076,9267.433480873424
1690,842.82164431,21.0,14.5,4.756574397610112,0.00042891977613916416,33805.85556235914,11089.659797049853
1691,843.3214711751,17.0,9.25,4.351723796382303,0.0004287572516767504,21573.979131141972,10149.62144515089
1692,843.8212981744,15.0,8.0,4.092676385936225,0.0004285949160123818,18665.64371418929,9549.054907170179
1693,844.3211253079,30.0,21.75,5.662375826453062,0.00042843276894914537,50766.42492437759,13216.486312057008
1694,844.8209525756,23.0,15.5,4.987484335815,0.0004282708102903043,36192.05331666963,11645.63219341104
1695,845.3207799775,17.0,9.5,4.344536799245692,0.0004281090398393093,22190.60827018702,10148.201497628766
1696,845.8206075136001,22.0,12.0,4.949747468305833,0.0004279474573999382,28040.825555800424,11566.250442002387
1697,846.3204351839,28.0,17.25,5.539629951540085,0.00042778606277612944,40323.89435049765,12949.533501840859
1698,846.8202629884,21.0,13.25,4.789311015167004,0.0004276248557720727,30985.102528891235,11199.795686618701
1699,847.3200909271,24.0,18.75,5.031152949374526,0.0004274638361921948,43863.35968680563,11769.774477746549
1700,847.819919,20.0,13.5,4.650268809434569,0.0004273030038411261,31593.50596332195,10882.836693475638
1701,848.3197472071,29.0,22.5,5.533985905294664,0.0004271423585237567,52675.64677444324,12955.834968979963
1702,848.8195755484,24.0,15.0,5.123475382979799,0.0004269819000452274,35130.29474647789,11999.280022026935
1703,849.3194040239,29.0,20.5,5.578978401105349,0.00042682162821083185,48029.43113715378,13070.983362515008
1704,849.8192326336,20.0,11.0,4.7169905660283025,0.00042666154282617805,25781.55961077889,11055.579405594577
1705,850.3190613775,16.0,6.0,4.301162633521313,0.0004265016436970433,14067.941093943304,10084.750427307981
1706,850.8188902556,22.0,13.5,4.911720676097125,0.0004263419306294918,31664.72502497541,11520.613674674205
1707,851.3187192679,23.0,18.25,4.9180788932265,0.0004261824034297174,42822.04017137381,11539.845037355115
1708,851.8185484144,23.0,16.0,4.9749371855331,0.0004260230619042588,37556.652281879804,11677.624125078773
1709,852.3183776951,18.0,11.25,4.437059837324711,0.00042586390585981734,26416.890103157017,10418.961964776769
1710,852.8182071100001,19.0,9.5,4.623310502226733,0.0004257049351033393,22315.926400275082,10860.36388350638
1711,853.3180366591,13.0,6.75,3.816084380618437,0.00042554614944198104,15861.969398269212,8967.498320975224
1712,853.8178663424001,22.0,16.0,4.847679857416329,0.0004253875486831658,37612.76052749962,11395.913849436492
1713,854.3176961599,30.0,20.5,5.689903338370521,0.0004252291326345097,48209.30276576331,13380.79379255765
1714,854.8175261116,21.0,15.25,4.736823830374104,0.0004250709011038716,35876.36782569002,11143.608791081655
1715,855.3173561975,23.0,16.5,4.962358310319802,0.00042491285389932197,38831.49179551409,11678.531879611186
1716,855.8171864175999,22.0,15.0,4.873397172404482,0.0004247549908291899,35314.47616593649,11473.431219468024
1717,856.3170167719,28.0,21.25,5.448623679425842,0.0004245973117019853,50047.420024446285,12832.449780676192
1718,856.8168472604,22.0,13.5,4.911720676097125,0.0004244398163265037,31806.62954018201,11572.242959220264
1719,857.3166778831,22.0,14.75,4.879805323985784,0.0004242825045117188,34764.572762609874,11501.311678174565
1720,857.81650864,15.0,6.0,4.153311931459037,0.0004241253760668323,14146.76022369041,9792.651338090584
1721,858.3163395311001,32.0,23.25,5.84700778176325,0.0004239684308012954,54838.988733330385,13791.139521196126
1722,858.8161705564,27.0,16.0,5.454356057317857,0.0004238116685247881,37752.61793922076,12869.763771024724
1723,859.3160017159,29.0,19.25,5.606915373001451,0.00042365508904719637,45437.90573434017,13234.622970330529
1724,859.8158330096,33.0,25.0,5.916079783099616,0.0004234986921786335,59032.05951213398,13969.534953378768
1725,860.3156644375,39.0,32.5,6.373774391990981,0.00042334247772942443,76769.9952395802,15055.834760963255
1726,860.8154959996,26.0,18.25,5.2855936279664935,0.0004231864455101656,43125.19976389841,12489.988004210607
1727,861.3153276959001,26.0,16.25,5.332682251925385,0.0004230305953316703,38413.297239788175,12605.90205714171
1728,861.8151595264001,23.0,13.5,5.037360419902471,0.00042287492700489386,31924.333030612066,11912.175677051135
1729,862.3149914911,21.0,14.25,4.763139720814412,0.0004227194403411164,33710.30201142598,11267.85112359811
1730,862.8148235900001,25.0,17.75,5.178078794301995,0.0004225641351518095,42005.45792563103,12253.947658008718
1731,863.3146558231,17.0,10.5,4.315669125408017,0.0004224090112486398,24857.424250874832,10216.801750158955
1732,863.8144881904,29.0,21.5,5.556527692723217,0.00042225406844353724,50917.21218755984,13159.204630532107
1733,864.3143206919,38.0,31.25,6.299801584177076,0.00042209930654863457,74034.71058865469,14924.927585615942
1734,864.8141533276,24.0,17.75,5.055937104039171,0.00042194472537628334,42067.12143200947,11982.463104688344
1735,865.3139860975,20.0,9.25,4.763139720814413,0.00042179032473908866,21930.327599908487,11292.671835848296
1736,865.8138190016001,15.0,5.75,4.16082924427331,0.0004216361044498278,13637.352065717647,9868.294485128525
1737,866.3136520399,21.0,13.75,4.7762432936357,0.000421482064321537,32622.97773484972,11332.020263600198
1738,866.8134852124,18.0,9.0,4.5,0.0004213282041674659,21361.01953531399,10680.509767656995
1739,867.3133185191,33.0,23.5,5.947688626685159,0.0004211745238010945,55796.347290697486,14121.672348572625
1740,867.81315196,20.0,12.0,4.69041575982343,0.00042102102303612123,28502.13966386773,11140.573755674472
1741,868.3129855351,23.0,13.5,5.037360419902471,0.00042086770168643834,32076.58831006706,11968.987878417636
1742,868.8128192444,18.0,12.0,4.415880433163923,0.0004207145595661998,28522.901637569285,10496.143603200118
1743,869.3126530879,23.0,16.75,4.956056900399752,0.00042056159648975674,39827.69739273606,11784.37817852554
1744,869.8124870656001,24.0,18.25,5.043560250458003,0.00042040881227168773,43410.127160241354,11996.799551381953
1745,870.3123211775,22.0,14.75,4.879805323985784,0.00042025620672680726,35097.63749804276,11611.500903204891
1746,870.8121554236001,24.0,17.0,5.07444578254611,0.0004201037796701122,40466.19150474986,12079.029106881242
1747,871.3119898039,17.0,10.25,4.322904116447646,0.00041995153091686283,24407.578602277263,10293.816781688181
1748,871.8118243184,19.0,14.5,4.4860896112315904,0.00041979946028251436,34540.30167223624,10686.268172456836
1749,872.3116589671,22.0,14.0,4.898979485566356,0.00041964756758271974,33361.32765082776,11674.032840904487
1750,872.81149375,22.0,16.75,4.828301978956992,0.0004194958526334142,39928.88104816941,11509.772858651622
1751,873.3113286670999,21.0,14.0,4.769696007084728,0.00041934431525071647,33385.45317260284,11374.175906576997
1752,873.8111637183999,27.0,20.5,5.350233639758174,0.0004191929552509321,48903.49358979218,12763.176414917285
1753,874.3109989039001,22.0,16.25,4.841229182759271,0.0004190417724506478,38778.95013894785,11553.094467042523
1754,874.8108342236001,17.0,4.0,4.5,0.0004188907666666186,9549.028812047005,10742.65741355288
1755,875.3106696775001,28.0,18.0,5.522680508593631,0.0004187399377158738,42986.10755445419,13188.807685071864
1756,875.8105052656,25.0,18.25,5.165994579942956,0.0004185892854155727,43598.8226069416,12341.44007010163
1757,876.3103409879,19.0,9.75,4.616546328154848,0.00041843880958318574,23300.897949002738,11032.787166069684
1758,876.8101768444,18.0,6.5,4.568916720624266,0.00041828851003635994,15539.513622869976,10922.883634138338
1759,877.3100128351,18.0,11.5,4.430011286667337,0.0004181383865929332,27502.856395711642,10594.605586834221
1760,877.80984896,18.0,9.0,4.5,0.00041798843907103544,21531.695996191145,10765.847998095573
1761,878.3096852191001,27.0,19.75,5.367727638395972,0.00041783866728890547,47267.04717910727,12846.411925501796
1762,878.8095216124001,26.0,19.25,5.261891294962297,0.0004176890710650999,46086.91328914313,12597.627420666204
1763,879.3093581399,16.0,9.0,4.2130748865881795,0.00041753965021836117,21554.839151906315,10090.239057260462
1764,879.8091948016,26.0,20.0,5.244044240850758,0.0004173904045676141,47916.7699619701,12563.883077961995
1765,880.3090315975,18.0,10.75,4.451123453691213,0.00041724133393201566,25764.465612008564,10667.98299138903
1766,880.8088685276,21.0,14.0,4.769696007084728,0.00041709243813098905,33565.70083776791,11435.584947207295
1767,881.3087055919,27.0,18.75,5.390964663211956,0.00041694371698410406,44970.09844787958,12929.717953796353
1768,881.8085427904,16.0,8.0,4.242640687119285,0.0004167951703111652,19194.080377724797,10179.198295296637
1769,882.3083801230999,24.0,17.0,5.07444578254611,0.0004166467979322218,40801.945639254576,12179.250645223
1770,882.80821759,29.0,22.25,5.539629951540085,0.00041649859966751644,53421.548158293415,13300.47677462127
1771,883.3080551911,23.0,13.5,5.037360419902471,0.0004163505753374914,32424.59792221249,12098.843422563341
1772,883.8078929264001,18.0,9.75,4.479118216792229,0.0004162027247628455,23426.084020847295,10761.866634449485
1773,884.3077307959,20.0,10.75,4.723610906922796,0.00041605504776442986,25837.927115083687,11353.331565868424
1774,884.8075687996001,29.0,22.0,5.545268253204708,0.00041590754416337465,52896.371582425716,13332.935002079319
1775,885.3074069375,25.0,18.0,5.172040216394301,0.00041576021378099203,43294.185935457914,12439.959488568935
1776,885.8072452096,23.0,17.25,4.9434299833212965,0.0004156130564388053,41504.95210089696,11894.308676631204
1777,886.3070836159,26.0,20.25,5.23808170993924,0.0004154660719585691,48740.442040281356,12607.7243449655
1778,886.8069221564,17.0,8.25,4.380353866983808,0.00041531926016221164,19864.23648346525,10546.955769094284
1779,887.3067608311001,18.0,9.25,4.493050188902857,0.00041517262087191513,22279.889219510253,10822.125455833004
1780,887.8065996400001,23.0,14.25,5.018714974971182,0.0004150261539100892,34335.18554372143,12092.527007486933
1781,888.3064385831001,20.0,14.25,4.630064794363034,0.0004148798590992919,34347.29280649315,11160.013417896324
1782,888.8062776604,24.0,17.75,5.055937104039171,0.00041473373626232756,42798.543856033844,12190.802584820802
1783,889.3061168719,12.0,4.75,3.716517186829626,0.0004145877852222437,11457.16340256797,8964.367304833528
1784,889.8059562175999,18.0,10.0,4.472135954999579,0.0004144420058022348,24128.82830407843,10790.740061068067
1785,890.3057956975,22.0,15.0,4.873397172404482,0.0004142963978257956,36205.96287758996,11763.069140788572
1786,890.8056353116,24.0,15.5,5.111262075065218,0.0004141509611165265,37425.96650799244,12341.54343451373
1787,891.3054750599001,20.0,12.5,4.677071733467427,0.00041400569549831335,30192.821345016797,11297.119301312803
1788,891.8053149424001,23.0,17.0,4.949747468305833,0.0004138606007952224,41076.632970944665,11959.938826733014
1789,892.3051549591,27.0,20.5,5.350233639758174,0.0004137156768315598,49550.93835698754,12932.151086787238
1790,892.80499511,25.0,18.0,5.172040216394301,0.0004135709234318052,43523.36922198562,12505.811998282641
1791,893.3048353951,24.0,15.75,5.105144464165534,0.0004134263404206602,38096.26639651072,12348.377365049026
1792,893.8046758144,16.0,9.75,4.190763653560053,0.00041328192762306955,23591.643738393537,10140.205446830487
1793,894.3045163679,27.0,20.0,5.361902647381804,0.00041313768486411626,48410.01131760259,12978.48839218182
1794,894.8043570556,23.0,13.5,5.037360419902471,0.0004129936119691722,32688.15693209246,12197.187254020973
1795,895.3041978775,22.0,14.75,4.879805323985784,0.0004128497087637734,35727.28692038326,11819.810503434164
1796,895.8040388336001,23.0,14.0,5.024937810560445,0.00041270597507366756,33922.455320645684,12175.587740554274
1797,896.3038799239,28.0,20.0,5.477225575051661,0.00041256241072483874,48477.513898713216,13276.11394704772
1798,896.8037211484001,18.0,8.75,4.5069390943299865,0.0004124190155434258,21216.286519840807,10928.058417460208
1799,897.3035625071001,22.0,14.75,4.879805323985784,0.00041227578935580596,35777.0220343216,11836.264583012831
1800,897.803404,21.0,13.25,4.789311015167004,0.0004121327319886151,32149.836621969695,11620.797484484454
1801,898.3032456271,17.0,8.75,4.366062299143245,0.00041198984326861317,21238.387651938036,10597.499842481837
1802,898.8030873884,27.0,21.5,5.326818938165629,0.000411847123022799,52203.83680769285,12933.971467540754
1803,899.3029292839,22.0,14.0,4.898979485566356,0.0004117045710784117,34004.96614193194,11899.25939547879
1804,899.8027713136,20.0,12.75,4.670385423067351,0.00041156218726284334,30979.52240169537,11347.945869683648
1805,900.3026134775,11.0,3.25,3.59687364248454,0.0004114199714037288,7899.470676912659,8742.583959189738
1806,900.8024557756,20.0,13.25,4.65698400254929,0.0004112779233288959,32216.657516537965,11323.204427934086
1807,901.3022982079,14.0,6.5,3.984344362627307,0.00041113604286641147,15809.852025335602,9691.060737095047
1808,901.8021407744001,17.0,10.25,4.322904116447646,0.0004109943298444733,24939.516814936986,10518.159990390865
1809,902.3019834751,22.0,13.5,4.911720676097125,0.00041085278409156817,32858.48489465562,11954.94071424482
1810,902.80182631,22.0,14.5,4.886205071423016,0.0004107114054363382,35304.595411942006,11896.930561818537
1811,903.3016692791,16.0,9.25,4.205650960315181,0.0004105701937076546,22529.643266277722,10243.439550095063
1812,903.8015123824,38.0,30.0,6.324555320336758,0.00041042914873457427,73094.22367415986,15409.615374143094
1813,904.3013556199,30.0,23.25,5.629165124598851,0.00041028827034636896,56667.474262357406,13720.024508247969
1814,904.8011989916,20.0,13.0,4.663689526544408,0.0004101475583725329,31695.909763754415,11370.760184578316
1815,905.3010424975,18.0,12.5,4.401704215414752,0.00041000701264273413,30487.2834233498,10735.680316888249
1816,905.8008861376001,13.0,7.5,3.791437722025775,0.00040986663298684805,18298.635205663748,9250.418104045653
1817,906.3007299119,20.0,13.0,4.663689526544408,0.00040972641923499835,31728.48854675358,11382.447671429143
1818,906.8005738204,32.0,24.0,5.830951894845301,0.0004095863712174684,58595.69967785204,14236.19608609823
1819,907.3004178630999,22.0,13.75,4.905354217587146,0.0004094464887647206,33581.92188064198,11980.452518682849
1820,907.80026204,21.0,11.75,4.828301978956992,0.00040930677170752526,28707.074527455152,11796.291468168303
1821,908.3001063511001,16.0,0.5,4.458138625031752,0.00040916721987672386,1221.9942744940388,10895.639749379054
1822,908.7999507964,22.0,3.0,5.172040216394301,0.00040902783310346134,7334.464203176038,12644.71460817695
1823,909.2997953759001,30.0,4.75,6.025985396596975,0.0004088886112190265,11616.855714906671,14737.474293137204
1824,909.7996400896001,46.0,29.75,7.075485849042453,0.00040874955405495786,72782.95402372477,17310.076008281412
1825,910.2994849375,71.0,60.25,8.584142356694699,0.00040861066144296106,147450.8760668019,21008.121340693357
1826,910.7993299196,103.0,94.75,10.25,0.00040847193321495636,231962.08183571397,25093.523364813384
1827,911.2991750359,95.0,89.25,9.820259670701176,0.0004083333692030472,218571.4093711986,24049.61340746553
1828,911.7990202864,94.0,84.75,9.81389321319526,0.0004081949692395788,207621.3730852188,24042.170905431387
1829,912.2988656711,40.0,32.25,6.47591692349431,0.00040805673315705537,79033.12794397004,15870.13862849757
1830,912.7987111900001,32.0,24.0,5.830951894845301,0.00040791866078822113,58835.25885681426,14294.39850478562
1831,913.2985568431001,16.0,9.5,4.198213905936666,0.0004077807519659927,23296.832805860988,10295.272363141801
1832,913.7984026304,23.0,16.5,4.962358310319802,0.0004076430065234722,40476.59284214882,12173.294355373831
1833,914.2982485519,21.0,14.75,4.75,0.00040750542429401833,36195.83721015149,11656.286559201328
1834,914.7980946076,29.0,19.5,5.60133912560202,0.000407368005111154,47868.26592991576,13750.071324510733
1835,915.2979407975,24.0,17.0,5.07444578254611,0.000407230748808593,41745.37421286514,12460.86106560486
1836,915.7977871216,18.0,10.0,4.472135954999579,0.00040709365522024793,24564.372035200962,10985.52113906084
1837,916.2976335799,25.0,18.5,5.1599418601375735,0.0004069567241802953,45459.37909556174,12679.338007083888
1838,916.7974801724,21.0,17.0,4.69041575982343,0.0004068199555230384,41787.52730589019,11529.463331741134
1839,917.2973268991001,21.0,15.25,4.736823830374104,0.00040668334908297067,37498.461725534595,11647.449646156296
1840,917.7971737600001,27.0,19.75,5.367727638395972,0.0004065469046948226,48579.880382622716,13203.218562013886
1841,918.2970207551,24.0,16.75,5.080600358225394,0.00040641062219355374,41214.473946556405,12501.150513250486
1842,918.7968678844001,21.0,13.5,4.782781617427248,0.00040627450141427645,33228.765164944736,11772.290903755895
1843,919.2967151479,30.0,23.5,5.623610939600996,0.00040613854219226825,57862.028738151545,13846.533523377713
1844,919.7965625456,23.0,16.75,4.956056900399752,0.00040600274436308634,41255.878765737,12206.954187402176
1845,920.2964100775,21.0,15.5,4.7302219821061255,0.0004058671077624247,38189.840229854155,11654.607854733998
1846,920.7962577436,21.0,15.5,4.7302219821061255,0.00040573163222620996,38202.59198168259,11658.49937839911
1847,921.2961055439001,22.0,16.75,4.828301978956992,0.0004055963175905394,41297.2191155581,11904.205658571325
1848,921.7959534784001,20.0,15.25,4.602988159880493,0.0004054611636917168,37611.49369066329,11352.476074330687
1849,922.2958015471,19.0,10.75,4.589389937671455,0.0004053261703662376,26521.850267617065,11322.708162477278
1850,922.79564975,23.0,15.0,5.0,0.00040519133745083366,37019.54759045192,12339.849196817306
1851,923.2954980871,20.0,15.75,4.589389937671455,0.00040505666478236625,38883.44858727939,11330.241757995262
1852,923.7953465584,21.0,13.5,4.782781617427248,0.0004049221521979496,33339.74179165286,11811.607716362094
1853,924.2951951639,21.0,15.25,4.736823830374104,0.0004047877995348608,37674.06037811338,11701.99258924592
1854,924.7950439036,17.0,9.5,4.344536799245692,0.000404653606630582,23476.869708646333,10736.43414529584
1855,925.2948927775,14.0,6.0,4.0,0.00040451957332278106,14832.40959322475,9888.273062149832
1856,925.7947417856001,17.0,8.75,4.366062299143245,0.00040438569944935737,21637.758239014565,10796.777198324298
1857,926.2945909279,20.0,14.5,4.623310502226733,0.000404251984848361,35868.71689804837,11436.704519734105
1858,926.7944402044001,14.0,6.75,3.9764934301467165,0.00040411842935807125,16703.024434500923,9839.921026277481
1859,927.2942896151001,19.0,10.75,4.589389937671455,0.0004039850328169161,26609.896720782333,11360.296953752102
1860,927.79413916,20.0,12.5,4.677071733467427,0.00040385179506356565,30951.94859300432,11581.158708806193
1861,928.2939888391,25.0,19.0,5.1478150704935,0.0004037187159368691,47062.470105971246,12750.994361377296
1862,928.7938386524,15.0,7.25,4.115519408288582,0.00040358579527586944,17963.9622723696,10197.384190579442
1863,929.2936885999,26.0,20.0,5.244044240850758,0.00040345303291977234,49572.06506854306,12997.905116488613
1864,929.7935386816001,21.0,13.5,4.782781617427248,0.0004033204287080426,33472.14531940419,11858.515654037026
1865,930.2933888975001,21.0,13.5,4.782781617427248,0.000403187982480257,33483.140834092344,11862.41114629811
1866,930.7932392476,19.0,11.5,4.568916720624267,0.00040305569407627197,28532.037058441372,11335.695755633391
1867,931.2930897319001,23.0,14.25,5.018714974971182,0.00040292356333605794,35366.509424306874,12455.749505980935
1868,931.7929403504,26.0,18.0,5.2915026221291805,0.00040279159009983743,44688.12269774166,13137.07324628503
1869,932.2927911031001,23.0,13.5,5.037360419902471,0.00040265977420798,33527.06395009063,12510.215180572262
1870,932.79264199,28.0,16.75,5.55090082779363,0.00040252811550107667,41612.00014351593,13790.094689121865
1871,933.2924930111,38.0,31.0,6.304760106459245,0.0004023966138198955,77038.42163511587,15668.024754505332
1872,933.7923441664,41.0,35.25,6.514407110397691,0.00040226526900538786,87628.74330949975,16194.306623847357
1873,934.2921954559,34.0,24.5,6.031169040907409,0.0004021340808987423,60924.95305357897,14997.905741856439
1874,934.7920468796001,32.0,25.75,5.7933151131282346,0.0004020030493412936,64054.24048945136,14411.122310193748
1875,935.2918984375001,24.0,19.25,5.018714974971182,0.0004018721741745548,47900.80338241753,12488.336584337096
1876,935.7917501296,16.0,11.0,4.153311931459037,0.0004017414552402727,27380.79393230938,10338.27073926198
1877,936.2916019559,13.0,5.5,3.856812155135378,0.00040161089238036947,13694.847685532637,9603.35545750725
1878,936.7914539164,20.0,12.5,4.677071733467427,0.0004014804854369582,31134.76358980539,11649.56181712557
1879,937.2913060111,23.0,16.25,4.968651728587948,0.0004013502342523207,40488.32818117644,12379.840111079287
1880,937.79115824,22.0,16.0,4.847679857416329,0.00040122013866894735,39878.3571858586,12082.34430479628
1881,938.2910106031001,18.0,11.75,4.422951503238533,0.00040109019852950197,29295.156159583228,11027.323827543507
1882,938.7908631004001,10.0,4.75,3.363406011768428,0.0004009604136768994,11846.55601395012,8388.374256015
1883,939.2907157319,14.0,7.75,3.944933459514875,0.0004008307839541348,19334.842308136682,9841.892433008028
1884,939.7905684976,17.0,9.5,4.344536799245692,0.0004007013092044908,23708.432644905195,10842.33242928721
1885,940.2904213975,19.0,14.0,4.5,0.00040057198927139577,34950.022405372714,11233.935773155516
1886,940.7902744316,16.0,8.75,4.220485754033533,0.00040044282399844796,21850.8098425405,10539.54647480433
1887,941.2901275999,22.0,15.0,4.873397172404482,0.000400313813229485,37470.603072597594,12173.942070819186
1888,941.7899809024,23.0,16.75,4.956056900399752,0.00040018495680848,41855.64628311652,12384.41579594811
1889,942.2898343390999,20.0,11.5,4.7037219305566955,0.0004000562545796351,28745.95727064383,11757.651272067224
1890,942.7896879100001,28.0,22.0,5.431390245600108,0.00039992770638729404,55009.942168635294,13580.930150261443
1891,943.2895416151,25.0,17.0,5.196152422706632,0.0003997993120760355,42521.33379550906,12996.901859897163
1892,943.7893954544,15.0,9.25,4.054318685056714,0.00039967107149060954,23144.031829727595,10144.13845349318
1893,944.2892494279,22.0,15.5,4.860555523805895,0.00039954298447593704,38794.324020807595,12165.288123332391
1894,944.7891035356,30.0,22.25,5.651327277728657,0.00039941505087713976,55706.46361757687,14149.009320800502
1895,945.2889577775,18.0,12.0,4.415880433163923,0.000399287270539513,30053.550126418304,11059.406995863477
1896,945.7888121536,24.0,16.5,5.086747487343951,0.000399159643308579,41336.84423413596,12743.64172986178
1897,946.2886666639,19.0,12.25,4.548351349665063,0.00039903216902997324,30699.27928311926,11398.457825397567
1898,946.7885213083999,14.0,6.75,3.9764934301467165,0.000398904847549564,16921.328586164425,9968.526215146174
1899,947.2883760871001,24.0,15.5,5.111262075065218,0.00039877767871342575,38868.77532866826,12817.322402687269
1900,947.788231,19.0,12.5,4.541475531146238,0.0003986506623677654,31355.773813987624,11392.11836291046
1901,948.2880860471,13.0,5.75,3.848701079585163,0.0003985237983589917,14428.24750661535,9657.393348736075
1902,948.7879412284,21.0,16.25,4.710360920354193,0.00039839708653373253,40788.4508930115,11823.28154389092
1903,949.2877965439,22.0,15.5,4.860555523805895,0.0003982705267387668,38918.27026951142,12204.155711964158
1904,949.7876519936,30.0,24.75,5.595757321399848,0.00039814411882104124,62163.419802075965,14054.602484069448
1905,950.2875075775,21.0,15.25,4.736823830374104,0.0003980178626277578,38314.86330617882,11901.033283031747
1906,950.7873632956,19.0,13.5,4.513867521316947,0.0003978917580062085,33928.82543646293,11344.46097585795
1907,951.2872191479,20.0,14.25,4.630064794363034,0.000397765804803916,35825.100669537765,11640.17806066936
1908,951.7870751344001,20.0,12.25,4.683748498798799,0.0003976400028685938,30806.759661070115,11778.866474725923
1909,952.2869312551001,18.0,11.75,4.422951503238533,0.0003975143520481548,29558.681188387905,11126.52028901522
1910,952.7867875100001,24.0,17.5,5.062114182829147,0.0003973888521906347,44037.470863940915,12738.44033350175
1911,953.2866438991,15.0,9.0,4.06201920231798,0.00039726350314429605,22654.98826035115,10224.999704648311
1912,953.7865004224,12.0,6.5,3.6571847095819483,0.00039713830475757053,16367.094088211576,9208.84403687638
1913,954.2863570799,16.0,10.0,4.183300132670378,0.0003970132568790816,25188.07578016394,10536.928075287135
1914,954.7862138716,14.0,7.75,3.944933459514875,0.00039688835935761834,19526.901752784393,9939.655236802428
1915,955.2860707975,19.0,13.25,4.520785330006282,0.00039676361204217156,33395.19955421636,11394.153074515747
1916,955.7859278576001,19.0,12.0,4.55521678957215,0.0003966390147819007,30254.20988048395,11484.54040023501
1917,956.2857850519,14.0,6.0,4.0,0.00039651456742613184,15131.852630150246,10087.901753433496
1918,956.7856423804001,21.0,13.75,4.7762432936357,0.0003963902698244068,34688.036126847874,12049.345448745458
1919,957.2854998431001,19.0,12.0,4.55521678957215,0.00039626612182645066,30282.679590902648,11495.347542142801
1920,957.78535744,20.0,14.0,4.636809247747852,0.0003961421232821055,35340.851621654365,11704.913401612259
1921,958.2852151711,17.0,10.75,4.3084219849035215,0.00039601827404143753,27145.211988058836,10879.351452485518
1922,958.7850730364,24.0,15.75,5.105144464165534,0.0003958945739547427,39783.31868170662,12895.212008510973
1923,959.2849310359,6.0,-0.25,2.75,0.0003957710228723826,-631.6783835905368,6948.462219495905
1924,959.7847891696001,13.0,7.25,3.7996710383926655,0.00039564762064501607,18324.386705979618,9603.674684554253
1925,960.2846474375001,23.0,15.5,4.987484335815,0.0003955243671233969,39188.483159026866,12609.802961290092
1926,960.7845058396,19.0,12.5,4.541475531146238,0.0003954012621584948,31613.454979284896,11485.738579473245
1927,961.2843643759,20.0,10.25,4.736823830374105,0.0003952783056014549,25931.09678610774,11983.515824797318
1928,961.7842230464,16.0,6.0,4.301162633521313,0.0003951554973035939,15183.896063554601,10884.734396638736
1929,962.2840818511,15.0,6.75,4.130677910464576,0.00039503283711641007,17087.187103918855,10456.543158834487
1930,962.78394079,22.0,14.5,4.886205071423016,0.00039491032489158965,36717.19650272634,12372.948397245304
1931,963.2837998631,23.0,14.75,5.006246098625196,0.0003947879604809824,37361.82831419078,12680.847948164203
1932,963.7836590704,32.0,22.75,5.857687256929991,0.0003946657437366273,57643.71588120853,14842.147690525195
1933,964.2835184119001,36.0,30.0,6.123724356957945,0.00039454367451073553,76037.20940958515,15521.030376552948
1934,964.7833778876001,34.0,28.75,5.942432162002357,0.0003944217526556988,72891.51728174748,15066.187708946325
1935,965.2832374975001,33.0,25.5,5.905505905508858,0.00039429997802406237,64671.57347506585,14977.190551982407
1936,965.7830972416,27.0,17.75,5.414101956926928,0.0003941783504685849,45030.3776929896,13735.158083874574
1937,966.2829571199001,24.0,14.75,5.129571132170797,0.0003940568698422005,37431.14542301119,13017.337152946799
1938,966.7828171324,26.0,11.25,5.448623679425841,0.00039393553599797635,28557.971982648934,13831.257100536954
1939,967.2826772791,30.0,11.75,5.878988008152423,0.0003938143487892049,29836.39381380023,14928.323526625081
1940,967.7825375599999,31.0,21.5,5.777110004145671,0.00039369330806931797,54611.03747339915,14674.138182527831
1941,968.2823979751,54.0,46.5,7.474958193863027,0.00039357241369196173,118148.52459754526,18992.58671039244
1942,968.7822585244,70.0,62.25,8.481597726843686,0.00039345166551091803,158215.11371457798,21556.898776447873
1943,969.2821192079,56.0,48.25,7.611668673819165,0.0003933310633801795,122670.19946340547,19351.811698792786
1944,969.7819800256,35.0,28.0,6.06217782649107,0.00039321060715387363,71208.65889826533,15417.126893829649
1945,970.2818409775,47.0,41.0,6.96419413859206,0.00039309029668634164,104301.7351118059,17716.525178307813
1946,970.7817020636,24.0,17.0,5.07444578254611,0.00039297013183208255,43260.28525563402,12913.05718042316
1947,971.2815632839,15.0,11.25,3.9921798556678283,0.0003928501124457684,28636.876110231544,10162.0942165797
1948,971.7814246383999,23.0,17.5,4.937104414532874,0.00039273023838225246,44559.84869432663,12571.235754267254
1949,972.2812861271,15.0,8.25,4.085033659592048,0.00039261050949654673,21013.191956015544,10404.799567974831
1950,972.7811477500001,21.0,17.5,4.677071733467427,0.000392490925643873,44587.018085301264,11916.381826649344
1951,973.2810095071001,19.0,13.5,4.513867521316947,0.0003923714866795602,34406.16981178631,11504.06610713614
1952,973.7808713984,18.0,13.0,4.38748219369606,0.0003922521924591718,33141.943499406,11185.360536009593
1953,974.2807334239001,15.0,8.5,4.077376607575022,0.0003921330428384677,21676.316635987816,10397.941928231296
1954,974.7805955836,24.0,18.0,5.049752469181039,0.0003920140376732661,45916.723051133566,12881.560311342426
1955,975.2804578775,17.0,12.5,4.257346591481601,0.0003918951768196937,31896.284362160193,10863.483000813645
1956,975.7803203056,18.0,13.5,4.373213921133975,0.0003917764601339419,34458.42559143184,11162.523444208071
1957,976.2801828679,23.0,15.25,4.993746088859544,0.0003916578874724275,38937.04298518332,12750.275811082962
1958,976.7800455644,25.0,20.25,5.11737237261468,0.00039153945869172733,51718.925258931646,13069.87650673483
1959,977.2799083951,15.0,10.5,4.0155946010522525,0.000391421173648613,26825.324501801402,10259.01221341985
1960,977.77977136,12.0,6.0,3.674234614174767,0.00039130303220001367,15333.38488655798,9389.742250442592
1961,978.2796344591001,18.0,11.5,4.430011286667337,0.0003911850342029782,29397.85266435545,11324.592965815487
1962,978.7794976924,18.0,9.25,4.493050188902857,0.0003910671795148223,23653.22503278341,11489.20294072533
1963,979.2793610599,18.0,11.75,4.422951503238533,0.00039094946799295887,30055.035143855526,11313.358542076829
1964,979.7792245616,16.0,10.75,4.16082924427331,0.0003908318994950066,27505.431398742174,10646.08403165021
1965,980.2790881975,23.0,17.0,4.949747468305833,0.00039071447387871693,43510.03389057205,12668.451770338821
1966,980.7789519675999,19.0,13.25,4.520785330006282,0.0003905971910020708,33922.41497182132,11574.034412301533
1967,981.2788158719001,24.0,17.75,5.055937104039171,0.0003904800507231713,45456.86768665108,12948.00360396273
1968,981.7786799104,12.0,5.25,3.699662146737185,0.00039036305290029706,13449.018704495342,9477.490554625103
1969,982.2785440831001,10.0,4.75,3.363406011768428,0.0003902461973919383,12171.803419853451,8618.677220294445
1970,982.77840839,16.0,11.25,4.14578098794425,0.0003901294840566971,28836.579801707707,10626.679493267287
1971,983.2782728311,29.0,22.75,5.5283360968739945,0.0003900129127533933,58331.40200254066,14174.75144052367
1972,983.7781374064,16.0,9.5,4.198213905936666,0.0003898964833409715,24365.44161310652,10767.509032045442
1973,984.2780021159,21.0,13.75,4.7762432936357,0.00038978019567858716,35276.29200365596,12253.68386231247
1974,984.7778669596,24.0,17.5,5.062114182829147,0.0003896640496255096,44910.48126410056,12990.97052369635
1975,985.2777319375,19.0,10.5,4.59619407771256,0.0003895480450412358,26954.313167939315,11798.786147742128
1976,985.7775970496001,18.0,12.0,4.415880433163923,0.00038943218178540877,30814.09436935655,11339.279699275683
1977,986.2774622959,28.0,18.25,5.517019122678478,0.0003893164597178356,46877.03163957422,14171.039998352604
1978,986.7773276764001,21.0,13.5,4.782781617427248,0.0003892008786984865,34686.45817333428,12288.722557413505
1979,987.2771931911,25.0,17.25,5.190134873006674,0.00038908543858750416,44334.735482835415,13339.319229854518
1980,987.77705884,21.0,15.25,4.736823830374104,0.0003889701392452105,39206.09440506757,12177.859821234157
1981,988.2769246231,27.0,21.0,5.338539126015656,0.00038885498053206066,54004.70882812461,13728.869098477444
1982,988.7767905403999,14.0,8.75,3.913118960624632,0.00038873996230873805,22508.619767397962,10066.16077591947
1983,989.2766565919,16.0,9.25,4.205650960315181,0.0003886250844360151,23801.8603802271,10821.872104366481
1984,989.7765227776001,16.0,10.0,4.183300132670378,0.000388510346774889,25739.340233824478,10767.538541500593
1985,990.2763890975001,17.0,10.25,4.322904116447646,0.0003883957491865017,26390.60808844771,11130.153008888501
1986,990.7762555516,28.0,22.75,5.414101956926929,0.00038828129153217755,58591.543028579494,13943.76209979783
1987,991.2761221399,19.0,10.5,4.59619407771256,0.0003881669736733739,27050.21475844389,11840.765416534541
1988,991.7759888624,18.0,13.0,4.38748219369606,0.00038805279547173027,33500.59618613688,11306.405326529053
1989,992.2758557191,18.0,9.5,4.48608961123159,0.0003879387567890728,24488.401413229432,11563.911913216583
1990,992.77572271,22.0,16.5,4.834769901453429,0.0003878248574873581,42544.977923540784,12466.374468044582
1991,993.2755898350999,14.0,8.25,3.929058411375428,0.00038771109742872996,21278.730618528494,10133.984911529848
1992,993.7754570943999,22.0,17.5,4.808846015417836,0.0003875974764754821,45149.93275790066,12406.804242240789
1993,994.2753244879001,21.0,15.0,4.743416490252569,0.00038748399449010804,38711.27637088228,12241.58044642451
1994,994.7751920156,33.0,27.5,5.863019699779287,0.0003873706513352172,70991.43909124506,15135.425669369135
1995,995.2750596775,21.0,17.75,4.670385423067351,0.00038725744687361256,45835.14182438172,12060.156520609411
1996,995.7749274736,18.0,12.75,4.394598957811736,0.00038714438096823544,32933.44970709033,11351.317941954852
1997,996.2747954039,18.0,10.0,4.472135954999579,0.00038703145348224663,25837.693319307204,11554.967728752616
1998,996.7746634684,12.0,4.5,3.724916106437835,0.00038691866427888844,11630.351325612013,9627.129550289514
1999,997.2745316671,22.0,16.75,4.828301978956992,0.0003868060132216487,43303.35989477461,12482.489449279228
2000,997.7744,17.0,10.0,4.330127018922194,0.0003866935001741174,25860.27434000643,11197.827263640213
2001,998.2742684671001,26.0,18.75,5.273755777432246,0.00038658112500008113,48502.10935672575,13642.04157000976
2002,998.7741370684,19.0,13.5,4.513867521316947,0.0003864688875634758,34931.66056681002,11679.769488754939
2003,999.2740058039001,18.0,11.0,4.444097208657794,0.0003863567877283911,28471.092910455096,11502.573139162745
2004,999.7738746736001,19.0,12.25,4.548351349665063,0.00038624482535909763,31715.6352544296,11775.824686936305
2005,1000.2737436775,22.0,16.25,4.841229182759271,0.0003861342173753783,42083.812490004355,12537.684993746348
2006,1000.7736128156,16.0,11.25,4.14578098794425,0.0003860247501458656,29143.209070788875,10739.676630520971
2007,1001.2734820879,24.0,17.25,5.068283733178323,0.00038591541767092364,44698.91382963444,13133.146542230481
2008,1001.7733514944,28.0,19.25,5.494315243958978,0.00038580621981962673,49895.51492715648,14241.126663348497
2009,1002.2732210350999,20.0,14.25,4.630064794363034,0.00038569715646128425,36946.08518958681,12004.404794796026
2010,1002.77309071,25.0,17.5,5.18411033833193,0.00038558822746534774,45385.20305725023,13444.680021507707
2011,1003.2729605191,16.0,10.25,4.175823272122517,0.0003854794327013373,26590.264305856028,10832.804341490953
2012,1003.7728304624001,10.0,4.5,3.3726843908080104,0.00038537077203906295,11677.066156807188,8751.79083499913
2013,1004.2727005399,21.0,15.75,4.723610906922796,0.0003852622453483643,40881.2443735784,12260.767734070549
2014,1004.7725707516,22.0,16.0,4.847679857416329,0.00038515385249931734,41541.840737600716,12586.346536479008
2015,1005.2724410975,21.0,15.75,4.723610906922796,0.0003850455933621131,40904.24685158787,12267.666448737964
2016,1005.7723115776,19.0,12.5,4.541475531146238,0.00038493746780708535,32472.806742378427,11797.956579852178
2017,1006.2721821919,19.0,13.25,4.520785330006282,0.0003848294757047596,34430.834529331565,11747.502765288747
2018,1006.7720529403999,22.0,17.25,4.815340071064556,0.0003847216169257706,44837.615670887215,12516.427097450161
2019,1007.2719238231001,15.0,10.5,4.0155946010522525,0.00038461389134090355,27300.105993034187,10440.58649845546
2020,1007.7717948400001,18.0,13.25,4.380353866983808,0.0003845062988211601,34459.77358660328,11392.151130978425
2021,1008.2716659911,16.0,10.25,4.175823272122517,0.00038439883923761125,26665.012881748306,10863.256716395246
2022,1008.7715372764001,12.0,6.0,3.674234614174767,0.00038429151246151835,15613.147325497644,9561.061056592273
2023,1009.2714086959,17.0,10.0,4.330127018922194,0.0003841843183643009,26029.172774609582,11270.96243115309
2024,1009.7712802496,17.0,12.0,4.272001872658765,0.0003840772568174878,31243.71408875782,11122.767091332371
2025,1010.2711519375,22.0,18.0,4.795831523312719,0.00038397032769282424,46878.622387717354,12490.109723138237
2026,1010.7710237596,20.0,15.0,4.609772228646444,0.00038386353086215634,39076.38729396889,12008.882996238037
2027,1011.2708957159001,14.0,6.75,3.9764934301467165,0.0003837568661974962,17589.261833627203,10362.012462599845
2028,1011.7707678064,21.0,13.0,4.795831523312719,0.00038365033357097106,33885.02201730823,12500.527442980949
2029,1012.2706400311,17.0,11.0,4.301162633521313,0.00038354393285493183,28679.895724385085,11214.263256637529
2030,1012.77051239,18.0,11.25,4.437059837324711,0.00038343766392181887,29339.84075777653,11571.789249762922
2031,1013.2703848831001,11.0,3.0,3.605551275463989,0.00038333152664422605,7826.123841841819,9405.830266630635
2032,1013.7702575104,22.0,15.75,4.8541219597369,0.00038322552089491846,41098.51547261304,12666.48929956811
2033,1014.2701302719,14.0,9.25,3.897114317029974,0.00038311964654681496,24143.89364621035,10172.055524053554
2034,1014.7700031676,18.0,12.25,4.408798022137099,0.00038301390347295257,31983.173166623867,11510.80413050446
2035,1015.2698761974999,16.0,11.5,4.138236339311712,0.00038290829154653756,30033.301064211413,10807.382422035545
2036,1015.7697493616,19.0,12.25,4.548351349665063,0.0003828028106409135,32000.809971824,11881.708344956809
2037,1016.2696226599,21.0,16.0,4.716990566028302,0.0003826974606295846,41808.48227651687,12325.63852989322
2038,1016.7694960924,31.0,25.75,5.6844085004510365,0.0003825922413862103,67304.03080496995,14857.615721257851
2039,1017.2693696591,20.0,11.25,4.710360920354193,0.00038248715278454417,29412.752606457212,12315.082705555733
2040,1017.76924336,24.0,17.25,5.068283733178323,0.00038238219469856924,45111.93313694463,13254.497211026355
2041,1018.2691171951,26.0,21.25,5.2141634036535525,0.0003822773670023501,55587.91033493061,13639.738717833896
2042,1018.7689911644,18.0,12.75,4.394598957811736,0.0003821726695701315,33361.8832930707,11498.988043165904
2043,1019.2688652679,23.0,17.25,4.9434299833212965,0.00038206810227629036,45149.01897653252,12938.609514558437
2044,1019.7687395056,13.0,5.75,3.848701079585163,0.0003819636649953649,15053.787904327957,10076.092132040536
2045,1020.2686138775,14.0,8.25,3.929058411375428,0.00038185935760202304,21604.812965191803,10289.281467524817
2046,1020.7684883836,24.0,19.25,5.018714974971182,0.0003817551799710738,50424.98703346633,13146.422729225202
2047,1021.2683630239001,20.0,15.75,4.589389937671455,0.0003816511319775276,41268.05524823491,12025.091904985331
2048,1021.7682377984,21.0,15.75,4.723610906922796,0.0003815472134964666,41279.295046262625,12380.147829245097
2049,1022.2681127071,17.0,11.25,4.293891009329417,0.0003814434244031708,29493.233544666353,11256.95380919961
2050,1022.7679877500001,18.0,11.75,4.422951503238533,0.00038133976457299835,30812.417407235127,11598.453437425
2051,1023.2678629270999,13.0,6.5,3.8242646351945884,0.00038123623388155016,17049.795959372386,10031.220265340216
2052,1023.7677382384,19.0,14.25,4.493050188902857,0.00038113283220452953,37388.539626921825,11788.672633932847
2053,1024.2676136839,17.0,11.75,4.2793106921559225,0.00038102955941774245,30837.502523309133,11230.91525679847
2054,1024.7674892636,20.0,15.25,4.602988159880493,0.0003809264153971758,40033.97869927049,12083.667537419667
2055,1025.2673649775,22.0,16.75,4.828301978956992,0.00038082340001900964,43983.64175931386,12678.585346163016
2056,1025.7672408256,17.0,9.5,4.344536799245692,0.00038072051315945777,24952.68752703404,11411.354652766142
2057,1026.2671168079,23.0,17.0,4.949747468305833,0.0003806177546949799,44664.23279077848,13004.510187057538
2058,1026.7669929244,10.0,5.75,3.326033673912518,0.00038051512450213923,15111.09448677821,8740.871150034456
2059,1027.2668691751,21.0,15.25,4.736823830374104,0.00038041262245762483,40088.04939614941,12451.805094616047
2060,1027.76674556,17.0,10.0,4.330127018922194,0.0003803102484383017,26294.32165202962,11385.775262968431
2061,1028.2666220791,18.0,13.25,4.380353866983808,0.0003802080023211676,34849.345408589055,11520.940748857924
2062,1028.7664987324,25.0,20.25,5.11737237261468,0.0003801058839833622,53274.62913172471,13463.018038517592
2063,1029.2663755199,11.0,6.0,3.5,0.0003800038933021573,15789.311914310163,9210.431950014261
2064,1029.7662524415998,22.0,15.25,4.866980583482946,0.000379902030154997,40141.92815389305,12811.146551381305
2065,1030.2661294975,19.0,13.25,4.520785330006282,0.00037980029441944034,34886.75547304102,11903.05904558794
2066,1030.7660066876,18.0,12.25,4.408798022137099,0.0003796986859732074,32262.424002342726,11611.307031092007
2067,1031.2658840119,23.0,16.5,4.962358310319802,0.0003795972046941279,43467.1272495154,13072.694553476427
2068,1031.7657614704,19.0,14.0,4.5,0.0003794958504602209,36891.04896146287,11857.837166184494
2069,1032.2656390631,17.0,11.0,4.301162633521313,0.0003793946231496342,28993.557970539747,11336.909832338146
2070,1032.76551679,18.0,13.25,4.380353866983808,0.0003792935226406104,34933.36745577564,11548.717828050801
2071,1033.2653946511,12.0,7.25,3.6314597615834874,0.00037919254881159864,19119.57400724705,9576.822574611755
2072,1033.7652726464,16.0,10.5,4.168333000133266,0.0003790917015411787,27697.783827271254,10995.579653121167
2073,1034.2651507758999,21.0,15.75,4.723610906922796,0.00037899098070801783,41557.717206294445,12463.649921426388
2074,1034.7650290396,19.0,12.0,4.55521678957215,0.0003788903861909966,31671.429092293896,12022.518795913416
2075,1035.2649074375001,17.0,11.75,4.2793106921559225,0.00037878991786908925,31019.833014829157,11297.319411851038
2076,1035.7647859696,30.0,25.0,5.5901699437494745,0.0003786895756214135,66017.13279003273,14761.879659814356
2077,1036.2646646359,22.0,15.75,4.8541219597369,0.0003785893593272592,41601.80314625648,12821.601664564778
2078,1036.7645434364,17.0,10.75,4.3084219849035215,0.0003784892688660237,28402.39046197436,11383.207766528782
2079,1037.2644223711,24.0,18.25,5.043560250458003,0.0003783893041172659,48230.750186173806,13329.024355548283
2080,1037.7643014399998,21.0,16.25,4.710360920354193,0.00037828946496067513,42956.522729728305,12451.736980948852
2081,1038.2641806431,15.0,7.25,4.115519408288582,0.0003781897512760656,19170.27094345491,10882.15477654336
2082,1038.7640599804,14.0,9.75,3.881043674065006,0.0003780901629434275,25787.499796599743,10264.862867235493
2083,1039.2639394519001,15.0,9.5,4.046603514059662,0.00037799069984286,25132.893491690094,10705.563697048456
2084,1039.7638190576001,10.0,4.0,3.3911649915626345,0.0003778913618546272,10585.052752644764,8973.915082153155
2085,1040.2636987975,16.0,11.0,4.153311931459037,0.000377792148859108,29116.539433704027,10993.642784800046
2086,1040.7635786716,12.0,5.5,3.69120576505835,0.00037769306073682385,14562.089092318258,9773.030401610631
2087,1041.2634586799,18.0,12.25,4.408798022137099,0.0003775940973684537,32442.24442429918,11676.024738901107
2088,1041.7633388224,16.0,9.5,4.198213905936666,0.00037749525863479754,25165.8789950277,11121.236121267868
2089,1042.2632190990998,8.0,3.75,3.010398644698074,0.0003773965444168039,9936.497976670473,7976.752011203718
2090,1042.76309951,17.0,10.75,4.3084219849035215,0.0003772979545955453,28492.070707151728,11419.150123731919
2091,1043.2629800551001,11.0,5.75,3.5089172119045497,0.00037719948905227133,15243.923088143896,9302.550278423874
2092,1043.7628607344,26.0,20.25,5.23808170993924,0.0003771011476682964,53699.12058133589,13890.389202810733
2093,1044.2627415479,14.0,7.25,3.960744879438715,0.0003770029303251479,19230.619756051245,10505.872927891442
2094,1044.7626224956,16.0,8.5,4.227883631321941,0.0003769048369044606,22552.11174738682,11217.376953943529
2095,1045.2625035775002,15.0,8.5,4.077376607575022,0.00037680686728798653,22557.97528632515,10820.865970202074
2096,1045.7623847936,13.0,8.75,3.7499999999999996,0.00037670902135765683,23227.476656824034,9954.632852924584
2097,1046.2622661439,14.0,8.5,3.9210967853395307,0.000376611298995503,22569.689286198223,10411.521894849871
2098,1046.7621476283998,12.0,8.25,3.5968736424845393,0.0003765137000837263,21911.553279908345,9553.101631320967
2099,1047.2620292471,18.0,12.25,4.408798022137099,0.0003764162245046378,32543.76193831961,11712.561082984825
2100,1047.761911,17.0,12.0,4.272001872658765,0.0003763188721406969,31887.850672324184,11352.079815602665
2101,1048.2617928871,17.0,11.5,4.286607049870562,0.00037622164287447695,30567.08782656843,11393.83427577225
2102,1048.7616749084,21.0,13.25,4.789311015167004,0.0003761245365887261,35227.69378507265,12733.311840285183
2103,1049.2615570639,21.0,16.5,4.703721930556695,0.0003760275531663148,43879.76322762217,12508.982097054643
2104,1049.7614393536,15.0,8.5,4.077376607575022,0.0003759306924902395,22610.55074725161,10846.085964850783
2105,1050.2613217775,11.0,4.25,3.5619517121937516,0.0003758339544436248,11308.185302979327,9477.46117688269
2106,1050.7612043356,13.0,7.0,3.807886552931954,0.00037573733890977666,18630.035599631647,10134.437434354419
2107,1051.2610870279,26.0,20.0,5.244044240850758,0.00037564084577205737,53242.34631325529,13960.260977670401
2108,1051.7609698544,23.0,16.5,4.962358310319802,0.00037554447491405243,43936.20756576491,13213.769984115712
2109,1052.2608528151002,13.0,7.5,3.791437722025775,0.0003754482262194198,19976.123140922347,10098.430242176666
2110,1052.76073591,18.0,10.75,4.451123453691213,0.00037535209957198783,28639.775859141784,11858.528189310271
2111,1053.2606191391,21.0,16.25,4.710360920354193,0.00037525609485568334,43303.760345983064,12552.390180806291
2112,1053.7605025024,17.0,13.0,4.242640687119285,0.0003751602119546034,34651.86228643318,11308.876986221207
2113,1054.2603859999,13.0,8.5,3.758324094593227,0.000375064450752956,22662.77164614223,10020.475379760066
2114,1054.7602696315998,20.0,14.75,4.616546328154848,0.00037496881113510954,39336.60497082049,12311.814185770785
2115,1055.2601533975,15.0,10.0,4.0311288741492755,0.00037487329298553954,26675.679988720196,10753.3103840096
2116,1055.7600372975999,24.0,20.75,4.981214711292818,0.00037477789618886224,55366.12540656194,13291.11124734696
2117,1056.2599213319,19.0,13.5,4.513867521316947,0.00037468262062984297,36030.494228172225,12047.176123966246
2118,1056.7598055004,16.0,11.25,4.14578098794425,0.0003745874661933513,30033.039050465915,11067.591316054119
2119,1057.2596898031,16.0,9.5,4.198213905936666,0.0003744924327644065,25367.66879339444,11210.410514697278
2120,1057.7595742400001,15.0,10.0,4.0311288741492755,0.00037439752022819,26709.57861554516,10766.975357348412
2121,1058.2594588110999,23.0,17.25,4.9434299833212965,0.0003743027284699437,46085.69130797871,13207.03699791024
2122,1058.7593435164001,18.0,14.25,4.351723796382302,0.00037420805737511817,38080.4200207676,11629.1557881128
2123,1059.2592283559,14.0,8.5,3.9210967853395307,0.0003741135068292734,22720.37722465597,10481.035070270591
2124,1059.7591133296,12.0,7.0,3.640054944640259,0.00037401907671805846,18715.622907322217,9732.270815117246
2125,1060.2589984375,22.0,16.0,4.847679857416329,0.0003739247669273216,42789.3560821818,12964.318724462975
2126,1060.7588836796,15.0,9.25,4.054318685056714,0.00037383057734298263,24743.829319005374,10845.337248421367
2127,1061.2587690559,22.0,17.0,4.8218253804964775,0.0003737365078511403,45486.59187122046,12901.670773937385
2128,1061.7586545664,17.0,13.75,4.220485754033533,0.0003736425583380116,36799.87649469313,11295.516690621516
2129,1062.2585402111001,12.0,4.25,3.7332961307670196,0.0003735487286899254,11377.364380023982,9994.13421606354
2130,1062.75842599,16.0,12.5,4.107919181288746,0.0003734550187933719,33471.23313642251,10999.769649799799
2131,1063.2583119031,19.0,13.25,4.520785330006282,0.000373361428534946,35488.40074881978,12108.33520684139
2132,1063.7581979504,18.0,12.25,4.408798022137099,0.0003732679578013837,32818.24690272032,11811.34873752819
2133,1064.2580841319,25.0,21.0,5.0990195135927845,0.00037317460647956236,56273.925490560156,13663.89734203965
2134,1064.7579704476002,19.0,13.25,4.520785330006282,0.0003730813744564669,35515.04016865918,12117.42434634402
2135,1065.2578568975,21.0,15.5,4.7302219821061255,0.0003729882616192423,41556.26756914637,12681.959377410325
2136,1065.7577434816,21.0,14.0,4.769696007084728,0.0003728952678551354,37544.05380504535,12790.980251692785
2137,1066.2576301999,17.0,12.5,4.257346591481601,0.0003728023930515555,33529.8276861419,11419.84780900493
2138,1066.7575170524,12.0,7.75,3.6142080737002398,0.0003727096370960064,20793.666781424476,9697.114627517009
2139,1067.2574040391,12.0,4.25,3.7332961307670196,0.00037261699987613874,11405.813479827111,10019.12454882091
2140,1067.75729116,19.0,13.25,4.520785330006282,0.0003725244812797429,35568.13220565246,12135.53888988963
2141,1068.2571784150998,18.0,10.75,4.451123453691213,0.0003724320811947389,28864.32330296217,11951.503853836348
2142,1068.7570658044,14.0,8.25,3.929058411375428,0.0003723397995091308,22157.180110416015,10552.346046689743
2143,1069.2569533279002,10.0,5.75,3.326033673912518,0.0003722476361111146,15446.70655284872,8935.002807968694
2144,1069.7568409856,15.0,9.25,4.054318685056714,0.0003721555908889767,24855.195586083526,10894.149609232174
2145,1070.2567287775,21.0,13.75,4.7762432936357,0.00037206366373113874,36956.04096920372,12837.16675188985
2146,1070.7566167036,19.0,14.25,4.493050188902857,0.00037197185452617803,38309.35009357579,12079.005801732379
2147,1071.2565047639,21.0,13.25,4.789311015167004,0.0003718801631627486,35629.75741247405,12878.640727795484
2148,1071.7563929583998,14.0,10.0,3.872983346207417,0.00037178858952969244,26897.006206268637,10417.165709971596
2149,1072.2562812871001,17.0,10.5,4.315669125408017,0.0003716971335159209,28248.805420368553,11610.714036413638
2150,1072.7561697499998,15.0,11.0,4.0,0.0003716057950105433,29601.26065764907,10764.094784599662
2151,1073.2560583471,12.0,7.25,3.6314597615834874,0.00037151457390270507,19514.712232793005,9774.743756175014
2152,1073.7559470784001,15.0,10.25,4.02336923485777,0.0003714234700817657,27596.532867843678,10832.2967150462
2153,1074.2558359439,18.0,13.25,4.380353866983808,0.0003713324834371601,35682.30788040463,11796.312098629225
2154,1074.7557249436002,23.0,18.75,4.905354217587146,0.0003712416138584711,50506.19138604457,13213.37380958919
2155,1075.2556140775,13.0,6.5,3.8242646351945884,0.0003711508612354095,17513.094212860393,10303.801054011232
2156,1075.7555033456001,27.0,23.0,5.291502622129181,0.0003710602254578232,61984.5470411765,14260.495356516307
2157,1076.2553927479,18.0,11.5,4.430011286667337,0.00037096970641562924,30999.835838658917,11941.706317399445
2158,1076.7552822844,16.0,9.25,4.205650960315181,0.00037087930399895097,24940.72842637281,11339.675508901075
2159,1077.2551719551,20.0,14.25,4.630064794363034,0.00037078901809798937,38431.55893099864,12487.060210449477
2160,1077.75506176,19.0,13.5,4.513867521316947,0.0003706988486030924,36417.70146001846,12176.642949732895
2161,1078.2549516991,26.0,18.75,5.273755777432246,0.00037060879540472253,50592.43124417515,14229.980083643326
2162,1078.7548417724,22.0,17.75,4.802343178074636,0.00037051885839345535,47905.79372116927,12961.130234766648
2163,1079.2547319799,17.0,12.0,4.272001872658765,0.0003704290374600431,32394.868615812542,11532.578282607154
2164,1079.7546223216,10.0,5.0,3.3541019662496847,0.00037033933249530176,13501.131425362257,9056.83429208059
2165,1080.2545127975,12.0,8.0,3.605551275463989,0.00037024974339022005,21607.03725746678,9738.16009283216
2166,1080.7544034076,15.0,9.75,4.038873605350878,0.00037016027003586424,26339.941882621108,10911.148311404564
2167,1081.2542941519,19.0,15.75,4.451123453691214,0.0003700709123234722,42559.41084673311,12027.758209217396
2168,1081.7541850304,19.0,14.75,4.47911821679223,0.0003699816701444145,39866.83987410147,12106.324659391643
2169,1082.2540760431,10.0,4.75,3.363406011768428,0.0003698925433901293,12841.567327812088,9092.927315977307
2170,1082.7539671900001,16.0,11.0,4.153311931459037,0.0003698035319522225,29745.52444626507,11231.131053652654
2171,1083.2538584710999,16.0,10.0,4.183300132670378,0.0003697146357224131,27047.887840469855,11314.943279149105
2172,1083.7537498864,26.0,19.5,5.255949010407159,0.0003696258545925323,52756.04982096392,14219.646556383901
2173,1084.2536414359,19.0,12.75,4.534589286804264,0.00036953718845456984,34502.61678214684,12270.995798198908
2174,1084.7535331196,19.0,13.75,4.506939094329987,0.00036944863720059104,37217.622736917765,12199.095193530131
2175,1085.2534249374999,20.0,15.0,4.609772228646444,0.0003693602007228658,40610.76415554212,12480.424852555236
2176,1085.7533168896,15.0,11.75,3.976493430146717,0.00036927187891366397,31819.373938157794,10768.470758848182
2177,1086.2532089759002,19.0,14.25,4.493050188902857,0.000369183671665505,38598.673488764325,12170.229979655596
2178,1086.7531011964,22.0,18.0,4.795831523312719,0.00036909557887096755,48767.855889958075,12993.46781119071
2179,1087.2529935511002,20.0,13.0,4.663689526544408,0.000369007600422739,35229.62666651598,12638.464685284627
2180,1087.75288604,8.0,1.75,3.0923292192132457,0.00036891973621366983,4743.579234770026,8382.119240761464
2181,1088.2527786631001,14.0,6.5,3.984344362627307,0.00036883198613670937,17623.200384770164,10802.599862232368
2182,1088.7526714204,18.0,13.0,4.38748219369606,0.0003687443500849501,35254.77745490908,11898.43910201007
2183,1089.2525643119,19.0,14.25,4.493050188902857,0.00036865682795160287,38653.83445948473,12187.622331228606
2184,1089.7524573376,26.0,17.75,5.297405025104272,0.00036856941962994637,48159.17722588455,14372.882672748621
2185,1090.2523504975,22.0,15.25,4.866980583482946,0.0003684821250134847,41385.996673358095,13208.186376217946
2186,1090.7522437916002,15.0,10.0,4.0311288741492755,0.0003683949439957412,27144.78079296225,10942.41096369628
2187,1091.2521372199,12.0,6.0,3.674234614174767,0.00036830787647044446,16290.718671289347,9975.987071972415
2188,1091.7520307824002,22.0,16.5,4.834769901453429,0.0003682209223313941,44810.05559252337,13130.07927643557
2189,1092.2519244791,17.0,10.0,4.330127018922194,0.0003681340814725326,27164.015784683943,11762.363869168888
2190,1092.75181831,27.0,18.75,5.390964663211956,0.0003680473537879031,50944.53147679789,14647.475678683022
2191,1093.2517122750999,15.0,9.0,4.06201920231798,0.000367960739171672,24459.13121128135,11039.273405804433
2192,1093.7516063744001,14.0,7.5,3.952847075210474,0.0003678742375181639,20387.402093166922,10745.104364681969
2193,1094.2515006079,10.0,2.75,3.43693177121688,0.0003677878487218168,7477.136641564289,9344.875811317159
2194,1094.7513949756,16.0,11.25,4.14578098794425,0.0003677015726771358,30595.46337561678,11274.852478220148
2195,1095.2512894775002,18.0,12.0,4.415880433163923,0.0003676154092787948,32642.810113814776,12012.228872090005
2196,1095.7511841136,17.0,11.25,4.293891009329417,0.0003675293584215826,30609.799577141373,11683.123840147797
2197,1096.2510788839002,23.0,17.0,4.949747468305833,0.00036744342000039824,46265.62641938608,13470.774543467041
2198,1096.7509737884,21.0,16.5,4.703721930556695,0.00036735759391028495,44915.363867582346,12804.204972295807
2199,1097.2508688271,18.0,14.25,4.351723796382302,0.00036727188004634365,38799.594453574515,11848.780243761614
2200,1097.750764,18.0,14.75,4.337337893224368,0.00036718627830389065,40170.346419624664,11812.363776934772
2201,1098.2506593071,30.0,24.0,5.612486080160912,0.0003671007885782675,65377.140956163035,15288.678899049288
2202,1098.7505547484,33.0,28.25,5.84700778176325,0.0003670154107649952,76972.24468344968,15931.23234137753
2203,1099.2504503239,33.0,28.25,5.84700778176325,0.00036693014475969383,76990.1312373809,15934.934388104071
2204,1099.7503460336002,21.0,17.0,4.69041575982343,0.00036684499045810476,46341.09894419145,12785.82475384544
2205,1100.2502418775,30.0,24.75,5.595757321399848,0.00036675994775611364,67482.83216699044,15257.274835039756
2206,1100.7501378556,12.0,5.75,3.6827299656640586,0.00036667501654968497,15681.461077184862,10043.580280755354
2207,1101.2500339679,21.0,13.75,4.7762432936357,0.0003665901967348908,37507.822419876844,13028.83529395022
2208,1101.7499302144001,19.0,14.5,4.4860896112315904,0.0003665054882079962,39562.84548669863,12240.170353699265
2209,1102.2498265950999,22.0,16.75,4.828301978956992,0.00036642089086530585,45712.459135298595,13176.928770504646
2210,1102.74972311,15.0,9.5,4.046603514059662,0.00036633640460327356,25932.448647270227,11046.140823601623
2211,1103.2496197591001,9.0,4.25,3.191786333700926,0.0003662520293185137,11604.031267507207,8714.72668599241
2212,1103.7495165424,16.0,10.0,4.183300132670378,0.00036616776490767245,27309.88622802844,11424.545068092431
2213,1104.2494134599,19.0,13.0,4.527692569068709,0.0003660836112675819,35511.01333104446,12367.919321466912
2214,1104.7493105116,20.0,14.25,4.630064794363034,0.00036599956829518423,38934.472153549534,12650.465179316321
2215,1105.2492076975,24.0,17.5,5.062114182829147,0.00036591563588750283,47825.23151150667,13834.10187037059
2216,1105.7491050176,24.0,16.25,5.09288719686584,0.00036583181394169714,44419.31888020481,13921.389564215147
2217,1106.2490024719,15.0,10.75,4.00780488547035,0.0003657481023550497,29391.8134661009,10957.82824207185
2218,1106.7489000603998,16.0,10.5,4.168333000133266,0.0003656645010249792,28714.84645232961,11399.337339143349
2219,1107.2487977831,25.0,18.75,5.153882032022076,0.00036558100984898753,51288.2220215573,14097.783783000701
2220,1107.74869564,19.0,12.5,4.541475531146238,0.0003654976287247037,34199.94828315321,12425.45826355257
2221,1108.2485936311,26.0,19.75,5.25,0.00036541435754987447,54048.23207392549,14367.251563954875
2222,1108.7484917564002,28.0,22.5,5.4198708471697,0.00036533119622236376,61587.95151538352,14835.49968689458
2223,1109.2483900159,17.0,13.5,4.227883631321941,0.0003652481446401642,36961.17337789615,11575.37332732292
2224,1109.7482884096,24.0,18.25,5.043560250458003,0.00036516520270137064,49977.379731126006,13811.721963504251
2225,1110.2481869375,15.0,11.0,4.0,0.0003650823703041967,30130.186759865992,10956.43154904218
2226,1110.7480855996,22.0,15.25,4.866980583482946,0.0003649996473469658,41780.86228533659,13334.206262551352
2227,1111.2479843959,17.0,12.0,4.272001872658765,0.000364917033728129,32884.18706412115,11706.775726565556
2228,1111.7478833264,20.0,14.25,4.630064794363034,0.0003648345293462493,39058.8029744189,12690.862355215373
2229,1112.2477823911001,15.0,7.5,4.107919181288746,0.0003647521340999924,20561.908482059673,11262.22110098089
2230,1112.74768159,15.0,9.25,4.054318685056714,0.0003646698478881643,25365.409434225443,11117.778748464223
2231,1113.2475809231,21.0,15.25,4.736823830374104,0.0003645876706096832,41828.073819660785,12992.276514597796
2232,1113.7474803904,25.0,19.5,5.135659646043535,0.00036450560216353626,53497.12016566286,14089.384677658285
2233,1114.2473799919,16.0,11.25,4.14578098794425,0.0003644236424488904,30870.664494765282,11376.267906453644
2234,1114.7472797276,22.0,17.75,4.802343178074636,0.0003643417913649847,48717.990690830964,13180.87381654173
2235,1115.2471795975,17.0,11.25,4.293891009329417,0.0003642600488111988,30884.528887303357,11787.982303694804
2236,1115.7470796015998,23.0,17.75,4.930770730829004,0.0003641784146870004,48739.84641636587,13539.437078023537
2237,1116.2469797399,17.0,13.25,4.235268586524354,0.0003640968888920073,36391.41229775794,11632.25700558115
2238,1116.7468800124002,9.0,2.0,3.278719262151,0.00036401547132590255,5494.2719679334805,9007.087666379892
2239,1117.2467804190999,16.0,2.5,4.401704215414752,0.0003639341618885386,6869.374358886567,12094.781629109206
2240,1117.74668096,15.0,-4.75,4.4651427748729375,0.00036385296047981933,-13054.724066931023,12271.83302008777
2241,1118.2465816351,28.0,4.25,5.825590098865522,0.00036377186699982787,11683.14645948696,16014.405255996002
2242,1118.7464824444,42.0,23.5,6.8282501418738315,0.00036369088134871895,64615.31263267339,18774.873091543577
2243,1119.2463833878999,78.0,66.75,8.989577298182603,0.0003636100034267503,183575.80751610667,24723.129763930065
2244,1119.7462844656,108.0,100.5,10.482127646618315,0.0003635292331343619,276456.44652421883,28834.345882560916
2245,1120.2461856774999,112.0,107.75,10.63308515906837,0.0003634485703720186,296465.60416982597,29256.092954732383
2246,1120.7460870236,93.0,89.0,9.695359714832659,0.00036336801504035425,244930.748762012,26681.929376078766
2247,1121.2459885039002,73.0,69.5,8.595056718835542,0.00036328756704008595,191308.50132377696,23659.099563644424
2248,1121.7458901184,42.0,35.5,6.604922406811453,0.00036320722627208955,97740.3460948926,18184.997238638378
2249,1122.2457918671,22.0,15.5,4.860555523805895,0.00036312699263730164,42684.791586071115,13385.277388785893
2250,1122.7456937499999,29.0,24.0,5.5,0.00036304686603676813,66107.16754560653,15149.559229201497
2251,1123.2455957671,18.0,12.5,4.401704215414752,0.00036296684637170606,34438.40704723493,12127.01451775865
2252,1123.7454979184,17.0,12.75,4.25,0.00036288693354339903,35134.91068830446,11711.636896101485
2253,1124.2454002039,17.0,12.5,4.257346591481601,0.0003628071274532534,34453.56789913282,11734.462388780239
2254,1124.7453026236,22.0,16.5,4.834769901453429,0.00036272742800277767,45488.70233180615,13328.933872120653
2255,1125.2452051774999,27.0,21.75,5.320949163448191,0.00036264783509361515,59975.540718133285,14672.496699379504
2256,1125.7451078656002,14.0,10.25,3.8649062084350767,0.0003625683486275016,28270.531718505652,10659.800346791537
2257,1126.2450106879,21.0,16.0,4.716990566028302,0.000362488968506275,44139.27426793686,13012.783769574622
2258,1126.7449136444,13.0,8.25,3.7666297933298405,0.0003624096946319081,22764.29169031847,10393.292036945995
2259,1127.2448167351,21.0,14.5,4.756574397610112,0.00036233052690647815,40018.70922607253,13127.721912423462
2260,1127.74471996,19.0,15.5,4.4581386250317525,0.00036225146523215853,42787.956675527625,12306.75111879709
2261,1128.2446233191,10.0,6.25,3.3071891388307386,0.000362172509511279,17256.96963702144,9131.530008430262
2262,1128.7445268124,13.0,10.5,3.69120576505835,0.00036209365964620893,28998.022252748753,10194.063515679669
2263,1129.2444304399,10.0,4.0,3.3911649915626345,0.0003620149155394688,11049.268492264371,9367.473123335747
2264,1129.7443342016,23.0,16.25,4.968651728587948,0.00036193627709370555,44897.406058561144,13727.973798275989
2265,1130.2442380975,12.0,7.25,3.6314597615834874,0.00036185774421165485,20035.497694805144,10035.600507859806
2266,1130.7441421276,15.0,11.25,3.9921798556678283,0.0003617793167961373,31096.30506140675,11034.848235719961
2267,1131.2440462919,17.0,11.25,4.293891009329417,0.00036170099475015845,31103.03859620522,11871.382914761905
2268,1131.7439505904,13.0,7.75,3.7831864876053887,0.0003616227779767346,21431.172127378006,10461.693007205382
2269,1132.2438550231,22.0,17.25,4.815340071064556,0.00036154466637907957,47711.94710949871,13318.797146949672
2270,1132.7437595899999,17.0,11.25,4.293891009329417,0.0003614666598604629,31123.20235659588,11879.079002713526
2271,1133.2436642911,16.0,11.0,4.153311931459037,0.00036138875832428995,30438.13551646014,11492.642855625545
2272,1133.7435691264002,16.0,8.75,4.220485754033533,0.00036131096167405126,24217.366557214005,11681.034349134838
2273,1134.2434740959,16.0,9.0,4.2130748865881795,0.0003612332698133822,24914.648655284484,11663.031173083002
2274,1134.7433791996,17.0,11.5,4.286607049870562,0.0003611556826459835,31842.22359661075,11869.139143720557
2275,1135.2432844375,13.0,8.5,3.758324094593227,0.00036107820007572007,23540.60698822998,10408.615346495817
2276,1135.7431898096002,21.0,16.75,4.697073557013984,0.0003610008220064961,46398.78631550204,13011.254464482801
2277,1136.2430953158998,19.0,14.0,4.5,0.0003609235483423769,38789.3781502985,12468.01440545309
2278,1136.7430009564,24.0,19.0,5.024937810560445,0.0003608463789875311,52653.985480775846,13925.421185213223
2279,1137.2429067311,16.0,12.0,4.123105625617661,0.0003607693138462172,33262.25246838805,11428.648356093807
2280,1137.74281264,20.0,15.25,4.602988159880493,0.00036069235282280295,42279.79850599122,12761.535208210526
2281,1138.2427186831,20.0,16.25,4.575751304430782,0.0003606154958217755,45061.84617210993,12688.726240128693
2282,1138.7426248604,14.0,9.5,3.8890872965260113,0.00036053874274773076,26349.456725784272,10786.877623432578
2283,1139.2425311719,19.0,15.0,4.47213595499958,0.0003604620935053414,41613.2521845261,12406.67475325893
2284,1139.7424376176,21.0,17.5,4.677071733467427,0.0003603855479994409,48559.10592737517,12977.966956307257
2285,1140.2423441975,20.0,15.5,4.59619407771256,0.00036030910613492963,43018.61855857596,12756.2528935679
2286,1140.7422509116,16.0,11.25,4.14578098794425,0.0003602327678168423,31229.807516344485,11508.61708963728
2287,1141.2421577599,14.0,8.75,3.913118960624632,0.00036015653295029624,24294.99175906259,10865.050617212228
2288,1141.7420647424,24.0,18.75,5.031152949374526,0.00036008040144050164,52071.703777796916,13972.30432216638
2289,1142.2419718591,13.0,9.75,3.716517186829626,0.000360004373192835,27083.00433555414,10323.533444519819
2290,1142.7418791100001,15.0,11.25,3.9921798556678283,0.0003599284481127261,31256.21233606022,11091.593000221856
2291,1143.2417864951,19.0,14.5,4.4860896112315904,0.0003598526261057357,40294.27312207375,12466.463451383679
2292,1143.7416940144,26.0,22.25,5.190134873006674,0.00035977690707751306,61843.8803666915,14425.981131380597
2293,1144.2416016678999,12.0,8.5,3.588175023601831,0.0003597012909338317,23630.718638603954,9975.429930447173
2294,1144.7415094556,7.0,3.0,2.8284271247461903,0.00035962577758056697,8342.004903494188,7864.9176479362295
2295,1145.2414173774998,18.0,13.25,4.380353866983808,0.0003595503669236948,36851.5824733172,12182.86579558247
2296,1145.7413254336,13.0,7.5,3.791437722025775,0.0003594750588693219,20863.75623274169,10547.150987195628
2297,1146.2412336239001,16.0,11.25,4.14578098794425,0.0003593998533235916,31302.183058686107,11535.28848052013
2298,1146.7411419484,14.0,7.25,3.960744879438715,0.00035932475019282827,20176.734266452157,11022.74440408911
2299,1147.2410504071001,16.0,10.75,4.16082924427331,0.00035924974938343553,29923.472510279407,11581.996233579444
2300,1147.740959,14.0,8.75,3.913118960624632,0.0003591748508019366,24361.39384609949,10894.746533304702
2301,1148.2408677271,22.0,17.0,4.8218253804964775,0.00035910005435489407,47340.56649069486,13427.526178347855
2302,1148.7407765884,17.0,12.5,4.257346591481601,0.0003590253599490587,34816.482049551036,11858.066494482913
2303,1149.2406855839001,26.0,21.25,5.2141634036535525,0.0003589507674912587,59200.319164988236,14526.124125867844
2304,1149.7405947135999,15.0,11.0,4.0,0.000358876276888397,30651.231938133293,11145.90252295756
2305,1150.2405039775,22.0,17.25,4.815340071064556,0.00035880188804750945,48076.670091869484,13420.609621839421
2306,1150.7404133756002,16.0,9.25,4.205650960315181,0.000358727600875767,25785.582089077725,11723.800872996288
2307,1151.2403229079,9.0,5.5,3.142451272494134,0.0003586534152803541,15335.139066501655,8761.804958800478
2308,1151.7402325744001,15.0,10.75,4.00780488547035,0.0003585793311686681,29979.418961388572,11176.898769954934
2309,1152.2401423751,12.0,6.0,3.674234614174767,0.00035850534844810567,16736.151987613965,10248.758156830174
2310,1152.74005231,22.0,15.0,4.873397172404482,0.0003584314670262703,41849.00428650316,13596.454610519168
2311,1153.2399623791,23.0,16.0,4.9749371855331,0.000358357686810765,44648.12836134024,13882.60212808041
2312,1153.7398725824,28.0,23.5,5.396758286230726,0.0003582840077094056,65590.4240611828,15062.794236152147
2313,1154.2397829198999,30.0,22.75,5.640257086339239,0.0003582104296300263,63510.155255661004,15745.652889461417
2314,1154.7396933916,23.0,17.5,4.937104414532874,0.0003581369524805961,48863.98870261273,13785.520819163075
2315,1155.2396039975001,35.0,32.0,5.979130371550699,0.00035806357616916743,89369.60397469072,16698.516044329106
2316,1155.7395147376,24.0,18.0,5.049752469181039,0.0003579903006039312,50280.69187805904,14105.835997964425
2317,1156.2394256119,25.0,18.5,5.1599418601375735,0.0003579171256931633,51687.94302360306,14416.582749832178
2318,1156.7393366203999,15.0,12.0,3.968626966596886,0.00035784405134525597,33534.16091419703,11090.38127552347
2319,1157.2392477631001,19.0,12.75,4.534589286804264,0.00035777107746866424,35637.313363086825,12674.555246018821
2320,1157.73915904,18.0,12.25,4.408798022137099,0.00035769820397198675,34246.74729694579,12325.468714073766
2321,1158.2390704511001,17.0,12.25,4.264680527307995,0.0003576254307639187,34253.7161684306,11924.99235358702
2322,1158.7389819963998,19.0,14.25,4.493050188902857,0.00035755275775323025,39854.25840243365,12566.118122360547
2323,1159.2388936759,14.0,8.75,3.913118960624632,0.00035748018484881624,24476.881155526164,10946.394028188022
2324,1159.7388054896,13.0,6.5,3.8242646351945884,0.0003574077119596769,18186.513000405925,10700.005923839846
2325,1160.2387174374999,21.0,15.5,4.7302219821061255,0.0003573353389949101,43376.622204782216,13237.487216940228
2326,1160.7386295196002,19.0,14.25,4.493050188902857,0.0003572630658637124,39886.57480041905,12576.307539769174
2327,1161.2385417358998,18.0,15.0,4.330127018922193,0.0003571908924753648,41994.35180457335,12122.725159407133
2328,1161.7384540864,11.0,6.5,3.48209706929603,0.00035711881873929594,18201.225079502554,9750.52807798973
2329,1162.2383665711,18.0,13.0,4.38748219369606,0.00035704684456498617,36409.78823335846,12288.253657700352
2330,1162.73827919,15.0,9.0,4.06201920231798,0.0003569749698620529,25211.851697831647,11379.002858065038
2331,1163.2381919431002,22.0,17.5,4.808846015417836,0.00035690319454017894,49032.90378934927,13473.810514958763
2332,1163.7381048304,14.0,10.75,3.848701079585163,0.0003568315185091962,30126.262514343874,10785.765494215935
2333,1164.2380178519002,16.0,9.5,4.198213905936666,0.00035675994167898913,26628.550154176373,11767.615742336337
2334,1164.7379310076,10.0,3.75,3.400367627183861,0.00035668846395955575,10513.376178112689,9533.1584022561
2335,1165.2378442975,13.0,8.5,3.758324094593227,0.00035661708526103667,23835.08909501116,10538.822310889025
2336,1165.7377577216,18.0,11.25,4.437059837324711,0.00035654580549363414,31552.74813687539,12444.571690253504
2337,1166.2376712799,12.0,9.5,3.553167600887974,0.00035647462456762474,26649.86325891427,9967.519021017786
2338,1166.7375849723999,15.0,9.0,4.06201920231798,0.00035640354239344763,25252.27426068777,11397.246994345978
2339,1167.2374987991,9.0,2.0,3.278719262151,0.0003563325588816053,5612.7343689200125,9201.290144357492
2340,1167.73741276,18.0,13.0,4.38748219369606,0.0003562616739426886,36490.032329695096,12315.335930302368
2341,1168.2373268551,16.0,8.25,4.235268586524354,0.00035619088748739736,23161.73796077784,11890.446205404975
2342,1168.7372410844,13.0,6.0,3.840572873934304,0.0003561201994265963,16848.243962743043,10784.48478945639
2343,1169.2371554479,17.0,10.5,4.315669125408017,0.00035604960967114635,29490.27246427256,12120.976987993456
2344,1169.7370699456,17.0,5.5,4.458138625031752,0.00035597911813206037,15450.344472058672,12523.595901987377
2345,1170.2369845775,25.0,9.75,5.367727638395972,0.0003559087247204468,27394.664201216943,15081.753454097325
2346,1170.7368993436,15.0,-15.0,4.743416490252569,0.00035583842934751433,-42153.96304301606,13330.253561849317
2347,1171.2368142439,17.0,-12.75,4.943429983321297,0.00035576823192455455,-35837.93845512268,13895.085450939358
2348,1171.7367292784,28.0,3.75,5.836308764964376,0.0003556981323629881,10542.647427153608,16408.03882267353
2349,1172.2366444471002,39.0,26.25,6.49519052838329,0.0003556281305743273,73813.05848220484,18263.99536474738
2350,1172.73655975,46.0,38.5,6.919176251549024,0.0003555582264701235,108280.43660307502,19460.037024710557
2351,1173.2364751871,58.0,52.0,7.713624310270757,0.0003554884199621296,146277.61997293637,21698.6654898421
2352,1173.7363907584,43.0,37.75,6.656763477847173,0.0003554187109621076,106212.75367808269,18729.355750088445
2353,1174.2363064639,34.0,28.5,5.947688626685159,0.00035534909938198287,80202.82040834412,16737.593079676517
2354,1174.7362223036,25.0,19.75,5.129571132170798,0.0003552795851337276,55590.02213022197,14438.125202831518
2355,1175.2361382775,20.0,15.75,4.589389937671455,0.0003552101681294292,44339.94691914651,12920.209919213805
2356,1175.7360543855998,24.0,18.5,5.037360419902471,0.0003551408482813029,52092.00825399383,14184.120030913586
2357,1176.2359706279,20.0,15.75,4.589389937671455,0.0003550716255016134,44357.24757716084,12925.251155137998
2358,1176.7358870044002,12.0,9.0,3.5707142142714248,0.00035500249970275025,25351.93416253648,10058.279074826925
2359,1177.2358035151,13.0,8.5,3.758324094593227,0.000354933470797211,23948.150003740902,10588.812844704978
2360,1177.73572016,14.0,11.25,3.832427429188973,0.0003548645386975425,31702.23782091842,10799.691181471982
2361,1178.2356369391,11.0,4.75,3.5443617196894563,0.00035479570331646825,13387.98625687732,9989.866524758843
2362,1178.7355538524,14.0,9.25,3.897114317029974,0.0003547269645667216,26076.39374497041,10986.236475679465
2363,1179.2354708998998,13.0,7.0,3.807886552931954,0.00035465832236118955,19737.30646836786,10736.77484171355
2364,1179.7353880816,21.0,16.0,4.716990566028302,0.00035458977661284997,45122.56431315334,13302.669386259351
2365,1180.2353053974998,15.0,11.25,3.9921798556678283,0.00035452132723476614,31732.928700648194,11260.760775117438
2366,1180.7352228476,13.0,7.0,3.807886552931954,0.00035445297414009205,19748.741048039163,10742.995067737662
2367,1181.2351404319002,18.0,12.0,4.415880433163923,0.00035438471724208014,33861.50535324243,12460.696577238221
2368,1181.7350581504,16.0,12.75,4.100304866714182,0.00035431655645409247,35984.77058932461,11572.433723529495
2369,1182.2349760031,11.0,6.25,3.491060010942235,0.0003542484916895792,17642.982670697576,9854.833804067064
2370,1182.73489399,19.0,14.75,4.47911821679223,0.00035418052286209135,41645.42951376032,12646.42725296411
2371,1183.2348121111002,15.0,10.5,4.0155946010522525,0.00035411264988524454,29651.581222536617,11339.878997131465
2372,1183.7347303663998,20.0,13.75,4.643543905251678,0.0003540448726728423,38836.884986344056,13115.693132894425
2373,1184.2346487559,23.0,19.5,4.886205071423015,0.00035397719113864604,55088.29520137705,13803.728584052138
2374,1184.7345672796,11.0,6.0,3.5,0.0003539096051966439,16953.481657176842,9889.53096668649
2375,1185.2344859375,19.0,12.75,4.534589286804264,0.00035384211476080724,36033.02000560006,12815.289920674335
2376,1185.7344047296,15.0,10.25,4.02336923485777,0.00035377471974529847,28973.240392585227,11372.687222406426
2377,1186.2343236559,13.0,7.5,3.791437722025775,0.00035370742006431523,21203.96569185985,10719.135384087705
2378,1186.7342427164,17.0,11.5,4.286607049870562,0.0003536402156321808,32518.92599217586,12121.37890541566
2379,1187.2341619111,25.0,19.25,5.141740950300783,0.00035357310636328627,54444.18609208692,14542.22863041453
2380,1187.73408124,32.0,26.75,5.771698190307599,0.0003535060921721413,75670.54880336822,16327.011947214323
2381,1188.2340007030998,21.0,16.5,4.703721930556695,0.0003534391729733619,46684.12915634447,13308.434067978102
2382,1188.7339203004,23.0,18.0,4.924428900898052,0.0003533723486815995,50937.771637074555,13935.52415538639
2383,1189.2338400319002,27.0,22.25,5.3091901453988255,0.00035330561921166875,62976.63776094604,15027.188520933316
2384,1189.7337598976,23.0,19.5,4.886205071423015,0.00035323898447842643,55203.41994186357,13832.57592204247
2385,1190.2336798975,24.0,20.25,4.993746088859544,0.0003531724443968537,57337.429126394214,14139.682096058885
2386,1190.7336000316,14.0,10.5,3.856812155135378,0.0003531059988820279,29736.113329266977,10922.533650933334
2387,1191.2335202999,14.0,8.5,3.9210967853395307,0.0003530396478491226,24076.61590358434,11106.675437811668
2388,1191.7334407024,13.0,7.75,3.7831864876053887,0.0003529733912133581,21956.329267084722,10718.050090406407
2389,1192.2333612391,20.0,16.5,4.568916720624267,0.00035290722889011917,46754.4970724797,12946.509299323081
2390,1192.73328191,18.0,15.0,4.330127018922193,0.00035284116079481746,42512.04696813343,12272.170880426924
2391,1193.2332027151,20.0,14.75,4.616546328154848,0.0003527751868430124,41811.33070043234,13086.369167481287
2392,1193.7331236544,17.0,13.0,4.242640687119285,0.00035270930695032956,36857.54740186295,12028.717710351648
2393,1194.2330447279,19.0,13.75,4.506939094329987,0.0003526435210324805,38991.21685191416,12780.439241119284
2394,1194.7329659356,18.0,13.75,4.366062299143245,0.000352577829005294,38998.48166514617,12383.258219783545
2395,1195.2328872775,17.0,12.0,4.272001872658765,0.0003525122307846887,34041.372049100595,12118.733761802623
2396,1195.7328087536,29.0,25.25,5.471517157059822,0.0003524467262866386,71642.03301313864,15524.380704872641
2397,1196.2327303639,8.0,2.75,3.051638903933426,0.0003523813154272489,7804.046013806747,8660.047426843363
2398,1196.7326521084,18.0,12.5,4.401704215414752,0.00035231599812273536,35479.512899228066,12493.62571915154
2399,1197.2325739870998,15.0,10.25,4.02336923485777,0.00035225077428934474,29098.587563587516,11421.888973771018
2400,1197.732496,19.0,14.75,4.47911821679223,0.0003521856438434629,41881.320996025555,12718.060190957352
2401,1198.2324181471001,19.0,13.25,4.520785330006282,0.0003521206067015617,37629.152477378244,12838.741169834046
2402,1198.7323404284,15.0,10.0,4.0311288741492755,0.00035205566278017795,28404.599207495085,11450.260002397106
2403,1199.2322628439001,8.0,4.5,2.9790938219532466,0.00035199081199598526,12784.4246117746,8463.555639592165
2404,1199.7321853936,26.0,21.5,5.208166663999914,0.0003519260542657028,61092.37932059325,14799.036902416348
2405,1200.2321080775,17.0,10.75,4.3084219849035215,0.000351861389506193,30551.80341067457,12244.656883069832
2406,1200.7320308956,22.0,17.75,4.802343178074636,0.0003517968176343482,50455.26028165797,13650.900000653537
2407,1201.2319538479,9.0,2.75,3.25,0.00035173233856720926,7818.445159754704,9239.980643346467
2408,1201.7318769344001,17.0,12.5,4.257346591481601,0.0003516679522218762,35544.89375851182,12106.154582990072
2409,1202.2318001551,18.0,11.75,4.422951503238533,0.00035160365851553927,33418.30983672971,12579.367125791892
2410,1202.7317235100002,13.0,9.25,3.7332961307670196,0.000351539457365506,26312.83574629434,10619.849500664732
2411,1203.2316469991,28.0,23.25,5.402545696243577,0.00035147534868913526,66149.73165746432,15371.051530051673
2412,1203.7315706224,13.0,8.25,3.7666297933298405,0.0003514113324039349,23476.761388323463,10718.578048018762
2413,1204.2314943799,13.0,7.75,3.7831864876053887,0.0003513474084274385,22057.939845600304,10767.651608811299
2414,1204.7314182716,20.0,16.25,4.575751304430782,0.00035128357667730924,46258.92321441297,13025.804814763911
2415,1205.2313422974999,19.0,13.0,4.527692569068709,0.0003512198370712998,37013.85465127051,12891.334973626672
2416,1205.7312664576,20.0,15.5,4.59619407771256,0.0003511561895272346,44139.90259111713,13088.745734200116
2417,1206.2311907519002,21.0,16.0,4.716990566028302,0.00035109263396304754,45572.018471011266,13435.173825164227
2418,1206.7311151804,20.0,17.0,4.55521678957215,0.0003510291702967555,48429.023678084704,12976.747162411684
2419,1207.2310397431002,25.0,19.25,5.141740950300783,0.00035096579844645285,54848.64931343727,14650.26214252402
2420,1207.73096444,18.0,11.5,4.430011286667337,0.00035090251833035324,32772.63456164043,12624.620956686189
2421,1208.2308892711,20.0,15.0,4.609772228646444,0.00035083932986672723,42754.613645220525,13139.268708549725
2422,1208.7308142364,16.0,10.5,4.168333000133266,0.0003507762329739648,29933.612978788467,11883.168265971564
2423,1209.2307393359001,14.0,6.5,3.984344362627307,0.0003507132275705231,18533.660806086787,11360.690300242855
2424,1209.7306645695999,18.0,13.0,4.38748219369606,0.0003506503135749673,37073.97226445276,12512.414858451391
2425,1210.2305899375,14.0,10.25,3.8649062084350767,0.0003505874909059371,29236.639258044954,11024.084739726306
2426,1210.7305154396001,18.0,14.0,4.358898943540673,0.0003505247594821646,39940.11727069553,12435.352498294667
2427,1211.2304410759,10.0,5.5,3.3354160160315836,0.0003504621192224739,15693.564862879206,9517.194107686873
2428,1211.7303668464,20.0,16.0,4.582575694955841,0.0003503995700457888,45662.15648583469,13078.143030703515
2429,1212.2302927511,19.0,15.25,4.465142774872938,0.00035033711187109604,43529.50196612663,12745.274832647061
2430,1212.73021879,15.0,11.5,3.984344362627307,0.00035027474461750115,32831.370736014556,11374.911905162326
2431,1213.2301449631,18.0,15.25,4.322904116447646,0.0003502124682041622,43544.99449491261,12343.661373950674
2432,1213.7300712704,16.0,13.0,4.092676385936225,0.0003501502825503789,37126.91563551598,11688.342377240206
2433,1214.2299977118998,20.0,15.75,4.589389937671455,0.00035008818757548463,44988.66445359299,13109.239616037912
2434,1214.7299242876,13.0,7.0,3.807886552931954,0.00035002618319891104,19998.503929124858,10878.8620272102
2435,1215.2298509975,20.0,15.75,4.589389937671455,0.0003499642693402435,45004.59441100108,13113.881443735452
2436,1215.7297778416,20.0,14.0,4.636809247747852,0.00034990244591906526,40011.15214621361,13251.720020329256
2437,1216.2297048199,20.0,15.75,4.589389937671455,0.00034984071285507464,45020.489100491315,13118.512994720144
2438,1216.7296319324,17.0,13.25,4.235268586524354,0.000349779070068122,37881.05445365689,12108.410562414454
2439,1217.2295591791,20.0,16.0,4.582575694955841,0.0003497175174780184,45751.21119291854,13103.649276716258
2440,1217.72948656,14.0,9.25,3.897114317029974,0.0003496560550047974,26454.568332509178,11145.565081023706
2441,1218.2294140751,12.0,8.0,3.605551275463989,0.0003495946825685206,22883.643255735158,10313.518640997352
2442,1218.7293417244,18.0,14.0,4.358898943540673,0.00034953340008929846,40053.396889748714,12470.62209913864
2443,1219.2292695079,16.0,10.75,4.16082924427331,0.0003494722074873851,30760.672149839105,11906.037605074798
2444,1219.7291974256002,22.0,17.5,4.808846015417836,0.00034941110468312826,50084.269691057154,13762.716613654427
2445,1220.2291254775,27.0,19.5,5.373546315051169,0.00034935009159688704,55817.93298196965,15381.551184053136
2446,1220.7290536636,29.0,22.0,5.545268253204708,0.00034928916814922064,62985.06225249255,15875.866642494053
2447,1221.2289819839,34.0,31.5,5.88430114796991,0.0003492283342606576,90198.86678636156,16849.43794846261
2448,1221.7289104384001,24.0,19.25,5.018714974971182,0.00034916758985191037,55131.11915159236,14373.370040156731
2449,1222.2288390270999,20.0,15.25,4.602988159880493,0.00034910693484372436,43682.89047831883,13185.037879413632
2450,1222.72876775,21.0,15.75,4.723610906922796,0.00034904636915691,45122.94466217398,13532.903718013891
2451,1223.2286966071001,27.0,21.5,5.326818938165629,0.00034898589271245583,61607.07481008338,15263.70850341111
2452,1223.7286255984,18.0,13.25,4.380353866983808,0.00034892550543135994,37973.72159315112,12553.836847118944
2453,1224.2285547239,10.0,7.75,3.2500000000000004,0.0003488652072347083,22214.883683674372,9315.918964121513
2454,1224.7284839836,17.0,10.5,4.315669125408017,0.00034880499804370956,30102.779658805866,12372.727310711329
2455,1225.2284133775001,25.0,20.25,5.11737237261468,0.0003487448777796495,58065.3689566008,14673.68468662652
2456,1225.7283429056,19.0,14.0,4.5,0.0003486848463638598,40150.870179745965,12905.636843489774
2457,1226.2282725679001,19.0,14.75,4.47911821679223,0.00034862490371780384,42309.08303653333,12847.958275573665
2458,1226.7282023644,20.0,11.75,4.697073557013985,0.00034856504976303555,33709.633275017055,13475.457623210328
2459,1227.2281322951,11.0,7.0,3.4641016151377544,0.00034850528442114705,20085.778646446386,9939.882607207765
2460,1227.7280623600002,21.0,15.25,4.736823830374104,0.00034844560761385047,43765.79777954941,13594.1556640986
2461,1228.2279925591,12.0,4.5,3.724916106437835,0.00034838601926294026,12916.70661618507,10691.921892613314
2462,1228.7279228924,13.0,10.25,3.699662146737185,0.0003483265192902985,29426.412955533702,10621.247426911681
2463,1229.2278533598999,16.0,11.5,4.138236339311712,0.0003482671076178677,33020.63200472624,11882.363418173692
2464,1229.7277839616002,19.0,15.75,4.451123453691214,0.0003482077841677157,45231.61375511912,12782.952179918277
2465,1230.2277146975,24.0,21.0,4.9749371855331,0.00034814854886197134,60319.0795097232,14289.696745240457
2466,1230.7276455676001,17.0,13.75,4.220485754033533,0.00034808940162282673,39501.346309011875,12124.7177718058
2467,1231.2275765718998,33.0,27.75,5.8576872569299905,0.0003480303423726157,79734.42720775679,16830.967142107707
2468,1231.7275077104,17.0,11.75,4.2793106921559225,0.0003479713710336906,33767.14574275239,12297.881516642354
2469,1232.2274389831,17.0,11.5,4.286607049870562,0.0003479124875285572,33054.28926018662,12320.934727928414
2470,1232.72737039,23.0,19.25,4.892596447695231,0.00034785369177973703,55339.358054561664,14065.09852651859
2471,1233.2273019311,18.0,13.0,4.38748219369606,0.00034779498370987615,37378.34243993682,12615.13937577666
2472,1233.7272336064,19.0,15.75,4.451123453691214,0.00034773636324172903,45292.93356947943,12800.281834767491
2473,1234.2271654159001,19.0,13.75,4.506939094329987,0.00034767783029806523,39548.10690176042,12962.975207438953
2474,1234.7270973595998,16.0,8.25,4.235268586524354,0.00034761938480178545,23732.853691989003,12183.637540637523
2475,1235.2270294375,17.0,10.25,4.322904116447646,0.0003475610266758633,29491.22373711707,12437.827560220674
2476,1235.7269616495998,15.0,5.25,4.175823272122517,0.00034750275584338026,15107.793856939019,12016.662319663914
2477,1236.2268939959,18.0,8.25,4.520785330006281,0.0003474445722274458,23744.794593018843,13011.52958304631
2478,1236.7268264764,34.0,25.5,6.010407640085654,0.0003473864757513094,73405.27562234519,17301.789389142614
2479,1237.2267590911,45.0,37.25,6.851094803022361,0.00034732846633826167,107247.18417903123,19725.117481013232
2480,1237.72669184,48.0,42.25,7.031180555212616,0.0003472705439117161,121663.06858073424,20246.982298043968
2481,1238.2266247231,44.0,39.25,6.722164829874376,0.00034721270839513737,113043.09736074651,19360.36518059809
2482,1238.7265577404,43.0,38.0,6.652067347825035,0.0003471549597120678,109461.20438987075,19161.66588356478
2483,1239.2264908918999,34.0,30.25,5.9107952087684446,0.0003470972977861842,87151.35552174288,17029.21701340804
2484,1239.7264241776,22.0,16.0,4.847679857416329,0.0003470397225411836,46104.23234216729,13968.659904172928
2485,1240.2263575974998,22.0,16.75,4.828301978956992,0.00034698223390090284,48273.364926181646,13915.12736740274
2486,1240.7262911516,18.0,12.25,4.408798022137099,0.0003469248317892028,35310.24267367319,12708.22269884664
2487,1241.2262248399002,18.0,14.75,4.337337893224368,0.0003468675161300677,42523.43997086505,12504.306951585404
2488,1241.7261586624,10.0,7.25,3.2691742076555053,0.0003468102868475414,20904.800909746707,9426.404958664452
2489,1242.2260926191,9.0,4.5,3.181980515339464,0.00034675314386578673,12977.531940537378,9176.500838218995
2490,1242.72602671,10.0,6.75,3.288236609491477,0.000346696087109014,19469.501534574723,9484.492994746533
2491,1243.2259609351001,18.0,14.75,4.337337893224368,0.0003466391165015077,42551.45855685864,12512.54600750029
2492,1243.7258952943998,16.0,11.0,4.153311931459037,0.0003465822319676821,31738.499511497525,11983.626246155409
2493,1244.2258297879,20.0,16.75,4.562071897723665,0.00034652543343198776,48337.0003584095,13165.186325693056
2494,1244.7257644156002,14.0,10.75,3.848701079585163,0.00034646872081896626,31027.33191784142,11108.365195241253
2495,1245.2256991775,9.0,4.75,3.17214438511238,0.0003464120940532625,13711.992397325668,9157.140987764265
2496,1245.7256340736,10.0,5.25,3.3447720400649135,0.00034635555305957395,15157.834062781687,9657.047535454427
2497,1246.2255691039,11.0,8.25,3.418698582794336,0.00034629909776270445,23823.336685829807,9872.09786245802
2498,1246.7255042684,8.0,4.5,2.9790938219532466,0.00034624272808751635,12996.662846483174,8604.061775992737
2499,1247.2254395671,15.0,12.5,3.9528470752104745,0.0003461864439590011,36107.710796094536,11418.260721031038
2500,1247.725375,22.0,20.5,4.7302219821061255,0.0003461302453021317,59226.260282761104,13666.017478412465
2501,1248.2253105671,12.0,9.0,3.5707142142714248,0.0003460741320420897,26005.988794636105,10317.772649465614
2502,1248.7252462684,23.0,19.75,4.879805323985783,0.0003460181041040449,57077.93830943982,14102.745683267673
2503,1249.2251821039001,7.0,5.0,2.7386127875258306,0.000345962161413276,14452.447572805948,7915.9315467866045
2504,1249.7251180736,16.0,13.25,4.085033659592048,0.0003459063038951491,38305.17065111462,11809.653694054388
2505,1250.2250541775002,11.0,6.5,3.48209706929603,0.00034585183755784257,18794.17511816139,10068.175707505561
2506,1250.7249904156,6.0,2.75,2.6100766272276372,0.0003457990500462666,7952.595588773481,7547.957771655008
2507,1251.2249267879001,14.0,9.25,3.897114317029974,0.0003457463454842488,26753.717344559474,11271.599448351986
2508,1251.7248632944,14.0,10.5,3.856812155135378,0.0003456937238009695,30373.707351555197,11156.731781905037
2509,1252.2247999351,20.0,17.0,4.55521678957215,0.00034564118492565855,49183.95359527658,13179.033599690669
2510,1252.72473671,12.0,8.75,3.579455265819088,0.00034558872878756564,25319.112780957188,10357.55789367595
2511,1253.2246736191,14.0,11.25,3.832427429188973,0.00034553635531609834,32558.079133839463,11091.24226793169
2512,1253.7246106624002,13.0,10.25,3.699662146737185,0.00034548406444068116,29668.517465759705,10708.63327003729
2513,1254.2245478399,18.0,13.5,4.373213921133975,0.0003454318560908384,39081.5142319992,12660.134970249961
2514,1254.7244851516,16.0,12.75,4.100304866714182,0.0003453797301961629,36915.88962895556,11871.874659191379
2515,1255.2244225975,13.0,8.25,3.7666297933298405,0.0003453276866863151,23890.35202814202,10907.40748149548
2516,1255.7243601776001,17.0,14.0,4.2130748865881795,0.00034527572549103257,40547.30456388138,12202.059326923638
2517,1256.2242978918998,11.0,7.5,3.4460121880225554,0.0003452238465401313,21725.034568630665,9981.96452116168
2518,1256.7242357404,16.0,12.0,4.123105625617661,0.0003451720497634939,34765.27142977596,11945.073850686182
2519,1257.2241737231,17.0,14.5,4.198213905936666,0.00034512033509110355,42014.331019272875,12164.493016119834
2520,1257.72411184,10.0,4.5,3.3726843908080104,0.0003450687024529627,13040.881331778874,9773.950424460041
2521,1258.2240500911,11.0,7.25,3.4550687402713134,0.0003450171517792055,21013.448063705695,10014.194142099905
2522,1258.7239884763999,17.0,13.5,4.227883631321941,0.0003449656830000207,39134.32745714358,12255.954257692603
2523,1259.2239269959,9.0,6.75,3.092329219213245,0.0003449142960456424,19570.078936672355,8965.500284175052
2524,1259.7238656496,10.0,4.75,3.363406011768428,0.00034486299084638815,13773.585818362822,9752.8760726505
2525,1260.2238044375001,13.0,7.5,3.791437722025775,0.0003448117673327128,21750.997821263925,10995.673817498731
2526,1260.7237433596,11.0,8.25,3.418698582794336,0.00034476062543503986,23929.646808099533,9916.151470256833
2527,1261.2236824159,13.0,9.0,3.7416573867739413,0.0003447095650839493,26108.93607726891,10854.521503813541
2528,1261.7236216064002,8.0,5.0,2.9580398915498085,0.0003446585862100409,14507.109934446587,8582.521979438307
2529,1262.2235609310999,12.0,8.5,3.588175023601831,0.00034460768874404506,24665.729400812397,10412.347549990165
2530,1262.72350039,11.0,8.0,3.427827300200522,0.00034455687261667275,23218.227920533107,9948.509441035172
2531,1263.2234399831,10.0,6.5,3.29772648956823,0.0003445061377588209,18867.5883753063,9572.330150694952
2532,1263.7233797104,9.0,6.5,3.1024184114977142,0.00034445548410137977,18870.362935162117,9006.732523337076
2533,1264.2233195719,13.0,10.0,3.708099243547831,0.00034440491157531586,29035.59056187606,10766.685139845717
2534,1264.7232595676,27.0,22.75,5.297405025104273,0.00034435442011172655,66065.65407994098,15383.58364439033
2535,1265.2231996975,19.0,13.75,4.506939094329987,0.0003443040096417156,39935.63715481651,13089.998861819615
2536,1265.7231399616,11.0,6.5,3.48209706929603,0.00034425368009649815,18881.424878821854,10114.91603610442
2537,1266.2230803599002,11.0,6.5,3.48209706929603,0.00034420343140734004,18884.181291928253,10116.39266656589
2538,1266.7230208924,11.0,6.5,3.48209706929603,0.00034415326350558637,18886.934076376965,10117.86735312916
2539,1267.2229615591,15.0,10.5,4.0155946010522525,0.00034410317632266866,30514.103683117573,11669.74000055958
2540,1267.72290236,12.0,8.25,3.5968736424845393,0.00034405316979007163,23978.851888020217,10454.412161583097
2541,1268.2228432951001,11.0,7.5,3.4460121880225554,0.00034400324383934656,21802.119992515494,10017.382829191816
2542,1268.7227843644,11.0,7.25,3.4550687402713134,0.0003439533984021564,21078.43688615971,10045.165293676167
2543,1269.2227255679,20.0,15.5,4.59619407771256,0.0003439036334101948,45070.76545339143,13364.773242248357
2544,1269.7226669056,12.0,8.75,3.579455265819088,0.00034385394879522525,25446.850416165707,10409.812882360571
2545,1270.2226083775,19.0,15.5,4.4581386250317525,0.00034380434448911265,45083.78165794482,12967.08054011496
2546,1270.7225499836002,8.0,3.75,3.010398644698074,0.00034375482042378163,10908.937932497915,8757.400524556568
2547,1271.2224917239,6.0,2.0,2.6457513110645903,0.00034370537653119455,5818.93719610895,7697.730357803882
2548,1271.7224335984001,16.0,11.75,4.130677910464576,0.00034365601274344694,34191.16664422178,12019.803982153206
2549,1272.2223756071,15.0,12.5,3.9528470752104745,0.0003436067289926806,36378.79862436067,11503.986219357994
2550,1272.72231775,14.0,12.0,3.8078865529319543,0.0003435575252110596,34928.64839047834,11083.694209849236
2551,1273.2222600271,15.0,11.5,3.984344362627307,0.00034350840133089643,33478.074933376156,11598.972098470595
2552,1273.7222024384,10.0,7.25,3.2691742076555053,0.00034345935728451903,21108.756673046926,9518.372809820834
2553,1274.2221449838999,14.0,9.25,3.897114317029974,0.0003434103930043679,26935.701971845527,11348.271329052075
2554,1274.7220876636,12.0,10.25,3.5266839949164708,0.00034336150842290635,29851.919183018716,10271.05225368703
2555,1275.2220304775,7.0,5.0,2.7386127875258306,0.00034331270347271283,14563.98190169916,7977.021414657616
2556,1275.7219734256,11.0,7.0,3.4641016151377544,0.0003432639780864011,20392.46890694155,10091.654925311808
2557,1276.2219165079,7.0,4.25,2.7726341266023544,0.00034321533219667816,12382.896687041226,8078.409868395704
2558,1276.7218597244,13.0,10.75,3.6827299656640586,0.0003431667657363399,31325.877309049745,10731.60437830263
2559,1277.2218030751,8.0,5.0,2.9580398915498085,0.0003431182786381765,14572.23444884607,8621.050161740603
2560,1277.72174656,19.0,14.0,4.5,0.00034306987083515013,40808.013731777675,13116.861556642823
2561,1278.2216901791,14.0,8.75,3.913118960624632,0.00034302154226020787,25508.60200308487,11407.793617977015
2562,1278.7216339324,12.0,8.0,3.605551275463989,0.00034297329284641037,23325.4313582444,10512.629848058228
2563,1279.2215778199,16.0,12.0,4.123105625617661,0.0003429251225268802,34993.061784382335,12023.34082506443
2564,1279.7215218416002,15.0,11.5,3.984344362627307,0.0003428770312348122,33539.721102299394,11620.330321568585
2565,1280.2214659975,16.0,13.5,4.077376607575022,0.0003428290189034626,39378.23012526682,11893.324026701406
2566,1280.7214102876,29.0,25.75,5.460082416960389,0.00034278108546615955,75120.83102538084,15928.773927345024
2567,1281.2213547119,21.0,16.0,4.716990566028302,0.00034273323085631883,46683.538564451446,13762.863187333493
2568,1281.7212992704,11.0,8.25,3.418698582794336,0.0003426854550073795,24074.55548360622,9976.199844025234
2569,1282.2212439630998,18.0,15.75,4.3084219849035215,0.0003426377578529163,45966.91298324741,12574.27672858224
2570,1282.72118879,12.0,9.25,3.5619517121937516,0.0003425901393265171,27000.193345273066,10397.122693595431
2571,1283.2211337511,10.0,7.5,3.2596012026013246,0.0003425425993618359,21895.08695844738,9515.900237442089
2572,1283.7210788464,8.0,5.5,2.936835031117683,0.00034249513789269304,16058.62212771967,8574.822548394312
2573,1284.2210240759,11.0,7.5,3.4460121880225554,0.0003424477548528171,21901.151033165555,10062.884452268172
2574,1284.7209694396,7.0,3.5,2.806243040080456,0.0003424004501761456,10221.949177343222,8195.792495707303
2575,1285.2209149375,6.0,3.0,2.5980762113533156,0.0003423532237966102,8762.879363981921,7588.876139506768
2576,1285.7208605695998,7.0,3.5,2.806243040080456,0.00034230607564823975,10224.767390914401,8198.052093484326
2577,1286.2208063359,10.0,6.5,3.29772648956823,0.00034225900566513316,18991.46521321812,9635.178139898915
2578,1286.7207522364,8.0,5.75,2.9261749776799064,0.00034221201378144213,16802.44926664763,8550.76636657398
2579,1287.2206982711,16.0,13.25,4.085033659592048,0.0003421650999314018,38723.996113736895,11938.779438379386
2580,1287.7206444400001,17.0,14.5,4.198213905936666,0.0003421182640492924,42383.00472000185,12271.235847647664
2581,1288.2205907431,15.0,10.25,4.02336923485777,0.0003420715060694968,29964.495195099833,11761.778351805673
2582,1288.7205371804,10.0,8.0,3.24037034920393,0.0003420248259264214,23390.114967037545,9474.07937545744
2583,1289.2204837519,10.0,6.25,3.3071891388307386,0.00034197822355460977,18276.01750496242,9670.759454958747
2584,1289.7204304576,15.0,12.0,3.968626966596886,0.00034193169888859686,35094.7280962964,11606.49035902894
2585,1290.2203772975,10.0,7.25,3.2691742076555053,0.00034188525186302604,21205.94544658704,9562.197227990628
2586,1290.7203242716,19.0,14.25,4.493050188902857,0.00034183888241261473,41686.30525418,13143.765733119692
2587,1291.2202713799,24.0,21.5,4.962358310319802,0.0003417925904721062,62903.64565920753,14518.624594715377
2588,1291.7202186224,22.0,17.75,4.802343178074636,0.0003417463759763781,51939.10235123283,14052.36021700075
2589,1292.2201659991001,16.0,11.75,4.130677910464576,0.00034170023886034623,34386.86504636087,12088.601179330151
2590,1292.72011351,12.0,9.75,3.544361719689456,0.0003416541790589463,28537.62839036666,10374.120783337294
2591,1293.2200611551,18.0,15.75,4.3084219849035215,0.000341608196507232,46105.45110168797,12612.173914311537
2592,1293.7200089343999,13.0,11.0,3.674234614174767,0.0003415622911403207,32204.960223436898,10757.14360009758
2593,1294.2199568479,13.0,10.0,3.708099243547831,0.0003415164628934319,29281.165292229085,10857.746687031367
2594,1294.7199048956,12.0,7.75,3.6142080737002398,0.00034147071170174086,22695.94355948534,10584.240316507983
2595,1295.2198530775,14.0,12.0,3.8078865529319543,0.00034142503750060746,35146.80729874314,11152.921240947888
2596,1295.7198013936,19.0,16.75,4.422951503238534,0.00034137944022538886,49065.637898231806,12956.115635781609
2597,1296.2197498439,3.0,-0.75,1.9843134832984428,0.0003413339198115399,-2197.261849669368,5813.408419514938
2598,1296.7196984284,3.0,-0.75,1.9843134832984428,0.00034128847619458645,-2197.5544218855653,5814.182492839523
2599,1297.2196471471,14.0,9.5,3.8890872965260113,0.000341243109310092,27839.389985651633,11396.822940655919
2600,1297.7195960000001,8.0,4.25,2.98956518577535,0.0003411978190937153,12456.117132544367,8761.970383386944
2601,1298.2195449870999,11.0,8.0,3.427827300200522,0.0003411526054811599,23449.916170849232,10047.782854731337
2602,1298.7194941084,11.0,8.75,3.400367627183861,0.0003411074684082212,25651.73973126972,9968.610898646353
2603,1299.2194433639,14.0,11.75,3.816084380618437,0.0003410624078107196,34451.17295518811,11188.815575172566
2604,1299.7193927536,7.0,4.75,2.75,0.0003410174236246062,13928.907061443362,8064.1040882040525
2605,1300.2193422775001,7.0,3.25,2.8173569173961615,0.0003409725157858628,9531.560021808507,8262.70971108274
2606,1300.7192919356,14.0,12.0,3.8078865529319543,0.00034092768423048427,35198.08028229059,11169.191382996141
2607,1301.2192417279,10.0,7.25,3.2691742076555053,0.0003408829288946238,21268.298836522765,9590.31365476825
2608,1301.7191916544,10.0,8.25,3.2307119958300214,0.000340838249714469,24205.02982547084,9478.724874736012
2609,1302.2191417151,10.0,7.25,3.2691742076555053,0.0003407936466262261,21273.87077714984,9592.826157469577
2610,1302.7190919099999,13.0,8.75,3.7499999999999996,0.0003407491195662537,25678.716385644806,11005.164165276345
2611,1303.2190422391,9.0,8.0,3.0413812651491097,0.00034070466847089387,23480.746641672253,8926.737865961859
2612,1303.7189927023999,15.0,11.0,4.0,0.00034066029327660174,32290.232284478385,11741.90264890123
2613,1304.2189432999,8.0,5.5,2.936835031117683,0.0003406159939198774,16147.215921087243,8622.128976740036
2614,1304.7188940316,13.0,9.5,3.724916106437835,0.000340571770337296,27894.267309916428,10937.242692630534
2615,1305.2188448975,8.0,3.75,3.010398644698074,0.00034052762246552734,11012.322503674792,8840.39486401085
2616,1305.7187958976,11.0,5.25,3.526683994916471,0.00034048355024122117,15419.247115699278,10357.868955542592
2617,1306.2187470319,17.0,12.5,4.257346591481601,0.0003404395536011918,36717.23766458446,12505.44052959508
2618,1306.7186983004,10.0,6.0,3.3166247903554003,0.00034039563248226557,17626.548132378277,9743.441084039745
2619,1307.2186497031,12.0,10.0,3.5355339059327373,0.0003403517868213219,29381.36477376511,10387.881136022432
2620,1307.71860124,10.0,6.0,3.3166247903554003,0.0003403080165553499,17631.086275113124,9745.949636822506
2621,1308.2185529111,8.0,4.5,2.9790938219532466,0.0003402643216213798,13225.012774061152,8755.234188990742
2622,1308.7185047164,16.0,12.0,4.123105625617661,0.0003402207019565009,35271.222271283965,12118.91458076182
2623,1309.2184566559001,13.0,10.5,3.69120576505835,0.00034017715749787373,30866.270025980888,10850.833701499849
2624,1309.7184087296,9.0,7.25,3.072051431861127,0.00034013368818271926,21315.14828400447,9031.89404223561
2625,1310.2183609375002,12.0,9.0,3.5707142142714248,0.00034009029394834226,26463.560296040225,10499.312323255528
2626,1310.7183132796,9.0,7.0,3.082207001484488,0.000340046974732107,20585.391196362452,9064.062410532213
2627,1311.2182657559001,16.0,13.0,4.092676385936225,0.00034000373047138533,38234.874605571655,12037.151416727365
2628,1311.7182183664,9.0,6.25,3.112474899497183,0.00033996056110370456,18384.48548181283,9155.39993637005
2629,1312.2181711111,9.0,5.0,3.1622776601683795,0.0003399174665666121,14709.453004881621,9303.07492612676
2630,1312.7181239899999,11.0,6.5,3.48209706929603,0.0003398744467977083,19124.709319111505,10245.245272494869
2631,1313.2180770031,9.0,5.25,3.152380053229623,0.00033983150173466463,15448.83265148009,9276.303218325398
2632,1313.7180301504002,9.0,7.25,3.072051431861127,0.00033978863131522497,21336.793911960256,9041.065970836315
2633,1314.2179834319,12.0,9.5,3.553167600887974,0.0003397458354772293,27962.079319252513,10458.310977960808
2634,1314.7179368476002,5.0,2.5,2.3717082451262845,0.00033970311415849414,7359.367329301501,6981.70886952695
2635,1315.2178903975,9.0,7.0,3.082207001484488,0.0003396604672969966,20608.81578508591,9074.376615013689
2636,1315.7178440816,13.0,10.75,3.6827299656640586,0.0003396178948307023,31653.22017368613,10843.745343571722
2637,1316.2177978999,11.0,7.25,3.4550687402713134,0.0003395753966976801,21350.192241561566,10174.673353462413
2638,1316.7177518524,4.0,1.0,2.179449471770337,0.0003395329728360699,2945.2220550102816,6418.9626520385045
2639,1317.2177059391,14.0,11.25,3.832427429188973,0.0003394906231840579,33137.88137795108,11288.757825606239
2640,1317.71766016,9.0,7.5,3.0618621784789726,0.0003394483476798886,22094.672285966633,9020.11218910517
2641,1318.2176145151002,11.0,8.25,3.418698582794336,0.00033940614626187105,24307.161466765716,10072.588904022428
2642,1318.7175690044,9.0,5.75,3.132491021535417,0.00033936401886841756,16943.457998797043,9230.474792172901
2643,1319.2175236279002,6.0,3.75,2.5617376914898995,0.00033932196543790953,11051.450781149591,7549.578136457707
2644,1319.7174783855999,9.0,6.0,3.122498999199199,0.00033927998590892086,17684.509105145655,9203.310330357737
2645,1320.2174332775,11.0,7.25,3.4550687402713134,0.00033923808021996176,21371.421496369465,10184.790392726693
2646,1320.7173883035998,12.0,10.25,3.5266839949164708,0.0003391962483097033,30218.49460622935,10397.178661293536
2647,1321.2173434639,7.0,3.5,2.806243040080456,0.0003391544901168427,10319.780813735382,8274.232309628784
2648,1321.7172987584001,5.0,2.25,2.3848480035423645,0.00033911280558009756,6634.960293378115,7032.609692998071
2649,1322.2172541871,4.0,0.5,2.207940216581962,0.0003390711946383253,1474.6165640326112,6511.730431531025
2650,1322.7172097500002,12.0,9.75,3.544361719689456,0.00033902965723040413,28758.5460211639,10454.429705778548
2651,1323.2171654471,6.0,4.0,2.5495097567963922,0.00033898819329526985,11799.820994107216,7520.939688231812
2652,1323.7171212784,6.0,4.25,2.537222891273055,0.00033894680277192924,12538.84080110277,7485.607978961533
2653,1324.2170772439,10.0,7.75,3.2500000000000004,0.00033890548559947846,22867.732536967607,9589.694289696094
2654,1324.7170333436,8.0,6.0,2.9154759474226504,0.00033886424171702733,17706.205793795063,8603.66951865418
2655,1325.2169895774998,8.0,5.75,2.9261749776799064,0.00033882307106376867,16970.50906819097,8636.29199892702
2656,1325.7169459456,14.0,11.5,3.824264635194589,0.00033878197357899154,33945.135505619284,11288.276630524175
2657,1326.2169024479,7.0,4.0,2.783882181415011,0.0003387409492019852,11808.433581541602,8218.321959519077
2658,1326.7168590844,8.0,7.0,2.8722813232690148,0.00033869999787214166,20667.257289568926,8480.31101657489
2659,1327.2168158551,8.0,6.0,2.9154759474226504,0.0003386591195289163,17716.930252302544,8608.88066879213
2660,1327.71677276,5.0,3.5,2.318404623873926,0.0003386183141117974,10336.121391368242,6846.660464762952
2661,1328.2167297991,13.0,7.25,3.7996710383926655,0.00033857758156037457,21413.112960957198,11222.453125459268
2662,1328.7166869723999,8.0,3.25,3.0310889132455356,0.00033853692181427635,9600.134551300056,8953.49581664954
2663,1329.2166442799,4.0,-10.25,2.75,0.00033849633481318253,-30280.977800415523,8124.164775721238
2664,1329.7166017216,10.0,-15.5,4.046603514059662,0.0003384558204968489,-45796.22822631975,11956.076004600242
2665,1330.2165592975,12.0,-22.5,4.541475531146237,0.00033841537880510204,-66486.34018774322,13419.826094137803
2666,1330.7165170076,19.0,-15.5,5.25594901040716,0.0003383750096778255,-45807.165294972285,15532.911296881728
2667,1331.2164748518999,22.0,0.5,5.232112384114087,0.00033833471305492205,1477.8264857464824,15464.308515291943
2668,1331.7164328304,29.0,17.75,5.640257086339239,0.00033829448887644686,52469.07822516352,16672.62480412205
2669,1332.2163909431,30.0,26.25,5.562148865321747,0.0003382543370824115,77604.32645570044,16443.688241509815
2670,1332.71634919,29.0,25.0,5.477225575051661,0.0003382142576129789,73917.64077730777,16194.543700518065
2671,1333.2163075710998,27.0,23.75,5.273755777432247,0.00033817425040831307,70230.06621977914,15594.788104253033
2672,1333.7162660864,19.0,16.5,4.430011286667338,0.0003381343154086406,48797.17688534361,13101.336021792407
2673,1334.2162247359,9.0,4.75,3.17214438511238,0.0003380944525543284,14049.328417291088,9382.420684949417
2674,1334.7161835196,14.0,12.0,3.8078865529319543,0.00033805466178567293,35497.21792509406,11264.114900288401
2675,1335.2161424375001,8.0,5.0,2.9580398915498085,0.0003380149430431295,14792.245440350303,8751.210419630392
2676,1335.7161014896,6.0,3.25,2.58602010819715,0.0003379752962672103,9616.08743566418,7651.506298710627
2677,1336.2160606759,8.0,4.5,2.9790938219532466,0.0003379357213984465,13316.141843123562,8815.56353268945
2678,1336.7160199963998,8.0,5.0,2.9580398915498085,0.000337896218377451,14797.44290720262,8754.285282487224
2679,1337.2159794511,11.0,9.0,3.391164991562634,0.0003378567871448943,26638.505847568584,10037.285384201232
2680,1337.71593904,6.0,4.25,2.537222891273055,0.0003378174276415031,12580.760056317056,7510.633506941487
2681,1338.2158987631,3.0,1.25,1.8540496217739155,0.00033777813980807403,3700.653928375151,5488.956812976082
2682,1338.7158586203998,6.0,3.25,2.58602010819715,0.0003377389235854534,9622.817428023505,7656.861343501158
2683,1339.2158186119,5.0,1.0,2.4494897427831783,0.0003376997789145766,2961.2101115794826,7253.453794539773
2684,1339.7157787376002,6.0,4.75,2.5124689052802225,0.0003376607057363909,14067.375680095533,7440.809257923211
2685,1340.2157389975,7.0,4.25,2.7726341266023544,0.00033762170399194457,12588.053284931593,8212.25085300946
2686,1340.7156993916,18.0,15.5,4.315669125408017,0.0003375827736223171,45914.66511659503,12784.032428847591
2687,1341.2156599199,7.0,4.5,2.7613402542968153,0.00033754391456867637,13331.598662503613,8180.684453533514
2688,1341.7156205824,2.0,0.25,1.5612494995995998,0.0003375051267722464,740.7294887366372,4625.854174514969
2689,1342.2155813790998,6.0,2.75,2.6100766272276372,0.00033746641017425705,8148.959176648089,7734.330139345944
2690,1342.71554231,10.0,8.0,3.24037034920393,0.0003374277647160832,23708.778104645065,9603.152698268403
2691,1343.2155033751,12.0,10.75,3.5089172119045497,0.00033738919033909947,31862.313043270613,10400.206385918427
2692,1343.7154645744,6.0,3.0,2.5980762113533156,0.00033735068698476176,8892.82315330074,7701.410762120877
2693,1344.2154259079,8.0,2.5,3.061862178478973,0.0003373122545945629,7411.530313373611,9077.233740467627
2694,1344.7153873756,5.0,2.5,2.3717082451262845,0.00033727389311011643,7412.373299773238,7031.994748410445
2695,1345.2153489775,11.0,9.75,3.3634060117684275,0.00033723560247302104,28911.538190218227,9973.460652148971
2696,1345.7153107136,5.0,3.25,2.331844763272204,0.000337197382624983,9638.271728860114,6915.370294749842
2697,1346.2152725839,9.0,6.75,3.092329219213245,0.0003371592335077264,20020.213979532953,9171.71743167574
2698,1346.7152345883999,9.0,7.0,3.082207001484488,0.00033712115506309546,20764.048458157078,9142.727933842132
2699,1347.2151967271,7.0,4.75,2.75,0.00033708314723292584,14091.478731559755,8158.224528797753
2700,1347.715159,5.0,2.75,2.3584952830141512,0.00033704520995917343,8159.142805599017,6997.563571070593
2701,1348.2151214071,9.0,6.0,3.122498999199199,0.00033700734318379264,17803.76636104276,9265.373774055397
2702,1348.7150839484,3.0,0.5,1.903943276465977,0.0003369695468488449,1483.8136106830034,5650.193895177217
2703,1349.2150466239,10.0,8.25,3.2307119958300214,0.000336931820896441,24485.665907274786,9588.622372426526
2704,1349.7150094336,4.0,2.25,2.1065374432940898,0.000336894165268728,6678.655292843254,6252.816642323808
2705,1350.2149723774999,6.0,3.5,2.5739075352467498,0.0003368565799079472,10390.17851738697,7640.959650988921
2706,1350.7149354556,11.0,9.75,3.3634060117684275,0.0003368190647563392,28947.29253836424,9985.794640815757
2707,1351.2148986679,9.0,6.75,3.092329219213245,0.00033678161975629416,20042.661487537574,9182.001147957399
2708,1351.7148620144,11.0,9.0,3.391164991562634,0.000336744244850164,26726.51466992285,10070.446766125282
2709,1352.2148254951,6.0,3.25,2.58602010819715,0.00033670693998041863,9652.310701374334,7680.329096714018
2710,1352.71478911,4.0,1.75,2.1360009363293826,0.0003366697050895843,5197.972890178352,6344.4999773918325
2711,1353.2147528591001,4.0,2.25,2.1065374432940898,0.0003366325401202298,6683.845831411314,6257.676226254689
2712,1353.7147167424,4.0,3.25,2.0463381929681126,0.00033659544501496685,9655.507964035245,6079.518375173263
2713,1354.2146807599001,5.0,3.5,2.318404623873926,0.0003365584197165005,10399.383271849862,6888.565217969678
2714,1354.7146449115999,5.0,2.75,2.3584952830141512,0.0003365214641675789,8171.841302314589,7008.454241836064
2715,1355.2146091975,6.0,4.25,2.537222891273055,0.00033648457831098,12630.593714972987,7540.383883293891
2716,1355.7145736175999,11.0,8.5,3.409545424246464,0.0003364477620895812,25263.951667292782,10133.951859482579
2717,1356.2145381719,9.0,8.0,3.0413812651491097,0.0003364110154463159,23780.43414953703,9040.670862439254
2718,1356.7145028604,6.0,4.5,2.5248762345905194,0.00033637433832415316,13377.952736880583,7506.1499850722175
2719,1357.2144676830999,5.0,2.25,2.3848480035423645,0.0003363377306661239,6689.704409742636,7090.634758161456
2720,1357.71443264,5.0,2.25,2.3848480035423645,0.00033630119241531405,6690.431228746194,7091.405137205711
2721,1358.2143977311,5.0,2.0,2.39791576165636,0.0003362647235148903,5947.694956207432,7131.035740506918
2722,1358.7143629564,10.0,9.0,3.2015621187164247,0.00033622832390805554,26767.52480395175,9521.988158237134
2723,1359.2143283158998,3.0,0.75,1.8874586088176872,0.000336191993538067,2230.868118264921,5614.22831327472
2724,1359.7142938096001,8.0,6.5,2.893959225697557,0.0003361557323482633,19336.275941490967,8608.983715617152
2725,1360.2142594375002,6.0,4.75,2.5124689052802225,0.0003361195402819995,14131.876998328684,7474.926638220131
2726,1360.7142251996,11.0,8.75,3.400367627183861,0.0003360834172827487,26035.2030181798,10117.629886877501
2727,1361.2141910959,6.0,3.75,2.5617376914898995,0.00033604736329395115,11159.14126878525,7623.144744775359
2728,1361.7141571263999,5.0,3.25,2.331844763272204,0.0003360113782592154,9672.29150642867,6939.779168648588
2729,1362.2141232911001,4.0,2.25,2.1065374432940898,0.0003359754621221284,6696.917643295379,6269.914564559346
2730,1362.71408959,6.0,3.25,2.58602010819715,0.0003359396148263648,9674.357701695315,7697.871861684938
2731,1363.2140560231,7.0,5.75,2.704163456597992,0.00033590383631560246,17117.994432780215,8050.4095644125455
2732,1363.7140225904,6.0,4.0,2.5495097567963922,0.0003358681265336688,11909.436126857436,7590.805900841618
2733,1364.2139892919,3.0,-1.0,1.9999999999999998,0.00033583248542438357,-2977.675011803351,5955.350023606701
2734,1364.7139561276,9.0,7.5,3.0618621784789726,0.0003357969129316457,22334.92837835197,9118.196328095013
2735,1365.2139230975,7.0,5.5,2.715695122800054,0.0003357614089994028,16380.679412772484,8088.169307166816
2736,1365.7138902016002,8.0,6.75,2.883140648667699,0.0003357259735716442,20105.683001495698,8587.779545309546
2737,1366.2138574399,8.0,5.0,2.9580398915498085,0.0003356906065924522,14894.667595123652,8811.804183550003
2738,1366.7138248124002,7.0,4.25,2.7726341266023544,0.0003356553080059248,12661.798871135328,8260.361330419995
2739,1367.2137923190999,8.0,6.5,2.893959225697557,0.00033562007775626,19367.136922960093,8622.72378054587
2740,1367.71375996,5.0,3.25,2.331844763272204,0.00033558491578768347,9684.583087924599,6948.598264015854
2741,1368.2137277350998,9.0,7.5,3.0618621784789726,0.00033554982204447035,22351.375286993974,9124.910750431525
2742,1368.7136956444,5.0,3.25,2.331844763272204,0.000335514796470962,9686.607071236214,6950.05045321159
2743,1369.2136636879002,11.0,9.0,3.391164991562634,0.00033547983901157323,26827.24549563624,10108.401749428665
2744,1369.7136318656,3.0,2.0,1.8027756377319946,0.000335444949610767,5962.230173149713,5374.281651352457
2745,1370.2136001775,5.0,4.5,2.2638462845343543,0.00033541012821301585,13416.4106014774,6749.486953764875
2746,1370.7135686236,4.0,1.5,2.1505813167606567,0.0003353753747629232,4472.600294700676,6412.460420747654
2747,1371.2135372039002,4.0,2.0,2.1213203435596424,0.0003353406892051082,5964.0838835895565,6325.866236477362
2748,1371.7135059184,7.0,4.0,2.783882181415011,0.0003353060714842185,11929.39925690628,8302.510506571716
2749,1372.2134747671,10.0,8.75,3.2113081446662823,0.0003352715215450264,26098.250038289905,9578.231189656855
2750,1372.71344375,6.0,2.75,2.6100766272276372,0.00033523703933231296,8203.150837619665,7785.764462143238
2751,1373.2134128671,11.0,9.25,3.3819373146171707,0.00033520262479090775,27595.24930859343,10089.232793826573
2752,1373.7133821184002,5.0,3.25,2.331844763272204,0.0003351682778657257,9696.621711026026,6957.235864088491
2753,1374.2133515039,7.0,3.0,2.8284271247461903,0.0003351339985017102,8951.643263327971,8439.690205682778
2754,1374.7133210236,4.0,-1.0,2.29128784747792,0.00033509978664389065,-2984.1857257363654,6837.628487996811
2755,1375.2132906775,11.0,2.5,3.6228441865473595,0.00033506564223731824,7461.224562765869,10812.341612696278
2756,1375.7132604656001,11.0,5.75,3.5089172119045497,0.0003350315652271301,17162.561969651622,10473.392886206788
2757,1376.2132303879,24.0,17.75,5.055937104039171,0.00033499755555847885,52985.461253317924,15092.459691565067
2758,1376.7132004444,31.0,27.5,5.645794895318107,0.00033496361317662175,82098.46955973581,16854.949831046742
2759,1377.2131706351,41.0,36.0,6.5,0.0003349297380268381,107485.23022197362,19407.055456745235
2760,1377.71314096,21.0,18.75,4.643543905251677,0.00033489593005444837,55987.54215063638,13865.63253992581
2761,1378.2131114191002,28.0,26.25,5.332682251925386,0.000334862189204896,78390.45686922302,15925.005640641068
2762,1378.7130820124,21.0,18.0,4.663689526544408,0.0003348285154236026,53758.86213642111,13928.591239142881
2763,1379.2130527399001,7.0,5.25,2.727178028658929,0.00033479490865604935,15681.242050767187,8145.816911035191
2764,1379.7130236015998,10.0,8.0,3.24037034920393,0.0003347613688478409,23897.620049571015,9679.64242814641
2765,1380.2129945975,2.0,0.25,1.5612494995995998,0.0003347278959445844,746.8753068653368,4664.2347964272185
2766,1380.7129657276,6.0,4.25,2.537222891273055,0.00033469448989192837,12698.147499746141,7580.713061910027
2767,1381.2129369919,6.0,4.0,2.5495097567963922,0.00033466115063562516,11952.388236288441,7618.182606358951
2768,1381.7129083904001,4.0,1.25,2.165063509461097,0.0003346278781214299,3735.4927121355963,6470.063168722117
2769,1382.2128799231,6.0,3.5,2.5739075352467498,0.00033459467229517663,10460.417603159949,7692.613625886039
2770,1382.7128515900001,7.0,5.75,2.704163456597992,0.0003345615331027776,17186.673992893244,8082.70882644261
2771,1383.2128233911,2.0,-1.25,1.6770509831248424,0.00033452846049013567,-3736.602853367267,5013.178791029333
2772,1383.7127953264,7.0,2.75,2.839454172900137,0.0003344954544033018,8221.337431642105,8488.76759167137
2773,1384.2127673958998,4.0,2.0,2.1213203435596424,0.0003344625147882533,5979.743354098115,6342.47561315695
2774,1384.7127395996001,11.0,9.0,3.391164991562634,0.00033442964159116,26911.49013340897,10140.144801244414
2775,1385.2127119375,12.0,10.0,3.5355339059327373,0.00033439683475815056,29904.589280076194,10572.868934270206
2776,1385.7126844096001,9.0,6.5,3.1024184114977142,0.00033436409423544407,19439.88637554783,9278.563293680485
2777,1386.2126570159,13.0,8.25,3.7666297933298405,0.0003343314199692879,24676.113303254162,11266.15558201454
2778,1386.7126297564,5.0,3.25,2.331844763272204,0.00033429881190601406,9721.841311580001,6975.330692852677
2779,1387.2126026311,4.0,2.25,2.1065374432940898,0.0003342662699920009,6731.160760114513,6301.974301339168
2780,1387.71257564,8.0,6.75,2.883140648667699,0.00033423379417365487,20195.444379549972,8626.119497568614
2781,1388.2125487831001,7.0,5.5,2.715695122800054,0.0003342013843974797,16457.143078314184,8125.92421690918
2782,1388.7125220604,10.0,7.0,3.2787192621510006,0.0003341690406100066,20947.482110317273,9811.559012665819
2783,1389.2124954719,6.0,4.75,2.5124689052802225,0.00033413676275780696,14215.73597827352,7519.2830760180095
2784,1389.7124690176,9.0,7.25,3.072051431861127,0.00033410455078751157,21699.794219836756,9194.880538502252
2785,1390.2124426975,9.0,6.75,3.092329219213245,0.00033407240464584866,20205.20074729219,9256.464096432732
2786,1390.7124165116002,7.0,6.0,2.6925824035672523,0.0003340403242795416,17961.903290989805,8060.650789315978
2787,1391.2123904599,7.0,4.75,2.75,0.0003340083096354048,14221.203074812667,8233.328095944176
2788,1391.7123645424,5.0,2.25,2.3848480035423645,0.00033397636066028667,6737.00376742727,7140.76888204725
2789,1392.2123387591,6.0,4.25,2.537222891273055,0.0003339444773010503,12726.666523574913,7597.7387372265275
2790,1392.71231311,3.0,2.25,1.7853571071357124,0.0003339126595047315,6738.2889984981775,5346.778734845823
2791,1393.2122875951,4.0,1.5,2.1505813167606567,0.0003338809072182859,4492.6198760425805,6441.162912483168
2792,1393.7122622144,8.0,5.75,2.9261749776799064,0.0003338492203887788,17223.344099183247,8764.959745217544
2793,1394.2122369678998,2.0,0.5,1.5411035007422442,0.0003338175989633784,1497.823966000225,4616.603514997158
2794,1394.7122118556,6.0,4.5,2.5248762345905194,0.000333786042889192,13481.69013014687,7564.3553359380885
2795,1395.2121868775,5.0,4.0,2.2912878474779204,0.0003337545521134738,11984.85526165957,6865.188303705596
2796,1395.7121620336,12.0,9.5,3.553167600887974,0.0003337231265835058,28466.711603886597,10647.052355237009
2797,1396.2121373239002,11.0,8.75,3.400367627183861,0.0003336917662465712,26221.803727498806,10190.145431012117
2798,1396.7121127484,7.0,5.0,2.7386127875258306,0.0003336604710501263,14985.293236155752,8207.783136272095
2799,1397.2120883071,11.0,9.5,3.3726843908080104,0.0003336292409415338,28474.72233905543,10109.079112160465
2800,1397.7120639999998,3.0,0.0,1.9364916731037083,0.00033359807586832296,0.0,5804.864635574444
2801,1398.2120398271,12.0,9.25,3.5619517121937516,0.0003335669757779995,27730.562890482895,10678.370374902925
2802,1398.7120157883999,6.0,3.0,2.5980762113533156,0.0003335359406181528,8994.532926316739,7789.4940093658815
2803,1399.2119918839,6.0,3.25,2.58602010819715,0.0003335049703364562,9744.982201378409,7754.06766978089
2804,1399.7119681136,9.0,7.25,3.072051431861127,0.0003334740648805846,21740.821141806602,9212.264926692915
2805,1400.2119444774999,9.0,6.25,3.112474899497183,0.0003334432241982778,18743.82067600065,9334.347419956537
2806,1400.7119209756002,11.0,7.5,3.4460121880225554,0.00033341244823733413,22494.661011160715,10335.58346798608
2807,1401.2118976079,14.0,11.0,3.840572873934304,0.000333381736945629,32995.208738125875,11520.045786313305
2808,1401.7118743744,11.0,9.0,3.391164991562634,0.00033335109027103345,26998.561764662256,10172.953053207126
2809,1402.2118512751,12.0,9.75,3.544361719689456,0.0003333205081614894,29251.125452131655,10633.494288243011
2810,1402.71182831,6.0,4.5,2.5248762345905194,0.000333289990565041,13501.755610394885,7575.6137479856125
2811,1403.2118054791001,4.0,2.5,2.091650066335189,0.000333259537429715,7501.6607755067,6276.33970348507
2812,1403.7117827824,10.0,8.0,3.24037034920393,0.00033322914870364135,24007.50363862926,9724.150368627465
2813,1404.2117602199,3.0,0.5,1.903943276465977,0.00033319882433496313,1500.6055348423213,5714.135637381338
2814,1404.7117377916,10.0,5.5,3.3354160160315836,0.0003331685642718881,16508.16010213865,10011.19665452488
2815,1405.2117154975,8.0,2.5,3.061862178478973,0.0003331383684626948,7504.389276853749,9190.962279752666
2816,1405.7116933375999,5.0,1.25,2.4366985862022412,0.00033310823685567026,3752.5340465885934,7315.035524798561
2817,1406.2116713119,8.0,3.25,3.0310889132455356,0.00033307816939922143,9757.469262732164,9100.232893415863
2818,1406.7116494204,11.0,5.0,3.5355339059327378,0.00033304816604172547,15012.843515774179,10615.68345489641
2819,1407.2116276631,17.0,14.75,4.190763653560053,0.00033301822673164954,44291.86998189665,12584.187041921357
2820,1407.71160604,20.0,16.75,4.562071897723665,0.00033298835141755623,50302.059902978595,13700.394858566628
2821,1408.2115845511,18.0,15.75,4.3084219849035215,0.0003329585400479716,47303.186750310684,12939.815222287969
2822,1408.7115631964,21.0,19.5,4.623310502226732,0.00033292879257152357,58571.08317181905,13886.784818208536
2823,1409.2115419759,13.0,10.75,3.6827299656640586,0.00033289910893689195,32292.066008617312,11062.600850524348
2824,1409.7115208896,3.0,1.25,1.8540496217739155,0.0003328694890928017,3755.2255191869167,5569.899562819407
2825,1410.2114999374999,8.0,6.25,2.904737509655563,0.00033283993298801034,18777.79491148119,8727.130436479803
2826,1410.7114791196,8.0,6.5,2.893959225697557,0.00033281044057135843,19530.637286621793,8695.518147595669
2827,1411.2114584358999,4.0,1.75,2.1360009363293826,0.0003327810117917066,5258.713502245601,6418.63826553404
2828,1411.7114378864,8.0,6.0,2.9154759474226504,0.0003327516465979728,18031.465993763028,8761.717566930929
2829,1412.2114174711,3.0,1.0,1.8708286933869707,0.0003327223449391776,3005.5089933403847,5622.792462973782
2830,1412.71139719,4.0,3.0,2.0615528128088303,0.0003326931067642912,9017.319382350357,6196.560045559988
2831,1413.2113770431001,5.0,4.0,2.2912878474779204,0.0003326639320224052,12024.146939171622,6887.695439503193
2832,1413.7113570304,5.0,2.75,2.3584952830141512,0.00033263482066266825,8267.32449273202,7090.343934274847
2833,1414.2113371519001,5.0,2.5,2.3717082451262845,0.00033260577263423006,7516.405924647842,7130.688762081337
2834,1414.7113174075998,3.0,2.0,1.8027756377319946,0.0003325767878863297,6013.648795849135,5420.629771516583
2835,1415.2112977975,7.0,5.5,2.715695122800054,0.00033254786636825685,16538.972449486144,8166.328512217087
2836,1415.7112783215998,11.0,9.25,3.3819373146171707,0.000332519008029315,27817.95860278916,10170.65861786469
2837,1416.2112589799,6.0,4.0,2.5495097567963922,0.0003324902128189029,12030.429305233944,7667.924223035795
2838,1416.7112397724002,9.0,7.25,3.072051431861127,0.00033246148068643883,21807.03757027973,9240.322895507205
2839,1417.2112206991,5.0,3.5,2.318404623873926,0.0003324328115813921,10528.443276553848,6974.054735587654
2840,1417.71120176,6.0,4.5,2.5248762345905194,0.0003324042054532768,13537.7348606756,7595.801115534982
2841,1418.2111829551,7.0,5.75,2.704163456597992,0.0003323756622517081,17299.70227376493,8135.864817172231
2842,1418.7111642844,3.0,1.25,1.8540496217739155,0.0003323471819262962,3761.1271224114344,5578.653055000428
2843,1419.2111457479,9.0,6.75,3.092329219213245,0.0003323187644267271,20311.82323286564,9305.310293108869
2844,1419.7111273456,3.0,1.0,1.8708286933869707,0.00033229040970269354,3009.415772470589,5630.101377469293
2845,1420.2111090775002,3.0,1.75,1.8200274723201295,0.0003322621177040209,5266.926040478981,5477.685764771445
2846,1420.7110909436,6.0,4.0,2.5495097567963922,0.0003322338883804791,12039.710998473287,7673.840164904119
2847,1421.2110729439,5.0,2.5,2.3717082451262845,0.00033220572168198855,7525.4573802710765,7139.2757268541445
2848,1421.7110550784,6.0,2.5,2.622022120425379,0.00033217761755844586,7526.094076944034,7893.4340600598725
2849,1422.2110373471,6.0,2.5,2.622022120425379,0.0003321495759598298,7526.7294645059255,7894.100460156801
2850,1422.7110197499999,6.0,4.75,2.5124689052802225,0.0003321215968361815,14301.990732457338,7564.906736611573
2851,1423.2110022871,1.0,-0.25,1.14564392373896,0.0003320936801375689,-752.7996314065301,3449.76129405528
2852,1423.7109849583999,7.0,6.25,2.6809513236909024,0.00033206582581406593,18821.569442377884,8073.553841677316
2853,1424.2109677639,4.0,2.25,2.1065374432940898,0.0003320380338159102,6776.332139249607,6344.26550201175
2854,1424.7109507036,4.0,2.25,2.1065374432940898,0.00033201030409329025,6776.898103041349,6344.795379309017
2855,1425.2109337775,3.0,1.0,1.8708286933869707,0.0003319826365964628,3012.2057293482403,5635.320908849315
2856,1425.7109169856,8.0,6.75,2.883140648667699,0.0003319550312757613,20334.079510886062,8685.334991270609
2857,1426.2109003279,5.0,4.25,2.277608394786075,0.0003319274880815632,12804.001333434802,6861.764923266636
2858,1426.7108838044,6.0,5.0,2.5,0.00033190000696423945,15064.778231651935,7532.389115825968
2859,1427.2108674151,1.0,-0.5,1.1726039399558574,0.00033187258787429344,-1506.6022873494746,3533.2955561850013
2860,1427.71085116,5.0,3.0,2.345207879911715,0.0003318452307622231,9040.358944165717,7067.17367769593
2861,1428.2108350391,7.0,5.75,2.704163456597992,0.000331817935578607,17328.779982834403,8149.539752523056
2862,1428.7108190524,4.0,2.5,2.091650066335189,0.00033179070227403736,7534.870576135566,6304.1250161604075
2863,1429.2108031999,6.0,4.0,2.5495097567963922,0.0003317635307991749,12056.780292772155,7684.719747993268
2864,1429.7107874816,6.0,4.5,2.5248762345905194,0.0003317364211047185,13564.986277402128,7611.091438746478
2865,1430.2107718975,2.0,0.0,1.5811388300841898,0.00033170937314144273,0.0,4766.638986140387
2866,1430.7107564476,4.0,2.0,2.1213203435596424,0.0003316823868601213,6029.864952833476,6395.6375966814785
2867,1431.2107411319,4.0,1.0,2.179449471770337,0.00033165546221164817,3015.177236435332,6571.426435242929
2868,1431.7107259503998,5.0,3.0,2.345207879911715,0.00033162859914689165,9046.264428693556,7071.790207312391
2869,1432.2107109031,6.0,2.0,2.6457513110645903,0.0003316017976168017,6031.330391975726,7978.700146016743
2870,1432.71069599,7.0,4.5,2.7613402542968153,0.0003315750575723722,13571.587781501914,8327.949256840899
2871,1433.2106812111,10.0,8.5,3.2210246816812815,0.00033154837896468464,25637.28414701551,9715.097059860376
2872,1433.7106665664,3.0,1.0,1.8708286933869707,0.00033152176174477033,3016.3932368635064,5643.155018062649
2873,1434.2106520559,4.0,2.5,2.091650066335189,0.00033149520586383006,7541.587195764567,6309.744543317427
2874,1434.7106376796,5.0,2.75,2.3584952830141512,0.0003314687112730013,8296.409001738537,7115.28781692963
2875,1435.2106234374999,5.0,3.25,2.331844763272204,0.00033144227792354696,9805.628963091034,7035.447553284332
2876,1435.7106093296,4.0,2.75,2.0766559657295187,0.0003314159057667612,8297.730893867698,6266.01176827945
2877,1436.2105953558998,2.0,-0.75,1.6393596310755003,0.0003313895947539501,-2263.197191079157,4946.9254829581805
2878,1436.7105815164,8.0,7.0,2.8722813232690148,0.0003313633448365082,21124.847117455734,8668.071976054483
2879,1437.2105678111,7.0,5.0,2.7386127875258306,0.00033133715596584735,15090.369160153521,8265.335590096372
2880,1437.71055424,2.0,0.25,1.5612494995995998,0.00033131102809346173,754.5779608926143,4712.337855409922
2881,1438.2105408031,8.0,7.75,2.8394541729001372,0.00033128496117086316,23393.75736408049,8571.03251190344
2882,1438.7105275004,2.0,0.0,1.5811388300841898,0.00033125895514962586,0.0,4773.120259858356
2883,1439.2105143319,5.0,2.5,2.3717082451262845,0.0003312330099813682,7547.556930212434,7160.241200777943
2884,1439.7105012975999,4.0,2.25,2.1065374432940898,0.0003312071256177327,6793.3321054114895,6360.181531013856
2885,1440.2104883975,3.0,2.25,1.7853571071357124,0.00033118130201044915,6793.86181025706,5390.87531904015
2886,1440.7104756315998,4.0,1.5,2.1505813167606567,0.00033115553911129084,4529.593568102443,6494.172866720235
2887,1441.2104629999,6.0,4.0,2.5495097567963922,0.000331129836872018,12079.853744940548,7699.4262458498415
2888,1441.7104505024001,1.0,-0.75,1.1989578808281798,0.0003311041952445162,-2265.1479829367145,3621.0893671787053
2889,1442.2104381391,10.0,8.5,3.2210246816812815,0.00033107861418070716,25673.660683382543,9728.881732974764
2890,1442.7104259100001,5.0,2.75,2.3584952830141512,0.00033105309363248126,8306.824654092838,7124.2206412740425
2891,1443.2104138150999,2.0,0.75,1.520690632574555,0.00033102763355187244,2265.6718774581523,4593.848000717623
2892,1443.7104018544,7.0,3.75,2.7950849718747373,0.00033100223389093245,11329.228675948003,8444.308484019892
2893,1444.2103900278998,1.0,-2.0,1.3228756555322954,0.0003309768946017065,-6042.7178833941725,3996.8821905958953
2894,1444.7103783356001,3.0,1.25,1.8540496217739155,0.0003309516156363454,3776.9871514194956,5602.177279627404
2895,1445.2103667775,3.0,0.5,1.903943276465977,0.00033092639694705584,1510.9099927135576,5753.373843944472
2896,1445.7103553536,5.0,3.75,2.304886114323222,0.00033090123848604356,11332.68650536696,6965.480470452925
2897,1446.2103440639,4.0,3.25,2.0463381929681126,0.00033087614020556354,9822.406650358262,6184.604884766799
2898,1446.7103329084,7.0,5.25,2.727178028658929,0.00033085110205798994,15868.165369084387,8242.91656184637
2899,1447.2103218871,5.0,3.5,2.318404623873926,0.00033082612399561943,10579.575632444143,7007.92487568069
2900,1447.710311,8.0,4.75,2.9685855217594797,0.0003308012059709243,14359.07703558221,8973.925935507026
2901,1448.2103002471001,4.0,2.0,2.1213203435596424,0.00033077634793635087,6046.381527813612,6413.156069937123
2902,1448.7102896284,5.0,3.25,2.331844763272204,0.0003307515498443943,9826.106639648395,7050.140095697951
2903,1449.2102791439,6.0,4.5,2.5248762345905194,0.00033072681164761803,13606.396099493284,7634.325811119052
2904,1449.7102687935999,2.0,0.0,1.5811388300841898,0.00033070213329860907,0.0,4781.157031897623
2905,1450.2102585775,5.0,4.0,2.2912878474779204,0.0003306775147500297,12096.377351280553,6929.070605874072
2906,1450.7102484956001,7.0,4.5,2.7613402542968153,0.00033065295595454005,13609.435267285753,8351.173653733975
2907,1451.2102385479,6.0,4.75,2.5124689052802225,0.0003306284568649124,14366.579468205748,7599.0703556008875
2908,1451.7102287344,8.0,5.75,2.9261749776799064,0.0003306040174339186,17392.408128099396,8850.996428876708
2909,1452.2102190551,6.0,4.5,2.5248762345905194,0.0003305796376143971,13612.453666154119,7637.724612474916
2910,1452.7102095100001,6.0,4.75,2.5124689052802225,0.00033055531735919254,14369.75825392181,7600.751745131025
2911,1453.2102000991,11.0,8.75,3.400367627183861,0.00033053105662126075,26472.550233082013,10287.588893893788
2912,1453.7101908224001,5.0,3.25,2.331844763272204,0.00033050685535354374,9833.381508905373,7055.359746707298
2913,1454.2101816799,6.0,3.5,2.5739075352467498,0.0003304827135090766,10590.569058323452,7788.327286219945
2914,1454.7101726716,8.0,5.75,2.9261749776799064,0.0003304586310408866,17400.059976913028,8854.890454708264
2915,1455.2101637975002,6.0,3.0,2.5980762113533156,0.00033043460790212534,9078.952168619697,7862.6032177684765
2916,1455.7101550575999,8.0,4.5,2.9790938219532466,0.00033041064404589935,13619.415963412115,9016.337323380547
2917,1456.2101464519,6.0,2.25,2.6339134382131846,0.00033038673942541354,6810.200687573143,7972.2129368566975
2918,1456.7101379803998,1.0,-9.25,1.8874586088176875,0.0003303628939939225,-27999.512560784646,5713.2887595191305
2919,1457.2101296431001,7.0,-21.5,3.758324094593227,0.0003303391077047034,-65084.63423961074,11377.169723279832
2920,1457.71012144,27.0,-38.25,6.5812232905440915,0.00033031538051107683,-115798.42252824591,19924.059486304774
2921,1458.2101133711,49.0,-58.5,8.710625695092173,0.00033029171236643654,-177116.16068373574,26372.522739620897
2922,1458.7101054364,110.0,-2.0,11.74734012447073,0.0003302681032242003,-6055.68621515446,35569.10282824414
2923,1459.2100976359,264.0,165.0,16.99264546796643,0.00033024455303784056,499629.73948307254,51454.733504777454
2924,1459.7100899696002,441.0,382.75,21.343910138491495,0.0003302210617608596,1159072.0408899325,64635.21746516697
2925,1460.2100824375,578.0,555.75,24.15703831184609,0.00033019762934680856,1683082.9497455065,73159.33297169075
2926,1460.7100750396,612.0,605.25,24.772716847370614,0.0003301742557493117,1833122.9326963108,75029.21992252347
2927,1461.2100677759,516.0,514.0,22.726636354727024,0.0003301509409219984,1556863.653226534,68837.10914546941
2928,1461.7100606464,315.0,314.25,17.753520777580995,0.00033012768481855906,951904.4129022819,53777.73992913826
2929,1462.2100536511,151.0,150.5,12.293290853144248,0.000330104487392751,455916.249999166,37240.60508913338
2930,1462.71004679,58.0,57.0,7.6321687612368745,0.00033008134859833664,172684.70406475806,23122.084279061066
2931,1463.2100400631002,15.0,14.0,3.9051248379533274,0.00033005826838917025,42416.75286102108,11831.622510207233
2932,1463.7100334704,4.0,3.0,2.0615528128088303,0.0003300352467190857,9089.938210610255,6246.462562114012
2933,1464.2100270119001,0.0,-1.75,0.6614378277661477,0.00033001228354202826,-5302.832916451521,2004.2824487225828
2934,1464.7100206876,3.0,2.0,1.8027756377319946,0.0003299893788119346,6060.801130026149,5463.132311174842
2935,1465.2100144975,4.0,2.5,2.091650066335189,0.0003299665324828279,7576.525962159829,6338.976412536755
2936,1465.7100084416,4.0,3.5,2.03100960115899,0.0003299437445087603,10607.868942055582,6155.623905471756
2937,1466.2100025199,3.0,1.75,1.8200274723201295,0.00032992101484381357,5304.299881680649,5516.555146333254
2938,1466.7099967324,3.0,2.25,1.7853571071357124,0.0003298983434421431,6820.282807496425,5411.840170239669
2939,1467.2099910791,7.0,6.25,2.6809513236909024,0.0003298757302579147,18946.52872799527,8127.155403626661
2940,1467.7099855600002,7.0,6.25,2.6809513236909024,0.00032985317524536104,18947.824271665544,8127.711129949495
2941,1468.2099801750999,3.0,2.25,1.7853571071357124,0.00032983067835876297,6821.68199512549,5412.950414496453
2942,1468.7099749244,4.0,3.5,2.03100960115899,0.0003298082395524373,10612.22728925644,6158.1530040460775
2943,1469.2099698079,1.0,0.0,1.118033988749895,0.00032978585878072354,0.0,3390.1817163521314
2944,1469.7099648256,2.0,1.0,1.5000000000000002,0.0003297635359980408,3032.475973953473,4548.71396093021
2945,1470.2099599775,2.0,0.5,1.5411035007422442,0.0003297412711588374,1516.3403666238323,4673.674894641532
2946,1470.7099552636,3.0,1.75,1.8200274723201295,0.0003297190642176284,5307.548728346889,5519.933997868061
2947,1471.2099506839,9.0,7.25,3.072051431861127,0.00032969691512889577,21989.89334542483,9317.804598384251
2948,1471.7099462384,5.0,3.0,2.345207879911715,0.0003296748238472691,9099.875947427008,7113.700259374967
2949,1472.2099419271,3.0,1.75,1.8200274723201295,0.0003296527903273517,5308.615765885724,5521.043733659304
2950,1472.7099377499999,3.0,2.25,1.7853571071357124,0.0003296308145238124,6825.818160387614,5416.232428739573
2951,1473.2099337071002,6.0,4.25,2.537222891273055,0.0003296088963913691,12894.06944572776,7697.6772139682225
2952,1473.7099297984,3.0,1.25,1.8540496217739155,0.0003295870358847557,3792.624902992478,5625.371813538829
2953,1474.2099260239002,4.0,0.75,2.1937410968480306,0.0003295652329588038,2275.725486170294,6656.470032208318
2954,1474.7099223835999,6.0,5.5,2.4748737341529163,0.0003295434875683434,16689.754789523387,7510.006501462593
2955,1475.2099188775,5.0,4.0,2.2912878474779204,0.00032952179966824557,12138.802361564854,6953.3725834974575
2956,1475.7099155055998,4.0,2.5,2.091650066335189,0.00032950016921346056,7587.2495178611625,6347.948382934372
2957,1476.2099122679,6.0,5.0,2.5,0.000329478596158943,15175.492606469532,7587.746303234766
2958,1476.7099091644002,4.0,2.25,2.1065374432940898,0.000329457080459738,6829.417649365001,6393.966219680392
2959,1477.2099061951,3.0,1.5,1.8371173070873834,0.00032943562207085185,4553.241663943052,5576.559376120758
2960,1477.70990336,1.0,-0.5,1.1726039399558574,0.0003294142209474509,-1517.8458251192544,3559.663989560774
2961,1478.2099006591,4.0,3.0,2.0615528128088303,0.00032939287704464846,9107.665068280627,6258.644179878217
2962,1478.7098980924,2.0,1.5,1.4577379737113252,0.00032937159031764374,4554.126840610054,4425.8157551035065
2963,1479.2098956599,5.0,3.25,2.331844763272204,0.00032935036072164554,9867.910856022341,7080.134232016193
2964,1479.7098933616,5.0,3.0,2.345207879911715,0.00032932918821196685,9109.42639578337,7121.166188288977
2965,1480.2098911975002,3.0,0.75,1.8874586088176872,0.0003293080727438991,2277.502624672279,5731.589247390095
2966,1480.7098891676,3.0,2.25,1.7853571071357124,0.0003292870142728003,6832.9448246506645,5421.887380158332
2967,1481.2098872719,4.0,2.5,2.091650066335189,0.0003292660127541133,7592.645165800731,6352.46270588266
2968,1481.7098855104,3.0,1.75,1.8200274723201295,0.0003292450681432411,5315.189715275086,5527.88074422518
2969,1482.2098838831,3.0,2.25,1.7853571071357124,0.0003292241803957025,6834.248922104296,5422.922171117105
2970,1482.7098823899998,7.0,6.0,2.6925824035672523,0.00032920334946702647,18225.816990361363,8179.0856864806765
2971,1483.2098810311,3.0,1.0,1.8708286933869707,0.00032918257531275205,3037.8278651289884,5683.255535653796
2972,1483.7098798063998,1.0,0.25,1.0897247358851685,0.0003291618578885592,759.5047664503091,3310.604524094359
2973,1484.2098787159,1.0,0.75,1.0307764064044151,0.0003291411971500756,2278.6573254700447,3131.7149458334784
2974,1484.7098777596002,5.0,4.0,2.2912878474779204,0.0003291205930530128,12153.599879287114,6961.848926629921
2975,1485.2098769375,5.0,4.0,2.2912878474779204,0.0003291000455530994,12154.358694412915,6962.283592598978
2976,1485.7098762496,3.0,1.75,1.8200274723201295,0.0003290795546061297,5317.863037995625,5530.661041821612
2977,1486.2098756958999,7.0,6.25,2.6809513236909024,0.00032905912016795754,18993.547411206506,8147.324171785598
2978,1486.7098752764,5.0,4.0,2.2912878474779204,0.0003290387421944406,12156.623178544303,6963.5807388417425
2979,1487.2098749911,7.0,5.0,2.7386127875258306,0.000329018420641496,15196.7175280076,8323.584990123909
2980,1487.70987484,2.0,1.25,1.4790199457749043,0.0003289981554650754,3799.4133986343672,4495.526559059717
2981,1488.2098748230999,5.0,4.5,2.2638462845343543,0.00032897794662119684,13678.72845647476,6881.453020743274
2982,1488.7098749404,3.0,1.75,1.8200274723201295,0.0003289577940658814,5319.831393475121,5532.708162420456
2983,1489.2098751919002,3.0,1.0,1.8708286933869707,0.00032893769775522855,3040.089375052801,5687.486433309645
2984,1489.7098755776,1.0,0.0,1.118033988749895,0.00032891765764537237,0.0,3399.130337828565
2985,1490.2098760975,8.0,7.0,2.8722813232690148,0.00032889767369245033,21283.215297368282,8733.054542534901
2986,1490.7098767516,3.0,1.75,1.8200274723201295,0.00032887774585271573,5321.126230242767,5534.054812985762
2987,1491.2098775399002,5.0,4.0,2.2912878474779204,0.0003288578740823872,12163.309183826625,6967.410629504632
2988,1491.7098784624,5.0,4.25,2.277608394786075,0.00032883805833776206,12924.294777445328,6926.231125129248
2989,1492.2098795191,5.0,3.5,2.318404623873926,0.0003288182985752034,10644.17648034123,7050.716562672343
2990,1492.7098807099999,8.0,4.5,2.9790938219532466,0.0003287985947510706,13686.189879877362,9060.543048271487
2991,1493.2098820351,4.0,1.5,2.1505813167606567,0.0003287789468217771,4562.335923574548,6541.116265350267
2992,1493.7098834944002,5.0,3.5,2.318404623873926,0.00032875935474380137,10646.084893090001,7051.980697798345
2993,1494.2098850879,5.0,4.0,2.2912878474779204,0.000328739818473644,12167.67721833092,6969.912735598896
2994,1494.7098868156002,7.0,5.75,2.704163456597992,0.0003287203379678268,17492.072548802185,8226.334498544655
2995,1495.2098886775,5.0,4.0,2.2912878474779204,0.00032870091318296346,12169.11739388292,6970.737699784028
2996,1495.7098906736,5.0,4.0,2.2912878474779204,0.0003286815440756879,12169.834516412307,6971.148483318213
2997,1496.2098928039,3.0,1.75,1.8200274723201295,0.0003286622306026511,5324.615477693055,5537.683685109902
2998,1496.7098950684,7.0,5.5,2.715695122800054,0.00032864297272057436,16735.486398719757,8263.359780125433
2999,1497.2098974670998,8.0,6.5,2.893959225697557,0.00032862377038617673,19779.45780477667,8806.299137450615
3000,1497.7099,6.0,5.25,2.48746859276655,0.00032860462355631094,15976.646777461852,7569.791824125955
3001,1498.2099026671,5.0,4.0,2.2912878474779204,0.0003285855321877706,12173.390512258451,6973.185435835201
3002,1498.7099054684,2.0,-0.5,1.620185174601965,0.00032856649623744526,-1521.7619742904792,4931.072380036902
3003,1499.2099084039,6.0,5.0,2.5,0.0003285475156622469,15218.49888263984,7609.24944131992
3004,1499.7099114736,3.0,1.75,1.8200274723201295,0.0003285285904191271,5326.781446227866,5539.936326388495
3005,1500.2099146775001,6.0,4.75,2.5124689052802225,0.00032851022690875303,14459.21499825745,7648.069069028057
3006,1500.7099180156,4.0,2.75,2.0766559657295187,0.00032849261815114393,8371.573204529934,6321.773613719444
3007,1501.2099214879,8.0,6.25,2.904737509655563,0.00032847506408209656,19027.31952413265,8843.09899679196
3008,1501.7099250944002,6.0,5.0,2.5,0.0003284575646596505,15222.666602856374,7611.333301428187
3009,1502.2099288351,5.0,3.0,2.345207879911715,0.00032844011984187746,9134.085085111723,7140.442772462694
3010,1502.70993271,6.0,4.0,2.5495097567963922,0.00032842272958688833,12179.424989955667,7762.890711015443
3011,1503.2099367191,4.0,2.5,2.091650066335189,0.0003284053938528577,7612.542445390306,6369.10996435203
3012,1503.7099408624001,7.0,6.25,2.6809513236909024,0.00032838811259797433,19032.357628765618,8163.971900447653
3013,1504.2099451399,2.0,1.75,1.4361406616345074,0.0003283708857804592,5329.3397063526745,4373.532258260789
3014,1504.7099495516,1.0,-1.25,1.25,0.00032835371335857266,-3806.870302194391,3806.870302194391
3015,1505.2099540974998,0.0,-2.0,0.7071067811865476,0.0003283365952906693,-6091.3100418472795,2153.603318449962
3016,1505.7099587776,2.0,0.25,1.5612494995995998,0.000328319531535062,761.4533281986666,4755.274510474472
3017,1506.2099635919,2.0,-0.25,1.6007810593582124,0.000328302522050165,-761.4927793999697,4875.932872406052
3018,1506.7099685404,4.0,1.25,2.165063509461097,0.00032828556679439917,3807.660544463894,6595.061520986839
3019,1507.2099736231,9.0,5.25,3.152380053229623,0.00032826866572622517,15992.997651437376,9603.04891195036
3020,1507.7099788399998,15.0,11.25,3.9921798556678283,0.0003282518188041725,34272.46813432431,12161.94283465485
3021,1508.2099841911001,15.0,12.5,3.9528470752104745,0.00032823502598676685,38082.468385028325,12042.733901804368
3022,1508.7099896764,17.0,15.25,4.175823272122517,0.00032821828723260914,46462.98086734054,12722.701429378614
3023,1509.2099952959,24.0,21.75,4.956056900399752,0.00032820160250032044,66270.2431502563,15100.648085333201
3024,1509.7100010496,16.0,15.5,4.0155946010522525,0.00032818497174856044,47229.46305986051,12235.766249920816
3025,1510.2100069375,9.0,8.0,3.0413812651491097,0.00032816839493604014,24377.72839629848,9267.745803924456
3026,1510.7100129596001,3.0,1.0,1.8708286933869707,0.0003281518720214841,3047.3694812093895,5701.106264798293
3027,1511.2100191159,7.0,4.75,2.75,0.000328135402963705,14475.731533684577,8380.686677396334
3028,1511.7100254064,6.0,5.25,2.48746859276655,0.0003281189877215046,16000.29317552329,7580.995571270695
3029,1512.2100318311,2.0,-0.5,1.620185174601965,0.00032810262625372914,-1523.9134343695828,4938.043907484725
3030,1512.7100383900001,8.0,7.5,2.8504385627478452,0.00032808631851927617,22859.8377215152,8688.075063941968
3031,1513.2100450830999,5.0,4.5,2.2638462845343543,0.00032807006447709366,13716.582179396612,6900.496356297145
3032,1513.7100519104001,7.0,5.0,2.7386127875258306,0.0003280538640861625,15241.399499829586,8348.05831400462
3033,1514.2100588719,8.0,6.5,2.893959225697557,0.0003280377173054763,19814.794632127774,8822.031958607477
3034,1514.7100659676,4.0,3.0,2.0615528128088303,0.00032802162409409905,9145.738511249474,6284.807651026799
3035,1515.2100731975002,8.0,6.5,2.893959225697557,0.0003280055844111263,19816.735778049493,8822.896204322644
3036,1515.7100805616,4.0,2.25,2.1065374432940898,0.0003279895982156423,6859.973646239535,6422.573931473006
3037,1516.2100880599,4.0,3.5,2.03100960115899,0.00032797366546688213,10671.588510064143,6192.599635302353
3038,1516.7100956924,5.0,4.0,2.2912878474779204,0.00032795778612398186,12196.691675701919,6986.53285399273
3039,1517.2101034591,4.0,3.5,2.03100960115899,0.00032794196014622804,10672.620235725139,6193.198333794709
3040,1517.71011136,6.0,4.0,2.5495097567963922,0.00032792618749290193,12197.866936401904,7774.645191615193
3041,1518.2101193951,2.0,0.75,1.520690632574555,0.00032791046812329804,2287.2096895607233,4637.517799531664
3042,1518.7101275644,1.0,-0.75,1.1989578808281798,0.0003278948019967743,-2287.318967646758,3656.5321363038097
3043,1519.2101358679,1.0,-0.5,1.1726039399558574,0.00032787918907275793,-1524.9519233410317,3576.329267105913
3044,1519.7101443056001,4.0,2.0,2.1213203435596424,0.0003278636293106458,6100.097178223542,6470.130120928185
3045,1520.2101528775,4.0,3.5,2.03100960115899,0.000327848122669923,10675.674978696752,6194.9709658816855
3046,1520.7101615836,3.0,2.0,1.8027756377319946,0.0003278326691101061,6100.673265507528,5499.0725684099325
3047,1521.2101704238999,2.0,1.25,1.4790199457749043,0.000327817268590738,3813.0999180539106,4511.72066722751
3048,1521.7101793984,8.0,6.75,2.883140648667699,0.00032780192107139934,20591.703605451923,8795.374472621577
3049,1522.2101885071,1.0,0.25,1.0897247358851685,0.0003277866265117151,762.691274688307,3324.4941914865512
3050,1522.71019775,3.0,2.25,1.7853571071357124,0.0003277713848713362,6864.54066416816,5446.9584275532125
3051,1523.2102071271001,3.0,1.25,1.8540496217739155,0.00032775619610998254,3813.810432375617,5656.79503173074
3052,1523.7102166384,1.0,0.75,1.0307764064044151,0.00032774106018736864,2288.3919383528787,3145.0938915469524
3053,1524.2102262839,3.0,2.5,1.7677669529663687,0.0003277259770632905,7628.324194505948,5394.039767024563
3054,1524.7102360636,3.0,1.0,1.8708286933869707,0.00032771094669753215,3051.4696261366316,5708.776933575222
3055,1525.2102459775,5.0,3.0,2.345207879911715,0.0003276959690499661,9154.82728914059,7156.657699241106
3056,1525.7102560255998,3.0,1.5,1.8371173070873834,0.00032768104408045236,4577.622133161049,5606.4192307576195
3057,1526.2102662079,3.0,1.75,1.8200274723201295,0.0003276661717489329,5340.801556228085,5554.517460882981
3058,1526.7102765244,5.0,3.25,2.331844763272204,0.0003276513520153875,9919.080083171364,7116.847676437158
3059,1527.2102869751,4.0,1.75,2.1360009363293826,0.0003276365848397962,5341.283852215997,6519.421319733932
3060,1527.71029756,1.0,0.0,1.118033988749895,0.0003276218701821714,0.0,3412.5743441004765
3061,1528.2103082791,4.0,3.0,2.0615528128088303,0.00032760720800261263,9157.307674305124,6292.757797906539
3062,1528.7103191324002,5.0,3.5,2.318404623873926,0.00032759259826121984,10684.00207628967,7077.097090042455
3063,1529.2103301199,5.0,2.5,2.3717082451262845,0.00032757804091816905,7631.769190000483,7240.131965129956
3064,1529.7103412416,2.0,1.25,1.4790199457749043,0.0003275635359336109,3816.0535678591045,4515.215472807282
3065,1530.2103524975,1.0,0.75,1.0307764064044151,0.00032754908326778406,2289.733167675655,3146.9372349356127
3066,1530.7103638876001,7.0,6.25,2.6809513236909024,0.0003275346828809337,19081.9486505251,8185.244078916337
3067,1531.2103754118998,1.0,0.0,1.118033988749895,0.00032752033473336183,0.0,3413.632285336114
3068,1531.7103870704,0.0,-1.0,0.5,0.0003275060387854014,-3053.378813131598,1526.689406565799
3069,1532.2103988631002,0.0,-1.25,0.5590169943749475,0.0003274917949974295,-3816.8895193536414,1706.9648855762484
3070,1532.71041079,3.0,1.25,1.8540496217739155,0.000327477603329874,3817.054929221687,5661.607398250983
3071,1533.2104228511,1.0,-0.25,1.14564392373896,0.0003274634637431499,-763.443949264797,3498.5396863619576
3072,1533.7104350463999,4.0,3.75,2.0155644370746373,0.0003274493761977164,11452.151912898198,6155.3466996303705
3073,1534.2104473759,5.0,4.25,2.277608394786075,0.00032743534065412627,12979.661851740446,6955.902775296143
3074,1534.7104598396,4.0,2.75,2.0766559657295187,0.0003274213570729329,8398.963416999824,6342.457267584243
3075,1535.2104724375001,7.0,6.25,2.6809513236909024,0.00032740742541472037,19089.36546592751,8188.425538287641
3076,1535.7104851696,3.0,2.25,1.7853571071357124,0.0003273935456401051,6872.46291187843,5453.244668110554
3077,1536.2104980359,4.0,2.75,2.0766559657295187,0.00032737971770978986,8400.031679536649,6343.263963500629
3078,1536.7105110364,3.0,2.5,1.7677669529663687,0.0003273659415844163,7636.713788551937,5399.972105865884
3079,1537.2105241711,6.0,5.0,2.5,0.0003273522172247688,15274.067921057842,7637.033960528921
3080,1537.71053744,4.0,2.75,2.0766559657295187,0.0003273385445916075,8401.088247737343,6344.061828466874
3081,1538.2105508431,6.0,4.0,2.5495097567963922,0.00032732492364574185,12220.273224073617,7788.926453873347
3082,1538.7105643804,3.0,2.25,1.7853571071357124,0.00032731135434803214,6874.188658935313,5454.614034676388
3083,1539.2105780519,3.0,2.0,1.8027756377319946,0.00032729783665932526,6110.642283534986,5508.058519825938
3084,1539.7105918576,5.0,3.25,2.331844763272204,0.00032728437054058135,9930.202272207249,7124.827743593912
3085,1540.2106057975002,5.0,4.5,2.2638462845343543,0.0003272709559527287,13750.074420444396,6917.345530843092
3086,1540.7106198716,1.0,0.0,1.118033988749895,0.0003272575928567704,0.0,3416.3729525420686
3087,1541.2106340799,1.0,-1.0,1.224744871391589,0.00032724428121374746,-3055.8211629887155,3742.60129726031
3088,1541.7106484224,7.0,6.0,2.6925824035672523,0.00032723102098470067,18335.669955571,8228.383713331204
3089,1542.2106628991,1.0,-0.5,1.1726039399558574,0.00032721781213075775,-1528.0341762085914,3583.557790818794
3090,1542.7106775099999,5.0,4.5,2.2638462845343543,0.00032720465461302806,13752.860592163554,6918.747189619645
3091,1543.2106922551,2.0,0.75,1.520690632574555,0.0003271915483926889,2292.2352477756076,4647.707558599441
3092,1543.7107071343999,5.0,3.75,2.304886114323222,0.0003271784934309805,11461.63355872007,7044.736009854652
3093,1544.2107221479,2.0,1.5,1.4577379737113252,0.00032716548968911123,4584.83564823837,4455.659351774968
3094,1544.7107372956002,2.0,1.25,1.4790199457749043,0.00032715253712838326,3820.847641812624,4520.8878976063015
3095,1545.2107525775,6.0,5.25,2.48746859276655,0.00032713963571011075,16048.192963851678,7603.690660616796
3096,1545.7107679936,3.0,1.75,1.8200274723201295,0.00032712678539562664,5349.607791619854,5563.67608393483
3097,1546.2107835438999,7.0,5.75,2.704163456597992,0.0003271139861463629,17577.97050422429,8266.731387596645
3098,1546.7107992284,5.0,4.0,2.2912878474779204,0.0003271012379236901,12228.629966032613,7004.827808118715
3099,1547.2108150471,3.0,2.5,1.7677669529663687,0.0003270885406890893,7643.19041790079,5404.55177439769
3100,1547.710831,1.0,0.0,1.118033988749895,0.0003270758944040983,0.0,3418.270829120099
3101,1548.2108470870999,2.0,0.75,1.520690632574555,0.00032706329903017985,2293.1340881839315,4649.530036184931
3102,1548.7108633084,1.0,-0.5,1.1726039399558574,0.0003270507545289395,-1528.8146964227747,3585.388272975527
3103,1549.2108796639002,4.0,3.0,2.0615528128088303,0.0003270382608619641,9173.238605455514,6303.7052832144545
3104,1549.7108961536,3.0,2.25,1.7853571071357124,0.0003270258179909271,6880.190725682775,5459.376626909759
3105,1550.2109127775,0.0,-0.75,0.4330127018922193,0.0003270134258774645,-2293.483816413804,1324.14349878856
3106,1550.7109295356,2.0,1.5,1.4577379737113252,0.0003270010844832989,4587.140750221611,4457.8995082378
3107,1551.2109464279001,6.0,4.75,2.5124689052802225,0.0003269887937701654,14526.491703989986,7683.654465070727
3108,1551.7109634544,3.0,1.0,1.8708286933869707,0.0003269765536998609,3058.323261055355,5721.598910435169
3109,1552.2109806151,3.0,1.0,1.8708286933869707,0.0003269643642341817,3058.4372775369793,5721.8122157405105
3110,1552.7109979099998,5.0,4.0,2.2912878474779204,0.00032695222533498584,12234.203317936483,7008.020346490478
3111,1553.2110153391,3.0,1.0,1.8708286933869707,0.0003269401369641817,3058.663917148711,5722.236219629196
3112,1553.7110329024001,2.0,1.0,1.5000000000000002,0.00032692809908364503,3058.776540783509,4588.164811175264
3113,1554.2110505998999,9.0,8.0,3.0413812651491097,0.00032691611165536986,24471.109605125494,9303.246786304888
3114,1554.7110684316,2.0,0.75,1.520690632574555,0.00032690417464133767,2294.2502977297895,4651.793248718766
3115,1555.2110863975,3.0,1.75,1.8200274723201295,0.0003268922880035663,5353.445352558785,5567.667207555149
3116,1555.7111044976,1.0,0.25,1.0897247358851685,0.0003268804517041294,764.8056000188212,3333.7103219360315
3117,1556.2111227318999,2.0,0.5,1.5411035007422442,0.0003268686657051185,1529.6663536757308,4714.748345234585
3118,1556.7111411004,3.0,1.75,1.8200274723201295,0.0003268569299686624,5354.02446620233,5568.269494835633
3119,1557.2111596031,0.0,-1.0,0.5,0.0003268452444569264,-3059.5519346214196,1529.7759673107098
3120,1557.71117824,3.0,2.5,1.7677669529663687,0.00032683360913210034,7649.152137807053,5408.767346970943
3121,1558.2111970111,2.0,0.75,1.520690632574555,0.00032682202395645417,2294.826985405152,4652.962533446559
3122,1558.7112159164,0.0,-2.0,0.7071067811865476,0.0003268104888922326,-6119.75462225605,2163.659996297486
3123,1559.2112349559,7.0,6.0,2.6925824035672523,0.00032679900390176066,18359.90908284306,8239.261354592965
3124,1559.7112541295999,3.0,1.0,1.8708286933869707,0.0003267875689473623,3060.0919221657305,5724.907772389337
3125,1560.2112734375,1.0,0.75,1.0307764064044151,0.0003267761839914116,2295.148902343849,3154.3804502947078
3126,1560.7112928796,2.0,0.5,1.5411035007422442,0.00032676484899632415,1530.152345136807,4716.246271518576
3127,1561.2113124559,3.0,2.25,1.7853571071357124,0.0003267535639245536,6885.923363699006,5463.925429587498
3128,1561.7113321664,6.0,5.5,2.4748737341529163,0.0003267423287385645,16832.835896204622,7574.389714695125
3129,1562.2113520111,0.0,-1.25,0.5590169943749475,0.0003267311434008892,-3825.7754892568896,1710.9388121261845
3130,1562.71137199,4.0,2.5,2.091650066335189,0.00032672000787402914,7651.81176465907,6401.965034053409
3131,1563.2113921031,2.0,1.25,1.4790199457749043,0.0003267089221206268,3826.0357014017436,4527.026492496044
3132,1563.7114123504,4.0,3.5,2.03100960115899,0.00032669788610326886,10713.261851022977,6216.782194045143
3133,1564.2114327319,3.0,1.75,1.8200274723201295,0.00032668689978462785,5356.811066356527,5571.167602741352
3134,1564.7114532476,5.0,4.25,2.277608394786075,0.00032667596312735083,13009.833840585286,6972.072181197414
3135,1565.2114738975,2.0,1.25,1.4790199457749043,0.00032666507609419645,3826.5492440935213,4527.63412440336
3136,1565.7114946816,1.0,0.5,1.0606601717798212,0.0003266542386479029,1530.6704791880709,3247.042426787841
3137,1566.2115155999002,6.0,5.25,2.48746859276655,0.0003266434507512644,16072.570835035112,7615.240982317235
3138,1566.7115366524,5.0,4.75,2.25,0.00032663271236708653,14542.32788129839,6888.471101667658
3139,1567.2115578391001,3.0,2.75,1.7499999999999998,0.00032662202345823627,8419.51798253932,5357.875079797749
3140,1567.71157916,3.0,1.25,1.8540496217739155,0.00032661138398762905,3827.178295926592,5676.622777619229
3141,1568.2116006151,2.0,1.5,1.4577379737113252,0.00032660079391816127,4592.76287116395,4463.363227698097
3142,1568.7116222043999,4.0,2.5,2.091650066335189,0.00032659025321280297,7654.851837758381,6404.508541693344
3143,1569.2116439279,5.0,3.75,2.304886114323222,0.0003265797618345293,11482.646624930916,7057.651403062315
3144,1569.7116657856,1.0,-0.25,1.14564392373896,0.00032656931974639535,-765.5342522504657,3508.118658019177
3145,1570.2116877775,2.0,0.5,1.5411035007422442,0.00032655892691144957,1531.1172312113247,4719.220250133089
3146,1570.7117099036002,2.0,1.25,1.4790199457749043,0.0003265485832927943,3827.9143256279526,4529.249310656987
3147,1571.2117321639,2.0,0.75,1.520690632574555,0.0003265382888535508,2296.8210026248025,4657.005577856046
3148,1571.7117545584001,1.0,-0.5,1.1726039399558574,0.0003265280435568943,-1531.2620458367458,3591.12781610607
3149,1572.2117770871,4.0,3.0,2.0615528128088303,0.0003265178473659872,9187.859175848851,6313.752309220874
3150,1572.71179975,5.0,4.0,2.2912878474779204,0.00032650770024409645,12250.859618347771,7017.561441169561
3151,1573.2118225471,1.0,0.25,1.0897247358851685,0.0003264976021544876,765.7024074611993,3337.619414949172
3152,1573.7118454784,4.0,3.75,2.0155644370746373,0.0003264875530604195,11485.889629936453,6173.480177670475
3153,1574.2118685439,5.0,4.0,2.2912878474779204,0.00032647755292526144,12251.990877044145,7018.209450995399
3154,1574.7118917436,2.0,1.0,1.5000000000000002,0.0003264676017123692,3063.091083938673,4594.6366259080105
3155,1575.2119150775002,1.0,0.5,1.0606601717798212,0.0003264576993851473,1531.5919978046268,3248.99726297611
3156,1575.7119385455999,3.0,1.75,1.8200274723201295,0.0003264478459070054,5360.733795433036,5575.247302561762
3157,1576.2119621479,2.0,0.75,1.520690632574555,0.0003264380412414327,2297.5263457278925,4658.435722722206
3158,1576.7119858843998,5.0,4.25,2.277608394786075,0.00032642828535192354,13019.705064523007,6977.362247669735
3159,1577.2120097551,5.0,4.0,2.2912878474779204,0.0003264185782019836,12254.204469712664,7019.477445490559
3160,1577.71203376,3.0,1.0,1.8708286933869707,0.0003264089197552228,3063.6417679697897,5731.54892577667
3161,1578.2120578991,5.0,4.0,2.2912878474779204,0.0003263993099752189,12254.927868271814,7019.891824072425
3162,1578.7120821724002,5.0,3.0,2.345207879911715,0.0003263897488255985,9191.465144951613,7185.298828624798
3163,1579.2121065799,5.0,3.5,2.318404623873926,0.00032638023627003,10723.688541925934,7103.385457309979
3164,1579.7121311216001,2.0,1.25,1.4790199457749043,0.0003263707722722242,3829.999822892785,4531.716904298223
3165,1580.2121557975,1.0,0.5,1.0606601717798212,0.0003263613567959031,1532.0441271258885,3249.956374103222
3166,1580.7121806076,4.0,2.75,2.0766559657295187,0.00032635198980483733,8426.484550146408,6363.239785886967
3167,1581.2122055518998,6.0,4.25,2.537222891273055,0.00032634267126279597,13023.12070791863,7774.719994339599
3168,1581.7122306304,0.0,-2.0,0.7071067811865476,0.00032633340113366496,-6128.701484592462,2166.823189811696
3169,1582.2122558431,5.0,3.0,2.345207879911715,0.00032632417938129174,9193.312017785436,7186.742595532492
3170,1582.71228119,4.0,2.5,2.091650066335189,0.00032631500596953453,7661.308717851012,6409.910755162972
3171,1583.2123066711001,9.0,8.0,3.0413812651491097,0.00032630588086238096,24516.87348955255,9320.6449638945
3172,1583.7123322864,2.0,0.75,1.520690632574555,0.0003262968040237488,2298.5208275144887,4660.45212157173
3173,1584.2123580359,7.0,5.75,2.704163456597992,0.0003262877754176542,17622.48062355354,8287.664020316466
3174,1584.7123839196,6.0,4.75,2.5124689052802225,0.00032627879500813007,14558.102066919922,7700.374476427798
3175,1585.2124099375,6.0,5.0,2.5,0.0003262698627592267,15324.737497100023,7662.368748550011
3176,1585.7124360896,2.0,-1.0,1.6583123951777001,0.0003262609786350429,-3065.030958294908,5082.77882974383
3177,1586.2124623759,2.0,-0.25,1.6007810593582124,0.00032625214259971304,-766.2784924809866,4906.5763878285115
3178,1586.7124887963998,7.0,4.5,2.7613402542968153,0.00032624335461739495,13793.384405568715,8464.05057824152
3179,1587.2125153511,6.0,3.75,2.5617376914898995,0.00032623461465226984,11494.794946873086,7852.439859027313
3180,1587.71254204,14.0,12.25,3.799671038392666,0.0003262259226685859,37550.66396867799,11647.360845240879
3181,1588.2125688631,13.0,12.5,3.6228441865473595,0.0003262172786305895,38318.019365721826,11105.617095929156
3182,1588.7125958204,11.0,9.5,3.3726843908080104,0.00032620868250257543,29122.462121850473,10339.039307396066
3183,1589.2126229118999,5.0,3.5,2.318404623873926,0.0003262001342488558,10729.609318093886,7107.307387265608
3184,1589.7126501376001,0.0,-3.25,0.9013878188659973,0.00032619163383379045,-9963.468289490293,2763.3689076320566
3185,1590.2126774975,2.0,-1.25,1.6770509831248424,0.0003261831812217687,-3832.2024922251817,5141.43916569577
3186,1590.7127049916,3.0,-0.75,1.9843134832984428,0.0003261747763772283,-2299.3807440603823,6083.58961823443
3187,1591.2127326199,7.0,5.25,2.727178028658929,0.00032616641926459924,16096.077615338414,8361.308422883758
3188,1591.7127603824,12.0,7.25,3.6314597615834874,0.00032615810984837156,22228.48299976496,11134.047113750217
3189,1592.2127882791,9.0,7.5,3.0618621784789726,0.0003261498480930897,22995.564903220038,9387.900059990387
3190,1592.7128163099999,11.0,9.75,3.3634060117684275,0.0003261416339632474,29894.98728364965,10312.715892468505
3191,1593.2128444751002,10.0,8.0,3.24037034920393,0.000326133467423485,24529.834558843308,9935.718571919215
3192,1593.7128727744,5.0,3.75,2.304886114323222,0.00032612534843836716,11498.646204462988,7067.48532538191
3193,1594.2129012079001,6.0,5.5,2.4748737341529163,0.00032611727697259916,16865.09850400265,7588.907147537782
3194,1594.7129297755998,3.0,2.0,1.8027756377319946,0.00032610925299082294,6132.91399019666,5528.133964916127
3195,1595.2129584775,3.0,2.25,1.7853571071357124,0.0003261012764577408,6899.697003460137,5474.854703204682
3196,1595.7129873135998,4.0,2.75,2.0766559657295187,0.0003260933473381217,8433.168055859056,6368.286819345207
3197,1596.2130162839,6.0,5.25,2.48746859276655,0.0003260854655967138,16100.073612274819,7628.271895573926
3198,1596.7130453884001,4.0,2.5,2.091650066335189,0.00032607763119833825,7666.885921651471,6414.57697864265
3199,1597.2130746271,2.0,1.0,1.5000000000000002,0.0003260698441078518,3066.827607858263,4600.241411787395
3200,1597.7131040000002,4.0,2.25,2.1065374432940898,0.00032606210429009697,6900.525913303247,6460.5405399086385
3201,1598.2131335070999,4.0,2.5,2.091650066335189,0.00032605441170998283,7667.431907726146,6415.033783366375
3202,1598.7131631484,7.0,6.0,2.6925824035672523,0.00032604676633244745,18402.268077954843,8258.270535404763
3203,1599.2131929239,3.0,2.75,1.7499999999999998,0.00032603916812247663,8434.569428685827,5367.453272800071
3204,1599.7132228336,4.0,3.0,2.0615528128088303,0.0003260316170450424,9201.561576114073,6323.168383157206
3205,1600.2132528775,4.0,3.0,2.0615528128088303,0.0003260241130651707,9201.773365150799,6323.313921252002
3206,1600.7132830556,4.0,3.5,2.03100960115899,0.0003260166561479595,10735.64780816462,6229.772506583946
3207,1601.2133133679001,1.0,0.5,1.0606601717798212,0.00032600924625846207,1533.6988313625836,3253.4665318630978
3208,1601.7133438143999,4.0,3.75,2.0155644370746373,0.0003260018833618168,11503.001029714975,6182.677278700383
3209,1602.2133743951001,0.0,-1.5,0.6123724356957945,0.00032599456742319667,-4601.303671581569,1878.4743578282714
3210,1602.71340511,2.0,1.5,1.4577379737113252,0.00032598729840777345,4601.406273577165,4471.76310497797
3211,1603.2134359591,3.0,2.5,1.7677669529663687,0.00032598007628077257,7669.180363792248,5422.929441380211
3212,1603.7134669424,3.0,2.25,1.7853571071357124,0.00032597290100744194,6902.414259118529,5477.010823960955
3213,1604.2134980599,2.0,1.25,1.4790199457749043,0.00032596577255305945,3834.7584478260824,4537.3473852508705
3214,1604.7135293116,1.0,0.0,1.118033988749895,0.0003259586908829558,0.0,3429.986743784521
3215,1605.2135606975,5.0,3.5,2.318404623873926,0.00032595165596246674,10737.788675026779,7112.7254041037595
3216,1605.7135922176,3.0,2.75,1.7499999999999998,0.0003259446677569567,8437.014843422932,5369.009445814593
3217,1606.2136238719,2.0,1.5,1.4577379737113252,0.0003259377262318562,4602.1061057932675,4472.443219642397
3218,1606.7136556604,1.0,0.0,1.118033988749895,0.0003259308313525938,0.0,3430.2799281372663
3219,1607.2136875831,3.0,1.5,1.8371173070873834,0.0003259239830846464,4602.3001615393,5636.643519449938
3220,1607.7137196400001,2.0,0.5,1.5411035007422442,0.00032591718139350585,1534.1320695711038,4728.512606033944
3221,1608.2137518311,4.0,4.0,2.0,0.000325910426244707,12273.310940339892,6136.655470169946
3222,1608.7137841564,3.0,1.75,1.8200274723201295,0.00032590371760383107,5369.684067634055,5584.555726156389
3223,1609.2138166159002,3.0,2.25,1.7853571071357124,0.00032589705543645806,6904.020648442756,5478.285481115104
3224,1609.7138492096,4.0,3.0,2.0615528128088303,0.00032589043970821473,9205.547737718367,6325.907610713088
3225,1610.2138819375,1.0,-0.5,1.1726039399558574,0.00032588387038476335,-1534.28888459457,3598.2263822121413
3226,1610.7139147996,0.0,-1.0,0.5,0.00032587734743178855,-3068.639191649602,1534.319595824801
3227,1611.2139477959001,3.0,1.75,1.8200274723201295,0.0003258708708150109,5370.225315393204,5585.118632322665
3228,1611.7139809264,2.0,0.75,1.520690632574555,0.0003258644405001846,2301.570551388761,4666.635703608456
3229,1612.2140141911,3.0,2.0,1.8027756377319946,0.0003258580564530752,6137.641713603014,5532.395477205583
3230,1612.7140475899998,3.0,2.0,1.8027756377319946,0.0003258517186395322,6137.761090689429,5532.503082257129
3231,1613.2140811231,4.0,3.25,2.0463381929681126,0.00032584542702537254,9974.054353529205,6280.088726882059
3232,1613.7141147904001,1.0,0.0,1.118033988749895,0.000325839181576466,0.0,3431.2447733899103
3233,1614.2141485918999,4.0,2.75,2.0766559657295187,0.0003258329822587243,8439.906791929341,6373.375559876782
3234,1614.7141825276,2.0,1.0,1.5000000000000002,0.0003258268290380937,3069.114974209463,4603.672461314195
3235,1615.2142165975,1.0,-0.75,1.1989578808281798,0.0003258207218805424,-2301.8793760913,3679.80855824069
3236,1615.7142508016,1.0,0.25,1.0897247358851685,0.0003258146607520253,767.3073993139701,3344.6154122406065
3237,1616.2142851398999,2.0,1.5,1.4577379737113252,0.0003258086456186242,4603.92939282473,4474.215136137555
3238,1616.7143196124,2.0,1.25,1.4790199457749043,0.0003258026764463628,3836.6781195113626,4539.618771420365
3239,1617.2143542191,3.0,1.75,1.8200274723201295,0.00032579675320134347,5371.4470227347365,5586.389227136792
3240,1617.71438896,5.0,3.0,2.345207879911715,0.0003257908758496911,9208.361014333927,7198.506937295919
3241,1618.2144238351,2.0,0.25,1.5612494995995998,0.0003257850443575588,767.3771535246337,4792.268787777999
3242,1618.7144588444,8.0,6.25,2.904737509655563,0.0003257792586910854,19184.769543374936,8916.275153078208
3243,1619.2144939879001,2.0,0.75,1.520690632574555,0.00032577351881653104,2302.212907680764,4667.938137203156
3244,1619.7145292656,10.0,9.0,3.2015621187164247,0.00032576782470012826,27627.03777846866,9827.741955988093
3245,1620.2145646775,8.0,7.0,2.8722813232690148,0.00032576217630812695,21488.068625189153,8817.111169321957
3246,1620.7146002236,5.0,5.0,2.23606797749979,0.0003257565736068479,15348.884428144944,6864.229792024016
3247,1621.2146359039,7.0,5.25,2.727178028658929,0.00032575101656261634,16116.603580854327,8371.970891868903
3248,1621.7146717184,2.0,1.0,1.5000000000000002,0.00032574550514179174,3069.881193187044,4604.821789780567
3249,1622.2147076671,0.0,-2.25,0.75,0.00032574003931077483,-6907.348586193821,2302.4495287312734
3250,1622.71474375,5.0,4.25,2.277608394786075,0.0003257346190359822,13047.43110381683,6992.22084998733
3251,1623.2147799671,1.0,-0.25,1.14564392373896,0.0003257292442838964,-767.5086114837975,3517.1663086549547
3252,1623.7148163184002,4.0,3.25,2.0463381929681126,0.0003257239150209481,9977.775195877111,6282.431527437915
3253,1624.2148528039,3.0,1.75,1.8200274723201295,0.0003257186312136642,5372.735337488382,5587.729094705153
3254,1624.7148894236,5.0,3.5,2.318404623873926,0.0003257133928286248,10745.64349228813,7117.9284454347335
3255,1625.2149261774998,0.0,-1.5,0.6123724356957945,0.0003257081998323644,-4605.349207579117,1880.1259409832805
3256,1625.7149630656,2.0,0.75,1.520690632574555,0.0003257030521915264,2302.7109968836585,4668.9480566498605
3257,1626.2150000879,0.0,0.0,0.0,0.00032569794987270806,0.0,0.0
3258,1626.7150372444,1.0,-1.5,1.2747548783981961,0.00032569289284257286,-4605.565650844708,3913.9781874649702
3259,1627.2150745351,2.0,1.0,1.5000000000000002,0.0003256878810678427,3070.4243483708074,4605.636522556212
3260,1627.71511196,5.0,2.25,2.3848480035423645,0.0003256829145152131,6908.56013539789,7322.607042780455
3261,1628.2151495191001,2.0,0.5,1.5411035007422442,0.0003256779931514628,1535.2587847944194,4731.985375583927
3262,1628.7151872124,6.0,4.75,2.5124689052802225,0.0003256731169433562,14585.176831854253,7714.695424852067
3263,1629.2152250399001,6.0,4.25,2.537222891273055,0.0003256682858577164,13050.088647123637,7790.8196820293415
3264,1629.7152630015999,8.0,7.0,2.8722813232690148,0.0003256634998613707,21494.57953679113,8819.782765006503
3265,1630.2153010975,4.0,2.75,2.0766559657295187,0.00032565875892121156,8444.422035844345,6376.785235590533
3266,1630.7153393276,10.0,9.75,3.1721443851123805,0.0003256540630041289,29939.746214302202,9740.84080465522
3267,1631.2153776919,5.0,4.75,2.25,0.0003256494120770469,14586.238524748742,6909.270880144141
3268,1631.7154161904,5.0,4.75,2.25,0.00032564480610694887,14586.44483474426,6909.368605931491
3269,1632.2154548231,1.0,0.5,1.0606601717798212,0.00032564024506081586,1535.4367513960724,3257.1532169856173
3270,1632.71549359,1.0,-0.5,1.1726039399558574,0.0003256357289056572,-1535.458045959261,3600.968308657503
3271,1633.2155324911,1.0,0.5,1.0606601717798212,0.0003256312576085405,1535.4791295898192,3257.243114710136
3272,1633.7155715264,2.0,0.5,1.5411035007422442,0.0003256268311365317,1535.5000024256465,4732.728858255777
3273,1634.2156106958998,0.0,-1.25,0.5590169943749475,0.0003256224494567431,-3838.801661511531,1716.7642934557844
3274,1634.7156499996,5.0,4.5,2.2638462845343543,0.0003256181125363151,13819.870046381804,6952.458101610902
3275,1635.2156894375,3.0,2.25,1.7853571071357124,0.00032561382034242245,6910.026108946641,5483.050766267208
3276,1635.7157290096,5.0,4.25,2.277608394786075,0.00032560957284224356,13052.441802929137,6994.9061230136695
3277,1636.2157687159001,4.0,2.5,2.091650066335189,0.00032560537000302797,7678.0060475561295,6423.880743477104
3278,1636.7158085564,5.0,4.25,2.277608394786075,0.000325601211791998,13052.776974045795,6995.0857438487255
3279,1637.2158485311,1.0,0.5,1.0606601717798212,0.00032559709817648415,1535.640221612122,3257.5848424942324
3280,1637.71588864,3.0,2.75,1.7499999999999998,0.0003255930291237589,8446.126771819543,5374.807945703345
3281,1638.2159288831,3.0,2.5,1.7677669529663687,0.00032558900460120905,7678.3919747599375,5429.443033961117
3282,1638.7159692604,0.0,-0.75,0.4330127018922193,0.0003255850245761629,-2303.5457511484997,1329.952759516205
3283,1639.2160097719,0.0,-0.5,0.3535533905932738,0.00032558108901604505,-1535.7157306374122,1085.9150071085678
3284,1639.7160504176002,3.0,1.25,1.8540496217739155,0.00032557719788828314,3839.3352117641803,5694.654397787724
3285,1640.2160911975,2.0,0.25,1.5612494995995998,0.000325573351160327,767.8761148878206,4795.384800492378
3286,1640.7161321116,1.0,0.0,1.118033988749895,0.0003255695487996852,0.0,3434.086488960284
3287,1641.2161731598999,1.0,0.0,1.118033988749895,0.0003255657907738697,0.0,3434.1261288304545
3288,1641.7162143424,1.0,0.0,1.118033988749895,0.00032556207705040794,0.0,3434.165302295899
3289,1642.2162556591,2.0,1.75,1.4361406616345074,0.00032555840759691086,5375.379529951372,4411.314922674829
3290,1642.71629711,0.0,-1.5,0.6123724356957945,0.0003255547823809561,-4607.519475001099,1881.0119489481542
3291,1643.2163386951001,1.0,0.5,1.0606601717798212,0.00032555120137017974,1535.8567189910534,3258.0441027884867
3292,1643.7163804144,4.0,3.5,2.03100960115899,0.0003255476645322459,10751.113834678796,6238.747263253109
3293,1644.2164222679,1.0,0.5,1.0606601717798212,0.0003255441718348712,1535.8898830282844,3258.114454335339
3294,1644.7164642556,3.0,2.75,1.7499999999999998,0.00032554072324573243,8447.483843439702,5375.671536734355
3295,1645.2165063775,3.0,2.25,1.7853571071357124,0.000325537318732621,6911.649972297124,5484.339288922231
3296,1645.7165486336,2.0,1.5,1.4577379737113252,0.0003255339582632752,4607.814213922582,4477.9905036278315
3297,1646.2165910239,3.0,2.25,1.7853571071357124,0.000325530641805542,6911.791736472086,5484.4517776677
3298,1646.7166335483998,3.0,2.25,1.7853571071357124,0.0003255273693272285,6911.861219688234,5484.506912047157
3299,1647.2166762071,4.0,3.0,2.0615528128088303,0.00032552414079618753,9215.906361544832,6333.02589407518
3300,1647.716719,3.0,2.0,1.8027756377319946,0.0003255209561803497,6143.997681341081,5538.124669101781
3301,1648.2167619271,0.0,-0.5,0.3535533905932738,0.0003255178154476055,-1536.0142403034733,1086.1260853176893
3302,1648.7168049884,3.0,2.0,1.8027756377319946,0.0003255147185659283,6144.11541453825,5538.230792371585
3303,1649.2168481838999,2.0,1.5,1.4577379737113252,0.00032551166550327673,4608.129781403795,4478.297180094921
3304,1649.7168915136,1.0,0.25,1.0897247358851685,0.00032550865622764917,768.0287304714836,3347.759621861035
3305,1650.2169349775,4.0,3.0,2.0615528128088303,0.0003255056907071087,9216.428731193555,6333.384858281398
3306,1650.7169785756,3.0,2.25,1.7853571071357124,0.0003255027689096972,6912.38359518904,5484.921412852915
3307,1651.2170223079,2.0,1.75,1.4361406616345074,0.0003254998908035088,5376.345889640881,4412.107967499896
3308,1651.7170661744,1.0,0.25,1.0897247358851685,0.00032549705635668343,768.0561010236821,3347.878927332097
3309,1652.2171101751,2.0,1.5,1.4577379737113252,0.0003254942655373462,4608.3761184661935,4478.536576688381
3310,1652.71715431,2.0,1.0,1.5000000000000002,0.0003254915183136807,3072.2766761507014,4608.415014226052
3311,1653.2171985791,4.0,3.75,2.0155644370746373,0.0003254888146538916,11521.133234601504,6192.423045989727
3312,1653.7172429824,1.0,-0.25,1.14564392373896,0.00032548615452622406,-768.0818262881218,3519.7931088852406
3313,1654.2172875199,4.0,3.5,2.03100960115899,0.00032548353789891985,10753.232014723086,6239.976418683663
3314,1654.7173321916,1.0,0.5,1.0606601717798212,0.0003254809647402914,1536.18814666769,3258.7471670613545
3315,1655.2173769975,0.0,-1.0,0.5,0.00032547843501861746,-3072.400172818822,1536.200086409411
3316,1655.7174219376,0.0,-0.75,0.4330127018922193,0.0003254759487022907,-2304.317732202132,1330.398462985329
3317,1656.2174670119,4.0,2.75,2.0766559657295187,0.00032547350575966327,8449.228435910418,6380.414777179949
3318,1656.7175122204,5.0,2.75,2.3584952830141512,0.0003254711061591216,8449.290729529568,7246.404483785703
3319,1657.2175575631,5.0,3.75,2.304886114323222,0.00032546874986912836,11521.84349959215,7081.743224964061
3320,1657.71760304,2.0,0.75,1.520690632574555,0.00032546643685812525,2304.385076507702,4672.342399586481
3321,1658.2176486511,0.0,-2.0,0.7071067811865476,0.00032546416709459323,-6145.069725659593,2172.610236939028
3322,1658.7176943964,4.0,1.5,2.1505813167606567,0.00032546194054705347,4608.833823944888,6607.781275886966
3323,1659.2177402758998,2.0,0.5,1.5411035007422442,0.00032545975718403607,1536.2882475121726,4735.158392780353
3324,1659.7177862896,5.0,3.5,2.318404623873926,0.00032545761697414807,10754.088451025604,7123.522397259127
3325,1660.2178324375002,7.0,6.25,2.6809513236909024,0.0003254555198859255,19203.853116980994,8237.535269429738
3326,1660.7178787196,5.0,4.75,2.25,0.00032545346588804246,14595.020480236712,6913.430753796338
3327,1661.2179251359,6.0,5.25,2.48746859276655,0.00032545145494913927,16131.438099794197,7643.132500837291
3328,1661.7179716864,8.0,7.75,2.8394541729001372,0.00032544948703788957,23813.219281853493,8724.715465812245
3329,1662.2180183711,6.0,4.75,2.5124689052802225,0.00032544756212300106,14595.285240467601,7720.042174814784
3330,1662.7180651899998,3.0,2.0,1.8027756377319946,0.00032544568017321495,6145.418795958581,5539.405644507208
3331,1663.2181121431001,3.0,2.25,1.7853571071357124,0.00032544384115731765,6913.63521275661,5485.914561439438
3332,1663.7181592303998,1.0,0.0,1.118033988749895,0.00032544204504406267,0.0,3435.431917220532
3333,1664.2182064519,1.0,0.0,1.118033988749895,0.00032544029180231,0.0,3435.4504248940666
3334,1664.7182538076001,2.0,1.0,1.5000000000000002,0.00032543858140084283,3072.776422806181,4609.164634209273
3335,1665.2183012975,1.0,0.0,1.118033988749895,0.0003254369138085945,0.0,3435.4860844319146
3336,1665.7183489216002,5.0,4.0,2.2912878474779204,0.0003254352889944523,12291.230039493928,7040.6865050119995
3337,1666.2183966799,4.0,3.5,2.03100960115899,0.0003254337069273306,10754.878568191925,6240.9318946562435
3338,1666.7184445724001,1.0,0.75,1.0307764064044151,0.00032543216757619577,2304.627737282293,3167.4078628477073
3339,1667.2184925990998,2.0,1.0,1.5000000000000002,0.0003254306709100476,3072.8511151194175,4609.276672679127
3340,1667.71854076,3.0,1.75,1.8200274723201295,0.0003254292168978828,5377.513477989705,5592.698435836019
3341,1668.2185890551,1.0,0.0,1.118033988749895,0.0003254278055087252,0.0,3435.5822392070268
3342,1668.7186374844,3.0,1.25,1.8540496217739155,0.0003254264367116687,3841.1138708669614,5697.292575577145
3343,1669.2186860479,1.0,1.0,1.0,0.00032542511047577963,3072.9036199387783,3072.9036199387783
3344,1669.7187347456,1.0,0.75,1.0307764064044151,0.0003254238267702003,2304.686806260245,3167.4890453928047
3345,1670.2187835775,3.0,2.25,1.7853571071357124,0.00032542258556407603,6914.086789950148,5486.272884351396
3346,1670.7188325436,4.0,3.25,2.0463381929681126,0.00032542138682656725,9987.051040785103,6288.271993809383
3347,1671.2188816439,2.0,1.0,1.5000000000000002,0.0003254202305268981,3072.9497007019772,4609.424551052966
3348,1671.7189308784,1.0,1.0,1.0,0.0003254191166342709,3072.9602192481857,3072.9602192481857
3349,1672.2189802471,4.0,3.0,2.0615528128088303,0.00032541804511796476,9218.911013101604,6335.090643364639
3350,1672.71902975,4.0,3.75,2.0155644370746373,0.00032541701594727284,11523.67521127909,6193.789317400717
3351,1673.2190793871,0.0,0.0,0.0,0.0003254160290914854,0.0,0.0
3352,1673.7191291584002,1.0,-0.25,1.14564392373896,0.00032541508451993853,-768.2495738290897,3520.5618246893687
3353,1674.2191790639,2.0,1.0,1.5000000000000002,0.00032541418220201964,3073.006816215503,4609.510224323255
3354,1674.7192291036001,0.0,-1.25,0.5590169943749475,0.00032541332210707564,-3841.268673040662,1717.867574551867
3355,1675.2192792775,4.0,3.0,2.0615528128088303,0.0003254125042045914,9219.067986747854,6335.1985131852925
3356,1675.7193295856,1.0,-0.25,1.14564392373896,0.0003254117284639499,-768.2574969872229,3520.598133161257
3357,1676.2193800279,2.0,0.75,1.520690632574555,0.0003254109948546716,2304.7776868601186,4673.138451433378
3358,1676.7194306044,1.0,-0.5,1.1726039399558574,0.0003254103033462247,-1536.5217230630162,3603.4628525829116
3359,1677.2194813151,2.0,1.0,1.5000000000000002,0.0003254096539081531,3073.0495791690623,4609.574368753594
3360,1677.71953216,4.0,3.5,2.03100960115899,0.0003254090465100035,10755.693603288946,6241.404850115481
3361,1678.2195831391,1.0,0.0,1.118033988749895,0.00032540848112133717,0.0,3435.7862613083103
3362,1678.7196342524,2.0,1.0,1.5000000000000002,0.0003254079577118041,3073.065597509588,4609.598396264382
3363,1679.2196854999002,3.0,2.5,1.7677669529663687,0.0003254074762510076,7682.675360757816,5432.471845246656
3364,1679.7197368815998,4.0,2.5,2.091650066335189,0.0003254070367086023,7682.685738104419,6427.796053495407
3365,1680.2197883975,3.0,2.5,1.7677669529663687,0.0003254066390543136,7682.695126520529,5432.485821751506
3366,1680.7198400476,0.0,-1.25,0.5590169943749475,0.0003254062832578067,-3841.3517633575434,1717.9047336712308
3367,1681.2198918319,0.0,-0.75,0.4330127018922193,0.0003254059692888485,-2304.81328181862,1330.684568689805
3368,1681.7199437504,8.0,7.75,2.8394541729001372,0.0003254056971171895,23816.42383233679,8725.889552811224
3369,1682.2199958031,3.0,2.25,1.7853571071357124,0.00032540546671265655,6914.450524541501,5486.561504857077
3370,1682.72004799,4.0,3.75,2.0155644370746373,0.0003254052780450233,11524.090889150077,6194.0127375431275
3371,1683.2201003111,4.0,3.0,2.0615528128088303,0.0003254051310841766,9219.27687496714,6335.3420578839705
3372,1683.7201527664001,3.0,2.0,1.8027756377319946,0.00032540502579996857,6146.186571898341,5540.097708386927
3373,1684.2202053559,4.0,3.0,2.0615528128088303,0.00032540496216231554,9219.281660811206,6335.345346640735
3374,1684.7202580796,3.0,2.25,1.7853571071357124,0.0003254049401411108,6914.46171353236,5486.570383232344
3375,1685.2203109375,0.0,-0.5,0.3535533905932738,0.000325404959706337,-1536.5469550655498,1086.5027715383917
3376,1685.7203639296,1.0,0.0,1.118033988749895,0.00032540502082796,0.0,3435.822796787742
3377,1686.2204170559,1.0,0.75,1.0307764064044151,0.00032540512347596656,2304.819272630146,3167.671103004453
3378,1686.7204703164,5.0,4.25,2.277608394786075,0.0003254052676204257,13060.636759443865,6999.297864602575
3379,1687.2205237111,2.0,1.5,1.4577379737113252,0.00032540545323138414,4609.633874000888,4479.7588953580935
3380,1687.72057724,3.0,2.75,1.7499999999999998,0.000325405680278909,8450.989539097605,5377.902433971202
3381,1688.2206309031,2.0,1.5,1.4577379737113252,0.000325405948733113,4609.626854825108,4479.752073945375
3382,1688.7206847004,3.0,2.25,1.7853571071357124,0.00032540625856414165,6914.433698749825,5486.548153725188
3383,1689.2207386319,3.0,2.25,1.7853571071357124,0.00032540660974215513,6914.426236709971,5486.542232655905
3384,1689.7207926975998,1.0,0.5,1.0606601717798212,0.0003254070022373221,1536.5373103905913,3259.487855169978
3385,1690.2208468975,2.0,1.25,1.4790199457749043,0.0003254074360199052,3841.338155295067,4545.132600118064
3386,1690.7209012316,2.0,1.25,1.4790199457749043,0.0003254079110600895,3841.332547594936,4545.12596499779
3387,1691.2209556999,3.0,1.25,1.8540496217739155,0.00032540842732817313,3841.3264532309727,5697.607886178417
3388,1691.7210103024001,3.0,1.75,1.8200274723201295,0.0003254089847944438,5377.84782158197,5593.046158420656
3389,1692.2210650391,4.0,3.75,2.0155644370746373,0.00032540958342921003,11523.938417799485,6193.930786654614
3390,1692.72111991,2.0,1.5,1.4577379737113252,0.0003254102232028191,4609.566304452248,4479.693229560147
3391,1693.2211749151,5.0,4.0,2.2912878474779204,0.00032541090408565784,12292.15109198394,7041.214104106312
3392,1693.7212300544,3.0,2.75,1.7499999999999998,0.00032541162604811467,8450.835126564873,5377.804171450372
3393,1694.2212853279,1.0,0.25,1.0897247358851685,0.0003254123890605983,768.255937402079,3348.7499939107724
3394,1694.7213407356,3.0,2.25,1.7853571071357124,0.00032541319309355746,6914.286352714399,5486.4312358178295
3395,1695.2213962775002,1.0,0.75,1.0307764064044151,0.00032541403811749115,2304.756132644811,3167.584325394874
3396,1695.7214519535999,1.0,0.25,1.0897247358851685,0.0003254149241028579,768.2499525466737,3348.723906530869
3397,1696.2215077639,1.0,1.0,1.0,0.0003254158510202349,3072.991057026962,3072.991057026962
3398,1696.7215637084,5.0,5.0,2.23606797749979,0.0003254168188401279,15364.909588328379,6871.396461528113
3399,1697.2216197871,2.0,1.75,1.4361406616345074,0.00032541782753314855,5377.701686677682,4413.220604787596
3400,1697.721676,1.0,1.0,1.0,0.00032541887706986244,3072.9624814768054,3072.9624814768054
3401,1698.2217323471,0.0,-0.75,0.4330127018922193,0.0003254199674209219,-2304.7141389142093,1330.6273285072552
3402,1698.7217888284001,2.0,1.75,1.4361406616345074,0.00032542109855698245,5377.647631822399,4413.176244572949
3403,1699.2218454439,4.0,3.75,2.0155644370746373,0.00032542227044871314,11523.489141751912,6193.689308034904
3404,1699.7219021936,0.0,-1.0,0.5,0.00032542348306681,-3072.918987209962,1536.459493604981
3405,1700.2219590775,2.0,1.5,1.4577379737113252,0.0003254247363820383,4609.3607286172855,4479.493445759413
3406,1700.7220160956,2.0,1.0,1.5000000000000002,0.0003254260303651226,3072.894933690512,4609.342400535769
3407,1701.2220732479,2.0,1.0,1.5000000000000002,0.00032542736498686304,3072.8823313318117,4609.3234969977175
3408,1701.7221305344,0.0,-1.25,0.5590169943749475,0.0003254287402180492,-3841.0866820258534,1717.7861856957857
3409,1702.2221879550998,1.0,0.25,1.0897247358851685,0.00032543015602952814,768.2139942105306,3348.567167777443
3410,1702.72224551,2.0,1.25,1.4790199457749043,0.00032543161239214876,3841.052781601733,4544.794941410512
3411,1703.2223031991,0.0,-0.75,0.4330127018922193,0.0003254331092767927,-2304.621068417773,1330.5735942310844
3412,1703.7223610224,2.0,1.5,1.4577379737113252,0.0003254346466543678,4609.2203624314625,4479.357034346546
3413,1704.2224189799,0.0,-1.25,0.5590169943749475,0.00032543622449582717,-3840.998345947895,1717.7466806007496
3414,1704.7224770716,0.0,0.0,0.0,0.0003254378427721132,0.0,0.0
3415,1705.2225352975001,3.0,2.25,1.7853571071357124,0.00032543950145420115,6913.727405388866,5485.987715559982
3416,1705.7225936575999,1.0,0.5,1.0606601717798212,0.0003254412005131357,1536.3758467324687,3259.145339027257
3417,1706.2226521519,5.0,4.25,2.277608394786075,0.0003254429399199013,13059.124899271186,6998.487646856449
3418,1706.7227107804,2.0,1.5,1.4577379737113252,0.0003254447196456081,4609.077700303203,4479.218391678697
3419,1707.2227695431,2.0,1.75,1.4361406616345074,0.0003254465396613121,5377.227245436998,4412.83125372628
3420,1707.72282844,6.0,5.75,2.462214450449026,0.0003254483999381391,17667.931386643642,7565.606255606239
3421,1708.2228874711,3.0,2.0,1.8027756377319946,0.00032545030044719785,6145.331552165787,5539.327004015112
3422,1708.7229466364001,4.0,3.25,2.0463381929681126,0.000325452241159673,9986.104223524117,6287.675837402332
3423,1709.2230059359,2.0,1.5,1.4577379737113252,0.00032545422204675076,4608.943127443983,4479.087610367287
3424,1709.7230653696001,1.0,0.0,1.118033988749895,0.000325456243079644,0.0,3435.282046429496
3425,1710.2231249375,0.0,-1.5,0.6123724356957945,0.0003254583042295604,-4608.885318046709,1881.5695520365662
3426,1710.7231846396,1.0,0.0,1.118033988749895,0.00032546040546779055,0.0,3435.2381118155463
3427,1711.2232444759,0.0,-1.0,0.5,0.00032546254676562566,-3072.5501595737433,1536.2750797868716
3428,1711.7233044464,0.0,-1.0,0.5,0.0003254647280943528,-3072.5295667372543,1536.2647833686271
3429,1712.2233645511,1.0,0.5,1.0606601717798212,0.0003254669494253165,1536.254298271637,3258.8874958045662
3430,1712.72342479,6.0,6.0,2.449489742783178,0.0003254692107298748,18434.923495665884,7526.026001937698
3431,1713.2234851631001,4.0,3.5,2.03100960115899,0.00032547151197941213,10753.629338291808,6240.2069809644745
3432,1713.7235456704,1.0,0.25,1.0897247358851685,0.00032547385314534545,768.1108561687091,3348.1175994759087
3433,1714.2236063119,4.0,3.25,2.0463381929681126,0.0003254762341991058,9985.368080705564,6287.212330582306
3434,1714.7236670876,1.0,0.75,1.0307764064044151,0.00032547865511216816,2304.298571411791,3166.955467630231
3435,1715.2237279975,1.0,0.5,1.0606601717798212,0.0003254811158559672,1536.187433440106,3258.7456540771705
3436,1715.7237890416,3.0,2.5,1.7677669529663687,0.0003254836164020797,7680.878157970553,5431.201030968616
3437,1716.2238502199,6.0,5.5,2.4748737341529163,0.00032548615672198613,16897.800064344436,7603.622098947909
3438,1716.7239115324,2.0,1.25,1.4790199457749043,0.0003254887367872792,3840.3786636000505,4543.997314234277
3439,1717.2239729791,3.0,2.5,1.7677669529663687,0.00032549135656951644,7680.695507089649,5431.071877292139
3440,1717.72403456,1.0,0.25,1.0897247358851685,0.0003254940160403427,768.0632751448625,3347.910198601331
3441,1718.2240962751,1.0,0.75,1.0307764064044151,0.0003254967151713615,2304.1707182978907,3166.7797503325064
3442,1718.7241581244,2.0,1.75,1.4361406616345074,0.000325499453934209,5376.353105506947,4412.11388921342
3443,1719.2242201079,1.0,0.5,1.0606601717798212,0.0003255022323006021,1536.087775699949,3258.5342480855825
3444,1719.7242822256,2.0,1.25,1.4790199457749043,0.00032550505024224767,3840.186193946066,4543.769581068517
3445,1720.2243444775002,3.0,1.75,1.8200274723201295,0.00032550790773085993,5376.213475732069,5591.346413080031
3446,1720.7244068636,6.0,4.75,2.5124689052802225,0.0003255108047382037,14592.449561913158,7718.542268668803
3447,1721.2244693839,4.0,3.25,2.0463381929681126,0.0003255137412360582,9984.217525376736,6286.487892024612
3448,1721.7245320384,1.0,0.25,1.0897247358851685,0.0003255167171962093,768.0097113086495,3347.67671925225
3449,1722.2245948271,2.0,1.75,1.4361406616345074,0.0003255197325904945,5376.018178908709,4411.839031095481
3450,1722.72465775,1.0,0.5,1.0606601717798212,0.00032552278739078893,1535.990779655471,3258.328488403187
3451,1723.2247208071,3.0,2.75,1.7499999999999998,0.00032552588156894513,8447.868988928798,5375.916629318325
3452,1723.7247839984,2.0,1.25,1.4790199457749043,0.0003255290150968786,3839.9034864157825,4543.435077007629
3453,1724.2248473239,1.0,0.0,1.118033988749895,0.0003255321879464811,0.0,3434.48061404516
3454,1724.7249107836,3.0,2.75,1.7499999999999998,0.00032553540008975674,8447.621976724402,5375.75943973371
3455,1725.2249743775,1.0,0.5,1.0606601717798212,0.00032553865149862545,1535.9159279496837,3258.16970395695
3456,1725.7250381056,0.0,-0.5,0.3535533905932738,0.000325541942145131,-1535.9004025880427,1086.0455898971534
3457,1726.2251019679,0.0,-1.75,0.6614378277661477,0.0003255452720012697,-5375.5964239381565,2031.784469484072
3458,1726.7251659644,3.0,1.25,1.8540496217739155,0.0003255486410391005,3839.6719949749904,5695.153928015421
3459,1727.2252300951,4.0,0.25,2.222048604328897,0.0003255520492306776,767.9263595200306,6825.478781595419
3460,1727.7252943600001,10.0,4.75,3.363406011768428,0.0003255554965480999,14590.446330548135,10331.283137378989
3461,1728.2253587591,6.0,1.75,2.657536453183662,0.0003255589829635103,5375.370029940613,8162.995316524647
3462,1728.7254232924,12.0,9.75,3.544361719689456,0.0003255625084490166,29948.16585745425,10886.885398981702
3463,1729.2254879599002,11.0,10.0,3.3541019662496847,0.00032556607297681356,30715.73124485913,10302.369456317889
3464,1729.7255527616,12.0,11.5,3.48209706929603,0.00032556967651907904,35322.69996074428,10695.397392428751
3465,1730.2256176975002,14.0,13.25,3.766629793329841,0.0003255733190480415,40697.438103166045,11569.221348798665
3466,1730.7256827676,3.0,1.75,1.8200274723201295,0.00032557700053591226,5375.072554632031,5590.159837225278
3467,1731.2257479719,4.0,3.0,2.0615528128088303,0.00032558072095497124,9214.304800359812,6331.925326419892
3468,1731.7258133103999,4.0,3.5,2.03100960115899,0.0003255844802774941,10749.898143231418,6238.041811538345
3469,1732.2258787831,1.0,-0.5,1.1726039399558574,0.00032558827847581855,-1535.6818198144533,3601.493104866018
3470,1732.72594439,1.0,0.5,1.0606601717798212,0.0003255921155222656,1535.6637220713274,3257.634694496427
3471,1733.2260101310999,3.0,1.75,1.8200274723201295,0.00032559599138916995,5374.759045814864,5589.833783133817
3472,1733.7260760064,1.0,0.25,1.0897247358851685,0.00032559990604894067,767.8134893639149,3346.8214076246472
3473,1734.2261420159,1.0,0.25,1.0897247358851685,0.00032560385947397663,767.8041667070007,3346.7807711052733
3474,1734.7262081596,1.0,0.0,1.118033988749895,0.0003256078516367079,0.0,3433.6825206454932
3475,1735.2262744375,3.0,2.5,1.7677669529663687,0.0003256118825095907,7677.852481094157,5429.061554331636
3476,1735.7263408496,2.0,1.5,1.4577379737113252,0.0003256159520650948,4606.653913872533,4476.862894665261
3477,1736.2264073959,2.0,1.25,1.4790199457749043,0.0003256200602757283,3838.829828056435,4542.164707304891
3478,1736.7264740764,5.0,4.25,2.277608394786075,0.00032562420711399967,13051.85519733824,6994.591756468197
3479,1737.2265408910998,2.0,1.5,1.4577379737113252,0.0003256283925524748,4606.47791871612,4476.6918581168
3480,1737.72660784,3.0,2.75,1.7499999999999998,0.0003256326165637202,8445.099968853632,5374.154525634129
3481,1738.2266749231,2.0,1.75,1.4361406616345074,0.00032563687912032235,5374.084178448896,4410.251890124077
3482,1738.7267421404,2.0,1.25,1.4790199457749043,0.00032564118019491156,3838.580855320007,4541.870118790385
3483,1739.2268094919,2.0,1.5,1.4577379737113252,0.00032564551976012546,4606.235642685699,4476.456408137023
3484,1739.7268769775999,0.0,-1.75,0.6614378277661477,0.00032564989778862785,-5373.869336006628,2031.1316916041912
3485,1740.2269445975,0.0,-0.75,0.4330127018922193,0.0003256543142531199,-2303.05562424409,1329.6697846160068
3486,1740.7270123515998,0.0,-0.5,0.3535533905932738,0.00032565876912627985,-1535.349412949836,1085.655981387614
3487,1741.2270802399,2.0,1.0,1.5000000000000002,0.0003256632623808912,3070.6564587270327,4605.98468809055
3488,1741.7271482624,2.0,1.25,1.4790199457749043,0.0003256677939896588,3838.267163868504,4541.4989540595125
3489,1742.2272164191,1.0,-1.0,1.224744871391589,0.0003256723639254299,-3070.5706432891334,3760.6656476139383
3490,1742.72728471,2.0,1.25,1.4790199457749043,0.0003256769721609607,3838.158994496569,4541.370966332622
3491,1743.2273531351,1.0,0.25,1.0897247358851685,0.0003256816186690943,767.6208470764515,3345.9816993613417
3492,1743.7274216944002,1.0,-0.25,1.14564392373896,0.00032568630342269354,-767.6098054253645,3517.6300375520564
3493,1744.2274903879,2.0,1.75,1.4361406616345074,0.0003256910263946223,5373.19071812442,4409.518670294628
3494,1744.7275592156,3.0,1.75,1.8200274723201295,0.0003256957875577884,5373.112170477479,5588.121006929514
3495,1745.2276281774998,5.0,4.25,2.277608394786075,0.00032570058688511267,13048.794417736623,6992.951460629318
3496,1745.7276972736,2.0,2.0,1.4142135623730951,0.00032570542434953015,6140.517935782684,4342.001872389557
3497,1746.2277665039,4.0,3.75,2.0155644370746373,0.00032571029992402534,11513.298783841712,6188.212155233607
3498,1746.7278358684,3.0,2.5,1.7677669529663687,0.0003257152135815714,7675.416731413762,5427.339219215356
3499,1747.2279053671,2.0,0.5,1.5411035007422442,0.00032572016529519836,1535.0600094005626,4731.372708673259
3500,1747.727975,2.0,1.5,1.4577379737113252,0.00032572515503794886,4605.109482027083,4475.361976699313
3501,1748.2280447671,1.0,0.5,1.0606601717798212,0.0003257301827828668,1535.012800251619,3256.253880798213
3502,1748.7281146684,5.0,4.75,2.25,0.00032573524850305885,14582.394818580386,6907.450177222288
3503,1749.2281847039,2.0,1.5,1.4577379737113252,0.00032574035217161374,4604.894634637519,4475.1531825671
3504,1749.7282548736,0.0,-0.5,0.3535533905932738,0.0003257454937616825,-1534.940650217569,1085.3669424877316
3505,1750.2283251775,3.0,2.25,1.7853571071357124,0.0003257506732463869,6907.123099936543,5480.7472517035385
3506,1750.7283956156,2.0,1.25,1.4790199457749043,0.0003257558905989167,3837.229152485376,4540.270762427842
3507,1751.2284661879,2.0,1.25,1.4790199457749043,0.00032576114579248744,3837.1672501307457,4540.197518574091
3508,1751.7285368944001,1.0,0.25,1.0897247358851685,0.00032576643880030345,767.4209808741266,3345.110502783178
3509,1752.2286077351,2.0,1.5,1.4577379737113252,0.0003257717695956187,4604.45053867606,4474.721598869107
3510,1752.72867871,1.0,0.5,1.0606601717798212,0.0003257771381517006,1534.7915536269804,3255.784545832423
3511,1753.2287498191,1.0,1.0,1.0,0.0003257825444418357,3069.5321681930604,3069.5321681930604
3512,1753.7288210624001,2.0,0.5,1.5411035007422442,0.000325787988439348,1534.7404377773278,4730.387722778649
3513,1754.2288924399,2.0,1.0,1.5000000000000002,0.0003257934701175576,3069.4292296256435,4604.143844438466
3514,1754.7289639516,0.0,-0.75,0.4330127018922193,0.00032579898944983264,-2302.032923019508,1329.0793277886937
3515,1755.2290355975001,1.0,-0.5,1.1726039399558574,0.00032580454640956214,-1534.6624395212102,3599.102446169678
3516,1755.7291073776,2.0,1.5,1.4577379737113252,0.0003258101409701289,4603.908262442708,4474.194601097374
3517,1756.2291792919,3.0,1.0,1.8708286933869707,0.00032581577310498435,3069.219118737324,5741.983193625658
3518,1756.7292513404,4.0,3.5,2.03100960115899,0.0003258214427875687,10742.07998729523,6233.5050258898455
3519,1757.2293235231,3.0,2.25,1.7853571071357124,0.0003258271499913595,6905.501889758625,5479.460834319846
3520,1757.7293958399998,2.0,0.75,1.520690632574555,0.00032583289468983526,2301.7933800512533,4667.087508221418
3521,1758.2294682911,1.0,0.75,1.0307764064044151,0.00032583867685654266,2301.752533601784,3163.4562733577395
3522,1758.7295408764,4.0,2.75,2.0766559657295187,0.000325844496465005,8439.608555105193,6373.150347047666
3523,1759.2296135959,2.0,1.75,1.4361406616345074,0.00032585035348878266,5370.56345424601,4407.362601446269
3524,1759.7296864496002,3.0,1.75,1.8200274723201295,0.00032585624790147454,5370.466306139779,5585.369266482288
3525,1760.2297594375,1.0,-1.5,1.2747548783981961,0.00032586217967666054,-4603.17303925355,3911.944858599676
3526,1760.7298325596,2.0,-2.5,1.7677669529663689,0.0003258681487880086,-7671.814533878727,5424.792080911161
3527,1761.2299058158999,8.0,-2.75,3.2691742076555053,0.0003258741552091555,-8438.840442056444,10032.014369342221
3528,1761.7299792064,13.0,-1.25,4.0697051490249265,0.0003258801989137584,-3835.765425965026,12488.347443601326
3529,1762.2300527311,13.0,-5.0,4.183300132670377,0.0003258862798755479,-15342.775405915954,12836.686878220002
3530,1762.73012639,35.0,19.0,6.244997998398398,0.00032589239806820686,58301.45199036966,19162.760578083096
3531,1763.2302001831001,48.0,37.25,7.119515432949071,0.00032589855346552854,114299.37200976275,21845.802496641423
3532,1763.7302741104,76.0,71.0,8.789197915623474,0.0003259047460412405,217855.06612725285,26968.60976216429
3533,1764.2303481719,72.0,69.75,8.51836251870041,0.0003259109757691435,214015.49866613536,26137.08390334889
3534,1764.7304223675999,70.0,68.25,8.39270516579726,0.00032591724262304,209408.9881551275,25751.03145280463
3535,1765.2304966975,38.0,36.5,6.194755846681933,0.0003259235465767567,111989.45391754337,19006.776011573118
3536,1765.7305711616,30.0,29.0,5.5,0.0003259298876041773,88976.19120839509,16874.79488435079
3537,1766.2306457599,19.0,18.5,4.373213921133976,0.00032593626567914235,56759.562982205054,13417.389783311342
3538,1766.7307204924,3.0,2.75,1.7499999999999998,0.000325942680775585,8437.066276365947,5369.042175869239
3539,1767.2307953591,2.0,1.5,1.4577379737113252,0.00032594913286738514,4601.945054445922,4472.286705865902
3540,1767.7308703600002,2.0,2.0,1.4142135623730951,0.0003259556219285073,6135.804586425159,4338.66903109675
3541,1768.2309454951,3.0,1.5,1.8371173070873834,0.0003259621479329366,4601.761307293293,5635.9835604757145
3542,1768.7310207644,0.0,-1.25,0.5590169943749475,0.00032596871085462125,-3834.72388108283,1714.9406546086057
3543,1769.2310961679,2.0,1.0,1.5000000000000002,0.0003259753106676084,3067.7169935108473,4601.575490266271
3544,1769.7311717056,0.0,-1.5,0.6123724356957945,0.00032598194734590895,-4601.481806623808,1878.547081154737
3545,1770.2312473774998,2.0,1.5,1.4577379737113252,0.00032598862086357706,4601.3876068015725,4471.744964132886
3546,1770.7313231836001,2.0,1.25,1.4790199457749043,0.0003259953311946865,3834.4107426909495,4536.935974986783
3547,1771.2313991238998,1.0,0.5,1.0606601717798212,0.0003260020783133483,1533.7325534452805,3253.53806720315
3548,1771.7314751984,0.0,0.0,0.0,0.0003260088621936732,0.0,0.0
3549,1772.2315514071001,3.0,2.75,1.7499999999999998,0.0003260156828097984,8435.177032892569,5367.839930022543
3550,1772.73162775,3.0,2.5,1.7677669529663687,0.00032602254013589747,7668.181466710595,5422.223114480067
3551,1773.2317042271002,2.0,1.75,1.4361406616345074,0.000326029434146151,5367.613524168858,4404.9417359989675
3552,1773.7317808384,2.0,1.0,1.5000000000000002,0.0003260363648147643,3067.142527393054,4600.713791089582
3553,1774.2318575839001,3.0,2.25,1.7853571071357124,0.00032604333211596855,6900.923215935329,5475.8276930524335
3554,1774.7319344635998,4.0,3.25,2.0463381929681126,0.0003260503360240131,9967.786077547984,6276.141953791463
3555,1775.2320114775,2.0,2.0,1.4142135623730951,0.00032605737651316053,6133.889750901786,4337.315037913316
3556,1775.7320886256,2.0,1.75,1.4361406616345074,0.00032606445355774083,5367.037041006688,4404.468644050431
3557,1776.2321659079,3.0,2.75,1.7499999999999998,0.0003260715671320238,8433.731355934346,5366.919953776401
3558,1776.7322433244,2.0,1.75,1.4361406616345074,0.000326078717210402,5366.802270848036,4404.2759794955855
3559,1777.2323208751,3.0,2.5,1.7677669529663687,0.00032608590376717063,7666.691418176209,5421.169491057105
3560,1777.73239856,0.0,-1.0,0.5,0.0003260931267767535,-3066.608639944164,1533.304319972082
3561,1778.2324763791,0.0,-0.5,0.3535533905932738,0.0003261003862135636,-1533.270186538661,1084.1857462926498
3562,1778.7325543324,1.0,0.5,1.0606601717798212,0.0003261076820519889,1533.235883478172,3252.4844710978873
3563,1779.2326324198998,2.0,1.0,1.5000000000000002,0.00032611501426648614,3066.4028218671533,4599.604232800731
3564,1779.7327106416,5.0,4.5,2.2638462845343543,0.00032612238283156054,13798.500921429279,6941.707787360341
3565,1780.2327889975002,1.0,0.5,1.0606601717798212,0.0003261297877216515,1533.131957963757,3252.264011789944
3566,1780.7328674876,2.0,1.75,1.4361406616345074,0.0003261372289113018,5365.83942238603,4403.485816165712
3567,1781.2329461119,0.0,-1.0,0.5,0.00032614470637503117,-3066.1236575463777,1533.0618287731888
3568,1781.7330248704,1.0,0.25,1.0897247358851685,0.00032615222008740193,766.5132554762474,3341.1538195053377
3569,1782.2331037631,3.0,1.25,1.8540496217739155,0.0003261597700229837,3832.4775612636577,5684.482858334322
3570,1782.73318279,2.0,1.25,1.4790199457749043,0.0003261673561563641,3832.3884239376553,4534.543135168513
3571,1783.2332619511,0.0,-0.75,0.4330127018922193,0.00032617497846219255,-2299.3793194560867,1327.54726905703
3572,1783.7333412464,1.0,1.0,1.0,0.00032618263691508865,3065.7671096708877,3065.7671096708877
3573,1784.2334206759,1.0,0.0,1.118033988749895,0.000326190331489703,0.0,3427.5509750514734
3574,1784.7335002396,4.0,3.25,2.0463381929681126,0.0003261980621607348,9963.27194120042,6273.299661601836
3575,1785.2335799375,0.0,-0.25,0.25,0.00032620582890289677,-766.3872863363783,766.3872863363783
3576,1785.7336597696,1.0,0.5,1.0606601717798212,0.0003262136316909138,1532.7379098423087,3251.4281094935745
3577,1786.2337397359,1.0,0.25,1.0897247358851685,0.00032622147049950504,766.350539764302,3340.444558160441
3578,1786.7338198364,2.0,0.75,1.520690632574555,0.0003262293453034635,2298.9961228115103,4661.41582437958
3579,1787.2339000711,2.0,1.25,1.4790199457749043,0.00032623725607757625,3831.5672925558247,4533.57155941505
3580,1787.73398044,1.0,0.75,1.0307764064044151,0.0003262452027966617,2298.8843776729836,3159.5143700760113
3581,1788.2340609430998,2.0,1.0,1.5000000000000002,0.0003262531854355076,3065.104172592595,4597.656258888894
3582,1788.7341415804,2.0,1.5,1.4577379737113252,0.00032626120396903085,4597.543262123137,4468.008932651691
3583,1789.2342223519001,1.0,0.75,1.0307764064044151,0.0003262692583720809,2298.714882738637,3159.2814215702383
3584,1789.7343032576,1.0,0.5,1.0606601717798212,0.00032627734861954467,1532.438589793202,3250.7931557841694
3585,1790.2343842975001,2.0,1.0,1.5000000000000002,0.00032628547468633375,3064.8008495055583,4597.201274258338
3586,1790.7344654715998,1.0,0.75,1.0307764064044151,0.00032629363654739657,2298.5431402707018,3159.045384125005
3587,1791.2345467799,2.0,2.0,1.4142135623730951,0.00032630183417771836,6129.294384875298,4334.065623433952
3588,1791.7346282223998,2.0,1.25,1.4790199457749043,0.0003263100675522243,3830.7123325269263,4532.559957066585
3589,1792.2347097991,6.0,4.75,2.5124689052802225,0.00032631833664597957,14556.33798830386,7699.441383234256
3590,1792.73479151,1.0,0.0,1.118033988749895,0.0003263266414339401,0.0,3426.1192522836786
3591,1793.2348733551,1.0,0.75,1.0307764064044151,0.0003263349818911841,2298.2519240002484,3158.645145644012
3592,1793.7349553344002,2.0,1.75,1.4361406616345074,0.0003263433579928145,5362.450183645324,4400.704431269989
3593,1794.2350374479,4.0,3.5,2.03100960115899,0.0003263517697138556,10724.623932846423,6223.375478980164
3594,1794.7351196956001,2.0,1.5,1.4577379737113252,0.0003263602170294164,4596.148432714143,4466.653402120799
3595,1795.2352020775,1.0,0.0,1.118033988749895,0.0003263686999146621,0.0,3425.6777351573087
3596,1795.7352845936,3.0,2.5,1.7677669529663687,0.000326377218344715,7659.848357919195,5416.330716745303
3597,1796.2353672438999,1.0,0.25,1.0897247358851685,0.00032638577229477083,765.964760786864,3338.7629865832464
3598,1796.7354500284,0.0,-0.75,0.4330127018922193,0.00032639436173998923,-2297.8338106142332,1326.654969111151
3599,1797.2355329471002,3.0,1.5,1.8371173070873834,0.00032640298665558465,4595.546184700745,5628.37162095542
3600,1797.735616,3.0,2.0,1.8027756377319946,0.0003264116470168209,6127.232340753253,5523.0125953167735
3601,1798.2356991871002,4.0,3.75,2.0155644370746373,0.0003264203427988947,11488.254585622897,6174.751303157636
3602,1798.7357825084,0.0,-0.5,0.3535533905932738,0.0003264290739771373,-1531.7263070599508,1083.0940586439192
3603,1799.2358659639,1.0,0.0,1.118033988749895,0.0003264378405268127,0.0,3424.952165305305
3604,1799.7359495536,1.0,0.0,1.118033988749895,0.00032644664242323444,0.0,3424.859819205542
3605,1800.2360332775,3.0,2.75,1.7499999999999998,0.00032645547964174686,8423.81326549598,5360.608441679259
3606,1800.7361171356,1.0,-0.5,1.1726039399558574,0.0003264643521577058,-1531.560786638242,3591.82842538779
3607,1801.2362011279,0.0,0.0,0.0,0.0003264732599464866,0.0,0.0
3608,1801.7362852544002,3.0,2.25,1.7853571071357124,0.0003264822029834882,6891.6467098018,5468.466859205819
3609,1802.2363695151,3.0,2.5,1.7677669529663687,0.00032649118124412267,7657.17466080871,5414.44012738764
3610,1802.7364539100001,1.0,0.0,1.118033988749895,0.0003265001947038447,0.0,3424.2980766489864
3611,1803.2365384391,0.0,-1.25,0.5590169943749475,0.00032650924333809067,-3828.375537612765,1712.1015890998892
3612,1803.7366231024,3.0,2.25,1.7853571071357124,0.0003265183271223643,6890.88425703223,5467.861858996483
3613,1804.2367078999,5.0,3.25,2.331844763272204,0.00032652744603215117,9953.221511676516,7141.343833751119
3614,1804.7367928316,4.0,2.5,2.091650066335189,0.00032653660004297954,7656.109605082383,6405.560865336017
3615,1805.2368778974999,2.0,1.75,1.4361406616345074,0.00032654578913037815,5359.125912051762,4397.976361780943
3616,1805.7369630976,1.0,0.5,1.0606601717798212,0.0003265550132699242,1531.1355810872499,3248.0290569083977
3617,1806.2370484319001,0.0,-0.25,0.25,0.0003265642724372074,-765.5460841879775,765.5460841879775
3618,1806.7371339004,0.0,-1.5,0.6123724356957945,0.00032657356660781734,-4593.145782069227,1875.143913381065
3619,1807.2372195031,1.0,0.75,1.0307764064044151,0.0003265828957573808,2296.5072872560254,3156.2473717857574
3620,1807.7373052399998,0.0,0.0,0.0,0.0003265922598615056,0.0,0.0
3621,1808.2373911111001,5.0,4.25,2.277608394786075,0.00032660165889592847,13012.793671554073,6973.6583778707445
3622,1808.7374771164,3.0,2.25,1.7853571071357124,0.00032661109283629397,6888.927073667271,5466.308849560661
3623,1809.2375632559,1.0,0.5,1.0606601717798212,0.000326620561658296,1530.8283026072625,3247.3772208176624
3624,1809.7376495295998,2.0,1.25,1.4790199457749043,0.0003266300653376896,3826.9594034697193,4528.1194315220355
3625,1810.2377359375,2.0,1.0,1.5000000000000002,0.00032663960385020464,3061.4781190421577,4592.217178563237
3626,1810.7378224796,2.0,1.75,1.4361406616345074,0.0003266491771715906,5357.429690020972,4396.584354106898
3627,1811.2379091559,0.0,-0.5,0.3535533905932738,0.0003266587852776625,-1530.649174412977,1082.3324108450065
3628,1811.7379959664001,2.0,1.25,1.4790199457749043,0.0003266684281442246,3826.5099786384103,4527.5876648903295
3629,1812.2380829111,2.0,1.5,1.4577379737113252,0.0003266781057470806,4591.675945253962,4462.306925582363
3630,1812.73816999,1.0,0.5,1.0606601717798212,0.0003266878180621007,1530.513145442583,3246.708671512809
3631,1813.2382572031,2.0,1.25,1.4790199457749043,0.0003266975650651377,3826.1687066776026,4527.183866460755
3632,1813.7383445504,1.0,0.25,1.0897247358851685,0.0003267073467320745,765.2108301225913,3335.4766790072454
3633,1814.2384320319,0.0,-0.5,0.3535533905932738,0.00032671716303886086,-1530.3756783065855,1082.1390198935492
3634,1814.7385196476,1.0,0.0,1.118033988749895,0.0003267270139613492,0.0,3421.9208727018663
3635,1815.2386073975001,0.0,-1.0,0.5,0.0003267368994755505,-3060.5664729178507,1530.2832364589253
3636,1815.7386952816,2.0,1.25,1.4790199457749043,0.00032674681955740837,3825.5919420827877,4526.501429388956
3637,1816.2387832999,2.0,1.25,1.4790199457749043,0.00032675677418292104,3825.475395653894,4526.363529794602
3638,1816.7388714524,1.0,0.5,1.0606601717798212,0.0003267667633280814,1530.143380885982,3245.924282436564
3639,1817.2389597391,2.0,1.25,1.4790199457749043,0.0003267767869689179,3825.2411121200494,4526.086321778984
3640,1817.7390481599998,0.0,-1.25,0.5590169943749475,0.00032678684508149005,-3825.1233757230666,1710.6471780880493
3641,1818.2391367151,0.0,-1.25,0.5590169943749475,0.0003267969376418691,-3825.0052433779306,1710.5943476972361
3642,1818.7392254044,2.0,1.25,1.4790199457749043,0.0003268070646261447,3824.886715438524,4525.66699397043
3643,1819.2393142279,0.0,-0.25,0.25,0.00032681722601038784,-764.9535584518234,764.9535584518234
3644,1819.7394031856002,1.0,-0.25,1.14564392373896,0.0003268274217707552,-764.92969483863,3505.348227917493
3645,1820.2394922775,4.0,3.0,2.0615528128088303,0.0003268376518834088,9178.86902782601,6307.574420906187
3646,1820.7395815036,2.0,1.25,1.4790199457749043,0.00032684791632449296,3824.408654816102,4525.101345013749
3647,1821.2396708638998,1.0,0.75,1.0307764064044151,0.00032685821507019393,2294.572892527529,3153.5888005233473
3648,1821.7397603584,1.0,0.5,1.0606601717798212,0.00032686854809674086,1529.666904054711,3244.9135224411543
3649,1822.2398499871,0.0,-0.75,0.4330127018922193,0.00032687891538031393,-2294.4275837656805,1324.688383123218
3650,1822.73993975,2.0,2.0,1.4142135623730951,0.00032688931689723314,6118.2788687730545,4326.276477299786
3651,1823.2400296471,1.0,0.0,1.118033988749895,0.00032689975262369656,0.0,3420.11267912122
3652,1823.7401196783999,2.0,1.0,1.5000000000000002,0.00032691022253602436,3058.943804945725,4588.415707418588
3653,1824.2402098439002,0.0,-1.0,0.5,0.00032692072661051136,-3058.845520037601,1529.4227600188005
3654,1824.7403001436,1.0,0.25,1.0897247358851685,0.00032693126482349547,764.6867305119034,3333.1921817679076
3655,1825.2403905775,1.0,0.0,1.118033988749895,0.0003269418371513144,0.0,3419.6724362090413
3656,1825.7404811456,0.0,-0.5,0.3535533905932738,0.0003269524435703236,-1529.2743939760644,1081.3602942754233
3657,1826.2405718479001,2.0,0.5,1.5411035007422442,0.000326963084056927,1529.2246262056478,4713.386849733548
3658,1826.7406626844,0.0,-0.75,0.4330127018922193,0.00032697375858749256,-2293.762053688822,1324.3041391541901
3659,1827.2407536551,1.0,0.25,1.0897247358851685,0.0003269844671384968,764.5623114388201,3332.6498516016886
3660,1827.74084476,3.0,2.75,1.7499999999999998,0.00032699520968634306,8409.909131812134,5351.7603566077205
3661,1828.2409359991,3.0,2.5,1.7677669529663687,0.00032700598620752645,7645.11998386915,5405.9161835786645
3662,1828.7410273724001,1.0,0.75,1.0307764064044151,0.0003270167966784924,2293.460175800587,3152.059517657823
3663,1829.2411188799,4.0,3.25,2.0463381929681126,0.00032702764107575945,9937.997868648365,6257.386030846415
3664,1829.7412105216001,0.0,-1.0,0.5,0.0003270385193758583,-3057.743784764148,1528.871892382074
3665,1830.2413022975,1.0,0.25,1.0897247358851685,0.000327049431555331,764.4104403762108,3331.9878609873267
3666,1830.7413942076,3.0,2.5,1.7677669529663687,0.000327060377590726,7643.848571374269,5405.017159181849
3667,1831.2414862519,3.0,1.75,1.8200274723201295,0.0003270713574586217,5350.514375815972,5564.618945730777
3668,1831.7415784304,3.0,3.0,1.7320508075688772,0.00032708237113562665,9172.001504037135,5295.457537363492
3669,1832.2416707431,0.0,-1.75,0.6614378277661477,0.0003270934185983555,-5350.153505072078,2022.1679500630378
3670,1832.74176319,1.0,0.75,1.0307764064044151,0.0003271044998234464,2292.8452540543162,3151.214388554035
3671,1833.2418557711,4.0,3.75,2.0155644370746373,0.00032711561478756173,11463.836730739245,6161.627100508799
3672,1833.7419484864,2.0,0.75,1.520690632574555,0.00032712676346737,2292.6892072369687,4648.628001133388
3673,1834.2420413359,0.0,0.0,0.0,0.00032713794583957574,0.0,0.0
3674,1834.7421343196,2.0,1.25,1.4790199457749043,0.0003271491618809016,3820.8870620767834,4520.93454029187
3675,1835.2422274375,2.0,1.0,1.5000000000000002,0.00032716041156805715,3056.60454211764,4584.906813176461
3676,1835.7423206895999,1.0,0.5,1.0606601717798212,0.0003271716948778191,1528.2495638466614,3241.9068898240735
3677,1836.2424140759,1.0,0.0,1.118033988749895,0.0003271830117869394,0.0,3417.151711648022
3678,1836.7425075964002,1.0,0.75,1.0307764064044151,0.0003271943622722428,2292.2155344961625,3150.3489218031064
3679,1837.2426012511,0.0,-0.5,0.3535533905932738,0.0003272057463105168,-1528.090522974808,1080.5231710623846
3680,1837.7426950400002,1.0,0.75,1.0307764064044151,0.0003272171638786098,2292.0558051112293,3150.129394761242
3681,1838.2427889630999,4.0,3.25,2.0463381929681126,0.0003272286149533453,9931.894252167922,6253.542934378981
3682,1838.7428830204,3.0,2.25,1.7853571071357124,0.00032724009951162536,6875.685477904176,5455.801748624902
3683,1839.2429772118999,4.0,3.25,2.0463381929681126,0.0003272516175303219,9931.196137476287,6253.103371684654
3684,1839.7430715376,1.0,0.75,1.0307764064044151,0.0003272631689863483,2291.7335987517927,3149.686564476841
3685,1840.2431659975,1.0,0.25,1.0897247358851685,0.0003272747538566117,763.8841586587276,3329.6938521649845
3686,1840.7432605916,2.0,1.75,1.4361406616345074,0.00032728637211808004,5346.99929201032,4388.024629135396
3687,1841.2433553199,0.0,-0.25,0.25,0.0003272980237477021,-763.8298488252183,763.8298488252183
3688,1841.7434501824,2.0,1.25,1.4790199457749043,0.00032730970872249347,3819.01290028583,4518.717002155527
3689,1842.2435451791,1.0,0.75,1.0307764064044151,0.0003273214270194023,2291.3257064455574,3149.1259701226795
3690,1842.7436403099998,0.0,-0.5,0.3535533905932738,0.00032733317861551644,-1527.49563033846,1080.102518445145
3691,1843.2437355751001,3.0,2.25,1.7853571071357124,0.00032734496348782574,6873.482872705569,5454.053998915769
3692,1843.7438309744,3.0,2.25,1.7853571071357124,0.0003273567816134166,6873.23472851428,5453.857098473319
3693,1844.2439265079,1.0,-0.5,1.1726039399558574,0.00032736863296936385,-1527.3302010177363,3581.9068226539384
3694,1844.7440221756,5.0,3.75,2.304886114323222,0.00032738051753274073,11454.56066922177,7040.388755243246
3695,1845.2441179775,6.0,3.25,2.58602010819715,0.0003273924352807061,9926.924540004879,7898.838914771802
3696,1845.7442139136,6.0,4.0,2.5495097567963922,0.000327404386190369,12217.307307771385,7787.036045735752
3697,1846.2443099839,6.0,5.0,2.5,0.00032741637023887496,15271.075164482834,7635.537582241417
3698,1846.7444061884,9.0,7.0,3.082207001484488,0.00032742838740343555,21378.720566995507,9413.377459196281
3699,1847.2445025271,15.0,14.5,3.8890872965260117,0.0003274404376611894,44282.862872921956,11877.235824336838
3700,1847.744599,8.0,7.5,2.8504385627478452,0.00032745252098941393,22904.083857221132,8704.891182804471
3701,1848.2446956070999,14.0,14.0,3.7416573867739413,0.00032746463736528904,42752.707934026184,11426.141817566997
3702,1848.7447923484,7.0,7.0,2.6457513110645907,0.00032747678676606104,21375.560903498717,8079.2026121675335
3703,1849.2448892239001,1.0,0.5,1.0606601717798212,0.0003274889691690245,1526.7689817727528,3238.7661009503813
3704,1849.7449862336,2.0,1.0,1.5000000000000002,0.00032750118455146103,3053.424070418492,4580.136105627739
3705,1850.2450833775001,4.0,3.25,2.0463381929681126,0.000327513432890652,9923.257105259216,6248.104619425885
3706,1850.7451806556,4.0,3.75,2.0155644370746373,0.0003275257141639388,11449.482705724246,6153.912043882369
3707,1851.2452780679,2.0,1.25,1.4790199457749043,0.00032753802834868066,3816.350749566436,4515.567102945412
3708,1851.7453756144,1.0,0.0,1.118033988749895,0.0003275503754222117,0.0,3413.3192102398043
3709,1852.2454732951,3.0,2.5,1.7677669529663687,0.0003275627553619146,7632.125322788369,5396.727570609223
3710,1852.74557111,1.0,0.5,1.0606601717798212,0.00032757516814520157,1526.367223837825,3237.913843669832
3711,1853.2456690591,1.0,0.25,1.0897247358851685,0.00032758761374946613,763.1546172902498,3326.513855064657
3712,1853.7457671424002,0.0,-0.5,0.3535533905932738,0.00032760009215218003,-1526.2510969250127,1079.222500429083
3713,1854.2458653598999,0.0,-0.75,0.4330127018922193,0.00032761260333077224,-2289.289216516395,1321.7217454086478
3714,1854.7459637116,1.0,0.5,1.0606601717798212,0.00032762514726270123,1526.1343769777313,3237.4199008885817
3715,1855.2460621975,2.0,1.75,1.4361406616345074,0.000327637723925492,5341.265282376235,4383.319003769846
3716,1855.7461608176,6.0,5.0,2.5,0.00032765033329662,15260.170651111557,7630.085325555779
3717,1856.2462595718998,2.0,1.25,1.4790199457749043,0.000327662975353664,3814.89546889089,4513.845191628745
3718,1856.7463584604,3.0,3.0,1.7320508075688772,0.00032767565007410407,9155.394974638939,5285.869753145138
3719,1857.2464574831001,2.0,1.75,1.4361406616345074,0.0003276883574355543,5340.439964651989,4382.641705288384
3720,1857.7465566399999,1.0,0.75,1.0307764064044151,0.0003277010974155847,2288.6710051167856,3145.4774321283485
3721,1858.2466559311001,3.0,3.0,1.7320508075688772,0.00032771386999176535,9154.327218666036,5285.253283946753
3722,1858.7467553564,2.0,1.25,1.4790199457749043,0.00032772667514178083,3814.1539728471175,4512.967841677983
3723,1859.2468549159,0.0,-0.75,0.4330127018922193,0.0003277395128432303,-2288.402742450991,1321.2099393683575
3724,1859.7469546096,2.0,1.25,1.4790199457749043,0.00032775238307377247,3813.8548018387482,4512.613857767123
3725,1860.2470544375,1.0,0.25,1.0897247358851685,0.00032776528581106583,762.7409332912327,3324.710648318382
3726,1860.7471543995998,3.0,2.25,1.7853571071357124,0.0003277782210328476,6864.397496911551,5446.844825473614
3727,1861.2472544959,2.0,1.5,1.4577379737113252,0.0003277911887167923,4576.083957204786,4447.154236872406
3728,1861.7473547264,1.0,0.0,1.118033988749895,0.00032780418884065417,0.0,3410.6763330390872
3729,1862.2474550911,1.0,1.0,1.0,0.0003278172213821678,3050.480373739135,3050.480373739135
3730,1862.74755559,1.0,0.0,1.118033988749895,0.00032783028631909125,0.0,3410.4048204431747
3731,1863.2476562231,4.0,3.75,2.0155644370746373,0.0003278433836292493,11438.388533229605,6147.949105338645
3732,1863.7477569904001,1.0,0.5,1.0606601717798212,0.0003278565132903808,1525.0573947181358,3235.135276511649
3733,1864.2478578919,2.0,0.75,1.520690632574555,0.0003278696752803872,2287.4942592925554,4638.094789565679
3734,1864.7479589276,2.0,1.5,1.4577379737113252,0.00032788286957703065,4574.804417001114,4445.910747309883
3735,1865.2480600975,0.0,-0.5,0.3535533905932738,0.0003278960961582177,-1524.8732932725677,1078.2482461232958
3736,1865.7481614016,1.0,0.5,1.0606601717798212,0.00032790935500179346,1524.8116358170548,3234.6139431551746
3737,1866.2482628399,1.0,0.75,1.0307764064044151,0.0003279226460856875,2287.124750158371,3143.3523079557885
3738,1866.7483644124,2.0,1.0,1.5000000000000002,0.00032793596938778013,3049.375772553674,4574.0636588305115
3739,1867.2484661191002,1.0,0.5,1.0606601717798212,0.0003279493248860174,1524.6257944692547,3234.219714123412
3740,1867.74856796,4.0,3.25,2.0463381929681126,0.000327962712558363,9909.663128004657,6239.545273318088
3741,1868.2486699351,1.0,0.0,1.118033988749895,0.00032797613238273195,0.0,3408.8882646045854
3742,1868.7487720443999,1.0,0.75,1.0307764064044151,0.00032798958433715835,2286.6579788370173,3142.7107921354723
3743,1869.2488742879,0.0,-0.25,0.25,0.00032800306839962884,-762.1879917763687,762.1879917763687
3744,1869.7489766656,2.0,1.25,1.4790199457749043,0.0003280165845481521,3810.7829264849343,4508.979165831743
3745,1870.2490791774999,3.0,2.75,1.7499999999999998,0.0003280301327607915,8383.376176009338,5334.875748369579
3746,1870.7491818236,2.0,0.75,1.520690632574555,0.00032804371301558524,2286.2806700531637,4635.634131181498
3747,1871.2492846039,1.0,0.75,1.0307764064044151,0.0003280573252906064,2286.1858040682973,3142.0618499870775
3748,1871.7493875184,3.0,2.25,1.7853571071357124,0.000328070969563953,6858.272168947252,5441.984426444904
3749,1872.2494905670999,3.0,2.25,1.7853571071357124,0.0003280846458137269,6857.9862810082805,5441.757576638821
3750,1872.74959375,3.0,2.25,1.7853571071357124,0.0003280983540180844,6857.699749008746,5441.530215775802
3751,1873.2496970671,1.0,0.5,1.0606601717798212,0.00032811209415513896,1523.869460793446,3232.6152881104
3752,1873.7498005184,3.0,3.0,1.7320508075688772,0.00032812586620306296,9142.833007085852,5278.617097796811
3753,1874.2499041038998,6.0,5.5,2.4748737341529163,0.0003281396701400465,16761.155387438095,7542.135131350216
3754,1874.7500078236,1.0,0.0,1.118033988749895,0.0003281535059442795,0.0,3407.0456920235897
3755,1875.2501116775002,1.0,0.0,1.118033988749895,0.0003281673735939867,0.0,3406.9017175764166
3756,1875.7502156655999,3.0,2.0,1.8027756377319946,0.0003281812730673922,6094.19294802144,5493.231289165587
3757,1876.2503197879,3.0,2.25,1.7853571071357124,0.0003281952043427678,6855.6760434868975,5439.924421537499
3758,1876.7504240444,3.0,2.25,1.7853571071357124,0.00032820916739836024,6855.384381354246,5439.692989954649
3759,1877.2505284351,2.0,1.25,1.4790199457749043,0.000328223162212476,3808.384489303073,4506.141296687214
3760,1877.7506329599998,1.0,0.75,1.0307764064044151,0.00032823718876342074,2284.9330474267736,3140.340100668345
3761,1878.2507376191,0.0,-0.25,0.25,0.00032825124702950536,-761.6117296198066,761.6117296198066
3762,1878.7508424124,4.0,3.75,2.0155644370746373,0.00032826533698907624,11423.685590430736,6140.046511038446
3763,1879.2509473399,0.0,-0.25,0.25,0.0003282794586205092,-761.5462784377253,761.5462784377253
3764,1879.7510524016002,1.0,0.75,1.0307764064044151,0.00032829361190214875,2284.5403407470053,3139.8003769614884
3765,1880.2511575975,2.0,1.75,1.4361406616345074,0.0003283077968124114,5330.363814051956,4374.372694094407
3766,1880.7512629276,2.0,1.75,1.4361406616345074,0.0003283220133297068,5330.13300647197,4374.183281436903
3767,1881.2513683918999,4.0,3.0,2.0615528128088303,0.0003283362614324677,9136.974353400929,6278.785059605276
3768,1881.7514739904,1.0,0.0,1.118033988749895,0.00032835054109912014,0.0,3405.00120696433
3769,1882.2515797231,2.0,1.25,1.4790199457749043,0.00032836485230816154,3806.7411637190353,4504.196887634259
3770,1882.75168559,1.0,0.75,1.0307764064044151,0.00032837919503804063,2283.9449372336676,3138.9820731030363
3771,1883.2517915911,2.0,0.75,1.520690632574555,0.0003283935692672775,2283.8449658847603,4630.695527831345
3772,1883.7518977263999,0.0,-0.5,0.3535533905932738,0.0003284079749743911,-1522.4965229269765,1076.5676156946051
3773,1884.2520039959002,2.0,1.0,1.5000000000000002,0.00032842241213791216,3044.8591906086995,4567.288785913051
3774,1884.7521103996,3.0,2.5,1.7677669529663687,0.00032843688073637585,7611.812639295699,5382.36433436746
3775,1885.2522169375,4.0,3.0,2.0615528128088303,0.00032845138074837185,9133.771924369878,6276.584400746348
3776,1885.7523236096,0.0,-0.25,0.25,0.00032846591215248175,-761.1139870244557,761.1139870244557
3777,1886.2524304159,2.0,1.25,1.4790199457749043,0.0003284804749273296,3805.4012198945466,4502.611444720149
3778,1886.7525373564,3.0,2.5,1.7677669529663687,0.000328495069051495,7610.464312960811,5381.410923672808
3779,1887.2526444311,0.0,-0.75,0.4330127018922193,0.00032850969450364263,-2283.03764713307,1318.112400142328
3780,1887.75275164,1.0,0.0,1.118033988749895,0.0003285243512624413,0.0,3403.199745935286
3781,1888.2528589831,2.0,1.25,1.4790199457749043,0.00032853903930652904,3804.7228805394475,4501.808822771193
3782,1888.7529664604,2.0,0.75,1.520690632574555,0.0003285537586146273,2282.7314566798254,4628.437790475039
3783,1889.2530740718998,0.0,-1.0,0.5,0.00032856850916543914,-3043.5053028666393,1521.7526514333197
3784,1889.7531818176,4.0,2.75,2.0766559657295187,0.0003285832909376838,8369.263063110353,6320.029115915571
3785,1890.2532896975,1.0,0.5,1.0606601717798212,0.0003285981039101165,1521.6155968348744,3227.834120643466
3786,1890.7533977116,2.0,0.75,1.520690632574555,0.0003286129480614671,2282.3202932944455,4627.604120730232
3787,1891.2535058598999,1.0,0.75,1.0307764064044151,0.0003286278233705491,2282.216984270156,3136.6072289081503
3788,1891.7536141424,1.0,0.5,1.0606601717798212,0.0003286427298161391,1521.4089789228797,3227.395817863408
3789,1892.2537225591002,1.0,0.25,1.0897247358851685,0.00032865766737705417,760.6699152805288,3315.683290099471
3790,1892.75383111,1.0,0.0,1.118033988749895,0.00032867263603211756,0.0,3401.664349814147
3791,1893.2539397951,2.0,1.25,1.4790199457749043,0.0003286876357601931,3803.002802673071,4499.773599193068
3792,1893.7540486143998,1.0,0.25,1.0897247358851685,0.00032870266654010707,760.5657801060033,3315.2293753972463
3793,1894.2541575679,1.0,-1.0,1.224744871391589,0.0003287177283507884,-3042.123724257605,3725.8254294231815
3794,1894.7542666555998,3.0,3.0,1.7320508075688772,0.00032873282117110993,9125.952161735804,5268.870937189813
3795,1895.2543758775,6.0,5.0,2.5,0.00032874794497998006,15209.22054829723,7604.610274148615
3796,1895.7544852335998,2.0,1.75,1.4361406616345074,0.00032876309975634195,5322.981810601577,4368.31463962617
3797,1896.2545947239,3.0,2.75,1.7499999999999998,0.00032877828547912634,8364.29935143814,5322.735950915179
3798,1896.7547043484,3.0,2.75,1.7499999999999998,0.0003287935021273348,8363.91224950359,5322.489613320466
3799,1897.2548141071,1.0,0.75,1.0307764064044151,0.0003288087496799261,2280.9611992688033,3134.8813175069363
3800,1897.754924,2.0,0.5,1.5411035007422442,0.0003288240281158998,1520.5701446603719,4686.71194612048
3801,1898.2550340271,2.0,1.25,1.4790199457749043,0.00032883933741430314,3801.2483841771364,4497.697743234089
3802,1898.7551441884,1.0,0.25,1.0897247358851685,0.00032885467755410923,760.2142133400714,3313.696931392642
3803,1899.2552544839,2.0,1.75,1.4361406616345074,0.0003288700485144234,5321.250773383364,4366.894060805667
3804,1899.7553649136,2.0,1.25,1.4790199457749043,0.000328885450274308,3800.7154130942345,4497.067123344382
3805,1900.2554754775,0.0,-1.0,0.5,0.0003289008828128235,-3040.4296621152484,1520.2148310576242
3806,1900.7555861756,2.0,1.25,1.4790199457749043,0.0003289163461090842,3800.3584035481194,4496.644703952753
3807,1901.2556970079002,2.0,1.75,1.4361406616345074,0.0003289318401422093,5320.251147603743,4366.0737161036495
3808,1901.7558079743999,1.0,1.0,1.0,0.00032894736489132853,3040.0000326202985,3040.0000326202985
3809,1902.2559190751,0.0,-0.25,0.25,0.0003289629203356195,-759.9640705552506,759.9640705552506
3810,1902.75603031,2.0,2.0,1.4142135623730951,0.0003289785064542218,6079.42452397967,4298.802306617824
3811,1903.2561416791,0.0,-0.25,0.25,0.000328994123226335,-759.8919930494012,759.8919930494012
3812,1903.7562531823999,0.0,-0.75,0.4330127018922193,0.0003290097706311693,-2279.567559836314,1316.1089443074343
3813,1904.2563648199,2.0,1.25,1.4790199457749043,0.00032902544864791525,3799.0982312666174,4495.153648001189
3814,1904.7564765916002,2.0,1.75,1.4361406616345074,0.0003290411572558598,5318.483604284233,4364.623178485164
3815,1905.2565884975,1.0,-0.25,1.14564392373896,0.00032905689643421537,-759.7470307083495,3481.5982772389502
3816,1905.7567005376002,1.0,-0.25,1.14564392373896,0.00032907266616225423,-759.71062232417,3481.431433062517
3817,1906.2568127119,2.0,1.75,1.4361406616345074,0.0003290884664192894,5317.719028689194,4363.995728141776
3818,1906.7569250204,0.0,-0.5,0.3535533905932738,0.00032910429718459083,-1519.2752093405688,1074.2898030133279
3819,1907.2570374631,0.0,0.0,0.0,0.00032912015843750543,0.0,0.0
3820,1907.75715004,0.0,-0.75,0.4330127018922193,0.0003291360501573734,-2278.6929588581816,1315.603993197276
3821,1908.2572627511,3.0,2.0,1.8027756377319946,0.0003291519723235273,6076.22061591105,5477.031247924668
3822,1908.7573755964,3.0,2.75,1.7499999999999998,0.0003291679249153528,8354.398444827746,5316.435373981293
3823,1909.2574885759002,2.0,1.25,1.4790199457749043,0.000329183907912235,3797.269459275231,4492.989815799961
3824,1909.7576016896,1.0,0.5,1.0606601717798212,0.000329199921293569,1518.8338989732547,3221.933248379976
3825,1910.2577149375002,4.0,3.0,2.0615528128088303,0.00032921596503877957,9112.559288085007,6262.007410746293
3826,1910.7578283195999,2.0,2.0,1.4142135623730951,0.0003292320391273263,6074.74292386995,4295.491915433437
3827,1911.2579418359,1.0,0.75,1.0307764064044151,0.00032924814353860725,2277.9171719522724,3130.6977021224952
3828,1911.7580554863998,1.0,1.0,1.0,0.00032926427825215185,3037.074064967947,3037.074064967947
3829,1912.2581692711,2.0,1.5,1.4577379737113252,0.00032928044324740383,4555.387453949033,4427.040851059771
3830,1912.75828319,1.0,0.5,1.0606601717798212,0.00032929663850390884,1518.387804599666,3220.986939310135
3831,1913.2583972431,3.0,2.75,1.7499999999999998,0.0003293128640011382,8350.721458577746,5314.095473640384
3832,1913.7585114304002,1.0,0.25,1.0897247358851685,0.0003293291197186591,759.1190241955259,3308.923112587505
3833,1914.2586257519,1.0,0.0,1.118033988749895,0.00032934540563603093,0.0,3394.715607435758
3834,1914.7587402076,1.0,0.75,1.0307764064044151,0.0003293617217327942,2277.1316474003097,3129.618101889409
3835,1915.2588547975,0.0,-0.75,0.4330127018922193,0.00032937806798857247,-2277.018638733471,1314.6373240225648
3836,1915.7589695216,2.0,1.75,1.4361406616345074,0.00032939444438292753,5312.779343556841,4359.941966613637
3837,1916.2590843798998,1.0,0.5,1.0606601717798212,0.00032941085089550475,1517.8613535065647,3219.8701678964494
3838,1916.7591993724,2.0,1.75,1.4361406616345074,0.00032942728750592985,5312.24967199628,4359.5072906905325
3839,1917.2593144991001,2.0,1.75,1.4361406616345074,0.00032944375419383326,5311.984148196541,4359.289388104568
3840,1917.7594297599999,3.0,3.0,1.7320508075688772,0.00032946025093892926,9105.802570872496,5257.237565480822
3841,1918.2595451551,1.0,0.75,1.0307764064044151,0.0003294767777208572,2276.336454387152,3128.525213627409
3842,1918.7596606844,2.0,1.5,1.4577379737113252,0.000329493334519347,4552.444140298456,4424.180464341777
3843,1919.2597763479,0.0,-0.5,0.3535533905932738,0.0003295099213141021,-1517.4049934702266,1072.967360689126
3844,1919.7598921456,2.0,1.75,1.4361406616345074,0.0003295265380848435,5310.649667764925,4358.194244327426
3845,1920.2600080775,2.0,1.5,1.4577379737113252,0.0003295431848113569,4551.7554880057905,4423.511214609976
3846,1920.7601241435998,3.0,2.5,1.7677669529663687,0.00032955986147336654,7585.8752604859865,5364.023837924909
3847,1921.2602403439,0.0,-0.5,0.3535533905932738,0.0003295765680506911,-1517.0981449236301,1072.7503860010304
3848,1921.7603566784,2.0,1.25,1.4790199457749043,0.0003295933045231072,3792.55276987086,4487.40895363429
3849,1922.2604731471,0.0,-0.5,0.3535533905932738,0.00032961007087041266,-1516.9439413050482,1072.6413475766476
3850,1922.76058975,2.0,1.0,1.5000000000000002,0.0003296268670724775,3033.7332902542885,4550.599935381433
3851,1923.2607064871,4.0,4.0,2.0,0.0003296436931091339,12134.313756385853,6067.156878192926
3852,1923.7608233584,0.0,-0.25,0.25,0.0003296605489602122,-758.3558323509717,758.3558323509717
3853,1924.2609403638999,1.0,0.75,1.0307764064044151,0.00032967743460562683,2274.9509710823236,3126.621048957963
3854,1924.7610575036001,3.0,2.25,1.7853571071357124,0.00032969435002527136,6824.5027548319695,5415.18866489178
3855,1925.2611747775,2.0,1.25,1.4790199457749043,0.0003297112951990457,3791.1955647299824,4485.803086855197
3856,1925.7612921856,1.0,0.25,1.0897247358851685,0.0003297282701068955,758.2000776547059,3304.917517481554
3857,1926.2614097279002,2.0,0.75,1.520690632574555,0.00032974527472872284,2274.4829341891714,4611.713189296215
3858,1926.7615274043999,2.0,1.25,1.4790199457749043,0.0003297623090445196,3790.609071187828,4485.109138337665
3859,1927.2616452151,2.0,1.0,1.5000000000000002,0.00032977937303426975,3032.3303449791047,4548.495517468657
3860,1927.7617631599999,2.0,1.75,1.4361406616345074,0.0003297964666779497,5306.303059058836,4354.627192039981
3861,1928.2618812391001,1.0,0.0,1.118033988749895,0.00032981358995556507,0.0,3389.896665266355
3862,1928.7619994524,2.0,1.5,1.4577379737113252,0.00032983074284712575,4547.787107568804,4419.6546420385575
3863,1929.2621177999001,0.0,-0.5,0.3535533905932738,0.00032984792533271277,-1515.8500678628109,1071.867862247882
3864,1929.7622362815998,1.0,0.75,1.0307764064044151,0.00032986513739233345,2273.65645829971,3124.8419113124864
3865,1930.2623548975,3.0,2.75,1.7499999999999998,0.0003298823790060838,8336.304619499799,5304.921121499871
3866,1930.7624736476,3.0,2.5,1.7677669529663687,0.00032989965015406506,7578.061991979941,5358.499022781052
3867,1931.2625925319,5.0,4.0,2.2912878474779204,0.00032991695081636426,12124.26336416539,6945.044326483481
3868,1931.7627115504001,0.0,0.0,0.0,0.00032993428097309753,0.0,0.0
3869,1932.2628307031,1.0,0.25,1.0897247358851685,0.000329951640604404,757.6867917433327,3302.6801560647355
3870,1932.76294999,0.0,-0.25,0.25,0.0003299690296904207,-757.6468622965973,757.6468622965973
3871,1933.2630694110999,1.0,-1.0,1.224744871391589,0.00032998644821135605,-3030.427477917217,3711.500511703259
3872,1933.7631889664,3.0,1.5,1.8371173070873834,0.0003300038961473503,4545.400880146682,5566.956416378463
3873,1934.2633086559,2.0,1.75,1.4361406616345074,0.0003300213734786149,5302.686857987392,4351.659550097497
3874,1934.7634284796,4.0,3.25,2.0463381929681126,0.0003300388801853599,9847.324649067714,6200.294316290332
3875,1935.2635484375,3.0,2.25,1.7853571071357124,0.00033005641624785396,6817.016392465388,5409.248295888327
3876,1935.7636685296,2.0,1.25,1.4790199457749043,0.00033007398164628597,3787.0297857633796,4480.874070710161
3877,1936.2637887559001,0.0,-0.5,0.3535533905932738,0.0003300915763609518,-1514.731171004664,1071.0766826920378
3878,1936.7639091163999,0.0,-0.5,0.3535533905932738,0.0003301092003721158,-1514.6503018891165,1071.0194995920456
3879,1937.2640296111,1.0,0.25,1.0897247358851685,0.00033012685366008905,757.2846535453591,3300.927276298431
3880,1937.76415024,3.0,2.75,1.7499999999999998,0.00033014453620516885,8329.685027078589,5300.708653595465
3881,1938.2642710031,0.0,-0.5,0.3535533905932738,0.0003301622479876631,-1514.406940973709,1070.8474174384853
3882,1938.7643919004001,2.0,1.5,1.4577379737113252,0.0003301799889879511,4542.976709756744,4414.979775665693
3883,1939.2645129319,1.0,1.0,1.0,0.00033019775918635577,3028.4881474184194,3028.4881474184194
3884,1939.7646340976,2.0,1.75,1.4361406616345074,0.0003302155585632529,5299.568583667407,4349.100532643177
3885,1940.2647553975,2.0,1.0,1.5000000000000002,0.00033023338709905917,3028.161412704261,4542.242119056392
3886,1940.7648768316,1.0,1.0,1.0,0.0003302512447741349,3027.99767093662,3027.99767093662
3887,1941.2649983999,1.0,0.0,1.118033988749895,0.00033026913156891793,0.0,3385.220966424446
3888,1941.7651201024,1.0,0.25,1.0897247358851685,0.0003302870474638686,756.9173599741252,3299.3262807388105
3889,1942.2652419391,0.0,0.0,0.0,0.00033030499243938443,0.0,0.0
3890,1942.76536391,6.0,5.75,2.462214450449026,0.0003303229664759958,17407.20623014218,7453.960821183024
3891,1943.2654860151001,1.0,0.25,1.0897247358851685,0.0003303409695541275,756.7938071303524,3298.7877263786177
3892,1943.7656082544,1.0,0.25,1.0897247358851685,0.0003303590016542938,756.7524987910396,3298.6076675020277
3893,1944.2657306279,1.0,0.25,1.0897247358851685,0.00033037706275702546,756.7111285321328,3298.4273387241847
3894,1944.7658531355999,0.0,-0.25,0.25,0.0003303951528428153,-756.6696964193567,756.6696964193567
3895,1945.2659757775,0.0,-0.75,0.4330127018922193,0.00033041327189225155,-2269.884607554676,1310.5184892010805
3896,1945.7660985536,1.0,0.5,1.0606601717798212,0.0003304314198858598,1513.1732937888107,3209.9252914453555
3897,1946.2662214639,1.0,0.25,1.0897247358851685,0.00033044959680419446,756.5450296135048,3297.703330323254
3898,1946.7663445084,1.0,0.75,1.0307764064044151,0.0003304678026279114,2269.510052222724,3119.143221238448
3899,1947.2664676871,0.0,-0.25,0.25,0.00033048603733756154,-756.4616103422477,756.4616103422477
3900,1947.766591,2.0,1.5,1.4577379737113252,0.00033050430091377325,4538.5188508979245,4410.647515572395
3901,1948.2667144471,0.0,-0.75,0.4330127018922193,0.00033052259333722124,-2269.133835685477,1310.0850308602983
3902,1948.7668380284001,1.0,0.25,1.0897247358851685,0.00033054091458851196,756.3360206442921,3296.7922813481628
3903,1949.2669617438999,4.0,3.25,2.0463381929681126,0.00033055926464831115,9831.822452345246,6190.533474066305
3904,1949.7670855936,3.0,2.75,1.7499999999999998,0.00033057764349733677,8318.771865230974,5293.763914237891
3905,1950.2672095775,0.0,-0.75,0.4330127018922193,0.00033059605111625696,-2268.6296387014495,1309.7939325958453
3906,1950.7673336956,1.0,1.0,1.0,0.0003306144874858107,3024.6708412707353,3024.6708412707353
3907,1951.2674579478999,4.0,3.75,2.0155644370746373,0.00033063295258668084,11341.882200978973,6096.078510342141
3908,1951.7675823344,2.0,0.75,1.520690632574555,0.00033065144639967537,2268.249566625021,4599.074491077285
3909,1952.2677068551002,1.0,0.5,1.0606601717798212,0.0003306699689054921,1512.081673624567,3207.6096153835056
3910,1952.76783151,2.0,1.75,1.4361406616345074,0.0003306885200849476,5291.988967595423,4342.880307020002
3911,1953.2679562991,2.0,1.75,1.4361406616345074,0.0003307070999188149,5291.6916523098735,4342.636314693772
3912,1953.7680812224,2.0,0.75,1.520690632574555,0.00033072570838788294,2267.7402481224176,4598.041803242743
3913,1954.2682062799001,0.0,-0.5,0.3535533905932738,0.00033074434547299375,-1511.7416422794943,1068.9627666579186
3914,1954.7683314715998,3.0,2.0,1.8027756377319946,0.0003307630111549872,6046.625325535118,5450.354413684
3915,1955.2684567975,5.0,4.25,2.277608394786075,0.00033078170541468976,12848.352645960029,6885.533140143632
3916,1955.7685822576,1.0,0.0,1.118033988749895,0.00033080042823298647,0.0,3379.783982511809
3917,1956.2687078519,2.0,1.25,1.4790199457749043,0.0003308191795907543,3778.4991835912733,4470.780526100548
3918,1956.7688335804,1.0,0.5,1.0606601717798212,0.0003308379594688871,1511.3138794673932,3205.9808780182266
3919,1957.2689594431,2.0,1.25,1.4790199457749043,0.00033085676784829464,3778.0699126371005,4470.272605857857
3920,1957.76908544,1.0,0.5,1.0606601717798212,0.0003308756047098913,1511.141930328757,3205.6161188123806
3921,1958.2692115711,1.0,0.5,1.0606601717798212,0.0003308944700346317,1511.0557754188808,3205.433356649362
3922,1958.7693378364,1.0,1.0,1.0,0.00033091336380348723,3021.9390009097656,3021.9390009097656
3923,1959.2694642359,0.0,-1.25,0.5590169943749475,0.0003309322859973849,-3777.2077639166273,1689.2186650515114
3924,1959.7695907696,5.0,4.25,2.277608394786075,0.00033095123659737663,12841.771022509873,6882.00599642095
3925,1960.2697174375,4.0,2.75,2.0766559657295187,0.00033097021558439223,8308.904760944548,6274.449687452326
3926,1960.7698442396,2.0,1.5,1.4577379737113252,0.0003309892229395166,4531.869607954283,4404.185612948811
3927,1961.2699711759,1.0,0.75,1.0307764064044151,0.00033100825864371776,2265.8044940421437,3114.0504186449803
3928,1961.7700982464,2.0,1.5,1.4577379737113252,0.0003310273226780832,4531.348010383775,4403.678711225125
3929,1962.2702254511,2.0,1.75,1.4361406616345074,0.00033104641502366825,5286.267787781007,4338.1852104691425
3930,1962.7703527899998,2.0,1.5,1.4577379737113252,0.00033106553566155067,4530.8249830434015,4403.1704200148915
3931,1963.2704802631001,2.0,1.25,1.4790199457749043,0.00033108468457279975,3775.4691118161545,4467.195296826524
3932,1963.7706078704,3.0,2.5,1.7677669529663687,0.0003311038617385445,7550.500881726713,5339.010374823964
3933,1964.2707356119,3.0,2.75,1.7499999999999998,0.00033112306713991733,8305.0692413343,5285.044062667282
3934,1964.7708634876,3.0,2.5,1.7677669529663687,0.0003311423007580307,7549.624419100649,5338.390622157618
3935,1965.2709914975,2.0,1.5,1.4577379737113252,0.00033116156257403804,4529.511179802589,4401.89363276548
3936,1965.7711196416,3.0,3.0,1.7320508075688772,0.0003311808525691086,9058.494706827834,5229.924357439851
3937,1966.2712479199,2.0,0.75,1.520690632574555,0.00033120017072442817,2264.491586340486,4591.454857189161
3938,1966.7713763324,3.0,2.75,1.7499999999999998,0.0003312195170211984,8302.650836315292,5283.505077655184
3939,1967.2715048791,0.0,-0.75,0.4330127018922193,0.00033123889144060767,-2264.2268748640518,1307.2519957091454
3940,1967.77163356,2.0,1.5,1.4577379737113252,0.0003312582939639266,4528.18850828033,4400.608227095651
3941,1968.2717623750998,1.0,0.25,1.0897247358851685,0.0003312777245723515,754.6538190055687,3289.4597344023086
3942,1968.7718913244,2.0,2.0,1.4142135623730951,0.0003312971832471254,6036.875956497748,4268.715926021583
3943,1969.2720204079,1.0,0.75,1.0307764064044151,0.00033131666996958584,2263.695334342363,3111.151655903816
3944,1969.7721496256,1.0,0.75,1.0307764064044151,0.00033133618472095967,2263.5620091769483,3110.9684179906303
3945,1970.2722789775,1.0,0.25,1.0897247358851685,0.0003313557274825688,754.4761694609653,3288.685377990016
3946,1970.7724084636,1.0,0.75,1.0307764064044151,0.0003313752982357211,2263.294832152799,3110.601218293528
3947,1971.2725380839001,0.0,0.0,0.0,0.00033139489696174055,0.0,0.0
3948,1971.7726678384,1.0,0.5,1.0606601717798212,0.00033141452364198544,1508.6846361028254,3200.4034105807996
3949,1972.2727977271,2.0,1.75,1.4361406616345074,0.0003314341782578184,5280.083089797387,4333.109726895311
3950,1972.7729277499998,2.0,1.75,1.4361406616345074,0.00033145386079058795,5279.769545679383,4332.852416348406
3951,1973.2730579070999,1.0,-0.25,1.14564392373896,0.0003314735712217071,-754.2079420648192,3456.214984248903
3952,1973.7731881984,4.0,3.0,2.0615528128088303,0.00033149330953256275,9049.956405546425,6218.9876945505075
3953,1974.2733186239,1.0,1.0,1.0,0.0003315130757045764,3016.472269984117,3016.472269984117
3954,1974.7734491836,1.0,0.25,1.0897247358851685,0.00033153286971917916,754.0730432302518,3286.928191488845
3955,1975.2735798775,1.0,0.5,1.0606601717798212,0.000331552691557819,1508.0559221242386,3199.0697068277427
3956,1975.7737107056,0.0,-0.5,0.3535533905932738,0.0003315725412019774,-1507.965642110952,1066.2927313329808
3957,1976.2738416679,1.0,0.0,1.118033988749895,0.00033159241863309284,0.0,3371.7115528717804
3958,1976.7739727644,1.0,0.75,1.0307764064044151,0.00033161232383267894,2261.677103346817,3108.3778627133056
3959,1977.2741039951002,3.0,2.5,1.7677669529663687,0.0003316322567822482,7538.470546432748,5330.503643157655
3960,1977.77423536,2.0,1.5,1.4577379737113252,0.00033165221746328684,4522.810103526736,4395.381357197449
3961,1978.2743668591002,2.0,1.25,1.4790199457749043,0.00033167220585736363,3768.7812783973986,4459.282145610236
3962,1978.7744984924,2.0,1.5,1.4577379737113252,0.00033169222194603346,4522.264619892266,4394.851242392112
3963,1979.2746302599,0.0,-0.25,0.25,0.0003317122657108005,-753.6652268926335,753.6652268926335
3964,1979.7747621616,3.0,2.5,1.7677669529663687,0.0003317323371333064,7536.196264747554,5328.895483155725
3965,1980.2748941975,1.0,0.75,1.0307764064044151,0.0003317524361951178,2260.7219063762745,3107.0650700457
3966,1980.7750263675998,1.0,0.75,1.0307764064044151,0.00033177256287783016,2260.5847617247823,3106.876582751003
3967,1981.2751586719,0.0,-0.75,0.4330127018922193,0.0003317927171631089,-2260.4474456601797,1305.0699412409065
3968,1981.7752911104,2.0,1.25,1.4790199457749043,0.0003318128990325332,3767.1832639557556,4457.391349423974
3969,1982.2754236831,2.0,1.5,1.4577379737113252,0.0003318331084677768,4520.344600109907,4392.985318560764
3970,1982.77555639,1.0,0.75,1.0307764064044151,0.0003318533454505233,2260.034470894973,3106.1202803456317
3971,1983.2756892311,1.0,0.75,1.0307764064044151,0.00033187360996241825,2259.8964710840696,3105.9306177467424
3972,1983.7758222064,2.0,1.5,1.4577379737113252,0.00033189390198518363,4519.516601624584,4392.180648671278
3973,1984.2759553158999,2.0,1.25,1.4790199457749043,0.00033191422150049746,3766.033267116656,4456.03065481389
3974,1984.7760885596,0.0,0.0,0.0,0.00033193456849011955,0.0,0.0
3975,1985.2762219375,0.0,-0.25,0.25,0.00033195494293574194,-753.1142563778412,753.1142563778412
3976,1985.7763554496,1.0,0.75,1.0307764064044151,0.000331975344819157,2259.2039189192237,3104.978795837772
3977,1986.2764890959002,1.0,0.5,1.0606601717798212,0.0003319957741221127,1506.0432661293244,3194.800218721144
3978,1986.7766228763999,4.0,3.0,2.0615528128088303,0.0003320162308263733,9035.702840590464,6209.192868908002
3979,1987.2767567911,2.0,1.5,1.4577379737113252,0.00033203671491376704,4517.572703938971,4390.291519689059
3980,1987.7768908399999,2.0,1.25,1.4790199457749043,0.00033205722636606643,3764.4113747489278,4454.111605884474
3981,1988.2770250231001,1.0,0.75,1.0307764064044151,0.00033207776516511395,2258.5071289765183,3104.0211496602246
3982,1988.7771593404,1.0,1.0,1.0,0.0003320983312927437,3011.1563527204326,3011.1563527204326
3983,1989.2772937919,2.0,1.5,1.4577379737113252,0.0003321189247308066,4516.454463460039,4389.204785282472
3984,1989.7774283775998,1.0,0.0,1.118033988749895,0.0003321395454611386,0.0,3366.157399889344
3985,1990.2775630975,2.0,1.5,1.4577379737113252,0.0003321601934656706,4515.893323487686,4388.659455251628
3986,1990.7776979516002,0.0,-0.75,0.4330127018922193,0.0003321808687262712,-2257.8061249458246,1303.5449740154575
3987,1991.2778329399,1.0,0.25,1.0897247358851685,0.0003322015712248548,752.5551401765778,3280.311805471789
3988,1991.7779680624,1.0,0.5,1.0606601717798212,0.0003322223009433158,1505.0163657896965,3192.6218341398835
3989,1992.2781033191,1.0,0.75,1.0307764064044151,0.00033224305786360694,2257.3835095988416,3102.4768825345072
3990,1992.77823871,1.0,0.75,1.0307764064044151,0.0003322638419676907,2257.242303461145,3102.282813260938
3991,1993.2783742350998,1.0,1.0,1.0,0.00033228465323751586,3009.467907280098,3009.467907280098
3992,1993.7785098944,0.0,-0.25,0.25,0.0003323054916550766,-752.3197969279806,752.3197969279806
3993,1994.2786456878998,3.0,3.0,1.7320508075688772,0.0003323263572023477,9027.270738484798,5211.897190911829
3994,1994.7787816155999,3.0,2.0,1.8027756377319946,0.00033234724986133766,6017.802165760188,5424.37356856165
3995,1995.2789176775,0.0,-0.5,0.3535533905932738,0.00033236816961410687,-1504.3558490589535,1063.7402221872323
3996,1995.7790538735999,3.0,2.5,1.7677669529663687,0.000332389116442612,7521.305230316206,5318.365931730436
3997,1996.2791902039,1.0,1.0,1.0,0.000332410090328975,3008.332265155772,3008.332265155772
3998,1996.7793266684,1.0,1.0,1.0,0.0003324310912552208,3008.1422174566087,3008.1422174566087
3999,1997.2794632671,0.0,-0.25,0.25,0.0003324521192034193,-751.9879873198556,751.9879873198556
4000,1997.7795999999998,0.0,-0.75,0.4330127018922193,0.00033247317415569286,-2255.8210956556295,1302.3989168204141
4001,1998.2797368671,0.0,-0.5,0.3535533905932738,0.00033249425609411994,-1503.7853762456089,1063.336836992434
4002,1998.7798738684,1.0,0.5,1.0606601717798212,0.0003325153650008484,1503.6899121901456,3189.808001134368
4003,1999.2800110039,1.0,0.0,1.118033988749895,0.0003325365008579767,0.0,3362.139151236805
4004,1999.7801482736002,2.0,1.25,1.4790199457749043,0.00033255766364766637,3758.7466374683604,4447.408998344046
4005,2000.2802856775,2.0,2.0,1.4142135623730951,0.0003325800084422017,6013.590562367116,4252.250665929212
4006,2000.7804232156,0.0,-0.25,0.25,0.000332603285998542,-751.646211941201,751.646211941201
4007,2001.2805608879,2.0,1.75,1.4361406616345074,0.0003326265902166455,5261.15485493867,4317.576236761841
4008,2001.7806986944,3.0,2.5,1.7677669529663687,0.0003326499210793943,7515.408366513093,5314.196219347522
4009,2002.2808366350998,2.0,1.75,1.4361406616345074,0.00033267327856961325,5260.416488887927,4316.97029532833
4010,2002.78097471,0.0,-1.0,0.5,0.00033269666267019053,-3005.7410013496947,1502.8705006748473
4011,2003.2811129191,2.0,1.5,1.4577379737113252,0.0003327200733639636,4508.294269216348,4381.274501934546
4012,2003.7812512624,2.0,1.75,1.4361406616345074,0.00033274351063385034,5259.306174495746,4316.05911381644
4013,2004.2813897399,1.0,0.25,1.0897247358851685,0.00033276697446277877,751.276476289757,3274.738238806382
4014,2004.7815283516,0.0,-0.5,0.3535533905932738,0.00033279046483365515,-1502.4468932723908,1062.3903866055687
4015,2005.2816670975,2.0,1.5,1.4577379737113252,0.0003328139817294013,4507.022187606272,4380.038260822101
4016,2005.7818059776,1.0,1.0,1.0,0.0003328375251329536,3004.468920986433,3004.468920986433
4017,2006.2819449919,0.0,-0.25,0.25,0.00033286109502729435,-751.0640436350791,751.0640436350791
4018,2006.7820841404,0.0,-0.5,0.3535533905932738,0.0003328846913953844,-1502.0216096573936,1062.0896656774767
4019,2007.2822234231,0.0,-0.5,0.3535533905932738,0.00033290831422021157,-1501.915027779273,1062.014300908706
4020,2007.7823628400001,1.0,0.0,1.118033988749895,0.00033293196348477315,0.0,3358.145541351811
4021,2008.2825023911,2.0,1.5,1.4577379737113252,0.0003329556391720694,4505.104655172425,4378.174754259006
4022,2008.7826420764002,3.0,2.5,1.7677669529663687,0.0003329793412651216,7507.973288977932,5308.938825603761
4023,2009.2827818959,3.0,2.0,1.8027756377319946,0.0003330030697469838,6005.950640393804,5413.690747961411
4024,2009.7829218496001,1.0,0.5,1.0606601717798212,0.00033302682460068373,1501.380558756868,3184.909122715887
4025,2010.2830619375,3.0,2.5,1.7677669529663687,0.00033305060580929345,7506.366769473806,5307.8028447682855
4026,2010.7832021596,1.0,0.25,1.0897247358851685,0.00033307441335589486,750.5830228180013,3271.715545200951
4027,2011.2833425159,3.0,2.75,1.7499999999999998,0.0003330982472235726,8255.822487574436,5253.70521936555
4028,2011.7834830064,3.0,2.75,1.7499999999999998,0.0003331221073954017,8255.231156831833,5253.328917983893
4029,2012.2836236311,0.0,-0.75,0.4330127018922193,0.0003331459938545396,-2251.2652525771327,1299.7685995926583
4030,2012.78376439,2.0,1.75,1.4361406616345074,0.00033316990658407953,5252.575233887055,4310.535355245476
4031,2013.2839052831,3.0,2.75,1.7499999999999998,0.00033319384556717847,8253.453767487268,5252.197852037351
4032,2013.7840463103998,1.0,0.5,1.0606601717798212,0.00033321781078697805,1500.520031684752,3183.0836691316235
4033,2014.2841874719,1.0,0.5,1.0606601717798212,0.00033324180222663513,1500.4120031134448,3182.854505925624
4034,2014.7843287675998,0.0,0.0,0.0,0.00033326581986934566,0.0,0.0
4035,2015.2844701975,0.0,-0.75,0.4330127018922193,0.00033328986369828467,-2250.2934583061547,1299.2075339087123
4036,2015.7846117616,0.0,-0.5,0.3535533905932738,0.0003333139336966657,-1500.0873034459698,1060.7219046384876
4037,2016.2847534599,1.0,0.5,1.0606601717798212,0.00033333802984771195,1499.978865983065,3181.935683319398
4038,2016.7848952924,1.0,-0.25,1.14564392373896,0.0003333621521346313,-749.9351633026273,3436.6346521433584
4039,2017.2850372591,1.0,0.5,1.0606601717798212,0.00033338630054067066,1499.7616854355529,3181.4749738057353
4040,2017.78517936,2.0,1.75,1.4361406616345074,0.0003334104750491041,5248.785299088948,4307.42513840633
4041,2018.2853215951,1.0,0.75,1.0307764064044151,0.00033343467564316047,2249.3161473182977,3091.389353600239
4042,2018.7854639644,0.0,-1.0,0.5,0.0003334589023061676,-2998.870304808486,1499.435152404243
4043,2019.2856064679,5.0,4.75,2.25,0.00033348315502137874,14243.59800031126,6746.967473831649
4044,2019.7857491056,1.0,0.25,1.0897247358851685,0.0003335074337720977,749.6084785049724,3267.467605024456
4045,2020.2858918775,0.0,-0.5,0.3535533905932738,0.0003335317385416793,-1499.107707668781,1060.0292258216155
4046,2020.7860347836,3.0,1.75,1.8200274723201295,0.0003335560693134096,5246.4942508831955,5456.436382844019
4047,2021.2861778239,3.0,2.5,1.7677669529663687,0.0003335804260706678,7494.444531557689,5299.3725494908795
4048,2021.7863209984,1.0,-0.25,1.14564392373896,0.00033360480879680523,-749.3896772701261,3434.1349211088805
4049,2022.2864643071,0.0,-0.25,0.25,0.00033362921747515296,-749.3348511019385,749.3348511019385
4050,2022.78660775,2.0,2.0,1.4142135623730951,0.0003336536520891408,5994.239797697969,4238.567609010513
4051,2023.2867513271,1.0,0.75,1.0307764064044151,0.00033367811262212984,2247.675144486715,3089.1340109313874
4052,2023.7868950384,3.0,2.5,1.7677669529663687,0.00033370259905753135,7491.7007151298585,5297.43237828843
4053,2024.2870388839,2.0,2.0,1.4142135623730951,0.0003337271113787665,5992.920358604257,4237.634624679987
4054,2024.7871828636,0.0,-0.75,0.4330127018922193,0.0003337516495692705,-2247.1799044826494,1297.4099227705751
4055,2025.2873269775,4.0,3.5,2.03100960115899,0.0003337762136124706,10486.067782120806,6084.944098254662
4056,2025.7874712256,3.0,2.5,1.7677669529663687,0.0003338008034918618,7489.49665143916,5295.87386990657
4057,2026.2876156078999,1.0,0.0,1.118033988749895,0.00033382541919088887,0.0,3349.1577467639695
4058,2026.7877601244,0.0,-0.75,0.4330127018922193,0.0003338500606930171,-2246.5174888485117,1297.0274769258904
4059,2027.2879047750998,0.0,0.0,0.0,0.0003338747279817572,0.0,0.0
4060,2027.78804956,3.0,3.0,1.7320508075688772,0.00033389942104061635,8984.741544775163,5187.3429494751545
4061,2028.2881944791,3.0,2.25,1.7853571071357124,0.0003339241398531108,6738.057335386858,5346.594912009265
4062,2028.7883395324,2.0,1.75,1.4361406616345074,0.0003339488844027717,5240.322940828712,4300.480488811561
4063,2029.2884847199,1.0,0.5,1.0606601717798212,0.0003339736546731333,1497.1240785126001,3175.8797645817617
4064,2029.7886300416,4.0,3.25,2.0463381929681126,0.00033399845064778033,9730.584060185665,6126.78947761374
4065,2030.2887754975,2.0,2.0,1.4142135623730951,0.0003340232723102712,5987.606750173437,4233.877336125984
4066,2030.7889210875999,0.0,0.0,0.0,0.00033404811964414256,0.0,0.0
4067,2031.2890668119,2.0,1.75,1.4361406616345074,0.00033407299263304806,5238.376159075608,4298.882858848727
4068,2031.7892126703998,3.0,2.75,1.7499999999999998,0.0003340978912605546,8231.120494727527,5237.985769372062
4069,2032.2893586631,3.0,2.75,1.7499999999999998,0.00033412281551030974,8230.506485466705,5237.595036206085
4070,2032.78950479,1.0,0.25,1.0897247358851685,0.0003341477653659338,748.1719942858771,3261.2061154794287
4071,2033.2896510511,2.0,2.0,1.4142135623730951,0.00033417274081105045,5984.928618492104,4231.983611053202
4072,2033.7897974464001,1.0,0.25,1.0897247358851685,0.00033419774182933955,748.0601114524115,3260.7184295148354
4073,2034.2899439758999,5.0,4.5,2.2638462845343543,0.00033422276840444875,13464.073741841765,6773.465181147787
4074,2034.7900906396,3.0,2.75,1.7499999999999998,0.00033424782052008783,8227.428366536586,5235.636233250554
4075,2035.2902374374999,0.0,-1.0,0.5,0.0003342728981599095,-2991.5676846814545,1495.7838423407272
4076,2035.7903843696001,0.0,-0.75,0.4330127018922193,0.0003342980013076421,-2243.507281127304,1295.2895326877342
4077,2036.2905314359,1.0,0.5,1.0606601717798212,0.000334323129947016,1495.5591019958465,3172.5599480595797
4078,2036.7906786364001,2.0,1.5,1.4577379737113252,0.00033434828406172867,4486.339758582593,4359.938552704497
4079,2037.2908259711,2.0,1.75,1.4361406616345074,0.0003343734636355649,5233.6689071335295,4295.019844038113
4080,2037.79097344,2.0,2.0,1.4142135623730951,0.00033439866865223354,5980.885055735527,4229.124380407874
4081,2038.2911210431,2.0,1.75,1.4361406616345074,0.00033442389909551904,5232.87960200524,4294.372099358584
4082,2038.7912687804,1.0,0.5,1.0606601717798212,0.00033444915494917833,1494.9955549326419,3171.36448420985
4083,2039.2914166519001,1.0,0.5,1.0606601717798212,0.0003344744361970551,1494.8825557042744,3171.1247766479073
4084,2039.7915646576,1.0,0.25,1.0897247358851685,0.00033449974282291845,747.3847300754071,3257.774510344124
4085,2040.2917127975,2.0,1.75,1.4361406616345074,0.0003345250748105696,5231.296939372831,4293.073284409983
4086,2040.7918610716,0.0,-1.25,0.5590169943749475,0.00033455043214387296,-3736.357451370558,1670.9498499004867
4087,2041.2920094799,2.0,1.25,1.4790199457749043,0.0003345758148066239,3736.0739918468626,4420.582362265902
4088,2041.7921580224001,0.0,-0.5,0.3535533905932738,0.0003346012227827045,-1494.316117083374,1056.6410596260048
4089,2042.2923066991,3.0,1.75,1.8200274723201295,0.0003346266560559756,5229.708895956167,5438.979350215542
4090,2042.79245551,0.0,-0.75,0.4330127018922193,0.00033465211461031907,-2241.1333060701763,1293.9189175494523
4091,2043.2926044551,0.0,-0.75,0.4330127018922193,0.0003346775984295953,-2240.9626563570982,1293.8203928916694
4092,2043.7927535344,0.0,-0.25,0.25,0.0003347031074977278,-746.9306211974658,746.9306211974658
4093,2044.2929027479,0.0,-0.5,0.3535533905932738,0.0003347286417986188,-1493.7472853034567,1056.2388348170707
4094,2044.7930520956,1.0,0.5,1.0606601717798212,0.0003347542013162152,1493.6332330828327,3168.474563155374
4095,2045.2932015775,1.0,0.75,1.0307764064044151,0.00033477978603442483,2240.2786287786166,3078.9684724227113
4096,2045.7933511936,3.0,3.0,1.7320508075688772,0.00033480539593721257,8960.429062387639,5173.306131224049
4097,2046.2935009439002,0.0,-0.5,0.3535533905932738,0.0003348310310085218,-1493.2905068385805,1055.9158436670568
4098,2046.7936508284,4.0,4.0,2.0,0.0003348566912323524,11945.408602345819,5972.704301172909
4099,2047.2938008471,0.0,-0.5,0.3535533905932738,0.00033488237659266005,-1493.061549214289,1055.753946178316
4100,2047.793951,1.0,-0.25,1.14564392373896,0.0003349080870734622,-746.4734643602751,3420.771154706881
4101,2048.2941012870997,1.0,1.0,1.0,0.00033493382265877355,2985.6644278615827,2985.6644278615827
4102,2048.7942517083998,0.0,-0.5,0.3535533905932738,0.00033495958333259947,-1492.717404963819,1055.5105994451023
4103,2049.2944022639,1.0,1.0,1.0,0.0003349853690789664,2985.2050038766592,2985.2050038766592
4104,2049.7945529536,2.0,1.75,1.4361406616345074,0.00033501117988195115,5223.706267404725,4286.843985745682
4105,2050.2947037775,0.0,-0.5,0.3535533905932738,0.0003350370157255856,-1492.3724141858058,1055.2666541265223
4106,2050.7948547356,0.0,-1.25,0.5590169943749475,0.00033506287659392214,-3730.6430742398584,1668.3943027578237
4107,2051.2950058279,2.0,0.25,1.5612494995995998,0.00033508876247107037,746.0709758107258,4659.211750601124
4108,2051.7951570544,2.0,2.0,1.4142135623730951,0.00033511467334113623,5968.106320322366,4220.088449942238
4109,2052.2953084151,3.0,2.0,1.8027756377319946,0.0003351406091881747,5967.644460767332,5379.162024258816
4110,2052.79545991,3.0,2.75,1.7499999999999998,0.0003351665699963572,8204.875563902118,5221.284449755893
4111,2053.2956115391,1.0,-0.25,1.14564392373896,0.00033519255574977405,-745.8399529213546,3417.8680405844075
4112,2053.7957633024,1.0,-0.5,1.1726039399558574,0.00033521856643260284,-1491.564161618498,3498.028025221612
4113,2054.2959151999003,1.0,0.0,1.118033988749895,0.00033524460202893913,0.0,3334.979838551982
4114,2054.7960672316003,2.0,1.75,1.4361406616345074,0.00033527066252300134,5219.663381313421,4283.526183970781
4115,2055.2962193975,1.0,0.25,1.0897247358851685,0.00033529674789893935,745.6081860816367,3250.0307346065247
4116,2055.7963716976,3.0,2.75,1.7499999999999998,0.00033532285814094696,8201.051414288277,5218.850900001629
4117,2056.2965241319002,3.0,2.75,1.7499999999999998,0.0003353489932332393,8200.41227345311,5218.444174015615
4118,2056.7966767004,3.0,2.5,1.7677669529663687,0.00033537515316001566,7454.33875003611,5271.013479412185
4119,2057.2968294030998,1.0,0.75,1.0307764064044151,0.0003354013379054667,2236.127037189662,3073.2626555441493
4120,2057.79698224,2.0,2.0,1.4142135623730951,0.0003354275474538872,5962.539496774484,4216.152111261863
4121,2058.2971352111,2.0,2.0,1.4142135623730951,0.00033545378178949706,5962.073193305163,4215.822384916614
4122,2058.7972883164,1.0,0.25,1.0897247358851685,0.0003354800408965488,745.2008153209088,3248.255046627958
4123,2059.2974415559,1.0,0.25,1.0897247358851685,0.00033550632475932166,745.1424356287163,3248.000575449336
4124,2059.7975949295997,1.0,0.25,1.0897247358851685,0.0003355326333620916,745.0840101451811,3247.7459046708786
4125,2060.2977484375,2.0,2.0,1.4142135623730951,0.0003355589666891671,5960.204311430687,4214.500885869937
4126,2060.7979020796,1.0,0.75,1.0307764064044151,0.0003355853247248419,2234.901066114709,3071.577719465488
4127,2061.2980558559,1.0,0.75,1.0307764064044151,0.0003356117074534415,2234.725378595577,3071.336260065993
4128,2061.7982097664,2.0,1.5,1.4577379737113252,0.00033563811485929555,4469.099108808969,4343.183652793517
4129,2062.2983638111,1.0,1.0,1.0,0.00033566454692674077,2979.164791622308,2979.164791622308
4130,2062.79851799,2.0,1.75,1.4361406616345074,0.00033569100364012953,5213.127492317461,4278.162494858193
4131,2063.2986723031,0.0,0.0,0.0,0.00033571748498383464,0.0,0.0
4132,2063.7988267504,0.0,-0.5,0.3535533905932738,0.0003357439909422321,-1489.2299296163121,1053.0445819776592
4133,2064.2989813319,3.0,2.5,1.7677669529663687,0.00033577052149968165,7445.561298335626,5264.806883793236
4134,2064.7991360476,3.0,2.75,1.7499999999999998,0.00033579707664063024,8189.469746167706,5211.480747561267
4135,2065.2992908975,3.0,2.0,1.8027756377319946,0.0003358236563494739,5955.506594564338,5368.221099516412
4136,2065.7994458816,1.0,0.75,1.0307764064044151,0.00033585026061061637,2233.138061695737,3069.1547016528707
4137,2066.2996009998997,1.0,0.75,1.0307764064044151,0.0003358768894085072,2232.9610153314816,3068.911374699385
4138,2066.7997562523997,0.0,-0.5,0.3535533905932738,0.00033590354272760946,-1488.5225560287092,1052.544393317033
4139,2067.2999116391,0.0,-0.5,0.3535533905932738,0.0003359302205523357,-1488.404345336663,1052.4608057350783
4140,2067.8000671600003,2.0,1.75,1.4361406616345074,0.0003359569228672029,5209.001157245806,4274.776210526804
4141,2068.3002228151004,1.0,0.5,1.0606601717798212,0.0003359836496566706,1488.1676549169333,3156.8803210027363
4142,2068.8003786043996,4.0,3.5,2.03100960115899,0.00033601040090523715,10416.344227948714,6044.484324554533
4143,2069.3005345279,5.0,3.5,2.318404623873926,0.0003360371765973917,10415.51424589361,6899.250396486998
4144,2069.8006905856,4.0,3.5,2.03100960115899,0.0003360639767176792,10414.683639062812,6043.520703991436
4145,2070.3008467775003,1.0,0.5,1.0606601717798212,0.00033609080125060643,1487.6932011809943,3155.873852640611
4146,2070.8010031035997,0.0,-0.25,0.25,0.0003361176501807303,-743.7871824510706,743.7871824510706
4147,2071.3011595639,1.0,0.75,1.0307764064044151,0.00033614452349256806,2231.1831595750573,3066.467945675768
4148,2071.8013161584,2.0,1.75,1.4361406616345074,0.00033617142117072375,5205.677490089995,4272.04863707069
4149,2072.3014728871,2.0,1.75,1.4361406616345074,0.00033619834319973253,5205.260630806679,4271.706540746718
4150,2072.8016297500003,3.0,3.0,1.7320508075688772,0.0003362252895642217,8922.588791248481,5151.459040495649
4151,2073.3017867471,1.0,-0.5,1.1726039399558574,0.0003362522602487552,-1486.9788522168037,3487.2745214809256
4152,2073.8019438784,0.0,-0.75,0.4330127018922193,0.0003362792552379541,-2230.289226343426,1287.658085200099
4153,2074.3021011439,2.0,1.25,1.4790199457749043,0.00033630627451642904,3716.8500700659265,4397.836311265884
4154,2074.8022585436,3.0,2.5,1.7677669529663687,0.0003363333180688244,7433.102418620391,5255.997125460606
4155,2075.3024160775,0.0,-0.75,0.4330127018922193,0.0003363603858797808,-2229.751277155625,1287.3475000917117
4156,2075.8025737456,3.0,2.5,1.7677669529663687,0.00033638747793395283,7431.905656401563,5255.150886780204
4157,2076.3027315479,3.0,2.75,1.7499999999999998,0.000336414594215993,8174.437278527753,5201.914631790388
4158,2076.8028894844,0.0,0.0,0.0,0.00033644173471058516,0.0,0.0
4159,2077.3030475551,2.0,2.0,1.4142135623730951,0.00033646889940243445,5944.085778959009,4203.103362256437
4160,2077.80320576,2.0,1.75,1.4361406616345074,0.00033649608827620675,5200.654809881606,4267.926765483458
4161,2078.3033640991,2.0,1.5,1.4577379737113252,0.0003365233013166535,4457.343649403244,4331.759399744086
4162,2078.8035225724,1.0,0.25,1.0897247358851685,0.000336550538508482,742.8304857509514,3237.923019569628
4163,2079.3036811799,2.0,1.5,1.4577379737113252,0.00033657779983640166,4456.621918406669,4331.05800329041
4164,2079.8038399216,0.0,-0.25,0.25,0.0003366050852851843,-742.710110241474,742.710110241474
4165,2080.3039987975,0.0,0.0,0.0,0.00033663239483957446,0.0,0.0
4166,2080.8041578076,1.0,1.0,1.0,0.0003366597284843611,2970.3582442188454,2970.3582442188454
4167,2081.3043169519,2.0,1.75,1.4361406616345074,0.000336687086204318,5197.704550325448,4265.505629648616
4168,2081.8044762304003,2.0,1.75,1.4361406616345074,0.0003367144679842035,5197.2818705316195,4265.158756712177
4169,2082.3046356431,2.0,1.25,1.4790199457749043,0.0003367418738088686,3712.042063142666,4392.147400754744
4170,2082.80479519,2.0,1.75,1.4361406616345074,0.0003367693036630944,5196.4356043290345,4264.46426682412
4171,2083.3049548711,0.0,-0.5,0.3535533905932738,0.0003367967575317011,-1484.5748624908817,1049.752952446389
4172,2083.8051146864,1.0,0.5,1.0606601717798212,0.000336824235399553,1484.4537519899127,3149.001943169642
4173,2084.3052746359,0.0,0.0,0.0,0.0003368517372514576,0.0,0.0
4174,2084.8054347196,0.0,0.0,0.0,0.00033687926307231404,0.0,0.0
4175,2085.3055949375,1.0,0.25,1.0897247358851685,0.0003369068128469651,742.0449526901042,3234.4989603405847
4176,2085.8057552896003,0.0,-0.25,0.25,0.00033693438656032124,-741.9842259265591,741.9842259265591
4177,2086.3059157759003,1.0,0.5,1.0606601717798212,0.0003369619841972239,1483.8469128533795,3147.714642964046
4178,2086.8060763964,1.0,1.0,1.0,0.0003369896057426307,2967.4505769882135,2967.4505769882135
4179,2087.3062371511,1.0,1.0,1.0,0.0003370172511814303,2967.207157777388,2967.207157777388
4180,2087.80639804,1.0,0.5,1.0606601717798212,0.0003370449204985497,1483.481784150346,3146.940088018283
4181,2088.3065590631,0.0,-1.0,0.5,0.00033707261367893005,-2966.719808784361,1483.3599043921804
4182,2088.8067202204,1.0,1.0,1.0,0.00033710033070750967,2966.475879454611,2966.475879454611
4183,2089.3068815119,1.0,0.75,1.0307764064044151,0.00033712807156927087,2224.6738354029203,3057.5217353047324
4184,2089.8070429376,0.0,-0.5,0.3535533905932738,0.0003371558362491629,-1482.993756129118,1048.6349414162087
4185,2090.3072044975,1.0,0.75,1.0307764064044151,0.0003371836247321673,2224.307306132503,3057.017989005796
4186,2090.8073661916,0.0,-0.25,0.25,0.0003372114370032743,-741.3746171295267,741.3746171295267
4187,2091.3075280199,1.0,0.25,1.0897247358851685,0.0003372392730475064,741.3134233769472,3231.3102979902956
4188,2091.8076899824,2.0,2.0,1.4142135623730951,0.00033726713284987675,5930.017500075329,4193.155586858164
4189,2092.3078520791,1.0,0.5,1.0606601717798212,0.00033729501639540103,1482.3818191664732,3144.6067099207908
4190,2092.80801431,1.0,0.5,1.0606601717798212,0.0003373229236691155,1482.2591793093095,3144.346551496858
4191,2093.3081766751,3.0,2.75,1.7499999999999998,0.0003373508546560647,8151.750505578753,5187.477594459206
4192,2093.8083391744,1.0,0.75,1.0307764064044151,0.0003373788093413259,2223.0204720451948,3055.2494047175896
4193,2094.3085018079,3.0,2.25,1.7853571071357124,0.00033740678770996085,6668.508405747097,5291.408389419918
4194,2094.8086645756002,1.0,0.25,1.0897247358851685,0.0003374347897470575,740.8838910398096,3229.4380099397295
4195,2095.3088274775,4.0,3.5,2.03100960115899,0.00033746281543768863,10371.513067181955,6018.469319426422
4196,2095.8089905136,0.0,-0.5,0.3535533905932738,0.00033749086476696574,-1481.5215823552596,1047.5939573576281
4197,2096.3091536838997,0.0,-1.0,0.5,0.000337518937720014,-2962.7967152158485,1481.3983576079243
4198,2096.8093169884,4.0,3.5,2.03100960115899,0.00033754703428194973,10368.925348271567,6016.967696011537
4199,2097.3094804271,1.0,0.5,1.0606601717798212,0.00033757515443791564,1481.1516589025402,3141.997145927071
4200,2097.8096440000004,1.0,0.75,1.0307764064044151,0.0003376032981730627,2221.542277752079,3053.217820982356
4201,2098.3098077071,2.0,0.75,1.520690632574555,0.0003376314654725207,2221.3569429921554,4503.995593083494
4202,2098.8099715484,2.0,1.75,1.4361406616345074,0.00033765965632150526,5182.733463229389,4253.2195799757465
4203,2099.3101355239,2.0,0.75,1.520690632574555,0.0003376878707051693,2220.985901666616,4503.2432743261
4204,2099.8102996336,0.0,-1.75,0.6614378277661477,0.0003377161086086976,-5181.86712268344,1958.561676228887
4205,2100.3104638775,3.0,0.5,1.903943276465977,0.0003377443700173198,1480.409577143683,5637.23172163711
4206,2100.8106282556,5.0,2.75,2.3584952830141512,0.00033777265491622587,8141.570846467879,6982.493250080009
4207,2101.3107927679,4.0,2.0,2.1213203435596424,0.0003378009632906497,5920.646230600491,6279.793647996268
4208,2101.8109574144,6.0,3.5,2.5739075352467498,0.00033782929512581685,10360.261974014138,7618.958960584388
4209,2102.3111221951003,9.0,7.75,3.0516389039334255,0.0003378576504069897,22938.65475789642,9032.32145330249
4210,2102.8112871099997,5.0,3.25,2.331844763272204,0.00033788602911941095,9618.62793933818,6901.276058525983
4211,2103.3114521591,12.0,11.5,3.48209706929603,0.00033791443124835417,34032.284319777806,10304.671086204135
4212,2103.8116173424,7.0,7.0,2.6457513110645907,0.0003379428567791079,20713.561063891528,7828.990191658209
4213,2104.3117826599,8.0,7.25,2.8613807855648994,0.0003379713056969398,21451.5252561148,8466.34237088373
4214,2104.8119481115996,9.0,8.25,3.031088913245535,0.0003379997779871668,24408.300056082397,8967.724568625663
4215,2105.3121136975,3.0,2.5,1.7677669529663687,0.0003380282736351091,7395.831044295045,5229.642283931012
4216,2105.8122794176,2.0,1.25,1.4790199457749043,0.00033805679262605305,3697.603560306826,4375.063533809675
4217,2106.3124452719003,4.0,3.5,2.03100960115899,0.0003380853349453775,10352.415908739356,6007.3874588116305
4218,2106.8126112604,8.0,8.0,2.8284271247461903,0.0003381139005783975,23660.665788406597,8365.308613185429
4219,2107.3127773830997,1.0,0.5,1.0606601717798212,0.00033814248951047284,1478.6665843853207,3136.7255067984315
4220,2107.81294364,1.0,0.5,1.0606601717798212,0.0003381711017269657,1478.5414763313886,3136.460112538482
4221,2108.3131100311,0.0,-0.25,0.25,0.00033819973721326436,-739.2081438619015,739.2081438619015
4222,2108.8132765564,0.0,-0.25,0.25,0.0003382283959547477,-739.1455093363835,739.1455093363835
4223,2109.3134432159,3.0,2.5,1.7677669529663687,0.00033825707793681527,7390.828346441837,5226.104842354781
4224,2109.8136100096,1.0,0.25,1.0897247358851685,0.0003382857831448688,739.0201198403275,3221.314019627306
4225,2110.3137769375,2.0,1.25,1.4790199457749043,0.000338314511564336,3694.786824898855,4371.730727529388
4226,2110.8139439996003,0.0,0.0,0.0,0.00033834326318065995,0.0,0.0
4227,2111.3141111959003,3.0,3.0,1.7320508075688772,0.00033837203797923746,8865.980823699387,5118.7764151929005
4228,2111.8142785264,2.0,1.5,1.4577379737113252,0.00033840083594559333,4432.613163642313,4307.725687609395
4229,2112.3144459911,1.0,0.75,1.0307764064044151,0.00033842965706510025,2216.117838206272,3045.76264191331
4230,2112.81461359,0.0,-0.5,0.3535533905932738,0.00033845850132329964,-1477.28598349608,1044.5989366819165
4231,2113.3147813231003,9.0,8.75,3.010398644698074,0.00033848736870565206,25850.299919489706,8893.680896305204
4232,2113.8149491903996,1.0,0.5,1.0606601717798212,0.0003385162591976508,1477.0339279569525,3133.2621195028905
4233,2114.3151171919,2.0,1.25,1.4790199457749043,0.000338545172784803,3692.269453195144,4368.752133160813
4234,2114.8152853276,0.0,-1.25,0.5590169943749475,0.0003385741094526059,-3691.953888680247,1651.091972976745
4235,2115.3154535975,1.0,-0.25,1.14564392373896,0.00033860306918662614,-738.3276253240598,3383.442230724498
4236,2115.8156220016003,3.0,1.5,1.8371173070873834,0.00033863205197235985,4429.58660074633,5425.11347164897
4237,2116.3157905399,2.0,1.5,1.4577379737113252,0.0003386610577954018,4429.207213148811,4304.415698695422
4238,2116.8159592124,1.0,-0.25,1.14564392373896,0.0003386900866412474,-738.137931579937,3382.572944783196
4239,2117.3161280191002,5.0,4.5,2.2638462845343543,0.00033871913849552583,13285.343190194259,6683.549959974457
4240,2117.8162969600003,7.0,5.5,2.715695122800054,0.00033874821334377937,16236.247995847916,8016.854453617515
4241,2118.3164660351,5.0,4.5,2.2638462845343543,0.0003387773111716059,13283.061915916052,6682.40230346363
4242,2118.8166352444,4.0,3.5,2.03100960115899,0.00033880643196460046,10330.382394764249,5994.601664974283
4243,2119.3168045879,5.0,4.5,2.2638462845343543,0.00033883557570838353,13280.777824442182,6681.253229686596
4244,2119.8169740656,4.0,3.75,2.0155644370746373,0.00033886474238860266,11066.362270582822,5947.990997432339
4245,2120.3171436775,3.0,2.0,1.8027756377319946,0.00033889393199084186,5901.551521595397,5319.586653976183
4246,2120.8173134236,1.0,-0.25,1.14564392373896,0.00033892314450077054,-737.630356782647,3380.2469448537627
4247,2121.3174833038997,1.0,0.75,1.0307764064044151,0.0003389523799040315,2212.700203528146,3041.0655523240803
4248,2121.8176533184,0.0,0.0,0.0,0.0003389816381862994,0.0,0.0
4249,2122.3178234671,0.0,-0.5,0.3535533905932738,0.0003390109193332512,-1474.8787472196284,1042.8967635869192
4250,2122.81799375,0.0,-1.0,0.5,0.0003390402233305543,-2949.5025403668087,1474.7512701834044
4251,2123.3181641671,2.0,1.75,1.4361406616345074,0.0003390695501639263,5161.183005533662,4235.534157933651
4252,2123.8183347184,3.0,2.0,1.8027756377319946,0.0003390988998190454,5897.984337511172,5316.37123769501
4253,2124.3185054039,2.0,1.5,1.4577379737113252,0.00033912827228165806,4423.105127472819,4298.485537356267
4254,2124.8186762236,0.0,-0.5,0.3535533905932738,0.0003391576675374708,-1474.240590314117,1042.445518511571
4255,2125.3188471774997,3.0,2.5,1.7677669529663687,0.0003391870855722168,7370.563639775493,5211.775530852253
4256,2125.8190182656,2.0,1.25,1.4790199457749043,0.0003392165263716794,3684.961972136863,4360.105804969958
4257,2126.3191894879,2.0,1.5,1.4577379737113252,0.00033924598992157793,4421.570319362503,4296.993971979755
4258,2126.8193608444003,2.0,1.5,1.4577379737113252,0.0003392754762077008,4421.186042582447,4296.62052207662
4259,2127.3195323351,1.0,0.75,1.0307764064044151,0.0003393049852158082,2210.4007682733495,3037.9052808458155
4260,2127.81970396,0.0,-0.5,0.3535533905932738,0.00033933451693172263,-1473.4722671923316,1041.9022320220142
4261,2128.3198757191,2.0,1.75,1.4361406616345074,0.0003393640713412089,5156.703810995026,4231.85829884319
4262,2128.8200476124002,4.0,3.0,2.0615528128088303,0.0003393936484301006,8839.293292248694,6074.223316625841
4263,2129.3202196399,2.0,2.0,1.4142135623730951,0.00033942324818421465,5892.348301712507,4166.519441253951
4264,2129.8203918015997,0.0,0.0,0.0,0.0003394528705893774,0.0,0.0
4265,2130.3205640974998,2.0,2.0,1.4142135623730951,0.00033948251563142867,5891.3196053117845,4165.792043053218
4266,2130.8207365276,3.0,2.25,1.7853571071357124,0.000339512183296223,6627.155403247735,5258.595110791637
4267,2131.3209090919,0.0,-1.0,0.5,0.00033954187356962306,-2945.1448491078377,1472.5724245539188
4268,2131.8210817904,1.0,0.25,1.0897247358851685,0.00033957158643750575,736.2217864656636,3209.116367236809
4269,2132.3212546231,3.0,2.5,1.7677669529663687,0.00033960132188573235,7361.573229803827,5205.418350995641
4270,2132.82142759,3.0,2.25,1.7853571071357124,0.0003396310799002322,6624.835396869288,5256.754204179921
4271,2133.3216006911002,1.0,0.5,1.0606601717798212,0.0003396608604668895,1472.0565664018875,3122.7035411788797
4272,2133.8217739264,0.0,-0.25,0.25,0.00033969066357161413,-735.9637070133798,735.9637070133798
4273,2134.3219472959,2.0,1.25,1.4790199457749043,0.0003397204892003365,3679.495466824383,4353.637748657285
4274,2134.8221207996,2.0,1.25,1.4790199457749043,0.00033975033733898904,3679.1722115430925,4353.255267850399
4275,2135.3222944375,2.0,1.75,1.4361406616345074,0.0003397802079735191,5150.3882772842,4226.675444693452
4276,2135.8224682096,2.0,1.5,1.4577379737113252,0.0003398101010898694,4414.230169112294,4289.860628144771
4277,2136.3226421159,1.0,0.75,1.0307764064044151,0.0003398400166740158,2206.920795673752,3033.12251597835
4278,2136.8228161563998,1.0,1.0,1.0,0.00033986995471196543,2942.301860273247,2942.301860273247
4279,2137.3229903311,1.0,0.25,1.0897247358851685,0.00033989991518962103,735.5106277697413,3206.0164983484633
4280,2137.82316464,0.0,-0.5,0.3535533905932738,0.000339929898093072,-1470.8915067632597,1040.0773588219995
4281,2138.3233390831,2.0,1.75,1.4361406616345074,0.00033995990340826744,5147.665893699163,4224.441315686002
4282,2138.8235136604,2.0,1.5,1.4577379737113252,0.00033998993112122956,4411.895361292767,4287.591602798208
4283,2139.3236883719,1.0,0.75,1.0307764064044151,0.0003400199812180077,2205.7527246292298,3031.517155880086
4284,2139.8238632176,0.0,-0.5,0.3535533905932738,0.0003400500536846168,-1470.3717719854576,1039.7098508361971
4285,2140.3240381975,3.0,2.0,1.8027756377319946,0.0003400801485071045,5880.9666156042,5301.031670463216
4286,2140.8242133116,1.0,0.25,1.0897247358851685,0.00034011026567155016,735.0557311358222,3204.0336498914526
4287,2141.3243885599,5.0,5.0,2.23606797749979,0.0003401404051640002,14699.81197202734,6573.955765183674
4288,2141.8245639424,3.0,2.75,1.7499999999999998,0.00034017056697053843,8084.179723397917,5144.478005798674
4289,2142.3247394591,3.0,3.0,1.7320508075688772,0.00034020075107725126,8818.322683005405,5091.260974834153
4290,2142.8249151100003,0.0,-0.75,0.4330127018922193,0.0003402309574702333,-2204.384943617652,1272.7022405952093
4291,2143.3250908951,0.0,-0.25,0.25,0.00034026118613559957,-734.7297023186505,734.7297023186505
4292,2143.8252668144,1.0,0.5,1.0606601717798212,0.000340291437059473,1469.32877394918,3116.9170195559427
4293,2144.3254428679,1.0,0.75,1.0307764064044151,0.0003403217102279667,2203.7971056786464,3028.8294147145148
4294,2144.8256190556,1.0,0.75,1.0307764064044151,0.0003403520056272384,2203.6009413777856,3028.559812670374
4295,2145.3257953775,1.0,0.5,1.0606601717798212,0.0003403823232434059,1468.9364454524043,3116.0847651343743
4296,2145.8259718336,0.0,-0.5,0.3535533905932738,0.0003404126630626549,-1468.8055241586947,1038.6023463768745
4297,2146.3261484239,4.0,3.75,2.0155644370746373,0.00034044302507114374,11015.05897856579,5920.41630652717
4298,2146.8263251484,3.0,2.5,1.7677669529663687,0.0003404734092550567,7342.717322536018,5192.085211101148
4299,2147.3265020071003,2.0,1.25,1.4790199457749043,0.0003405038156005859,3671.030815896235,4343.622238611882
4300,2147.826679,3.0,2.75,1.7499999999999998,0.00034053424409391487,8075.546138736009,5138.983906468369
4301,2148.3268561270997,2.0,1.25,1.4790199457749043,0.000340564694721246,3670.3745848439507,4342.845775559589
4302,2148.8270333884,0.0,-0.5,0.3535533905932738,0.0003405951674688266,-1468.0184798739494,1038.0458220260368
4303,2149.3272107839002,0.0,-1.0,0.5,0.00034062566232288203,-2935.7741080943315,1467.8870540471657
4304,2149.8273883136003,2.0,1.5,1.4577379737113252,0.0003406561792696101,4403.26666968467,4279.206021851164
4305,2150.3275659775,2.0,1.75,1.4361406616345074,0.00034068671829529996,5136.683956323584,4215.428968938236
4306,2150.8277437756,0.0,-0.25,0.25,0.00034071727938622584,-733.7461735147523,733.7461735147523
4307,2151.3279217079003,2.0,1.5,1.4577379737113252,0.00034074786252860406,4402.081905573457,4278.054638094628
4308,2151.8280997744,4.0,3.75,2.0155644370746373,0.0003407784677087486,11004.216390822538,5914.588590724193
4309,2152.3282779751,2.0,2.0,1.4142135623730951,0.0003408090949129458,5868.387991555413,4149.576943462536
4310,2152.82845631,1.0,-0.5,1.1726039399558574,0.00034083974412746685,-1466.965072632523,3440.3380478930544
4311,2153.3286347791,0.0,0.0,0.0,0.00034087041533867394,0.0,0.0
4312,2153.8288133824,2.0,1.75,1.4361406616345074,0.0003409011085328305,5133.4535329956725,4212.777916197945
4313,2154.3289921199002,2.0,1.75,1.4361406616345074,0.00034093182369629736,5132.9910508996745,4212.398379430322
4314,2154.8291709915998,0.0,-1.0,0.5,0.0003409625608154021,-2932.8733266448053,1466.4366633224026
4315,2155.3293499975,0.0,-0.25,0.25,0.0003409933198764979,-733.1521922204981,733.1521922204981
4316,2155.8295291376,3.0,2.5,1.7677669529663687,0.00034102410086593474,7330.860175723515,5183.700942184502
4317,2156.3297084119,0.0,0.0,0.0,0.00034105490377009433,0.0,0.0
4318,2156.8298878203996,2.0,1.5,1.4577379737113252,0.0003410857285753365,4397.721377160145,4273.816966192272
4319,2157.3300673630997,3.0,2.5,1.7677669529663687,0.00034111657526808933,7328.872828988762,5182.29567583179
4320,2157.83024704,1.0,0.25,1.0897247358851685,0.0003411474438346933,732.820967936492,3194.292542942829
4321,2158.3304268511,1.0,0.75,1.0307764064044151,0.0003411783342615749,2198.2638540728362,3021.2246877732236
4322,2158.8306067964004,4.0,4.0,2.0,0.0003412092465351863,11723.011731417164,5861.505865708582
4323,2159.3307868759,1.0,0.5,1.0606601717798212,0.0003412401806419104,1465.2436271116867,3108.25111446314
4324,2159.8309670896,1.0,0.75,1.0307764064044151,0.00034127113656820415,2197.6660773071562,3020.4031221914106
4325,2160.3311474375,0.0,-0.75,0.4330127018922193,0.0003413021143005204,-2197.4666097134586,1268.7079386532796
4326,2160.8313279196,1.0,1.0,1.0,0.0003413331138253144,2929.689384053651,2929.689384053651
4327,2161.3315085359,2.0,0.75,1.520690632574555,0.000341364135129055,2197.0673624411584,4454.746342932739
4328,2161.8316892864,3.0,2.5,1.7677669529663687,0.0003413951781982022,7322.891943566311,5178.066551192074
4329,2162.3318701711,1.0,0.75,1.0307764064044151,0.00034142624301925905,2196.667700079792,3019.0309839372
4330,2162.83205119,2.0,1.75,1.4361406616345074,0.0003414573295787015,5125.091331790105,4205.91546067104
4331,2163.3322323431003,0.0,-0.25,0.25,0.000341488437863055,-732.0892079522059,732.0892079522059
4332,2163.8324136304,0.0,0.0,0.0,0.0003415195678588297,0.0,0.0
4333,2164.3325950518997,1.0,0.5,1.0606601717798212,0.0003415507195525435,1463.9114233313187,3105.4250834820778
4334,2164.8327766076,0.0,-0.75,0.4330127018922193,0.00034158189293075856,-2195.6667362108424,1267.6687812020366
4335,2165.3329582975,1.0,0.5,1.0606601717798212,0.0003416130879799969,1463.6441564828965,3104.8581248793607
4336,2165.8331401216,1.0,1.0,1.0,0.00034164430468680107,2927.0208409203246,2927.0208409203246
4337,2166.3333220799,3.0,2.25,1.7853571071357124,0.00034167554303775755,6585.1947727829,5225.2996842048415
4338,2166.8335041724,1.0,0.25,1.0897247358851685,0.000341706803019431,731.6213718630116,3189.06362488546
4339,2167.3336863991,1.0,0.5,1.0606601717798212,0.0003417380846184238,1463.1088032177843,3103.7224691070874
4340,2167.8338687600003,1.0,0.5,1.0606601717798212,0.0003417693878212928,1462.9747947509102,3103.438194220098
4341,2168.3340512551,0.0,0.0,0.0,0.00034180071261466315,0.0,0.0
4342,2168.8342338844,2.0,1.5,1.4577379737113252,0.00034183205898515533,4388.119723039612,4264.48583564431
4343,2169.3344166479,2.0,1.5,1.4577379737113252,0.00034186342691938063,4387.717087835005,4264.094544559438
4344,2169.8345995456,3.0,2.75,1.7499999999999998,0.000341894816403982,8043.4094582779735,5118.533291631437
4345,2170.3347825775004,1.0,0.75,1.0307764064044151,0.00034192622742557527,2193.4556048738536,3014.616381332658
4346,2170.8349657435997,0.0,-1.0,0.5,0.0003419576599708611,-2924.33864498082,1462.16932249041
4347,2171.3351490439,1.0,0.75,1.0307764064044151,0.0003419891140264235,2193.052261722143,3014.0620391933676
4348,2171.8353324784002,1.0,0.75,1.0307764064044151,0.00034202058957901545,2192.8504389842615,3013.784660371389
4349,2172.3355160471,1.0,1.0,1.0,0.00034205208661529043,2923.5313542311774,2923.5313542311774
4350,2172.83569975,0.0,-0.25,0.25,0.00034208360512188676,-730.815497313656,730.815497313656
4351,2173.3358835871,1.0,1.0,1.0,0.00034211514508557543,2922.992490583437,2922.992490583437
4352,2173.8360675584,2.0,1.5,1.4577379737113252,0.00034214670649304667,4384.084287628482,4260.564097351468
4353,2174.3362516639,3.0,2.75,1.7499999999999998,0.00034217828933099227,8036.746005647071,5114.292912684499
4354,2174.8364359036004,1.0,0.75,1.0307764064044151,0.00034220989358615424,2191.637395811238,3012.117491994452
4355,2175.3366202775,1.0,0.0,1.118033988749895,0.0003422415192452821,0.0,3266.798228383879
4356,2175.8368047855997,2.0,1.75,1.4361406616345074,0.00034227316629512256,5112.875247985626,4195.890309426727
4357,2176.3369894279,0.0,0.0,0.0,0.00034230483472241725,0.0,0.0
4358,2176.8371742044,3.0,2.75,1.7499999999999998,0.00034233652451395267,8033.03125164466,5111.928978319328
4359,2177.3373591151,3.0,2.25,1.7853571071357124,0.00034236823565647476,6571.871352743143,5214.727656356248
4360,2177.83754416,1.0,1.0,1.0,0.00034239996813681,2920.5610194462347,2920.5610194462347
4361,2178.3377293391,2.0,1.25,1.4790199457749043,0.0003424317219417207,3650.362743591672,4319.167445668548
4362,2178.8379146524003,2.0,1.75,1.4361406616345074,0.0003424634970580311,5110.03366791953,4193.55836161175
4363,2179.3381000999,1.0,0.25,1.0897247358851685,0.000342495293472538,729.9370378648591,3181.7217832003435
4364,2179.8382856815997,1.0,0.0,1.118033988749895,0.00034252711117208735,0.0,3264.074440484768
4365,2180.3384713975,1.0,0.5,1.0606601717798212,0.0003425589501434801,1459.602791842327,3096.2850958515783
4366,2180.8386572476,1.0,-0.5,1.1726039399558574,0.0003425908103736025,-1459.4670518299642,3422.753630423151
4367,2181.3388432319002,2.0,2.0,1.4142135623730951,0.00034262269184927134,5837.324986285065,4127.612081791841
4368,2181.8390293504,3.0,2.75,1.7499999999999998,0.0003426545945573533,8025.574568910988,5107.183816579719
4369,2182.3392156031,1.0,0.5,1.0606601717798212,0.00034268651848474665,1459.0594407123008,3095.1324740457576
4370,2182.83940199,1.0,1.0,1.0,0.0003427184636182984,2917.8468806213687,2917.8468806213687
4371,2183.3395885111,3.0,3.0,1.7320508075688772,0.00034275042994491714,8752.724250359439,5053.387702087587
4372,2183.8397751664,1.0,0.5,1.0606601717798212,0.0003427824174514895,1458.6512450591486,3094.266560302573
4373,2184.3399619559,1.0,1.0,1.0,0.0003428144261249525,2917.0301008146894,2917.0301008146894
4374,2184.8401488796,4.0,4.0,2.0,0.0003428464559521849,11667.030329629133,5833.515164814567
4375,2185.3403359375,1.0,1.0,1.0,0.0003428785069201331,2916.4849350937316,2916.4849350937316
4376,2185.8405231296,4.0,2.75,2.0766559657295187,0.0003429105790157524,8019.58343744674,6055.969377468878
4377,2186.3407104558996,1.0,1.0,1.0,0.00034294267222596326,2915.939254538452,2915.939254538452
4378,2186.8408979164,0.0,-0.5,0.3535533905932738,0.00034297478653773063,-1457.8331108458756,1030.8436785173985
4379,2187.3410855111,1.0,0.0,1.118033988749895,0.0003430069219380154,0.0,3259.50853246027
4380,2187.84127324,4.0,3.75,2.0155644370746373,0.0003430390784137985,10931.699144423654,5875.611741946548
4381,2188.3414611031003,0.0,-0.75,0.4330127018922193,0.00034307125595206826,-2186.1347664311033,1262.1654958837971
4382,2188.8416491004,0.0,-0.5,0.3535533905932738,0.0003431034545398044,-1457.2864055555397,1030.4570994992914
4383,2189.3418372318997,2.0,1.5,1.4577379737113252,0.000343135674164011,4371.448709477622,4248.284522624598
4384,2189.8420254976,2.0,1.25,1.4790199457749043,0.0003431679148117132,3642.531676324812,4309.901601921036
4385,2190.3422138975,1.0,0.0,1.118033988749895,0.0003432001764699258,0.0,3257.673117332639
4386,2190.8424024315996,4.0,4.0,2.0,0.00034323245912568366,11653.909453054654,5826.954726527327
4387,2191.3425910999,0.0,-0.25,0.25,0.0003432647627660057,-728.3007961129358,728.3007961129358
4388,2191.8427799024,2.0,1.75,1.4361406616345074,0.0003432970873779844,5097.625538760185,4183.375608000008
4389,2192.3429688391,2.0,1.5,1.4577379737113252,0.00034332943294861887,4368.981671968925,4245.886993118599
4390,2192.84315791,1.0,0.5,1.0606601717798212,0.0003433617994650355,1456.1899453550452,3089.045355168661
4391,2193.3433471150997,2.0,1.25,1.4790199457749043,0.00034339418691426164,3640.1315095997793,4307.061686353429
4392,2193.8435364544,0.0,-0.75,0.4330127018922193,0.0003434265952834274,-2183.8727993125594,1260.8595485590076
4393,2194.3437259279,0.0,-0.25,0.25,0.00034345902455960577,-727.8888662790505,727.8888662790505
4394,2194.8439155356,0.0,-0.25,0.25,0.00034349147472988346,-727.8201014933376,727.8201014933376
4395,2195.3441052774997,1.0,0.75,1.0307764064044151,0.0003435239457814151,2183.253916387029,3000.5955016023836
4396,2195.8442951536,2.0,1.5,1.4577379737113252,0.0003435564377013151,4366.094869408579,4243.081525308717
4397,2196.3444851639,0.0,-0.25,0.25,0.0003435889504766646,-727.6136198593475,727.6136198593475
4398,2196.8446753084,1.0,1.0,1.0,0.00034362148409468926,2910.1789215380877,2910.1789215380877
4399,2197.3448655871002,3.0,2.25,1.7853571071357124,0.0003436540385424745,6547.282288730931,5195.216429604241
4400,2197.8450559999997,2.0,0.75,1.520690632574555,0.000343686613807208,2182.2205749936907,4424.643182139153
4401,2198.3452465471,2.0,1.5,1.4577379737113252,0.00034371920987604496,4364.027255098553,4241.072165378908
4402,2198.8454372284,0.0,-0.5,0.3535533905932738,0.00034375182673620087,-1454.5377249259122,1028.5134887867657
4403,2199.3456280439,1.0,0.75,1.0307764064044151,0.0003437844643747991,2181.599454658133,2998.321661448456
4404,2199.8458189935996,4.0,2.75,2.0766559657295187,0.00034381712277909484,7998.4381748401065,6040.001582654701
4405,2200.3460100775,0.0,-1.25,0.5590169943749475,0.00034384980193626926,-3635.3081867753435,1625.7592449582341
4406,2200.8462012956,1.0,-2.0,1.3228756555322954,0.0003438825018335459,-5815.940006648221,3846.882724415634
4407,2201.3463926479,6.0,2.25,2.6339134382131846,0.0003439152224581392,6542.31000279107,7658.612548136861
4408,2201.8465841344,4.0,-1.25,2.3048861143232218,0.0003439479637972831,-3634.270679202881,6701.264019349396
4409,2202.3467757550998,5.0,1.25,2.4366985862022412,0.0003439807258382256,3633.924537352933,7083.82302602682
4410,2202.84696751,14.0,10.25,3.8649062084350767,0.0003440135085682226,29795.341591847067,11234.75128788035
4411,2203.3471593991,21.0,19.0,4.636809247747852,0.0003440463119745322,55225.12330086091,13477.282233128803
4412,2203.8473514224,20.0,17.5,4.541475531146238,0.0003440791360444198,50860.392760753704,13198.927384425728
4413,2204.3475435798996,14.0,12.75,3.783186487605389,0.0003441119807651717,37051.892153388384,10994.056292934203
4414,2204.8477358716,13.0,12.25,3.6314597615834874,0.00034414484612405705,35595.477131115105,10552.125950694674
4415,2205.3479282975,7.0,7.0,2.6457513110645907,0.00034417773210838973,20338.32914499981,7687.165857178061
4416,2205.8481208576,5.0,4.75,2.25,0.000344210638705491,13799.689683804725,6536.695113381186
4417,2206.3483135519,3.0,2.75,1.7499999999999998,0.00034424356590265464,7988.529844527715,5083.609901063091
4418,2206.8485063803996,6.0,5.5,2.4748737341529163,0.00034427651368718764,15975.530660210366,7188.622040019861
4419,2207.3486993430997,2.0,1.25,1.4790199457749043,0.00034430948204645364,3630.4547657835114,4295.612008661898
4420,2207.84889244,0.0,-0.75,0.4330127018922193,0.0003443424709678052,-2178.0641751569538,1257.5059378391475
4421,2208.3490856711,2.0,1.25,1.4790199457749043,0.0003443754804385799,3629.759001448247,4294.788769198365
4422,2208.8492790364003,0.0,-0.5,0.3535533905932738,0.00034440851044611695,-1451.7643578329214,1026.5524221085923
4423,2209.3494725359,3.0,3.0,1.7320508075688772,0.0003444415609778048,8709.750331764739,5028.576698618804
4424,2209.8496661696,1.0,0.5,1.0606601717798212,0.00034447463202102866,1451.4856930581675,3079.0661290700573
4425,2210.3498599375002,1.0,0.5,1.0606601717798212,0.0003445077235631687,1451.3462712203034,3078.77037068906
4426,2210.8500538396,0.0,-0.5,0.3535533905932738,0.000344540835591608,-1451.2067898757325,1026.1581620250918
4427,2211.3502478758996,1.0,1.0,1.0,0.000344573968093773,2902.134498238875,2902.134498238875
4428,2211.8504420464,1.0,0.5,1.0606601717798212,0.0003446071210570801,1450.9276490464076,3077.8823389553095
4429,2212.3506363511,2.0,0.75,1.520690632574555,0.0003446402944689355,2176.181984627459,4412.399411733975
4430,2212.85083079,0.0,-0.75,0.4330127018922193,0.00034467348831678955,-2175.972406994862,1256.2982549276815
4431,2213.3510253631002,1.0,0.5,1.0606601717798212,0.0003447067025880583,1450.5084938760967,3076.993176565421
4432,2213.8512200704,2.0,1.75,1.4361406616345074,0.00034473993727021385,5076.290301196858,4165.866806748394
4433,2214.3514149119,5.0,4.25,2.277608394786075,0.0003447731923507178,12326.944479130852,6606.106406524773
4434,2214.8516098876003,6.0,5.5,2.4748737341529163,0.0003448064678170219,15950.976890951708,7177.573407544824
4435,2215.3518049975,0.0,-0.5,0.3535533905932738,0.00034483976365662215,-1449.948795632166,1025.2686257647722
4436,2215.8520002416,2.0,1.0,1.5000000000000002,0.0003448730798569797,2899.6174488733773,4349.426173310067
4437,2216.3521956198997,0.0,-0.25,0.25,0.0003449064164056123,-724.8342973880726,724.8342973880726
4438,2216.8523911324,1.0,0.75,1.0307764064044151,0.00034493977329002674,2174.2926101171784,2988.279364171015
4439,2217.3525867791,2.0,1.75,1.4361406616345074,0.00034497315049772067,5072.858561529016,4163.0505433900325
4440,2217.8527825600004,2.0,2.0,1.4142135623730951,0.0003450065480162047,5796.99142378614,4099.0919462394395
4441,2218.3529784751,1.0,0.0,1.118033988749895,0.00034503996583304576,0.0,3240.3028618744916
4442,2218.8531745244,3.0,2.5,1.7677669529663687,0.0003450734039357648,7244.835363971932,5122.872214444661
4443,2219.3533707079,0.0,-0.5,0.3535533905932738,0.0003451068623118847,-1448.8265943206113,1024.4751096075154
4444,2219.8535670256,0.0,-0.75,0.4330127018922193,0.00034514034094900093,-2173.0290870600447,1254.5989283710035
4445,2220.3537634775,1.0,0.25,1.0897247358851685,0.0003451738398346766,724.2727320232009,3157.031646451248
4446,2220.8539600636,1.0,0.5,1.0606601717798212,0.0003452073589564521,1448.4048124335466,3072.5305943249705
4447,2221.3541567839,3.0,3.0,1.7320508075688772,0.0003452408983019645,8689.584619769046,5016.93401936969
4448,2221.8543536384,0.0,-0.75,0.4330127018922193,0.0003452744578587589,-2172.185005086017,1254.1115974160805
4449,2222.3545506271003,1.0,0.75,1.0307764064044151,0.00034530803761444623,2171.9737692217077,2985.0924221906726
4450,2222.8547477499997,1.0,1.0,1.0,0.00034534163755665237,2895.683263319074,2895.683263319074
4451,2223.3549450071,0.0,-0.25,0.25,0.0003453752576729868,-723.850346676277,723.850346676277
4452,2223.8551423984,1.0,0.5,1.0606601717798212,0.0003454088979510846,1447.5596979867264,3070.7378358562946
4453,2224.3553399239,4.0,3.75,2.0155644370746373,0.0003454425583785769,10855.639842414279,5834.7310954828645
4454,2224.8555375836,3.0,2.75,1.7499999999999998,0.00034547623894310304,7960.026450481595,5065.471377579196
4455,2225.3557353775,0.0,-0.25,0.25,0.0003455099396323393,-723.5681852337666,723.5681852337666
4456,2225.8559333056,3.0,1.75,1.8200274723201295,0.0003455436604339171,5064.483017290591,5267.141842610067
4457,2226.3561313679,0.0,-0.25,0.25,0.00034557740133552196,-723.4269342666721,723.4269342666721
4458,2226.8563295644003,4.0,3.75,2.0155644370746373,0.0003456111623248489,10850.343995762723,5831.884663436177
4459,2227.3565278951,0.0,-0.5,0.3535533905932738,0.0003456449433895519,-1446.5711405952363,1022.8802629836504
4460,2227.85672636,1.0,0.5,1.0606601717798212,0.0003456787445173887,1446.4296921063612,3068.3407313939338
4461,2228.3569249591,2.0,1.75,1.4361406616345074,0.0003457125656960055,5062.008655880975,4154.146548718004
4462,2228.8571236924,1.0,0.75,1.0307764064044151,0.00034574640691313363,2169.2199398284197,2981.3076457028533
4463,2229.3573225599,1.0,0.75,1.0307764064044151,0.00034578026815651236,2169.007514507807,2981.0156950247065
4464,2229.8575215615997,1.0,0.25,1.0897247358851685,0.0003458141494138656,722.9316684228656,3151.186085740526
4465,2230.3577206975,4.0,3.25,2.0463381929681126,0.0003458480506729358,9397.190453079884,5916.870686379289
4466,2230.8579199676,2.0,1.75,1.4361406616345074,0.0003458819719214741,5059.529383038513,4152.111928980663
4467,2231.3581193719,1.0,0.25,1.0897247358851685,0.0003459159131472332,722.718991807676,3150.25904986726
4468,2231.8583189103997,1.0,0.5,1.0606601717798212,0.00034594987433799753,1445.296087928315,3065.9359937895
4469,2232.3585185831,0.0,0.0,0.0,0.0003459838554815236,0.0,0.0
4470,2232.85871839,3.0,2.75,1.7499999999999998,0.0003460178565655996,7947.566716050803,5057.542455668692
4471,2233.3589183311,0.0,-0.25,0.25,0.000346051877578039,-722.4350341622461,722.4350341622461
4472,2233.8591184064,1.0,0.25,1.0897247358851685,0.00034608591850659824,722.3639756242601,3148.7115702004285
4473,2234.3593186159,5.0,4.25,2.277608394786075,0.00034611997933913625,12278.97912196439,6580.401394726833
4474,2234.8595189596,0.0,-0.5,0.3535533905932738,0.00034615406006345475,-1444.4435518345306,1021.375830543379
4475,2235.3597194375,0.0,-0.5,0.3535533905932738,0.00034618816066739246,-1444.3012696797148,1021.2752218668669
4476,2235.8599200496,2.0,1.5,1.4577379737113252,0.00034622228113875494,4332.476798045379,4210.410632489334
4477,2236.3601207959,2.0,1.75,1.4361406616345074,0.0003462564214653967,5054.057893262457,4147.621741010885
4478,2236.8603216764,0.0,0.0,0.0,0.0003462905816352275,0.0,0.0
4479,2237.3605226911,0.0,-1.0,0.5,0.00034632476163601116,-2887.4631870850876,1443.7315935425438
4480,2237.86072384,0.0,-0.25,0.25,0.00034635896145570233,-721.7945190425622,721.7945190425622
4481,2238.3609251230996,0.0,-0.25,0.25,0.0003463931810821573,-721.7232141203875,721.7232141203875
4482,2238.8611265403997,1.0,0.5,1.0606601717798212,0.00034642742050323435,1443.3037641006592,3061.7096367229356
4483,2239.3613280919,2.0,1.75,1.4361406616345074,0.0003464616797068643,5051.063660144599,4145.16451819319
4484,2239.8615297776,1.0,0.75,1.0307764064044151,0.0003464959586809327,2164.5274099448584,2974.8583802490903
4485,2240.3617315975002,1.0,0.0,1.118033988749895,0.0003465302574133679,0.0,3226.367582142237
4486,2240.8619335516,0.0,-1.0,0.5,0.0003465645758920896,-2885.465132799296,1442.732566399648
4487,2241.3621356399,0.0,-1.0,0.5,0.0003465989141050177,-2885.1792642864575,1442.5896321432288
4488,2241.8623378624,1.0,0.0,1.118033988749895,0.00034663327204010464,0.0,3225.4087502037055
4489,2242.3625402191,2.0,1.75,1.4361406616345074,0.0003466676496852807,5048.062608636031,4142.701699850838
4490,2242.8627427099996,2.0,1.5,1.4577379737113252,0.00034670204702853753,4326.481521686928,4204.584271148929
4491,2243.3629453351,2.0,1.75,1.4361406616345074,0.00034673646405779083,5047.060754787896,4141.879526680369
4492,2243.8631480944,0.0,-0.25,0.25,0.0003467709007610597,-720.9370782015557,720.9370782015557
4493,2244.3633509879,2.0,1.0,1.5000000000000002,0.0003468053571262936,2883.461801992399,4325.192702988599
4494,2244.8635540156,1.0,0.0,1.118033988749895,0.0003468398331414974,0.0,3223.4878520823754
4495,2245.3637571775,1.0,0.5,1.0606601717798212,0.00034687432879466554,1441.4442306452092,3057.7649705743597
4496,2245.8639604736,2.0,0.75,1.520690632574555,0.0003469088440738125,2161.9512238218435,4383.545298865297
4497,2246.3641639039,2.0,1.75,1.4361406616345074,0.0003469433789669546,5044.050718623694,4139.40933506414
4498,2246.8643674684,3.0,2.75,1.7499999999999998,0.0003469779334621095,7925.576051943095,5043.54839669106
4499,2247.3645711671,0.0,0.0,0.0,0.00034701250754729705,0.0,0.0
4500,2247.864775,0.0,-1.0,0.5,0.0003470471012105923,-2881.453256666703,1440.7266283333515
4501,2248.3649789671,0.0,-0.75,0.4330127018922193,0.00034708171444000684,-2160.8744246583974,1247.5814307615035
4502,2248.8651830684003,2.0,2.0,1.4142135623730951,0.0003471163472236313,5761.756874882907,4074.177357777914
4503,2249.3653873039,5.0,4.25,2.277608394786075,0.0003471509995495044,12242.511199781067,6560.857948678564
4504,2249.8655916735997,1.0,0.0,1.118033988749895,0.00034718567140571435,0.0,3220.2768743972224
4505,2250.3657961774998,0.0,-0.25,0.25,0.00034722036278035716,-720.0038557592998,720.0038557592998
4506,2250.8660008156,1.0,0.25,1.0897247358851685,0.00034725507366151876,719.9318856999148,3138.1103359986037
4507,2251.3662055879,1.0,1.0,1.0,0.00034728980403725716,2879.439558475262,2879.439558475262
4508,2251.8664104944,2.0,1.5,1.4577379737113252,0.0003473245538957567,4318.727205362505,4197.048430238075
4509,2252.3666155350998,1.0,1.0,1.0,0.00034735932322506135,2878.863278277633,2878.863278277633
4510,2252.86682071,0.0,-0.5,0.3535533905932738,0.00034739411201333524,-1439.2874913804146,1017.7299452320657
4511,2253.3670260191,0.0,-0.25,0.25,0.0003474289202487091,-719.5716459672844,719.5716459672844
4512,2253.8672314624,1.0,0.0,1.118033988749895,0.0003474637479193268,0.0,3217.699674987323
4513,2254.3674370399,3.0,2.75,1.7499999999999998,0.000347498595013305,7913.701060848053,5035.991584176033
4514,2254.8676427515998,2.0,1.5,1.4577379737113252,0.00034753346151885045,4316.131153082188,4194.525520910902
4515,2255.3678485975,1.0,0.25,1.0897247358851685,0.0003475683474241187,719.2829895264848,3135.2818631537725
4516,2255.8680545776,2.0,1.75,1.4361406616345074,0.0003476032527172492,5034.475328755057,4131.55127406908
4517,2256.3682606919,0.0,-0.75,0.4330127018922193,0.00034763817738646033,-2157.415522191754,1245.5844324912862
4518,2256.8684669403997,4.0,4.0,2.0,0.00034767312141994273,11505.059648164557,5752.5298240822785
4519,2257.3686733230998,0.0,-0.5,0.3535533905932738,0.00034770808480587083,-1437.9878462680997,1016.810957360012
4520,2257.86887984,0.0,0.0,0.0,0.0003477430675324739,0.0,0.0
4521,2258.3690864911,2.0,1.25,1.4790199457749043,0.00034777806958797197,3594.246185450768,4252.7694386456415
4522,2258.8692932763997,1.0,0.25,1.0897247358851685,0.00034781309096058014,718.7768560106729,3133.0756783064094
4523,2259.3695001959,3.0,2.0,1.8027756377319946,0.0003478481316385394,5749.6355969457,5182.651490005181
4524,2259.8697072496,0.0,-0.25,0.25,0.0003478831916100809,-718.632017956787,718.632017956787
4525,2260.3699144375,0.0,-0.25,0.25,0.0003479182708634367,-718.5595610703896,718.5595610703896
4526,2260.8701217596004,4.0,3.75,2.0155644370746373,0.0003479533693869184,10777.30618504246,5792.628019742964
4527,2261.3703292159,1.0,0.5,1.0606601717798212,0.00034798848716875047,1436.8291435961628,3047.9748925299186
4528,2261.8705368063997,4.0,3.0,2.0615528128088303,0.00034802362419721224,8620.10447399976,5923.6002083600615
4529,2262.3707445311,1.0,0.5,1.0606601717798212,0.00034805878046059106,1436.5389643046585,3047.359329295571
4530,2262.87095239,0.0,-1.0,0.5,0.00034809395594719874,-2872.7875991954506,1436.3937995977253
4531,2263.3711603831,0.0,-0.5,0.3535533905932738,0.00034812915064529715,-1436.2485849667944,1015.5811138996036
4532,2263.8713685104,0.0,-0.25,0.25,0.0003481643645432078,-718.0516602496077,718.0516602496077
4533,2264.3715767719,2.0,1.25,1.4790199457749043,0.00034819959762924865,3589.895015705786,4247.621065173416
4534,2264.8717851676,0.0,-0.5,0.3535533905932738,0.0003482348498917574,-1435.812642403298,1015.2728559567474
4535,2265.3719936975003,1.0,-0.5,1.1726039399558574,0.000348270121319055,-1435.667228949403,3366.9380982631556
4536,2265.8722023615996,1.0,0.5,1.0606601717798212,0.0003483054118994647,1435.5217660078179,3045.2015258550487
4537,2266.3724111599,1.0,0.25,1.0897247358851685,0.0003483407216213531,717.6881268327577,3128.3300178429927
4538,2266.8726200924,0.0,-1.0,0.5,0.0003483760504730584,-2870.461384019091,1435.2306920095455
4539,2267.3728291591,4.0,3.5,2.03100960115899,0.00034841139844299206,10045.595567886332,5829.343156496383
4540,2267.8730383599996,2.0,1.5,1.4577379737113252,0.0003484467655194606,4304.8182633115175,4183.531368236825
4541,2268.3732476951,1.0,0.5,1.0606601717798212,0.00034848215169089655,1434.7937120277531,3043.657090135928
4542,2268.8734571644,3.0,3.0,1.7320508075688772,0.0003485175569456633,8607.887723910919,4969.766294554044
4543,2269.3736667679,0.0,0.0,0.0,0.0003485529812721669,0.0,0.0
4544,2269.8738765056,0.0,-0.25,0.25,0.00034858842465881044,-717.1781456733502,717.1781456733502
4545,2270.3740863774997,1.0,0.75,1.0307764064044151,0.0003486238870940031,2151.3155803858317,2956.7004573225818
4546,2270.8742963836,1.0,0.75,1.0307764064044151,0.0003486593685661925,2151.0966508207093,2956.3995674153916
4547,2271.3745065239,2.0,1.75,1.4361406616345074,0.0003486948690637743,5018.714513060228,4118.617132194869
4548,2271.8747167984,1.0,0.25,1.0897247358851685,0.000348730388575187,716.886191138744,3124.834461193569
4549,2272.3749272071,2.0,1.75,1.4361406616345074,0.00034876592708888956,5017.691993616049,4117.777999765671
4550,2272.87513775,1.0,0.75,1.0307764064044151,0.00034880148459334173,2150.220205841167,2955.195009006827
4551,2273.3753484271,0.0,-0.75,0.4330127018922193,0.00034883706107700544,-2150.0009135624446,1241.3036062032186
4552,2273.8755592384,2.0,1.75,1.4361406616345074,0.00034887265652832613,5016.156947966232,4116.51826177986
4553,2274.3757701839004,1.0,-0.25,1.14564392373896,0.0003489082709358229,-716.5207042225268,3283.510364102793
4554,2274.8759812636,2.0,1.75,1.4361406616345074,0.0003489439042879269,5015.132743387912,4115.677746442285
4555,2275.3761924775,2.0,1.5,1.4577379737113252,0.00034897955657318995,4298.246048362468,4177.1443233684095
4556,2275.8764038256,0.0,-1.25,0.5590169943749475,0.00034901522778006444,-3581.5056206879904,1601.6980059311848
4557,2276.3766153079,0.0,-0.25,0.25,0.0003490509178970939,-716.2278830439983,716.2278830439983
4558,2276.8768269243997,0.0,-1.0,0.5,0.00034908662691278766,-2864.618472622929,1432.3092363114645
4559,2277.3770386751,0.0,-1.75,0.6614378277661477,0.00034912235481566865,-5012.569306608778,1894.5731163946145
4560,2277.87725056,1.0,0.25,1.0897247358851685,0.00034915810159429105,716.008017166077,3121.0065895918656
4561,2278.3774625791,4.0,4.0,2.0,0.000349193867237152,11454.954898401564,5727.477449200782
4562,2278.8776747324,3.0,2.75,1.7499999999999998,0.0003492296517328385,7874.474536611675,5011.029250571065
4563,2279.3778870199,1.0,0.5,1.0606601717798212,0.00034926545506991,1431.575876577655,3036.8310303334074
4564,2279.8780994415997,2.0,1.5,1.4577379737113252,0.00034930127723690416,4294.287189172416,4173.2970037858
4565,2280.3783119975,3.0,2.0,1.8027756377319946,0.0003493371182224192,5725.128810178773,5160.561370933926
4566,2280.8785246876,3.0,2.5,1.7677669529663687,0.0003493729780150433,7155.676475621292,5059.82735988887
4567,2281.3787375118995,2.0,1.25,1.4790199457749043,0.0003494088566033486,3577.470852202836,4232.9205966690715
4568,2281.8789504704,0.0,-0.25,0.25,0.00034944475397593873,-715.4206699500601,715.4206699500601
4569,2282.3791635631,1.0,1.0,1.0,0.0003494806701214245,2861.3885845318923,2861.3885845318923
4570,2282.87937679,2.0,1.25,1.4790199457749043,0.00034951660502840115,3576.367995158419,4231.615678616246
4571,2283.3795901511003,0.0,-0.25,0.25,0.00034955255868551874,-715.2000286884382,715.2000286884382
4572,2283.8798036464,2.0,1.75,1.4361406616345074,0.0003495885310813755,5005.885046018982,4108.088606889136
4573,2284.3800172758997,0.0,0.0,0.0,0.0003496245222046603,0.0,0.0
4574,2284.8802310396,2.0,1.5,1.4577379737113252,0.00034966053204395724,4289.875071777987,4169.009196405578
4575,2285.3804449375,1.0,0.5,1.0606601717798212,0.0003496965605879586,1429.8110314820665,3033.087228528904
4576,2285.8806589696,0.0,-0.25,0.25,0.0003497326078253286,-714.8318298214294,714.8318298214294
4577,2286.3808731359,0.0,-0.25,0.25,0.00034976867374471565,-714.7581209129854,714.7581209129854
4578,2286.8810874364,0.0,-0.5,0.3535533905932738,0.00034980475833478744,-1429.368778115549,1010.7163558218343
4579,2287.3813018711003,1.0,0.5,1.0606601717798212,0.00034984086158426674,1429.221268595476,3031.836152519703
4580,2287.8815164400003,0.0,0.0,0.0,0.0003498769834818362,0.0,0.0
4581,2288.3817311431,1.0,1.0,1.0,0.0003499131240161806,2857.8522249247167,2857.8522249247167
4582,2288.8819459804,2.0,0.75,1.520690632574555,0.00034994928317600403,2143.1676990256724,4345.4600585929375
4583,2289.3821609519,2.0,1.25,1.4790199457749043,0.00034998546095005924,3571.576935244082,4225.946820076481
4584,2289.8823760576,3.0,1.5,1.8371173070873834,0.00035002165732703016,4285.449110363274,5248.581819527067
4585,2290.3825912975003,0.0,-1.25,0.5590169943749475,0.00035005787229566715,-3570.838135427563,1596.9273614929261
4586,2290.8828066716,0.0,-0.75,0.4330127018922193,0.00035009410584471056,-2142.281139496458,1236.846592568138
4587,2291.3830221799,1.0,0.5,1.0606601717798212,0.0003501303579629084,1428.0395533510646,3029.3293559314384
4588,2291.8832378224,4.0,3.0,2.0615528128088303,0.0003501666286390157,8567.34981188821,5887.348034338448
4589,2292.3834535991,3.0,2.0,1.8027756377319946,0.0003502029178618018,5710.97468922074,5147.8030187156
4590,2292.88366951,2.0,1.5,1.4577379737113252,0.00035023922562002534,4282.78699321746,4162.120822220027
4591,2293.3838855551,2.0,1.0,1.5000000000000002,0.00035027555190247055,2854.895223399538,4282.342835099307
4592,2293.8841017344,2.0,1.5,1.4577379737113252,0.0003503118966979409,4281.898542810227,4161.257403622438
4593,2294.3843180479003,2.0,1.25,1.4790199457749043,0.0003503482599952296,3567.8784304994697,4221.570690247021
4594,2294.8845344956003,1.0,0.0,1.118033988749895,0.0003503846417830902,0.0,3190.8761270479067
4595,2295.3847510775,2.0,1.25,1.4790199457749043,0.0003504210420503968,3567.1373861739376,4220.693874776489
4596,2295.8849677936,0.0,-0.25,0.25,0.00035045746078594703,-713.3533394876001,713.3533394876001
4597,2296.3851846439,2.0,2.0,1.4142135623730951,0.00035049389797854103,5706.233436687248,4034.9163581149714
4598,2296.8854016284004,2.0,1.25,1.4790199457749043,0.0003505303536170456,3566.0249878549034,4219.37766733529
4599,2297.3856187470997,1.0,0.25,1.0897247358851685,0.0003505668276902759,713.130793484185,3108.4650623245366
4600,2297.885836,0.0,-0.5,0.3535533905932738,0.0003506033201871015,-1426.113134733499,1008.4142683092617
4601,2298.3860533871,0.0,-0.25,0.25,0.0003506398310963885,-712.9823192598923,712.9823192598923
4602,2298.8862709084,0.0,0.0,0.0,0.00035067636040698037,0.0,0.0
4603,2299.3864885639,5.0,4.5,2.2638462845343543,0.0003507129081077405,12831.007630370937,6454.984211299377
4604,2299.8867063536,1.0,0.0,1.118033988749895,0.0003507494741875802,0.0,3187.5571341611544
4605,2300.3869242775,2.0,1.25,1.4790199457749043,0.0003507860586353547,3563.4255388107836,4216.301957747867
4606,2300.8871423356,0.0,0.0,0.0,0.00035082266143999076,0.0,0.0
4607,2301.3873605279,2.0,1.75,1.4361406616345074,0.00035085928259036975,4987.754598025372,4093.2098219878367
4608,2301.8875788543996,0.0,-0.25,0.25,0.00035089592207541054,-712.4619702655674,712.4619702655674
4609,2302.3877973150998,2.0,1.75,1.4361406616345074,0.0003509325798840327,4986.712834067146,4092.3548965134178
4610,2302.88801591,1.0,0.25,1.0897247358851685,0.0003509692560051646,712.3131035623279,3104.9008345880097
4611,2303.3882346391,0.0,0.0,0.0,0.0003510059504277412,0.0,0.0
4612,2303.8884535024004,2.0,1.5,1.4577379737113252,0.0003510426631406936,4272.984903258948,4152.594903050521
4613,2304.3886724998997,1.0,0.5,1.0606601717798212,0.0003510793941329719,1424.1792835344368,3021.1404870377964
4614,2304.8888916316,1.0,0.0,1.118033988749895,0.00035111614339354,0.0,3184.2283807975577
4615,2305.3891108975,1.0,0.5,1.0606601717798212,0.00035115291091138113,1423.8811197728694,3020.5079861846716
4616,2305.8893302976003,2.0,2.0,1.4142135623730951,0.00035118969667543274,5694.927894904579,4026.9221328554586
4617,2306.3895498319,1.0,0.25,1.0897247358851685,0.00035122650067468677,711.7913925053028,3102.62674881271
4618,2306.8897695004,1.0,0.75,1.0307764064044151,0.0003512633228981493,2135.1503305611745,2934.483446492062
4619,2307.3899893031,2.0,1.75,1.4361406616345074,0.00035130016333479217,4981.4949796429055,4088.072854853337
4620,2307.89020924,2.0,1.75,1.4361406616345074,0.0003513370219736184,4980.972372821575,4087.643976621245
4621,2308.3904293111,1.0,0.25,1.0897247358851685,0.00035137389880367405,711.4928025421846,3101.3252253379214
4622,2308.8906495163997,0.0,0.0,0.0,0.0003514107938139295,0.0,0.0
4623,2309.3908698559,1.0,0.5,1.0606601717798212,0.00035144770699342264,1422.6867612180993,3017.974369084933
4624,2309.8910903296,1.0,0.5,1.0606601717798212,0.0003514846383312102,1422.537276092394,3017.657263246715
4625,2310.3913109375003,1.0,0.75,1.0307764064044151,0.00035152158781631476,2133.581623419121,2932.3274647446133
4626,2310.8915316795997,2.0,1.75,1.4361406616345074,0.00035155855543779105,4977.833629509454,4085.0681612515477
4627,2311.3917525559,1.0,0.5,1.0606601717798212,0.0003515955411846997,1422.0885689143045,3016.7054115815326
4628,2311.8919735664,4.0,3.5,2.03100960115899,0.000351632545046075,9953.57241333105,5775.943182087607
4629,2312.3921947111003,3.0,2.5,1.7677669529663687,0.0003516695670110168,7108.946108838819,5026.784000649649
4630,2312.8924159900002,1.0,0.5,1.0606601717798212,0.0003517066070686035,1421.6394857275754,3015.7527622815737
4631,2313.3926374031,3.0,2.5,1.7677669529663687,0.0003517436652079031,7107.448540750092,5025.725060098822
4632,2313.8928589504,1.0,0.25,1.0897247358851685,0.0003517807414180382,710.6699445576323,3097.738470538373
4633,2314.3930806319,2.0,1.25,1.4790199457749043,0.0003518178356880739,3552.975071759198,4203.9367983783
4634,2314.8933024476,3.0,3.0,1.7320508075688772,0.00035185494800715403,8526.240761971616,4922.627399099872
4635,2315.3935243974997,0.0,-0.5,0.3535533905932738,0.0003518920783643646,-1420.8901840702363,1004.7210844774658
4636,2315.8937464816,4.0,3.5,2.03100960115899,0.0003519292267488525,9945.181400059471,5771.073973939599
4637,2316.3939686999,4.0,3.75,2.0155644370746373,0.0003519663931497308,10654.426311675456,5726.582072332092
4638,2316.8941910524,3.0,2.0,1.8027756377319946,0.000352003577556167,5681.760435178738,5121.469645984882
4639,2317.3944135391002,0.0,-1.0,0.5,0.0003520407799572716,-2840.5800036046207,1420.2900018023104
4640,2317.8946361599997,0.0,-0.25,0.25,0.00035207800034222096,-710.0699269962882,710.0699269962882
4641,2318.3948589151,3.0,2.5,1.7677669529663687,0.00035211523870017005,7099.948327225841,5020.421608255477
4642,2318.8950818044,1.0,0.5,1.0606601717798212,0.0003521524950202869,1419.8394362396775,3011.9342806834816
4643,2319.3953048279,2.0,1.75,1.4361406616345074,0.0003521897692917532,4968.912082594608,4077.7466776577817
4644,2319.8955279856,4.0,3.75,2.0155644370746373,0.0003522270615037398,10646.541421293332,5722.344071093575
4645,2320.3957512775,2.0,1.75,1.4361406616345074,0.00035226437164545543,4967.859769143295,4076.883094722801
4646,2320.8959747036,0.0,-1.25,0.5590169943749475,0.0003523016997060918,-3548.0952860653647,1586.7564500577437
4647,2321.3961982639003,0.0,-1.0,0.5,0.00035233904567484316,-2838.175366243264,1419.087683121632
4648,2321.8964219584,1.0,0.5,1.0606601717798212,0.00035237640954092776,1418.9372116351224,3010.020373275379
4649,2322.3966457870997,0.0,-0.5,0.3535533905932738,0.00035241379129357845,-1418.786700045671,1003.2336966595782
4650,2322.89686975,3.0,2.5,1.7677669529663687,0.0003524511909220287,7093.180742161443,5015.636202964183
4651,2323.3970938471,1.0,0.5,1.0606601717798212,0.00035248860841549033,1418.4855568740336,3009.062268842416
4652,2323.8973180784,3.0,2.75,1.7499999999999998,0.00035252604376321227,7800.842089973766,4964.172239074214
4653,2324.3975424439004,0.0,-0.75,0.4330127018922193,0.00035256349695446837,-2127.2763813573656,1228.1835914174078
4654,2324.8977669436,0.0,-0.75,0.4330127018922193,0.0003526009679785106,-2127.050314977323,1228.0530719320357
4655,2325.3979915775,0.0,-0.5,0.3535533905932738,0.00035263845682455665,-1417.8827927685666,1002.5945376943738
4656,2325.8982163456,1.0,0.5,1.0606601717798212,0.0003526759634819505,1417.7320026676252,3007.4637389743866
4657,2326.3984412479003,4.0,3.75,2.0155644370746373,0.0003527134879399073,10631.858798206484,5714.452398310422
4658,2326.8986662844,2.0,2.0,1.4142135623730951,0.00035275103018776185,5669.721216506278,4009.098319628831
4659,2327.3988914551,2.0,2.0,1.4142135623730951,0.0003527885902148032,5669.117583372681,4008.6714865467156
4660,2327.89911676,2.0,1.75,1.4361406616345074,0.0003528261680102987,4959.949569128668,4070.3915747898486
4661,2328.3993421991,0.0,-0.5,0.3535533905932738,0.00035286376356359964,-1416.9774616425887,1001.9543719159756
4662,2328.8995677724,3.0,2.75,1.7499999999999998,0.00035290137686401756,7792.545397349496,4958.892525586042
4663,2329.3997934799,2.0,1.5,1.4577379737113252,0.0003529390079008359,4250.026113354549,4130.282969801119
4664,2329.9000193215998,1.0,1.0,1.0,0.0003529766566634461,2833.048534859555,2833.048534859555
4665,2330.4002452975,2.0,2.0,1.4142135623730951,0.00035301432314113475,5665.492499578841,4006.108165213722
4666,2330.9004714076,1.0,0.5,1.0606601717798212,0.00035305200732329054,1416.2219435907323,3004.260419934597
4667,2331.4006976519,3.0,2.25,1.7853571071357124,0.000353089709199221,6372.318256181464,5056.383861157433
4668,2331.9009240304,5.0,4.5,2.2638462845343543,0.0003531274287583293,12743.275184889917,6410.848040024862
4669,2332.4011505431,0.0,-1.25,0.5590169943749475,0.0003531651659899616,-3539.420419610495,1582.8769318399795
4670,2332.90137719,1.0,0.5,1.0606601717798212,0.00035320292088350053,1415.616832242785,3002.976784922077
4671,2333.4016039711,3.0,3.0,1.7320508075688772,0.00035324069342833087,8492.79274956658,4903.3161801339675
4672,2333.9018308863997,4.0,3.75,2.0155644370746373,0.0003532784836138265,10614.85534482529,5705.313316725731
4673,2334.4020579359,3.0,2.0,1.8027756377319946,0.00035331629142942237,5660.650381867588,5102.4413010746
4674,2334.9022851196,4.0,3.25,2.0463381929681126,0.00035335411686448955,9197.57219425964,5791.182542675393
4675,2335.4025124375003,1.0,1.0,1.0,0.000353391959908448,2829.719160161613,2829.719160161613
4676,2335.9027398895996,1.0,0.75,1.0307764064044151,0.00035342982055070783,2122.0620230385875,2916.4952883666647
4677,2336.4029674759,1.0,0.5,1.0606601717798212,0.0003534676987807154,1414.5564127210118,3000.7272954178325
4678,2336.9031951964,0.0,-1.5,0.6123724356957945,0.00035350559458789557,-4243.214316731387,1732.2849908773771
4679,2337.4034230511,2.0,1.25,1.4790199457749043,0.0003535435079616982,3535.6327350109937,4183.417068812749
4680,2337.90365104,0.0,-0.5,0.3535533905932738,0.00035358143889153873,-1414.1013780799033,999.9206737255415
4681,2338.4038791630996,3.0,2.75,1.7499999999999998,0.00035361938736692337,7776.722935008477,4948.823685914485
4682,2338.9041074204,1.0,0.5,1.0606601717798212,0.0003536573533772709,1413.7978334826682,2999.1181058473317
4683,2339.4043358119,1.0,0.25,1.0897247358851685,0.0003536953369120725,706.8230024817917,3080.9700387881294
4684,2339.9045643376003,1.0,0.75,1.0307764064044151,0.0003537333379608092,2120.241208599609,2913.992818281145
4685,2340.4047929975,1.0,0.75,1.0307764064044151,0.0003537713565129635,2120.0133538016307,2913.6796618146886
4686,2340.9050217915997,0.0,-0.25,0.25,0.0003538093925579894,-706.5951477221594,706.5951477221594
4687,2341.4052507199,1.0,-0.25,1.14564392373896,0.0003538474460854553,-706.5191589361484,3237.6775257614354
4688,2341.9054797824,1.0,1.0,1.0,0.0003538855170848071,2825.772606456665,2825.772606456665
4689,2342.4057089791004,4.0,3.25,2.0463381929681126,0.00035392360554559193,9182.772635326071,5781.864111080057
4690,2342.90593831,3.0,2.0,1.8027756377319946,0.0003539617114573055,5650.328652118176,5093.137419608854
4691,2343.4061677751,1.0,0.25,1.0897247358851685,0.00035399983480949277,706.2150188136078,3078.3198994191926
4692,2343.9063973744,1.0,0.0,1.118033988749895,0.0003540379755916937,0.0,3157.9493326425113
4693,2344.4066271079,2.0,1.75,1.4361406616345074,0.0003540761337934383,4942.4398680904005,4056.0222069989227
4694,2344.9068569755996,0.0,-0.25,0.25,0.0003541143094042696,-705.986720560877,705.986720560877
4695,2345.4070869775,0.0,-0.75,0.4330127018922193,0.0003541525024137558,-2117.7317536606765,1222.6729980474097
4696,2345.9073171136,2.0,1.75,1.4361406616345074,0.00035419071281146084,4940.841012202209,4054.710103025708
4697,2346.4075473839002,2.0,1.25,1.4790199457749043,0.0003542289405869324,3528.7912894097194,4175.322161210974
4698,2346.9077777884004,1.0,0.25,1.0897247358851685,0.00035426718572978454,705.6820672933738,3075.9968176006864
4699,2347.4080083270997,3.0,2.25,1.7853571071357124,0.00035430544822957966,6350.4527272808555,5039.033737857885
4700,2347.908239,1.0,1.0,1.0,0.00035434372807591083,2822.118527199586,2822.118527199586
4701,2348.4084698071,0.0,-1.0,0.5,0.00035438202525839134,-2821.8135478820286,1410.9067739410143
4702,2348.9087007484,3.0,2.75,1.7499999999999998,0.00035442033976660497,7759.148365499978,4937.639868954531
4703,2349.4089318239,0.0,-1.25,0.5590169943749475,0.00035445867159019745,-3526.5042166754224,1577.1006302851783
4704,2349.9091630335997,1.0,0.5,1.0606601717798212,0.0003544970207187324,1410.4490892088868,2992.0143464939806
4705,2350.4093943775,3.0,3.0,1.7320508075688772,0.0003545353871418991,8461.778735783239,4885.410230927503
4706,2350.9096258556,3.0,2.75,1.7499999999999998,0.00035457377084928816,7755.790828557619,4935.503254536666
4707,2351.4098574679,2.0,2.0,1.4142135623730951,0.0003546121718305801,5639.964329694589,3988.057023177285
4708,2351.9100892143997,1.0,0.25,1.0897247358851685,0.00035465059007539786,704.919171139263,3072.6714303605013
4709,2352.4103210951,1.0,0.5,1.0606601717798212,0.00035468902557338905,1409.6855666501149,2990.3946705572907
4710,2352.91055311,2.0,0.75,1.520690632574555,0.00035472747831423896,2114.2991334198387,4286.926515536064
4711,2353.4107852591,0.0,-0.25,0.25,0.0003547659482875868,-704.6899546214071,704.6899546214071
4712,2353.9110175424,1.0,0.5,1.0606601717798212,0.0003548044354831557,1409.2270276134625,2989.421962370524
4713,2354.4112499599,0.0,-1.0,0.5,0.00035484293989058774,-2818.148221600069,1409.0741108000345
4714,2354.9114825116,1.0,0.5,1.0606601717798212,0.00035488146149959703,1408.9211588770684,2988.773116797552
4715,2355.4117151975,2.0,1.75,1.4361406616345074,0.0003549200002998643,4930.688601717183,4046.3785090193364
4716,2355.9119480176,2.0,1.5,1.4577379737113252,0.0003549585562811125,4225.845450002513,4106.783589002591
4717,2356.4121809719,2.0,2.0,1.4142135623730951,0.00035499712943303695,5633.848372785954,3983.7323885737446
4718,2356.9124140604,0.0,-0.25,0.25,0.0003550357197453873,-704.1545007901929,704.1545007901929
4719,2357.4126472831,2.0,1.0,1.5000000000000002,0.00035507432720784376,2816.3117504540032,4224.467625681005
4720,2357.91288064,3.0,2.25,1.7853571071357124,0.00035511295181018865,6336.01221394664,5027.575305363695
4721,2358.4131141311,0.0,-0.5,0.3535533905932738,0.000355151593542111,-1407.8495186048322,995.4999414956933
4722,2358.9133477564,4.0,4.0,2.0,0.0003551902523934017,11261.57030787455,5630.785153937275
4723,2359.4135815158998,1.0,0.0,1.118033988749895,0.00035522892835376454,0.0,3147.361882747539
4724,2359.9138154096,1.0,-0.25,1.14564392373896,0.00035526762141303484,-703.6948624973327,3224.7349735455687
4725,2360.4140494375,2.0,1.75,1.4361406616345074,0.00035530633156091913,4925.327371206593,4041.9788055149634
4726,2360.9142835996,2.0,1.5,1.4577379737113252,0.00035534505878720245,4221.2490729982865,4102.316713468888
4727,2361.4145178958997,1.0,0.5,1.0606601717798212,0.00035538380308169465,1406.9296227466546,2984.5484306891713
4728,2361.9147523264,1.0,0.75,1.0307764064044151,0.0003554225644341541,2110.164280633189,2900.1434054853817
4729,2362.4149868911,0.0,-0.5,0.3535533905932738,0.0003554613428343995,-1406.6227174327012,994.6324620677119
4730,2362.91522159,1.0,1.0,1.0,0.00035550013827221553,2812.9384277039985,2812.9384277039985
4731,2363.4154564231,1.0,0.0,1.118033988749895,0.00035553895073741194,0.0,3144.617450299092
4732,2363.9156913904,1.0,0.75,1.0307764064044151,0.00035557778021981176,2109.2431578158894,2898.877443262084
4733,2364.4159264919,2.0,2.0,1.4142135623730951,0.0003556166267092516,5624.03400118628,3976.7925798625306
4734,2364.9161617276,1.0,-0.25,1.14564392373896,0.00035565549019553924,-702.9274308757334,3221.218160048887
4735,2365.4163970974996,0.0,-0.25,0.25,0.00035569437066853155,-702.8505948242088,702.8505948242088
4736,2365.9166326015998,3.0,2.75,1.7499999999999998,0.0003557332681180752,7730.51116233306,4919.416194211947
4737,2366.4168682399,1.0,0.5,1.0606601717798212,0.000355772182533971,1405.3937450611597,2981.2903421097117
4738,2366.9171040124,1.0,0.75,1.0307764064044151,0.00035581111390615023,2107.8599590844206,2896.9764184383957
4739,2367.4173399191004,2.0,1.25,1.4790199457749043,0.00035585006222444066,3512.7154177975212,4156.300933402848
4740,2367.91757596,3.0,3.0,1.7320508075688772,0.0003558890274787002,8429.593969933643,4866.828347700435
4741,2368.4178121351,1.0,0.25,1.0897247358851685,0.0003559280096588412,702.3892282027094,3061.64366476714
4742,2368.9180484444,3.0,2.75,1.7499999999999998,0.00035596700875471874,7725.435032927179,4916.185930044568
4743,2369.4182848879,1.0,0.25,1.0897247358851685,0.0003560060247562424,702.2353067512697,3060.972736715071
4744,2369.9185214656,2.0,1.5,1.4577379737113252,0.0003560450576533172,4212.949927985118,4094.251394245533
4745,2370.4187581775,0.0,-0.5,0.3535533905932738,0.00035608410743583795,-1404.1626389913904,992.8929239196103
4746,2370.9189950236,2.0,1.5,1.4577379737113252,0.00035612317409372405,4212.025807692122,4093.3533107499475
4747,2371.4192320039,3.0,2.0,1.8027756377319946,0.00035616225761688484,5615.418133808416,5061.669503654138
4748,2371.9194691184002,2.0,1.5,1.4577379737113252,0.0003562013579952428,4211.101295183813,4092.454846089592
4749,2372.4197063671,3.0,2.5,1.7677669529663687,0.000356240475218775,7017.73148731821,4962.285523229062
4750,2372.91994375,0.0,-1.0,0.5,0.0003562796092773714,-2806.784261463244,1403.392130731622
4751,2373.4201812671,0.0,-0.75,0.4330127018922193,0.00035631876016100565,-2104.856897405868,1215.2396963229185
4752,2373.9204189184,0.0,-0.25,0.25,0.00035635792785962384,-701.5418500763079,701.5418500763079
4753,2374.4206567039,0.0,-0.5,0.3535533905932738,0.000356397112363179,-1402.9294364497698,992.0209180398539
4754,2374.9208946236,0.0,0.0,0.0,0.000356436313661649,0.0,0.0
4755,2375.4211326775,0.0,-0.75,0.4330127018922193,0.000356475531745008,-2103.931218865495,1214.7052555684509
4756,2375.9213708656002,0.0,-0.75,0.4330127018922193,0.00035651476660324204,-2103.6996788260935,1214.5715758643744
4757,2376.4216091879002,2.0,2.0,1.4142135623730951,0.00035655401822633415,5609.248242240915,3966.337469447273
4758,2376.9218476444,1.0,1.0,1.0,0.0003565932866042678,2804.315273354425,2804.315273354425
4759,2377.4220862351,2.0,1.25,1.4790199457749043,0.00035663257172706316,3505.0079524330317,4147.181337398489
4760,2377.92232496,1.0,0.5,1.0606601717798212,0.0003566718735847188,1401.8486935198075,2973.770152156074
4761,2378.4225638191,0.0,-0.25,0.25,0.0003567111921672581,-700.8470871942186,700.8470871942186
4762,2378.9228028124,1.0,1.0,1.0,0.0003567505274646878,2803.079247301135,2803.079247301135
4763,2379.4230419399,0.0,0.0,0.0,0.00035678987946705207,0.0,0.0
4764,2379.9232812016,3.0,2.25,1.7853571071357124,0.00035682924816436587,6305.536924382344,5003.393405445636
4765,2380.4235205975,1.0,1.0,1.0,0.0003568686335467176,2802.151565021447,2802.151565021447
4766,2380.9237601276004,2.0,1.25,1.4790199457749043,0.0003569080356041137,3502.3027651484813,4143.980516637763
4767,2381.4239997919,2.0,1.25,1.4790199457749043,0.00035694745432659743,3501.9159958941273,4143.5228850844815
4768,2381.9242395904,3.0,2.5,1.7677669529663687,0.0003569868897042787,7003.058297381604,4951.910011123249
4769,2382.4244795231,2.0,1.5,1.4577379737113252,0.00035702634172720337,4201.3706684593035,4082.9983767000404
4770,2382.92471959,0.0,-0.25,0.25,0.0003570658103854309,-700.1510442294662,700.1510442294662
4771,2383.4249597911,1.0,0.75,1.0307764064044151,0.0003571052956690813,2100.220884696715,2886.4775149109087
4772,2383.9252001264,0.0,-0.5,0.3535533905932738,0.0003571447975682044,-1399.992393573966,989.9441151057373
4773,2384.4254405959,1.0,0.5,1.0606601717798212,0.0003571843160729227,1399.8374998579727,2969.5037661263855
4774,2384.9256811996,1.0,0.25,1.0897247358851685,0.0003572238511733307,699.84128769357,3050.537449573648
4775,2385.4259219375003,3.0,3.0,1.7320508075688772,0.0003572634028595477,8397.165721391846,4848.10588967548
4776,2385.9261628095996,2.0,1.5,1.4577379737113252,0.0003573029711216765,4198.117903389019,4079.8372572583644
4777,2386.4264038159,2.0,1.75,1.4361406616345074,0.00035734255594983323,4897.2616635273625,4018.94663180314
4778,2386.9266449564,3.0,2.25,1.7853571071357124,0.0003573821573341709,6295.781571143556,4995.652610228973
4779,2387.4268862311,1.0,0.75,1.0307764064044151,0.00035742177526480257,2098.361241265585,2883.921679480063
4780,2387.92712764,1.0,0.25,1.0897247358851685,0.0003574614097318835,699.3761933281534,3048.510150235586
4781,2388.4273691831,0.0,0.0,0.0,0.000357501060725565,0.0,0.0
4782,2388.9276108604,2.0,1.25,1.4790199457749043,0.00035754072823600546,3496.105202243981,4136.647461317002
4783,2389.4278526719,1.0,0.0,1.118033988749895,0.00035758041225335263,0.0,3126.6645219865854
4784,2389.9280946176,1.0,0.75,1.0307764064044151,0.00035762011276778497,2097.197481974401,2882.3222453199483
4785,2390.4283366974996,1.0,1.0,1.0,0.00035765982976947744,2795.952793033901,2795.952793033901
4786,2390.9285789115997,1.0,1.0,1.0,0.00035769956324862266,2795.642216943217,2795.642216943217
4787,2391.4288212599,2.0,1.5,1.4577379737113252,0.0003577393131953919,4192.9973717502,4074.860994981366
4788,2391.9290637424,0.0,-0.75,0.4330127018922193,0.0003577790796000164,-2096.265664382814,1210.2795456243873
4789,2392.4293063591,2.0,1.75,1.4361406616345074,0.00035781886245264043,4890.7427294491035,4013.5968567743953
4790,2392.9295491099997,2.0,1.5,1.4577379737113252,0.0003578586617435098,4191.598975673542,4073.501998272543
4791,2393.4297919951,1.0,0.75,1.0307764064044151,0.00035789847746284817,2095.5663329913273,2880.080445470505
4792,2393.9300350144,0.0,-0.5,0.3535533905932738,0.0003579383096008628,-1396.8887559354857,987.7495118852222
4793,2394.4302781679003,0.0,-0.25,0.25,0.0003579781581477799,-698.3666302255107,698.3666302255107
4794,2394.9305214556,1.0,1.0,1.0,0.00035801802309384475,2793.1554712201655,2793.1554712201655
4795,2395.4307648774998,0.0,0.0,0.0,0.0003580579044292923,0.0,0.0
4796,2395.9310084336,1.0,0.5,1.0606601717798212,0.0003580978021443943,1396.266598135632,2961.9287396579316
4797,2396.4312521239003,0.0,-0.25,0.25,0.0003581377162293644,-698.0554928202282,698.0554928202282
4798,2396.9314959484,2.0,1.25,1.4790199457749043,0.00035817764667448875,3489.888360163352,4129.291594567416
4799,2397.4317399070997,2.0,2.0,1.4142135623730951,0.0003582175934700431,5583.198693916901,3947.917657180516
4800,2397.931984,0.0,-0.25,0.25,0.0003582575566062926,-697.8219869755258,697.8219869755258
4801,2398.4322282271,1.0,0.75,1.0307764064044151,0.0003582975360735095,2093.232368324541,2876.8727178546314
4802,2398.9324725884003,1.0,1.0,1.0,0.0003583375318620087,2790.6649766876426,2790.6649766876426
4803,2399.4327170838997,0.0,-0.25,0.25,0.0003583775439620479,-697.5883512011427,697.5883512011427
4804,2399.9329617136,3.0,2.5,1.7677669529663687,0.00035841757236395623,6975.1044389680965,4932.143648278729
4805,2400.4332064775,2.0,1.75,1.4361406616345074,0.0003584576170580411,4882.027656052407,4006.4448160463244
4806,2400.9334513756003,1.0,1.0,1.0,0.0003584976780346048,2789.418345698386,2789.418345698386
4807,2401.4336964079,0.0,-0.25,0.25,0.00035853775528398105,-697.2766363251944,697.2766363251944
4808,2401.9339415744,1.0,1.0,1.0,0.0003585778487964691,2788.7946881169614,2788.7946881169614
4809,2402.4341868751,1.0,0.75,1.0307764064044151,0.00035861795856243465,2091.362080712493,2874.302253396379
4810,2402.93443231,3.0,2.25,1.7853571071357124,0.0003586580845722033,6273.384308857092,4977.880560716297
4811,2403.4346778791,0.0,-0.25,0.25,0.0003586982268161252,-696.9646943031984,696.9646943031984
4812,2403.9349235823997,0.0,0.0,0.0,0.0003587383852845407,0.0,0.0
4813,2404.4351694199,4.0,4.0,2.0,0.00035877855996783846,11148.938220719117,5574.469110359559
4814,2404.9354153916,1.0,0.5,1.0606601717798212,0.00035881875085636656,1393.4611800712378,2955.977549245743
4815,2405.4356614975,0.0,-0.75,0.4330127018922193,0.00035885895794049303,-2089.957581954432,1206.6375725362905
4816,2405.9359077376002,0.0,-0.25,0.25,0.0003588991812105865,-696.5744506764723,696.5744506764723
4817,2406.4361541118997,2.0,1.75,1.4361406616345074,0.0003589394206570819,4875.474521010855,4001.066973935264
4818,2406.9364006204,1.0,0.0,1.118033988749895,0.00035897967627031573,0.0,3114.4771212841665
4819,2407.4366472631,1.0,0.75,1.0307764064044151,0.0003590199480407254,2089.020412634353,2871.0839384542755
4820,2407.93689404,1.0,1.0,1.0,0.0003590602359586733,2785.0480221794787,2785.0480221794787
4821,2408.4371409511,1.0,0.5,1.0606601717798212,0.0003591005400146232,1392.3677195797009,2953.6579692601667
4822,2408.9373879964,0.0,-0.5,0.3535533905932738,0.00035914086019895203,-1392.2114006270874,984.4421222286348
4823,2409.4376351759,3.0,2.75,1.7499999999999998,0.0003591811965021143,7656.302798645564,4872.192690047176
4824,2409.9378824896003,0.0,-0.5,0.3535533905932738,0.0003592215489145128,-1391.8986806634741,984.2209958217514
4825,2410.4381299375,1.0,1.0,1.0,0.00035926191742658754,2783.4845595744014,2783.4845595744014
4826,2410.9383775195997,1.0,1.0,1.0,0.00035930230202882034,2783.1717034748863,2783.1717034748863
4827,2411.4386252359,2.0,2.0,1.4142135623730951,0.0003593427027116181,5565.717586326088,3935.5566474604007
4828,2411.9388730864002,2.0,1.75,1.4361406616345074,0.00035938311946544216,4869.455200352775,3996.1272075624156
4829,2412.4391210711,1.0,0.75,1.0307764064044151,0.0003594235522807842,2086.674607828968,2867.8599381243816
4830,2412.93936919,0.0,-0.5,0.3535533905932738,0.00035946400114808454,-1390.9598691470092,983.557155832203
4831,2413.4396174431,0.0,-0.25,0.25,0.00035950446605781985,-695.4016531182452,695.4016531182452
4832,2413.9398658304,1.0,0.5,1.0606601717798212,0.00035954494700050395,1390.6467165544652,2950.0071705314067
4833,2414.4401143519003,0.0,0.0,0.0,0.00035958544396659265,0.0,0.0
4834,2414.9403630076004,0.0,-0.25,0.25,0.00035962595694658987,-695.1667285716223,695.1667285716223
4835,2415.4406117975,1.0,1.0,1.0,0.0003596664859309897,2780.35357509477,2780.35357509477
4836,2415.9408607216,1.0,0.75,1.0307764064044151,0.0003597070309103226,2085.0301371701016,2865.599829382803
4837,2416.4411097799,1.0,0.75,1.0307764064044151,0.00035974759187508496,2084.795053361809,2865.2767375919816
4838,2416.9413589724,1.0,0.5,1.0606601717798212,0.0003597881688157803,1389.706619997311,2948.0129245798053
4839,2417.4416082990997,0.0,-1.0,0.5,0.00035982876172296625,-2779.099689562627,1389.5498447813136
4840,2417.94185776,2.0,1.75,1.4361406616345074,0.000359869370587155,4862.875651641978,3990.7276890259695
4841,2418.4421073551,2.0,1.75,1.4361406616345074,0.0003599099953989131,4862.326754944258,3990.2772359593223
4842,2418.9423570844,2.0,1.5,1.4577379737113252,0.00035995063614875465,4167.238085891599,4049.8274688668544
4843,2419.4426069479,0.0,-0.25,0.25,0.00035999129282725495,-694.4612410944193,694.4612410944193
4844,2419.9428569456,0.0,-0.25,0.25,0.0003600319654249482,-694.3827882197163,694.3827882197163
4845,2420.4431070775,1.0,0.75,1.0307764064044151,0.0003600726539324182,2082.9129671723613,2862.690057540112
4846,2420.9433573436,1.0,0.75,1.0307764064044151,0.0003601133583402432,2082.6775309217583,2862.366481363667
4847,2421.4436077439,2.0,1.75,1.4361406616345074,0.0003601540786389677,4859.031464014787,3987.5729495046203
4848,2421.9438582783996,2.0,2.0,1.4142135623730951,0.0003601948148192083,5552.550780065657,3926.2463094670807
4849,2422.4441089470997,1.0,0.0,1.118033988749895,0.00036023556687151824,0.0,3103.6191080728386
4850,2422.94435975,0.0,-0.25,0.25,0.00036027633478654536,-693.9118000856723,693.9118000856723
4851,2423.4446106871,0.0,-0.5,0.3535533905932738,0.0003603171185548456,-1387.6665144453652,981.2284023898179
4852,2423.9448617584003,1.0,0.75,1.0307764064044151,0.00036035791816705845,2081.264104906687,2860.4239131122886
4853,2424.4451129638996,1.0,0.5,1.0606601717798212,0.0003603987336137767,1387.3522667141992,2943.0185870644136
4854,2424.9453643036,0.0,-0.75,0.4330127018922193,0.00036043956488562465,-2080.792657260008,1201.3462007968621
4855,2425.4456157775,1.0,0.75,1.0307764064044151,0.00036048041197325135,2080.556876570736,2859.451920735437
4856,2425.9458673856,0.0,-0.5,0.3535533905932738,0.0003605212748672599,-1386.8807054010742,980.6727514858821
4857,2426.4461191278997,1.0,1.0,1.0,0.0003605621535583194,2773.446935933763,2773.446935933763
4858,2426.9463710043997,1.0,0.25,1.0897247358851685,0.00036060304803705294,693.2831027382548,3021.950984100379
4859,2427.4466230151,5.0,4.5,2.2638462845343543,0.00036064395829413205,12477.680261954962,6277.233355696531
4860,2427.94687516,0.0,-0.25,0.25,0.00036068488432019444,-693.1258027937344,693.1258027937344
4861,2428.4471274391003,0.0,-0.25,0.25,0.0003607258261059085,-693.04713415945,693.04713415945
4862,2428.9473798524,0.0,-0.5,0.3535533905932738,0.00036076678364196127,-1385.9369062541498,980.0053847090138
4863,2429.4476323998997,0.0,0.0,0.0,0.00036080775691902956,0.0,0.0
4864,2429.9478850816,1.0,1.0,1.0,0.000360848745927791,2771.2442159910092,2771.2442159910092
4865,2430.4481378975,1.0,1.0,1.0,0.00036088975065891326,2770.9293438624895,2770.9293438624895
4866,2430.9483908476,2.0,1.75,1.4361406616345074,0.0003609307711031352,4848.575239654314,3978.9920300924778
4867,2431.4486439319,1.0,0.75,1.0307764064044151,0.0003609718072511274,2077.724589383864,2855.5593143242513
4868,2431.9488971504,1.0,0.75,1.0307764064044151,0.0003610128590936133,2077.4883251610695,2855.234600208873
4869,2432.4491505031,2.0,1.25,1.4790199457749043,0.00036105392662128915,3462.086707371915,4096.396235364181
4870,2432.94940399,0.0,-0.25,0.25,0.0003610950098248936,-692.3385624222083,692.3385624222083
4871,2433.4496576110996,1.0,1.0,1.0,0.00036113610869515386,2769.039085050703,2769.039085050703
4872,2433.9499113664,0.0,-0.25,0.25,0.00036117722322281124,-692.1809680279155,692.1809680279155
4873,2434.4501652559,0.0,-0.5,0.3535533905932738,0.00036121835339857257,-1384.2043055002084,978.7802509668129
4874,2434.9504192796003,2.0,1.75,1.4361406616345074,0.00036125949921322204,4844.163278228755,3975.3713459777305
4875,2435.4506734375,0.0,0.0,0.0,0.00036130066065746943,0.0,0.0
4876,2435.9509277295997,1.0,0.75,1.0307764064044151,0.00036134183772211926,2075.5969049362293,2852.6350917523905
4877,2436.4511821559,2.0,1.5,1.4577379737113252,0.00036138303039788306,4150.720631094655,4033.775388142477
4878,2436.9514367164,0.0,-0.25,0.25,0.00036142423867558017,-691.7078968364481,691.7078968364481
4879,2437.4516914111,0.0,-1.25,0.5590169943749475,0.00036146546254597157,-3458.1450498635777,1546.5294815098719
4880,2437.95194624,1.0,1.0,1.0,0.00036150670199982594,2766.2004451593307,2766.2004451593307
4881,2438.4522012031,2.0,1.5,1.4577379737113252,0.0003615479570279363,4148.827204917928,4031.93530865032
4882,2438.9524563004,2.0,1.75,1.4361406616345074,0.0003615892276211148,4839.745950157862,3971.7462577157944
4883,2439.4527115319,0.0,-0.5,0.3535533905932738,0.00036163051377014534,-1382.626689289287,977.6647078459606
4884,2439.9529668975997,1.0,0.75,1.0307764064044151,0.000361671815465837,2073.70319701023,2850.032439151402
4885,2440.4532223974998,1.0,1.0,1.0,0.00036171313269901676,2764.621766807966,2764.621766807966
4886,2440.9534780316,1.0,0.75,1.0307764064044151,0.00036175446546046655,2073.2294183165013,2849.3812926189325
4887,2441.4537337999,1.0,0.75,1.0307764064044151,0.00036179581374106356,2072.992476736542,2849.0556475651747
4888,2441.9539897024,1.0,0.75,1.0307764064044151,0.00036183717753160346,2072.7555004612364,2848.7299548272244
4889,2442.4542457391,2.0,1.75,1.4361406616345074,0.0003618785568229487,4835.876475698996,3968.5707665103464
4890,2442.95450191,1.0,0.25,1.0897247358851685,0.0003619199516059087,690.7604814012096,3010.95513261938
4891,2443.4547582151,1.0,0.5,1.0606601717798212,0.00036196136187135417,1381.3629096072043,2930.313241988502
4892,2443.9550146544,1.0,0.5,1.0606601717798212,0.0003620027876101445,1381.2048335342386,2929.97791199909
4893,2444.4552712279,1.0,-1.0,1.224744871391589,0.0003620442288131466,-2762.0934692929645,3382.85981082076
4894,2444.9555279356,2.0,0.5,1.5411035007422442,0.0003620856854712166,1380.8886130068972,4256.184551280063
4895,2445.4557847775,3.0,1.75,1.8200274723201295,0.00036212715757521813,4832.556640374325,5025.934769728195
4896,2445.9560417536,1.0,-0.5,1.1726039399558574,0.0003621686451160564,-1380.5723017236232,3237.7290407900946
4897,2446.4562988639,2.0,0.25,1.5612494995995998,0.0003622101480845915,690.2070561027306,4310.341683842004
4898,2446.9565561083996,3.0,2.25,1.7853571071357124,0.00036225166647174917,6211.151550838953,4928.499362127701
4899,2447.4568134870997,11.0,10.5,3.3354160160315836,0.0003622932002683977,28982.050980314518,9206.399715922373
4900,2447.957071,6.0,5.25,2.48746859276655,0.0003623347494654417,14489.363793413162,6865.111879101721
4901,2448.4573286471,5.0,5.0,2.23606797749979,0.00036237631405379884,13797.811297505757,6170.56880038749
4902,2448.9575864284,4.0,3.75,2.0155644370746373,0.0003624178940243995,10347.171212654124,5561.437418812828
4903,2449.4578443439,1.0,1.0,1.0,0.0003624594893681584,2758.929009537607,2758.929009537607
4904,2449.9581023936,0.0,0.0,0.0,0.0003625011000759963,0.0,0.0
4905,2450.4583605775,2.0,2.0,1.4142135623730951,0.00036254272613885926,5516.591165130618,3900.819021897657
4906,2450.9586188956,3.0,3.0,1.7320508075688772,0.0003625843675476711,8273.93640903609,4776.9594130148325
4907,2451.4588773479,0.0,-0.5,0.3535533905932738,0.0003626260242933803,-1378.8309897898507,974.9807429905627
4908,2451.9591359344,2.0,1.5,1.4577379737113252,0.00036266769636695385,4136.017668588471,4019.4866769615983
4909,2452.4593946551,0.0,-0.25,0.25,0.00036270938375934295,-689.2570503934758,689.2570503934758
4910,2452.95965351,1.0,1.0,1.0,0.00036275108646151093,2756.711247248334,2756.711247248334
4911,2453.4599124991,0.0,0.0,0.0,0.0003627928044644408,0.0,0.0
4912,2453.9601716223997,1.0,1.0,1.0,0.0003628345377590923,2756.077208570371,2756.077208570371
4913,2454.4604308799,1.0,0.5,1.0606601717798212,0.0003628762863364451,1377.8800622326116,2922.9250069992654
4914,2454.9606902716,1.0,0.5,1.0606601717798212,0.0003629180501875144,1377.7214986734812,2922.5886428955346
4915,2455.4609497975002,0.0,0.0,0.0,0.0003629598293032526,0.0,0.0
4916,2455.9612094575996,0.0,-0.25,0.25,0.00036300162367470124,-688.7021536411472,688.7021536411472
4917,2456.4614692519,1.0,1.0,1.0,0.0003630434332928377,2754.4913591464992,2754.4913591464992
4918,2456.9617291804,0.0,0.0,0.0,0.00036308525814868914,0.0,0.0
4919,2457.4619892431,0.0,0.0,0.0,0.0003631270982332765,0.0,0.0
4920,2457.96224944,2.0,1.75,1.4361406616345074,0.00036316895353761077,4818.693841952449,3954.4698070832665
4921,2458.4625097711,0.0,-0.5,0.3535533905932738,0.00036321082405272784,-1376.6109567467468,973.4109425713258
4922,2458.9627702364,1.0,0.75,1.0307764064044151,0.0003632527097696764,2064.678335023417,2837.6289527419854
4923,2459.4630308359,1.0,0.75,1.0307764064044151,0.00036329461067947667,2064.4402034956174,2837.3016722613497
4924,2459.9632915696,3.0,3.0,1.7320508075688772,0.0003633365267731851,8256.808162513116,4767.070415274046
4925,2460.4635524375,1.0,0.75,1.0307764064044151,0.00036337845804187253,2063.9638465128182,2836.646982209489
4926,2460.9638134396,1.0,0.75,1.0307764064044151,0.0003634204044765561,2063.7256212409006,2836.319572889886
4927,2461.4640745759,0.0,0.0,0.0,0.00036346236606835553,0.0,0.0
4928,2461.9643358464,0.0,0.0,0.0,0.00036350434280831446,0.0,0.0
4929,2462.4645972511003,1.0,1.0,1.0,0.00036354633468750744,2750.6810125305415,2750.6810125305415
4930,2462.9648587899997,0.0,-0.25,0.25,0.0003635883416970221,-687.5908034706042,687.5908034706042
4931,2463.4651204631,1.0,1.0,1.0,0.0003636303638279411,2750.0453742998475,2750.0453742998475
4932,2463.9653822704,3.0,3.0,1.7320508075688772,0.00036367240107136606,8249.182481711854,4762.667726410684
4933,2464.4656442119003,1.0,1.0,1.0,0.00036371445341838786,2749.4095728158495,2749.4095728158495
4934,2464.9659062876,1.0,0.5,1.0606601717798212,0.00036375652086014567,1374.5458055781114,2915.8519805274245
4935,2465.4661684975,1.0,1.0,1.0,0.00036379860338773277,2748.7736090460203,2748.7736090460203
4936,2465.9664308416,0.0,-0.5,0.3535533905932738,0.00036384070099225544,-1374.2277833030087,971.7257844685149
4937,2466.4666933199,1.0,0.75,1.0307764064044151,0.00036388281366486194,2061.103112967446,2832.7152800180497
4938,2466.9669559324,0.0,0.0,0.0,0.00036392494139664966,0.0,0.0
4939,2467.4672186791,1.0,1.0,1.0,0.0003639670841787808,2747.5011985116753,2747.5011985116753
4940,2467.96748156,0.0,-0.25,0.25,0.0003640092420024019,-686.7957489891161,686.7957489891161
4941,2468.4677445751,1.0,0.75,1.0307764064044151,0.00036405141485864814,2060.1485652547344,2831.4033796699823
4942,2468.9680077244,1.0,0.5,1.0606601717798212,0.00036409360273867387,1373.2732358905855,2913.1524525606787
4943,2469.4682710078996,2.0,2.0,1.4142135623730951,0.0003641358056336407,5492.4563008017185,3883.7530956676756
4944,2469.9685344256,1.0,1.0,1.0,0.00036417802353470527,2745.909789651825,2745.909789651825
4945,2470.4687979775,0.0,-0.5,0.3535533905932738,0.00036422025643304874,-1372.7956948267934,970.713144995724
4946,2470.9690616636,0.0,0.0,0.0,0.0003642625043198601,0.0,0.0
4947,2471.4693254839003,2.0,2.0,1.4142135623730951,0.0003643047671862868,5489.908944774534,3881.9518429467566
4948,2471.9695894384,3.0,3.0,1.7320508075688772,0.00036434704502356734,8233.907866072987,4753.848922959816
4949,2472.4698535271,1.0,1.0,1.0,0.0003643893378228638,2744.31739955607,2744.31739955607
4950,2472.97011775,1.0,0.5,1.0606601717798212,0.0003644316455753692,1371.9994025507685,2910.4502439826206
4951,2473.4703821071002,0.0,0.0,0.0,0.0003644739682723073,0.0,0.0
4952,2473.9706465984,2.0,1.75,1.4361406616345074,0.00036451630590487907,4800.882626240222,3939.8530007304253
4953,2474.4709112238997,1.0,0.5,1.0606601717798212,0.00036455865846432193,1371.5213955038548,2909.4362379096374
4954,2474.9711759836,0.0,0.0,0.0,0.00036460102594182783,0.0,0.0
4955,2475.4714408775,1.0,0.75,1.0307764064044151,0.0003646434083286719,2056.8039428920274,2826.8066359102345
4956,2475.9717059056,1.0,1.0,1.0,0.0003646858056160483,2742.086433308646,2742.086433308646
4957,2476.4719710678996,0.0,0.0,0.0,0.00036472821779521056,0.0,0.0
4958,2476.9722363644,1.0,0.75,1.0307764064044151,0.000364770644857402,2056.0865041461707,2825.8206106672083
4959,2477.4725017951,1.0,0.75,1.0307764064044151,0.00036481308679388525,2055.84730139832,2825.491857935433
4960,2477.97276736,1.0,1.0,1.0,0.00036485554359591695,2740.8107607308693,2740.8107607308693
4961,2478.4730330590996,3.0,2.25,1.7853571071357124,0.00036489801525475016,6166.106435051951,4892.756420966779
4962,2478.9732988923997,0.0,-0.5,0.3535533905932738,0.0003649405017616503,-1370.0863499293364,968.7973488461589
4963,2479.4735648599,0.0,-0.5,0.3535533905932738,0.0003649830031079131,-1369.9268068441174,968.6845348487092
4964,2479.9738309616,1.0,0.75,1.0307764064044151,0.0003650255192848183,2054.6508678884934,2823.8475173570855
4965,2480.4740971975,1.0,0.5,1.0606601717798212,0.00036506805028363497,1369.6076652326365,2905.3766029532158
4966,2480.9743635676,0.0,0.0,0.0,0.0003651105960956681,0.0,0.0
4967,2481.4746300719,0.0,-0.5,0.3535533905932738,0.0003651531567122067,-1369.2884500901962,968.2331484591951
4968,2481.9748967104,0.0,-0.25,0.25,0.0003651957321245815,-684.5644075454746,684.5644075454746
4969,2482.4751634831,3.0,2.5,1.7677669529663687,0.000365238322324072,6844.8458094213265,4840.036888018142
4970,2482.97543039,0.0,-0.25,0.25,0.00036528092730200574,-684.4047452642,684.4047452642
4971,2483.4756974311,1.0,0.75,1.0307764064044151,0.0003653235470496995,2052.9747016224173,2821.543847170042
4972,2483.9759646064,2.0,1.75,1.4361406616345074,0.0003653661815584652,4789.715327607485,3930.6885369320885
4973,2484.4762319159,0.0,-0.25,0.25,0.00036540883081968053,-684.1651840739676,684.1651840739676
4974,2484.9764993596,0.0,-0.25,0.25,0.00036545149482466034,-684.0853123885764,684.0853123885764
4975,2485.4767669374996,0.0,-0.25,0.25,0.00036549417356472553,-684.0054317739415,684.0054317739415
4976,2485.9770346496,0.0,0.0,0.0,0.0003655368670312454,0.0,0.0
4977,2486.4773024959,0.0,-0.5,0.3535533905932738,0.00036557957521559655,-1367.6912877453028,967.1037841344653
4978,2486.9775704764,0.0,0.0,0.0,0.0003656222981090921,0.0,0.0
4979,2487.4778385911004,1.0,1.0,1.0,0.0003656650357031338,2734.743282406286,2734.743282406286
4980,2487.97810684,0.0,-0.75,0.4330127018922193,0.000365707787989096,-2050.817687323525,1184.040143835083
4981,2488.4783752231,0.0,-0.25,0.25,0.00036575055495834753,-683.5259621915558,683.5259621915558
4982,2488.9786437404,0.0,-0.25,0.25,0.00036579333660226483,-683.4460198815226,683.4460198815226
4983,2489.4789123919,0.0,0.0,0.0,0.0003658361329122424,0.0,0.0
4984,2489.9791811776,2.0,2.0,1.4142135623730951,0.0003658789438796883,5466.288873561574,3865.249930419964
4985,2490.4794500975,1.0,1.0,1.0,0.00036592176949598175,2732.824563505455,2732.824563505455
4986,2490.9797191516,0.0,-0.5,0.3535533905932738,0.000365964609752527,-1366.2523278906956,966.0862858634174
4987,2491.4799883399,1.0,1.0,1.0,0.0003660074646407703,2732.1847137229342,2732.1847137229342
4988,2491.9802576624,0.0,-0.25,0.25,0.0003660503341520945,-682.9661843612048,682.9661843612048
4989,2492.4805271191,0.0,-0.25,0.25,0.00036609321827793046,-682.8861817653369,682.8861817653369
4990,2492.98079671,0.0,0.0,0.0,0.00036613611700972193,0.0,0.0
4991,2493.4810664351,0.0,-0.75,0.4330127018922193,0.00036617903033889037,-2048.1784533262107,1182.516381376279
4992,2493.9813362944,0.0,-0.25,0.25,0.00036622195825687567,-682.646123105062,682.646123105062
4993,2494.4816062879,0.0,-0.25,0.25,0.000366264900755137,-682.5660866890851,682.5660866890851
4994,2494.9818764156,0.0,-0.25,0.25,0.0003663078578251044,-682.4860418892891,682.4860418892891
4995,2495.4821466775,1.0,0.75,1.0307764064044151,0.0003663508294582571,2047.2179662021395,2813.631971104529
4996,2495.9824170736,1.0,1.0,1.0,0.00036639381564603337,2729.303709007148,2729.303709007148
4997,2496.4826876039,1.0,1.0,1.0,0.00036643681637991385,2728.9834298833703,2728.9834298833703
4998,2496.9829582683997,0.0,-0.5,0.3535533905932738,0.000366479831651381,-1364.3315588390465,964.728097041903
4999,2497.4832290670997,0.0,-0.25,0.25,0.0003665228614519,-682.0856931261526,682.0856931261526
5000,2497.9835,0.0,-0.5,0.3535533905932738,0.0003665659057729784,-1364.0111972379123,964.5015671813093
5001,2498.4837710671,0.0,0.0,0.0,0.0003666089646060603,0.0,0.0
5002,2498.9840422683997,0.0,-0.25,0.25,0.00036665203794269665,-681.8453850761687,681.8453850761687
5003,2499.4843136039,0.0,-0.25,0.25,0.0003666951257743397,-681.7652660969575,681.7652660969575
5004,2499.9845850736,0.0,0.0,0.0,0.0003667382280925367,0.0,0.0
5005,2500.4848566775,0.0,0.0,0.0,0.00036678134488877693,0.0,0.0
5006,2500.9851284156002,0.0,0.0,0.0,0.00036682447615459245,0.0,0.0
5007,2501.4854002878997,0.0,0.0,0.0,0.0003668676218814983,0.0,0.0
5008,2501.9856722944,0.0,0.0,0.0,0.0003669107820610113,0.0,0.0
5009,2502.4859444351,0.0,-0.25,0.25,0.0003669539566846894,-681.2843830835599,681.2843830835599
5010,2502.98621671,0.0,-0.25,0.25,0.00036699714574406323,-681.2042079867978,681.2042079867978
5011,2503.4864891190996,0.0,0.0,0.0,0.0003670403492306756,0.0,0.0
5012,2503.9867616623997,0.0,0.0,0.0,0.0003670835671360945,0.0,0.0
5013,2504.4870343398998,0.0,-0.25,0.25,0.00036712679945185303,-680.9636353795695,680.9636353795695
5014,2504.9873071516,1.0,0.5,1.0606601717798212,0.00036717004616953304,1361.766857662282,2888.7437383442866
5015,2505.4875800975,0.0,-0.5,0.3535533905932738,0.0003672133072806878,-1361.6064289789306,962.801139238201
5016,2505.9878531776,0.0,-0.25,0.25,0.00036725658277690073,-680.722992382328,680.722992382328
5017,2506.4881263919,0.0,0.0,0.0,0.0003672998726497336,0.0,0.0
5018,2506.9883997404,0.0,0.0,0.0,0.0003673431768908069,0.0,0.0
5019,2507.4886732231002,0.0,-0.25,0.25,0.00036738649549167306,-680.482279745817,680.482279745817
5020,2507.9889468399997,0.0,0.0,0.0,0.0003674298284439488,0.0,0.0
5021,2508.4892205911,0.0,0.0,0.0,0.0003674731757392235,0.0,0.0
5022,2508.9894944764,2.0,1.75,1.4361406616345074,0.00036751653736910497,4761.690487528827,3907.6899012905087
5023,2509.4897684959,0.0,-0.25,0.25,0.00036755991332521965,-680.1612225291777,680.1612225291777
5024,2509.9900426496,0.0,0.0,0.0,0.00036760330359917736,0.0,0.0
5025,2510.4903169374998,0.0,0.0,0.0,0.000367646708182577,0.0,0.0
5026,2510.9905913596,0.0,-0.25,0.25,0.00036769012706707247,-679.9203503073555,679.9203503073555
5027,2511.4908659159,0.0,-0.25,0.25,0.00036773356024431754,-679.8400446070333,679.8400446070333
5028,2511.9911406064,0.0,0.0,0.0,0.00036777700770590873,0.0,0.0
5029,2512.4914154311,0.0,0.0,0.0,0.0003678204694435144,0.0,0.0
5030,2512.99169039,0.0,0.0,0.0,0.00036786394544877977,0.0,0.0
5031,2513.4919654831,0.0,-0.25,0.25,0.00036790743571335775,-679.5187477395232,679.5187477395232
5032,2513.9922407104,0.0,0.0,0.0,0.0003679509402289078,0.0,0.0
5033,2514.4925160719004,0.0,0.0,0.0,0.0003679944589871138,0.0,0.0
5034,2514.9927915676,0.0,-0.25,0.25,0.00036803799197961405,-679.2776980857121,679.2776980857121
5035,2515.4930671975,1.0,0.75,1.0307764064044151,0.00036808153919810666,2037.5920010384966,2800.402347398457
5036,2515.9933429616,0.0,-0.5,0.3535533905932738,0.0003681251006342843,-1358.2339241157247,960.4164181798436
5037,2516.4936188599,0.0,0.0,0.0,0.00036816867627981214,0.0,0.0
5038,2516.9938948923996,0.0,-0.25,0.25,0.0003682122661264088,-678.9561972771813,678.9561972771813
5039,2517.4941710590997,1.0,1.0,1.0,0.00036825587016575857,2715.503216689749,2715.503216689749
5040,2517.99444736,0.0,-0.25,0.25,0.0003682994883895767,-678.7954039609122,678.7954039609122
5041,2518.4947237951,2.0,2.0,1.4142135623730951,0.00036834312078954377,5429.719973357989,3839.3918131054743
5042,2518.9950003644003,0.0,0.0,0.0,0.00036838676735740056,0.0,0.0
5043,2519.4952770678997,0.0,0.0,0.0,0.00036843042808486453,0.0,0.0
5044,2519.9955539056,0.0,0.0,0.0,0.00036847410296366714,0.0,0.0
5045,2520.4958308775,0.0,-0.5,0.3535533905932738,0.00036851779198550486,-1356.786594498175,959.3930015926621
5046,2520.9961079836003,0.0,-0.25,0.25,0.00036856149514216907,-678.3128549648543,678.3128549648543
5047,2521.4963852239,0.0,0.0,0.0,0.0003686052124253709,0.0,0.0
5048,2521.9966625984,0.0,0.0,0.0,0.0003686489438268567,0.0,0.0
5049,2522.4969401071,0.0,-0.25,0.25,0.0003686926893383685,-678.0714867133206,678.0714867133206
5050,2522.99721775,0.0,0.0,0.0,0.0003687364489516961,0.0,0.0
5051,2523.4974955271,1.0,1.0,1.0,0.0003687802226585781,2711.642161260405,2711.642161260405
5052,2523.9977734383997,0.0,0.0,0.0,0.0003688240104507884,0.0,0.0
5053,2524.4980514839,1.0,1.0,1.0,0.00036886781232010863,2710.9982671304106,2710.9982671304106
5054,2524.9983296636,0.0,-0.25,0.25,0.00036891162825832143,-677.6690699078305,677.6690699078305
5055,2525.4986079775,1.0,1.0,1.0,0.00036895545825720385,2710.354265318624,2710.354265318624
5056,2525.9988864256,0.0,-0.25,0.25,0.00036899930230852875,-677.5080560747763,677.5080560747763
5057,2526.4991650079,1.0,1.0,1.0,0.0003690431604041225,2709.7101566790866,2709.7101566790866
5058,2526.9994437244,0.0,-0.5,0.3535533905932738,0.00036908703253578953,-1354.6940312824893,957.9133359527892
5059,2527.4997225751,0.0,0.0,0.0,0.0003691309186952939,0.0,0.0
5060,2528.0000015600003,1.0,1.0,1.0,0.00036917481887447105,2708.74379528043,2708.74379528043
5061,2528.5002806791,1.0,1.0,1.0,0.00036921873306516325,2708.421622321938,2708.421622321938
5062,2529.0005599324,1.0,0.25,1.0897247358851685,0.0003692626612591553,677.02485582355,2951.082928800049
5063,2529.5008393199,0.0,-0.5,0.3535533905932738,0.0003693066034482804,-1353.8885991515247,957.3438094311986
5064,2530.0011188416,0.0,-0.25,0.25,0.0003693505596243891,-676.8637368635299,676.8637368635299
5065,2530.5013984975003,0.0,0.0,0.0,0.0003693945297793109,0.0,0.0
5066,2531.0016782876,0.0,0.0,0.0,0.0003694385139048933,0.0,0.0
5067,2531.5019582119,0.0,0.0,0.0,0.00036948251199296693,0.0,0.0
5068,2532.0022382704,0.0,0.0,0.0,0.00036952652403539365,0.0,0.0
5069,2532.5025184631,0.0,0.0,0.0,0.00036957055002405885,0.0,0.0
5070,2533.00279879,0.0,0.0,0.0,0.00036961458995079686,0.0,0.0
5071,2533.5030792510997,1.0,1.0,1.0,0.00036965864380747763,2705.1984763565038,2705.1984763565038
5072,2534.0033598464,1.0,1.0,1.0,0.0003697027115860022,2704.876022439924,2704.876022439924
5073,2534.5036405759,0.0,0.0,0.0,0.0003697467932782131,0.0,0.0
5074,2535.0039214396,1.0,0.75,1.0307764064044151,0.0003697908888760483,2028.1732799841793,2787.457553476731
5075,2535.5042024374998,0.0,0.0,0.0,0.00036983499837132966,0.0,0.0
5076,2536.0044835696,0.0,-0.25,0.25,0.0003698791217560084,-675.8964896778172,675.8964896778172
5077,2536.5047648359,1.0,1.0,1.0,0.00036992325902196704,2703.2633812858394,2703.2633812858394
5078,2537.0050462364,1.0,1.0,1.0,0.00036996741016110025,2702.94077947178,2702.94077947178
5079,2537.5053277711,0.0,-0.5,0.3535533905932738,0.00037001157516536293,-1351.309076686435,955.5198116039106
5080,2538.0056094399997,0.0,0.0,0.0,0.0003700557540266228,0.0,0.0
5081,2538.5058912431,0.0,-0.5,0.3535533905932738,0.00037009994673681284,-1350.9864143686632,955.2916548909808
5082,2539.0061731804003,0.0,-0.25,0.25,0.00037014415328786736,-675.4125326020503,675.4125326020503
5083,2539.5064552519,0.0,-0.25,0.25,0.00037018837367174516,-675.331852052385,675.331852052385
5084,2540.0067374575997,0.0,0.0,0.0,0.00037023260788034135,0.0,0.0
5085,2540.5070197975,0.0,0.0,0.0,0.0003702768559056282,0.0,0.0
5086,2541.0073022716,0.0,0.0,0.0,0.0003703211177395326,0.0,0.0
5087,2541.5075848799,0.0,-0.25,0.25,0.0003703653933740286,-675.0090706977239,675.0090706977239
5088,2542.0078676223998,0.0,-0.25,0.25,0.0003704096828010508,-674.9283606991355,674.9283606991355
5089,2542.5081504991,0.0,-0.5,0.3535533905932738,0.00037045398601260514,-1349.695289776115,954.3786919362334
5090,2543.00843351,0.0,-0.25,0.25,0.0003704983030006098,-674.7669232903032,674.7669232903032
5091,2543.5087166551,0.0,-0.25,0.25,0.0003705426337570616,-674.6861959315245,674.6861959315245
5092,2544.0089999344,0.0,-0.25,0.25,0.00037058697827394526,-674.6054628373776,674.6054628373776
5093,2544.5092833479,0.0,0.0,0.0,0.00037063133654324754,0.0,0.0
5094,2545.0095668956,0.0,0.0,0.0,0.0003706757085569378,0.0,0.0
5095,2545.5098505775,0.0,0.0,0.0,0.0003707200943070457,0.0,0.0
5096,2546.0101343936003,1.0,0.5,1.0606601717798212,0.00037076449378553675,1348.5649472390353,2860.7382571896014
5097,2546.5104183439,0.0,0.0,0.0,0.0003708089069844544,0.0,0.0
5098,2547.0107024284,0.0,0.0,0.0,0.00037085333389574876,0.0,0.0
5099,2547.5109866471,1.0,1.0,1.0,0.00037089777451150584,2696.160690953346,2696.160690953346
5100,2548.011271,0.0,-0.5,0.3535533905932738,0.00037094222882369564,-1347.9187893639469,953.1225164480085
5101,2548.5115554871004,0.0,0.0,0.0,0.0003709866968243708,0.0,0.0
5102,2549.0118401083996,0.0,0.0,0.0,0.0003710311785055442,0.0,0.0
5103,2549.5121248638998,0.0,0.0,0.0,0.00037107567385928305,0.0,0.0
5104,2550.0124097536,0.0,-0.25,0.25,0.00037112018287759535,-673.6362276541996,673.6362276541996
5105,2550.5126947775,1.0,1.0,1.0,0.00037116470555253306,2694.22168929385,2694.22168929385
5106,2551.0129799355996,0.0,0.0,0.0,0.00037120924187615913,0.0,0.0
5107,2551.5132652279,1.0,1.0,1.0,0.0003712537918405329,2693.5751822018738,2693.5751822018738
5108,2552.0135506543998,1.0,1.0,1.0,0.00037129835543770205,2693.251896634872,2693.251896634872
5109,2552.5138362151,1.0,1.0,1.0,0.0003713429326597397,2692.928589854965,2692.928589854965
5110,2553.01412191,0.0,-0.25,0.25,0.0003713875234987305,-673.15131549069,673.15131549069
5111,2553.5144077390996,0.0,-0.25,0.25,0.0003714321279467315,-673.070478264749,673.070478264749
5112,2554.0146937024,0.0,-0.25,0.25,0.0003714767459958477,-672.9896358109976,672.9896358109976
5113,2554.5149797999,0.0,-0.25,0.25,0.0003715213776381435,-672.9087881545713,672.9087881545713
5114,2555.0152660316003,0.0,0.0,0.0,0.0003715660228657201,0.0,0.0
5115,2555.5155523975,0.0,0.0,0.0,0.00037161068167069106,0.0,0.0
5116,2556.0158388975997,1.0,0.25,1.0897247358851685,0.0003716553540451297,672.666214219647,2932.0840505175242
5117,2556.5161255319,0.0,0.0,0.0,0.00037170003998115747,0.0,0.0
5118,2557.0164123004,0.0,0.0,0.0,0.0003717447394709087,0.0,0.0
5119,2557.5166992031,0.0,0.0,0.0,0.00037178945250646527,0.0,0.0
5120,2558.01698624,0.0,0.0,0.0,0.0003718341790799695,0.0,0.0
5121,2558.5172734110997,0.0,-0.25,0.25,0.0003718789191835639,-672.2618226084415,672.2618226084415
5122,2559.0175607164,0.0,-0.25,0.25,0.00037192367280935757,-672.1809292525088,672.1809292525088
5123,2559.5178481559,0.0,0.0,0.0,0.00037196843994947743,0.0,0.0
5124,2560.0181357295996,1.0,1.0,1.0,0.00037201322059611026,2688.076510822949,2688.076510822949
5125,2560.5184234374997,0.0,0.0,0.0,0.00037205801474137385,0.0,0.0
5126,2561.0187112795998,0.0,-0.25,0.25,0.00037210282237741543,-671.8573065442398,671.8573065442398
5127,2561.5189992559,0.0,-0.25,0.25,0.0003721476434964252,-671.7763886697874,671.7763886697874
5128,2562.0192873664,1.0,1.0,1.0,0.000372192478090535,2686.781863863332,2686.781863863332
5129,2562.5195756110998,0.0,0.0,0.0,0.0003722373261519364,0.0,0.0
5130,2563.01986399,0.0,-0.25,0.25,0.000372282187672787,-671.5336061679494,671.5336061679494
5131,2563.5201525031,1.0,0.75,1.0307764064044151,0.0003723270626452744,2014.3580073698383,2768.470277398187
5132,2564.0204411504,1.0,1.0,1.0,0.00037237195106158135,2685.4869093902944,2685.4869093902944
5133,2564.5207299319004,0.0,0.0,0.0,0.0003724168529138918,0.0,0.0
5134,2565.0210188476,0.0,-0.25,0.25,0.00037246176819440233,-671.2098297012735,671.2098297012735
5135,2565.5213078975,1.0,0.75,1.0307764064044151,0.00037250669689532735,2013.3866216390372,2767.1352354077503
5136,2566.0215970816002,0.0,-0.5,0.3535533905932738,0.00037255163900883065,-1342.095826850324,949.0050601680307
5137,2566.5218863999003,1.0,0.75,1.0307764064044151,0.00037259659452716415,2012.9008450862834,2766.467599395266
5138,2567.0221758524,0.0,0.0,0.0,0.0003726415634425103,0.0,0.0
5139,2567.5224654391,0.0,0.0,0.0,0.0003726865457471232,0.0,0.0
5140,2568.02275516,0.0,0.0,0.0,0.0003727315414331937,0.0,0.0
5141,2568.5230450151003,0.0,-0.25,0.25,0.0003727765504929419,-670.6430425127652,670.6430425127652
5142,2569.0233350044,0.0,0.0,0.0,0.0003728215729186426,0.0,0.0
5143,2569.5236251279,0.0,0.0,0.0,0.00037286660870250086,0.0,0.0
5144,2570.0239153856,0.0,0.0,0.0,0.0003729116578367926,0.0,0.0
5145,2570.5242057775,0.0,-0.25,0.25,0.0003729567203137313,-670.3190648762138,670.3190648762138
5146,2571.0244963036002,0.0,-0.25,0.25,0.00037300179612558877,-670.2380594323616,670.2380594323616
5147,2571.5247869638997,0.0,0.0,0.0,0.0003730468852646268,0.0,0.0
5148,2572.0250777583997,0.0,0.0,0.0,0.0003730919877231137,0.0,0.0
5149,2572.5253686871,0.0,-0.5,0.3535533905932738,0.0003731371034932895,-1339.9900340090194,947.5160397701701
5150,2573.02565975,0.0,0.0,0.0,0.0003731822325674542,0.0,0.0
5151,2573.5259509471002,0.0,0.0,0.0,0.00037322737493787817,0.0,0.0
5152,2574.0262422784,0.0,0.0,0.0,0.00037327253059684013,0.0,0.0
5153,2574.5265337439,0.0,-0.25,0.25,0.00037331769953663626,-669.6709004429772,669.6709004429772
5154,2575.0268253436,0.0,-0.25,0.25,0.0003733628817495642,-669.5898607502426,669.5898607502426
5155,2575.5271170775,0.0,-0.25,0.25,0.0003734080772279049,-669.5088168845787,669.5088168845787
5156,2576.0274089455997,0.0,-0.25,0.25,0.000373453285963981,-669.4277688698985,669.4277688698985
5157,2576.5277009479,0.0,0.0,0.0,0.0003734985079500867,0.0,0.0
5158,2577.0279930844,1.0,0.75,1.0307764064044151,0.0003735437431785474,2007.796981467611,2759.453009795755
5159,2577.5282853551003,0.0,0.0,0.0,0.0003735889916416586,0.0,0.0
5160,2578.02857776,0.0,0.0,0.0,0.0003736342533317707,0.0,0.0
5161,2578.5288702990997,0.0,-0.25,0.25,0.00037367952824119945,-669.0224673978719,669.0224673978719
5162,2579.0291629723997,0.0,-0.25,0.25,0.00037372481636226737,-668.941394990651,668.941394990651
5163,2579.5294557799,1.0,1.0,1.0,0.00037377011768733307,2675.4412744052534,2675.4412744052534
5164,2580.0297487216003,0.0,-0.25,0.25,0.0003738154322087387,-668.7792382535987,668.7792382535987
5165,2580.5300417975,0.0,0.0,0.0,0.0003738607599188032,0.0,0.0
5166,2581.0303350075997,0.0,0.0,0.0,0.0003739061008098887,0.0,0.0
5167,2581.5306283519,0.0,0.0,0.0,0.0003739514548743864,0.0,0.0
5168,2582.0309218304,0.0,-0.5,0.3535533905932738,0.00037399682210461304,-1336.9097555062694,945.3379539529326
5169,2582.5312154431003,0.0,-0.25,0.25,0.00037404220249296775,-668.3737779688113,668.3737779688113
5170,2583.0315091899997,0.0,-0.5,0.3535533905932738,0.0003740875960318039,-1336.585348736052,945.1085637258491
5171,2583.5318030711,0.0,0.0,0.0,0.00037413300271351113,0.0,0.0
5172,2584.0320970864,0.0,0.0,0.0,0.0003741784225304682,0.0,0.0
5173,2584.5323912359,0.0,0.0,0.0,0.0003742238554750488,0.0,0.0
5174,2585.0326855196,0.0,-0.5,0.3535533905932738,0.00037426930153965077,-1335.9364445417361,944.6497191697079
5175,2585.5329799375,0.0,0.0,0.0,0.00037431476071667953,0.0,0.0
5176,2586.0332744896,0.0,-0.25,0.25,0.0003743602329985346,-667.8059739346796,667.8059739346796
5177,2586.5335691759,0.0,-0.25,0.25,0.0003744057183776173,-667.7248442766987,667.7248442766987
5178,2587.0338639964,0.0,0.0,0.0,0.0003744512168463349,0.0,0.0
5179,2587.5341589511,0.0,0.0,0.0,0.00037449672839711973,0.0,0.0
5180,2588.03445404,0.0,0.0,0.0,0.0003745422530223574,0.0,0.0
5181,2588.5347492631,0.0,-0.25,0.25,0.00037458779071451135,-667.4002895906856,667.4002895906856
5182,2589.0350446204,1.0,1.0,1.0,0.00037463334146598133,2669.2765680889224,2669.2765680889224
5183,2589.5353401118996,0.0,-0.25,0.25,0.0003746789052692263,-667.2379909415022,667.2379909415022
5184,2590.0356357376,0.0,0.0,0.0,0.00037472448211667693,0.0,0.0
5185,2590.5359314975,1.0,0.5,1.0606601717798212,0.00037477007200078225,1334.1513566722488,2830.162414296538
5186,2591.0362273916003,0.0,0.0,0.0,0.00037481567491398117,0.0,0.0
5187,2591.5365234199003,0.0,-0.25,0.25,0.00037486129084872985,-666.9133519600563,666.9133519600563
5188,2592.0368195824,0.0,0.0,0.0,0.0003749069197975043,0.0,0.0
5189,2592.5371158791,0.0,-0.25,0.25,0.0003749525617527397,-666.7510119983152,666.7510119983152
5190,2593.03741231,0.0,-0.5,0.3535533905932738,0.0003749982167069363,-1333.3396739610457,942.8135250829158
5191,2593.5377088751,1.0,1.0,1.0,0.0003750438846525436,2666.354634542147,2666.354634542147
5192,2594.0380055744,0.0,0.0,0.0,0.0003750895655820574,0.0,0.0
5193,2594.5383024078997,0.0,-0.25,0.25,0.0003751352594879403,-666.4262920559642,666.4262920559642
5194,2595.0385993756,0.0,0.0,0.0,0.00037518096636269106,0.0,0.0
5195,2595.5388964775,0.0,0.0,0.0,0.0003752266861988259,0.0,0.0
5196,2596.0391937136,1.0,1.0,1.0,0.00037527241898879836,2664.730871228374,2664.730871228374
5197,2596.5394910839,1.0,1.0,1.0,0.00037531816472513346,2664.4060799251647,2664.4060799251647
5198,2597.0397885884,0.0,0.0,0.0,0.00037536392340034423,0.0,0.0
5199,2597.5400862271,1.0,0.75,1.0307764064044151,0.0003754096950069338,1997.8173445577838,2745.7373107675785
5200,2598.040384,0.0,-0.25,0.25,0.0003754554795374294,-665.857907595346,665.857907595346
5201,2598.5406819071,0.0,0.0,0.0,0.00037550127698432993,0.0,0.0
5202,2599.0409799484,0.0,0.0,0.0,0.0003755470873401701,0.0,0.0
5203,2599.5412781239,1.0,1.0,1.0,0.0003755929105974915,2662.457069301986,2662.457069301986
5204,2600.0415764336,1.0,0.75,1.0307764064044151,0.00037563874674882545,1996.5991434357938,2744.063053467841
5205,2600.5418748775,0.0,0.0,0.0,0.0003756845957867145,0.0,0.0
5206,2601.0421734556,0.0,0.0,0.0,0.0003757304577037035,0.0,0.0
5207,2601.5424721679,0.0,0.0,0.0,0.0003757763324923315,0.0,0.0
5208,2602.0427710144,0.0,-0.5,0.3535533905932738,0.00037582222014516836,-1330.4162798220543,940.7463732631539
5209,2602.5430699951003,0.0,-0.25,0.25,0.0003758681206547429,-665.1269055872918,665.1269055872918
5210,2603.04336911,0.0,-0.5,0.3535533905932738,0.00037591403401368584,-1330.0913367384326,940.5166038052254
5211,2603.5436683590997,0.0,0.0,0.0,0.00037595996021448066,0.0,0.0
5212,2604.0439677424,0.0,0.0,0.0,0.0003760058992497652,0.0,0.0
5213,2604.5442672599,0.0,0.0,0.0,0.00037605185111209,0.0,0.0
5214,2605.0445669116,0.0,-0.75,0.4330127018922193,0.0003760978157940418,-1994.1620730143088,1151.3300096625533
5215,2605.5448666975,0.0,0.0,0.0,0.00037614379328819566,0.0,0.0
5216,2606.0451666176,0.0,0.0,0.0,0.00037618978358718155,0.0,0.0
5217,2606.5454666719,0.0,-0.25,0.25,0.0003762357866835709,-664.4769286932819,664.4769286932819
5218,2607.0457668604,0.0,-0.5,0.3535533905932738,0.00037628180256993614,-1328.7913382605566,939.5973660659871
5219,2607.5460671831,0.0,-0.25,0.25,0.00037632783123895037,-664.3144068748447,664.3144068748447
5220,2608.04636764,0.0,-0.25,0.25,0.0003763738726831876,-664.2331419493545,664.2331419493545
5221,2608.5466682311,0.0,-0.25,0.25,0.0003764199268952466,-664.1518743761197,664.1518743761197
5222,2609.0469689564,1.0,0.75,1.0307764064044151,0.0003764659938677796,1992.2118125320264,2738.033243890918
5223,2609.5472698159,2.0,1.25,1.4790199457749043,0.00037651207359341014,3319.9466568762855,3928.213859542991
5224,2610.0475708095996,0.0,-1.5,0.6123724356957945,0.0003765581660647455,-3983.448335952671,1626.2359733037977
5225,2610.5478719375,2.0,-1.75,1.7139136501002612,0.00037660427127442876,-4646.787446350517,4550.967104808392
5226,2611.0481731996,6.0,-0.25,2.75,0.0003766503892151095,-663.7454975712824,7301.200473284106
5227,2611.5484745959,10.0,0.75,3.50891721190455,0.00037669651987941495,1990.9926437336983,9314.971141830025
5228,2612.0487761264003,15.0,-0.75,4.351723796382303,0.0003767426632600206,-1990.7487872759564,11550.918493610654
5229,2612.5490777911,19.0,-1.25,4.9053542175871465,0.0003767888193495491,-3317.5082056783854,13018.842294883547
5230,2613.0493795899997,30.0,13.5,5.841660722773962,0.00037683498814067713,35824.698939473965,15501.90642221682
5231,2613.5496815231,36.0,20.0,6.324555320336759,0.0003768811696260595,53067.12463199992,16781.29827131445
5232,2614.0499835904,52.0,42.0,7.3824115301167,0.000376927363798374,111427.30412766381,19585.76701814013
5233,2614.5502857918996,48.0,41.75,7.0400639201643616,0.0003769735706502769,110750.46966285071,18675.218817118395
5234,2615.0505881276,55.0,51.5,7.474958193863027,0.0003770197901744715,136597.60400420256,19826.434549772253
5235,2615.5508905975,48.0,46.75,6.950719387228921,0.00037706602236360984,123983.59233470882,18433.693239340057
5236,2616.0511932016,30.0,29.5,5.488624600025037,0.00037711226721038,78226.04185809422,14554.351786607602
5237,2616.5514959399,15.0,15.0,3.872983346207417,0.0003771585247074878,39771.07507150614,10268.847427513881
5238,2617.0517988123997,11.0,11.0,3.3166247903554,0.0003772047948476286,29161.877447616847,8792.636879642918
5239,2617.5521018191,4.0,3.75,2.0155644370746373,0.000377251077623487,9940.329458098098,5342.766546279447
5240,2618.05240496,2.0,2.0,1.4142135623730951,0.00037729737302778956,5300.858534874272,3748.273016120185
5241,2618.5527082351,1.0,0.75,1.0307764064044151,0.00037734368105320486,1987.5780029141424,2731.6646817230717
5242,2619.0530116443997,0.0,0.0,0.0,0.00037739000169249604,0.0,0.0
5243,2619.5533151879,0.0,0.0,0.0,0.0003774363349383511,0.0,0.0
5244,2620.0536188656,0.0,0.0,0.0,0.0003774826807835059,0.0,0.0
5245,2620.5539226775,0.0,0.0,0.0,0.00037752903922067926,0.0,0.0
5246,2621.0542266236002,0.0,0.0,0.0,0.00037757541024260286,0.0,0.0
5247,2621.5545307038997,0.0,-0.25,0.25,0.00037762179384201477,-662.0380605060952,662.0380605060952
5248,2622.0548349184,0.0,0.0,0.0,0.0003776681900116599,0.0,0.0
5249,2622.5551392671,0.0,-0.25,0.25,0.00037771459874429006,-661.8753970090738,661.8753970090738
5250,2623.05544375,0.0,0.0,0.0,0.0003777610200326522,0.0,0.0
5251,2623.5557483670996,0.0,0.0,0.0,0.00037780745386947577,0.0,0.0
5252,2624.0560531184,0.0,-0.25,0.25,0.00037785390024755634,-661.6313867243634,661.6313867243634
5253,2624.5563580039,0.0,-0.25,0.25,0.00037790035915963717,-661.5500460384374,661.5500460384374
5254,2625.0566630236,0.0,0.0,0.0,0.00037794683059850327,0.0,0.0
5255,2625.5569681775,0.0,0.0,0.0,0.00037799331455691776,0.0,0.0
5256,2626.0572734656,0.0,-0.25,0.25,0.00037803981102765556,-661.3060125080615,661.3060125080615
5257,2626.5575788879,0.0,-0.25,0.25,0.00037808632000349855,-661.2246642451562,661.2246642451562
5258,2627.0578844444,0.0,0.0,0.0,0.0003781328414772296,0.0,0.0
5259,2627.5581901351,0.0,0.0,0.0,0.00037817937544167295,0.0,0.0
5260,2628.0584959599996,0.0,0.0,0.0,0.0003782259218895784,0.0,0.0
5261,2628.5588019191,2.0,2.0,1.4142135623730951,0.0003782724808137778,5287.194023994023,3738.610747815164
5262,2629.0591080124,0.0,0.0,0.0,0.00037831905220707504,0.0,0.0
5263,2629.5594142399,0.0,0.0,0.0,0.00037836563606226875,0.0,0.0
5264,2630.0597206016,0.0,0.0,0.0,0.00037841223237217565,0.0,0.0
5265,2630.5600270974996,0.0,0.0,0.0,0.00037845884112960247,0.0,0.0
5266,2631.0603337275998,0.0,-0.25,0.25,0.0003785054623273795,-660.4924496010794,660.4924496010794
5267,2631.5606404919,1.0,1.0,1.0,0.0003785520959583615,2641.6443355526794,2641.6443355526794
5268,2632.0609473904,0.0,0.0,0.0,0.00037859874201536865,0.0,0.0
5269,2632.5612544231,0.0,0.0,0.0,0.0003786454004912053,0.0,0.0
5270,2633.0615615899997,0.0,0.0,0.0,0.0003786920713787518,0.0,0.0
5271,2633.5618688911,0.0,0.0,0.0,0.0003787387546708309,0.0,0.0
5272,2634.0621763264003,0.0,-0.25,0.25,0.0003787854503603017,-660.0042313193375,660.0042313193375
5273,2634.5624838959,0.0,-0.25,0.25,0.0003788321584400298,-659.9228561520753,659.9228561520753
5274,2635.0627915995997,1.0,0.75,1.0307764064044151,0.00037887887890285834,1979.5244384480304,2720.596116070905
5275,2635.5630994375,0.0,0.0,0.0,0.0003789256117416488,0.0,0.0
5276,2636.0634074096,0.0,-0.25,0.25,0.00037897235694929807,-659.6787217212441,659.6787217212441
5277,2636.5637155159,0.0,0.0,0.0,0.00037901911451864074,0.0,0.0
5278,2637.0640237564,0.0,0.0,0.0,0.0003790658844425871,0.0,0.0
5279,2637.5643321311,0.0,-0.25,0.25,0.00037911266671399605,-659.4345743361852,659.4345743361852
5280,2638.06464064,0.0,0.0,0.0,0.0003791594613257508,0.0,0.0
5281,2638.5649492831,0.0,0.0,0.0,0.00037920626827077635,0.0,0.0
5282,2639.0652580604,0.0,0.0,0.0,0.0003792530875419341,0.0,0.0
5283,2639.5655669719,1.0,1.0,1.0,0.00037929991913215064,2636.4361012468166,2636.4361012468166
5284,2640.0658760175997,0.0,-0.25,0.25,0.00037934676303429473,-659.0276347696126,659.0276347696126
5285,2640.5661851975,0.0,0.0,0.0,0.00037939361924131833,0.0,0.0
5286,2641.0664945116,0.0,0.0,0.0,0.000379440487746109,0.0,0.0
5287,2641.5668039599,0.0,0.0,0.0,0.0003794873685415565,0.0,0.0
5288,2642.0671135424,1.0,1.0,1.0,0.00037953426162065515,2634.8082403150756,2634.8082403150756
5289,2642.5674232591,0.0,0.0,0.0,0.00037958116697626667,0.0,0.0
5290,2643.06773311,1.0,1.0,1.0,0.0003796280846013702,2634.157062036265,2634.157062036265
5291,2643.5680430951,0.0,0.0,0.0,0.000379675014488852,0.0,0.0
5292,2644.0683532144,0.0,0.0,0.0,0.0003797219566316989,0.0,0.0
5293,2644.5686634679,0.0,-0.25,0.25,0.0003797689110228223,-658.2950650875584,658.2950650875584
5294,2645.0689738556,0.0,0.0,0.0,0.000379815877655187,0.0,0.0
5295,2645.5692843775,0.0,0.0,0.0,0.00037986285652174114,0.0,0.0
5296,2646.0695950336003,0.0,0.0,0.0,0.0003799098476154454,0.0,0.0
5297,2646.5699058238997,0.0,-0.25,0.25,0.00037995685092926166,-657.9694493955675,657.9694493955675
5298,2647.0702167484,1.0,0.75,1.0307764064044151,0.0003800038664561459,1973.6641287215778,2712.5418907372386
5299,2647.5705278071,0.0,-0.25,0.25,0.0003800508941891024,-657.8066354334301,657.8066354334301
5300,2648.070839,0.0,0.0,0.0,0.0003800979341210602,0.0,0.0
5301,2648.5711503271,0.0,0.0,0.0,0.00038014498624504224,0.0,0.0
5302,2649.0714617884,0.0,0.0,0.0,0.0003801920505539967,0.0,0.0
5303,2649.5717733839,0.0,0.0,0.0,0.0003802391270409427,0.0,0.0
5304,2650.0720851136,0.0,-0.25,0.25,0.0003802862156988471,-657.3995839964333,657.3995839964333
5305,2650.5723969775004,0.0,0.0,0.0,0.0003803333165207195,0.0,0.0
5306,2651.0727089755997,0.0,0.0,0.0,0.00038038042949956334,0.0,0.0
5307,2651.5730211079,0.0,0.0,0.0,0.00038042755462840063,0.0,0.0
5308,2652.0733333744,0.0,0.0,0.0,0.0003804746919001968,0.0,0.0
5309,2652.5736457751,0.0,0.0,0.0,0.0003805218413080102,0.0,0.0
5310,2653.07395831,1.0,1.0,1.0,0.0003805690028448423,2627.6443759863946,2627.6443759863946
5311,2653.5742709790998,0.0,0.0,0.0,0.00038061617650372425,0.0,0.0
5312,2654.0745837824,0.0,0.0,0.0,0.0003806633622776828,0.0,0.0
5313,2654.5748967199,0.0,0.0,0.0,0.00038071056015972734,0.0,0.0
5314,2655.0752097916,0.0,0.0,0.0,0.00038075777014293804,0.0,0.0
5315,2655.5755229975,0.0,0.0,0.0,0.0003808049922203266,0.0,0.0
5316,2656.0758363376,0.0,0.0,0.0,0.0003808522263849344,0.0,0.0
5317,2656.5761498119,0.0,0.0,0.0,0.0003808994726298263,0.0,0.0
5318,2657.0764634204,0.0,0.0,0.0,0.0003809467309480626,0.0,0.0
5319,2657.5767771631,0.0,0.0,0.0,0.0003809940013326877,0.0,0.0
5320,2658.0770910399997,0.0,0.0,0.0,0.00038104128377676276,0.0,0.0
5321,2658.5774050511,0.0,0.0,0.0,0.0003810885782733744,0.0,0.0
5322,2659.0777191964003,0.0,-0.25,0.25,0.00038113588481557444,-655.9340381212622,655.9340381212622
5323,2659.5780334759,0.0,0.0,0.0,0.0003811832033964327,0.0,0.0
5324,2660.0783478895996,1.0,1.0,1.0,0.0003812305340090793,2623.0847500168607,2623.0847500168607
5325,2660.5786624375,0.0,-0.25,0.25,0.0003812778766465328,-655.6897614905804,655.6897614905804
5326,2661.0789771196,0.0,-0.25,0.25,0.0003813252313019248,-655.6083350331875,655.6083350331875
5327,2661.5792919359,0.0,0.0,0.0,0.0003813725979683341,0.0,0.0
5328,2662.0796068863997,0.0,-0.25,0.25,0.0003814199766388586,-655.4454808661175,655.4454808661175
5329,2662.5799219711,0.0,0.0,0.0,0.00038146736730660237,0.0,0.0
5330,2663.08023719,0.0,0.0,0.0,0.00038151476996467644,0.0,0.0
5331,2663.5805525431,1.0,1.0,1.0,0.00038156218460618044,2620.8047871204117,2620.8047871204117
5332,2664.0808680304003,0.0,0.0,0.0,0.00038160961122425603,0.0,0.0
5333,2664.5811836518997,0.0,0.0,0.0,0.000381657049811976,0.0,0.0
5334,2665.0814994076,0.0,0.0,0.0,0.0003817045003625182,0.0,0.0
5335,2665.5818152975,0.0,0.0,0.0,0.0003817519628689625,0.0,0.0
5336,2666.0821313216,0.0,-0.25,0.25,0.00038179943732447134,-654.7940503839404,654.7940503839404
5337,2666.5824474798997,0.0,0.0,0.0,0.0003818469237221726,0.0,0.0
5338,2667.0827637724,0.0,0.0,0.0,0.00038189442205520114,0.0,0.0
5339,2667.5830801991,0.0,0.0,0.0,0.00038194193231672746,0.0,0.0
5340,2668.08339676,0.0,0.0,0.0,0.00038198945449985296,0.0,0.0
5341,2668.5837134551,0.0,0.0,0.0,0.00038203698859777866,0.0,0.0
5342,2669.0840302844,0.0,0.0,0.0,0.00038208453460363673,0.0,0.0
5343,2669.5843472479,0.0,0.0,0.0,0.0003821320925106125,0.0,0.0
5344,2670.0846643456002,1.0,1.0,1.0,0.0003821796623118277,2616.5704212279115,2616.5704212279115
5345,2670.5849815775,0.0,0.0,0.0,0.0003822272440004872,0.0,0.0
5346,2671.0852989436,0.0,-0.25,0.25,0.0003822748375697842,-653.9797429234734,653.9797429234734
5347,2671.5856164438997,0.0,-0.25,0.25,0.0003823224430128492,-653.8983116709105,653.8983116709105
5348,2672.0859340784,0.0,0.0,0.0,0.00038237006032291164,0.0,0.0
5349,2672.5862518471,0.0,0.0,0.0,0.0003824176894931216,0.0,0.0
5350,2673.0865697500003,0.0,-0.25,0.25,0.0003824653305167041,-653.6540179007972,653.6540179007972
5351,2673.5868877871,0.0,0.0,0.0,0.0003825129833868338,0.0,0.0
5352,2674.0872059584,0.0,0.0,0.0,0.00038256064809670277,0.0,0.0
5353,2674.5875242639,0.0,0.0,0.0,0.0003826083246395571,0.0,0.0
5354,2675.0878427036,0.0,0.0,0.0,0.00038265601300856714,0.0,0.0
5355,2675.5881612774997,0.0,-0.25,0.25,0.000382703713196951,-653.2468627273088,653.2468627273088
5356,2676.0884799856,0.0,0.0,0.0,0.00038275142519793916,0.0,0.0
5357,2676.5887988279,0.0,-0.25,0.25,0.0003827991490047514,-653.084001492639,653.084001492639
5358,2677.0891178044,0.0,-0.25,0.25,0.0003828468846106137,-653.0025711304148,653.0025711304148
5359,2677.5894369151,0.0,0.0,0.0,0.0003828946320087537,0.0,0.0
5360,2678.08975616,0.0,0.0,0.0,0.0003829423911923868,0.0,0.0
5361,2678.5900755391,0.0,-0.25,0.25,0.0003829901621548003,-652.7582812922302,652.7582812922302
5362,2679.0903950524,0.0,-0.25,0.25,0.00038303794488917095,-652.6768518255693,652.6768518255693
5363,2679.5907146999,0.0,0.0,0.0,0.000383085739388799,0.0,0.0
5364,2680.0910344815998,0.0,0.0,0.0,0.00038313354564693846,0.0,0.0
5365,2680.5913543975,0.0,0.0,0.0,0.00038318136365681545,0.0,0.0
5366,2681.0916744476,0.0,0.0,0.0,0.00038322919341167384,0.0,0.0
5367,2681.5919946319,0.0,0.0,0.0,0.00038327703490482264,0.0,0.0
5368,2682.0923149504,0.0,0.0,0.0,0.0003833248881295136,0.0,0.0
5369,2682.5926354031,0.0,-0.25,0.25,0.0003833727530789987,-652.1068542095488,652.1068542095488
5370,2683.09295599,0.0,0.0,0.0,0.000383420629746578,0.0,0.0
5371,2683.5932767111,0.0,0.0,0.0,0.0003834685181255221,0.0,0.0
5372,2684.0935975664,0.0,0.0,0.0,0.0003835164182091505,0.0,0.0
5373,2684.5939185559,0.0,0.0,0.0,0.0003835643299906829,0.0,0.0
5374,2685.0942396796,0.0,0.0,0.0,0.0003836122534634692,0.0,0.0
5375,2685.5945609375,0.0,0.0,0.0,0.00038366018862079506,0.0,0.0
5376,2686.0948823296,0.0,-0.25,0.25,0.00038370813545594173,-651.5368763368468,651.5368763368468
5377,2686.5952038559003,0.0,0.0,0.0,0.0003837560939622255,0.0,0.0
5378,2687.0955255164,0.0,-0.25,0.25,0.0003838040641329642,-651.3740300399492,651.3740300399492
5379,2687.5958473111,0.0,0.0,0.0,0.0003838520459614701,0.0,0.0
5380,2688.09616924,0.0,-0.25,0.25,0.0003839000394410562,-651.2111860264209,651.2111860264209
5381,2688.5964913031003,0.0,0.0,0.0,0.00038394804456505434,0.0,0.0
5382,2689.0968135004,0.0,0.0,0.0,0.000383996061326773,0.0,0.0
5383,2689.5971358319,0.0,-0.25,0.25,0.0003840440897195687,-650.9669246115765,650.9669246115765
5384,2690.0974582976,0.0,-0.25,0.25,0.00038409212973674543,-650.885505442011,650.885505442011
5385,2690.5977808975,0.0,0.0,0.0,0.00038414018137167326,0.0,0.0
5386,2691.0981036316,0.0,0.0,0.0,0.0003841882446176578,0.0,0.0
5387,2691.5984264998997,0.0,0.0,0.0,0.0003842363194680879,0.0,0.0
5388,2692.0987495024,0.0,0.0,0.0,0.0003842844059162942,0.0,0.0
5389,2692.5990726391,0.0,0.0,0.0,0.00038433250395563767,0.0,0.0
5390,2693.09939591,0.0,0.0,0.0,0.0003843806135794501,0.0,0.0
5391,2693.5997193151,0.0,0.0,0.0,0.0003844287347811527,0.0,0.0
5392,2694.1000428544,0.0,0.0,0.0,0.0003844768675540444,0.0,0.0
5393,2694.6003665279,0.0,-0.5,0.3535533905932738,0.0003845250118915473,-1300.305531597049,919.454859006652
5394,2695.1006903356,0.0,-0.25,0.25,0.0003845731677870198,-650.0713542720492,650.0713542720492
5395,2695.6010142775003,1.0,1.0,1.0,0.0003846213352338683,2599.959774441404,2599.959774441404
5396,2696.1013383535997,1.0,1.0,1.0,0.00038466951422543537,2599.6341353267485,2599.6341353267485
5397,2696.6016625639,0.0,0.0,0.0,0.0003847177047551228,0.0,0.0
5398,2697.1019869084,0.0,0.0,0.0,0.00038476590681632745,0.0,0.0
5399,2697.6023113871,0.0,0.0,0.0,0.00038481412040245844,0.0,0.0
5400,2698.102636,0.0,0.0,0.0,0.00038486234550690225,0.0,0.0
5401,2698.6029607471,0.0,0.0,0.0,0.00038491058212306945,0.0,0.0
5402,2699.1032856284,0.0,0.0,0.0,0.0003849588302443656,0.0,0.0
5403,2699.6036106439,0.0,-0.25,0.25,0.0003850070898641911,-649.3386916282138,649.3386916282138
5404,2700.1039357936,0.0,0.0,0.0,0.0003850553609759764,0.0,0.0
5405,2700.6042610775,0.0,0.0,0.0,0.0003851036435731582,0.0,0.0
5406,2701.1045864956,0.0,0.0,0.0,0.0003851519376491393,0.0,0.0
5407,2701.6049120479,0.0,0.0,0.0,0.00038520024319734083,0.0,0.0
5408,2702.1052377344,0.0,0.0,0.0,0.0003852485602112307,0.0,0.0
5409,2702.6055635551,0.0,0.0,0.0,0.0003852968886842139,0.0,0.0
5410,2703.10588951,0.0,0.0,0.0,0.0003853452286097487,0.0,0.0
5411,2703.6062155991,0.0,0.0,0.0,0.0003853935799812763,0.0,0.0
5412,2704.1065418224002,0.0,-0.25,0.25,0.0003854419427922561,-648.6061122173826,648.6061122173826
5413,2704.6068681799,0.0,0.0,0.0,0.000385490317036114,0.0,0.0
5414,2705.1071946715997,1.0,1.0,1.0,0.0003855387027063396,2593.773317647148,2593.773317647148
5415,2705.6075212974997,1.0,1.0,1.0,0.00038558709979636606,2593.4477593470165,2593.4477593470165
5416,2706.1078480575998,0.0,0.0,0.0,0.0003856355082996963,0.0,0.0
5417,2706.6081749519,0.0,0.0,0.0,0.0003856839282097645,0.0,0.0
5418,2707.1085019804,0.0,0.0,0.0,0.0003857323595200639,0.0,0.0
5419,2707.6088291430997,0.0,0.0,0.0,0.000385780802224065,0.0,0.0
5420,2708.10915644,0.0,0.0,0.0,0.00038582925631524493,0.0,0.0
5421,2708.6094838711,0.0,0.0,0.0,0.0003858777217870991,0.0,0.0
5422,2709.1098114364,0.0,0.0,0.0,0.0003859261986331293,0.0,0.0
5423,2709.6101391358998,0.0,0.0,0.0,0.00038597468684679155,0.0,0.0
5424,2710.1104669695997,0.0,0.0,0.0,0.0003860231864216185,0.0,0.0
5425,2710.6107949375,0.0,0.0,0.0,0.00038607169735110236,0.0,0.0
5426,2711.1111230396,0.0,-0.25,0.25,0.00038612021962875404,-647.4667403855965,647.4667403855965
5427,2711.6114512759,0.0,0.0,0.0,0.00038616875324807285,0.0,0.0
5428,2712.1117796464,0.0,0.0,0.0,0.00038621729820257126,0.0,0.0
5429,2712.6121081511,0.0,0.0,0.0,0.00038626585448579674,0.0,0.0
5430,2713.11243679,0.0,0.0,0.0,0.00038631442209121654,0.0,0.0
5431,2713.6127655631003,0.0,0.0,0.0,0.0003863630010124088,0.0,0.0
5432,2714.1130944703996,0.0,-0.25,0.25,0.00038641159124287716,-646.9785215186873,646.9785215186873
5433,2714.6134235119,0.0,0.0,0.0,0.00038646019277617787,0.0,0.0
5434,2715.1137526876,0.0,0.0,0.0,0.00038650880560581544,0.0,0.0
5435,2715.6140819975,0.0,0.0,0.0,0.0003865574297253602,0.0,0.0
5436,2716.1144114416,0.0,-0.25,0.25,0.00038660606512835286,-646.653072855958,646.653072855958
5437,2716.6147410198996,0.0,0.0,0.0,0.00038665471180832946,0.0,0.0
5438,2717.1150707324,0.0,0.0,0.0,0.00038670336975886807,0.0,0.0
5439,2717.6154005791,0.0,0.0,0.0,0.00038675203897349406,0.0,0.0
5440,2718.11573056,1.0,0.75,1.0307764064044151,0.0003868007194457984,1938.9829498626254,2664.877169518439
5441,2718.6160606750996,0.0,0.0,0.0,0.0003868494111693492,0.0,0.0
5442,2719.1163909243996,0.0,0.0,0.0,0.0003868981141376861,0.0,0.0
5443,2719.6167213078998,0.0,0.0,0.0,0.0003869468283444137,0.0,0.0
5444,2720.1170518256,0.0,0.0,0.0,0.00038699555378310195,0.0,0.0
5445,2720.6173824775,0.0,-0.25,0.25,0.00038704429044729893,-645.9209092351686,645.9209092351686
5446,2721.1177132636,1.0,1.0,1.0,0.0003870930383306576,2583.358265270049,2583.358265270049
5447,2721.6180441839,0.0,0.0,0.0,0.00038714179742670965,0.0,0.0
5448,2722.1183752384,0.0,0.0,0.0,0.0003871905677290748,0.0,0.0
5449,2722.6187064271003,0.0,-0.5,0.3535533905932738,0.0003872393492313504,-1291.191096649846,913.0099802488011
5450,2723.11903775,0.0,-0.25,0.25,0.00038728814192712235,-645.5142126376892,645.5142126376892
5451,2723.6193692070997,0.0,0.0,0.0,0.00038733694581000703,0.0,0.0
5452,2724.1197007984,0.0,0.0,0.0,0.0003873857608736265,0.0,0.0
5453,2724.6200325239,0.0,0.0,0.0,0.00038743458711156957,0.0,0.0
5454,2725.1203643836,0.0,0.0,0.0,0.0003874834245174775,0.0,0.0
5455,2725.6206963775,0.0,0.0,0.0,0.00038753227308494593,0.0,0.0
5456,2726.1210285056,0.0,0.0,0.0,0.00038758113280761773,0.0,0.0
5457,2726.6213607679,1.0,1.0,1.0,0.0003876300036791306,2579.779662329164,2579.779662329164
5458,2727.1216931644003,0.0,-0.25,0.25,0.0003876788856930941,-644.8635951711656,644.8635951711656
5459,2727.6220256951,0.0,0.0,0.0,0.00038772777884315873,0.0,0.0
5460,2728.12235836,0.0,0.0,0.0,0.0003877766831229705,0.0,0.0
5461,2728.6226911590998,0.0,0.0,0.0,0.00038782559852615833,0.0,0.0
5462,2729.1230240924,0.0,0.0,0.0,0.00038787452504639256,0.0,0.0
5463,2729.6233571599,0.0,0.0,0.0,0.0003879234626773151,0.0,0.0
5464,2730.1236903616,0.0,0.0,0.0,0.0003879724114125688,0.0,0.0
5465,2730.6240236975,0.0,0.0,0.0,0.00038802137124583193,0.0,0.0
5466,2731.1243571676,0.0,0.0,0.0,0.00038807034217074895,0.0,0.0
5467,2731.6246907719,0.0,0.0,0.0,0.0003881193241810223,0.0,0.0
5468,2732.1250245104,0.0,-0.25,0.25,0.00038816831727028637,-644.050503034543,644.050503034543
5469,2732.6253583831,0.0,0.0,0.0,0.000388217321432251,0.0,0.0
5470,2733.12569239,0.0,0.0,0.0,0.00038826633666056337,0.0,0.0
5471,2733.6260265311003,1.0,1.0,1.0,0.0003883153629489469,2575.2264664621916,2575.2264664621916
5472,2734.1263608064,0.0,0.0,0.0,0.0003883644002910497,0.0,0.0
5473,2734.6266952159,0.0,0.0,0.0,0.0003884134486805791,0.0,0.0
5474,2735.1270297595997,0.0,0.0,0.0,0.0003884625081112494,0.0,0.0
5475,2735.6273644375,0.0,0.0,0.0,0.0003885115785767331,0.0,0.0
5476,2736.1276992496,0.0,-0.25,0.25,0.00038856066007074614,-643.4001835247086,643.4001835247086
5477,2736.6280341959,0.0,-0.25,0.25,0.00038860975258697537,-643.3189036964457,643.3189036964457
5478,2737.1283692764,0.0,0.0,0.0,0.00038865885611917203,0.0,0.0
5479,2737.6287044911,0.0,0.0,0.0,0.0003887079706610066,0.0,0.0
5480,2738.12903984,1.0,0.75,1.0307764064044151,0.0003887570962062439,1929.2252342632712,2651.4664721581476
5481,2738.6293753231002,0.0,0.0,0.0,0.000388806232748556,0.0,0.0
5482,2739.1297109404,0.0,0.0,0.0,0.00038885538028170843,0.0,0.0
5483,2739.6300466918997,0.0,-0.25,0.25,0.00038890453879941614,-642.8312736379289,642.8312736379289
5484,2740.1303825776,0.0,0.0,0.0,0.0003889537082954105,0.0,0.0
5485,2740.6307185975,0.0,0.0,0.0,0.0003890028887634424,0.0,0.0
5486,2741.1310547516,0.0,0.0,0.0,0.00038905208019722855,0.0,0.0
5487,2741.6313910399,0.0,0.0,0.0,0.0003891012825905436,0.0,0.0
5488,2742.1317274624,0.0,0.0,0.0,0.00038915049593712844,0.0,0.0
5489,2742.6320640191,0.0,0.0,0.0,0.00038919972023073086,0.0,0.0
5490,2743.13240071,0.0,0.0,0.0,0.0003892489554650986,0.0,0.0
5491,2743.6327375350997,0.0,-0.25,0.25,0.00038929820163400403,-642.1812352347719,642.1812352347719
5492,2744.1330744944,1.0,0.5,1.0606601717798212,0.00038934745873122587,1284.199983298619,2724.1995497703133
5493,2744.6334115879,0.0,0.0,0.0,0.000389396726750508,0.0,0.0
5494,2745.1337488156,0.0,0.0,0.0,0.00038944600568564233,0.0,0.0
5495,2745.6340861775,0.0,0.0,0.0,0.0003894952955303747,0.0,0.0
5496,2746.1344236736,0.0,0.0,0.0,0.0003895445962785329,0.0,0.0
5497,2746.6347613038997,0.0,0.0,0.0,0.0003895939079238405,0.0,0.0
5498,2747.1350990684,0.0,0.0,0.0,0.0003896432304601504,0.0,0.0
5499,2747.6354369671003,0.0,-0.25,0.25,0.0003896925638812107,-641.5313587461912,641.5313587461912
5500,2748.1357749999997,0.0,-0.5,0.3535533905932738,0.0003897419081808174,-1282.9002719615908,907.147481890107
5501,2748.6361131670997,0.0,0.0,0.0,0.0003897912633527959,0.0,0.0
5502,2749.1364514684,0.0,0.0,0.0,0.0003898406293909316,0.0,0.0
5503,2749.6367899039,0.0,-0.25,0.25,0.000389890006289028,-641.2064837965438,641.2064837965438
5504,2750.1371284736,0.0,0.0,0.0,0.0003899393940409012,0.0,0.0
5505,2750.6374671774997,0.0,0.0,0.0,0.00038998879264037306,0.0,0.0
5506,2751.1378060156,0.0,0.0,0.0,0.000390038202081244,0.0,0.0
5507,2751.6381449879,0.0,0.0,0.0,0.0003900876223573431,0.0,0.0
5508,2752.1384840944,0.0,0.0,0.0,0.00039013705346250686,0.0,0.0
5509,2752.6388233351,0.0,0.0,0.0,0.00039018649539055393,0.0,0.0
5510,2753.1391627099997,0.0,0.0,0.0,0.00039023594813531625,0.0,0.0
5511,2753.6395022191,0.0,0.0,0.0,0.0003902854116906434,0.0,0.0
5512,2754.1398418624,0.0,0.0,0.0,0.0003903348860503567,0.0,0.0
5513,2754.6401816399,0.0,-0.25,0.25,0.0003903843712083073,-640.394489221499,640.394489221499
5514,2755.1405215515997,0.0,0.0,0.0,0.00039043386715834706,0.0,0.0
5515,2755.6408615975,0.0,0.0,0.0,0.0003904833738943394,0.0,0.0
5516,2756.1412017776,0.0,0.0,0.0,0.00039053289141012027,0.0,0.0
5517,2756.6415420919,0.0,0.0,0.0,0.00039058241969956096,0.0,0.0
5518,2757.1418825404,0.0,0.0,0.0,0.00039063195875652177,0.0,0.0
5519,2757.6422231231,0.0,0.0,0.0,0.00039068150857486336,0.0,0.0
5520,2758.14256384,0.0,0.0,0.0,0.0003907310691484647,0.0,0.0
5521,2758.6429046911,1.0,0.75,1.0307764064044151,0.0003907806404711883,1919.235300642526,2637.7366216544006
5522,2759.1432456764,0.0,-0.25,0.25,0.0003908302225369376,-639.6639399512466,639.6639399512466
5523,2759.6435867959,0.0,0.0,0.0,0.0003908798153395641,0.0,0.0
5524,2760.1439280495997,0.0,0.0,0.0,0.0003909294188729678,0.0,0.0
5525,2760.6442694375,0.0,0.0,0.0,0.0003909790331310477,0.0,0.0
5526,2761.1446109596,0.0,0.0,0.0,0.00039102865810768735,0.0,0.0
5527,2761.6449526159,0.0,0.0,0.0,0.0003910782937967702,0.0,0.0
5528,2762.1452944064,0.0,0.0,0.0,0.00039112794019223294,0.0,0.0
5529,2762.6456363311,0.0,0.0,0.0,0.00039117759728793736,0.0,0.0
5530,2763.14597839,0.0,0.0,0.0,0.0003912272650778094,0.0,0.0
5531,2763.6463205831,0.0,0.0,0.0,0.0003912769435557769,0.0,0.0
5532,2764.1466629103998,1.0,1.0,1.0,0.000391326632715738,2555.410024255635,2555.410024255635
5533,2764.6470053719,0.0,0.0,0.0,0.0003913763325516151,0.0,0.0
5534,2765.1473479676,0.0,-0.25,0.25,0.0003914260430573084,-638.6902569060733,638.6902569060733
5535,2765.6476906975,0.0,-0.5,0.3535533905932738,0.0003914757642267825,-1277.2182742591167,903.1297027840011
5536,2766.1480335616,0.0,-0.25,0.25,0.00039152549605396184,-638.528020575048,638.528020575048
5537,2766.6483765599,0.0,0.0,0.0,0.0003915752385327483,0.0,0.0
5538,2767.1487196924,0.0,0.0,0.0,0.0003916249916571257,0.0,0.0
5539,2767.6490629591,0.0,0.0,0.0,0.0003916747554210152,0.0,0.0
5540,2768.1494063600003,0.0,-0.25,0.25,0.0003917245298183376,-638.2035868826943,638.2035868826943
5541,2768.6497498951,0.0,0.0,0.0,0.00039177431484307355,0.0,0.0
5542,2769.1500935644,0.0,0.0,0.0,0.00039182411048915687,0.0,0.0
5543,2769.6504373679,0.0,0.0,0.0,0.0003918739167505518,0.0,0.0
5544,2770.1507813056,0.0,0.0,0.0,0.0003919237336212289,0.0,0.0
5545,2770.6511253775,0.0,0.0,0.0,0.0003919735610951184,0.0,0.0
5546,2771.1514695836,0.0,0.0,0.0,0.0003920233991662331,0.0,0.0
5547,2771.6518139239,0.0,0.0,0.0,0.00039207324782850403,0.0,0.0
5548,2772.1521583984,0.0,0.0,0.0,0.0003921231070759399,0.0,0.0
5549,2772.6525030071,0.0,0.0,0.0,0.0003921729769024852,0.0,0.0
5550,2773.1528477499996,0.0,0.0,0.0,0.0003922228573021489,0.0,0.0
5551,2773.6531926271,0.0,0.0,0.0,0.00039227274826889464,0.0,0.0
5552,2774.1535376384,0.0,0.0,0.0,0.00039232264979671575,0.0,0.0
5553,2774.6538827839,0.0,0.0,0.0,0.0003923725618796292,0.0,0.0
5554,2775.1542280636004,1.0,1.0,1.0,0.00039242248451160566,2548.273963569041,2548.273963569041
5555,2775.6545734775,0.0,0.0,0.0,0.00039247241768663473,0.0,0.0
5556,2776.1549190256,0.0,0.0,0.0,0.00039252236139876456,0.0,0.0
5557,2776.6552647079,0.0,0.0,0.0,0.00039257231564196823,0.0,0.0
5558,2777.1556105244003,0.0,-0.25,0.25,0.00039262228041026014,-636.7443022814936,636.7443022814936
5559,2777.6559564750996,0.0,0.0,0.0,0.00039267225569766096,0.0,0.0
5560,2778.15630256,0.0,0.0,0.0,0.0003927222414981926,0.0,0.0
5561,2778.6566487791,0.0,0.0,0.0,0.00039277223780587135,0.0,0.0
5562,2779.1569951324,0.0,-0.25,0.25,0.0003928222446147202,-636.4201707701146,636.4201707701146
5563,2779.6573416199003,0.0,0.0,0.0,0.00039287226191877394,0.0,0.0
5564,2780.1576882415998,0.0,-0.25,0.25,0.0003929222897120626,-636.2581267232321,636.2581267232321
5565,2780.6580349974997,0.0,0.0,0.0,0.0003929723279886169,0.0,0.0
5566,2781.1583818876,0.0,0.0,0.0,0.00039302237674249113,0.0,0.0
5567,2781.6587289119,0.0,-0.75,0.4330127018922193,0.0003930724359677348,-1908.0452643633437,1101.610447006167
5568,2782.1590760704,0.0,0.0,0.0,0.00039312250565835707,0.0,0.0
5569,2782.6594233631,0.0,0.0,0.0,0.0003931725858084319,0.0,0.0
5570,2783.15977079,0.0,0.0,0.0,0.00039322267641205087,0.0,0.0
5571,2783.6601183511,0.0,0.0,0.0,0.00039327277746320234,0.0,0.0
5572,2784.1604660464,0.0,0.0,0.0,0.00039332288895597896,0.0,0.0
5573,2784.6608138758997,0.0,0.0,0.0,0.00039337301088447494,0.0,0.0
5574,2785.1611618396,0.0,-0.25,0.25,0.0003934231432427266,-635.4481282911205,635.4481282911205
5575,2785.6615099375,0.0,0.0,0.0,0.0003934732860248115,0.0,0.0
5576,2786.1618581696002,0.0,0.0,0.0,0.0003935234392248079,0.0,0.0
5577,2786.6622065358997,0.0,0.0,0.0,0.00039357360283679473,0.0,0.0
5578,2787.1625550363997,0.0,0.0,0.0,0.0003936237768548689,0.0,0.0
5579,2787.6629036711,0.0,0.0,0.0,0.0003936739612730817,0.0,0.0
5580,2788.16325244,1.0,1.0,1.0,0.0003937241560855665,2539.8492435467283,2539.8492435467283
5581,2788.6636013431003,0.0,0.0,0.0,0.00039377436128638677,0.0,0.0
5582,2789.1639503804,0.0,0.0,0.0,0.00039382457686965966,0.0,0.0
5583,2789.6642995519,0.0,-0.25,0.25,0.00039387480282947977,-634.7194545172074,634.7194545172074
5584,2790.1646488576002,1.0,1.0,1.0,0.0003939250391599475,2538.5540409731725,2538.5540409731725
5585,2790.6649982975,0.0,0.0,0.0,0.0003939752858551529,0.0,0.0
5586,2791.1653478716,0.0,0.0,0.0,0.00039402554290925596,0.0,0.0
5587,2791.6656975798996,0.0,-0.25,0.25,0.0003940758103163421,-634.3957011705792,634.3957011705792
5588,2792.1660474224,0.0,0.0,0.0,0.0003941260880705144,0.0,0.0
5589,2792.6663973991,0.0,0.0,0.0,0.000394176376165941,0.0,0.0
5590,2793.1667475100003,0.0,0.0,0.0,0.00039422667459670295,0.0,0.0
5591,2793.6670977551,0.0,0.0,0.0,0.0003942769833569637,0.0,0.0
5592,2794.1674481344,0.0,0.0,0.0,0.0003943273024408348,0.0,0.0
5593,2794.6677986479,0.0,0.0,0.0,0.0003943776318424631,0.0,0.0
5594,2795.1681492956,0.0,0.0,0.0,0.00039442797155598506,0.0,0.0
5595,2795.6685000774996,0.0,0.0,0.0,0.00039447832157553175,0.0,0.0
5596,2796.1688509936,0.0,0.0,0.0,0.00039452868189529213,0.0,0.0
5597,2796.6692020439,0.0,0.0,0.0,0.00039457905250937,0.0,0.0
5598,2797.1695532284,0.0,0.0,0.0,0.0003946294334119501,0.0,0.0
5599,2797.6699045471,0.0,0.0,0.0,0.0003946798245971717,0.0,0.0
5600,2798.170256,0.0,0.0,0.0,0.0003947302260592212,0.0,0.0
5601,2798.6706075870998,0.0,-0.25,0.25,0.00039478063779224514,-633.263073381941,633.263073381941
5602,2799.1709593084,0.0,0.0,0.0,0.0003948310597904012,0.0,0.0
5603,2799.6713111639,0.0,0.0,0.0,0.0003948814920478725,0.0,0.0
5604,2800.1716631535996,0.0,-0.25,0.25,0.000394931934558842,-633.0204729563388,633.0204729563388
5605,2800.6720152774997,0.0,0.0,0.0,0.0003949823873174987,0.0,0.0
5606,2801.1723675355997,0.0,0.0,0.0,0.00039503285031799806,0.0,0.0
5607,2801.6727199279,1.0,1.0,1.0,0.0003950833235545423,2531.111642483557,2531.111642483557
5608,2802.1730724544,0.0,-0.25,0.25,0.00039513380702132275,-632.6970650388039,632.6970650388039
5609,2802.6734251150997,0.0,-0.25,0.25,0.0003951843007125312,-632.6162237448228,632.6162237448228
5610,2803.17377791,0.0,-0.25,0.25,0.00039523480462236017,-632.535386752871,632.535386752871
5611,2803.6741308391,0.0,-0.25,0.25,0.000395285318744997,-632.4545540768687,632.4545540768687
5612,2804.1744839024,0.0,-0.25,0.25,0.00039533584307468187,-632.3737257306395,632.3737257306395
5613,2804.6748370999003,0.0,0.0,0.0,0.00039538637760558006,0.0,0.0
5614,2805.1751904315997,1.0,1.0,1.0,0.00039543692233195055,2528.8483283322425,2528.8483283322425
5615,2805.6755438975,0.0,0.0,0.0,0.00039548747724796546,0.0,0.0
5616,2806.1758974976,0.0,0.0,0.0,0.0003955380423478561,0.0,0.0
5617,2806.6762512319,0.0,0.0,0.0,0.00039558861762584787,0.0,0.0
5618,2807.1766051003997,0.0,0.0,0.0,0.0003956392030761736,0.0,0.0
5619,2807.6769591030998,0.0,0.0,0.0,0.0003956897986930249,0.0,0.0
5620,2808.17731324,0.0,0.0,0.0,0.0003957404044706823,0.0,0.0
5621,2808.6776675111,0.0,0.0,0.0,0.00039579102040335044,0.0,0.0
5622,2809.1780219164,0.0,0.0,0.0,0.0003958416464852702,0.0,0.0
5623,2809.6783764559,0.0,0.0,0.0,0.0003958922827106937,0.0,0.0
5624,2810.1787311296,0.0,0.0,0.0,0.00039594292907387435,0.0,0.0
5625,2810.6790859375,0.0,0.0,0.0,0.000395993585569032,0.0,0.0
5626,2811.1794408796,0.0,-0.25,0.25,0.0003960442521904438,-631.2425912440305,631.2425912440305
5627,2811.6797959559,0.0,-0.25,0.25,0.00039609492893237665,-631.1618294984061,631.1618294984061
5628,2812.1801511664,0.0,-0.5,0.3535533905932738,0.0003961456157890512,-1262.1621446045526,892.4834114068351
5629,2812.6805065111,1.0,0.75,1.0307764064044151,0.000396196312754765,1893.000959007486,2601.6809677944643
5630,2813.1808619900003,0.0,0.0,0.0,0.00039624701982376314,0.0,0.0
5631,2813.6812176031003,0.0,-0.25,0.25,0.0003962977369903206,-630.8388281462887,630.8388281462887
5632,2814.1815733504,0.0,0.0,0.0,0.0003963484642487302,0.0,0.0
5633,2814.6819292319,0.0,0.0,0.0,0.00039639920159323345,0.0,0.0
5634,2815.1822852476002,0.0,0.0,0.0,0.0003964499490181366,0.0,0.0
5635,2815.6826413975,0.0,0.0,0.0,0.00039650070651772224,0.0,0.0
5636,2816.1829976815998,0.0,0.0,0.0,0.00039655147408626843,0.0,0.0
5637,2816.6833540999,0.0,0.0,0.0,0.00039660225171806585,0.0,0.0
5638,2817.1837106524,0.0,-0.25,0.25,0.0003966530394074224,-630.2737535390781,630.2737535390781
5639,2817.6840673391002,0.0,0.0,0.0,0.00039670383714860607,0.0,0.0
5640,2818.18442416,0.0,0.0,0.0,0.0003967546449359442,0.0,0.0
5641,2818.6847811150997,0.0,0.0,0.0,0.0003968054627637348,0.0,0.0
5642,2819.1851382044,0.0,0.0,0.0,0.0003968562906262888,0.0,0.0
5643,2819.6854954279,0.0,0.0,0.0,0.00039690712851791143,0.0,0.0
5644,2820.1858527856,0.0,0.0,0.0,0.00039695797643291453,0.0,0.0
5645,2820.6862102775,0.0,0.0,0.0,0.0003970088343656278,0.0,0.0
5646,2821.1865679036,0.0,0.0,0.0,0.0003970597023103646,0.0,0.0
5647,2821.6869256639,0.0,0.0,0.0,0.00039711058026143834,0.0,0.0
5648,2822.1872835584,0.0,-0.25,0.25,0.0003971614682132038,-629.4669045432053,629.4669045432053
5649,2822.6876415871,1.0,1.0,1.0,0.0003972123661599758,2517.5449839777993,2517.5449839777993
5650,2823.18799975,0.0,0.0,0.0,0.000397263274096099,0.0,0.0
5651,2823.6883580471,0.0,0.0,0.0,0.0003973141920158891,0.0,0.0
5652,2824.1887164784002,0.0,0.0,0.0,0.0003973651199137207,0.0,0.0
5653,2824.6890750439,0.0,-0.25,0.25,0.0003974160577839111,-629.063660371604,629.063660371604
5654,2825.1894337435997,0.0,0.0,0.0,0.00039746700562080724,0.0,0.0
5655,2825.6897925774997,0.0,0.0,0.0,0.0003975179634188027,0.0,0.0
5656,2826.1901515455997,0.0,-0.25,0.25,0.00039756893117220466,-628.8217725235526,628.8217725235526
5657,2826.6905106479003,0.0,0.0,0.0,0.000397619908875397,0.0,0.0
5658,2827.1908698844,0.0,0.0,0.0,0.0003976708965227342,0.0,0.0
5659,2827.6912292550996,0.0,-0.25,0.25,0.0003977218941085953,-628.5799290992494,628.5799290992494
5660,2828.19158876,0.0,0.0,0.0,0.0003977729016273302,0.0,0.0
5661,2828.6919483991,0.0,0.0,0.0,0.00039782391907331946,0.0,0.0
5662,2829.1923081724003,1.0,1.0,1.0,0.00039787494644093733,2513.3525218040973,2513.3525218040973
5663,2829.6926680798997,0.0,0.0,0.0,0.0003979259837245709,0.0,0.0
5664,2830.1930281216,2.0,2.0,1.4142135623730951,0.00039797703091859596,5025.415651208999,3553.5054852508933
5665,2830.6933882975,0.0,-0.25,0.25,0.0003980280880174064,-628.0963769297284,628.0963769297284
5666,2831.1937486076,0.0,0.0,0.0,0.0003980791550153737,0.0,0.0
5667,2831.6941090519003,0.0,0.0,0.0,0.0003981302319068927,0.0,0.0
5668,2832.1944696304,0.0,0.0,0.0,0.0003981813186863821,0.0,0.0
5669,2832.6948303431,0.0,0.0,0.0,0.00039823241534821507,0.0,0.0
5670,2833.19519119,0.0,-0.25,0.25,0.0003982835218868117,-627.6935556250494,627.6935556250494
5671,2833.6955521711,0.0,-0.25,0.25,0.0003983346382965695,-627.6130066646856,627.6130066646856
5672,2834.1959132864,0.0,0.0,0.0,0.000398385764571909,0.0,0.0
5673,2834.6962745358996,0.0,0.0,0.0,0.0003984369007072236,0.0,0.0
5674,2835.1966359196,0.0,0.0,0.0,0.00039848804669694705,0.0,0.0
5675,2835.6969974375,0.0,0.0,0.0,0.000398539202535485,0.0,0.0
5676,2836.1973590896,0.0,-0.25,0.25,0.00039859036821727784,-627.2103390710162,627.2103390710162
5677,2836.6977208759,0.0,-0.25,0.25,0.00039864154373674436,-627.1298210833125,627.1298210833125
5678,2837.1980827964,0.0,0.0,0.0,0.00039869272908830326,0.0,0.0
5679,2837.6984448511,0.0,0.0,0.0,0.000398743924266397,0.0,0.0
5680,2838.1988070400002,0.0,0.0,0.0,0.0003987951292654459,0.0,0.0
5681,2838.6991693631,0.0,0.0,0.0,0.0003988463440799342,0.0,0.0
5682,2839.1995318204,0.0,-0.25,0.25,0.00039889756870424824,-626.727309499737,626.727309499737
5683,2839.6998944119,1.0,1.0,1.0,0.00039894880313286765,2506.587291770758,2506.587291770758
5684,2840.2002571376,0.0,0.0,0.0,0.0003990000473602268,0.0,0.0
5685,2840.7006199975003,0.0,0.0,0.0,0.0003990513013807886,0.0,0.0
5686,2841.2009829915996,0.0,0.0,0.0,0.0003991025651890349,0.0,0.0
5687,2841.7013461199,0.0,0.0,0.0,0.0003991538387793549,0.0,0.0
5688,2842.2017093824,0.0,0.0,0.0,0.00039920512214627765,0.0,0.0
5689,2842.7020727791,0.0,0.0,0.0,0.00039925641528423984,0.0,0.0
5690,2843.2024363100004,0.0,0.0,0.0,0.0003993077181877194,0.0,0.0
5691,2843.7027999751,1.0,0.5,1.0606601717798212,0.0003993590308511834,1252.0062434404279,2655.9063144738657
5692,2844.2031637744,0.0,0.0,0.0,0.0003994103532690992,0.0,0.0
5693,2844.7035277079,0.0,-0.25,0.25,0.00039946168543596996,-625.8422499948939,625.8422499948939
5694,2845.2038917756004,0.0,0.0,0.0,0.0003995130273462523,0.0,0.0
5695,2845.7042559775,0.0,0.0,0.0,0.00039956437899446806,0.0,0.0
5696,2846.2046203136,0.0,0.0,0.0,0.00039961574037505204,0.0,0.0
5697,2846.7049847839,0.0,0.0,0.0,0.00039966711148254984,0.0,0.0
5698,2847.2053493884,0.0,0.0,0.0,0.0003997184923114153,0.0,0.0
5699,2847.7057141271002,0.0,0.0,0.0,0.0003997698828561952,0.0,0.0
5700,2848.206079,0.0,0.0,0.0,0.0003998212831113386,0.0,0.0
5701,2848.7064440071,0.0,-0.25,0.25,0.00039987269307139884,-625.1989804048998,625.1989804048998
5702,2849.2068091484,0.0,0.0,0.0,0.00039992411273084946,0.0,0.0
5703,2849.7071744239,0.0,0.0,0.0,0.00039997554208421075,0.0,0.0
5704,2850.2075398335996,0.0,0.0,0.0,0.0004000269811260204,0.0,0.0
5705,2850.7079053775,0.0,0.0,0.0,0.00040007842985075357,0.0,0.0
5706,2851.2082710556,0.0,0.0,0.0,0.0004001298882529787,0.0,0.0
5707,2851.7086368679,0.0,0.0,0.0,0.0004001813563271947,0.0,0.0
5708,2852.2090028144003,1.0,1.0,1.0,0.00040023283406794783,2498.5456336404154,2498.5456336404154
5709,2852.7093688951,0.0,0.0,0.0,0.00040028432146974426,0.0,0.0
5710,2853.20973511,0.0,0.0,0.0,0.00040033581852713744,0.0,0.0
5711,2853.7101014591,0.0,0.0,0.0,0.00040038732523466314,0.0,0.0
5712,2854.2104679424,2.0,1.75,1.4361406616345074,0.0004004388415868582,4370.205430285194,3586.4169817877114
5713,2854.7108345599,0.0,0.0,0.0,0.0004004903675782717,0.0,0.0
5714,2855.2112013116,0.0,0.0,0.0,0.0004005419032034593,0.0,0.0
5715,2855.7115681975,0.0,0.0,0.0,0.00040059344845694777,0.0,0.0
5716,2856.2119352176,0.0,0.0,0.0,0.00040064500333332795,0.0,0.0
5717,2856.7123023719,1.0,1.0,1.0,0.0004006965678271167,2495.654019256429,2495.654019256429
5718,2857.2126696604,0.0,-0.25,0.25,0.0004007481419329005,-623.8332105401474,623.8332105401474
5719,2857.7130370831,0.0,0.0,0.0,0.00040079972564524324,0.0,0.0
5720,2858.21340464,0.0,0.0,0.0,0.0004008513189587152,0.0,0.0
5721,2858.7137723311002,0.0,0.0,0.0,0.0004009029218678642,0.0,0.0
5722,2859.2141401564,0.0,0.0,0.0,0.0004009545343672904,0.0,0.0
5723,2859.7145081158997,0.0,0.0,0.0,0.0004010061564515603,0.0,0.0
5724,2860.2148762096,0.0,0.0,0.0,0.0004010577881152576,0.0,0.0
5725,2860.7152444375,0.0,0.0,0.0,0.00040110942935295545,0.0,0.0
5726,2861.2156127996,0.0,0.0,0.0,0.00040116108015925687,0.0,0.0
5727,2861.7159812959,0.0,0.0,0.0,0.0004012127405287357,0.0,0.0
5728,2862.2163499263997,0.0,0.0,0.0,0.00040126441045599566,0.0,0.0
5729,2862.7167186911,0.0,0.0,0.0,0.00040131608993564083,0.0,0.0
5730,2863.21708759,0.0,0.0,0.0,0.000401367778962259,0.0,0.0
5731,2863.7174566230997,0.0,0.0,0.0,0.0004014194775304557,0.0,0.0
5732,2864.2178257903997,0.0,0.0,0.0,0.00040147118563484195,0.0,0.0
5733,2864.7181950919,0.0,0.0,0.0,0.0004015229032700075,0.0,0.0
5734,2865.2185645276,0.0,-0.25,0.25,0.0004015746304305881,-622.54928736892,622.54928736892
5735,2865.7189340975,0.0,0.0,0.0,0.0004016263671111799,0.0,0.0
5736,2866.2193038016,0.0,0.0,0.0,0.00040167811330643713,0.0,0.0
5737,2866.7196736399,0.0,0.0,0.0,0.00040172986901094526,0.0,0.0
5738,2867.2200436124,0.0,-0.25,0.25,0.00040178163421933697,-622.2285408484407,622.2285408484407
5739,2867.7204137191,0.0,0.0,0.0,0.0004018334089262567,0.0,0.0
5740,2868.2207839599996,1.0,1.0,1.0,0.00040188519312632065,2488.2728129913453,2488.2728129913453
5741,2868.7211543351,0.0,0.0,0.0,0.00040193698681417414,0.0,0.0
5742,2869.2215248444,0.0,0.0,0.0,0.0004019887899844637,0.0,0.0
5743,2869.7218954879,2.0,1.75,1.4361406616345074,0.0004020406026318068,4352.794191791293,3572.1284174617076
5744,2870.2222662656,0.0,-0.25,0.25,0.0004020924247508452,-621.7475998333254,621.7475998333254
5745,2870.7226371775,0.0,0.0,0.0,0.00040214425633625003,0.0,0.0
5746,2871.2230082236,0.0,0.0,0.0,0.00040219609738268645,0.0,0.0
5747,2871.7233794039,1.0,1.0,1.0,0.00040224794788475766,2486.028841809022,2486.028841809022
5748,2872.2237507184,0.0,0.0,0.0,0.0004022998078371471,0.0,0.0
5749,2872.7241221670997,0.0,0.0,0.0,0.00040235167723454054,0.0,0.0
5750,2873.22449375,0.0,-0.25,0.25,0.0004024035560715704,-621.266875572878,621.266875572878
5751,2873.7248654671,1.0,1.0,1.0,0.00040245544434290543,2484.7471044470867,2484.7471044470867
5752,2874.2252373184,0.0,-0.25,0.25,0.00040250734204322624,-621.1066827525146,621.1066827525146
5753,2874.7256093039,0.0,0.0,0.0,0.000402559249167202,0.0,0.0
5754,2875.2259814236,0.0,0.0,0.0,0.00040261116570949185,0.0,0.0
5755,2875.7263536775,0.0,-0.25,0.25,0.00040266309166480063,-620.8664394006939,620.8664394006939
5756,2876.2267260656,0.0,0.0,0.0,0.00040271502702779986,0.0,0.0
5757,2876.7270985879,0.0,0.0,0.0,0.0004027669717932016,0.0,0.0
5758,2877.2274712443996,0.0,0.0,0.0,0.00040281892595565524,0.0,0.0
5759,2877.7278440350997,1.0,0.5,1.0606601717798212,0.00040287088950987363,1241.092402105032,2632.7545608227083
5760,2878.22821696,0.0,0.0,0.0,0.0004029228624505363,0.0,0.0
5761,2878.7285900191,0.0,0.0,0.0,0.0004029748447723457,0.0,0.0
5762,2879.2289632124002,0.0,0.0,0.0,0.0004030268364700231,0.0,0.0
5763,2879.7293365398996,0.0,0.0,0.0,0.0004030788375382546,0.0,0.0
5764,2880.2297100016,0.0,0.0,0.0,0.00040313084797176206,0.0,0.0
5765,2880.7300835975,0.0,-0.25,0.25,0.0004031828677652391,-620.0660295555199,620.0660295555199
5766,2881.2304573276,0.0,0.0,0.0,0.0004032348969134083,0.0,0.0
5767,2881.7308311919,0.0,-0.5,0.3535533905932738,0.00040328693541099924,-1239.812044718082,876.6795042169149
5768,2882.2312051904,0.0,0.0,0.0,0.0004033389832527065,0.0,0.0
5769,2882.7315793231,0.0,-0.25,0.25,0.0004033910404332722,-619.7460402974773,619.7460402974773
5770,2883.23195359,0.0,-0.25,0.25,0.0004034431069474157,-619.6660587203556,619.6660587203556
5771,2883.7323279911,0.0,0.0,0.0,0.00040349518278988547,0.0,0.0
5772,2884.2327025264,0.0,0.0,0.0,0.00040354726795539017,0.0,0.0
5773,2884.7330771959,0.0,0.0,0.0,0.00040359936243866256,0.0,0.0
5774,2885.2334519996,0.0,0.0,0.0,0.00040365146623446416,0.0,0.0
5775,2885.7338269375,0.0,0.0,0.0,0.000403703579337523,0.0,0.0
5776,2886.2342020096003,0.0,-0.25,0.25,0.0004037557017425844,-619.1863023135417,619.1863023135417
5777,2886.7345772158997,0.0,0.0,0.0,0.00040380783344440025,0.0,0.0
5778,2887.2349525564,0.0,0.0,0.0,0.0004038599744377116,0.0,0.0
5779,2887.7353280311,0.0,0.0,0.0,0.0004039121247172945,0.0,0.0
5780,2888.2357036400003,0.0,-0.25,0.25,0.00040396428427789087,-618.866592245622,618.866592245622
5781,2888.7360793831,0.0,-0.25,0.25,0.00040401645311427206,-618.7866807723545,618.7866807723545
5782,2889.2364552604,0.0,0.0,0.0,0.0004040686312212101,0.0,0.0
5783,2889.7368312719,0.0,0.0,0.0,0.00040412081859343105,0.0,0.0
5784,2890.2372074176,0.0,0.0,0.0,0.0004041730152257425,0.0,0.0
5785,2890.7375836975,0.0,-0.25,0.25,0.0004042252211129006,-618.4670993851091,618.4670993851091
5786,2891.2379601116,0.0,0.0,0.0,0.00040427743624970864,0.0,0.0
5787,2891.7383366599,0.0,0.0,0.0,0.0004043296606309118,0.0,0.0
5788,2892.2387133424,0.0,0.0,0.0,0.0004043818942513086,0.0,0.0
5789,2892.7390901591,0.0,-0.25,0.25,0.0004044341371056631,-618.1476217342272,618.1476217342272
5790,2893.2394671099996,1.0,1.0,1.0,0.00040448638918879194,2472.271074449566,2472.271074449566
5791,2893.7398441951,2.0,2.0,1.4142135623730951,0.00040453865049550606,4943.903376229357,3495.867602862845
5792,2894.2402214144,0.0,0.0,0.0,0.00040459092102054285,0.0,0.0
5793,2894.7405987679,0.0,0.0,0.0,0.00040464320075874307,0.0,0.0
5794,2895.2409762556003,0.0,0.0,0.0,0.00040469548970489106,0.0,0.0
5795,2895.7413538775,0.0,-0.25,0.25,0.00040474778785380016,-617.6686012927711,617.6686012927711
5796,2896.2417316336,0.0,0.0,0.0,0.0004048000952002671,0.0,0.0
5797,2896.7421095239,0.0,0.0,0.0,0.0004048524117391004,0.0,0.0
5798,2897.2424875484003,0.0,-0.25,0.25,0.000404904737465121,-617.4291799229326,617.4291799229326
5799,2897.7428657070996,1.0,0.75,1.0307764064044151,0.00040495707237314465,1852.048158104319,2545.3967265315814
5800,2898.243244,0.0,0.0,0.0,0.0004050094164579932,0.0,0.0
5801,2898.7436224271,0.0,0.0,0.0,0.000405061769714483,0.0,0.0
5802,2899.2440009884,0.0,-0.5,0.3535533905932738,0.0004051141321374485,-1234.2200884524027,872.7253940213544
5803,2899.7443796839,0.0,0.0,0.0,0.0004051665037217018,0.0,0.0
5804,2900.2447585135997,0.0,0.0,0.0,0.0004052188844620955,0.0,0.0
5805,2900.7451374775,0.0,-0.5,0.3535533905932738,0.0004052712743534312,-1233.7415248531956,872.3869984551261
5806,2901.2455165756,0.0,0.0,0.0,0.0004053236733905918,0.0,0.0
5807,2901.7458958079,1.0,1.0,1.0,0.00040537608156838474,2466.8450988302957,2466.8450988302957
5808,2902.2462751743997,0.0,0.0,0.0,0.00040542849888167165,0.0,0.0
5809,2902.7466546750998,0.0,0.0,0.0,0.00040548092532528997,0.0,0.0
5810,2903.24703431,0.0,0.0,0.0,0.00040553336089408455,0.0,0.0
5811,2903.7474140791,0.0,0.0,0.0,0.00040558580558291166,0.0,0.0
5812,2904.2477939824003,0.0,0.0,0.0,0.00040563825938664,0.0,0.0
5813,2904.7481740199,0.0,0.0,0.0,0.0004056907223001151,0.0,0.0
5814,2905.2485541916,0.0,-0.25,0.25,0.00040574319431819567,-616.1532799585116,616.1532799585116
5815,2905.7489344975,0.0,0.0,0.0,0.0004057956754357685,0.0,0.0
5816,2906.2493149376,0.0,-0.25,0.25,0.0004058481656476873,-615.9939138840964,615.9939138840964
5817,2906.7496955119,0.0,-0.25,0.25,0.0004059006649488056,-615.9142410656838,615.9142410656838
5818,2907.2500762204,0.0,0.0,0.0,0.00040595317333401844,0.0,0.0
5819,2907.7504570631,0.0,0.0,0.0,0.0004060056907982152,0.0,0.0
5820,2908.25083804,0.0,0.0,0.0,0.0004060582173362396,0.0,0.0
5821,2908.7512191511,0.0,0.0,0.0,0.0004061107529430168,0.0,0.0
5822,2909.2516003963997,0.0,0.0,0.0,0.000406163297613386,0.0,0.0
5823,2909.7519817759,0.0,0.0,0.0,0.00040621585134227334,0.0,0.0
5824,2910.2523632896,0.0,0.0,0.0,0.00040626841412455935,0.0,0.0
5825,2910.7527449375,0.0,-0.25,0.25,0.00040632098595514836,-615.2771051495632,615.2771051495632
5826,2911.2531267195995,0.0,-0.25,0.25,0.0004063735668289156,-615.1974941452103,615.1974941452103
5827,2911.7535086359,0.0,0.0,0.0,0.0004064261567407838,0.0,0.0
5828,2912.2538906864,0.0,0.0,0.0,0.00040647875568564746,0.0,0.0
5829,2912.7542728711,0.0,0.0,0.0,0.00040653136365840646,0.0,0.0
5830,2913.25465519,1.0,1.0,1.0,0.0004065839806539965,2459.5164777310824,2459.5164777310824
5831,2913.7550376431,0.0,0.0,0.0,0.00040663660666729614,0.0,0.0
5832,2914.2554202304,0.0,0.0,0.0,0.00040668924169325326,0.0,0.0
5833,2914.7558029519,0.0,0.0,0.0,0.00040674188572676446,0.0,0.0
5834,2915.2561858076,0.0,0.0,0.0,0.0004067945387627677,0.0,0.0
5835,2915.7565687974998,1.0,0.75,1.0307764064044151,0.00040684720079617776,1843.4439232524912,2533.571336824346
5836,2916.2569519216,0.0,0.0,0.0,0.00040689987182192705,0.0,0.0
5837,2916.7573351799,0.0,0.0,0.0,0.00040695255183494376,0.0,0.0
5838,2917.2577185724,0.0,0.0,0.0,0.00040700524083016744,0.0,0.0
5839,2917.7581020991,0.0,0.0,0.0,0.00040705793880252633,0.0,0.0
5840,2918.25848576,0.0,0.0,0.0,0.0004071106457469613,0.0,0.0
5841,2918.7588695551,0.0,0.0,0.0,0.000407163361658425,0.0,0.0
5842,2919.2592534844,0.0,0.0,0.0,0.00040721608653186486,0.0,0.0
5843,2919.7596375479,0.0,0.0,0.0,0.00040726882036222294,0.0,0.0
5844,2920.2600217455997,0.0,0.0,0.0,0.0004073215631444364,0.0,0.0
5845,2920.7604060774997,1.0,1.0,1.0,0.0004073743148734884,2454.7448464210456,2454.7448464210456
5846,2921.2607905436,1.0,1.0,1.0,0.00040742707554431703,2454.4269638045375,2454.4269638045375
5847,2921.7611751439,0.0,-0.25,0.25,0.000407479845151884,-613.5272774210833,613.5272774210833
5848,2922.2615598784,0.0,0.0,0.0,0.0004075326236911681,0.0,0.0
5849,2922.7619447470997,0.0,0.0,0.0,0.000407585411157115,0.0,0.0
5850,2923.26232975,0.0,0.0,0.0,0.00040763820754471036,0.0,0.0
5851,2923.7627148871,0.0,-0.25,0.25,0.00040769101284892403,-613.20949474214,613.20949474214
5852,2924.2631001584,0.0,0.0,0.0,0.0004077438270647306,0.0,0.0
5853,2924.7634855639003,0.0,-0.25,0.25,0.00040779665018710694,-613.0506464074532,613.0506464074532
5854,2925.2638711035997,0.0,0.0,0.0,0.0004078494822110352,0.0,0.0
5855,2925.7642567775,1.0,0.75,1.0307764064044151,0.0004079023231314922,1838.6754805469166,2527.017739176082
5856,2926.2646425856,0.0,0.0,0.0,0.00040795517294347854,0.0,0.0
5857,2926.7650285279,0.0,0.0,0.0,0.0004080080316419841,0.0,0.0
5858,2927.2654146043997,0.0,0.0,0.0,0.00040806089922198715,0.0,0.0
5859,2927.7658008150997,1.0,1.0,1.0,0.00040811377567848985,2450.2970975128155,2450.2970975128155
5860,2928.26618716,0.0,0.0,0.0,0.00040816666100650047,0.0,0.0
5861,2928.7665736391,0.0,0.0,0.0,0.00040821955520099925,0.0,0.0
5862,2929.2669602524,0.0,0.0,0.0,0.00040827245825703594,0.0,0.0
5863,2929.7673469999,0.0,0.0,0.0,0.000408325370169557,0.0,0.0
5864,2930.2677338815997,0.0,0.0,0.0,0.0004083782909336245,0.0,0.0
5865,2930.7681208975,0.0,0.0,0.0,0.0004084312205442381,0.0,0.0
5866,2931.2685080476003,0.0,-0.25,0.25,0.0004084841589964027,-612.0188371911911,612.0188371911911
5867,2931.7688953319,0.0,0.0,0.0,0.000408537106285131,0.0,0.0
5868,2932.2692827503997,0.0,0.0,0.0,0.00040859006240547485,0.0,0.0
5869,2932.7696703031,1.0,0.75,1.0307764064044151,0.00040864302735243643,1835.3427069566965,2522.4372799965
5870,2933.27005799,0.0,0.0,0.0,0.0004086960011210575,0.0,0.0
5871,2933.7704458111,0.0,0.0,0.0,0.00040874898370634605,0.0,0.0
5872,2934.2708337664,0.0,0.0,0.0,0.00040880197510337405,0.0,0.0
5873,2934.7712218559,0.0,-0.25,0.25,0.0004088549753071453,-611.4637587868211,611.4637587868211
5874,2935.2716100796,0.0,0.0,0.0,0.00040890798431270325,0.0,0.0
5875,2935.7719984375003,0.0,0.0,0.0,0.0004089610021151045,0.0,0.0
5876,2936.2723869295996,0.0,0.0,0.0,0.0004090140287094055,0.0,0.0
5877,2936.7727755559,0.0,0.0,0.0,0.00040906706409062917,0.0,0.0
5878,2937.2731643164,0.0,0.0,0.0,0.00040912010825383836,0.0,0.0
5879,2937.7735532111,0.0,0.0,0.0,0.0004091731611940743,0.0,0.0
5880,2938.27394224,0.0,0.0,0.0,0.00040922622290641837,0.0,0.0
5881,2938.7743314031,0.0,0.0,0.0,0.000409279293385907,0.0,0.0
5882,2939.2747207004,0.0,-0.25,0.25,0.00040933237262761696,-610.7506191000269,610.7506191000269
5883,2939.7751101319,0.0,0.0,0.0,0.0004093854606266083,0.0,0.0
5884,2940.2754996976,0.0,0.0,0.0,0.00040943855737797616,0.0,0.0
5885,2940.7758893974997,0.0,0.0,0.0,0.00040949166287673554,0.0,0.0
5886,2941.2762792316,0.0,0.0,0.0,0.00040954477711801715,0.0,0.0
5887,2941.7766691999,0.0,0.0,0.0,0.0004095979000968656,0.0,0.0
5888,2942.2770593024,0.0,0.0,0.0,0.0004096510318083724,0.0,0.0
5889,2942.7774495391,0.0,0.0,0.0,0.00040970417224760647,0.0,0.0
5890,2943.27783991,0.0,0.0,0.0,0.0004097573214096946,0.0,0.0
5891,2943.7782304151,0.0,0.0,0.0,0.0004098104792896891,0.0,0.0
5892,2944.2786210544,0.0,0.0,0.0,0.0004098636458826776,0.0,0.0
5893,2944.7790118279,0.0,-0.25,0.25,0.0004099168211837827,-609.8798270293831,609.8798270293831
5894,2945.2794027356,0.0,0.0,0.0,0.0004099700051880756,0.0,0.0
5895,2945.7797937775,0.0,0.0,0.0,0.00041002319789068,0.0,0.0
5896,2946.2801849536,0.0,0.0,0.0,0.0004100763992866912,0.0,0.0
5897,2946.7805762639,0.0,0.0,0.0,0.0004101296093711871,0.0,0.0
5898,2947.2809677084,0.0,0.0,0.0,0.00041018282813932793,0.0,0.0
5899,2947.7813592871,0.0,0.0,0.0,0.0004102360555861752,0.0,0.0
5900,2948.281751,0.0,0.0,0.0,0.0004102892917068901,0.0,0.0
5901,2948.7821428471,0.0,0.0,0.0,0.00041034253649654674,0.0,0.0
5902,2949.2825348284,0.0,0.0,0.0,0.00041039578995030686,0.0,0.0
5903,2949.7829269439,0.0,0.0,0.0,0.0004104490520632689,0.0,0.0
5904,2950.2833191935997,0.0,0.0,0.0,0.00041050232283054375,0.0,0.0
5905,2950.7837115775,0.0,0.0,0.0,0.00041055560224729983,0.0,0.0
5906,2951.2841040956,0.0,0.0,0.0,0.00041060889030863733,0.0,0.0
5907,2951.7844967479,0.0,0.0,0.0,0.00041066218700970856,0.0,0.0
5908,2952.2848895344,0.0,0.0,0.0,0.0004107154923456494,0.0,0.0
5909,2952.7852824551,0.0,0.0,0.0,0.0004107688063115723,0.0,0.0
5910,2953.28567551,0.0,-0.25,0.25,0.0004108221289026604,-608.5358660395692,608.5358660395692
5911,2953.7860686991003,0.0,-0.25,0.25,0.0004108754601140503,-608.4568787111435,608.4568787111435
5912,2954.2864620224,0.0,0.0,0.0,0.00041092879994087414,0.0,0.0
5913,2954.7868554798997,0.0,0.0,0.0,0.00041098214837829257,0.0,0.0
5914,2955.2872490716,0.0,0.0,0.0,0.0004110355054214502,0.0,0.0
5915,2955.7876427975,0.0,0.0,0.0,0.00041108887106552574,0.0,0.0
5916,2956.2880366576,0.0,-0.25,0.25,0.0004111422453056592,-608.0620584589652,608.0620584589652
5917,2956.7884306519,0.0,0.0,0.0,0.00041119562813703045,0.0,0.0
5918,2957.2888247804,0.0,0.0,0.0,0.00041124901955477954,0.0,0.0
5919,2957.7892190431,0.0,0.0,0.0,0.0004113024195541112,0.0,0.0
5920,2958.2896134400003,0.0,0.0,0.0,0.00041135582813017817,0.0,0.0
5921,2958.7900079711,0.0,0.0,0.0,0.00041140924527814475,0.0,0.0
5922,2959.2904026364,0.0,0.0,0.0,0.0004114626709931938,0.0,0.0
5923,2959.7907974359,0.0,0.0,0.0,0.00041151610527050863,0.0,0.0
5924,2960.2911923696,1.0,1.0,1.0,0.00041156954810526666,2429.7230069709412,2429.7230069709412
5925,2960.7915874375003,0.0,-0.5,0.3535533905932738,0.00041162299949266934,-1214.7037474005497,858.9252569196398
5926,2961.2919826395996,0.0,0.0,0.0,0.00041167645942788943,0.0,0.0
5927,2961.7923779759,0.0,0.0,0.0,0.0004117299279061119,0.0,0.0
5928,2962.2927734464,0.0,0.0,0.0,0.0004117834049225392,0.0,0.0
5929,2962.7931690511,0.0,0.0,0.0,0.00041183689047238084,0.0,0.0
5930,2963.2935647900003,0.0,0.0,0.0,0.00041189038455082276,0.0,0.0
5931,2963.7939606631,0.0,0.0,0.0,0.0004119438871530806,0.0,0.0
5932,2964.2943566704,0.0,0.0,0.0,0.0004119973982743242,0.0,0.0
5933,2964.7947528119003,0.0,0.0,0.0,0.0004120509179097819,0.0,0.0
5934,2965.2951490876003,0.0,0.0,0.0,0.00041210444605467025,0.0,0.0
5935,2965.7955454975,0.0,0.0,0.0,0.00041215798270421305,0.0,0.0
5936,2966.2959420416,1.0,1.0,1.0,0.00041221152785361634,2425.9389474306936,2425.9389474306936
5937,2966.7963387199,0.0,0.0,0.0,0.0004122650814980641,0.0,0.0
5938,2967.2967355324,0.0,0.0,0.0,0.0004123186436328212,0.0,0.0
5939,2967.7971324791,0.0,0.0,0.0,0.000412372214253107,0.0,0.0
5940,2968.29752956,0.0,0.0,0.0,0.00041242579335412985,0.0,0.0
5941,2968.7979267750998,0.0,0.0,0.0,0.0004124793809311445,0.0,0.0
5942,2969.2983241244,0.0,0.0,0.0,0.0004125329769793659,0.0,0.0
5943,2969.7987216079,1.0,1.0,1.0,0.00041258658149400946,2423.733695795241,2423.733695795241
5944,2970.2991192256,0.0,0.0,0.0,0.000412640194470372,0.0,0.0
5945,2970.7995169775,0.0,0.0,0.0,0.0004126938159036351,0.0,0.0
5946,2971.2999148636,0.0,-0.25,0.25,0.00041274744578907876,-605.6972673012117,605.6972673012117
5947,2971.8003128839,0.0,0.0,0.0,0.000412801084121926,0.0,0.0
5948,2972.3007110384,0.0,0.0,0.0,0.0004128547308974468,0.0,0.0
5949,2972.8011093270998,0.0,0.0,0.0,0.00041290838611087653,0.0,0.0
5950,2973.30150775,0.0,0.0,0.0,0.00041296204975748547,0.0,0.0
5951,2973.8019063071,0.0,0.0,0.0,0.00041301572183253887,0.0,0.0
5952,2974.3023049984004,0.0,0.0,0.0,0.00041306940233124505,0.0,0.0
5953,2974.8027038238997,0.0,0.0,0.0,0.0004131230912489215,0.0,0.0
5954,2975.3031027836,0.0,-0.25,0.25,0.00041317678858081227,-605.0678714520844,605.0678714520844
5955,2975.8035018775,0.0,0.0,0.0,0.00041323049432220134,0.0,0.0
5956,2976.3039011056003,0.0,0.0,0.0,0.00041328420846832185,0.0,0.0
5957,2976.8043004679002,1.0,1.0,1.0,0.0004133379310145049,2419.3279275037253,2419.3279275037253
5958,2977.3046999644,0.0,0.0,0.0,0.0004133916619559788,0.0,0.0
5959,2977.8050995951,0.0,0.0,0.0,0.0004134454012880352,0.0,0.0
5960,2978.30549936,0.0,0.0,0.0,0.000413499149005961,0.0,0.0
5961,2978.8058992591,0.0,0.0,0.0,0.000413552905105049,0.0,0.0
5962,2979.3062992923997,0.0,0.0,0.0,0.000413606669580598,0.0,0.0
5963,2979.8066994599,0.0,0.0,0.0,0.00041366044242783834,0.0,0.0
5964,2980.3070997616,0.0,0.0,0.0,0.0004137142236421335,0.0,0.0
5965,2980.8075001975,0.0,0.0,0.0,0.0004137680132187495,0.0,0.0
5966,2981.3079007676,0.0,0.0,0.0,0.0004138218111529868,0.0,0.0
5967,2981.8083014719,0.0,0.0,0.0,0.000413875617440118,0.0,0.0
5968,2982.3087023104,0.0,0.0,0.0,0.0004139294320755199,0.0,0.0
5969,2982.8091032831,1.0,1.0,1.0,0.00041398325505440244,2415.5566385615957,2415.5566385615957
5970,2983.3095043900003,0.0,-0.25,0.25,0.000414037086372172,-603.8106445741881,603.8106445741881
5971,2983.8099056311,0.0,0.0,0.0,0.00041409092602406243,0.0,0.0
5972,2984.3103070064,0.0,0.0,0.0,0.0004141447740054409,0.0,0.0
5973,2984.8107085159,0.0,0.0,0.0,0.00041419863031158825,0.0,0.0
5974,2985.3111101596,0.0,0.0,0.0,0.00041425249493784905,0.0,0.0
5975,2985.8115119375,0.0,-0.25,0.25,0.0004143063678795458,-603.4181933517475,603.4181933517475
5976,2986.3119138496,0.0,0.0,0.0,0.0004143602491320012,0.0,0.0
5977,2986.8123158958997,0.0,0.0,0.0,0.0004144141386905381,0.0,0.0
5978,2987.3127180764,0.0,0.0,0.0,0.00041446803655049145,0.0,0.0
5979,2987.8131203911003,0.0,0.0,0.0,0.00041452194270717995,0.0,0.0
5980,2988.3135228399997,0.0,0.0,0.0,0.0004145758571559504,0.0,0.0
5981,2988.8139254231,0.0,0.0,0.0,0.0004146297798921743,0.0,0.0
5982,2989.3143281404,0.0,-0.25,0.25,0.00041468371091113096,-602.869110654738,602.869110654738
5983,2989.8147309919,0.0,0.0,0.0,0.00041473765020819754,0.0,0.0
5984,2990.3151339776,0.0,0.0,0.0,0.00041479159777874086,0.0,0.0
5985,2990.8155370974996,0.0,0.0,0.0,0.0004148455536180933,0.0,0.0
5986,2991.3159403515997,0.0,0.0,0.0,0.0004148995177215934,0.0,0.0
5987,2991.8163437399,0.0,0.0,0.0,0.0004149534900846265,0.0,0.0
5988,2992.3167472624,0.0,0.0,0.0,0.0004150074707025203,0.0,0.0
5989,2992.8171509190997,0.0,0.0,0.0,0.00041506145957062655,0.0,0.0
5990,2993.31755471,0.0,0.0,0.0,0.00041511545668436055,0.0,0.0
5991,2993.8179586351,0.0,-0.25,0.25,0.0004151694620390456,-602.1637496461341,602.1637496461341
5992,2994.3183626944,0.0,0.0,0.0,0.00041522347563009243,0.0,0.0
5993,2994.8187668879,0.0,0.0,0.0,0.00041527749745280234,0.0,0.0
5994,2995.3191712156,0.0,0.0,0.0,0.0004153315275025979,0.0,0.0
5995,2995.8195756775,0.0,0.0,0.0,0.0004153855657748567,0.0,0.0
5996,2996.3199802736,0.0,-0.25,0.25,0.00041543961226496164,-601.7721772774847,601.7721772774847
5997,2996.8203850039,0.0,0.0,0.0,0.00041549366696826806,0.0,0.0
5998,2997.3207898684,0.0,0.0,0.0,0.0004155477298801715,0.0,0.0
5999,2997.8211948671,0.0,0.0,0.0,0.00041560180099608015,0.0,0.0
6000,2998.3215999999998,0.0,0.0,0.0,0.00041565588031134993,0.0,0.0
6001,2998.8220052671,0.0,0.0,0.0,0.00041570996782138353,0.0,0.0
6002,2999.3224106684,0.0,0.0,0.0,0.0004157640635216021,0.0,0.0
6003,2999.8228162039,0.0,0.0,0.0,0.00041581816740738584,0.0,0.0
6004,3000.3232218736,0.0,0.0,0.0,0.0004158736998361788,0.0,0.0
6005,3000.8236276775,0.0,0.0,0.0,0.00041593001924387273,0.0,0.0
6006,3001.3240336156,0.0,0.0,0.0,0.00041598634705213955,0.0,0.0
6007,3001.8244396879004,0.0,0.0,0.0,0.0004160426832565026,0.0,0.0
6008,3002.3248458944,0.0,0.0,0.0,0.0004160990278524853,0.0,0.0
6009,3002.8252522351,0.0,0.0,0.0,0.0004161553808355712,0.0,0.0
6010,3003.32565871,0.0,0.0,0.0,0.0004162117422013414,0.0,0.0
6011,3003.8260653191,0.0,0.0,0.0,0.00041626811194529756,0.0,0.0
6012,3004.3264720623997,0.0,0.0,0.0,0.0004163244900629351,0.0,0.0
6013,3004.8268789399,0.0,-0.25,0.25,0.00041638087654982523,-600.4118202342186,600.4118202342186
6014,3005.3272859516,0.0,-0.25,0.25,0.0004164372714014701,-600.3305111443428,600.3305111443428
6015,3005.8276930975003,0.0,-0.25,0.25,0.00041649367461341264,-600.2492120247655,600.2492120247655
6016,3006.3281003776,0.0,0.0,0.0,0.0004165500861811954,0.0,0.0
6017,3006.8285077919,0.0,0.0,0.0,0.000416606506100368,0.0,0.0
6018,3007.3289153404,0.0,0.0,0.0,0.00041666293436644515,0.0,0.0
6019,3007.8293230231,0.0,0.0,0.0,0.0004167193709750112,0.0,0.0
6020,3008.32973084,0.0,0.0,0.0,0.00041677581592158136,0.0,0.0
6021,3008.8301387910997,0.0,0.0,0.0,0.0004168322692017121,0.0,0.0
6022,3009.3305468763997,0.0,0.0,0.0,0.0004168887308109594,0.0,0.0
6023,3009.8309550959,0.0,0.0,0.0,0.00041694520074486864,0.0,0.0
6024,3010.3313634496003,0.0,0.0,0.0,0.0004170016789990199,0.0,0.0
6025,3010.8317719375,0.0,0.0,0.0,0.0004170581655689358,0.0,0.0
6026,3011.3321805595997,0.0,0.0,0.0,0.00041711466045021985,0.0,0.0
6027,3011.8325893159,0.0,0.0,0.0,0.00041717116363842994,0.0,0.0
6028,3012.3329982064,0.0,0.0,0.0,0.0004172276751290956,0.0,0.0
6029,3012.8334072311,0.0,-0.25,0.25,0.00041728419491780984,-599.1120752829881,599.1120752829881
6030,3013.33381639,0.0,0.0,0.0,0.0004173407230001544,0.0,0.0
6031,3013.8342256830997,0.0,0.0,0.0,0.0004173972593716883,0.0,0.0
6032,3014.3346351104,0.0,0.0,0.0,0.00041745380402799975,0.0,0.0
6033,3014.8350446719,0.0,0.0,0.0,0.00041751035696467126,0.0,0.0
6034,3015.3354543676,1.0,1.0,1.0,0.00041756691817729187,2394.8257308434977,2394.8257308434977
6035,3015.8358641974996,0.0,-0.25,0.25,0.0004176234876613984,-598.625334508713,598.625334508713
6036,3016.3362741615997,0.0,0.0,0.0,0.00041768006541262066,0.0,0.0
6037,3016.8366842599,0.0,0.0,0.0,0.0004177366514265482,0.0,0.0
6038,3017.3370944924,0.0,-0.25,0.25,0.00041779324569876533,-598.38210065333,598.38210065333
6039,3017.8375048590997,0.0,0.0,0.0,0.00041784984822486765,0.0,0.0
6040,3018.33791536,0.0,0.0,0.0,0.0004179064590004174,0.0,0.0
6041,3018.8383259951,0.0,-0.25,0.25,0.00041796307802107987,-598.1389580717733,598.1389580717733
6042,3019.3387367644,0.0,-0.25,0.25,0.0004180197052823942,-598.0579308602495,598.0579308602495
6043,3019.8391476679003,0.0,0.0,0.0,0.00041807634078001545,0.0,0.0
6044,3020.3395587055998,1.0,0.75,1.0307764064044151,0.0004181329845095062,1793.6877208570204,2465.187977488967
6045,3020.8399698774997,0.0,0.0,0.0,0.000418189636466516,0.0,0.0
6046,3021.3403811836,0.0,0.0,0.0,0.0004182462966466199,0.0,0.0
6047,3021.8407926239,0.0,0.0,0.0,0.0004183029650454339,0.0,0.0
6048,3022.3412041983997,0.0,0.0,0.0,0.00041835964165861343,0.0,0.0
6049,3022.8416159071,0.0,0.0,0.0,0.0004184163264817404,0.0,0.0
6050,3023.34202775,0.0,-0.25,0.25,0.00041847301951046593,-597.4100798480451,597.4100798480451
6051,3023.8424397271,0.0,0.0,0.0,0.00041852972074038345,0.0,0.0
6052,3024.3428518384003,0.0,0.0,0.0,0.00041858643016710455,0.0,0.0
6053,3024.8432640838996,0.0,0.0,0.0,0.000418643147786304,0.0,0.0
6054,3025.3436764636,0.0,0.0,0.0,0.00041869987359358763,0.0,0.0
6055,3025.8440889775,0.0,-0.25,0.25,0.0004187566075846142,-597.0055050402634,597.0055050402634
6056,3026.3445016256,1.0,1.0,1.0,0.0004188133497549839,2387.698483310106,2387.698483310106
6057,3026.8449144079,1.0,1.0,1.0,0.00041887010010033867,2387.374987521081,2387.374987521081
6058,3027.3453273244,0.0,0.0,0.0,0.0004189268586163377,0.0,0.0
6059,3027.8457403751,0.0,0.0,0.0,0.0004189836252986459,0.0,0.0
6060,3028.34615356,0.0,0.0,0.0,0.00041904040014283046,0.0,0.0
6061,3028.8465668791,0.0,0.0,0.0,0.000419097183144627,0.0,0.0
6062,3029.3469803323997,0.0,0.0,0.0,0.0004191539742996316,0.0,0.0
6063,3029.8473939199,0.0,0.0,0.0,0.0004192107736035108,0.0,0.0
6064,3030.3478076416,0.0,0.0,0.0,0.0004192675810519314,0.0,0.0
6065,3030.8482214975,1.0,1.0,1.0,0.00041932439664053677,2384.788502676232,2384.788502676232
6066,3031.3486354876,0.0,0.0,0.0,0.0004193812203649827,0.0,0.0
6067,3031.8490496118998,0.0,0.0,0.0,0.0004194380522209481,0.0,0.0
6068,3032.3494638704,0.0,-0.25,0.25,0.00041949489220410077,-595.954812909534,595.954812909534
6069,3032.8498782631,0.0,0.0,0.0,0.00041955174031008553,0.0,0.0
6070,3033.3502927900004,0.0,-0.5,0.3535533905932738,0.0004196085965345939,-1191.586645577168,842.5789974589468
6071,3033.8507074511,0.0,0.0,0.0,0.00041966546087325373,0.0,0.0
6072,3034.3511222464,0.0,0.0,0.0,0.00041972233332180324,0.0,0.0
6073,3034.8515371759,0.0,0.0,0.0,0.0004197792138758885,0.0,0.0
6074,3035.3519522396,0.0,-0.25,0.25,0.0004198361025311904,-595.4704669101844,595.4704669101844
6075,3035.8523674374997,0.0,0.0,0.0,0.00041989299928338406,0.0,0.0
6076,3036.3527827696,0.0,-0.25,0.25,0.0004199499041281687,-595.3091012581825,595.3091012581825
6077,3036.8531982359,0.0,0.0,0.0,0.0004200068170612144,0.0,0.0
6078,3037.3536138364,0.0,0.0,0.0,0.0004200637380782322,0.0,0.0
6079,3037.8540295711,0.0,0.0,0.0,0.00042012066717486934,0.0,0.0
6080,3038.35444544,1.0,1.0,1.0,0.00042017760434687255,2379.9459791637587,2379.9459791637587
6081,3038.8548614430997,0.0,-0.25,0.25,0.00042023454958990084,-594.9058692198688,594.9058692198688
6082,3039.3552775804,0.0,0.0,0.0,0.00042029150289968396,0.0,0.0
6083,3039.8556938519,0.0,0.0,0.0,0.00042034846427188815,0.0,0.0
6084,3040.3561102575995,1.0,0.75,1.0307764064044151,0.00042040543370223737,1783.9921653610363,2451.862711019307
6085,3040.8565267975,0.0,0.0,0.0,0.00042046241118644424,0.0,0.0
6086,3041.3569434716,0.0,0.0,0.0,0.0004205193967201876,0.0,0.0
6087,3041.8573602799,0.0,-0.25,0.25,0.00042057639029921524,-594.4223350772015,594.4223350772015
6088,3042.3577772224003,0.0,0.0,0.0,0.0004206333919192236,0.0,0.0
6089,3042.8581942991,0.0,-0.25,0.25,0.0004206904015759091,-594.2612407212009,594.2612407212009
6090,3043.3586115099997,0.0,0.0,0.0,0.00042074741926499193,0.0,0.0
6091,3043.8590288551,0.0,0.0,0.0,0.0004208044449822213,0.0,0.0
6092,3044.3594463344,1.0,0.75,1.0307764064044151,0.000420861478723306,1782.0590334737788,2449.205875366169
6093,3044.8598639479,0.0,0.0,0.0,0.0004209185204839609,0.0,0.0
6094,3045.3602816956,0.0,0.0,0.0,0.00042097557025993067,0.0,0.0
6095,3045.8606995775,0.0,0.0,0.0,0.0004210326280469247,0.0,0.0
6096,3046.3611175936,0.0,0.0,0.0,0.0004210896938406879,0.0,0.0
6097,3046.8615357439003,0.0,0.0,0.0,0.00042114676763694767,0.0,0.0
6098,3047.3619540284,0.0,0.0,0.0,0.0004212038494314554,0.0,0.0
6099,3047.8623724471,1.0,1.0,1.0,0.0004212609392199102,2373.8255957264805,2373.8255957264805
6100,3048.362791,0.0,-0.25,0.25,0.00042131803699810424,-593.3759726529935,593.3759726529935
6101,3048.8632096871,0.0,0.0,0.0,0.00042137514276174306,0.0,0.0
6102,3049.3636285084003,0.0,0.0,0.0,0.00042143225650661343,0.0,0.0
6103,3049.8640474638996,0.0,0.0,0.0,0.0004214893782284042,0.0,0.0
6104,3050.3644665536,0.0,-0.25,0.25,0.00042154650792290856,-593.0543731267711,593.0543731267711
6105,3050.8648857775,0.0,-0.25,0.25,0.00042160364558587946,-592.9739996735292,592.9739996735292
6106,3051.3653051356,1.0,1.0,1.0,0.00042166079121305826,2371.574547216358,2371.574547216358
6107,3051.8657246279,0.0,-0.25,0.25,0.00042171794480022764,-592.8132845246311,592.8132845246311
6108,3052.3661442544,0.0,0.0,0.0,0.00042177510634309497,0.0,0.0
6109,3052.8665640151,0.0,0.0,0.0,0.0004218322758374665,0.0,0.0
6110,3053.3669839100003,0.0,-0.5,0.3535533905932738,0.00042188945327909606,-1185.1445825767794,838.023771026541
6111,3053.8674039391003,0.0,0.0,0.0,0.00042194663866377315,0.0,0.0
6112,3054.3678241024,0.0,0.0,0.0,0.00042200383198720624,0.0,0.0
6113,3054.8682443999,0.0,0.0,0.0,0.0004220610332452257,0.0,0.0
6114,3055.3686648316,0.0,0.0,0.0,0.00042211824243356934,0.0,0.0
6115,3055.8690853975,0.0,0.0,0.0,0.0004221754595480332,0.0,0.0
6116,3056.3695060975997,0.0,0.0,0.0,0.0004222326845844138,0.0,0.0
6117,3056.8699269319,0.0,-0.25,0.25,0.00042228991753843836,-592.010345540026,592.010345540026
6118,3057.3703479004,0.0,0.0,0.0,0.0004223471584059554,0.0,0.0
6119,3057.8707690031,0.0,-0.25,0.25,0.0004224044071826874,-591.8498854389946,591.8498854389946
6120,3058.37119024,0.0,-0.25,0.25,0.0004224616638644832,-591.7696713900998,591.7696713900998
6121,3058.8716116111,0.0,0.0,0.0,0.00042251892844707745,0.0,0.0
6122,3059.3720331164,0.0,0.0,0.0,0.0004225762009262735,0.0,0.0
6123,3059.8724547559,0.0,0.0,0.0,0.00042263348129791575,0.0,0.0
6124,3060.3728765296,0.0,0.0,0.0,0.00042269076955774536,0.0,0.0
6125,3060.8732984374997,0.0,0.0,0.0,0.00042274806570158325,0.0,0.0
6126,3061.3737204796,0.0,0.0,0.0,0.00042280536972526343,0.0,0.0
6127,3061.8741426559,0.0,0.0,0.0,0.00042286268162453343,0.0,0.0
6128,3062.3745649664,0.0,0.0,0.0,0.00042292000139523286,0.0,0.0
6129,3062.8749874111004,0.0,0.0,0.0,0.00042297732903315033,0.0,0.0
6130,3063.3754099899998,0.0,-0.25,0.25,0.000423034664534114,-590.9681190673199,590.9681190673199
6131,3063.8758327031,1.0,1.0,1.0,0.0004230920078939191,2363.5520911345784,2363.5520911345784
6132,3064.3762555504,0.0,0.0,0.0,0.0004231493591084292,0.0,0.0
6133,3064.8766785319003,0.0,0.0,0.0,0.00042320671817339936,0.0,0.0
6134,3065.3771016476,0.0,0.0,0.0,0.00042326408508471105,0.0,0.0
6135,3065.8775248975,0.0,0.0,0.0,0.0004233214598381083,0.0,0.0
6136,3066.3779482816,0.0,-0.25,0.25,0.0004233788424294904,-590.4877026103047,590.4877026103047
6137,3066.8783717999,0.0,0.0,0.0,0.0004234362328546654,0.0,0.0
6138,3067.3787954524,0.0,0.0,0.0,0.0004234936311094413,0.0,0.0
6139,3067.8792192390997,0.0,0.0,0.0,0.0004235510371896718,0.0,0.0
6140,3068.37964316,0.0,0.0,0.0,0.00042360845109119474,0.0,0.0
6141,3068.8800672151,0.0,-0.25,0.25,0.0004236658728098127,-590.087651719418,590.087651719418
6142,3069.3804914044,0.0,0.0,0.0,0.00042372330234140417,0.0,0.0
6143,3069.8809157278997,0.0,0.0,0.0,0.00042378073968178415,0.0,0.0
6144,3070.3813401856,0.0,0.0,0.0,0.0004238381848268312,0.0,0.0
6145,3070.8817647775,0.0,0.0,0.0,0.00042389563777234934,0.0,0.0
6146,3071.3821895036,0.0,0.0,0.0,0.00042395309851419493,0.0,0.0
6147,3071.8826143639003,0.0,0.0,0.0,0.0004240105670482413,0.0,0.0
6148,3072.3830393584,0.0,0.0,0.0,0.00042406804337029953,0.0,0.0
6149,3072.8834644871,0.0,0.0,0.0,0.0004241255274762837,0.0,0.0
6150,3073.38388975,0.0,0.0,0.0,0.00042418301936199965,0.0,0.0
6151,3073.8843151471,0.0,-0.25,0.25,0.000424240519023339,-589.2883607052314,589.2883607052314
6152,3074.3847406784,0.0,-0.25,0.25,0.0004242980264561539,-589.2084912297713,589.2084912297713
6153,3074.8851663439,0.0,0.0,0.0,0.0004243555416562909,0.0,0.0
6154,3075.3855921435998,0.0,0.0,0.0,0.0004244130646196197,0.0,0.0
6155,3075.8860180775,0.0,0.0,0.0,0.0004244705953420622,0.0,0.0
6156,3076.3864441456003,0.0,0.0,0.0,0.0004245281338194024,0.0,0.0
6157,3076.8868703478997,0.0,0.0,0.0,0.000424585680047603,0.0,0.0
6158,3077.3872966844,0.0,0.0,0.0,0.00042464323402245413,0.0,0.0
6159,3077.8877231551,0.0,0.0,0.0,0.00042470079573989604,0.0,0.0
6160,3078.38814976,0.0,0.0,0.0,0.0004247583651957715,0.0,0.0
6161,3078.8885764990996,0.0,0.0,0.0,0.0004248159423859975,0.0,0.0
6162,3079.3890033723997,0.0,-0.25,0.25,0.0004248735273064411,-588.4103949354483,588.4103949354483
6163,3079.8894303798997,0.0,0.0,0.0,0.00042493111995297396,0.0,0.0
6164,3080.3898575216,0.0,0.0,0.0,0.00042498872032151435,0.0,0.0
6165,3080.8902847975,0.0,0.0,0.0,0.00042504632840793523,0.0,0.0
6166,3081.3907122076,0.0,0.0,0.0,0.00042510394420810973,0.0,0.0
6167,3081.8911397519,0.0,0.0,0.0,0.0004251615677179798,0.0,0.0
6168,3082.3915674304,0.0,0.0,0.0,0.00042521919893341885,0.0,0.0
6169,3082.8919952431,0.0,0.0,0.0,0.00042527683785031244,0.0,0.0
6170,3083.39242319,0.0,0.0,0.0,0.00042533448446460903,0.0,0.0
6171,3083.8928512711,1.0,1.0,1.0,0.00042539213877215427,2350.7721672675607,2350.7721672675607
6172,3084.3932794864,0.0,0.0,0.0,0.00042544980076891477,0.0,0.0
6173,3084.8937078359,0.0,0.0,0.0,0.0004255074704507362,0.0,0.0
6174,3085.3941363196,0.0,0.0,0.0,0.00042556514781358633,0.0,0.0
6175,3085.8945649374996,0.0,0.0,0.0,0.0004256228328533514,0.0,0.0
6176,3086.3949936895997,0.0,0.0,0.0,0.0004256805255659645,0.0,0.0
6177,3086.8954225759,0.0,0.0,0.0,0.0004257382259473133,0.0,0.0
6178,3087.3958515964,0.0,0.0,0.0,0.00042579593399335415,0.0,0.0
6179,3087.8962807511,0.0,-0.25,0.25,0.00042585364969999787,-587.0561404748277,587.0561404748277
6180,3088.39671004,0.0,-0.25,0.25,0.0004259113730631501,-586.9765773146714,586.9765773146714
6181,3088.8971394631,0.0,0.0,0.0,0.00042596910407876226,0.0,0.0
6182,3089.3975690204,0.0,0.0,0.0,0.0004260268427427516,0.0,0.0
6183,3089.8979987119,0.0,-0.25,0.25,0.0004260845890510707,-586.7379539747561,586.7379539747561
6184,3090.3984285375996,0.0,0.0,0.0,0.0004261423429996024,0.0,0.0
6185,3090.8988584975,0.0,0.0,0.0,0.00042620010458434027,0.0,0.0
6186,3091.3992885916,0.0,0.0,0.0,0.00042625787380119637,0.0,0.0
6187,3091.8997188199,0.0,-0.25,0.25,0.00042631565064611866,-586.4199440510878,586.4199440510878
6188,3092.4001491824,0.0,0.0,0.0,0.00042637343511504276,0.0,0.0
6189,3092.9005796791,0.0,0.0,0.0,0.0004264312272038999,0.0,0.0
6190,3093.40101031,0.0,0.0,0.0,0.00042648902690869554,0.0,0.0
6191,3093.9014410751,0.0,0.0,0.0,0.0004265468342252975,0.0,0.0
6192,3094.4018719744,0.0,0.0,0.0,0.00042660464914970656,0.0,0.0
6193,3094.9023030078997,0.0,0.0,0.0,0.0004266624716778774,0.0,0.0
6194,3095.4027341756,0.0,0.0,0.0,0.0004267203018057648,0.0,0.0
6195,3095.9031654775,1.0,0.75,1.0307764064044151,0.000426778139529301,1757.3533659132224,2415.2511830649796
6196,3096.4035969136003,0.0,0.0,0.0,0.00042683598484446485,0.0,0.0
6197,3096.9040284839,0.0,0.0,0.0,0.00042689383774724025,0.0,0.0
6198,3097.4044601883998,0.0,0.0,0.0,0.0004269516982335609,0.0,0.0
6199,3097.9048920271,0.0,0.0,0.0,0.00042700956629941123,0.0,0.0
6200,3098.405324,0.0,-0.25,0.25,0.00042706744194073075,-585.3876354140232,585.3876354140232
6201,3098.9057561071,0.0,0.0,0.0,0.00042712532515355684,0.0,0.0
6202,3099.4061883483996,0.0,0.0,0.0,0.00042718321593378326,0.0,0.0
6203,3099.9066207239,0.0,-0.25,0.25,0.000427241114277459,-585.1496769518417,585.1496769518417
6204,3100.4070532336,0.0,0.0,0.0,0.00042729902018050165,0.0,0.0
6205,3100.9074858775,0.0,0.0,0.0,0.0004273569336389264,0.0,0.0
6206,3101.4079186556,0.0,0.0,0.0,0.00042741485464871994,0.0,0.0
6207,3101.9083515679,0.0,0.0,0.0,0.00042747278320584054,0.0,0.0
6208,3102.4087846144,0.0,0.0,0.0,0.00042753071930629315,0.0,0.0
6209,3102.9092177951,0.0,0.0,0.0,0.000427588662946065,0.0,0.0
6210,3103.40965111,0.0,0.0,0.0,0.00042764661412114386,0.0,0.0
6211,3103.9100845590997,0.0,0.0,0.0,0.00042770457282753497,0.0,0.0
6212,3104.4105181423997,0.0,0.0,0.0,0.00042776253906122707,0.0,0.0
6213,3104.9109518599,0.0,-0.25,0.25,0.0004278205128182195,-584.357207075353,584.357207075353
6214,3105.4113857116,0.0,0.0,0.0,0.0004278784940944907,0.0,0.0
6215,3105.9118196975,0.0,0.0,0.0,0.0004279364828860973,0.0,0.0
6216,3106.4122538176,0.0,0.0,0.0,0.000427994479188978,0.0,0.0
6217,3106.9126880719,0.0,0.0,0.0,0.0004280524829991968,0.0,0.0
6218,3107.4131224604,0.0,0.0,0.0,0.0004281104943126973,0.0,0.0
6219,3107.9135569831,0.0,0.0,0.0,0.0004281685131255674,0.0,0.0
6220,3108.41399164,0.0,0.0,0.0,0.00042822653943376895,0.0,0.0
6221,3108.9144264311,0.0,0.0,0.0,0.00042828457323334373,0.0,0.0
6222,3109.4148613564,0.0,0.0,0.0,0.0004283426145202718,0.0,0.0
6223,3109.9152964159002,1.0,1.0,1.0,0.0004284006632906526,2334.2634260151467,2334.2634260151467
6224,3110.4157316096002,0.0,0.0,0.0,0.0004284587195404092,0.0,0.0
6225,3110.9161669375,0.0,-0.25,0.25,0.0004285167832656191,-583.4077211511125,583.4077211511125
6226,3111.4166023996,0.0,-0.25,0.25,0.00042857485446231463,-583.3286703524575,583.3286703524575
6227,3111.9170379959,1.0,0.75,1.0307764064044151,0.00042863293312649873,1749.7488924367344,2404.7998339413903
6228,3112.4174737264,0.0,0.0,0.0,0.0004286910192542216,0.0,0.0
6229,3112.9179095911,0.0,0.0,0.0,0.0004287491128414991,0.0,0.0
6230,3113.4183455899997,0.0,0.0,0.0,0.0004288072138843867,0.0,0.0
6231,3113.9187817231,0.0,0.0,0.0,0.00042886532237890103,0.0,0.0
6232,3114.4192179904,0.0,0.0,0.0,0.00042892343832111,0.0,0.0
6233,3114.9196543919,1.0,1.0,1.0,0.0004289815617070411,2331.102521098371,2331.102521098371
6234,3115.4200909275996,0.0,-0.25,0.25,0.00042903969253271166,-582.6966696815331,582.6966696815331
6235,3115.9205275975,0.0,0.0,0.0,0.0004290978307942079,0.0,0.0
6236,3116.4209644016,0.0,0.0,0.0,0.00042915597648755826,0.0,0.0
6237,3116.9214013399,0.0,0.0,0.0,0.00042921412960880326,0.0,0.0
6238,3117.4218384123997,0.0,0.0,0.0,0.00042927229015403553,0.0,0.0
6239,3117.9222756190998,0.0,0.0,0.0,0.00042933045811926167,0.0,0.0
6240,3118.42271296,0.0,0.0,0.0,0.00042938863350055166,0.0,0.0
6241,3118.9231504351,0.0,0.0,0.0,0.00042944681629398753,0.0,0.0
6242,3119.4235880444003,0.0,-0.25,0.25,0.00042950500649561617,-582.0653920655793,582.0653920655793
6243,3119.9240257878996,0.0,0.0,0.0,0.00042956320410149725,0.0,0.0
6244,3120.4244636656,0.0,0.0,0.0,0.0004296214091076962,0.0,0.0
6245,3120.9249016775,0.0,-0.5,0.3535533905932738,0.0004296796215102723,-1163.6576997590903,822.8302504795923
6246,3121.4253398236,0.0,0.0,0.0,0.000429737841305309,0.0,0.0
6247,3121.9257781039,0.0,0.0,0.0,0.00042979606848888387,0.0,0.0
6248,3122.4262165184,0.0,0.0,0.0,0.0004298543030570453,0.0,0.0
6249,3122.9266550671,0.0,0.0,0.0,0.00042991254500589476,0.0,0.0
6250,3123.42709375,0.0,0.0,0.0,0.00042997079433149295,0.0,0.0
6251,3123.9275325671,1.0,1.0,1.0,0.0004300290510299529,2325.4242884403334,2325.4242884403334
6252,3124.4279715183998,0.0,0.0,0.0,0.00043008731509730757,0.0,0.0
6253,3124.9284106039,0.0,0.0,0.0,0.0004301455865296816,0.0,0.0
6254,3125.4288498236,0.0,-0.25,0.25,0.0004302038653231313,-581.1198367830145,581.1198367830145
6255,3125.9292891775,0.0,0.0,0.0,0.000430262151473765,0.0,0.0
6256,3126.4297286656,0.0,0.0,0.0,0.0004303204449776678,0.0,0.0
6257,3126.9301682879,0.0,0.0,0.0,0.0004303787458309428,0.0,0.0
6258,3127.4306080444,0.0,0.0,0.0,0.00043043705402967596,0.0,0.0
6259,3127.9310479351,0.0,-0.25,0.25,0.00043049536956995903,-580.7263391700034,580.7263391700034
6260,3128.43148796,0.0,0.0,0.0,0.00043055369244790774,0.0,0.0
6261,3128.9319281190997,0.0,-0.25,0.25,0.00043061202265959656,-580.5690200099863,580.5690200099863
6262,3129.4323684123997,0.0,0.0,0.0,0.0004306703602011642,0.0,0.0
6263,3129.9328088399,0.0,0.0,0.0,0.0004307287050687034,0.0,0.0
6264,3130.4332494016003,0.0,0.0,0.0,0.00043078705725829643,0.0,0.0
6265,3130.9336900975004,0.0,0.0,0.0,0.00043084541676608227,0.0,0.0
6266,3131.4341309275997,0.0,0.0,0.0,0.0004309037835881887,0.0,0.0
6267,3131.9345718919,0.0,-0.25,0.25,0.0004309621577206868,-580.0973369036009,580.0973369036009
6268,3132.4350129904,0.0,0.0,0.0,0.0004310205391596997,0.0,0.0
6269,3132.9354542231004,0.0,0.0,0.0,0.0004310789279013787,0.0,0.0
6270,3133.4358955899997,0.0,0.0,0.0,0.00043113732394181825,0.0,0.0
6271,3133.9363370911,0.0,0.0,0.0,0.0004311957272771485,0.0,0.0
6272,3134.4367787264,0.0,-0.25,0.25,0.00043125413790350383,-579.7045825817427,579.7045825817427
6273,3134.9372204959,0.0,0.0,0.0,0.0004313125558169974,0.0,0.0
6274,3135.4376623996,0.0,0.0,0.0,0.00043137098101376424,0.0,0.0
6275,3135.9381044375,0.0,0.0,0.0,0.0004314294134899123,0.0,0.0
6276,3136.4385466096,0.0,0.0,0.0,0.00043148785324161173,0.0,0.0
6277,3136.9389889159,0.0,0.0,0.0,0.0004315463002649879,0.0,0.0
6278,3137.4394313564003,0.0,-0.25,0.25,0.00043160475455617734,-579.2336561655281,579.2336561655281
6279,3137.9398739310996,0.0,-0.25,0.25,0.00043166321611130544,-579.1552086651203,579.1552086651203
6280,3138.4403166399998,0.0,0.0,0.0,0.0004317216849265096,0.0,0.0
6281,3138.9407594831,0.0,-0.25,0.25,0.0004317801609979671,-578.9983481922344,578.9983481922344
6282,3139.4412024604003,0.0,-0.5,0.3535533905932738,0.0004318386443218103,-1157.8398704572517,818.7164239284764
6283,3139.9416455719,0.0,0.0,0.0,0.0004318971348941767,0.0,0.0
6284,3140.4420888175996,0.0,0.0,0.0,0.0004319556327112159,0.0,0.0
6285,3140.9425321975,0.0,0.0,0.0,0.00043201413776907836,0.0,0.0
6286,3141.4429757116,0.0,0.0,0.0,0.00043207265006394785,0.0,0.0
6287,3141.9434193599,0.0,0.0,0.0,0.0004321311695919351,0.0,0.0
6288,3142.4438631423996,0.0,-0.25,0.25,0.0004321896963492302,-578.4496995457937,578.4496995457937
6289,3142.9443070591,0.0,0.0,0.0,0.0004322482303319791,0.0,0.0
6290,3143.4447511099997,0.0,0.0,0.0,0.00043230677153636076,0.0,0.0
6291,3143.9451952951,0.0,0.0,0.0,0.00043236531995853274,0.0,0.0
6292,3144.4456396144,0.0,0.0,0.0,0.0004324238755946406,0.0,0.0
6293,3144.9460840679,0.0,0.0,0.0,0.0004324824384408821,0.0,0.0
6294,3145.4465286556,0.0,0.0,0.0,0.0004325410084934263,0.0,0.0
6295,3145.9469733775,0.0,0.0,0.0,0.000432599585748414,0.0,0.0
6296,3146.4474182336003,0.0,0.0,0.0,0.0004326581702020494,0.0,0.0
6297,3146.9478632238997,0.0,-0.25,0.25,0.00043271676185051956,-577.745125774355,577.745125774355
6298,3147.4483083483997,0.0,0.0,0.0,0.00043277536068997777,0.0,0.0
6299,3147.9487536071,0.0,0.0,0.0,0.00043283396671662275,0.0,0.0
6300,3148.449199,0.0,0.0,0.0,0.00043289257992661914,0.0,0.0
6301,3148.9496445271,0.0,-0.25,0.25,0.00043295120031617315,-577.4322829395817,577.4322829395817
6302,3149.4500901884,0.0,0.0,0.0,0.000433009827881432,0.0,0.0
6303,3149.9505359839,0.0,0.0,0.0,0.0004330684626186422,0.0,0.0
6304,3150.4509819136,0.0,0.0,0.0,0.0004331271045239696,0.0,0.0
6305,3150.9514279775003,0.0,0.0,0.0,0.00043318575359361426,0.0,0.0
6306,3151.4518741755996,1.0,1.0,1.0,0.0004332444098237543,2308.165962041621,2308.165962041621
6307,3151.9523205079,0.0,0.0,0.0,0.00043330307321060767,0.0,0.0
6308,3152.4527669743998,1.0,1.0,1.0,0.0004333617437503701,2307.541019532244,2307.541019532244
6309,3152.9532135751,0.0,0.0,0.0,0.00043342042143921437,0.0,0.0
6310,3153.45366031,0.0,0.0,0.0,0.00043347910627338225,0.0,0.0
6311,3153.9541071791,0.0,0.0,0.0,0.0004335377982490813,0.0,0.0
6312,3154.4545541824,0.0,0.0,0.0,0.00043359649736249647,0.0,0.0
6313,3154.9550013199,0.0,0.0,0.0,0.00043365520360982455,0.0,0.0
6314,3155.4554485916,1.0,1.0,1.0,0.0004337139169873023,2305.6673093321024,2305.6673093321024
6315,3155.9558959974997,0.0,0.0,0.0,0.0004337726374911559,0.0,0.0
6316,3156.4563435376,0.0,0.0,0.0,0.000433831365117565,0.0,0.0
6317,3156.9567912119,0.0,0.0,0.0,0.0004338900998627908,0.0,0.0
6318,3157.4572390204003,0.0,-0.25,0.25,0.00043394884172301933,-576.1047754093785,576.1047754093785
6319,3157.9576869631,0.0,0.0,0.0,0.0004340075906945061,0.0,0.0
6320,3158.45813504,0.0,0.0,0.0,0.0004340663467734148,0.0,0.0
6321,3158.9585832510998,0.0,0.0,0.0,0.0004341251099560648,0.0,0.0
6322,3159.4590315964,0.0,0.0,0.0,0.0004341838802385914,0.0,0.0
6323,3159.9594800759,0.0,0.0,0.0,0.0004342426576172795,0.0,0.0
6324,3160.4599286896,0.0,0.0,0.0,0.00043430144208836315,0.0,0.0
6325,3160.9603774375,0.0,-0.25,0.25,0.00043436023364804715,-575.5591341784057,575.5591341784057
6326,3161.4608263196,0.0,0.0,0.0,0.00043441903229257705,0.0,0.0
6327,3161.9612753359,0.0,0.0,0.0,0.00043447783801818735,0.0,0.0
6328,3162.4617244864003,0.0,0.0,0.0,0.0004345366508211703,0.0,0.0
6329,3162.9621737711,0.0,0.0,0.0,0.0004345954706977027,0.0,0.0
6330,3163.4626231899997,0.0,0.0,0.0,0.000434654297644054,0.0,0.0
6331,3163.9630727431,0.0,0.0,0.0,0.0004347131316564543,0.0,0.0
6332,3164.4635224304,0.0,0.0,0.0,0.0004347719727312131,0.0,0.0
6333,3164.9639722519,0.0,0.0,0.0,0.00043483082086450314,0.0,0.0
6334,3165.4644222076,0.0,0.0,0.0,0.0004348896760526118,0.0,0.0
6335,3165.9648722975,0.0,0.0,0.0,0.0004349485382918157,0.0,0.0
6336,3166.4653225216002,0.0,0.0,0.0,0.00043500740757833415,0.0,0.0
6337,3166.9657728799,0.0,0.0,0.0,0.0004350662839084434,0.0,0.0
6338,3167.4662233724,0.0,0.0,0.0,0.0004351251672784095,0.0,0.0
6339,3167.9666739991,0.0,0.0,0.0,0.0004351840576844863,0.0,0.0
6340,3168.46712476,0.0,-0.25,0.25,0.0004352429551229571,-574.3918357722171,574.3918357722171
6341,3168.9675756551,0.0,0.0,0.0,0.00043530185959003075,0.0,0.0
6342,3169.4680266844002,0.0,0.0,0.0,0.0004353607710820658,0.0,0.0
6343,3169.9684778479,0.0,0.0,0.0,0.0004354196895952595,0.0,0.0
6344,3170.4689291455998,0.0,0.0,0.0,0.00043547861512593076,0.0,0.0
6345,3170.9693805775,0.0,0.0,0.0,0.0004355375476703181,0.0,0.0
6346,3171.4698321436003,0.0,0.0,0.0,0.00043559648722474016,0.0,0.0
6347,3171.9702838439,0.0,0.0,0.0,0.0004356554337854418,0.0,0.0
6348,3172.4707356783997,0.0,-0.25,0.25,0.00043571438734869644,-573.7703579660048,573.7703579660048
6349,3172.9711876471,0.0,-0.25,0.25,0.00043577334791082957,-573.6927262728248,573.6927262728248
6350,3173.47163975,0.0,0.0,0.0,0.00043583231546809786,0.0,0.0
6351,3173.9720919871,0.0,0.0,0.0,0.00043589129001678114,0.0,0.0
6352,3174.4725443584,0.0,0.0,0.0,0.00043595027155317724,0.0,0.0
6353,3174.9729968639,0.0,0.0,0.0,0.00043600926007359445,0.0,0.0
6354,3175.4734495036,0.0,0.0,0.0,0.00043606825557432024,0.0,0.0
6355,3175.9739022775,0.0,0.0,0.0,0.0004361272580516233,0.0,0.0
6356,3176.4743551856,0.0,0.0,0.0,0.0004361862675018189,0.0,0.0
6357,3176.9748082278998,0.0,0.0,0.0,0.00043624528392121757,0.0,0.0
6358,3177.4752614044,0.0,0.0,0.0,0.00043630430730610617,0.0,0.0
6359,3177.9757147151,0.0,0.0,0.0,0.000436363337652784,0.0,0.0
6360,3178.4761681600003,0.0,0.0,0.0,0.00043642237495756717,0.0,0.0
6361,3178.9766217390998,0.0,0.0,0.0,0.00043648141921678396,0.0,0.0
6362,3179.4770754523997,0.0,0.0,0.0,0.0004365404704266822,0.0,0.0
6363,3179.9775292999,0.0,0.0,0.0,0.0004365995285836307,0.0,0.0
6364,3180.4779832816002,0.0,0.0,0.0,0.0004366585936839295,0.0,0.0
6365,3180.9784373975,0.0,0.0,0.0,0.00043671766572385586,0.0,0.0
6366,3181.4788916476,0.0,0.0,0.0,0.000436776744699768,0.0,0.0
6367,3181.9793460319,0.0,0.0,0.0,0.0004368358306079777,0.0,0.0
6368,3182.4798005504,0.0,0.0,0.0,0.00043689492344480327,0.0,0.0
6369,3182.9802552031,0.0,0.0,0.0,0.0004369540232065461,0.0,0.0
6370,3183.48070999,1.0,1.0,1.0,0.00043701312988955315,2288.2607674802157,2288.2607674802157
6371,3183.9811649110998,0.0,0.0,0.0,0.0004370722434901667,0.0,0.0
6372,3184.4816199664,0.0,0.0,0.0,0.00043713136400468804,0.0,0.0
6373,3184.9820751559,0.0,0.0,0.0,0.00043719049142947703,0.0,0.0
6374,3185.4825304796,0.0,0.0,0.0,0.0004372496257608127,0.0,0.0
6375,3185.9829859375,0.0,0.0,0.0,0.000437308766995084,0.0,0.0
6376,3186.4834415296,0.0,0.0,0.0,0.0004373679151286049,0.0,0.0
6377,3186.9838972559,0.0,0.0,0.0,0.0004374270701577184,0.0,0.0
6378,3187.4843531164,0.0,0.0,0.0,0.00043748623207876805,0.0,0.0
6379,3187.9848091111,0.0,0.0,0.0,0.0004375454008880914,0.0,0.0
6380,3188.48526524,0.0,0.0,0.0,0.00043760457658202694,0.0,0.0
6381,3188.9857215031,0.0,0.0,0.0,0.0004376637591569069,0.0,0.0
6382,3189.4861779004,0.0,0.0,0.0,0.0004377229486091498,0.0,0.0
6383,3189.9866344319,0.0,0.0,0.0,0.00043778214493503175,0.0,0.0
6384,3190.4870910975997,0.0,0.0,0.0,0.0004378413481309316,0.0,0.0
6385,3190.9875478975,0.0,0.0,0.0,0.0004379005581932112,0.0,0.0
6386,3191.4880048316,0.0,0.0,0.0,0.0004379597751182217,0.0,0.0
6387,3191.9884618999004,0.0,0.0,0.0,0.00043801899890230243,0.0,0.0
6388,3192.4889191024,0.0,0.0,0.0,0.0004380782295418508,0.0,0.0
6389,3192.9893764391,0.0,0.0,0.0,0.0004381374670331953,0.0,0.0
6390,3193.48983391,0.0,0.0,0.0,0.0004381967113727164,0.0,0.0
6391,3193.9902915151,1.0,0.5,1.0606601717798212,0.0004382559625567825,1140.885789854411,2420.184235696273
6392,3194.4907492544,0.0,0.0,0.0,0.0004383152205817466,0.0,0.0
6393,3194.9912071279,0.0,0.0,0.0,0.0004383744854440123,0.0,0.0
6394,3195.4916651355998,0.0,0.0,0.0,0.0004384337571398979,0.0,0.0
6395,3195.9921232775,1.0,1.0,1.0,0.0004384930356658362,2280.537930281003,2280.537930281003
6396,3196.4925815536003,0.0,0.0,0.0,0.0004385523210181574,0.0,0.0
6397,3196.9930399638997,0.0,0.0,0.0,0.0004386116131932611,0.0,0.0
6398,3197.4934985084,0.0,-0.25,0.25,0.00043867091218752284,-569.9032989293124,569.9032989293124
6399,3197.9939571871,0.0,0.0,0.0,0.00043873021799731965,0.0,0.0
6400,3198.494416,0.0,0.0,0.0,0.00043878953061905133,0.0,0.0
6401,3198.9948749470996,0.0,0.0,0.0,0.00043884885004907744,0.0,0.0
6402,3199.4953340284,0.0,0.0,0.0,0.0004389081762838158,0.0,0.0
6403,3199.9957932439,0.0,0.0,0.0,0.0004389675093196262,0.0,0.0
6404,3200.4962525936,0.0,0.0,0.0,0.0004390268491529325,0.0,0.0
6405,3200.9967120775,0.0,0.0,0.0,0.0004390861957800779,0.0,0.0
6406,3201.4971716955997,0.0,0.0,0.0,0.0004391455491975384,0.0,0.0
6407,3201.9976314479,0.0,0.0,0.0,0.0004392049094016234,0.0,0.0
6408,3202.4980913344,0.0,-0.25,0.25,0.00043926427638876244,-569.1334657470354,569.1334657470354
6409,3202.9985513551,0.0,0.0,0.0,0.0004393236501554153,0.0,0.0
6410,3203.4990115100004,0.0,-0.5,0.3535533905932738,0.0004393830306978747,-1137.9592862424545,804.6587280162432
6411,3203.9994717991,0.0,0.0,0.0,0.00043944241801264036,0.0,0.0
6412,3204.4999322224,0.0,0.0,0.0,0.0004395018120960857,0.0,0.0
6413,3205.0003927799,0.0,-0.25,0.25,0.0004395612129446131,-568.7489993151448,568.7489993151448
6414,3205.5008534716003,0.0,0.0,0.0,0.000439620620554643,0.0,0.0
6415,3206.0013142975,0.0,0.0,0.0,0.0004396800349225842,0.0,0.0
6416,3206.5017752576,0.0,0.0,0.0,0.0004397394560448506,0.0,0.0
6417,3207.0022363519,0.0,0.0,0.0,0.00043979888391784043,0.0,0.0
6418,3207.5026975804003,0.0,-0.25,0.25,0.00043985831853799156,-568.3648335467525,568.3648335467525
6419,3208.0031589431,0.0,0.0,0.0,0.0004399177599017539,0.0,0.0
6420,3208.50362044,0.0,0.0,0.0,0.00043997720800550836,0.0,0.0
6421,3209.0040820711,0.0,0.0,0.0,0.0004400366628456705,0.0,0.0
6422,3209.5045438364,1.0,1.0,1.0,0.0004400961244186965,2272.230870746376,2272.230870746376
6423,3210.0050057359003,0.0,-0.25,0.25,0.00044015559272100256,-567.9809688535872,567.9809688535872
6424,3210.5054677696,0.0,-0.25,0.25,0.0004402150677490284,-567.9042320798702,567.9042320798702
6425,3211.0059299375,0.0,0.0,0.0,0.0004402745494991955,0.0,0.0
6426,3211.5063922396,0.0,0.0,0.0,0.00044033403796790954,0.0,0.0
6427,3212.0068546759003,0.0,0.0,0.0,0.00044039353315168504,0.0,0.0
6428,3212.5073172464004,0.0,0.0,0.0,0.00044045303504688195,0.0,0.0
6429,3213.0077799511,0.0,0.0,0.0,0.000440512543649952,0.0,0.0
6430,3213.5082427899997,0.0,0.0,0.0,0.00044057205895739303,0.0,0.0
6431,3214.0087057631,0.0,0.0,0.0,0.0004406315809655827,0.0,0.0
6432,3214.5091688704,0.0,0.0,0.0,0.00044069110967099657,0.0,0.0
6433,3215.0096321119,0.0,0.0,0.0,0.00044075064507007554,0.0,0.0
6434,3215.5100954875998,0.0,-0.25,0.25,0.00044081018715927276,-567.13752831141,567.13752831141
6435,3216.0105589975,0.0,0.0,0.0,0.00044086973593502964,0.0,0.0
6436,3216.5110226416,0.0,0.0,0.0,0.00044092929139381127,0.0,0.0
6437,3217.0114864199004,0.0,0.0,0.0,0.0004409888535320534,0.0,0.0
6438,3217.5119503324,0.0,0.0,0.0,0.0004410484223462331,0.0,0.0
6439,3218.0124143791,0.0,0.0,0.0,0.0004411079978327985,0.0,0.0
6440,3218.51287856,0.0,0.0,0.0,0.0004411675799882094,0.0,0.0
6441,3219.0133428751,0.0,0.0,0.0,0.0004412271688089258,0.0,0.0
6442,3219.5138073243997,0.0,0.0,0.0,0.0004412867642914193,0.0,0.0
6443,3220.0142719079,0.0,0.0,0.0,0.00044134636643217937,0.0,0.0
6444,3220.5147366256,0.0,0.0,0.0,0.0004414059752276035,0.0,0.0
6445,3221.0152014775,0.0,0.0,0.0,0.00044146559067422697,0.0,0.0
6446,3221.5156664636,0.0,-0.5,0.3535533905932738,0.0004415252127685113,-1132.4381610391672,800.7547029452188
6447,3222.0161315839,0.0,0.0,0.0,0.0004415848415069061,0.0,0.0
6448,3222.5165968384,0.0,0.0,0.0,0.0004416444768859011,0.0,0.0
6449,3223.0170622271,0.0,0.0,0.0,0.0004417041189019534,0.0,0.0
6450,3223.51752775,0.0,0.0,0.0,0.00044176376755159825,0.0,0.0
6451,3224.0179934070998,0.0,0.0,0.0,0.0004418234228312584,0.0,0.0
6452,3224.5184591984,0.0,-0.25,0.25,0.00044188308473742455,-565.7605113998759,565.7605113998759
6453,3225.0189251239,0.0,0.0,0.0,0.00044194275326661674,0.0,0.0
6454,3225.5193911836,0.0,0.0,0.0,0.0004420024284152748,0.0,0.0
6455,3226.0198573775,1.0,1.0,1.0,0.0004420621101799477,2262.1255632900447,2262.1255632900447
6456,3226.5203237056,0.0,0.0,0.0,0.00044212179855704706,0.0,0.0
6457,3227.0207901679,0.0,-0.25,0.25,0.000442181493543145,-565.378704560386,565.378704560386
6458,3227.5212567644,0.0,-0.5,0.3535533905932738,0.00044224119513467666,-1130.6047593502317,799.4582921783336
6459,3228.0217234951,0.0,0.0,0.0,0.0004423009033281629,0.0,0.0
6460,3228.52219036,0.0,-0.25,0.25,0.00044236061812009085,-565.1497664110115,565.1497664110115
6461,3229.0226573591,0.0,-0.25,0.25,0.00044242033950697636,-565.0734780380906,565.0734780380906
6462,3229.5231244924,0.0,0.0,0.0,0.00044248006748528947,0.0,0.0
6463,3230.0235917599002,0.0,0.0,0.0,0.0004425398020515978,0.0,0.0
6464,3230.5240591616002,0.0,0.0,0.0,0.0004425995432023379,0.0,0.0
6465,3231.0245266975,0.0,0.0,0.0,0.000442659290934049,0.0,0.0
6466,3231.5249943676,0.0,0.0,0.0,0.0004427190452432251,0.0,0.0
6467,3232.0254621719,0.0,0.0,0.0,0.0004427788061264119,0.0,0.0
6468,3232.5259301104,0.0,0.0,0.0,0.0004428385735800923,0.0,0.0
6469,3233.0263981831,0.0,0.0,0.0,0.00044289834760077786,0.0,0.0
6470,3233.5268663899997,0.0,0.0,0.0,0.00044295812818498056,0.0,0.0
6471,3234.0273347311,0.0,-0.25,0.25,0.00044301791532926424,-564.311264509907,564.311264509907
6472,3234.5278032064,0.0,0.0,0.0,0.0004430777090300721,0.0,0.0
6473,3235.0282718159,0.0,0.0,0.0,0.00044313750928400854,0.0,0.0
6474,3235.5287405596,0.0,0.0,0.0,0.0004431973160875348,0.0,0.0
6475,3236.0292094375,0.0,0.0,0.0,0.0004432571294372322,0.0,0.0
6476,3236.5296784496,0.0,0.0,0.0,0.00044331694932955715,0.0,0.0
6477,3237.0301475959,0.0,-0.25,0.25,0.0004433767757611085,-563.85452208417,563.85452208417
6478,3237.5306168763996,0.0,0.0,0.0,0.0004434366087283714,0.0,0.0
6479,3238.0310862910997,0.0,0.0,0.0,0.0004434964482279222,0.0,0.0
6480,3238.53155584,0.0,-0.25,0.25,0.0004435562942562351,-563.6263158416125,563.6263158416125
6481,3239.0320255231,0.0,0.0,0.0,0.00044361614680990443,0.0,0.0
6482,3239.5324953404,0.0,0.0,0.0,0.00044367600588543276,0.0,0.0
6483,3240.0329652919,0.0,0.0,0.0,0.000443735871479381,0.0,0.0
6484,3240.5334353775997,0.0,0.0,0.0,0.0004437957435882692,0.0,0.0
6485,3241.0339055975,0.0,0.0,0.0,0.00044385562220866404,0.0,0.0
6486,3241.5343759516,0.0,0.0,0.0,0.0004439155073371035,0.0,0.0
6487,3242.0348464399003,0.0,0.0,0.0,0.0004439753989701431,0.0,0.0
6488,3242.5353170624,0.0,0.0,0.0,0.0004440352971043269,0.0,0.0
6489,3243.0357878191,0.0,-0.25,0.25,0.00044409520173618834,-562.9423579057509,562.9423579057509
6490,3243.53625871,0.0,0.0,0.0,0.0004441551128623171,0.0,0.0
6491,3244.0367297351,1.0,1.0,1.0,0.00044421503047921884,2251.162008005899,2251.162008005899
6492,3244.5372008943996,0.0,-0.25,0.25,0.00044427495458349464,-562.7145924405611,562.7145924405611
6493,3245.0376721878997,0.0,0.0,0.0,0.00044433488517168514,0.0,0.0
6494,3245.5381436156,0.0,0.0,0.0,0.00044439482224037494,0.0,0.0
6495,3246.0386151775,0.0,0.0,0.0,0.0004444547657860932,0.0,0.0
6496,3246.5390868736004,0.0,0.0,0.0,0.00044451471580538525,0.0,0.0
6497,3247.0395587038997,0.0,-0.25,0.25,0.0004445746722948888,-562.3352286568714,562.3352286568714
6498,3247.5400306684,0.0,0.0,0.0,0.00044463463525111003,0.0,0.0
6499,3248.0405027671,0.0,-0.25,0.25,0.00044469460467065847,-562.1835690701721,562.1835690701721
6500,3248.5409750000003,0.0,0.0,0.0,0.0004447545805500749,0.0,0.0
6501,3249.0414473671,0.0,-0.25,0.25,0.00044481456288594047,-562.0319586166631,562.0319586166631
6502,3249.5419198684,0.0,0.0,0.0,0.00044487455167484225,0.0,0.0
6503,3250.0423925039,0.0,0.0,0.0,0.0004449345469133562,0.0,0.0
6504,3250.5428652736,0.0,0.0,0.0,0.00044499454859803537,0.0,0.0
6505,3251.0433381775,0.0,0.0,0.0,0.00044505455672549026,0.0,0.0
6506,3251.5438112156,0.0,0.0,0.0,0.00044511457129230327,0.0,0.0
6507,3252.0442843879,0.0,0.0,0.0,0.00044517459229503924,0.0,0.0
6508,3252.5447576944002,0.0,0.0,0.0,0.00044523461973028117,0.0,0.0
6509,3253.0452311351,0.0,0.0,0.0,0.00044529465359465756,0.0,0.0
6510,3253.54570471,0.0,0.0,0.0,0.00044535469388469923,0.0,0.0
6511,3254.0461784190998,0.0,0.0,0.0,0.00044541474059706457,0.0,0.0
6512,3254.5466522624,0.0,0.0,0.0,0.0004454747937282852,0.0,0.0
6513,3255.0471262399,0.0,0.0,0.0,0.0004455348532749901,0.0,0.0
6514,3255.5476003516,0.0,0.0,0.0,0.0004455949192337691,0.0,0.0
6515,3256.0480745974996,0.0,0.0,0.0,0.00044565499160120016,0.0,0.0
6516,3256.5485489775997,0.0,0.0,0.0,0.00044571507037391927,0.0,0.0
6517,3257.0490234919002,0.0,0.0,0.0,0.0004457751555485161,0.0,0.0
6518,3257.5494981404,0.0,0.0,0.0,0.0004458352471215871,0.0,0.0
6519,3258.0499729230996,0.0,0.0,0.0,0.000445895345089751,0.0,0.0
6520,3258.55044784,0.0,0.0,0.0,0.00044595544944958713,0.0,0.0
6521,3259.0509228911,0.0,0.0,0.0,0.00044601556019772644,0.0,0.0
6522,3259.5513980764,0.0,0.0,0.0,0.00044607567733080607,0.0,0.0
6523,3260.0518733959,0.0,0.0,0.0,0.0004461358008453995,0.0,0.0
6524,3260.5523488495996,0.0,0.0,0.0,0.00044619593073809833,0.0,0.0
6525,3261.0528244375,0.0,0.0,0.0,0.00044625606700559174,0.0,0.0
6526,3261.5533001596,0.0,0.0,0.0,0.00044631620964444865,0.0,0.0
6527,3262.0537760159,0.0,0.0,0.0,0.0004463763586513125,0.0,0.0
6528,3262.5542520063996,0.0,0.0,0.0,0.00044643651402279284,0.0,0.0
6529,3263.0547281310996,0.0,0.0,0.0,0.0004464966757555105,0.0,0.0
6530,3263.5552043899997,0.0,0.0,0.0,0.0004465568438460926,0.0,0.0
6531,3264.0556807831,0.0,0.0,0.0,0.0004466170182911775,0.0,0.0
6532,3264.5561573104,0.0,0.0,0.0,0.00044667719908738723,0.0,0.0
6533,3265.0566339719,0.0,0.0,0.0,0.00044673738623134904,0.0,0.0
6534,3265.5571107676,0.0,0.0,0.0,0.0004467975797196906,0.0,0.0
6535,3266.0575876975,0.0,0.0,0.0,0.0004468577795490689,0.0,0.0
6536,3266.5580647616002,1.0,1.0,1.0,0.00044691798571610565,2237.5470040608902,2237.5470040608902
6537,3267.0585419598997,0.0,0.0,0.0,0.00044697819821744143,0.0,0.0
6538,3267.5590192924,0.0,0.0,0.0,0.0004470384170496872,0.0,0.0
6539,3268.0594967591,0.0,0.0,0.0,0.0004470986422095344,0.0,0.0
6540,3268.55997436,0.0,0.0,0.0,0.00044715887369361807,0.0,0.0
6541,3269.0604520951,0.0,0.0,0.0,0.0004472191114985612,0.0,0.0
6542,3269.5609299643997,1.0,1.0,1.0,0.00044727935562099345,2235.739225235693,2235.739225235693
6543,3270.0614079679,0.0,0.0,0.0,0.0004473396060575955,0.0,0.0
6544,3270.5618861056,0.0,0.0,0.0,0.00044739986280504303,0.0,0.0
6545,3271.0623643775,0.0,0.0,0.0,0.0004474601258599259,0.0,0.0
6546,3271.5628427835995,0.0,0.0,0.0,0.00044752039521893085,0.0,0.0
6547,3272.0633213239,0.0,-0.25,0.25,0.0004475806708787291,-558.5585264644659,558.5585264644659
6548,3272.5637999984,0.0,0.0,0.0,0.00044764095283595013,0.0,0.0
6549,3273.0642788071,0.0,0.0,0.0,0.0004477012410872426,0.0,0.0
6550,3273.5647577500004,0.0,-0.25,0.25,0.0004477615356293283,-558.3329073780875,558.3329073780875
6551,3274.0652368271,1.0,1.0,1.0,0.00044782183645881,2233.0309033333137,2233.0309033333137
6552,3274.5657160384,0.0,0.0,0.0,0.00044788214357238774,0.0,0.0
6553,3275.0661953839,0.0,0.0,0.0,0.0004479424569666865,0.0,0.0
6554,3275.5666748636,0.0,0.0,0.0,0.00044800277663843013,0.0,0.0
6555,3276.0671544774996,0.0,0.0,0.0,0.00044806310258424417,0.0,0.0
6556,3276.5676342255997,1.0,1.0,1.0,0.00044812343480080124,2231.528017374315,2231.528017374315
6557,3277.0681141079,0.0,0.0,0.0,0.00044818377328480734,0.0,0.0
6558,3277.5685941244,0.0,0.0,0.0,0.0004482441180329122,0.0,0.0
6559,3278.0690742751003,0.0,0.0,0.0,0.00044830446904181186,0.0,0.0
6560,3278.5695545599997,0.0,0.0,0.0,0.00044836482630816103,0.0,0.0
6561,3279.0700349791,0.0,0.0,0.0,0.0004484251898286617,0.0,0.0
6562,3279.5705155324,0.0,0.0,0.0,0.00044848555959998716,0.0,0.0
6563,3280.0709962199003,0.0,-0.25,0.25,0.00044854593561881084,-557.3565161282796,557.3565161282796
6564,3280.5714770416002,0.0,-0.25,0.25,0.00044860631788183484,-557.281496124295,557.281496124295
6565,3281.0719579975,0.0,0.0,0.0,0.0004486667063857498,0.0,0.0
6566,3281.5724390876,0.0,0.0,0.0,0.00044872710112721294,0.0,0.0
6567,3282.0729203119,1.0,0.75,1.0307764064044151,0.0004487875021029551,1671.1695323189829,2296.802833355078
6568,3282.5734016704,0.0,0.0,0.0,0.00044884790930964515,0.0,0.0
6569,3283.0738831630997,0.0,-0.25,0.25,0.000448908322743975,-556.9065827781099,556.9065827781099
6570,3283.57436479,0.0,0.0,0.0,0.00044896874240267054,0.0,0.0
6571,3284.0748465511,0.0,0.0,0.0,0.0004490291682823896,0.0,0.0
6572,3284.5753284464,0.0,0.0,0.0,0.0004490896003798356,0.0,0.0
6573,3285.0758104759,0.0,0.0,0.0,0.00044915003869175867,0.0,0.0
6574,3285.5762926395996,0.0,0.0,0.0,0.00044921048321483367,0.0,0.0
6575,3286.0767749375,0.0,0.0,0.0,0.00044927093394572543,0.0,0.0
6576,3286.5772573696,1.0,1.0,1.0,0.0004493313908812065,2225.528908716681,2225.528908716681
6577,3287.0777399359004,0.0,0.0,0.0,0.0004493918540179074,0.0,0.0
6578,3287.5782226364,0.0,0.0,0.0,0.00044945232335263,0.0,0.0
6579,3288.0787054711,0.0,-0.25,0.25,0.00044951279888203393,-556.1576903299871,556.1576903299871
6580,3288.57918844,0.0,-0.25,0.25,0.00044957328060282384,-556.082869659825,556.082869659825
6581,3289.0796715431,0.0,0.0,0.0,0.00044963376851173413,0.0,0.0
6582,3289.5801547804003,0.0,0.0,0.0,0.0004496942626055045,0.0,0.0
6583,3290.0806381518996,0.0,0.0,0.0,0.0004497547628808122,0.0,0.0
6584,3290.5811216576,0.0,-0.25,0.25,0.0004498152693343629,-555.783711766722,555.783711766722
6585,3291.0816052975,0.0,0.0,0.0,0.000449875781962937,0.0,0.0
6586,3291.5820890716,0.0,0.0,0.0,0.00044993630076323567,0.0,0.0
6587,3292.0825729799,0.0,-0.25,0.25,0.00044999682573196504,-555.5594744326249,555.5594744326249
6588,3292.5830570223998,0.0,0.0,0.0,0.0004500573568658775,0.0,0.0
6589,3293.0835411991,0.0,0.0,0.0,0.0004501178941616572,0.0,0.0
6590,3293.58402551,0.0,0.0,0.0,0.0004501784376161081,0.0,0.0
6591,3294.0845099551,0.0,0.0,0.0,0.00045023898722590356,0.0,0.0
6592,3294.5849945344,0.0,0.0,0.0,0.00045029954298780194,0.0,0.0
6593,3295.0854792479,0.0,0.0,0.0,0.0004503601048985514,0.0,0.0
6594,3295.5859640956,0.0,0.0,0.0,0.0004504206729548651,0.0,0.0
6595,3296.0864490775,1.0,1.0,1.0,0.00045048124715347414,2219.8482319050026,2219.8482319050026
6596,3296.5869341936,0.0,0.0,0.0,0.0004505418274911383,0.0,0.0
6597,3297.0874194438998,0.0,0.0,0.0,0.0004506024139645882,0.0,0.0
6598,3297.5879048284,1.0,1.0,1.0,0.00045066300657057857,2218.9529325021035,2218.9529325021035
6599,3298.0883903471,0.0,0.0,0.0,0.0004507236053058868,0.0,0.0
6600,3298.5888760000003,0.0,0.0,0.0,0.0004507842101672042,0.0,0.0
6601,3299.0893617870997,0.0,0.0,0.0,0.00045084482115130895,0.0,0.0
6602,3299.5898477083997,0.0,0.0,0.0,0.0004509054382549387,0.0,0.0
6603,3300.0903337639,0.0,0.0,0.0,0.0004509660614748547,0.0,0.0
6604,3300.5908199536,0.0,0.0,0.0,0.0004510266908078346,0.0,0.0
6605,3301.0913062775,0.0,0.0,0.0,0.00045108732625057725,0.0,0.0
6606,3301.5917927356,0.0,0.0,0.0,0.00045114796779990716,0.0,0.0
6607,3302.0922793279,0.0,0.0,0.0,0.00045120861545254524,0.0,0.0
6608,3302.5927660544003,0.0,0.0,0.0,0.00045126926920525956,0.0,0.0
6609,3303.0932529151,0.0,0.0,0.0,0.00045132992905482953,0.0,0.0
6610,3303.59373991,0.0,0.0,0.0,0.00045139059499798266,0.0,0.0
6611,3304.0942270391,0.0,-0.25,0.25,0.0004514512670315041,-553.7696275477591,553.7696275477591
6612,3304.5947143024,0.0,-0.25,0.25,0.0004515119451521797,-553.6952071461561,553.6952071461561
6613,3305.0952016999,0.0,-0.25,0.25,0.000451572629356755,-553.6207992856295,553.6207992856295
6614,3305.5956892316,1.0,1.0,1.0,0.000451633319642027,2214.185615872227,2214.185615872227
6615,3306.0961768975,0.0,0.0,0.0,0.0004516940160047586,0.0,0.0
6616,3306.5966646976,0.0,0.0,0.0,0.00045175471844169097,0.0,0.0
6617,3307.0971526319,0.0,0.0,0.0,0.00045181542694966144,0.0,0.0
6618,3307.5976407004,0.0,0.0,0.0,0.0004518761415254108,0.0,0.0
6619,3308.0981289030997,0.0,0.0,0.0,0.0004519368621657258,0.0,0.0
6620,3308.59861724,0.0,0.0,0.0,0.0004519975888673707,0.0,0.0
6621,3309.0991057111,0.0,0.0,0.0,0.00045205832162717235,0.0,0.0
6622,3309.5995943164003,0.0,-0.25,0.25,0.0004521190604418604,-552.9516932015043,552.9516932015043
6623,3310.1000830558996,0.0,0.0,0.0,0.0004521798053082864,0.0,0.0
6624,3310.6005719296,0.0,0.0,0.0,0.0004522405562231969,0.0,0.0
6625,3311.1010609375,0.0,0.0,0.0,0.00045230131318339166,0.0,0.0
6626,3311.6015500796,0.0,0.0,0.0,0.0004523620761856239,0.0,0.0
6627,3312.1020393559,0.0,0.0,0.0,0.00045242284522677357,0.0,0.0
6628,3312.6025287663997,0.0,-0.25,0.25,0.0004524836203035604,-552.5061875881407,552.5061875881407
6629,3313.1030183110997,0.0,0.0,0.0,0.0004525444014128014,0.0,0.0
6630,3313.60350799,0.0,0.0,0.0,0.00045260518855131987,0.0,0.0
6631,3314.1039978031,0.0,0.0,0.0,0.00045266598171589883,0.0,0.0
6632,3314.6044877503996,0.0,-0.5,0.3535533905932738,0.00045272678090332115,-1104.4188704771454,780.9420725847768
6633,3315.1049778318998,0.0,-0.25,0.25,0.00045278758611040507,-552.1352785918505,552.1352785918505
6634,3315.6054680476,0.0,-0.25,0.25,0.00045284839733397453,-552.0611345249515,552.0611345249515
6635,3316.1059583975,0.0,-0.5,0.3535533905932738,0.00045290921457080176,-1103.9740060793943,780.6275059524186
6636,3316.6064488816,0.0,-0.25,0.25,0.0004529700378177334,-551.9128841378142,551.9128841378142
6637,3317.1069394999,0.0,0.0,0.0,0.0004530308670715657,0.0,0.0
6638,3317.6074302524,0.0,0.0,0.0,0.0004530917023291054,0.0,0.0
6639,3318.1079211391,0.0,0.0,0.0,0.00045315254358716043,0.0,0.0
6640,3318.60841216,0.0,0.0,0.0,0.00045321339084254377,0.0,0.0
6641,3319.1089033150997,1.0,0.75,1.0307764064044151,0.00045327424409209775,1654.6274353228252,2274.0678956269544
6642,3319.6093946043998,0.0,-0.25,0.25,0.0004533351033326074,-551.4684350763314,551.4684350763314
6643,3320.1098860279,0.0,0.0,0.0,0.0004533959685609268,0.0,0.0
6644,3320.6103775856,0.0,0.0,0.0,0.00045345683977384733,0.0,0.0
6645,3321.1108692775,0.0,0.0,0.0,0.00045351771696819967,0.0,0.0
6646,3321.6113611036,0.0,0.0,0.0,0.0004535786001408274,0.0,0.0
6647,3322.1118530639,0.0,0.0,0.0,0.0004536394892885624,0.0,0.0
6648,3322.6123451584,0.0,0.0,0.0,0.0004537003844082016,0.0,0.0
6649,3323.1128373871,1.0,1.0,1.0,0.0004537612854965836,2203.801937191773,2203.801937191773
6650,3323.61332975,0.0,0.0,0.0,0.0004538221925505631,0.0,0.0
6651,3324.1138222471,0.0,-0.25,0.25,0.00045388310556692714,-550.802611804057,550.802611804057
6652,3324.6143148784,0.0,-0.25,0.25,0.0004539440245425936,-550.728694472643,550.728694472643
6653,3325.1148076439,0.0,0.0,0.0,0.0004540049494742929,0.0,0.0
6654,3325.6153005436,0.0,-0.25,0.25,0.0004540658803589607,-550.5808976493963,550.5808976493963
6655,3326.1157935775,1.0,1.0,1.0,0.0004541268171933959,2202.0280726432784,2202.0280726432784
6656,3326.6162867456,0.0,0.0,0.0,0.00045418775997440333,0.0,0.0
6657,3327.1167800479,0.0,-0.25,0.25,0.0004542487086988854,-550.3592970381369,550.3592970381369
6658,3327.6172734844,0.0,0.0,0.0,0.0004543096633636692,0.0,0.0
6659,3328.1177670551,0.0,0.0,0.0,0.00045437062396558374,0.0,0.0
6660,3328.61826076,0.0,0.0,0.0,0.0004544315905014968,0.0,0.0
6661,3329.1187545990997,0.0,0.0,0.0,0.0004544925629682772,0.0,0.0
6662,3329.6192485724,0.0,0.0,0.0,0.0004545535413627192,0.0,0.0
6663,3330.1197426799,0.0,0.0,0.0,0.000454614525681709,0.0,0.0
6664,3330.6202369216,0.0,0.0,0.0,0.00045467551592213263,0.0,0.0
6665,3331.1207312975,0.0,0.0,0.0,0.00045473651208077353,0.0,0.0
6666,3331.6212258076,0.0,-0.25,0.25,0.0004547975141545585,-549.6951769068816,549.6951769068816
6667,3332.1217204519003,0.0,0.0,0.0,0.0004548585221403226,0.0,0.0
6668,3332.6222152304003,0.0,0.0,0.0,0.00045491953603491256,0.0,0.0
6669,3333.1227101431,0.0,-0.25,0.25,0.00045498055583522145,-549.4740309090078,549.4740309090078
6670,3333.62320519,1.0,1.0,1.0,0.0004550415815380964,2197.601363417992,2197.601363417992
6671,3334.1237003711,0.0,-0.25,0.25,0.00045510261314038437,-549.3266634416866,549.3266634416866
6672,3334.6241956864,0.0,0.0,0.0,0.0004551636506389853,0.0,0.0
6673,3335.1246911359,0.0,-0.25,0.25,0.00045522469403076895,-549.1793465472731,549.1793465472731
6674,3335.6251867195997,0.0,0.0,0.0,0.0004552857433125778,0.0,0.0
6675,3336.1256824375,0.0,0.0,0.0,0.0004553467984813287,0.0,0.0
6676,3336.6261782896,0.0,0.0,0.0,0.0004554078595338583,0.0,0.0
6677,3337.1266742759003,0.0,0.0,0.0,0.0004554689264670381,0.0,0.0
6678,3337.6271703964,0.0,0.0,0.0,0.000455529999277785,0.0,0.0
6679,3338.1276666511,0.0,0.0,0.0,0.0004555910779629537,0.0,0.0
6680,3338.62816304,0.0,0.0,0.0,0.0004556521625194213,0.0,0.0
6681,3339.1286595631,1.0,1.0,1.0,0.0004557132529440834,2194.3623397819006,2194.3623397819006
6682,3339.6291562203996,0.0,0.0,0.0,0.0004557743492338117,0.0,0.0
6683,3340.1296530119,0.0,0.0,0.0,0.0004558354513854956,0.0,0.0
6684,3340.6301499376,0.0,0.0,0.0,0.00045589655939603065,0.0,0.0
6685,3341.1306469975,0.0,-0.25,0.25,0.0004559576732623123,-548.2965079001425,548.2965079001425
6686,3341.6311441916,0.0,-0.25,0.25,0.000456018792981225,-548.2230202962115,548.2230202962115
6687,3342.1316415199,0.0,0.0,0.0,0.0004560799185496416,0.0,0.0
6688,3342.6321389823997,0.0,0.0,0.0,0.00045614104996448103,0.0,0.0
6689,3343.1326365791,0.0,-0.25,0.25,0.00045620218722261676,-548.0026334858527,548.0026334858527
6690,3343.63313431,0.0,0.0,0.0,0.00045626333032096746,0.0,0.0
6691,3344.1336321750996,0.0,0.0,0.0,0.000456324479256425,0.0,0.0
6692,3344.6341301744,0.0,0.0,0.0,0.0004563856340258968,0.0,0.0
6693,3345.1346283079,0.0,-0.25,0.25,0.00045644679462626865,-547.7089617962944,547.7089617962944
6694,3345.6351265756,0.0,0.0,0.0,0.0004565079610544544,0.0,0.0
6695,3346.1356249775004,1.0,1.0,1.0,0.00045656913330734594,2190.2488080087446,2190.2488080087446
6696,3346.6361235135996,0.0,0.0,0.0,0.0004566303113818806,0.0,0.0
6697,3347.1366221839,0.0,0.0,0.0,0.00045669149527493853,0.0,0.0
6698,3347.6371209884,0.0,0.0,0.0,0.00045675268498345255,0.0,0.0
6699,3348.1376199271,0.0,0.0,0.0,0.00045681388050431413,0.0,0.0
6700,3348.6381189999997,1.0,1.0,1.0,0.0004568750818344326,2188.7820976903067,2188.7820976903067
6701,3349.1386182070996,0.0,0.0,0.0,0.00045693628897075294,0.0,0.0
6702,3349.6391175484,0.0,0.0,0.0,0.00045699750191015575,0.0,0.0
6703,3350.1396170239,0.0,-0.25,0.25,0.00045705872064958513,-546.9756700948464,546.9756700948464
6704,3350.6401166336,0.0,0.0,0.0,0.00045711994518597465,0.0,0.0
6705,3351.1406163775,0.0,0.0,0.0,0.0004571811755161943,0.0,0.0
6706,3351.6411162556,0.0,0.0,0.0,0.00045724241163721776,0.0,0.0
6707,3352.1416162679,0.0,0.0,0.0,0.0004573036535459443,0.0,0.0
6708,3352.6421164144,0.0,0.0,0.0,0.000457364901239313,0.0,0.0
6709,3353.1426166950996,0.0,0.0,0.0,0.0004574261547142295,0.0,0.0
6710,3353.64311711,0.0,0.0,0.0,0.0004574874139676451,0.0,0.0
6711,3354.1436176591,0.0,0.0,0.0,0.00045754867899647645,0.0,0.0
6712,3354.6441183424,0.0,-0.25,0.25,0.00045760994979767556,-546.3167925228314,546.3167925228314
6713,3355.1446191599002,0.0,0.0,0.0,0.00045767122636815414,0.0,0.0
6714,3355.6451201115997,0.0,0.0,0.0,0.0004577325087048636,0.0,0.0
6715,3356.1456211975,0.0,0.0,0.0,0.00045779379680473337,0.0,0.0
6716,3356.6461224176,0.0,-0.25,0.25,0.0004578550906647101,-546.0242882459867,546.0242882459867
6717,3357.1466237719,1.0,0.75,1.0307764064044151,0.0004579163902817231,1637.85358182654,2251.0144390556807
6718,3357.6471252603997,0.0,-0.25,0.25,0.00045797769565272513,-545.8781123471343,545.8781123471343
6719,3358.1476268830997,0.0,0.0,0.0,0.00045803900677464604,0.0,0.0
6720,3358.64812864,0.0,0.0,0.0,0.00045810032364445533,0.0,0.0
6721,3359.1486305311,0.0,-0.25,0.25,0.0004581616462591012,-545.6589438274785,545.6589438274785
6722,3359.6491325564,0.0,0.0,0.0,0.0004582229746154675,0.0,0.0
6723,3360.1496347159,0.0,0.0,0.0,0.00045828430871058806,0.0,0.0
6724,3360.6501370096,0.0,-0.25,0.25,0.0004583456485413877,-545.4398897329675,545.4398897329675
6725,3361.1506394375,0.0,-0.25,0.25,0.0004584069941047802,-545.3668971352046,545.3668971352046
6726,3361.6511419996,0.0,0.0,0.0,0.0004584683453977821,0.0,0.0
6727,3362.1516446959004,0.0,-0.25,0.25,0.0004585297024173021,-545.2209500977499,545.2209500977499
6728,3362.6521475264,0.0,-0.25,0.25,0.00045859106516032836,-545.1479956605725,545.1479956605725
6729,3363.1526504911,0.0,0.0,0.0,0.00045865243362379826,0.0,0.0
6730,3363.65315359,0.0,0.0,0.0,0.0004587138078046719,0.0,0.0
6731,3364.1536568231,0.0,0.0,0.0,0.00045877518769994415,0.0,0.0
6732,3364.6541601903996,0.0,0.0,0.0,0.0004588365733065582,0.0,0.0
6733,3365.1546636918997,0.0,0.0,0.0,0.00045889796462148094,0.0,0.0
6734,3365.6551673276,0.0,0.0,0.0,0.00045895936164166713,0.0,0.0
6735,3366.1556710975,0.0,0.0,0.0,0.00045902076436410666,0.0,0.0
6736,3366.6561750016003,0.0,0.0,0.0,0.0004590821727857605,0.0,0.0
6737,3367.1566790398997,0.0,0.0,0.0,0.00045914358690360196,0.0,0.0
6738,3367.6571832124,0.0,0.0,0.0,0.00045920500671458653,0.0,0.0
6739,3368.1576875191,0.0,0.0,0.0,0.00045926643221572166,0.0,0.0
6740,3368.6581919600003,0.0,0.0,0.0,0.0004593278634039635,0.0,0.0
6741,3369.1586965351,0.0,0.0,0.0,0.0004593893002763028,0.0,0.0
6742,3369.6592012444,0.0,0.0,0.0,0.0004594507428297134,0.0,0.0
6743,3370.1597060879,0.0,0.0,0.0,0.0004595121910611741,0.0,0.0
6744,3370.6602110656,0.0,0.0,0.0,0.00045957364496768274,0.0,0.0
6745,3371.1607161775,0.0,0.0,0.0,0.00045963510454619555,0.0,0.0
6746,3371.6612214235997,0.0,-0.5,0.3535533905932738,0.0004596965697937214,-1087.6739850905649,769.1016505777343
6747,3372.1617268039,0.0,0.0,0.0,0.00045975804070723456,0.0,0.0
6748,3372.6622323184,0.0,0.0,0.0,0.00045981951728373303,0.0,0.0
6749,3373.1627379671,0.0,0.0,0.0,0.00045988099952022523,0.0,0.0
6750,3373.6632437499998,0.0,0.0,0.0,0.00045994248741366907,0.0,0.0
6751,3374.1637496671,2.0,2.0,1.4142135623730951,0.00046000398096107995,4347.788460050775,3074.35070326652
6752,3374.6642557184,1.0,1.0,1.0,0.0004600654801594277,2173.603634972716,2173.603634972716
6753,3375.1647619039,0.0,0.0,0.0,0.0004601269850057666,0.0,0.0
6754,3375.6652682236004,0.0,0.0,0.0,0.0004601884954970393,0.0,0.0
6755,3376.1657746775,0.0,0.0,0.0,0.0004602500116302551,0.0,0.0
6756,3376.6662812656,0.0,0.0,0.0,0.0004603115334024299,0.0,0.0
6757,3377.1667879879,0.0,-0.25,0.25,0.0004603730608105971,-543.0378562112542,543.0378562112542
6758,3377.6672948444,0.0,0.0,0.0,0.0004604345938516702,0.0,0.0
6759,3378.1678018351,0.0,0.0,0.0,0.0004604961325227625,0.0,0.0
6760,3378.6683089599996,0.0,0.0,0.0,0.00046055767682082226,0.0,0.0
6761,3379.1688162191,0.0,0.0,0.0,0.0004606192267428488,0.0,0.0
6762,3379.6693236124,0.0,0.0,0.0,0.00046068078228588737,0.0,0.0
6763,3380.1698311399,0.0,0.0,0.0,0.00046074234344693256,0.0,0.0
6764,3380.6703388016,0.0,0.0,0.0,0.0004608039102230132,0.0,0.0
6765,3381.1708465975,0.0,-0.25,0.25,0.00046086548261110594,-542.4576355416892,542.4576355416892
6766,3381.6713545276,0.0,0.0,0.0,0.0004609270606082914,0.0,0.0
6767,3382.1718625919,0.0,0.0,0.0,0.000460988644211548,0.0,0.0
6768,3382.6723707904,0.0,0.0,0.0,0.000461050233417898,0.0,0.0
6769,3383.1728791231,0.0,0.0,0.0,0.00046111182822434327,0.0,0.0
6770,3383.67338759,0.0,-0.25,0.25,0.00046117342862796445,-542.0954124433712,542.0954124433712
6771,3384.1738961911,0.0,0.0,0.0,0.00046123503462573414,0.0,0.0
6772,3384.6744049264003,0.0,0.0,0.0,0.0004612966462147166,0.0,0.0
6773,3385.1749137959,0.0,0.0,0.0,0.0004613582633919133,0.0,0.0
6774,3385.6754227996,0.0,0.0,0.0,0.00046141988615434865,0.0,0.0
6775,3386.1759319375,0.0,0.0,0.0,0.00046148151449908176,0.0,0.0
6776,3386.6764412096,0.0,0.0,0.0,0.00046154314842312,0.0,0.0
6777,3387.1769506159,0.0,0.0,0.0,0.00046160478792352884,0.0,0.0
6778,3387.6774601564,0.0,0.0,0.0,0.0004616664329972989,0.0,0.0
6779,3388.1779698310997,0.0,0.0,0.0,0.0004617280836415124,0.0,0.0
6780,3388.67847964,0.0,-0.25,0.25,0.0004617897398531605,-541.3719241131143,541.3719241131143
6781,3389.1789895831002,0.0,0.0,0.0,0.00046185140162932083,0.0,0.0
6782,3389.6794996604,0.0,0.0,0.0,0.00046191306896702414,0.0,0.0
6783,3390.1800098719,0.0,0.0,0.0,0.00046197474186330845,0.0,0.0
6784,3390.6805202176,0.0,0.0,0.0,0.00046203642031523914,0.0,0.0
6785,3391.1810306975003,0.0,0.0,0.0,0.00046209810431984864,0.0,0.0
6786,3391.6815413115996,1.0,1.0,1.0,0.0004621597938741689,2163.7537779244108,2163.7537779244108
6787,3392.1820520599,0.0,0.0,0.0,0.00046222148897528395,0.0,0.0
6788,3392.6825629423997,0.0,-0.25,0.25,0.0004622831896202028,-540.7940535440886,540.7940535440886
6789,3393.1830739591,0.0,0.0,0.0,0.00046234489580602675,0.0,0.0
6790,3393.68358511,0.0,0.0,0.0,0.00046240660752975454,0.0,0.0
6791,3394.1840963951,0.0,0.0,0.0,0.0004624683247884703,0.0,0.0
6792,3394.6846078144,1.0,1.0,1.0,0.0004625300475792587,2162.021700500746,2162.021700500746
6793,3395.1851193679,0.0,0.0,0.0,0.00046259177589912977,0.0,0.0
6794,3395.6856310556,0.0,0.0,0.0,0.00046265350974517987,0.0,0.0
6795,3396.1861428774996,0.0,0.0,0.0,0.00046271524911443095,0.0,0.0
6796,3396.6866548335997,0.0,0.0,0.0,0.00046277699400399107,0.0,0.0
6797,3397.1871669239,0.0,0.0,0.0,0.0004628387444108772,0.0,0.0
6798,3397.6876791484,1.0,1.0,1.0,0.00046290050033220864,2160.2914649742925,2160.2914649742925
6799,3398.1881915071003,0.0,0.0,0.0,0.0004629622617649971,0.0,0.0
6800,3398.6887039999997,0.0,0.0,0.0,0.00046302402870639043,0.0,0.0
6801,3399.1892166271,0.0,0.0,0.0,0.0004630858011533608,0.0,0.0
6802,3399.6897293884,0.0,0.0,0.0,0.00046314757910306836,0.0,0.0
6803,3400.1902422839003,0.0,0.0,0.0,0.00046320936255252496,0.0,0.0
6804,3400.6907553136,0.0,0.0,0.0,0.00046327115149884,0.0,0.0
6805,3401.1912684774998,0.0,0.0,0.0,0.0004633329459390542,0.0,0.0
6806,3401.6917817756,0.0,-0.25,0.25,0.000463394745870294,-539.4968376917592,539.4968376917592
6807,3402.1922952079,0.0,0.0,0.0,0.00046345655128960056,0.0,0.0
6808,3402.6928087744,0.0,0.0,0.0,0.0004635183621941008,0.0,0.0
6809,3403.1933224750996,0.0,0.0,0.0,0.0004635801785808078,0.0,0.0
6810,3403.69383631,0.0,-0.25,0.25,0.00046364200044686575,-539.2091306634126,539.2091306634126
6811,3404.1943502791,0.0,0.0,0.0,0.0004637038277893221,0.0,0.0
6812,3404.6948643824003,0.0,0.0,0.0,0.00046376566060531,0.0,0.0
6813,3405.1953786199,0.0,0.0,0.0,0.00046382749889184314,0.0,0.0
6814,3405.6958929916,0.0,0.0,0.0,0.0004638893426460891,0.0,0.0
6815,3406.1964074975,0.0,0.0,0.0,0.0004639511918651078,0.0,0.0
6816,3406.6969221376,0.0,0.0,0.0,0.00046401304654597556,0.0,0.0
6817,3407.1974369119002,0.0,0.0,0.0,0.0004640749066858209,0.0,0.0
6818,3407.6979518204,1.0,1.0,1.0,0.000464136772281732,2154.5373254610345,2154.5373254610345
6819,3408.1984668631,0.0,0.0,0.0,0.0004641986433307752,0.0,0.0
6820,3408.69898204,0.0,0.0,0.0,0.0004642605198300671,0.0,0.0
6821,3409.1994973511,0.0,0.0,0.0,0.00046432240177672596,0.0,0.0
6822,3409.7000127964,0.0,0.0,0.0,0.000464384289167812,0.0,0.0
6823,3410.2005283759,0.0,0.0,0.0,0.00046444618200048866,0.0,0.0
6824,3410.7010440896,0.0,0.0,0.0,0.0004645080802718341,0.0,0.0
6825,3411.2015599375,0.0,0.0,0.0,0.00046456998397893193,0.0,0.0
6826,3411.7020759196002,0.0,-0.25,0.25,0.0004646318931189234,-538.0603520817974,538.0603520817974
6827,3412.2025920358997,0.0,0.0,0.0,0.00046469380768890417,0.0,0.0
6828,3412.7031082864,0.0,0.0,0.0,0.0004647557276859582,0.0,0.0
6829,3413.2036246711,0.0,0.0,0.0,0.00046481765310725596,0.0,0.0
6830,3413.70414119,0.0,-0.25,0.25,0.00046487958394987616,-537.7736700671185,537.7736700671185
6831,3414.2046578431,0.0,0.0,0.0,0.0004649415202109151,0.0,0.0
6832,3414.7051746303996,0.0,0.0,0.0,0.00046500346188752613,0.0,0.0
6833,3415.2056915518997,0.0,0.0,0.0,0.0004650654089768172,0.0,0.0
6834,3415.7062086076,0.0,0.0,0.0,0.00046512736147588484,0.0,0.0
6835,3416.2067257975,0.0,0.0,0.0,0.00046518931938187167,0.0,0.0
6836,3416.7072431215997,0.0,0.0,0.0,0.00046525128269193146,0.0,0.0
6837,3417.2077605799,0.0,0.0,0.0,0.00046531325140312734,0.0,0.0
6838,3417.7082781724,0.0,0.0,0.0,0.00046537522551263653,0.0,0.0
6839,3418.2087958991,0.0,0.0,0.0,0.00046543720501753883,0.0,0.0
6840,3418.70931376,0.0,0.0,0.0,0.0004654991899150063,0.0,0.0
6841,3419.2098317551,0.0,-0.25,0.25,0.00046556118020213134,-536.9863524520198,536.9863524520198
6842,3419.7103498844,1.0,1.0,1.0,0.0004656231758760911,2147.6594203423288,2147.6594203423288
6843,3420.2108681479,0.0,0.0,0.0,0.00046568517693397775,0.0,0.0
6844,3420.7113865456,0.0,0.0,0.0,0.0004657471833729414,0.0,0.0
6845,3421.2119050775,0.0,-0.25,0.25,0.0004658091951901259,-536.7004399686857,536.7004399686857
6846,3421.7124237436,0.0,0.0,0.0,0.0004658712123826466,0.0,0.0
6847,3422.2129425438998,0.0,0.0,0.0,0.000465933234947659,0.0,0.0
6848,3422.7134614784,0.0,0.0,0.0,0.00046599526288232504,0.0,0.0
6849,3423.2139805471,0.0,0.0,0.0,0.000466057296183738,0.0,0.0
6850,3423.71449975,0.0,0.0,0.0,0.0004661193348490592,0.0,0.0
6851,3424.2150190871,0.0,0.0,0.0,0.0004661813788754512,0.0,0.0
6852,3424.7155385584,0.0,0.0,0.0,0.0004662434282600414,0.0,0.0
6853,3425.2160581639,0.0,0.0,0.0,0.0004663054830000036,0.0,0.0
6854,3425.7165779036,0.0,0.0,0.0,0.0004663675430924548,0.0,0.0
6855,3426.2170977775,0.0,0.0,0.0,0.00046642960853458625,0.0,0.0
6856,3426.7176177856,0.0,0.0,0.0,0.0004664916793234918,0.0,0.0
6857,3427.2181379279,0.0,0.0,0.0,0.0004665537554563631,0.0,0.0
6858,3427.7186582044,0.0,-0.25,0.25,0.0004666158369303628,-535.7726425331546,535.7726425331546
6859,3428.2191786150997,0.0,0.0,0.0,0.00046667792374260284,0.0,0.0
6860,3428.71969916,0.0,0.0,0.0,0.00046674001589031,0.0,0.0
6861,3429.2202198391,0.0,0.0,0.0,0.00046680211337058413,0.0,0.0
6862,3429.7207406524003,0.0,0.0,0.0,0.0004668642161806235,0.0,0.0
6863,3430.2212615998997,0.0,0.0,0.0,0.0004669263243175462,0.0,0.0
6864,3430.7217826816,0.0,0.0,0.0,0.0004669884377785731,0.0,0.0
6865,3431.2223038975,0.0,0.0,0.0,0.00046705055656082845,0.0,0.0
6866,3431.7228252476,0.0,0.0,0.0,0.00046711268066149906,0.0,0.0
6867,3432.2233467319,0.0,0.0,0.0,0.0004671748100777494,0.0,0.0
6868,3432.7238683503997,0.0,-0.25,0.25,0.00046723694480673274,-535.0604287154769,535.0604287154769
6869,3433.2243901030997,0.0,0.0,0.0,0.0004672990848456194,0.0,0.0
6870,3433.72491199,0.0,0.0,0.0,0.00046736123019162543,0.0,0.0
6871,3434.2254340111,0.0,-0.25,0.25,0.0004674233808418758,-534.8470150331916,534.8470150331916
6872,3434.7259561663996,0.0,0.0,0.0,0.0004674855367935754,0.0,0.0
6873,3435.2264784558997,0.0,0.0,0.0,0.00046754769804389,0.0,0.0
6874,3435.7270008796,0.0,0.0,0.0,0.0004676098645899901,0.0,0.0
6875,3436.2275234375,0.0,-0.5,0.3535533905932738,0.0004676720364290589,-1069.1252866384389,755.9857401200514
6876,3436.7280461296,0.0,0.0,0.0,0.0004677342135583016,0.0,0.0
6877,3437.2285689559,0.0,0.0,0.0,0.00046779639597484995,0.0,0.0
6878,3437.7290919163997,0.0,-0.25,0.25,0.00046785858367594984,-534.349499448654,534.349499448654
6879,3438.2296150111,1.0,1.0,1.0,0.0004679207766587618,2137.113908770212,2137.113908770212
6880,3438.73013824,1.0,1.0,1.0,0.00046798297492044595,2136.8298711507473,2136.8298711507473
6881,3439.2306616031,0.0,0.0,0.0,0.0004680451784582262,0.0,0.0
6882,3439.7311851003997,0.0,0.0,0.0,0.0004681073872692689,0.0,0.0
6883,3440.2317087318997,0.0,0.0,0.0,0.00046816960135078075,0.0,0.0
6884,3440.7322324976,0.0,0.0,0.0,0.00046823182069994013,0.0,0.0
6885,3441.2327563975,0.0,0.0,0.0,0.0004682940453139425,0.0,0.0
6886,3441.7332804315997,0.0,0.0,0.0,0.0004683562751900007,0.0,0.0
6887,3442.2338045999,0.0,0.0,0.0,0.0004684185103253102,0.0,0.0
6888,3442.7343289024,0.0,0.0,0.0,0.0004684807507170446,0.0,0.0
6889,3443.2348533391,0.0,0.0,0.0,0.000468542996362428,0.0,0.0
6890,3443.7353779100004,1.0,1.0,1.0,0.00046860524725866865,2133.9923226425226,2133.9923226425226
6891,3444.2359026151,0.0,0.0,0.0,0.00046866750340292837,0.0,0.0
6892,3444.7364274543997,0.0,0.0,0.0,0.00046872976479244956,0.0,0.0
6893,3445.2369524279,0.0,0.0,0.0,0.0004687920314244172,0.0,0.0
6894,3445.7374775356,0.0,0.0,0.0,0.0004688543032960283,0.0,0.0
6895,3446.2380027775,0.0,0.0,0.0,0.0004689165804045425,0.0,0.0
6896,3446.7385281536,0.0,-0.25,0.25,0.0004689788627471118,-533.0730654588326,533.0730654588326
6897,3447.2390536639,0.0,0.0,0.0,0.00046904115032098397,0.0,0.0
6898,3447.7395793084,0.0,0.0,0.0,0.0004691034431233627,0.0,0.0
6899,3448.2401050871003,0.0,0.0,0.0,0.0004691657411514565,0.0,0.0
6900,3448.7406309999997,0.0,0.0,0.0,0.0004692280444024861,0.0,0.0
6901,3449.2411570471,0.0,0.0,0.0,0.0004692903528736556,0.0,0.0
6902,3449.7416832284002,0.0,0.0,0.0,0.00046935266656217923,0.0,0.0
6903,3450.2422095439,0.0,0.0,0.0,0.0004694149854653237,0.0,0.0
6904,3450.7427359935996,0.0,0.0,0.0,0.0004694773095802536,0.0,0.0
6905,3451.2432625775,0.0,0.0,0.0,0.0004695396389042182,0.0,0.0
6906,3451.7437892956,0.0,0.0,0.0,0.00046960197343443895,0.0,0.0
6907,3452.2443161479,0.0,0.0,0.0,0.00046966431316814914,0.0,0.0
6908,3452.7448431344,0.0,0.0,0.0,0.00046972665810256426,0.0,0.0
6909,3453.2453702550997,0.0,0.0,0.0,0.00046978900823491185,0.0,0.0
6910,3453.74589751,0.0,-0.25,0.25,0.00046985136356242547,-532.0831637147829,532.0831637147829
6911,3454.2464248991,0.0,-0.25,0.25,0.00046991372408232727,-532.0125529174817,532.0125529174817
6912,3454.7469524224,0.0,0.0,0.0,0.0004699760897918506,0.0,0.0
6913,3455.2474800798996,0.0,0.0,0.0,0.00047003846068826915,0.0,0.0
6914,3455.7480078716,0.0,0.0,0.0,0.0004701008367687659,0.0,0.0
6915,3456.2485357975,0.0,0.0,0.0,0.00047016321803059765,0.0,0.0
6916,3456.7490638576,0.0,-0.25,0.25,0.0004702256044710096,-531.6596919073406,531.6596919073406
6917,3457.2495920519,0.0,0.0,0.0,0.000470287996087225,0.0,0.0
6918,3457.7501203804,0.0,0.0,0.0,0.00047035039287649536,0.0,0.0
6919,3458.2506488431,0.0,0.0,0.0,0.00047041279483605545,0.0,0.0
6920,3458.75117744,0.0,0.0,0.0,0.0004704752019631681,0.0,0.0
6921,3459.2517061711,1.0,1.0,1.0,0.0004705376142550578,2125.228610221039,2125.228610221039
6922,3459.7522350363997,0.0,0.0,0.0,0.0004706000317089698,0.0,0.0
6923,3460.2527640359,0.0,0.0,0.0,0.00047066245432216865,0.0,0.0
6924,3460.7532931696,0.0,0.0,0.0,0.00047072488209189497,0.0,0.0
6925,3461.2538224375003,0.0,0.0,0.0,0.0004707873150154131,0.0,0.0
6926,3461.7543518396,0.0,0.0,0.0,0.00047084975308994703,0.0,0.0
6927,3462.2548813759,0.0,0.0,0.0,0.00047091219631276653,0.0,0.0
6928,3462.7554110464,0.0,0.0,0.0,0.0004709746446811365,0.0,0.0
6929,3463.2559408511,0.0,0.0,0.0,0.0004710370981922982,0.0,0.0
6930,3463.75647079,1.0,1.0,1.0,0.0004710995568435167,2122.6935696994638,2122.6935696994638
6931,3464.2570008630996,0.0,-0.25,0.25,0.0004711620206320397,-530.6030389814481,530.6030389814481
6932,3464.7575310703996,1.0,1.0,1.0,0.0004712244895551432,2122.130793635204,2122.130793635204
6933,3465.2580614119,0.0,0.0,0.0,0.00047128696361008155,0.0,0.0
6934,3465.7585918876002,0.0,0.0,0.0,0.0004713494427940961,0.0,0.0
6935,3466.2591224975004,0.0,0.0,0.0,0.0004714119271044936,0.0,0.0
6936,3466.7596532415996,0.0,0.0,0.0,0.00047147441653851006,0.0,0.0
6937,3467.2601841199,0.0,0.0,0.0,0.0004715369110934398,0.0,0.0
6938,3467.7607151324,0.0,0.0,0.0,0.00047159941076652047,0.0,0.0
6939,3468.2612462791003,0.0,0.0,0.0,0.0004716619155550407,0.0,0.0
6940,3468.7617775599997,0.0,0.0,0.0,0.000471724425456272,0.0,0.0
6941,3469.2623089751,0.0,0.0,0.0,0.0004717869404674751,0.0,0.0
6942,3469.7628405244,0.0,-0.25,0.25,0.0004718494605859334,-529.8300006310379,529.8300006310379
6943,3470.2633722079,0.0,0.0,0.0,0.0004719119858089251,0.0,0.0
6944,3470.7639040256004,0.0,0.0,0.0,0.0004719745161337279,0.0,0.0
6945,3471.2644359775,1.0,1.0,1.0,0.00047203705155760884,2118.4777692773064,2118.4777692773064
6946,3471.7649680636,0.0,-0.25,0.25,0.0004720995920778573,-529.5492819633081,529.5492819633081
6947,3472.2655002839,0.0,0.0,0.0,0.00047216213769174666,0.0,0.0
6948,3472.7660326384002,0.0,0.0,0.0,0.0004722246883965779,0.0,0.0
6949,3473.2665651271,0.0,0.0,0.0,0.00047228724418961243,0.0,0.0
6950,3473.7670977499997,0.0,-0.25,0.25,0.00047234980506815813,-529.2687692840818,529.2687692840818
6951,3474.2676305071,0.0,0.0,0.0,0.00047241237102947664,0.0,0.0
6952,3474.7681633984002,0.0,0.0,0.0,0.0004724749420708699,0.0,0.0
6953,3475.2686964239,0.0,0.0,0.0,0.00047253751818963436,0.0,0.0
6954,3475.7692295836,0.0,0.0,0.0,0.0004726000993830441,0.0,0.0
6955,3476.2697628775,0.0,0.0,0.0,0.00047266268564841787,0.0,0.0
6956,3476.7702963056,0.0,-0.25,0.25,0.0004727252769830075,-528.8483865206692,528.8483865206692
6957,3477.2708298679,0.0,0.0,0.0,0.00047278787338416107,0.0,0.0
6958,3477.7713635643995,0.0,0.0,0.0,0.0004728504748491127,0.0,0.0
6959,3478.2718973951,0.0,-0.25,0.25,0.0004729130813752283,-528.6383689641267,528.6383689641267
6960,3478.77243136,0.0,0.0,0.0,0.0004729756929597652,0.0,0.0
6961,3479.2729654591,0.0,0.0,0.0,0.0004730383096000212,0.0,0.0
6962,3479.7734996924,0.0,0.0,0.0,0.0004731009312933164,0.0,0.0
6963,3480.2740340599,0.0,0.0,0.0,0.0004731635580369256,0.0,0.0
6964,3480.7745685616,0.0,0.0,0.0,0.00047322618982819866,0.0,0.0
6965,3481.2751031975,0.0,0.0,0.0,0.00047328882666441014,0.0,0.0
6966,3481.7756379676002,0.0,0.0,0.0,0.00047335146854285296,0.0,0.0
6967,3482.2761728719,0.0,0.0,0.0,0.0004734141154608878,0.0,0.0
6968,3482.7767079103996,0.0,0.0,0.0,0.00047347676741577347,0.0,0.0
6969,3483.2772430831,0.0,-0.25,0.25,0.0004735394244048598,-527.9391474409924,527.9391474409924
6970,3483.77777839,0.0,0.0,0.0,0.0004736020864254285,0.0,0.0
6971,3484.2783138311,0.0,0.0,0.0,0.00047366475347480663,0.0,0.0
6972,3484.7788494064,0.0,0.0,0.0,0.00047372742555031635,0.0,0.0
6973,3485.2793851159,0.0,0.0,0.0,0.0004737901026492565,0.0,0.0
6974,3485.7799209596,0.0,0.0,0.0,0.00047385278476896637,0.0,0.0
6975,3486.2804569375003,0.0,0.0,0.0,0.0004739154719067568,0.0,0.0
6976,3486.7809930496,0.0,0.0,0.0,0.00047397816405995026,0.0,0.0
6977,3487.2815292959,0.0,0.0,0.0,0.0004740408612258743,0.0,0.0
6978,3487.7820656763997,0.0,0.0,0.0,0.00047410356340181844,0.0,0.0
6979,3488.2826021911,0.0,0.0,0.0,0.00047416627058513843,0.0,0.0
6980,3488.78313884,0.0,0.0,0.0,0.0004742289827731862,0.0,0.0
6981,3489.2836756231,0.0,0.0,0.0,0.0004742916999632336,0.0,0.0
6982,3489.7842125404,0.0,0.0,0.0,0.00047435442215264327,0.0,0.0
6983,3490.2847495919,0.0,0.0,0.0,0.0004744171493387276,0.0,0.0
6984,3490.7852867776,0.0,0.0,0.0,0.0004744798815188551,0.0,0.0
6985,3491.2858240975,1.0,1.0,1.0,0.00047454261869031545,2107.2922865387477,2107.2922865387477
6986,3491.7863615516,0.0,0.0,0.0,0.0004746053608504668,0.0,0.0
6987,3492.2868991399,0.0,0.0,0.0,0.0004746681079966492,0.0,0.0
6988,3492.7874368624,1.0,1.0,1.0,0.00047473086012617024,2106.45669787346,2106.45669787346
6989,3493.2879747191,1.0,1.0,1.0,0.00047479361723638786,2106.178271352214,2106.178271352214
6990,3493.78851271,0.0,0.0,0.0,0.00047485637932464934,0.0,0.0
6991,3494.2890508350997,0.0,0.0,0.0,0.00047491914638827295,0.0,0.0
6992,3494.7895890944,0.0,0.0,0.0,0.0004749819184246349,0.0,0.0
6993,3495.2901274879,0.0,0.0,0.0,0.0004750446954310541,0.0,0.0
6994,3495.7906660156,0.0,0.0,0.0,0.00047510747740488315,0.0,0.0
6995,3496.2912046775,0.0,0.0,0.0,0.0004751702643434704,0.0,0.0
6996,3496.7917434736,0.0,0.0,0.0,0.00047523305624416935,0.0,0.0
6997,3497.2922824039,0.0,0.0,0.0,0.0004752958531042989,0.0,0.0
6998,3497.7928214684002,0.0,0.0,0.0,0.0004753586549212648,0.0,0.0
6999,3498.2933606671,2.0,2.0,1.4142135623730951,0.0004754214616923408,4206.793679192924,2974.652337610022
7000,3498.7938999999997,0.0,0.0,0.0,0.00047548427341495493,0.0,0.0
7001,3499.2944394671,0.0,0.0,0.0,0.0004755470900864273,0.0,0.0
7002,3499.7949790684,0.0,0.0,0.0,0.0004756099117041295,0.0,0.0
7003,3500.2955188039,0.0,-0.25,0.25,0.00047567273826538747,-525.5714273465887,525.5714273465887
7004,3500.7960586736,0.0,0.0,0.0,0.0004757355697675954,0.0,0.0
7005,3501.2965986775,1.0,1.0,1.0,0.00047579840620809655,2101.730453385834,2101.730453385834
7006,3501.7971388156,0.0,0.0,0.0,0.00047586124758424624,0.0,0.0
7007,3502.2976790879,0.0,0.0,0.0,0.00047592409389342756,0.0,0.0
7008,3502.7982194943997,0.0,-0.25,0.25,0.0004759869451329673,-525.2244889408938,525.2244889408938
7009,3503.2987600351,0.0,0.0,0.0,0.00047604980130030024,0.0,0.0
7010,3503.79930071,1.0,1.0,1.0,0.000476112662392702,2100.3432149325845,2100.3432149325845
7011,3504.2998415191,0.0,0.0,0.0,0.00047617552840760805,0.0,0.0
7012,3504.8003824624,1.0,1.0,1.0,0.00047623839934235126,2099.788680167167,2099.788680167167
7013,3505.3009235399,0.0,0.0,0.0,0.0004763012751943328,0.0,0.0
7014,3505.8014647515997,0.0,0.0,0.0,0.00047636415596092024,0.0,0.0
7015,3506.3020060975,0.0,0.0,0.0,0.00047642704163944067,0.0,0.0
7016,3506.8025475776003,0.0,0.0,0.0,0.00047648993222734157,0.0,0.0
7017,3507.3030891918997,0.0,0.0,0.0,0.0004765528277219223,0.0,0.0
7018,3507.8036309403997,0.0,0.0,0.0,0.00047661572812062494,0.0,0.0
7019,3508.3041728231,0.0,0.0,0.0,0.00047667863342080015,0.0,0.0
7020,3508.80471484,0.0,0.0,0.0,0.0004767415436198103,0.0,0.0
7021,3509.3052569911,0.0,0.0,0.0,0.0004768044587150691,0.0,0.0
7022,3509.8057992763997,0.0,0.0,0.0,0.00047686737870393357,0.0,0.0
7023,3510.3063416959,0.0,0.0,0.0,0.0004769303035838118,0.0,0.0
7024,3510.8068842496,0.0,0.0,0.0,0.00047699323335207306,0.0,0.0
7025,3511.3074269375,0.0,0.0,0.0,0.00047705616800611977,0.0,0.0
7026,3511.8079697596,0.0,0.0,0.0,0.000477119107543298,0.0,0.0
7027,3512.3085127158997,0.0,-0.25,0.25,0.0004771820519610394,-523.9090593885367,523.9090593885367
7028,3512.8090558064,0.0,-0.25,0.25,0.00047724500125673045,-523.8399550370866,523.8399550370866
7029,3513.3095990311,0.0,0.0,0.0,0.00047730795542774007,0.0,0.0
7030,3513.8101423900002,0.0,0.0,0.0,0.0004773709144714834,0.0,0.0
7031,3514.3106858830997,0.0,0.0,0.0,0.000477433878385347,0.0,0.0
7032,3514.8112295103997,0.0,-0.25,0.25,0.0004774968471667177,-523.563666406184,523.563666406184
7033,3515.3117732719,0.0,0.0,0.0,0.0004775598208130161,0.0,0.0
7034,3515.8123171676,0.0,0.0,0.0,0.0004776227993216011,0.0,0.0
7035,3516.3128611975,0.0,0.0,0.0,0.000477685782689894,0.0,0.0
7036,3516.8134053616,0.0,0.0,0.0,0.000477748770915316,0.0,0.0
7037,3517.3139496599,0.0,0.0,0.0,0.0004778117639952435,0.0,0.0
7038,3517.8144940924,0.0,0.0,0.0,0.0004778747619270974,0.0,0.0
7039,3518.3150386591,0.0,0.0,0.0,0.00047793776470826633,0.0,0.0
7040,3518.81558336,0.0,0.0,0.0,0.0004780007723361485,0.0,0.0
7041,3519.3161281950997,0.0,0.0,0.0,0.00047806378480816077,0.0,0.0
7042,3519.8166731644,0.0,0.0,0.0,0.00047812680212174814,0.0,0.0
7043,3520.3172182679,0.0,0.0,0.0,0.0004781898242742531,0.0,0.0
7044,3520.8177635056004,0.0,-0.25,0.25,0.0004782528512631605,-522.7360366795524,522.7360366795524
7045,3521.3183088775,0.0,0.0,0.0,0.00047831588308580244,0.0,0.0
7046,3521.8188543836,0.0,0.0,0.0,0.0004783789197396462,0.0,0.0
7047,3522.3194000239,0.0,0.0,0.0,0.0004784419612221213,0.0,0.0
7048,3522.8199457984,0.0,0.0,0.0,0.0004785050075306046,0.0,0.0
7049,3523.3204917071,0.0,0.0,0.0,0.00047856805866252483,0.0,0.0
7050,3523.82103775,0.0,0.0,0.0,0.0004786311146152999,0.0,0.0
7051,3524.3215839271,0.0,0.0,0.0,0.00047869417538635837,0.0,0.0
7052,3524.8221302384,0.0,-0.25,0.25,0.00047875724097312395,-522.185313566953,522.185313566953
7053,3525.3226766839,0.0,0.0,0.0,0.00047882031137301486,0.0,0.0
7054,3525.8232232635996,0.0,0.0,0.0,0.0004788833865834485,0.0,0.0
7055,3526.3237699775,0.0,0.0,0.0,0.00047894646660187753,0.0,0.0
7056,3526.8243168256,1.0,1.0,1.0,0.00047900955142568053,2087.6410439493134,2087.6410439493134
7057,3527.3248638079003,1.0,1.0,1.0,0.0004790726410523267,2087.3661201011373,2087.3661201011373
7058,3527.8254109244,0.0,0.0,0.0,0.0004791357354792294,0.0,0.0
7059,3528.3259581751,1.0,1.0,1.0,0.00047919883470381807,2086.8164268764913,2086.8164268764913
7060,3528.82650556,0.0,0.0,0.0,0.0004792619387235293,0.0,0.0
7061,3529.3270530791,0.0,0.0,0.0,0.00047932504753581525,0.0,0.0
7062,3529.8276007324002,0.0,-0.25,0.25,0.0004793881611380732,-521.4980683012635,521.4980683012635
7063,3530.3281485199,0.0,0.0,0.0,0.00047945127952775027,0.0,0.0
7064,3530.8286964415997,0.0,0.0,0.0,0.0004795144027023055,0.0,0.0
7065,3531.3292444975,0.0,0.0,0.0,0.0004795775306591529,0.0,0.0
7066,3531.8297926876003,0.0,0.0,0.0,0.00047964066339574603,0.0,0.0
7067,3532.3303410118997,0.0,-0.25,0.25,0.0004797038009095276,-521.1549283662026,521.1549283662026
7068,3532.8308894704,0.0,0.0,0.0,0.00047976694319792267,0.0,0.0
7069,3533.3314380631,0.0,-0.25,0.25,0.0004798300902583855,-521.0177624862513,521.0177624862513
7070,3533.83198679,0.0,0.0,0.0,0.00047989324208835897,0.0,0.0
7071,3534.3325356511,1.0,1.0,1.0,0.00047995639868531466,2083.522592342089,2083.522592342089
7072,3534.8330846463996,0.0,0.0,0.0,0.0004800195600466496,0.0,0.0
7073,3535.3336337759,0.0,0.0,0.0,0.00048008272616985884,0.0,0.0
7074,3535.8341830396,0.0,0.0,0.0,0.0004801458970523683,0.0,0.0
7075,3536.3347324375,1.0,1.0,1.0,0.00048020907269163846,2082.426294852909,2082.426294852909
7076,3536.8352819695997,0.0,-0.25,0.25,0.00048027225308512443,-520.5380872912713,520.5380872912713
7077,3537.3358316359,0.0,0.0,0.0,0.0004803354382302525,0.0,0.0
7078,3537.8363814363997,0.0,0.0,0.0,0.00048039862812451284,0.0,0.0
7079,3538.3369313711,0.0,0.0,0.0,0.0004804618227653545,0.0,0.0
7080,3538.8374814400004,0.0,0.0,0.0,0.00048052502215023286,0.0,0.0
7081,3539.3380316431,0.0,0.0,0.0,0.00048058822627658655,0.0,0.0
7082,3539.8385819804,0.0,-0.5,0.3535533905932738,0.0004806514351418826,-1040.2548779499762,735.5712783608126
7083,3540.3391324519,0.0,0.0,0.0,0.00048071464874361154,0.0,0.0
7084,3540.8396830576003,0.0,0.0,0.0,0.000480777867079223,0.0,0.0
7085,3541.3402337975,0.0,0.0,0.0,0.0004808410901461561,0.0,0.0
7086,3541.8407846716,0.0,-0.25,0.25,0.00048090431794190684,-519.8539307567622,519.8539307567622
7087,3542.3413356799,0.0,0.0,0.0,0.0004809675504639265,0.0,0.0
7088,3542.8418868224,0.0,-0.25,0.25,0.0004810307877096935,-519.7172538379754,519.7172538379754
7089,3543.3424380991,0.0,0.0,0.0,0.00048109402967665935,0.0,0.0
7090,3543.84298951,0.0,0.0,0.0,0.00048115727636230296,0.0,0.0
7091,3544.3435410551,0.0,0.0,0.0,0.0004812205277641214,0.0,0.0
7092,3544.8440927344,0.0,0.0,0.0,0.0004812837838795318,0.0,0.0
7093,3545.3446445479003,0.0,-0.25,0.25,0.00048134704470605914,-519.3757866585963,519.3757866585963
7094,3545.8451964956,0.0,0.0,0.0,0.00048141031024117237,0.0,0.0
7095,3546.3457485774998,0.0,0.0,0.0,0.0004814735804823119,0.0,0.0
7096,3546.8463007935998,0.0,-0.25,0.25,0.00048153685542699727,-519.1710607037863,519.1710607037863
7097,3547.3468531439003,0.0,0.0,0.0,0.0004816001350726749,0.0,0.0
7098,3547.8474056284003,0.0,0.0,0.0,0.00048166341941687093,0.0,0.0
7099,3548.3479582471,0.0,0.0,0.0,0.0004817267084570202,0.0,0.0
7100,3548.8485109999997,0.0,0.0,0.0,0.00048179000219060935,0.0,0.0
7101,3549.3490638871,0.0,0.0,0.0,0.0004818533006151473,0.0,0.0
7102,3549.8496169084,0.0,0.0,0.0,0.0004819166037281208,0.0,0.0
7103,3550.3501700639,0.0,0.0,0.0,0.0004819799115269717,0.0,0.0
7104,3550.8507233535997,0.0,0.0,0.0,0.00048204322400926,0.0,0.0
7105,3551.3512767775,0.0,0.0,0.0,0.0004821065411724161,0.0,0.0
7106,3551.8518303356,0.0,0.0,0.0,0.00048216986301393875,0.0,0.0
7107,3552.3523840279,0.0,0.0,0.0,0.0004822331895313549,0.0,0.0
7108,3552.8529378544,0.0,0.0,0.0,0.0004822965207221233,0.0,0.0
7109,3553.3534918151,0.0,0.0,0.0,0.00048235985658374883,0.0,0.0
7110,3553.85404591,1.0,1.0,1.0,0.00048242319711371874,2072.868813073008,2072.868813073008
7111,3554.3546001391,0.0,0.0,0.0,0.0004824865423095554,0.0,0.0
7112,3554.8551545023997,0.0,-0.25,0.25,0.00048254989216874034,-518.0811436438552,518.0811436438552
7113,3555.3557089999,1.0,0.75,1.0307764064044151,0.00048261324668876795,1554.0393993446824,2135.8228632898504
7114,3555.8562636316,0.0,0.0,0.0,0.0004826766058671429,0.0,0.0
7115,3556.3568183975,0.0,0.0,0.0,0.00048273996970136525,0.0,0.0
7116,3556.8573732976,0.0,0.0,0.0,0.0004828033381889343,0.0,0.0
7117,3557.3579283319,0.0,0.0,0.0,0.00048286671132736087,0.0,0.0
7118,3557.8584835004,0.0,-0.25,0.25,0.0004829300891141633,-517.6732732859408,517.6732732859408
7119,3558.3590388031,0.0,0.0,0.0,0.00048299347154682364,0.0,0.0
7120,3558.85959424,0.0,-0.25,0.25,0.0004830568586228764,-517.5374193272257,517.5374193272257
7121,3559.3601498111,0.0,0.0,0.0,0.0004831202503398046,0.0,0.0
7122,3559.8607055164,0.0,0.0,0.0,0.0004831836466951266,0.0,0.0
7123,3560.3612613559,0.0,0.0,0.0,0.00048324704768636513,0.0,0.0
7124,3560.8618173296,0.0,0.0,0.0,0.0004833104533110323,0.0,0.0
7125,3561.3623734375,0.0,0.0,0.0,0.00048337386356664587,0.0,0.0
7126,3561.8629296796,0.0,0.0,0.0,0.00048343727845067905,0.0,0.0
7127,3562.3634860559,0.0,0.0,0.0,0.0004835006979606946,0.0,0.0
7128,3562.8640425664,1.0,1.0,1.0,0.00048356412209420526,2067.9780701455466,2067.9780701455466
7129,3563.3645992111,0.0,-0.25,0.25,0.00048362755084871287,-516.926712635121,516.926712635121
7130,3563.8651559900004,0.0,-0.25,0.25,0.00048369098422175244,-516.858920581793,516.858920581793
7131,3564.3657129031,1.0,1.0,1.0,0.00048375442221084867,2067.1645655037364,2067.1645655037364
7132,3564.8662699504,0.0,0.0,0.0,0.0004838178648135084,0.0,0.0
7133,3565.3668271319,0.0,0.0,0.0,0.0004838813120272566,0.0,0.0
7134,3565.8673844476,0.0,0.0,0.0,0.00048394476384963495,0.0,0.0
7135,3566.3679418975,0.0,0.0,0.0,0.00048400822027815674,0.0,0.0
7136,3566.8684994816,0.0,0.0,0.0,0.0004840716813103581,0.0,0.0
7137,3567.3690571999,0.0,0.0,0.0,0.0004841351469437756,0.0,0.0
7138,3567.8696150524,0.0,0.0,0.0,0.0004841986171759061,0.0,0.0
7139,3568.3701730391003,0.0,0.0,0.0,0.0004842620920043257,0.0,0.0
7140,3568.8707311599997,0.0,0.0,0.0,0.0004843255714265202,0.0,0.0
7141,3569.3712894151,0.0,0.0,0.0,0.0004843890554400719,0.0,0.0
7142,3569.8718478044,0.0,0.0,0.0,0.00048445254404248366,0.0,0.0
7143,3570.3724063279,0.0,0.0,0.0,0.0004845160372312869,0.0,0.0
7144,3570.8729649855995,0.0,0.0,0.0,0.00048457953500405837,0.0,0.0
7145,3571.3735237775,0.0,0.0,0.0,0.0004846430373582849,0.0,0.0
7146,3571.8740827036,0.0,0.0,0.0,0.000484706544291566,0.0,0.0
7147,3572.3746417639,0.0,0.0,0.0,0.0004847700558013881,0.0,0.0
7148,3572.8752009584,0.0,0.0,0.0,0.0004848335718853289,0.0,0.0
7149,3573.3757602870996,0.0,0.0,0.0,0.00048489709254090325,0.0,0.0
7150,3573.8763197499998,0.0,0.0,0.0,0.0004849606177656891,0.0,0.0
7151,3574.3768793471,0.0,-0.25,0.25,0.00048502414755721305,-515.4382544850722,515.4382544850722
7152,3574.8774390784,0.0,0.0,0.0,0.00048508768191303584,0.0,0.0
7153,3575.3779989439,0.0,0.0,0.0,0.00048515122083069056,0.0,0.0
7154,3575.8785589435997,0.0,0.0,0.0,0.00048521476430773806,0.0,0.0
7155,3576.3791190775,1.0,0.75,1.0307764064044151,0.00048527831234171094,1545.5048802425856,2124.093288715918
7156,3576.8796793456,0.0,0.0,0.0,0.00048534186493016506,0.0,0.0
7157,3577.3802397479003,0.0,0.0,0.0,0.00048540542207067914,0.0,0.0
7158,3577.8808002844,0.0,0.0,0.0,0.00048546898376080927,0.0,0.0
7159,3578.3813609551,0.0,0.0,0.0,0.0004855325499980771,0.0,0.0
7160,3578.88192176,0.0,0.0,0.0,0.0004855961207800672,0.0,0.0
7161,3579.3824826991,0.0,0.0,0.0,0.00048565969610431324,0.0,0.0
7162,3579.8830437723996,0.0,0.0,0.0,0.00048572327596840587,0.0,0.0
7163,3580.3836049798997,1.0,1.0,1.0,0.0004857868603698899,2058.515949234559,2058.515949234559
7164,3580.8841663216,0.0,0.0,0.0,0.0004858504493063393,0.0,0.0
7165,3581.3847277975,0.0,0.0,0.0,0.0004859140427752823,0.0,0.0
7166,3581.8852894076003,0.0,0.0,0.0,0.00048597764077432164,0.0,0.0
7167,3582.3858511518997,0.0,0.0,0.0,0.0004860412433010078,0.0,0.0
7168,3582.8864130304,0.0,0.0,0.0,0.00048610485035291575,0.0,0.0
7169,3583.3869750431,0.0,-0.25,0.25,0.0004861684619275967,-514.225046620222,514.225046620222
7170,3583.88753719,0.0,0.0,0.0,0.0004862320780226591,0.0,0.0
7171,3584.3880994711,0.0,0.0,0.0,0.00048629569863562047,0.0,0.0
7172,3584.8886618864,0.0,0.0,0.0,0.00048635932376406163,0.0,0.0
7173,3585.3892244359,0.0,-0.25,0.25,0.0004864229534055914,-513.95600937348,513.95600937348
7174,3585.8897871196,0.0,0.0,0.0,0.0004864865875577671,0.0,0.0
7175,3586.3903499375,0.0,0.0,0.0,0.0004865502262181582,0.0,0.0
7176,3586.8909128896,0.0,0.0,0.0,0.00048661386938434007,0.0,0.0
7177,3587.3914759759,0.0,0.0,0.0,0.0004866775170538992,0.0,0.0
7178,3587.8920391964,0.0,0.0,0.0,0.00048674116922442176,0.0,0.0
7179,3588.3926025511,0.0,0.0,0.0,0.0004868048258934559,0.0,0.0
7180,3588.89316604,0.0,0.0,0.0,0.00048686848705861013,0.0,0.0
7181,3589.3937296630997,0.0,0.0,0.0,0.000486932152717455,0.0,0.0
7182,3589.8942934204,0.0,0.0,0.0,0.0004869958228676002,0.0,0.0
7183,3590.3948573119,0.0,0.0,0.0,0.00048705949750660495,0.0,0.0
7184,3590.8954213376,0.0,0.0,0.0,0.00048712317663203924,0.0,0.0
7185,3591.3959854974996,0.0,0.0,0.0,0.0004871868602415138,0.0,0.0
7186,3591.8965497915997,0.0,0.0,0.0,0.00048725054833264394,0.0,0.0
7187,3592.3971142199,0.0,0.0,0.0,0.00048731424090296644,0.0,0.0
7188,3592.8976787824,0.0,0.0,0.0,0.0004873779379501207,0.0,0.0
7189,3593.3982434790996,0.0,0.0,0.0,0.00048744163947166597,0.0,0.0
7190,3593.89880831,1.0,1.0,1.0,0.0004875053454652075,2051.2595591044005,2051.2595591044005
7191,3594.3993732751,0.0,0.0,0.0,0.0004875690559283335,0.0,0.0
7192,3594.8999383744,0.0,0.0,0.0,0.0004876327708586493,0.0,0.0
7193,3595.4005036079,0.0,0.0,0.0,0.00048769649025373727,0.0,0.0
7194,3595.9010689755996,0.0,0.0,0.0,0.00048776021411120376,0.0,0.0
7195,3596.4016344775,0.0,0.0,0.0,0.0004878239424286539,0.0,0.0
7196,3596.9022001136,0.0,0.0,0.0,0.00048788767520368826,0.0,0.0
7197,3597.4027658839,0.0,0.0,0.0,0.0004879514124338952,0.0,0.0
7198,3597.9033317884,0.0,0.0,0.0,0.0004880151541168927,0.0,0.0
7199,3598.4038978270996,0.0,0.0,0.0,0.0004880789002502804,0.0,0.0
7200,3598.9044639999997,0.0,0.0,0.0,0.00048814265083164856,0.0,0.0
7201,3599.4050303071,0.0,0.0,0.0,0.0004882064058586256,0.0,0.0
7202,3599.9055967484,0.0,-0.25,0.25,0.00048827016532882405,-512.0116233840301,512.0116233840301
7203,3600.4061633239,0.0,0.0,0.0,0.0004883339292398274,0.0,0.0
7204,3600.9067300336,0.0,0.0,0.0,0.0004883976975892771,0.0,0.0
7205,3601.4072968775,0.0,0.0,0.0,0.0004884614703747395,0.0,0.0
7206,3601.9078638556,0.0,0.0,0.0,0.0004885252475938619,0.0,0.0
7207,3602.4084309679,0.0,0.0,0.0,0.0004885890292442627,0.0,0.0
7208,3602.9089982143996,0.0,0.0,0.0,0.0004886528153235089,0.0,0.0
7209,3603.4095655951,0.0,0.0,0.0,0.0004887166058292931,0.0,0.0
7210,3603.91013311,0.0,0.0,0.0,0.0004887804007591779,0.0,0.0
7211,3604.4107007591,0.0,0.0,0.0,0.0004888442001107587,0.0,0.0
7212,3604.9112685423997,0.0,0.0,0.0,0.0004889080038817229,0.0,0.0
7213,3605.4118364599,0.0,0.0,0.0,0.0004889718120696503,0.0,0.0
7214,3605.9124045116,0.0,0.0,0.0,0.000489035624672176,0.0,0.0
7215,3606.4129726975,0.0,0.0,0.0,0.0004890994416869038,0.0,0.0
7216,3606.9135410176,0.0,0.0,0.0,0.0004891632631115092,0.0,0.0
7217,3607.4141094719,1.0,1.0,1.0,0.0004892270889435434,2044.0405337313603,2044.0405337313603
7218,3607.9146780604,0.0,0.0,0.0,0.0004892909191806945,0.0,0.0
7219,3608.4152467831,0.0,0.0,0.0,0.0004893547538205369,0.0,0.0
7220,3608.9158156400003,0.0,0.0,0.0,0.0004894185928607587,0.0,0.0
7221,3609.4163846311,0.0,0.0,0.0,0.0004894824362989289,0.0,0.0
7222,3609.9169537564,0.0,0.0,0.0,0.0004895462841327411,0.0,0.0
7223,3610.4175230159,0.0,0.0,0.0,0.0004896101363597703,0.0,0.0
7224,3610.9180924096,0.0,0.0,0.0,0.0004896739929776989,0.0,0.0
7225,3611.4186619375,0.0,0.0,0.0,0.000489737853984137,0.0,0.0
7226,3611.9192315995997,0.0,0.0,0.0,0.0004898017193767214,0.0,0.0
7227,3612.4198013959,0.0,0.0,0.0,0.0004898655891530843,0.0,0.0
7228,3612.9203713264,0.0,0.0,0.0,0.0004899294633108806,0.0,0.0
7229,3613.4209413911003,1.0,1.0,1.0,0.0004899933418477204,2040.844057654112,2040.844057654112
7230,3613.9215115899997,0.0,-0.25,0.25,0.0004900572247612808,-510.1445042908638,510.1445042908638
7231,3614.4220819231,0.0,0.0,0.0,0.0004901211120491546,0.0,0.0
7232,3614.9226523904,0.0,0.0,0.0,0.0004901850037090656,0.0,0.0
7233,3615.4232229919003,0.0,0.0,0.0,0.0004902488997385782,0.0,0.0
7234,3615.9237937276002,0.0,-0.25,0.25,0.0004903128001353596,-509.87859164799096,509.87859164799096
7235,3616.4243645975,0.0,0.0,0.0,0.0004903767048970931,0.0,0.0
7236,3616.9249356016,0.0,0.0,0.0,0.0004904406140213901,0.0,0.0
7237,3617.4255067399,0.0,0.0,0.0,0.0004905045275059058,0.0,0.0
7238,3617.9260780124,0.0,0.0,0.0,0.0004905684453482961,0.0,0.0
7239,3618.4266494190997,0.0,0.0,0.0,0.0004906323675462002,0.0,0.0
7240,3618.92722096,0.0,0.0,0.0,0.0004906962940972576,0.0,0.0
7241,3619.4277926351,0.0,0.0,0.0,0.0004907602249991866,0.0,0.0
7242,3619.9283644444,0.0,0.0,0.0,0.0004908241602495761,0.0,0.0
7243,3620.4289363879,0.0,0.0,0.0,0.0004908880998461163,0.0,0.0
7244,3620.9295084655996,0.0,-0.25,0.25,0.0004909520437864125,-509.214704702934,509.214704702934
7245,3621.4300806775,0.0,0.0,0.0,0.0004910159920681902,0.0,0.0
7246,3621.9306530236,0.0,0.0,0.0,0.0004910799446890831,0.0,0.0
7247,3622.4312255039,0.0,0.0,0.0,0.0004911439016467428,0.0,0.0
7248,3622.9317981184,0.0,0.0,0.0,0.0004912078629388431,0.0,0.0
7249,3623.4323708671,2.0,2.0,1.4142135623730951,0.0004912718285630305,4071.065922607444,2878.6783205331926
7250,3623.93294375,0.0,0.0,0.0,0.0004913357985169727,0.0,0.0
7251,3624.4335167671,0.0,-0.25,0.25,0.0004913997727983678,-508.75074397435776,508.75074397435776
7252,3624.9340899184003,0.0,0.0,0.0,0.000491463751404833,0.0,0.0
7253,3625.4346632038996,0.0,0.0,0.0,0.000491527734334066,0.0,0.0
7254,3625.9352366236,0.0,0.0,0.0,0.0004915917215837244,0.0,0.0
7255,3626.4358101775,0.0,-0.5,0.3535533905932738,0.0004916557131514719,-1016.971808982025,719.1076624067402
7256,3626.9363838656,0.0,0.0,0.0,0.0004917197090349947,0.0,0.0
7257,3627.4369576879,0.0,0.0,0.0,0.0004917837092319509,0.0,0.0
7258,3627.9375316443998,0.0,0.0,0.0,0.0004918477137400272,0.0,0.0
7259,3628.4381057350997,0.0,0.0,0.0,0.0004919117225568989,0.0,0.0
7260,3628.93867996,0.0,0.0,0.0,0.0004919757356802187,0.0,0.0
7261,3629.4392543191,0.0,0.0,0.0,0.0004920397531076791,0.0,0.0
7262,3629.9398288124,0.0,0.0,0.0,0.0004921037748369498,0.0,0.0
7263,3630.4404034399,0.0,0.0,0.0,0.000492167800865736,0.0,0.0
7264,3630.9409782016,0.0,0.0,0.0,0.0004922318311916956,0.0,0.0
7265,3631.4415530975,0.0,0.0,0.0,0.0004922958658125049,0.0,0.0
7266,3631.9421281275995,0.0,0.0,0.0,0.0004923599047258569,0.0,0.0
7267,3632.4427032918998,1.0,0.75,1.0307764064044151,0.000492423947929411,1523.077833955209,2093.2702618114276
7268,3632.9432785904,1.0,0.75,1.0307764064044151,0.0004924879954208885,1522.8797594528926,2092.998034446497
7269,3633.4438540231,0.0,0.0,0.0,0.0004925520471979663,0.0,0.0
7270,3633.9444295900003,0.0,0.0,0.0,0.000492616103258304,0.0,0.0
7271,3634.4450052910997,0.0,0.0,0.0,0.0004926801635996345,0.0,0.0
7272,3634.9455811263997,0.0,-0.25,0.25,0.0004927442282195893,-507.36261468412084,507.36261468412084
7273,3635.4461570959,0.0,-0.25,0.25,0.0004928082971159024,-507.29665361377454,507.29665361377454
7274,3635.9467331996,0.0,0.0,0.0,0.0004928723702862672,0.0,0.0
7275,3636.4473094375,0.0,0.0,0.0,0.0004929364477283442,0.0,0.0
7276,3636.9478858096,1.0,0.75,1.0307764064044151,0.0004930005294398558,1521.2965406997541,2090.8221083972808
7277,3637.4484623159,1.0,1.0,1.0,0.0004930646154184851,2028.1317472989965,2028.1317472989965
7278,3637.9490389564,0.0,0.0,0.0,0.0004931287056619203,0.0,0.0
7279,3638.4496157311,0.0,0.0,0.0,0.0004931928001678624,0.0,0.0
7280,3638.95019264,0.0,0.0,0.0,0.0004932568989340343,0.0,0.0
7281,3639.4507696830997,0.0,0.0,0.0,0.0004933210019581129,0.0,0.0
7282,3639.9513468604,0.0,-0.25,0.25,0.0004933851092377825,-506.7035776296904,506.7035776296904
7283,3640.4519241719,0.0,0.0,0.0,0.0004934492207707775,0.0,0.0
7284,3640.9525016176003,0.0,0.0,0.0,0.0004935133365547705,0.0,0.0
7285,3641.4530791975,0.0,0.0,0.0,0.0004935774565875135,0.0,0.0
7286,3641.9536569116,0.0,-0.25,0.25,0.0004936415808666387,-506.4403196365655,506.4403196365655
7287,3642.4542347599,0.0,0.0,0.0,0.0004937057093899216,0.0,0.0
7288,3642.9548127424,0.0,0.0,0.0,0.0004937698421550292,0.0,0.0
7289,3643.4553908590997,0.0,-0.25,0.25,0.0004938339791596963,-506.2430098985855,506.2430098985855
7290,3643.95596911,0.0,-0.5,0.3535533905932738,0.0004938981204015853,-1012.3545309171319,715.8427537764304
7291,3644.4565474951,0.0,0.0,0.0,0.0004939622658784486,0.0,0.0
7292,3644.9571260144003,0.0,0.0,0.0,0.0004940264155880046,0.0,0.0
7293,3645.4577046679,0.0,0.0,0.0,0.000494090569527955,0.0,0.0
7294,3645.9582834556,0.0,0.0,0.0,0.0004941547276959789,0.0,0.0
7295,3646.4588623775,0.0,0.0,0.0,0.0004942188900898295,0.0,0.0
7296,3646.9594414336,0.0,0.0,0.0,0.0004942830567072144,0.0,0.0
7297,3647.4600206239,0.0,0.0,0.0,0.0004943472275458528,0.0,0.0
7298,3647.9605999483997,0.0,0.0,0.0,0.0004944114026034639,0.0,0.0
7299,3648.4611794070997,0.0,0.0,0.0,0.0004944755818777726,0.0,0.0
7300,3648.961759,0.0,-0.25,0.25,0.0004945397653664533,-505.5205213169266,505.5205213169266
7301,3649.4623387271,0.0,0.0,0.0,0.0004946039530672935,0.0,0.0
7302,3649.9629185884,0.0,0.0,0.0,0.0004946681449779788,0.0,0.0
7303,3650.4634985838998,0.0,0.0,0.0,0.0004947323410962744,0.0,0.0
7304,3650.9640787136,0.0,0.0,0.0,0.0004947965414198436,0.0,0.0
7305,3651.4646589775,0.0,0.0,0.0,0.0004948607459464516,0.0,0.0
7306,3651.9652393756,0.0,-0.5,0.3535533905932738,0.0004949249546738186,-1010.2541714218595,714.3575753343937
7307,3652.4658199079,0.0,0.0,0.0,0.0004949891675996644,0.0,0.0
7308,3652.9664005744,0.0,0.0,0.0,0.0004950533847217217,0.0,0.0
7309,3653.4669813750997,1.0,1.0,1.0,0.000495117606037744,2019.722158544626,2019.722158544626
7310,3653.96756231,0.0,0.0,0.0,0.0004951818315454409,0.0,0.0
7311,3654.4681433791,0.0,0.0,0.0,0.0004952460612425159,0.0,0.0
7312,3654.9687245824,0.0,-0.5,0.3535533905932738,0.000495310295126775,-1009.468216024108,713.8018209429334
7313,3655.4693059199,0.0,-0.25,0.25,0.0004953745331959045,-504.668656232946,504.668656232946
7314,3655.9698873916,0.0,-0.25,0.25,0.0004954387754476541,-504.6032171666667,504.6032171666667
7315,3656.4704689975,0.0,0.0,0.0,0.0004955030218797452,0.0,0.0
7316,3656.9710507376,0.0,0.0,0.0,0.0004955672724899267,0.0,0.0
7317,3657.4716326119,0.0,0.0,0.0,0.0004956315272759315,0.0,0.0
7318,3657.9722146204,0.0,0.0,0.0,0.0004956957862355492,0.0,0.0
7319,3658.4727967631,1.0,1.0,1.0,0.0004957600493664554,2017.104849973139,2017.104849973139
7320,3658.97337904,0.0,0.0,0.0,0.0004958243166664231,0.0,0.0
7321,3659.4739614511,0.0,0.0,0.0,0.0004958885881331968,0.0,0.0
7322,3659.9745439964,0.0,-0.25,0.25,0.0004959528637645037,-504.08016217990627,504.08016217990627
7323,3660.4751266759,0.0,0.0,0.0,0.0004960171435581225,0.0,0.0
7324,3660.9757094896,0.0,-0.5,0.3535533905932738,0.0004960814275117691,-1007.8990509842014,712.6922537024146
7325,3661.4762924374995,0.0,0.0,0.0,0.000496145715623206,0.0,0.0
7326,3661.9768755196,0.0,0.0,0.0,0.0004962100078901892,0.0,0.0
7327,3662.4774587358997,0.0,0.0,0.0,0.0004962743043104749,0.0,0.0
7328,3662.9780420864,0.0,-0.25,0.25,0.0004963386048817686,-503.6884045309185,503.6884045309185
7329,3663.4786255711,0.0,0.0,0.0,0.0004964029096018608,0.0,0.0
7330,3663.97920919,0.0,0.0,0.0,0.0004964672184685198,0.0,0.0
7331,3664.4797929430997,1.0,1.0,1.0,0.0004965315314794903,2013.9707885627115,2013.9707885627115
7332,3664.9803768304,0.0,0.0,0.0,0.0004965958486325017,0.0,0.0
7333,3665.4809608519,0.0,0.0,0.0,0.0004966601699253387,0.0,0.0
7334,3665.9815450076,0.0,0.0,0.0,0.0004967244953557471,0.0,0.0
7335,3666.4821292975,0.0,0.0,0.0,0.0004967888249214786,0.0,0.0
7336,3666.9827137216,0.0,0.0,0.0,0.0004968531586203302,0.0,0.0
7337,3667.4832982799,0.0,-0.25,0.25,0.0004969174964500251,-503.10162509068033,503.10162509068033
7338,3667.9838829724004,0.0,0.0,0.0,0.0004969818384083546,0.0,0.0
7339,3668.4844677991,0.0,0.0,0.0,0.0004970461844930595,0.0,0.0
7340,3668.9850527599997,0.0,0.0,0.0,0.0004971105347019033,0.0,0.0
7341,3669.4856378551,0.0,0.0,0.0,0.0004971748890326722,0.0,0.0
7342,3669.9862230844,0.0,0.0,0.0,0.0004972392474831234,0.0,0.0
7343,3670.4868084479,0.0,0.0,0.0,0.0004973036100510041,0.0,0.0
7344,3670.9873939455997,0.0,0.0,0.0,0.0004973679767341461,0.0,0.0
7345,3671.4879795775,0.0,-0.25,0.25,0.0004974323475302454,-502.5809062101641,502.5809062101641
7346,3671.9885653436,0.0,0.0,0.0,0.0004974967224371223,0.0,0.0
7347,3672.4891512439003,0.0,0.0,0.0,0.000497561101452535,0.0,0.0
7348,3672.9897372784,0.0,0.0,0.0,0.000497625484574237,0.0,0.0
7349,3673.4903234471,0.0,0.0,0.0,0.0004976898718000262,0.0,0.0
7350,3673.99090975,0.0,0.0,0.0,0.000497754263127684,0.0,0.0
7351,3674.4914961871,0.0,0.0,0.0,0.0004978186585549805,0.0,0.0
7352,3674.9920827583996,0.0,0.0,0.0,0.0004978830580796805,0.0,0.0
7353,3675.4926694639,0.0,0.0,0.0,0.0004979474616995769,0.0,0.0
7354,3675.9932563036,0.0,0.0,0.0,0.0004980118694124572,0.0,0.0
7355,3676.4938432775,0.0,0.0,0.0,0.0004980762812160693,0.0,0.0
7356,3676.9944303856,0.0,0.0,0.0,0.0004981406971082349,0.0,0.0
7357,3677.4950176279,0.0,0.0,0.0,0.0004982051170867359,0.0,0.0
7358,3677.9956050043997,0.0,0.0,0.0,0.0004982695411493094,0.0,0.0
7359,3678.4961925151,0.0,0.0,0.0,0.0004983339692937939,0.0,0.0
7360,3678.99678016,0.0,0.0,0.0,0.0004983984015179611,0.0,0.0
7361,3679.4973679391,0.0,-0.25,0.25,0.0004984628378195934,-501.5419024887899,501.5419024887899
7362,3679.9979558523996,0.0,0.0,0.0,0.0004985272781964504,0.0,0.0
7363,3680.4985438999,0.0,0.0,0.0,0.000498591722646372,0.0,0.0
7364,3680.9991320816002,0.0,-0.25,0.25,0.0004986561711671177,-501.34745031805886,501.34745031805886
7365,3681.4997203975,0.0,0.0,0.0,0.0004987206237565219,0.0,0.0
7366,3682.0003088475996,0.0,0.0,0.0,0.0004987850804123223,0.0,0.0
7367,3682.5008974319,0.0,0.0,0.0,0.0004988495411323581,0.0,0.0
7368,3683.0014861504,0.0,0.0,0.0,0.0004989140059143678,0.0,0.0
7369,3683.5020750031,0.0,0.0,0.0,0.0004989784747562025,0.0,0.0
7370,3684.00266399,0.0,0.0,0.0,0.000499042947655663,0.0,0.0
7371,3684.5032531110996,0.0,0.0,0.0,0.0004991074246105036,0.0,0.0
7372,3685.0038423664,0.0,-0.25,0.25,0.0004991719056185483,-500.82946813725977,500.82946813725977
7373,3685.5044317559,0.0,0.0,0.0,0.0004992363906776092,0.0,0.0
7374,3686.0050212796,0.0,0.0,0.0,0.0004993008797854696,0.0,0.0
7375,3686.5056109374996,0.0,0.0,0.0,0.0004993653729399194,0.0,0.0
7376,3687.0062007295996,0.0,0.0,0.0,0.0004994298701388048,0.0,0.0
7377,3687.5067906558997,1.0,1.0,1.0,0.0004994943713799102,2002.0245618331712,2002.0245618331712
7378,3688.0073807164,0.0,-0.25,0.25,0.000499558876661014,-500.44151286224206,500.44151286224206
7379,3688.5079709111,0.0,-0.25,0.25,0.0004996233859799686,-500.3768979101055,500.3768979101055
7380,3689.00856124,0.0,-0.25,0.25,0.0004996878993345812,-500.3122956007484,500.3122956007484
7381,3689.5091517031,0.0,-0.25,0.25,0.0004997524167226075,-500.24770593308597,500.24770593308597
7382,3690.0097423004,0.0,0.0,0.0,0.0004998169381419064,0.0,0.0
7383,3690.5103330319002,0.0,0.0,0.0,0.000499881463590262,0.0,0.0
7384,3691.0109238975997,0.0,0.0,0.0,0.0004999459930655277,0.0,0.0
7385,3691.5115148974996,0.0,0.0,0.0,0.0005000105265654711,0.0,0.0
7386,3692.0121060316,0.0,0.0,0.0,0.0005000750640879283,0.0,0.0
7387,3692.5126972999,0.0,0.0,0.0,0.0005001396056307126,0.0,0.0
7388,3693.0132887024,0.0,0.0,0.0,0.000500204151191655,0.0,0.0
7389,3693.5138802390998,0.0,0.0,0.0,0.0005002687007685458,0.0,0.0
7390,3694.01447191,0.0,-0.25,0.25,0.0005003332543592051,-499.6669676097865,499.6669676097865
7391,3694.5150637151,0.0,0.0,0.0,0.0005003978119614748,0.0,0.0
7392,3695.0156556544002,0.0,-0.25,0.25,0.0005004623735731687,-499.5380536104368,499.5380536104368
7393,3695.5162477278996,0.0,0.0,0.0,0.0005005269391921067,0.0,0.0
7394,3696.0168399356,0.0,0.0,0.0,0.0005005915088161089,0.0,0.0
7395,3696.5174322775,0.0,0.0,0.0,0.0005006560824430173,0.0,0.0
7396,3697.0180247536,0.0,0.0,0.0,0.0005007206600706238,0.0,0.0
7397,3697.5186173639004,0.0,0.0,0.0,0.0005007852416967879,0.0,0.0
7398,3698.0192101084,0.0,0.0,0.0,0.0005008498273192967,0.0,0.0
7399,3698.5198029871,0.0,0.0,0.0,0.0005009144169360263,0.0,0.0
7400,3699.020396,0.0,0.0,0.0,0.0005009790105447805,0.0,0.0
7401,3699.5209891471,0.0,0.0,0.0,0.0005010436081433853,0.0,0.0
7402,3700.0215824283996,0.0,0.0,0.0,0.000501108209729701,0.0,0.0
7403,3700.5221758438997,0.0,0.0,0.0,0.0005011728153015258,0.0,0.0
7404,3701.0227693936,0.0,0.0,0.0,0.0005012374248566912,0.0,0.0
7405,3701.5233630775,0.0,0.0,0.0,0.0005013020383930644,0.0,0.0
7406,3702.0239568956003,0.0,0.0,0.0,0.0005013666559084771,0.0,0.0
7407,3702.5245508478997,0.0,0.0,0.0,0.000501431277400728,0.0,0.0
7408,3703.0251449344,0.0,0.0,0.0,0.000501495902867706,0.0,0.0
7409,3703.5257391551,0.0,0.0,0.0,0.0005015605323072103,0.0,0.0
7410,3704.0263335100003,0.0,0.0,0.0,0.0005016251657170953,0.0,0.0
7411,3704.5269279991,0.0,0.0,0.0,0.0005016898030952057,0.0,0.0
7412,3705.0275226224,0.0,0.0,0.0,0.0005017544444393921,0.0,0.0
7413,3705.5281173799,0.0,-0.25,0.25,0.0005018190897475033,-498.18750443668995,498.18750443668995
7414,3706.0287122716,0.0,0.0,0.0,0.0005018837390173333,0.0,0.0
7415,3706.5293072975,0.0,0.0,0.0,0.0005019483922467665,0.0,0.0
7416,3707.0299024575997,0.0,0.0,0.0,0.0005020130494336586,0.0,0.0
7417,3707.5304977519,0.0,0.0,0.0,0.0005020777105758315,0.0,0.0
7418,3708.0310931804,0.0,0.0,0.0,0.0005021423756711358,0.0,0.0
7419,3708.5316887431,0.0,0.0,0.0,0.0005022070447174338,0.0,0.0
7420,3709.03228444,0.0,0.0,0.0,0.0005022717177125874,0.0,0.0
7421,3709.5328802710997,0.0,0.0,0.0,0.0005023363946544299,0.0,0.0
7422,3710.0334762364,0.0,0.0,0.0,0.0005024010755407953,0.0,0.0
7423,3710.5340723359,0.0,-0.5,0.3535533905932738,0.0005024657603695691,-995.0926798121419,703.6367818042595
7424,3711.0346685696,0.0,0.0,0.0,0.000502530449138602,0.0,0.0
7425,3711.5352649375,0.0,0.0,0.0,0.0005025951418457452,0.0,0.0
7426,3712.0358614396,0.0,-0.25,0.25,0.0005026598384888668,-497.3542361203324,497.3542361203324
7427,3712.5364580759,0.0,0.0,0.0,0.0005027245390657791,0.0,0.0
7428,3713.0370548464,0.0,0.0,0.0,0.0005027892435744007,0.0,0.0
7429,3713.5376517511,0.0,0.0,0.0,0.0005028539520125611,0.0,0.0
7430,3714.0382487899997,0.0,0.0,0.0,0.0005029186643781172,0.0,0.0
7431,3714.5388459631,0.0,0.0,0.0,0.0005029833806689494,0.0,0.0
7432,3715.0394432704,0.0,0.0,0.0,0.0005030481008829039,0.0,0.0
7433,3715.5400407119,0.0,0.0,0.0,0.0005031128250178434,0.0,0.0
7434,3716.0406382876,1.0,1.0,1.0,0.0005031775530716493,1987.3700523711684,1987.3700523711684
7435,3716.5412359975,0.0,0.0,0.0,0.0005032422850421729,0.0,0.0
7436,3717.0418338416,0.0,0.0,0.0,0.0005033070209273004,0.0,0.0
7437,3717.5424318199002,0.0,0.0,0.0,0.0005033717607248619,0.0,0.0
7438,3718.0430299324003,0.0,0.0,0.0,0.0005034365044327776,0.0,0.0
7439,3718.5436281791,0.0,0.0,0.0,0.0005035012520488659,0.0,0.0
7440,3719.04422656,0.0,0.0,0.0,0.0005035660035710531,0.0,0.0
7441,3719.5448250751,0.0,0.0,0.0,0.0005036307589971636,0.0,0.0
7442,3720.0454237244003,0.0,0.0,0.0,0.000503695518325124,0.0,0.0
7443,3720.5460225078996,0.0,0.0,0.0,0.0005037602815527419,0.0,0.0
7444,3721.0466214256,0.0,0.0,0.0,0.0005038250486779208,0.0,0.0
7445,3721.5472204775,0.0,0.0,0.0,0.0005038898196985652,0.0,0.0
7446,3722.0478196636,0.0,0.0,0.0,0.0005039545946125112,0.0,0.0
7447,3722.5484189839003,0.0,-0.25,0.25,0.0005040193734176685,-496.0126796412469,496.0126796412469
7448,3723.0490184384,0.0,0.0,0.0,0.0005040841561118963,0.0,0.0
7449,3723.5496180270998,0.0,0.0,0.0,0.0005041489426930936,0.0,0.0
7450,3724.0502177500002,0.0,0.0,0.0,0.000504213733159119,0.0,0.0
7451,3724.5508176071003,0.0,0.0,0.0,0.0005042785275078663,0.0,0.0
7452,3725.0514175984,0.0,-0.25,0.25,0.0005043433257372463,-495.694078303805,495.694078303805
7453,3725.5520177239,0.0,0.0,0.0,0.0005044081278451062,0.0,0.0
7454,3726.0526179836,0.0,0.0,0.0,0.000504472933829323,0.0,0.0
7455,3726.5532183775,0.0,0.0,0.0,0.0005045377436878189,0.0,0.0
7456,3727.0538189056,0.0,0.0,0.0,0.0005046025574184647,0.0,0.0
7457,3727.5544195679,0.0,0.0,0.0,0.0005046673750191658,0.0,0.0
7458,3728.0550203643998,0.0,0.0,0.0,0.000504732196487788,0.0,0.0
7459,3728.5556212951,0.0,0.0,0.0,0.0005047970218222358,0.0,0.0
7460,3729.05622236,0.0,0.0,0.0,0.000504861851020382,0.0,0.0
7461,3729.5568235591,0.0,0.0,0.0,0.0005049266840801598,0.0,0.0
7462,3730.0574248924,0.0,0.0,0.0,0.0005049915209994122,0.0,0.0
7463,3730.5580263599,0.0,0.0,0.0,0.0005050563617760797,0.0,0.0
7464,3731.0586279616,0.0,0.0,0.0,0.0005051212064080279,0.0,0.0
7465,3731.5592296975,0.0,0.0,0.0,0.0005051860548931687,0.0,0.0
7466,3732.0598315675998,0.0,0.0,0.0,0.0005052509072293853,0.0,0.0
7467,3732.5604335719,0.0,-0.25,0.25,0.0005053157634146011,-494.7401567500284,494.7401567500284
7468,3733.0610357104,0.0,0.0,0.0,0.0005053806234467051,0.0,0.0
7469,3733.5616379831,0.0,0.0,0.0,0.0005054454873235923,0.0,0.0
7470,3734.0622403899997,1.0,1.0,1.0,0.0005055103550431576,1978.1988440466778,1978.1988440466778
7471,3734.5628429311,0.0,0.0,0.0,0.0005055752266033475,0.0,0.0
7472,3735.0634456064,0.0,-0.25,0.25,0.0005056401020020066,-494.4228098407588,494.4228098407588
7473,3735.5640484159,0.0,0.0,0.0,0.000505704981237063,0.0,0.0
7474,3736.0646513596002,0.0,-0.25,0.25,0.0005057698643064248,-494.2959587812362,494.2959587812362
7475,3736.5652544375,0.0,0.0,0.0,0.0005058347512080435,0.0,0.0
7476,3737.0658576496,1.0,1.0,1.0,0.0005058996419397414,1976.6766312894758,1976.6766312894758
7477,3737.5664609959,0.0,0.0,0.0,0.0005059645364994877,0.0,0.0
7478,3738.0670644764,0.0,0.0,0.0,0.0005060294348851609,0.0,0.0
7479,3738.5676680910997,0.0,0.0,0.0,0.0005060943370947139,0.0,0.0
7480,3739.06827184,0.0,0.0,0.0,0.00050615924312602,0.0,0.0
7481,3739.5688757231,0.0,-0.25,0.25,0.0005062241529769983,-493.8523745455493,493.8523745455493
7482,3740.0694797404,0.0,0.0,0.0,0.0005062890666455783,0.0,0.0
7483,3740.5700838919,0.0,0.0,0.0,0.0005063539841296681,0.0,0.0
7484,3741.0706881776,0.0,0.0,0.0,0.000506418905427147,0.0,0.0
7485,3741.5712925975,1.0,1.0,1.0,0.0005064838305360246,1974.39669286515,1974.39669286515
7486,3742.0718971516,0.0,0.0,0.0,0.0005065487594541406,0.0,0.0
7487,3742.5725018399003,0.0,0.0,0.0,0.0005066136921794205,0.0,0.0
7488,3743.0731066624,0.0,0.0,0.0,0.0005066786287098233,0.0,0.0
7489,3743.5737116191,0.0,0.0,0.0,0.000506743569043228,0.0,0.0
7490,3744.07431671,0.0,0.0,0.0,0.0005068085131775834,0.0,0.0
7491,3744.5749219351,0.0,0.0,0.0,0.0005068734611108204,0.0,0.0
7492,3745.0755272944,0.0,0.0,0.0,0.0005069384128408411,0.0,0.0
7493,3745.5761327879,0.0,0.0,0.0,0.0005070033683655833,0.0,0.0
7494,3746.0767384155997,0.0,0.0,0.0,0.0005070683276829493,0.0,0.0
7495,3746.5773441775,0.0,0.0,0.0,0.0005071332907908931,0.0,0.0
7496,3747.0779500736003,0.0,0.0,0.0,0.0005071982576873461,0.0,0.0
7497,3747.5785561038997,1.0,1.0,1.0,0.0005072632283702231,1971.3630795058455,1971.3630795058455
7498,3748.0791622683996,0.0,0.0,0.0,0.0005073282028374448,0.0,0.0
7499,3748.5797685671,0.0,0.0,0.0,0.000507393181086976,0.0,0.0
7500,3749.080375,0.0,0.0,0.0,0.0005074581631167206,0.0,0.0
7501,3749.5809815671,0.0,0.0,0.0,0.0005075231489246224,0.0,0.0
7502,3750.0815882683996,0.0,0.0,0.0,0.0005075881385086069,0.0,0.0
7503,3750.5821951038997,1.0,1.0,1.0,0.0005076531318666118,1969.8489721181404,1969.8489721181404
7504,3751.0828020736,0.0,-0.25,0.25,0.000507718128996587,-492.39919892968913,492.39919892968913
7505,3751.5834091775,0.0,-0.25,0.25,0.0005077831298964639,-492.3361673141339,492.3361673141339
7506,3752.0840164155998,0.0,-0.25,0.25,0.0005078481345641814,-492.2731481814771,492.2731481814771
7507,3752.5846237879,0.0,0.0,0.0,0.0005079131429976545,0.0,0.0
7508,3753.0852312944,0.0,0.0,0.0,0.0005079781551948553,0.0,0.0
7509,3753.5858389351,0.0,-0.25,0.25,0.000508043171153705,-492.08416566702397,492.08416566702397
7510,3754.08644671,0.0,0.0,0.0,0.000508108190872182,0.0,0.0
7511,3754.5870546191,1.0,1.0,1.0,0.0005081732143481907,1967.8329588517408,1967.8329588517408
7512,3755.0876626624,0.0,0.0,0.0,0.0005082382415796581,0.0,0.0
7513,3755.5882708399,0.0,0.0,0.0,0.0005083032725645906,0.0,0.0
7514,3756.0888791516,0.0,0.0,0.0,0.0005083683073008938,0.0,0.0
7515,3756.5894875974996,0.0,0.0,0.0,0.000508433345786517,0.0,0.0
7516,3757.0900961775997,0.0,0.0,0.0,0.0005084983880194165,0.0,0.0
7517,3757.5907048919,0.0,0.0,0.0,0.0005085634339975595,0.0,0.0
7518,3758.0913137404,0.0,0.0,0.0,0.000508628483718857,0.0,0.0
7519,3758.5919227231,0.0,0.0,0.0,0.0005086935371812816,0.0,0.0
7520,3759.09253184,0.0,-0.25,0.25,0.0005087585943827845,-491.3921902455424,491.3921902455424
7521,3759.5931410911,0.0,0.0,0.0,0.000508823655321305,0.0,0.0
7522,3760.0937504764,0.0,0.0,0.0,0.0005088887199948328,0.0,0.0
7523,3760.5943599959,0.0,0.0,0.0,0.0005089537884012972,0.0,0.0
7524,3761.0949696496,0.0,0.0,0.0,0.0005090188605386367,0.0,0.0
7525,3761.5955794375,0.0,0.0,0.0,0.0005090839364048602,0.0,0.0
7526,3762.0961893596,0.0,0.0,0.0,0.0005091490159978779,0.0,0.0
7527,3762.5967994159,0.0,0.0,0.0,0.0005092140993156704,0.0,0.0
7528,3763.0974096064,0.0,0.0,0.0,0.0005092791863561771,0.0,0.0
7529,3763.5980199310998,0.0,0.0,0.0,0.0005093442771174001,0.0,0.0
7530,3764.09863039,0.0,0.0,0.0,0.0005094093715972579,0.0,0.0
7531,3764.5992409831,0.0,0.0,0.0,0.0005094744697937521,0.0,0.0
7532,3765.0998517104,0.0,0.0,0.0,0.0005095395717047892,0.0,0.0
7533,3765.6004625719,0.0,0.0,0.0,0.0005096046773284119,0.0,0.0
7534,3766.1010735676,0.0,0.0,0.0,0.0005096697866625381,0.0,0.0
7535,3766.6016846975,0.0,0.0,0.0,0.0005097348997051248,0.0,0.0
7536,3767.1022959616,0.0,0.0,0.0,0.0005098000164541814,0.0,0.0
7537,3767.6029073599,0.0,0.0,0.0,0.0005098651369076253,0.0,0.0
7538,3768.1035188923997,0.0,0.0,0.0,0.000509930261063477,0.0,0.0
7539,3768.6041305590998,0.0,0.0,0.0,0.0005099953889196718,0.0,0.0
7540,3769.10474236,0.0,0.0,0.0,0.0005100605204742015,0.0,0.0
7541,3769.6053542951,0.0,-0.25,0.25,0.0005101256557250246,-490.07533182130067,490.07533182130067
7542,3770.1059663644,0.0,0.0,0.0,0.0005101907946701215,0.0,0.0
7543,3770.6065785678998,0.0,-0.25,0.25,0.0005102559373074734,-489.9502028711394,489.9502028711394
7544,3771.1071909056,0.0,0.0,0.0,0.0005103210836350612,0.0,0.0
7545,3771.6078033775,0.0,0.0,0.0,0.0005103862336508323,0.0,0.0
7546,3772.1084159836,0.0,-0.25,0.25,0.0005104513873527899,-489.76260265743326,489.76260265743326
7547,3772.6090287239,0.0,-0.25,0.25,0.000510516544738905,-489.7000941034306,489.7000941034306
7548,3773.1096415984,0.0,0.0,0.0,0.0005105817058071524,0.0,0.0
7549,3773.6102546071,0.0,0.0,0.0,0.0005106468705555249,0.0,0.0
7550,3774.11086775,0.0,0.0,0.0,0.0005107120389819989,0.0,0.0
7551,3774.6114810271,0.0,0.0,0.0,0.0005107772110845502,0.0,0.0
7552,3775.1120944383997,0.0,0.0,0.0,0.0005108423868611835,0.0,0.0
7553,3775.6127079839,0.0,0.0,0.0,0.0005109075663098457,0.0,0.0
7554,3776.1133216636,0.0,0.0,0.0,0.0005109727494285533,0.0,0.0
7555,3776.6139354775,0.0,0.0,0.0,0.0005110379362152825,0.0,0.0
7556,3777.1145494255998,1.0,1.0,1.0,0.0005111031266679983,1956.5523038750234,1956.5523038750234
7557,3777.6151635079,0.0,-0.5,0.3535533905932738,0.0005111683207847342,-978.1513831538135,691.6574760550625
7558,3778.1157777244,1.0,1.0,1.0,0.0005112335185634606,1956.0532783725678,1956.0532783725678
7559,3778.6163920751,0.0,0.0,0.0,0.0005112987200021489,0.0,0.0
7560,3779.11700656,0.0,0.0,0.0,0.0005113639250988207,0.0,0.0
7561,3779.6176211791,0.0,-0.25,0.25,0.0005114291338514361,-488.8262780755504,488.8262780755504
7562,3780.1182359324,0.0,0.0,0.0,0.000511494346258023,0.0,0.0
7563,3780.6188508199,0.0,0.0,0.0,0.0005115595623165759,0.0,0.0
7564,3781.1194658416002,0.0,0.0,0.0,0.0005116247820250312,0.0,0.0
7565,3781.6200809975,0.0,0.0,0.0,0.000511690005381429,0.0,0.0
7566,3782.1206962876,0.0,-0.25,0.25,0.0005117552323837972,-488.51479023571443,488.51479023571443
7567,3782.6213117119,0.0,-0.25,0.25,0.0005118204630300682,-488.4525298577464,488.4525298577464
7568,3783.1219272704,0.0,0.0,0.0,0.0005118856973182933,0.0,0.0
7569,3783.6225429631,0.0,0.0,0.0,0.0005119509352464435,0.0,0.0
7570,3784.1231587899997,0.0,0.0,0.0,0.0005120161768125312,0.0,0.0
7571,3784.6237747511,0.0,0.0,0.0,0.0005120814220145446,0.0,0.0
7572,3785.1243908464,0.0,0.0,0.0,0.0005121466708504905,0.0,0.0
7573,3785.6250070759,0.0,0.0,0.0,0.0005122119233183861,0.0,0.0
7574,3786.1256234395996,0.0,0.0,0.0,0.0005122771794162489,0.0,0.0
7575,3786.6262399375,0.0,0.0,0.0,0.0005123424391420572,0.0,0.0
7576,3787.1268565696,0.0,0.0,0.0,0.0005124077024938058,0.0,0.0
7577,3787.6274733359,1.0,1.0,1.0,0.000512472969469541,1951.3224298153646,1951.3224298153646
7578,3788.1280902364,0.0,0.0,0.0,0.000512538240067247,0.0,0.0
7579,3788.6287072710998,0.0,0.0,0.0,0.0005126035142849297,0.0,0.0
7580,3789.12932444,0.0,0.0,0.0,0.0005126687921206195,0.0,0.0
7581,3789.6299417431,0.0,0.0,0.0,0.0005127340735722941,0.0,0.0
7582,3790.1305591804003,0.0,0.0,0.0,0.0005127993586380121,0.0,0.0
7583,3790.6311767518996,0.0,0.0,0.0,0.0005128646473157518,0.0,0.0
7584,3791.1317944576,1.0,1.0,1.0,0.0005129299396035371,1949.5839934259593,1949.5839934259593
7585,3791.6324122974997,0.0,0.0,0.0,0.0005129952354993925,0.0,0.0
7586,3792.1330302716,0.0,0.0,0.0,0.0005130605350013195,0.0,0.0
7587,3792.6336483799,0.0,0.0,0.0,0.0005131258381073369,0.0,0.0
7588,3793.1342666224,0.0,0.0,0.0,0.0005131911448154971,0.0,0.0
7589,3793.6348849991,0.0,0.0,0.0,0.0005132564551237687,0.0,0.0
7590,3794.13550351,0.0,0.0,0.0,0.0005133217690301867,0.0,0.0
7591,3794.6361221551,0.0,0.0,0.0,0.0005133870865327878,0.0,0.0
7592,3795.1367409343998,0.0,0.0,0.0,0.0005134524076295736,0.0,0.0
7593,3795.6373598479,0.0,0.0,0.0,0.0005135177323186037,0.0,0.0
7594,3796.1379788956,0.0,0.0,0.0,0.0005135830605978625,0.0,0.0
7595,3796.6385980775,1.0,1.0,1.0,0.000513648392465364,1946.8570615013289,1946.8570615013289
7596,3797.1392173936,0.0,0.0,0.0,0.0005137137279191899,0.0,0.0
7597,3797.6398368439,0.0,0.0,0.0,0.0005137790669573035,0.0,0.0
7598,3798.1404564284,0.0,0.0,0.0,0.000513844409577786,0.0,0.0
7599,3798.6410761471,0.0,0.0,0.0,0.0005139097557786294,0.0,0.0
7600,3799.141696,0.0,0.0,0.0,0.0005139751055578927,0.0,0.0
7601,3799.6423159871,0.0,0.0,0.0,0.0005140404589135735,0.0,0.0
7602,3800.1429361083997,0.0,0.0,0.0,0.0005141058158437366,0.0,0.0
7603,3800.6435563638997,0.0,0.0,0.0,0.0005141711763464017,0.0,0.0
7604,3801.1441767536,0.0,0.0,0.0,0.0005142365404195954,0.0,0.0
7605,3801.6447972775,0.0,0.0,0.0,0.0005143019080613433,0.0,0.0
7606,3802.1454179355997,0.0,0.0,0.0,0.000514367279269688,0.0,0.0
7607,3802.6460387279,0.0,0.0,0.0,0.0005144326540426727,0.0,0.0
7608,3803.1466596544,0.0,0.0,0.0,0.0005144980323783515,0.0,0.0
7609,3803.6472807151,0.0,0.0,0.0,0.0005145634142747229,0.0,0.0
7610,3804.14790191,0.0,0.0,0.0,0.0005146287997298524,0.0,0.0
7611,3804.6485232390996,0.0,-0.25,0.25,0.0005146941887417775,-485.7253209156111,485.7253209156111
7612,3805.1491447024,0.0,0.0,0.0,0.000514759581308508,0.0,0.0
7613,3805.6497662999,0.0,0.0,0.0,0.0005148249774281379,0.0,0.0
7614,3806.1503880316,0.0,0.0,0.0,0.000514890377098666,0.0,0.0
7615,3806.6510098975,0.0,0.0,0.0,0.0005149557803181696,0.0,0.0
7616,3807.1516318976,0.0,0.0,0.0,0.0005150211870846584,0.0,0.0
7617,3807.6522540319,0.0,0.0,0.0,0.0005150865973961935,0.0,0.0
7618,3808.1528763004,0.0,-0.25,0.25,0.0005151520112508526,-485.2936503013337,485.2936503013337
7619,3808.6534987031,0.0,0.0,0.0,0.0005152174286466345,0.0,0.0
7620,3809.1541212399998,0.0,0.0,0.0,0.0005152828495816052,0.0,0.0
7621,3809.6547439111,0.0,0.0,0.0,0.0005153482740538328,0.0,0.0
7622,3810.1553667164,0.0,0.0,0.0,0.0005154137020613321,0.0,0.0
7623,3810.6559896559,0.0,0.0,0.0,0.0005154791336021706,0.0,0.0
7624,3811.1566127295996,0.0,-0.25,0.25,0.0005155445686744038,-484.9241272055558,484.9241272055558
7625,3811.6572359375,0.0,0.0,0.0,0.0005156100072760934,0.0,0.0
7626,3812.1578592796,0.0,0.0,0.0,0.000515675449405278,0.0,0.0
7627,3812.6584827559,0.0,0.0,0.0,0.0005157408950600135,0.0,0.0
7628,3813.1591063664,0.0,0.0,0.0,0.0005158063442383789,0.0,0.0
7629,3813.6597301110996,0.0,0.0,0.0,0.0005158717969383849,0.0,0.0
7630,3814.1603539899997,0.0,0.0,0.0,0.0005159372531581157,0.0,0.0
7631,3814.6609780031,0.0,0.0,0.0,0.0005160027128956451,0.0,0.0
7632,3815.1616021504,0.0,0.0,0.0,0.0005160681761490067,0.0,0.0
7633,3815.6622264319,0.0,0.0,0.0,0.0005161336429162679,0.0,0.0
7634,3816.1628508475997,0.0,0.0,0.0,0.0005161991131954911,0.0,0.0
7635,3816.6634753975,0.0,0.0,0.0,0.000516264586984739,0.0,0.0
7636,3817.1641000816,0.0,0.0,0.0,0.0005163300642820902,0.0,0.0
7637,3817.6647248999,0.0,0.0,0.0,0.0005163955450855733,0.0,0.0
7638,3818.1653498523997,0.0,0.0,0.0,0.0005164610293932795,0.0,0.0
7639,3818.6659749391,0.0,0.0,0.0,0.0005165265172032824,0.0,0.0
7640,3819.16660016,0.0,0.0,0.0,0.0005165920085136164,0.0,0.0
7641,3819.6672255151,0.0,-0.25,0.25,0.0005166575033224012,-483.8795495901211,483.8795495901211
7642,3820.1678510044,0.0,0.0,0.0,0.0005167230016276538,0.0,0.0
7643,3820.6684766279,0.0,0.0,0.0,0.0005167885034274489,0.0,0.0
7644,3821.1691023856,0.0,-0.25,0.25,0.0005168540087198831,-483.69558092271916,483.69558092271916
7645,3821.6697282775,0.0,0.0,0.0,0.0005169195175030142,0.0,0.0
7646,3822.1703543036,0.0,0.0,0.0,0.0005169850297749216,0.0,0.0
7647,3822.6709804639,0.0,-0.25,0.25,0.0005170505455336522,-483.51172271169906,483.51172271169906
7648,3823.1716067584,0.0,0.0,0.0,0.0005171160647773203,0.0,0.0
7649,3823.6722331871,0.0,0.0,0.0,0.0005171815875039719,0.0,0.0
7650,3824.17285975,0.0,-0.25,0.25,0.0005172471137116992,-483.3279749132517,483.3279749132517
7651,3824.6734864470995,0.0,-0.5,0.3535533905932738,0.0005173126433985594,-966.5335003513127,683.4423923423835
7652,3825.1741132784,0.0,0.0,0.0,0.000517378176562651,0.0,0.0
7653,3825.6747402439,1.0,1.0,1.0,0.0005174437132020372,1932.5773499339966,1932.5773499339966
7654,3826.1753673436,0.0,0.0,0.0,0.0005175092533148271,0.0,0.0
7655,3826.6759945775,0.0,0.0,0.0,0.0005175747968990677,0.0,0.0
7656,3827.1766219456,0.0,0.0,0.0,0.000517640343952851,0.0,0.0
7657,3827.6772494479,0.0,0.0,0.0,0.0005177058944742525,0.0,0.0
7658,3828.1778770844,0.0,0.0,0.0,0.0005177714484613478,0.0,0.0
7659,3828.6785048551,0.0,0.0,0.0,0.0005178370059122631,0.0,0.0
7660,3829.17913276,0.0,-0.25,0.25,0.0005179025668250627,-482.7162791113277,482.7162791113277
7661,3829.6797607990998,0.0,0.0,0.0,0.0005179681311978057,0.0,0.0
7662,3830.1803889724,0.0,0.0,0.0,0.000518033699028618,0.0,0.0
7663,3830.6810172799,0.0,0.0,0.0,0.0005180992703155704,0.0,0.0
7664,3831.1816457216,0.0,0.0,0.0,0.0005181648450567386,0.0,0.0
7665,3831.6822742974996,0.0,0.0,0.0,0.0005182304232502269,0.0,0.0
7666,3832.1829030076,0.0,0.0,0.0,0.0005182960048941395,0.0,0.0
7667,3832.6835318519,0.0,0.0,0.0,0.0005183615899865248,0.0,0.0
7668,3833.1841608304003,0.0,-0.25,0.25,0.0005184271785255318,-482.22780431965305,482.22780431965305
7669,3833.6847899430995,0.0,0.0,0.0,0.0005184927705092033,0.0,0.0
7670,3834.1854191899997,0.0,0.0,0.0,0.0005185583659356607,0.0,0.0
7671,3834.6860485711,0.0,0.0,0.0,0.000518623964803015,0.0,0.0
7672,3835.1866780864,0.0,0.0,0.0,0.0005186895671093137,0.0,0.0
7673,3835.6873077359,0.0,-0.25,0.25,0.0005187551728526847,-481.9229052217945,481.9229052217945
7674,3836.1879375196,0.0,0.0,0.0,0.0005188207820312275,0.0,0.0
7675,3836.6885674375,0.0,0.0,0.0,0.0005188863946430354,0.0,0.0
7676,3837.1891974896,0.0,-0.25,0.25,0.0005189520106862085,-481.74011248058537,481.74011248058537
7677,3837.6898276759002,0.0,0.0,0.0,0.0005190176301588398,0.0,0.0
7678,3838.1904579964003,0.0,-0.25,0.25,0.0005190832530590524,-481.61831175770817,481.61831175770817
7679,3838.6910884511,0.0,0.0,0.0,0.0005191488793849232,0.0,0.0
7680,3839.19171904,0.0,0.0,0.0,0.0005192145091345799,0.0,0.0
7681,3839.6923497631,0.0,0.0,0.0,0.0005192801423061059,0.0,0.0
7682,3840.1929806204002,0.0,0.0,0.0,0.0005193457788976007,0.0,0.0
7683,3840.6936116119,0.0,-0.25,0.25,0.000519411418907199,-481.3140237193484,481.3140237193484
7684,3841.1942427376,0.0,0.0,0.0,0.0005194770623329715,0.0,0.0
7685,3841.6948739975,0.0,0.0,0.0,0.0005195427091730647,0.0,0.0
7686,3842.1955053916,0.0,0.0,0.0,0.0005196083594255727,0.0,0.0
7687,3842.6961369199003,0.0,0.0,0.0,0.0005196740130885848,0.0,0.0
7688,3843.1967685823997,0.0,0.0,0.0,0.0005197396701602578,0.0,0.0
7689,3843.6974003791,0.0,0.0,0.0,0.0005198053306386241,0.0,0.0
7690,3844.19803231,1.0,1.0,1.0,0.0005198709945218807,1923.5541327318872,1923.5541327318872
7691,3844.6986643751,0.0,0.0,0.0,0.0005199366618081113,0.0,0.0
7692,3845.1992965744,0.0,0.0,0.0,0.0005200023324954055,0.0,0.0
7693,3845.6999289079,0.0,0.0,0.0,0.0005200680065819034,0.0,0.0
7694,3846.2005613756,0.0,0.0,0.0,0.0005201336840657229,0.0,0.0
7695,3846.7011939775,0.0,0.0,0.0,0.0005201993649449761,0.0,0.0
7696,3847.2018267136,0.0,0.0,0.0,0.0005202650492177533,0.0,0.0
7697,3847.7024595839,0.0,0.0,0.0,0.0005203307368822059,0.0,0.0
7698,3848.2030925884,0.0,0.0,0.0,0.000520396427936447,0.0,0.0
7699,3848.7037257271,0.0,0.0,0.0,0.0005204621223786001,0.0,0.0
7700,3849.2043590000003,0.0,0.0,0.0,0.0005205278202067667,0.0,0.0
7701,3849.7049924071,1.0,1.0,1.0,0.0005205935214190875,1920.8844498757821,1920.8844498757821
7702,3850.2056259483998,0.0,0.0,0.0,0.0005206592260136985,0.0,0.0
7703,3850.7062596238998,0.0,0.0,0.0,0.0005207249339886838,0.0,0.0
7704,3851.2068934336003,0.0,0.0,0.0,0.0005207906453422019,0.0,0.0
7705,3851.7075273775004,0.0,-0.25,0.25,0.0005208563600723773,-479.978779495484,479.978779495484
7706,3852.2081614556,0.0,0.0,0.0,0.0005209220781773002,0.0,0.0
7707,3852.7087956678997,0.0,-0.25,0.25,0.0005209877996551407,-479.85768604463175,479.85768604463175
7708,3853.2094300144,0.0,0.0,0.0,0.0005210535245040115,0.0,0.0
7709,3853.7100644951,0.0,0.0,0.0,0.000521119252722004,0.0,0.0
7710,3854.21069911,0.0,0.0,0.0,0.0005211849843073271,0.0,0.0
7711,3854.7113338591,0.0,0.0,0.0,0.0005212507192580609,0.0,0.0
7712,3855.2119687424,0.0,0.0,0.0,0.0005213164575723361,0.0,0.0
7713,3855.7126037599,0.0,0.0,0.0,0.0005213821992483168,0.0,0.0
7714,3856.2132389116,0.0,0.0,0.0,0.0005214479442841112,0.0,0.0
7715,3856.7138741975,0.0,0.0,0.0,0.0005215136926778385,0.0,0.0
7716,3857.2145096176,0.0,0.0,0.0,0.0005215794444276586,0.0,0.0
7717,3857.7151451719,0.0,0.0,0.0,0.0005216451995317301,0.0,0.0
7718,3858.2157808604,0.0,0.0,0.0,0.0005217109579881335,0.0,0.0
7719,3858.7164166831,0.0,-0.25,0.25,0.0005217767197950332,-479.13214698081237,479.13214698081237
7720,3859.21705264,0.0,0.0,0.0,0.0005218424849506119,0.0,0.0
7721,3859.7176887310998,0.0,0.0,0.0,0.0005219082534529268,0.0,0.0
7722,3860.2183249564,0.0,0.0,0.0,0.0005219740253001832,0.0,0.0
7723,3860.7189613159003,0.0,0.0,0.0,0.0005220398004904843,0.0,0.0
7724,3861.2195978095997,0.0,0.0,0.0,0.0005221055790220062,0.0,0.0
7725,3861.7202344375,0.0,0.0,0.0,0.0005221713608928583,0.0,0.0
7726,3862.2208711996,0.0,0.0,0.0,0.0005222371461012224,0.0,0.0
7727,3862.7215080959,0.0,-0.25,0.25,0.0005223029346452144,-478.64942625646535,478.64942625646535
7728,3863.2221451264,0.0,0.0,0.0,0.0005223687265229938,0.0,0.0
7729,3863.7227822911,0.0,0.0,0.0,0.0005224345217326919,0.0,0.0
7730,3864.22341959,0.0,-0.25,0.25,0.0005225003202724809,-478.46860623860755,478.46860623860755
7731,3864.7240570231,0.0,0.0,0.0,0.000522566122140481,0.0,0.0
7732,3865.2246945904003,1.0,1.0,1.0,0.0005226319273348586,1913.3924808219458,1913.3924808219458
7733,3865.7253322918996,0.0,0.0,0.0,0.0005226977358537801,0.0,0.0
7734,3866.2259701276,0.0,0.0,0.0,0.0005227635476953538,0.0,0.0
7735,3866.7266080975,0.0,0.0,0.0,0.0005228293628577753,0.0,0.0
7736,3867.2272462016,0.0,-0.25,0.25,0.000522895181339177,-478.1072936257124,478.1072936257124
7737,3867.7278844398998,0.0,0.0,0.0,0.0005229610031377019,0.0,0.0
7738,3868.2285228123997,0.0,0.0,0.0,0.0005230268282515285,0.0,0.0
7739,3868.7291613191,0.0,0.0,0.0,0.0005230926566788058,0.0,0.0
7740,3869.22979996,0.0,-0.25,0.25,0.0005231584884176951,-477.86666093506534,477.86666093506534
7741,3869.7304387351,0.0,0.0,0.0,0.0005232243234663119,0.0,0.0
7742,3870.2310776443996,0.0,0.0,0.0,0.0005232901618228856,0.0,0.0
7743,3870.7317166878997,0.0,0.0,0.0,0.0005233560034855202,0.0,0.0
7744,3871.2323558656,0.0,0.0,0.0,0.0005234218484524058,0.0,0.0
7745,3871.7329951775,0.0,0.0,0.0,0.0005234876967216635,0.0,0.0
7746,3872.2336346235998,0.0,0.0,0.0,0.0005235535482915062,0.0,0.0
7747,3872.7342742039,0.0,0.0,0.0,0.000523619403160067,0.0,0.0
7748,3873.2349139184,0.0,0.0,0.0,0.0005236852613255069,0.0,0.0
7749,3873.7355537671,0.0,-0.25,0.25,0.000523751122786005,-477.32594570903734,477.32594570903734
7750,3874.23619375,0.0,0.0,0.0,0.0005238169875397287,0.0,0.0
7751,3874.7368338671,0.0,0.0,0.0,0.0005238828555848335,0.0,0.0
7752,3875.2374741184,0.0,0.0,0.0,0.0005239487269194815,0.0,0.0
7753,3875.7381145039,0.0,0.0,0.0,0.0005240146015418579,0.0,0.0
7754,3876.2387550236,0.0,0.0,0.0,0.000524080479450118,0.0,0.0
7755,3876.7393956775004,0.0,0.0,0.0,0.0005241463606424359,0.0,0.0
7756,3877.2400364656,0.0,0.0,0.0,0.0005242122451169562,0.0,0.0
7757,3877.7406773878997,0.0,0.0,0.0,0.0005242781328718978,0.0,0.0
7758,3878.2413184444,0.0,-0.25,0.25,0.0005243440239054009,-476.78621020214683,476.78621020214683
7759,3878.7419596351,0.0,0.0,0.0,0.0005244099182156554,0.0,0.0
7760,3879.24260096,0.0,-0.25,0.25,0.0005244758158008297,-476.66640189742856,476.66640189742856
7761,3879.7432424190997,0.0,0.0,0.0,0.0005245417166590975,0.0,0.0
7762,3880.2438840124,0.0,0.0,0.0,0.0005246076207886275,0.0,0.0
7763,3880.7445257399,0.0,0.0,0.0,0.0005246735281876096,0.0,0.0
7764,3881.2451676016003,1.0,1.0,1.0,0.0005247394388541906,1905.7077207377015,1905.7077207377015
7765,3881.7458095975,0.0,0.0,0.0,0.0005248053527865834,0.0,0.0
7766,3882.2464517276,0.0,0.0,0.0,0.0005248712699829684,0.0,0.0
7767,3882.7470939919,0.0,0.0,0.0,0.0005249371904415024,0.0,0.0
7768,3883.2477363904,0.0,0.0,0.0,0.000525003114160377,0.0,0.0
7769,3883.7483789230996,0.0,0.0,0.0,0.000525069041137795,0.0,0.0
7770,3884.2490215899998,0.0,-0.25,0.25,0.0005251349713718905,-476.06808464286183,476.06808464286183
7771,3884.7496643911,0.0,-0.25,0.25,0.000525200904860867,-476.00831926637386,476.00831926637386
7772,3885.2503073264,0.0,-0.25,0.25,0.0005252668416029443,-475.94856594617886,475.94856594617886
7773,3885.7509503959,0.0,0.0,0.0,0.0005253327815962516,0.0,0.0
7774,3886.2515935996,0.0,0.0,0.0,0.0005253987248390206,0.0,0.0
7775,3886.7522369375,0.0,0.0,0.0,0.000525464671329403,0.0,0.0
7776,3887.2528804096,0.0,-0.25,0.25,0.0005255306210656078,-475.7096731929342,475.7096731929342
7777,3887.7535240159,0.0,0.0,0.0,0.0005255965740458156,0.0,0.0
7778,3888.2541677564,0.0,0.0,0.0,0.0005256625302682297,0.0,0.0
7779,3888.7548116311,0.0,0.0,0.0,0.0005257284897310198,0.0,0.0
7780,3889.25545564,1.0,1.0,1.0,0.0005257944524324173,1901.8838927908516,1901.8838927908516
7781,3889.7560997831,0.0,0.0,0.0,0.0005258604183705638,0.0,0.0
7782,3890.2567440604003,0.0,0.0,0.0,0.0005259263875436513,0.0,0.0
7783,3890.7573884719,0.0,0.0,0.0,0.0005259923599499175,0.0,0.0
7784,3891.2580330175997,0.0,0.0,0.0,0.0005260583355875209,0.0,0.0
7785,3891.7586776975,0.0,0.0,0.0,0.0005261243144546883,0.0,0.0
7786,3892.2593225116,0.0,0.0,0.0,0.0005261902965495668,0.0,0.0
7787,3892.7599674598996,0.0,0.0,0.0,0.0005262562818704052,0.0,0.0
7788,3893.2606125424,0.0,0.0,0.0,0.0005263222704153683,0.0,0.0
7789,3893.7612577591,0.0,0.0,0.0,0.0005263882621826661,0.0,0.0
7790,3894.2619031100003,0.0,-0.25,0.25,0.0005264542571705135,-474.8750657723856,474.8750657723856
7791,3894.7625485951003,0.0,-0.25,0.25,0.0005265202553770982,-474.8155411816928,474.8155411816928
7792,3895.2631942144,0.0,0.0,0.0,0.0005265862568006076,0.0,0.0
7793,3895.7638399679,0.0,0.0,0.0,0.0005266522614392512,0.0,0.0
7794,3896.2644858556,0.0,0.0,0.0,0.0005267182692912451,0.0,0.0
7795,3896.7651318775,0.0,-0.25,0.25,0.0005267842803547998,-474.5775630047654,474.5775630047654
7796,3897.2657780336,0.0,-0.25,0.25,0.0005268502946280799,-474.51809849794773,474.51809849794773
7797,3897.7664243238996,0.0,0.0,0.0,0.0005269163121093242,0.0,0.0
7798,3898.2670707484,0.0,0.0,0.0,0.0005269823327967261,0.0,0.0
7799,3898.7677173071,0.0,0.0,0.0,0.0005270483566885018,0.0,0.0
7800,3899.268364,0.0,0.0,0.0,0.000527114383782867,0.0,0.0
7801,3899.7690108271,0.0,0.0,0.0,0.0005271804140779877,0.0,0.0
7802,3900.2696577884,0.0,-0.25,0.25,0.0005272464475721365,-474.16156363157984,474.16156363157984
7803,3900.7703048839,0.0,0.0,0.0,0.0005273124842634789,0.0,0.0
7804,3901.2709521136003,0.0,0.0,0.0,0.0005273785241502372,0.0,0.0
7805,3901.7715994775,0.0,0.0,0.0,0.0005274445672306333,0.0,0.0
7806,3902.2722469756,0.0,0.0,0.0,0.0005275106135028612,0.0,0.0
7807,3902.7728946079,0.0,0.0,0.0,0.0005275766629651608,0.0,0.0
7808,3903.2735423744,0.0,0.0,0.0,0.0005276427156157142,0.0,0.0
7809,3903.7741902751,0.0,-0.25,0.25,0.0005277087714527723,-473.74615227970287,473.74615227970287
7810,3904.2748383099997,1.0,1.0,1.0,0.0005277748304745244,1894.7474230646735,1894.7474230646735
7811,3904.7754864791,0.0,0.0,0.0,0.0005278408926792145,0.0,0.0
7812,3905.2761347824,0.0,0.0,0.0,0.0005279069580650383,0.0,0.0
7813,3905.7767832199,0.0,0.0,0.0,0.0005279730266302291,0.0,0.0
7814,3906.2774317915996,0.0,0.0,0.0,0.0005280390983729816,0.0,0.0
7815,3906.7780804975,0.0,0.0,0.0,0.0005281051732915471,0.0,0.0
7816,3907.2787293376,0.0,0.0,0.0,0.0005281712513841202,0.0,0.0
7817,3907.7793783119,0.0,0.0,0.0,0.0005282373326489408,0.0,0.0
7818,3908.2800274204,0.0,0.0,0.0,0.0005283034170842436,0.0,0.0
7819,3908.7806766630997,0.0,0.0,0.0,0.0005283695046882232,0.0,0.0
7820,3909.28132604,0.0,0.0,0.0,0.0005284355954591316,0.0,0.0
7821,3909.7819755511,0.0,-0.25,0.25,0.0005285016893951802,-473.03538478013417,473.03538478013417
7822,3910.2826251964,0.0,-0.25,0.25,0.0005285677864945816,-472.9762319758069,472.9762319758069
7823,3910.7832749758995,0.0,0.0,0.0,0.0005286338867555985,0.0,0.0
7824,3911.2839248896,0.0,0.0,0.0,0.0005286999901764147,0.0,0.0
7825,3911.7845749375,0.0,0.0,0.0,0.000528766096755294,0.0,0.0
7826,3912.2852251196,0.0,0.0,0.0,0.0005288322064904594,0.0,0.0
7827,3912.7858754359,0.0,0.0,0.0,0.0005288983193801577,0.0,0.0
7828,3913.2865258864,0.0,0.0,0.0,0.0005289644354225787,0.0,0.0
7829,3913.7871764711,0.0,0.0,0.0,0.00052903055461598,0.0,0.0
7830,3914.28782719,0.0,0.0,0.0,0.0005290966769586025,0.0,0.0
7831,3914.7884780431,0.0,0.0,0.0,0.0005291628024486423,0.0,0.0
7832,3915.2891290303996,0.0,0.0,0.0,0.0005292289310843966,0.0,0.0
7833,3915.7897801519,0.0,0.0,0.0,0.0005292950628640446,0.0,0.0
7834,3916.2904314076,1.0,1.0,1.0,0.0005293611977858554,1889.0693238995843,1889.0693238995843
7835,3916.7910827975,0.0,0.0,0.0,0.0005294273358480425,0.0,0.0
7836,3917.2917343216,0.0,0.0,0.0,0.0005294934770488692,0.0,0.0
7837,3917.7923859799,0.0,0.0,0.0,0.0005295596213865663,0.0,0.0
7838,3918.2930377723997,0.0,0.0,0.0,0.0005296257688593462,0.0,0.0
7839,3918.7936896991,0.0,0.0,0.0,0.0005296919194655017,0.0,0.0
7840,3919.29434176,0.0,0.0,0.0,0.0005297580732032407,0.0,0.0
7841,3919.7949939551004,0.0,0.0,0.0,0.0005298242300707933,0.0,0.0
7842,3920.2956462844,0.0,0.0,0.0,0.0005298903900664408,0.0,0.0
7843,3920.7962987479,1.0,1.0,1.0,0.0005299565531883967,1886.9471355409494,1886.9471355409494
7844,3921.2969513456,0.0,0.0,0.0,0.0005300227194349201,0.0,0.0
7845,3921.7976040775,0.0,0.0,0.0,0.0005300888888042525,0.0,0.0
7846,3922.2982569436,0.0,0.0,0.0,0.0005301550612946248,0.0,0.0
7847,3922.7989099439,0.0,0.0,0.0,0.0005302212369043132,0.0,0.0
7848,3923.2995630784,0.0,0.0,0.0,0.0005302874156315481,0.0,0.0
7849,3923.8002163471,0.0,0.0,0.0,0.0005303535974745721,0.0,0.0
7850,3924.30086975,0.0,0.0,0.0,0.0005304197824316555,0.0,0.0
7851,3924.8015232871,0.0,-0.25,0.25,0.0005304859705010408,-471.2659974096516,471.2659974096516
7852,3925.3021769583997,0.0,0.0,0.0,0.0005305521616809927,0.0,0.0
7853,3925.8028307639,0.0,0.0,0.0,0.0005306183559697315,0.0,0.0
7854,3926.3034847036,0.0,0.0,0.0,0.0005306845533655107,0.0,0.0
7855,3926.8041387774997,1.0,1.0,1.0,0.0005307507538666243,1884.1235602866357,1884.1235602866357
7856,3927.3047929855998,0.0,0.0,0.0,0.0005308169574712973,0.0,0.0
7857,3927.8054473279,0.0,0.0,0.0,0.0005308831641777896,0.0,0.0
7858,3928.3061018044,0.0,-0.25,0.25,0.0005309493739843559,-470.8546845510851,470.8546845510851
7859,3928.8067564151,0.0,0.0,0.0,0.0005310155868892555,0.0,0.0
7860,3929.30741116,0.0,0.0,0.0,0.0005310818028907543,0.0,0.0
7861,3929.8080660390997,0.0,0.0,0.0,0.0005311480219870839,0.0,0.0
7862,3930.3087210524,0.0,0.0,0.0,0.0005312142441765489,0.0,0.0
7863,3930.8093761999003,0.0,0.0,0.0,0.0005312804694573764,0.0,0.0
7864,3931.3100314815997,1.0,1.0,1.0,0.0005313466978278378,1882.010378700069,1882.010378700069
7865,3931.8106868974996,0.0,0.0,0.0,0.0005314129292861702,0.0,0.0
7866,3932.3113424476,1.0,1.0,1.0,0.0005314791638306908,1881.5413059514826,1881.5413059514826
7867,3932.8119981319,0.0,0.0,0.0,0.0005315454014596035,0.0,0.0
7868,3933.3126539504,0.0,0.0,0.0,0.0005316116421712195,0.0,0.0
7869,3933.8133099030997,0.0,-0.25,0.25,0.0005316778859637878,-470.2095133161647,470.2095133161647
7870,3934.31396599,0.0,0.0,0.0,0.0005317441328355468,0.0,0.0
7871,3934.8146222111,0.0,0.0,0.0,0.0005318103827848191,0.0,0.0
7872,3935.3152785664,0.0,0.0,0.0,0.0005318766358098315,0.0,0.0
7873,3935.8159350559,0.0,0.0,0.0,0.000531942891908873,0.0,0.0
7874,3936.3165916795997,0.0,0.0,0.0,0.0005320091510801765,0.0,0.0
7875,3936.8172484375,0.0,0.0,0.0,0.0005320754133220702,0.0,0.0
7876,3937.3179053296,0.0,-0.25,0.25,0.0005321416786327701,-469.79969815994156,469.79969815994156
7877,3937.8185623559,0.0,0.0,0.0,0.0005322079470105826,0.0,0.0
7878,3938.3192195163997,0.0,0.0,0.0,0.0005322742184537691,0.0,0.0
7879,3938.8198768110997,0.0,0.0,0.0,0.0005323404929605956,0.0,0.0
7880,3939.32053424,0.0,0.0,0.0,0.0005324067705293463,0.0,0.0
7881,3939.8211918031,0.0,0.0,0.0,0.0005324730511582885,0.0,0.0
7882,3940.3218495004,0.0,-0.25,0.25,0.0005325393348457118,-469.4488907048161,469.4488907048161
7883,3940.8225073319,0.0,-0.25,0.25,0.0005326056215898887,-469.390464287105,469.390464287105
7884,3941.3231652976,0.0,0.0,0.0,0.0005326719113890808,0.0,0.0
7885,3941.8238233975,0.0,-0.25,0.25,0.0005327382042415947,-469.273646998716,469.273646998716
7886,3942.3244816316,0.0,0.0,0.0,0.000532804500145681,0.0,0.0
7887,3942.8251399999,1.0,1.0,1.0,0.0005328707990996298,1876.6275083747494,1876.6275083747494
7888,3943.3257985023997,0.0,0.0,0.0,0.0005329371011017306,0.0,0.0
7889,3943.8264571391,0.0,0.0,0.0,0.0005330034061502345,0.0,0.0
7890,3944.32711591,0.0,0.0,0.0,0.0005330697142434766,0.0,0.0
7891,3944.8277748151,0.0,0.0,0.0,0.0005331360253796849,0.0,0.0
7892,3945.3284338544,0.0,0.0,0.0,0.0005332023395571897,0.0,0.0
7893,3945.8290930279,0.0,0.0,0.0,0.0005332686567742185,0.0,0.0
7894,3946.3297523356,1.0,0.75,1.0307764064044151,0.000533334977029136,1406.2456660498149,1932.6998055634817
7895,3946.8304117775,0.0,0.0,0.0,0.0005334013003201754,0.0,0.0
7896,3947.3310713536,0.0,0.0,0.0,0.000533467626645605,0.0,0.0
7897,3947.8317310639,0.0,0.0,0.0,0.0005335339560037779,0.0,0.0
7898,3948.3323909084,0.0,0.0,0.0,0.0005336002883929221,0.0,0.0
7899,3948.8330508871,0.0,0.0,0.0,0.0005336666238113622,0.0,0.0
7900,3949.3337109999998,0.0,-0.25,0.25,0.0005337329622573841,-468.39902662680504,468.39902662680504
7901,3949.8343712470996,0.0,0.0,0.0,0.0005337993037292444,0.0,0.0
7902,3950.3350316284,0.0,0.0,0.0,0.0005338656482252733,0.0,0.0
7903,3950.8356921439,1.0,1.0,1.0,0.0005339319957437677,1872.8976872925534,1872.8976872925534
7904,3951.3363527936003,0.0,0.0,0.0,0.0005339983462829848,0.0,0.0
7905,3951.8370135775,0.0,0.0,0.0,0.0005340646998412612,0.0,0.0
7906,3952.3376744956,0.0,0.0,0.0,0.0005341310564168537,0.0,0.0
7907,3952.8383355479,0.0,0.0,0.0,0.0005341974160080937,0.0,0.0
7908,3953.3389967344,0.0,0.0,0.0,0.0005342637786132439,0.0,0.0
7909,3953.8396580551,1.0,1.0,1.0,0.0005343301442306238,1871.5021242903845,1871.5021242903845
7910,3954.34031951,0.0,0.0,0.0,0.0005343965128585197,0.0,0.0
7911,3954.8409810990997,0.0,-0.25,0.25,0.0005344628844952457,-467.7593285754605,467.7593285754605
7912,3955.3416428224,1.0,1.0,1.0,0.0005345292591390928,1870.8049800876931,1870.8049800876931
7913,3955.8423046799003,0.0,0.0,0.0,0.0005345956367883642,0.0,0.0
7914,3956.3429666715997,0.0,-0.25,0.25,0.0005346620174413637,-467.58511329527437,467.58511329527437
7915,3956.8436287975,0.0,-0.5,0.3535533905932738,0.0005347284010963482,-935.0541302366867,661.1831162668503
7916,3957.3442910576,0.0,0.0,0.0,0.0005347947877516892,0.0,0.0
7917,3957.8449534519,0.0,0.0,0.0,0.0005348611774056617,0.0,0.0
7918,3958.3456159804,0.0,0.0,0.0,0.0005349275700565801,0.0,0.0
7919,3958.8462786430996,0.0,0.0,0.0,0.000534993965702708,0.0,0.0
7920,3959.34694144,0.0,0.0,0.0,0.0005350603643424059,0.0,0.0
7921,3959.8476043711,0.0,0.0,0.0,0.0005351267659739764,0.0,0.0
7922,3960.3482674364,0.0,0.0,0.0,0.0005351931705956903,0.0,0.0
7923,3960.8489306358997,0.0,-0.25,0.25,0.0005352595782058615,-467.06310392048636,467.06310392048636
7924,3961.3495939696,0.0,0.0,0.0,0.0005353259888028454,0.0,0.0
7925,3961.8502574374997,0.0,0.0,0.0,0.0005353924023848827,0.0,0.0
7926,3962.3509210396,0.0,0.0,0.0,0.0005354588189503569,0.0,0.0
7927,3962.8515847759004,0.0,0.0,0.0,0.0005355252384975152,0.0,0.0
7928,3963.3522486464,0.0,0.0,0.0,0.0005355916610247011,0.0,0.0
7929,3963.8529126511,0.0,0.0,0.0,0.0005356580865302468,0.0,0.0
7930,3964.35357679,0.0,0.0,0.0,0.0005357245150124448,0.0,0.0
7931,3964.8542410631003,0.0,0.0,0.0,0.0005357909464696055,0.0,0.0
7932,3965.3549054704,0.0,0.0,0.0,0.0005358573809000383,0.0,0.0
7933,3965.8555700119,0.0,0.0,0.0,0.000535923818302076,0.0,0.0
7934,3966.3562346876,0.0,0.0,0.0,0.0005359902586740338,0.0,0.0
7935,3966.8568994975,0.0,0.0,0.0,0.0005360567020142274,0.0,0.0
7936,3967.3575644416,0.0,0.0,0.0,0.0005361231483209729,0.0,0.0
7937,3967.8582295199,0.0,0.0,0.0,0.0005361895975926086,0.0,0.0
7938,3968.3588947324,0.0,0.0,0.0,0.000536256049827433,0.0,0.0
7939,3968.8595600791,0.0,0.0,0.0,0.000536322505023746,0.0,0.0
7940,3969.36022556,1.0,1.0,1.0,0.0005363889631799306,1864.3187474842803,1864.3187474842803
7941,3969.8608911751,0.0,-0.5,0.3535533905932738,0.0005364554242942519,-932.0438891223595,659.054554361903
7942,3970.3615569244,0.0,0.0,0.0,0.0005365218883650609,0.0,0.0
7943,3970.8622228079,0.0,0.0,0.0,0.0005365883553906895,0.0,0.0
7944,3971.3628888256,0.0,0.0,0.0,0.0005366548253694322,0.0,0.0
7945,3971.8635549775004,0.0,-0.25,0.25,0.0005367212982996559,-465.7910926806988,465.7910926806988
7946,3972.3642212635996,1.0,1.0,1.0,0.000536787774179643,1862.9336361623934,1862.9336361623934
7947,3972.8648876838997,0.0,0.0,0.0,0.0005368542530077552,0.0,0.0
7948,3973.3655542384,0.0,-0.25,0.25,0.000536920734782292,-465.6180769427145,465.6180769427145
7949,3973.8662209271,0.0,0.0,0.0,0.0005369872195016094,0.0,0.0
7950,3974.36688775,0.0,-0.25,0.25,0.0005370537071640245,-465.50279174154576,465.50279174154576
7951,3974.8675547070998,0.0,0.0,0.0,0.0005371201977678873,0.0,0.0
7952,3975.3682217984,0.0,0.0,0.0,0.0005371866913114868,0.0,0.0
7953,3975.8688890239,0.0,0.0,0.0,0.0005372531877931903,0.0,0.0
7954,3976.3695563836,0.0,0.0,0.0,0.0005373196872113262,0.0,0.0
7955,3976.8702238775,0.0,0.0,0.0,0.0005373861895642057,0.0,0.0
7956,3977.3708915056,0.0,0.0,0.0,0.0005374526948501906,0.0,0.0
7957,3977.8715592679,0.0,-0.25,0.25,0.0005375192030676158,-465.0996626227546,465.0996626227546
7958,3978.3722271644,0.0,0.0,0.0,0.0005375857142147862,0.0,0.0
7959,3978.8728951950998,0.0,0.0,0.0,0.0005376522282900763,0.0,0.0
7960,3979.37356336,0.0,0.0,0.0,0.0005377187452917855,0.0,0.0
7961,3979.8742316591,0.0,0.0,0.0,0.0005377852652182883,0.0,0.0
7962,3980.3749000924,0.0,0.0,0.0,0.0005378517880678907,0.0,0.0
7963,3980.8755686599,0.0,0.0,0.0,0.000537918313838961,0.0,0.0
7964,3981.3762373615996,0.0,0.0,0.0,0.0005379848425298275,0.0,0.0
7965,3981.8769061975,0.0,0.0,0.0,0.0005380513741388195,0.0,0.0
7966,3982.3775751676,1.0,1.0,1.0,0.0005381179086643168,1858.3287861244733,1858.3287861244733
7967,3982.8782442719003,0.0,0.0,0.0,0.0005381844461046254,0.0,0.0
7968,3983.3789135104,0.0,0.0,0.0,0.0005382509864581031,0.0,0.0
7969,3983.8795828831,0.0,0.0,0.0,0.0005383175297230955,0.0,0.0
7970,3984.38025239,0.0,0.0,0.0,0.0005383840758979155,0.0,0.0
7971,3984.8809220311,0.0,0.0,0.0,0.0005384506249809702,0.0,0.0
7972,3985.3815918064,0.0,0.0,0.0,0.0005385171769705731,0.0,0.0
7973,3985.8822617159,0.0,0.0,0.0,0.0005385837318650701,0.0,0.0
7974,3986.3829317596,0.0,0.0,0.0,0.000538650289662796,0.0,0.0
7975,3986.8836019375,0.0,0.0,0.0,0.0005387168503621484,0.0,0.0
7976,3987.3842722496,0.0,0.0,0.0,0.0005387834139614231,0.0,0.0
7977,3987.8849426958996,0.0,0.0,0.0,0.0005388499804589772,0.0,0.0
7978,3988.3856132764,0.0,0.0,0.0,0.0005389165498532034,0.0,0.0
7979,3988.8862839911,0.0,0.0,0.0,0.0005389831221424252,0.0,0.0
7980,3989.38695484,1.0,0.75,1.0307764064044151,0.0005390496973249952,1391.3373919359092,1912.210342607717
7981,3989.8876258231003,0.0,0.0,0.0,0.0005391162753992826,0.0,0.0
7982,3990.3882969404,0.0,0.0,0.0,0.0005391828563635893,0.0,0.0
7983,3990.8889681919,0.0,0.0,0.0,0.0005392494402163409,0.0,0.0
7984,3991.3896395776,0.0,-0.25,0.25,0.0005393160269558623,-463.5501032875109,463.5501032875109
7985,3991.8903110975,0.0,0.0,0.0,0.0005393826165804831,0.0,0.0
7986,3992.3909827516,0.0,0.0,0.0,0.0005394492090886245,0.0,0.0
7987,3992.8916545398997,0.0,0.0,0.0,0.0005395158044786161,0.0,0.0
7988,3993.3923264624,0.0,-0.25,0.25,0.000539582402748788,-463.3212623807375,463.3212623807375
7989,3993.8929985191,0.0,0.0,0.0,0.0005396490038975165,0.0,0.0
7990,3994.39367071,0.0,0.0,0.0,0.0005397156079231652,0.0,0.0
7991,3994.8943430350996,0.0,0.0,0.0,0.0005397822148241043,0.0,0.0
7992,3995.3950154944,0.0,0.0,0.0,0.0005398488245986871,0.0,0.0
7993,3995.8956880879,0.0,-0.25,0.25,0.0005399154372452836,-463.0354732502768,463.0354732502768
7994,3996.3963608156,0.0,0.0,0.0,0.0005399820527622358,0.0,0.0
7995,3996.8970336775,0.0,0.0,0.0,0.0005400486711479416,0.0,0.0
7996,3997.3977066735997,0.0,-0.25,0.25,0.0005401152924007383,-462.8641394113919,462.8641394113919
7997,3997.8983798039,0.0,0.0,0.0,0.0005401819165190185,0.0,0.0
7998,3998.3990530684,0.0,0.0,0.0,0.000540248543501118,0.0,0.0
7999,3998.8997264671,0.0,0.0,0.0,0.0005403151733454142,0.0,0.0
8000,3999.4004,0.0,0.0,0.0,0.0005403818060503052,0.0,0.0
8001,3999.9010736671,0.0,0.0,0.0,0.0005404484416140937,0.0,0.0
8002,4000.4017474684,0.0,0.0,0.0,0.0005405166217408002,0.0,0.0
8003,4000.9024214039,0.0,0.0,0.0,0.0005405851845739928,0.0,0.0
8004,4001.4030954736004,0.0,0.0,0.0,0.0005406537505065327,0.0,0.0
8005,4001.9037696775,0.0,0.0,0.0,0.0005407223195367586,0.0,0.0
8006,4002.4044440156,0.0,0.0,0.0,0.0005407908916630879,0.0,0.0
8007,4002.9051184879,0.0,0.0,0.0,0.0005408594668838875,0.0,0.0
8008,4003.4057930944,0.0,0.0,0.0,0.0005409280451974911,0.0,0.0
8009,4003.9064678350996,0.0,0.0,0.0,0.0005409966266023214,0.0,0.0
8010,4004.40714271,0.0,0.0,0.0,0.0005410652110967514,0.0,0.0
8011,4004.9078177191,0.0,0.0,0.0,0.0005411337986791253,0.0,0.0
8012,4005.4084928624,0.0,0.0,0.0,0.0005412023893478443,0.0,0.0
8013,4005.9091681399,0.0,0.0,0.0,0.0005412709831012977,0.0,0.0
8014,4006.4098435516,0.0,0.0,0.0,0.0005413395799378704,0.0,0.0
8015,4006.9105190975,0.0,0.0,0.0,0.0005414081798559118,0.0,0.0
8016,4007.4111947776,0.0,0.0,0.0,0.0005414767828538118,0.0,0.0
8017,4007.9118705919,0.0,0.0,0.0,0.0005415453889299663,0.0,0.0
8018,4008.4125465404,0.0,0.0,0.0,0.0005416139980827422,0.0,0.0
8019,4008.9132226231,0.0,0.0,0.0,0.0005416826103105469,0.0,0.0
8020,4009.41389884,0.0,0.0,0.0,0.0005417512256117527,0.0,0.0
8021,4009.9145751911,0.0,0.0,0.0,0.0005418198439847274,0.0,0.0
8022,4010.4152516764,0.0,0.0,0.0,0.0005418884654278837,0.0,0.0
8023,4010.9159282959,0.0,0.0,0.0,0.0005419570899396057,0.0,0.0
8024,4011.4166050496,0.0,0.0,0.0,0.0005420257175182721,0.0,0.0
8025,4011.9172819375,0.0,0.0,0.0,0.0005420943481622512,0.0,0.0
8026,4012.4179589596,0.0,0.0,0.0,0.0005421629818699606,0.0,0.0
8027,4012.9186361159,0.0,0.0,0.0,0.0005422316186398133,0.0,0.0
8028,4013.4193134064,0.0,0.0,0.0,0.0005423002584701261,0.0,0.0
8029,4013.9199908310998,0.0,0.0,0.0,0.0005423689013593458,0.0,0.0
8030,4014.42066839,0.0,0.0,0.0,0.0005424375473058461,0.0,0.0
8031,4014.9213460831,0.0,0.0,0.0,0.000542506196308034,0.0,0.0
8032,4015.4220239103997,0.0,0.0,0.0,0.0005425748483642825,0.0,0.0
8033,4015.9227018719,0.0,0.0,0.0,0.0005426435034729826,0.0,0.0
8034,4016.4233799676,0.0,0.0,0.0,0.0005427121616325585,0.0,0.0
8035,4016.9240581975,0.0,0.0,0.0,0.0005427808228413948,0.0,0.0
8036,4017.4247365615997,0.0,0.0,0.0,0.00054284948709786,0.0,0.0
8037,4017.9254150599,0.0,0.0,0.0,0.0005429181544003946,0.0,0.0
8038,4018.4260936923997,0.0,0.0,0.0,0.0005429868247473559,0.0,0.0
8039,4018.9267724591,0.0,0.0,0.0,0.0005430554981371684,0.0,0.0
8040,4019.4274513600003,0.0,0.0,0.0,0.0005431241745682114,0.0,0.0
8041,4019.9281303950997,0.0,0.0,0.0,0.0005431928540388985,0.0,0.0
8042,4020.4288095643997,0.0,0.0,0.0,0.0005432615365476253,0.0,0.0
8043,4020.9294888679,0.0,0.0,0.0,0.0005433302220927943,0.0,0.0
8044,4021.4301683056,0.0,0.0,0.0,0.0005433989106728248,0.0,0.0
8045,4021.9308478774997,0.0,0.0,0.0,0.0005434676022860958,0.0,0.0
8046,4022.4315275835997,0.0,0.0,0.0,0.0005435362969309876,0.0,0.0
8047,4022.9322074239,0.0,0.0,0.0,0.0005436049946059751,0.0,0.0
8048,4023.4328873984,0.0,0.0,0.0,0.0005436736953093761,0.0,0.0
8049,4023.9335675071,0.0,0.0,0.0,0.0005437423990396777,0.0,0.0
8050,4024.43424775,0.0,0.0,0.0,0.00054381110579522,0.0,0.0
8051,4024.9349281270997,0.0,0.0,0.0,0.0005438798155744561,0.0,0.0
8052,4025.4356086384,0.0,0.0,0.0,0.0005439485283757827,0.0,0.0
8053,4025.9362892839,0.0,0.0,0.0,0.0005440172441975801,0.0,0.0
8054,4026.4369700636,0.0,0.0,0.0,0.0005440859630382783,0.0,0.0
8055,4026.9376509774997,0.0,0.0,0.0,0.0005441546848962969,0.0,0.0
8056,4027.4383320255997,0.0,0.0,0.0,0.0005442234097700612,0.0,0.0
8057,4027.9390132079,0.0,0.0,0.0,0.0005442921376579175,0.0,0.0
8058,4028.4396945244002,0.0,0.0,0.0,0.0005443608685583302,0.0,0.0
8059,4028.9403759751,0.0,0.0,0.0,0.0005444296024697188,0.0,0.0
8060,4029.44105756,0.0,0.0,0.0,0.0005444983393904409,0.0,0.0
8061,4029.9417392791,0.0,0.0,0.0,0.0005445670793189782,0.0,0.0
8062,4030.4424211324,0.0,0.0,0.0,0.0005446358222536995,0.0,0.0
8063,4030.9431031198997,0.0,0.0,0.0,0.0005447045681930358,0.0,0.0
8064,4031.4437852416,0.0,0.0,0.0,0.0005447733171354072,0.0,0.0
8065,4031.9444674974998,0.0,0.0,0.0,0.0005448420690792103,0.0,0.0
8066,4032.4451498876,0.0,0.0,0.0,0.0005449108240228937,0.0,0.0
8067,4032.9458324119,0.0,0.0,0.0,0.0005449795819648489,0.0,0.0
8068,4033.4465150704,0.0,0.0,0.0,0.0005450483429035122,0.0,0.0
8069,4033.9471978631,0.0,0.0,0.0,0.0005451171068372927,0.0,0.0
8070,4034.44788079,0.0,0.0,0.0,0.000545185873764605,0.0,0.0
8071,4034.9485638511,0.0,0.0,0.0,0.0005452546436838906,0.0,0.0
8072,4035.4492470463997,0.0,0.0,0.0,0.0005453234165935481,0.0,0.0
8073,4035.9499303759,0.0,0.0,0.0,0.0005453921924920085,0.0,0.0
8074,4036.4506138396,0.0,0.0,0.0,0.0005454609713777362,0.0,0.0
8075,4036.9512974375,0.0,0.0,0.0,0.0005455297532490568,0.0,0.0
8076,4037.4519811696,0.0,0.0,0.0,0.000545598538104491,0.0,0.0
8077,4037.9526650359,0.0,0.0,0.0,0.0005456673259424365,0.0,0.0
8078,4038.4533490363997,0.0,0.0,0.0,0.00054573611676128,0.0,0.0
8079,4038.9540331711,0.0,0.0,0.0,0.0005458049105594981,0.0,0.0
8080,4039.45471744,0.0,0.0,0.0,0.0005458737073355,0.0,0.0
8081,4039.9554018431004,0.0,0.0,0.0,0.0005459425070876945,0.0,0.0
8082,4040.4560863804,0.0,0.0,0.0,0.0005460113098145586,0.0,0.0
8083,4040.9567710519,0.0,0.0,0.0,0.0005460801155144731,0.0,0.0
8084,4041.4574558576,0.0,0.0,0.0,0.0005461489241858747,0.0,0.0
8085,4041.9581407975,0.0,0.0,0.0,0.0005462177358272187,0.0,0.0
8086,4042.4588258716,0.0,0.0,0.0,0.0005462865504369141,0.0,0.0
8087,4042.9595110799,0.0,0.0,0.0,0.0005463553680134151,0.0,0.0
8088,4043.4601964224,0.0,0.0,0.0,0.0005464241885551476,0.0,0.0
8089,4043.9608818991,0.0,0.0,0.0,0.0005464930120605219,0.0,0.0
8090,4044.4615675100004,0.0,0.0,0.0,0.0005465618385280137,0.0,0.0
8091,4044.9622532550998,0.0,0.0,0.0,0.0005466306679560223,0.0,0.0
8092,4045.4629391344,0.0,0.0,0.0,0.0005466995003429851,0.0,0.0
8093,4045.9636251479,0.0,0.0,0.0,0.0005467683356873733,0.0,0.0
8094,4046.4643112956,0.0,0.0,0.0,0.0005468371739875738,0.0,0.0
8095,4046.9649975774996,0.0,0.0,0.0,0.0005469060152420755,0.0,0.0
8096,4047.4656839935997,0.0,0.0,0.0,0.0005469748594492878,0.0,0.0
8097,4047.9663705438998,0.0,0.0,0.0,0.0005470437066076484,0.0,0.0
8098,4048.4670572284,0.0,0.0,0.0,0.0005471125567155953,0.0,0.0
8099,4048.9677440471,0.0,0.0,0.0,0.000547181409771583,0.0,0.0
8100,4049.468431,0.0,0.0,0.0,0.0005472502657740499,0.0,0.0
8101,4049.9691180871,0.0,0.0,0.0,0.0005473191247214508,0.0,0.0
8102,4050.4698053084,0.0,0.0,0.0,0.0005473879866121839,0.0,0.0
8103,4050.9704926639,0.0,0.0,0.0,0.000547456851444749,0.0,0.0
8104,4051.4711801535996,0.0,0.0,0.0,0.0005475257192175397,0.0,0.0
8105,4051.9718677775,0.0,0.0,0.0,0.0005475945899290221,0.0,0.0
8106,4052.4725555356,0.0,0.0,0.0,0.000547663463577662,0.0,0.0
8107,4052.9732434279,0.0,0.0,0.0,0.0005477323401618871,0.0,0.0
8108,4053.4739314544004,0.0,0.0,0.0,0.000547801219680141,0.0,0.0
8109,4053.9746196151,0.0,0.0,0.0,0.0005478701021308729,0.0,0.0
8110,4054.47530791,0.0,0.0,0.0,0.0005479389875125267,0.0,0.0
8111,4054.9759963391,0.0,0.0,0.0,0.0005480078758235577,0.0,0.0
8112,4055.4766849024,0.0,0.0,0.0,0.0005480767670624327,0.0,0.0
8113,4055.9773735998997,0.0,0.0,0.0,0.0005481456612275783,0.0,0.0
8114,4056.4780624316,0.0,0.0,0.0,0.0005482145583174505,0.0,0.0
8115,4056.9787513974998,0.0,0.0,0.0,0.0005482834583304813,0.0,0.0
8116,4057.4794404976,0.0,0.0,0.0,0.0005483523612651889,0.0,0.0
8117,4057.9801297319,0.0,0.0,0.0,0.0005484212671199606,0.0,0.0
8118,4058.4808191004,0.0,0.0,0.0,0.000548490175893263,0.0,0.0
8119,4058.9815086031,0.0,0.0,0.0,0.0005485590875835689,0.0,0.0
8120,4059.48219824,0.0,0.0,0.0,0.0005486280021893106,0.0,0.0
8121,4059.9828880111,0.0,0.0,0.0,0.000548696919708978,0.0,0.0
8122,4060.4835779163996,0.0,0.0,0.0,0.0005487658401409933,0.0,0.0
8123,4060.9842679558997,0.0,0.0,0.0,0.0005488347634838394,0.0,0.0
8124,4061.4849581296,0.0,0.0,0.0,0.000548903689735961,0.0,0.0
8125,4061.9856484375,0.0,0.0,0.0,0.0005489726188957976,0.0,0.0
8126,4062.4863388796,0.0,0.0,0.0,0.0005490415509618546,0.0,0.0
8127,4062.9870294558996,0.0,0.0,0.0,0.0005491104859325543,0.0,0.0
8128,4063.4877201664,0.0,0.0,0.0,0.0005491794238063527,0.0,0.0
8129,4063.9884110111,0.0,0.0,0.0,0.0005492483645817504,0.0,0.0
8130,4064.48910199,0.0,0.0,0.0,0.0005493173082571979,0.0,0.0
8131,4064.9897931030996,0.0,0.0,0.0,0.0005493862548311288,0.0,0.0
8132,4065.4904843504,0.0,0.0,0.0,0.0005494552043020265,0.0,0.0
8133,4065.9911757319,0.0,0.0,0.0,0.0005495241566683527,0.0,0.0
8134,4066.4918672476,0.0,0.0,0.0,0.0005495931119285641,0.0,0.0
8135,4066.9925588975,0.0,0.0,0.0,0.0005496620700811728,0.0,0.0
8136,4067.4932506816,0.0,0.0,0.0,0.0005497310311245612,0.0,0.0
8137,4067.9939425999,0.0,0.0,0.0,0.0005497999950572761,0.0,0.0
8138,4068.4946346524,0.0,0.0,0.0,0.0005498689618777389,0.0,0.0
8139,4068.9953268391,0.0,0.0,0.0,0.0005499379315844354,0.0,0.0
8140,4069.49601916,0.0,0.0,0.0,0.000550006904175832,0.0,0.0
8141,4069.9967116150997,0.0,0.0,0.0,0.0005500758796503853,0.0,0.0
8142,4070.4974042044,0.0,0.0,0.0,0.0005501448580065791,0.0,0.0
8143,4070.9980969279,0.0,0.0,0.0,0.0005502138392428879,0.0,0.0
8144,4071.4987897856,0.0,0.0,0.0,0.000550282823357767,0.0,0.0
8145,4071.9994827775,0.0,0.0,0.0,0.0005503518103496956,0.0,0.0
8146,4072.5001759036,0.0,0.0,0.0,0.0005504208002171697,0.0,0.0
8147,4073.0008691639,0.0,0.0,0.0,0.000550489792958623,0.0,0.0
8148,4073.5015625584,0.0,0.0,0.0,0.0005505587885725629,0.0,0.0
8149,4074.0022560871,0.0,0.0,0.0,0.0005506277870574399,0.0,0.0
8150,4074.50294975,0.0,0.0,0.0,0.0005506967884117561,0.0,0.0
8151,4075.0036435470997,0.0,0.0,0.0,0.0005507657926339396,0.0,0.0
8152,4075.5043374784,0.0,0.0,0.0,0.0005508347997225147,0.0,0.0
8153,4076.0050315439003,0.0,0.0,0.0,0.0005509038096759718,0.0,0.0
8154,4076.5057257435997,0.0,0.0,0.0,0.0005509728224927509,0.0,0.0
8155,4077.0064200775,0.0,0.0,0.0,0.000551041838171325,0.0,0.0
8156,4077.5071145456,0.0,0.0,0.0,0.000551110856710208,0.0,0.0
8157,4078.0078091479,0.0,0.0,0.0,0.0005511798781078789,0.0,0.0
8158,4078.5085038844,0.0,0.0,0.0,0.000551248902362783,0.0,0.0
8159,4079.0091987551,0.0,0.0,0.0,0.0005513179294734112,0.0,0.0
8160,4079.50989376,0.0,0.0,0.0,0.0005513869594382878,0.0,0.0
8161,4080.0105888991,0.0,0.0,0.0,0.0005514559922558249,0.0,0.0
8162,4080.5112841724003,0.0,0.0,0.0,0.0005515250279245805,0.0,0.0
8163,4081.0119795798996,0.0,0.0,0.0,0.0005515940664429951,0.0,0.0
8164,4081.5126751216,0.0,0.0,0.0,0.0005516631078095765,0.0,0.0
8165,4082.0133707975,0.0,0.0,0.0,0.0005517321520227982,0.0,0.0
8166,4082.5140666076,0.0,0.0,0.0,0.0005518011990811282,0.0,0.0
8167,4083.0147625519003,0.0,0.0,0.0,0.000551870248983081,0.0,0.0
8168,4083.5154586303997,0.0,0.0,0.0,0.0005519393017271526,0.0,0.0
8169,4084.0161548430997,0.0,0.0,0.0,0.0005520083573118003,0.0,0.0
8170,4084.51685119,0.0,0.0,0.0,0.0005520774157355375,0.0,0.0
8171,4085.0175476711,0.0,0.0,0.0,0.0005521464769968161,0.0,0.0
8172,4085.5182442863997,0.0,0.0,0.0,0.0005522155410941886,0.0,0.0
8173,4086.0189410359,0.0,0.0,0.0,0.0005522846080261072,0.0,0.0
8174,4086.5196379196,0.0,0.0,0.0,0.0005523536777910573,0.0,0.0
8175,4087.0203349375,0.0,0.0,0.0,0.0005524227503875528,0.0,0.0
8176,4087.5210320896003,0.0,0.0,0.0,0.0005524918258140901,0.0,0.0
8177,4088.0217293758997,0.0,0.0,0.0,0.0005525609040691379,0.0,0.0
8178,4088.5224267964,0.0,0.0,0.0,0.000552629985151205,0.0,0.0
8179,4089.0231243511,0.0,0.0,0.0,0.0005526990690587822,0.0,0.0
8180,4089.52382204,0.0,0.0,0.0,0.0005527681557903609,0.0,0.0
8181,4090.0245198630996,0.0,0.0,0.0,0.0005528372453444666,0.0,0.0
8182,4090.5252178204,0.0,0.0,0.0,0.0005529063377195681,0.0,0.0
8183,4091.0259159119,0.0,0.0,0.0,0.0005529754329141561,0.0,0.0
8184,4091.5266141376,0.0,0.0,0.0,0.0005530445309267681,0.0,0.0
8185,4092.0273124975,0.0,0.0,0.0,0.0005531136317558787,0.0,0.0
8186,4092.5280109916,0.0,0.0,0.0,0.0005531827353999615,0.0,0.0
8187,4093.0287096199,0.0,0.0,0.0,0.0005532518418575655,0.0,0.0
8188,4093.5294083824,0.0,0.0,0.0,0.0005533209511271479,0.0,0.0
8189,4094.0301072791003,0.0,0.0,0.0,0.000553390063207246,0.0,0.0
8190,4094.5308063099997,0.0,0.0,0.0,0.0005534591780963678,0.0,0.0
8191,4095.0315054751,0.0,0.0,0.0,0.0005535282957929714,0.0,0.0
