channel,energy_keV,raw_counts,background_adjusted_counts,background_adjusted_unc,efficiency,final_corrected_counts,final_corrected_unc
0,-1.694,0.0,0.0,0.0,nan,nan,nan
1,-1.1943999329,0.0,0.0,0.0,nan,nan,nan
2,-0.6947997316,0.0,0.0,0.0,nan,nan,nan
3,-0.19519939610000003,0.0,0.0,0.0,nan,nan,nan
4,0.3044010736,0.0,0.0,0.0,nan,nan,nan
5,0.8040016774999998,0.0,0.0,0.0,nan,nan,nan
6,1.3036024156,0.0,0.0,0.0,nan,nan,nan
7,1.8032032879,0.0,0.0,0.0,nan,nan,nan
8,2.3028042944,0.0,0.0,0.0,nan,nan,nan
9,2.8024054350999994,0.0,0.0,0.0,nan,nan,nan
10,3.3020067099999997,0.0,0.0,0.0,nan,nan,nan
11,3.8016081190999995,0.0,0.0,0.0,nan,nan,nan
12,4.3012096624,0.0,0.0,0.0,nan,nan,nan
13,4.8008113399,0.0,0.0,0.0,nan,nan,nan
14,5.3004131516,0.0,0.0,0.0,nan,nan,nan
15,5.8000150975,0.0,0.0,0.0,nan,nan,nan
16,6.2996171776,0.0,0.0,0.0,nan,nan,nan
17,6.7992193919,0.0,0.0,0.0,nan,nan,nan
18,7.298821740399999,0.0,0.0,0.0,nan,nan,nan
19,7.7984242231,0.0,0.0,0.0,nan,nan,nan
20,8.298026839999999,0.0,0.0,0.0,nan,nan,nan
21,8.7976295911,0.0,0.0,0.0,nan,nan,nan
22,9.2972324764,0.0,0.0,0.0,nan,nan,nan
23,9.796835495900002,0.0,0.0,0.0,nan,nan,nan
24,10.296438649599999,0.0,0.0,0.0,nan,nan,nan
25,10.7960419375,0.0,0.0,0.0,nan,nan,nan
26,11.2956453596,0.0,0.0,0.0,nan,nan,nan
27,11.795248915900002,0.0,0.0,0.0,nan,nan,nan
28,12.2948526064,0.0,0.0,0.0,nan,nan,nan
29,12.7944564311,0.0,0.0,0.0,nan,nan,nan
30,13.29406039,0.0,0.0,0.0,nan,nan,nan
31,13.7936644831,0.0,0.0,0.0,nan,nan,nan
32,14.2932687104,0.0,0.0,0.0,nan,nan,nan
33,14.792873071899999,0.0,0.0,0.0,nan,nan,nan
34,15.2924775676,0.0,0.0,0.0,nan,nan,nan
35,15.792082197500001,0.0,0.0,0.0,nan,nan,nan
36,16.2916869616,0.0,0.0,0.0,nan,nan,nan
37,16.7912918599,0.0,0.0,0.0,nan,nan,nan
38,17.2908968924,0.0,0.0,0.0,nan,nan,nan
39,17.790502059100003,0.0,0.0,0.0,nan,nan,nan
40,18.29010736,0.0,0.0,0.0,nan,nan,nan
41,18.7897127951,0.0,0.0,0.0,nan,nan,nan
42,19.2893183644,0.0,0.0,0.0,nan,nan,nan
43,19.788924067900002,0.0,0.0,0.0,nan,nan,nan
44,20.2885299056,0.0,0.0,0.0,nan,nan,nan
45,20.7881358775,0.0,0.0,0.0,nan,nan,nan
46,21.2877419836,0.0,0.0,0.0,nan,nan,nan
47,21.7873482239,0.0,0.0,0.0,nan,nan,nan
48,22.2869545984,0.0,0.0,0.0,nan,nan,nan
49,22.7865611071,0.0,0.0,0.0,nan,nan,nan
50,23.28616775,0.0,0.0,0.0,nan,nan,nan
51,23.7857745271,0.0,0.0,0.0,nan,nan,nan
52,24.285381438399998,0.0,0.0,0.0,nan,nan,nan
53,24.7849884839,0.0,0.0,0.0,nan,nan,nan
54,25.2845956636,0.0,0.0,0.0,nan,nan,nan
55,25.784202977499998,0.0,0.0,0.0,nan,nan,nan
56,26.2838104256,0.0,0.0,0.0,nan,nan,nan
57,26.7834180079,0.0,0.0,0.0,nan,nan,nan
58,27.2830257244,0.0,0.0,0.0,nan,nan,nan
59,27.7826335751,0.0,0.0,0.0,nan,nan,nan
60,28.28224156,0.0,0.0,0.0,nan,nan,nan
61,28.781849679100002,0.0,0.0,0.0,nan,nan,nan
62,29.281457932400002,0.0,0.0,0.0,nan,nan,nan
63,29.7810663199,0.0,0.0,0.0,nan,nan,nan
64,30.2806748416,0.0,0.0,0.0,nan,nan,nan
65,30.780283497499997,0.0,0.0,0.0,nan,nan,nan
66,31.2798922876,0.0,0.0,0.0,nan,nan,nan
67,31.779501211899998,0.0,0.0,0.0,nan,nan,nan
68,32.2791102704,0.0,0.0,0.0,nan,nan,nan
69,32.778719463099996,0.0,0.0,0.0,nan,nan,nan
70,33.278328789999996,0.0,0.0,0.0,nan,nan,nan
71,33.7779382511,0.0,0.0,0.0,nan,nan,nan
72,34.27754784639999,0.0,0.0,0.0,nan,nan,nan
73,34.77715757589999,0.0,0.0,0.0,nan,nan,nan
74,35.27676743959999,0.0,0.0,0.0,nan,nan,nan
75,35.776377437499995,0.0,0.0,0.0,nan,nan,nan
76,36.2759875696,0.0,0.0,0.0,nan,nan,nan
77,36.7755978359,0.0,0.0,0.0,nan,nan,nan
78,37.2752082364,1.0,1.0,1.0,nan,nan,nan
79,37.7748187711,0.0,0.0,0.0,nan,nan,nan
80,38.27442943999999,1.0,0.8266342452678945,1.0149165901264166,nan,nan,nan
81,38.774040243099996,792.0,780.1185579986637,28.178985697961686,nan,nan,nan
82,39.273651180399995,26830.0,26799.440377688155,163.81332866087445,nan,nan,nan
83,39.77326225189999,56328.0,56289.06289604508,237.34719315501258,nan,nan,nan
84,40.2728734576,56386.0,56346.174316238656,237.4694672649422,nan,nan,nan
85,40.7724847975,56866.0,56827.64642772717,238.47747453862962,nan,nan,nan
86,41.2720962716,56377.0,56339.07520946436,237.44999050149062,nan,nan,nan
87,41.77170787989999,57116.0,57075.89967062538,239.0018377543045,nan,nan,nan
88,42.27131962239999,56183.0,56141.29894318946,237.04235182537474,nan,nan,nan
89,42.770931499099994,56464.0,56423.40400639913,237.63387912269417,nan,nan,nan
90,43.270543509999996,56010.0,55968.94557656209,236.67701423471695,nan,nan,nan
91,43.7701556551,56081.0,56039.32402647808,236.827112261792,nan,nan,nan
92,44.2697679344,56764.0,56723.83588682023,238.2641710210897,nan,nan,nan
93,44.7693803479,56501.0,56462.735119297795,237.7110765412403,nan,nan,nan
94,45.2689928956,56140.0,56100.30650433867,236.9511948954639,nan,nan,nan
95,45.76860557749999,56702.0,56664.50759029288,238.13316381794036,nan,nan,nan
96,46.268218393599994,56202.0,56162.38410115378,237.08208767412475,nan,nan,nan
97,46.76783134389999,56020.0,55983.43469770409,236.6965114485832,nan,nan,nan
98,47.2674444284,56240.0,56205.427623087984,237.1604563047742,nan,nan,nan
99,47.767057647099996,55890.0,55856.38929055155,236.42107662155433,nan,nan,nan
100,48.266670999999995,55954.0,55916.11958264614,236.55809162366316,nan,nan,nan
101,48.7662844871,56614.0,56576.746587554946,237.9483723016282,nan,nan,nan
102,49.265898108399995,55946.0,55911.714184555894,236.5396637046608,nan,nan,nan
103,49.765511863899995,56219.0,56184.96361012583,237.11612981256656,nan,nan,nan
104,50.265125753599996,56298.0,56258.558105071505,237.28466165530028,nan,nan,nan
105,50.7647397775,56171.0,56130.93411949596,237.0166830574241,nan,nan,nan
106,51.2643539356,55947.0,55908.93599085519,236.54305802730806,nan,nan,nan
107,51.763968227899994,55863.0,55823.88240642616,236.3659809114145,nan,nan,nan
108,52.2635826544,56499.0,56459.42996622425,237.7075874494649,nan,nan,nan
109,52.7631972151,56255.0,56217.84259573195,237.19291350755955,nan,nan,nan
110,53.262811909999996,56070.0,56030.32177372874,236.80380261063792,nan,nan,nan
111,53.76242673909999,56479.0,56444.50397938818,237.66355700790757,nan,nan,nan
112,54.2620417024,56487.0,56453.914605585385,237.6804499144942,nan,nan,nan
113,54.761656799899995,56611.0,56575.50754924737,237.9419946283835,nan,nan,nan
114,55.261272031599994,57060.0,57021.93635453381,238.88445219394504,nan,nan,nan
115,55.7608873975,57129.0,57094.97152327793,239.02715187893767,nan,nan,nan
116,56.2605028976,57664.0,57632.4773175768,240.1431494628511,4.252797295995497e-06,13551663365.626308,56467104.531169124
117,56.76011853189999,57737.0,57701.38052203764,240.29672442648422,2.6400427529619923e-05,2185622958.4653373,9102001.251945017
118,57.25973430039999,57947.0,57908.83853194076,240.73387922574636,4.793718230209117e-05,1208015067.8654842,5021861.270624677
119,57.75935020309999,58430.0,58392.23010193779,241.73476883900935,6.888087145874388e-05,847727806.9414635,3509461.53437963
120,58.25896623999999,58956.0,58919.96205759653,242.8197295663566,8.92487086946913e-05,660177193.8141354,2720708.6031576395
121,58.758582411099994,59566.0,59526.29125858434,244.07409255800633,0.00010905733441924792,545825657.4449918,2238034.6434996747
122,59.258198716399995,59910.0,59871.681522517734,244.77691414755913,0.00012832283762889788,466570741.645093,1907508.5828092394
123,59.7578151559,60089.0,60053.4010626003,245.1415336024719,0.00014706077683677098,408357703.2185552,1666940.2873790401
124,60.2574317296,60243.0,60211.306284734106,245.45413402699796,0.00016539393715626238,364047844.3163677,1484057.6277901626
125,60.757048437499996,60972.0,60938.18955856702,246.93575724750173,0.00018336462771527317,332333396.6744734,1346692.4364002266
126,61.25666527959999,61313.0,61273.58053960371,247.62707498889907,0.0002008949808600233,305003043.2681493,1232619.5205515716
127,61.7562822559,61063.0,61026.24062030651,247.12041489256416,0.00021799686923085188,279940903.90207225,1133596.1647727673
128,62.255899366399994,61163.0,61127.19618424636,247.3226847115737,0.00023468178343481977,260468432.14494213,1053864.0072175213
129,62.75551661109999,61847.0,61808.412302313816,248.70265262534917,0.0002509608465928239,246287072.83011374,991001.8076599074
130,63.25513398999999,61945.0,61907.905853961354,248.89883959408363,0.000266844828243097,231999646.61695796,932747.47437614
131,63.75475150309999,63124.0,63088.30588701654,251.25581100003612,0.0002823441576335027,223444701.01948568,889892.0137252464
132,64.2543691504,63264.0,63229.05657649264,251.53404268259925,0.0002974689364335226,212556838.15114212,845580.8720680026
133,64.75398693189999,63970.0,63937.10755165439,252.9328465246074,0.0003122289508946266,204776358.4012822,810087.7442654865
134,65.25360484759999,64823.0,64782.19470491067,254.61653901406686,0.0003266336834866578,198332866.38840133,779517.0917345618
135,65.7532228975,65660.0,65619.9742805759,256.2539497096036,0.000340692324035699,192607727.41595432,752156.510819282
136,66.2528410816,66429.0,66392.48731869111,257.7490968960509,0.000354413780387986,187330434.06497777,727254.7264214339
137,66.75245939989999,67677.0,67640.8766554755,260.15884808111997,0.00036780668862289057,183903334.95220143,707324.951199729
138,67.25207785239999,68496.0,68463.11422056978,261.7269830973852,0.00038087942283661493,179750099.6790217,687164.9330598195
139,67.7516964391,69631.0,69597.0044416103,263.8870391504239,0.000393640104517311,176803642.82737777,670376.4075919227
140,68.25131516,70365.0,70325.5660392156,265.27589855301045,0.0004060966115310553,173174471.3999851,653233.4696240727
141,68.7509340151,73007.0,72962.99861056845,270.2109783743978,0.00041825658673706615,174445545.9261807,646041.17889066
142,69.2505530044,74540.0,74499.31974707216,273.03156255478984,0.00043012744624971495,173202896.9474801,634768.9851818443
143,69.7501721279,76373.0,76330.92935225133,276.36874756142186,0.0004417163873636401,172805292.1192901,625670.125600079
144,70.24979138559999,78452.0,78405.23457762154,280.106160290967,0.00045303039615801014,173068375.1963411,618294.4073211155
145,70.74941077749999,83694.0,83634.12456948076,289.31606736538424,0.000464076254794296,180216340.96868837,623423.5524367109
146,71.2490303036,94517.0,94460.2328811611,307.4503570340817,0.0004748605485219726,198922048.11533266,647453.9904210541
147,71.7486499639,110851.0,110808.9709627548,332.95230792208264,0.0004853896724053765,228288686.92989397,685948.4798514938
148,72.2482697584,120258.0,120211.67602337511,346.79327702370216,0.0004956698377842695,242523685.84851208,699645.7129082708
149,72.7478896871,115349.0,115273.86163593474,339.64938100588125,0.0005057070784803386,227945912.8441218,671632.641620393
150,73.24750974999999,111025.0,110945.8616148006,333.2227499924173,0.0005155072567608314,215216876.50320262,646397.7870771572
151,73.74712994709999,125876.0,125814.95787883607,354.8029923471289,0.0005250760690702003,239612820.48452142,675717.3164936096
152,74.2467502784,145818.0,145775.55622547943,381.86951815216605,0.000534419051540217,272773876.24065506,714550.7201728735
153,74.7463707439,138475.0,138438.46283908485,372.130031977342,0.0005435415852879113,254697095.10037708,684639.4867473233
154,75.2459913436,109606.0,109568.47566548115,331.0770720233586,0.0005524489015111768,198332326.0590544,599289.9454007883
155,75.7456120775,84431.0,84395.47998423886,290.5797512383174,0.0005611460863903924,150398411.44953555,517832.62556011026
156,76.2452329456,70930.0,70895.82298219328,266.33708916333825,0.0005696380858046823,124457659.606879,467554.91916785215
157,76.7448539479,65673.0,65637.85268028194,256.2784855050743,0.000577929709870786,113574110.41380328,443442.3099002355
158,77.24447508440001,64177.0,64138.053977685704,253.34433306138547,0.0005860256373121534,109445815.83812489,432309.3000220375
159,77.74409635509998,63922.0,63885.641753897835,252.83932526125437,0.0005939304196653252,107564185.36349234,425705.29625966493
160,78.24371776,64471.0,64432.87154989047,253.92365114642007,0.0006016484853308088,107093881.4288926,422046.52274127037
161,78.74333929909999,64975.0,64932.92604907692,254.91541978427477,0.0006091841434747463,106589980.62343478,418453.8000780092
162,79.2429609724,65090.0,65054.30918729016,255.13825537110262,0.0006165415877876104,105514876.0049264,413821.64711165277
163,79.74258277989999,65954.0,65912.79712089011,256.82853139635375,0.0006237249001061469,105676071.46944578,411765.7181116965
164,80.24220472159999,66913.0,66875.0911061583,258.68699058988165,0.000630946686128184,105991667.08765608,409998.1761966596
165,80.7418267975,67855.0,67812.76633681857,260.50341270101023,0.000638230203877196,106251264.70803419,408165.2844357309
166,81.2414490076,69210.0,69170.05816315148,263.0900135239852,0.0006453593639152306,107180684.1749601,407664.362267691
167,81.74107135189999,69718.0,69668.60914019345,264.0574857304602,0.0006523374806627353,106798415.24576263,404786.6228109319
168,82.24069383039999,71172.0,71119.30630566522,266.7968927112543,0.0006591677840512779,107892570.0351471,404748.0765390374
169,82.7403164431,74293.0,74223.76694162644,272.5890579354165,0.0006658534220808266,111471630.96297276,409382.9796407166
170,83.23993919,82565.0,82504.78409445113,287.35762398976516,0.0006723974632871223,122702402.3724202,427362.7425436312
171,83.7395620711,96470.0,96422.49646367611,310.60826850902924,0.00067880289912204,142047855.99529472,457582.4129666628
172,84.2391850864,105053.0,105012.28096649444,324.128886918638,0.0006850726462508786,153286343.48661205,473130.6799249136
173,84.73880823590001,100397.0,100350.2919280542,316.86729375517655,0.0006912095487698852,145180708.37800655,458424.3581690836
174,85.23843151959998,88198.0,88145.15424469269,296.9963055896496,0.0006972163803470325,126424388.07995206,425974.36600933364
175,85.7380549375,78152.0,78103.66251161709,279.5707009650946,0.0007030958462891175,111085370.39984214,397628.15047286364
176,86.23767848959999,77490.0,77447.1596383617,278.38271750682475,0.0007088505855382723,109257382.6112473,392724.11307304236
177,86.7373021759,78402.0,78360.64140931486,280.0157350310884,0.0007144831726004129,109674579.35239492,391913.68778070866
178,87.23692599639999,76886.0,76847.2970541112,277.29463993179047,0.0007199961194083896,106732932.27921216,385133.5201079132
179,87.73654995109999,72404.0,72359.33091143225,269.0940301659897,0.0007253918771223714,99752055.67297171,370963.6661958297
180,88.23617404,68884.0,68843.39115792203,262.47009466275085,0.0007306728378699816,94219173.87624617,359216.98612458294
181,88.7357982631,65935.0,65896.39318808052,256.7905701579128,0.0007358413364281772,89552448.23285682,348975.4617542843
182,89.2354226204,65842.0,65803.5,256.609432837766,0.0007408996518495131,88815671.3743005,346348.4322029171
183,89.7350471119,66007.0,65965.15035762217,256.9320354772579,0.0007458500090346772,88442916.88485481,344482.17787084886
184,90.2346717376,66300.0,66253.89658979053,257.5029921552388,0.0007506945802531983,88256793.55170521,343019.6499732112
185,90.7342964975,66611.0,66564.1974809038,258.1062016114767,0.000755435486614674,88113675.70141207,341665.4448788548
186,91.2339213916,67651.0,67608.99485342484,260.1112886851096,0.0007600747994918892,88950449.21713169,342218.01440989005
187,91.7335464199,67520.0,67476.28114913758,259.86037590339294,0.0007646145418981438,88248754.70145878,339858.0090542008
188,92.2331715824,68123.0,68079.49072199085,261.01775960775063,0.0007690566898198358,88523371.06376332,339399.89478395716
189,92.7327968791,68662.0,68617.95653900778,262.0485183627564,0.0007734031735067209,88722103.67056566,338825.24320994294
190,93.23242230999999,69357.0,69312.35282811902,263.37146199624095,0.0007776558787206143,89129851.29380167,338673.5305461009
191,93.7320478751,69336.0,69295.62374246045,263.3299724478418,0.0007818166479447486,88634111.23903006,336818.067433186
192,94.23167357439999,70693.0,70650.56557035189,265.8952063297698,0.0007858872815546941,89899107.96187752,338337.5867894927
193,94.7312994079,70678.0,70638.53569438867,265.86567911393485,0.0007898695389525551,89430636.5935599,336594.4197145505
194,95.2309253756,71423.0,71375.52397889266,267.266366926977,0.0007937651396655969,89920204.87188724,336707.1109214659
195,95.7305514775,72153.0,72114.43247429036,268.6246560912125,0.000797575764410633,90417030.82287006,336801.42762325803
196,96.2301777136,72218.0,72179.25139817056,268.7464845250617,0.0008013030561253924,90077344.45340183,335386.8208422342
197,96.72980408389999,73196.0,73148.09469208572,270.56312224551954,0.0008049486209681228,90872998.33386819,336124.7105686193
198,97.22943058839999,73811.0,73766.60968272883,271.69541203358403,0.0008085140292862934,91237266.15831943,336042.91600656585
199,97.7290572271,73905.0,73865.81073665542,271.8668331511105,0.0008120008165558064,90967655.73459105,334811.0341862272
200,98.228684,74723.0,74672.50216349112,273.371538122228,0.0008154104842915217,91576578.42524694,335256.34436715615
201,98.7283109071,75212.0,75171.96721209197,274.25982732015416,0.0008187445009302305,91813706.38420662,334976.0847352858
202,99.2279379484,75635.0,75594.42678259674,275.0310366906799,0.0008220043026869069,91963541.47478215,334585.88451627176
203,99.7275651239,76435.0,76391.28415324393,276.48250178472523,0.0008251912943852409,92574030.61935435,335052.61587945116
204,100.2271924336,76526.0,76485.1782047397,276.64583901456257,0.0008283938206361589,92329489.0659656,333954.49377219455
205,100.72681987749999,76462.0,76421.19249026786,276.53038578553935,0.0008316311848585276,91893129.88938504,332515.65215484455
206,101.2264474556,76748.0,76700.93713181118,277.0492732769493,0.0008348006111630031,91879349.51910877,331874.78491537983
207,101.72607516789999,77626.0,77577.9046272442,278.62932341752526,0.0008379033369002002,92585744.93120112,332531.5834739441
208,102.2257030144,78032.0,77985.82278332424,279.3562941891466,0.0008409405732653509,92736425.45335549,332195.0481047825
209,102.7253309951,78062.0,78016.65549836279,279.4098226294574,0.0008439135059509312,92446269.60964768,331088.2225004982
210,103.22495911,79144.0,79095.50253240202,281.3405692521972,0.0008468232957801553,93402605.8642299,332230.54993191443
211,103.7245873591,79137.0,79093.23597099454,281.32623413647235,0.000849671079322339,93086887.26239322,331100.1645022989
212,104.22421574239999,79307.0,79259.00816383347,281.6301110475311,0.0008524579694903255,92977027.60784967,330374.1898452945
213,104.72384425989999,79655.0,79613.2838811941,282.2446766012702,0.0008551850561210125,93094802.47738154,330039.2991915557
214,105.2234729116,79491.0,79448.14630545897,281.9549086049572,0.0008578534065390207,92612730.45005406,328674.9303036452
215,105.7231016975,80580.0,80532.4189583875,283.88104018686624,0.0008604640661046635,93591844.36714391,329916.20611422026
216,106.22273061759999,80931.0,80885.7682988712,284.49750947247276,0.0008630180587460918,93724305.62622628,329654.1788312389
217,106.7223596719,81059.0,81013.68205951666,284.7226350740613,0.0008655163874767341,93601557.67321551,328962.7316059512
218,107.2219888604,81697.0,81649.45298595222,285.84159733831495,0.0008679600348978652,94070521.34095101,329325.7590736313
219,107.72161818309999,81795.0,81750.68851556307,286.01170726778,0.0008703499636874949,93928525.2212824,328616.9003282391
220,108.22124763999999,81784.0,81740.9102670007,285.9922865742982,0.0008726871170753539,93665769.4007675,327714.57373261946
221,108.72087723109999,82860.0,82812.07161651271,287.8690811953649,0.0008749724193048836,94645350.8583759,329003.60610687674
222,109.22050695639999,82734.0,82688.28903945851,287.649080041139,0.0008772067760823692,94263167.24176116,327914.7948740069
223,109.72013681589999,83272.0,83227.0,288.5826990204842,0.0008793910750138365,94641624.6022175,328161.96027000115
224,110.21976680959999,83586.0,83539.5580293845,289.12676070382213,0.0008815261860298176,94766961.38276574,327984.3132124976
225,110.7193969375,83361.0,83313.01273409548,288.7378837312,0.0008836129617987345,94286770.71972622,326769.63355475024
226,111.21902719959999,83716.0,83666.51144394887,289.3524601163768,0.0008856522381288553,94468808.23190114,326711.1487548438
227,111.7186575959,85184.0,85137.76289488387,291.87693571929054,0.0008876448343594964,95914221.09307635,328821.7589075501
228,112.2182881264,84842.0,84795.25886648949,291.2908909629636,0.0008895915537417356,95319316.49961132,327443.4089866939
229,112.7179187911,84976.0,84927.1363687651,291.5215145631042,0.0008914931838087072,95263921.15072908,327003.6382304608
230,113.21754959,85158.0,85110.82284531904,291.83281901533866,0.00089335049673619,95271478.72673383,326672.2524714933
231,113.7171805231,85289.0,85241.00500738504,292.0576099778615,0.0008951642496935394,95223870.96733075,326261.47668190254
232,114.2168115904,85743.0,85689.34946592645,292.8357795704919,0.0008969351851852373,95535720.84278272,326484.8836429744
233,114.71644279190001,86308.0,86258.03231574153,293.79731353191397,0.0008986640313835169,95984738.79381266,326926.75268153916
234,115.21607412759998,85480.0,85432.45698375428,292.38421876589354,0.0009003515024522008,94887892.95188613,324744.52252209804
235,115.71570559749999,86431.0,86382.08316684923,294.00659831510603,0.0009019982988620408,95767456.85200149,325950.280267739
236,116.2153372016,86574.0,86529.12991947265,294.2481847974255,0.0009036051076978286,95759894.65124688,325638.02737580804
237,116.71496893989999,86462.0,86418.41756177318,294.05761951102716,0.0009051726029575027,95471755.64021184,324863.58795023424
238,117.2146008124,86808.0,86761.9920717382,294.64625702784303,0.0009067014458435612,95689703.01025392,324965.02391006466
239,117.71423281909999,87229.0,87184.38286299648,295.3591989027414,0.0009081922850468667,95997713.58826,325216.5909860152
240,118.21386496,87503.0,87456.23696216036,295.8235629287453,0.0009096457570232165,96143181.32847427,325207.4344817673
241,118.7134972351,87599.0,87553.84632482902,295.9850913080394,0.0009110624862628241,96100813.76961823,324879.02396483195
242,119.2131296444,87780.0,87732.94170512758,296.29150385845884,0.0009124430855528876,96151686.71256521,324723.2715659447
243,119.7127621879,88209.0,88158.97931196232,297.015515073204,0.0009137881562335184,96476386.46941853,325037.60641574976
244,120.2123948656,88773.0,88725.02323432537,297.96261406623205,0.0009150982884471624,96956823.49584937,325607.2247406857
245,120.7120276775,88628.0,88580.5,297.7191868135463,0.0009163740613817055,96664128.4743903,324888.27364302124
246,121.2116606236,89401.0,89353.5,299.01459492589515,0.0009176160435075486,97375695.02212496,325860.25172677287
247,121.7112937039,88832.0,88783.8672845366,298.0618647651304,0.0009188247928086781,96627635.62696286,324394.66925354744
248,122.2109269184,89768.0,89722.07228386935,299.62710756419233,0.0009200008570078889,97523900.76643156,325681.33527469425
249,122.71056026709999,90432.0,90385.65468752441,300.733401643968,0.0009211447737866611,98123180.26401559,326477.88947193057
250,123.21019374999999,90128.0,90082.55769682485,300.2272051071219,0.0009222570709992421,97676190.8685858,325535.2705312775
251,123.70982736709999,90689.0,90640.78549364935,301.1611001900477,0.0009233382668817745,98166391.17509371,326165.5137581434
252,124.20946111839999,90970.0,90919.34234753644,301.6279950349681,0.0009243888702560235,98356162.94509792,326299.8990364603
253,124.70909500389999,91552.0,91502.06086079318,302.59089593187355,0.0009254093807282667,98877386.33985326,326980.57987454644
254,125.20872902359999,91276.0,91229.0109760751,302.1335323900475,0.0009264002888832464,98476880.96691929,326137.13101737294
255,125.70836317749999,91381.0,91334.92518646791,302.30708940743966,0.0009273620764734493,98488958.6317722,325986.038330407
256,126.20799746559999,91954.0,91908.0,303.2533381210993,0.000928295216603726,99007296.7695082,326677.69120968465
257,126.70763188789999,92962.0,92914.93493160214,304.91117977569445,0.0009292001739115622,99994530.28561899,328143.6964138093
258,127.20726644439998,93242.0,93190.48552667505,305.37150762246154,0.0009300774047428735,100196483.7028142,328329.13267781585
259,127.7069011351,92958.0,92908.31120194598,304.90531901831866,0.0009309273573236985,99801891.59876655,327528.5838573741
260,128.20653596,93831.0,93784.1000748406,306.3327440404412,0.0009317504719276677,100653665.22521183,328771.2249897545
261,128.7061709191,94363.0,94314.36147318267,307.2005968336356,0.0009325471810396486,101136289.28461985,329420.9698764555
262,129.2058060124,94650.0,94602.92655834847,307.666738467639,0.0009333179095152741,101361953.51429743,329648.3816831803
263,129.7054412399,94941.0,94888.89321904295,308.14115611595776,0.0009340630747369324,101587243.71559946,329893.3064051825
264,130.2050766016,95455.0,95406.50408588893,308.97257776690066,0.0009347830867658969,102062719.61548886,330528.63508245995
265,130.70471209750002,95916.0,95867.8206216697,309.7178293169106,0.0009354783484909589,102479999.43164504,331079.6340893655
266,131.2043477276,96983.0,96932.38612318307,311.43644416114455,0.0009361492557735993,103543730.36710018,332678.19446567306
267,131.70398349190003,97043.0,96988.34319014037,311.5340659167955,0.0009367961975896969,103531956.51272258,332552.658431309
268,132.2036193904,97629.0,97575.90314874794,312.47247549233543,0.0009374195561679988,104089894.97469045,333332.5760448889
269,132.70325542310002,98613.0,98560.03447687016,314.04314711938645,0.0009380197071253376,105072456.07762124,334793.7625764873
270,133.20289159,100110.0,100055.70561263521,316.41806944889413,0.0009385970195987537,106601345.96997613,337118.1272066701
271,133.70252789110003,100739.0,100686.22751334138,317.40990084219726,0.000939151856374569,107209741.24677014,337975.0555650313
272,134.2021643264,100980.0,100930.9583512074,317.7881436584693,0.0009396845740145131,107409402.19973065,338185.97479026107
273,134.7018008959,101374.0,101320.74019933162,318.40906146051,0.0009401955229788439,107765605.90111586,338662.6012126573
274,135.2014375996,101483.0,101430.08281021897,318.57987573448975,0.0009406850477468462,107825762.78124861,338667.9489565192
275,135.7010744375,101918.0,101870.88600321265,319.25996610677186,0.000941153486934461,108240459.62473986,339221.9978344554
276,136.20071140960002,102987.0,102939.44814095525,320.9302008282496,0.0009416011734092749,109323831.62633523,340834.5379034002
277,136.7003485159,104569.0,104517.99224745251,323.386645424706,0.0009420284344029336,110949933.60120492,343287.5628957755
278,137.19998575640003,105015.0,104961.97826760978,324.07604837708135,0.0009424355916209939,111373105.17642342,343870.7655550964
279,137.6996231311,106170.0,106122.1899255585,325.85138506877246,0.0009428229613503199,112557918.3748021,345612.48338933644
280,138.19926064,108294.0,108244.16855390453,329.0953205353887,0.0009431908545641174,114763802.07686394,348916.99696078536
281,138.6988982831,110679.0,110629.84004955928,332.69884467421963,0.0009435395770245444,117249814.15027751,352607.1961108263
282,139.19853606040002,115261.0,115208.29032595157,339.51633347273037,0.0009438694293830876,122059563.26104514,359706.8862529407
283,139.69817397190002,122093.0,122046.95793166678,349.4306796476745,0.0009441807072787027,129262287.38927308,370088.77321248816
284,140.19781201760003,128135.0,128082.12938964079,357.97416327661614,0.0009444737014338739,135612171.30258897,379019.7257299485
285,140.69745019750002,127460.0,127409.06367322708,357.02924702428845,0.0009447486977483242,134860269.1666987,377909.2237705302
286,141.19708851160001,127185.0,127133.18576371446,356.64432296783986,0.0009450059773909379,134531620.75727373,377399.01281100605
287,141.69672695990002,129483.0,129427.27283835746,359.85276448467425,0.0009452458168895385,136924459.78153676,380697.5477223685
288,142.1963655424,133217.0,133164.48065113337,365.00305056965254,0.000945468488218653,140844969.78003693,386055.2256557496
289,142.69600425910002,137093.0,137046.49137933567,370.2729006887919,0.0009456742588854823,144919342.03734258,391543.8082508182
290,143.19564311,138078.0,138027.413077299,371.60203931964315,0.000945863392013962,145927429.10094732,392870.7279054499
291,143.69528209510003,139096.0,139049.15129829422,372.9680187190988,0.0009460361464269948,146980801.76265717,394242.8839825314
292,144.1949212144,140343.0,140293.0054176629,374.63711013947625,0.0009461927767268874,148271059.4166347,395941.62981822557
293,144.6945604679,141163.0,141118.45279871172,375.7282031462936,0.0009463335333741535,149121264.1441054,397035.7066462964
294,145.1941998556,142545.0,142499.26389488534,377.56338681267715,0.0009464586627644481,150560472.95152727,398922.2156938977
295,145.6938393775,142038.0,141987.14058481573,376.8928316529872,0.000946568407304135,150001985.5820044,398167.55846140394
296,146.1934790336,140920.0,140876.23802796454,375.40448927124885,0.000946663005483887,148813503.02260476,396555.5716200833
297,146.69311882390002,138774.0,138724.1687084556,372.5373561653159,0.0009467426919511223,146527847.41603008,393493.7753758219
298,147.1927587484,135700.0,135648.80701189832,368.3886835620492,0.0009468076975805322,143269649.5376354,389085.0111415738
299,147.69239880710003,133540.0,133493.40564925395,365.44385037526746,0.0009468582495433899,140985628.75026903,385954.1283518394
300,148.192039,132352.0,132303.33718849448,363.81560758890777,0.0009468945713752689,139723408.69621548,384219.76277728815
301,148.69167932710002,130078.0,130032.10945847323,360.6759357525351,0.0009469168830423185,137321566.21888214,380895.0312446971
302,149.19131978840002,128656.0,128601.38540327805,358.70204954395075,0.0009469254010063672,135809415.68005666,378807.0836020786
303,149.6909603839,127562.0,127513.81534476604,357.17156389263795,0.0009469203382883198,134661607.93975937,377192.8318049134
304,150.19060111360002,126513.0,126468.19984174414,355.69926863872104,0.0009469812733787612,133548786.44063856,375613.83592054737
305,150.6902419775,125193.0,125141.36670482944,353.84115892662567,0.0009471574083953173,132123093.36929022,373582.2111407085
306,151.1898829756,124655.0,124602.27688209507,353.08023970957606,0.0009473201081636969,131531333.2930581,372714.8158968075
307,151.6895241079,122808.0,122757.92984214044,350.45409785167226,0.0009474695662715848,129563982.01285636,369884.2794821943
308,152.1891653744,122789.0,122743.04987900498,350.42578762990564,0.0009476059733596719,129529628.69559373,369801.1594286337
309,152.6888067751,122085.0,122038.6051029878,349.42014170366406,0.0009477295171732251,128769446.2308086,368691.84231580433
310,153.18844831,120258.0,120203.88651415422,346.798439854238,0.0009478403826126727,126818701.4598581,365882.7437783418
311,153.6880899791,120436.0,120395.12004498186,347.0504774223145,0.0009479387517831773,127007277.44119054,366110.65511297464
312,154.18773178240002,119657.0,119613.03908712423,345.92782637326576,0.0009480248040432302,126170790.65546247,364893.2231497725
313,154.6873737199,118953.0,118904.23392024166,344.9102013801794,0.0009480987160522244,125413347.68951635,363791.44443560304
314,155.18701579160003,117391.0,117342.87365842616,342.63803439418376,0.0009481606618170557,123758428.69662005,361371.28251825174
315,155.68665799750002,116899.0,116855.27372128994,341.9179339160086,0.0009482108127379721,123237651.53433411,360592.73879056046
316,156.18630033760002,116506.0,116458.02219531752,341.344312807098,0.0009482493376532102,122813713.19861451,359973.16238773166
317,156.68594281190002,115948.0,115897.92266020976,340.5265392157912,0.0009482764028830949,122219557.82917215,359100.50928238896
318,157.1855854204,115366.0,115318.90748716905,339.669887154407,0.0009482921722729329,121606938.09247065,358191.17470964935
319,157.68522816310002,115017.0,114973.86176291894,339.1545719017054,0.0009482968072353104,121242485.35447122,357646.0126344679
320,158.18487104,114173.0,114130.25,337.90801711600324,0.0009482904667914883,120353682.75519651,356333.8754836423
321,158.68451405110002,113511.0,113467.11932260235,336.92743661509775,0.0009482733076119176,119656557.25178225,355306.25391491654
322,159.1841571964,112858.0,112809.6996275523,335.9584616671992,0.0009482454840560073,118966767.0707191,354294.8185001386
323,159.68380047590003,112230.0,112181.25,335.0225580622491,0.0009482071482111843,118308800.1515625,353322.1181619199
324,160.1834438896,111906.0,111855.20938729767,334.53937423198676,0.000948158449931116,117971009.37656991,352830.66269808717
325,160.6830874375,111102.0,111050.54613163006,333.3357426891083,0.000948099536873165,117129628.07457441,351583.06667720835
326,161.1827311196,110010.0,109963.04266935686,331.69218166969245,0.0009480305545352498,115991032.2967003,349874.990930326
327,161.68237493590001,110237.0,110188.68133925342,332.0348197250642,0.0009479516462918731,116238715.09721126,350265.5657848091
328,162.18201888640002,109182.0,109130.99715282454,330.4432037620179,0.0009478629534294685,115133729.7844346,348619.17808522785
329,162.68166297110002,109241.0,109190.2054607442,330.53234255483864,0.0009477646151811481,115208147.37304205,348749.40176117816
330,163.18130719,108151.0,108100.93378707618,328.8791407418404,0.0009476567687607596,114071821.51871145,347044.5751914082
331,163.6809515431,108022.0,107976.7906779473,328.68132169135254,0.0009475395493962257,113954916.97074844,346878.7365137307
332,164.1805960304,107667.0,107622.02167414018,328.1409270027466,0.0009474130903623044,113595666.73602112,346354.64755639044
333,164.6802406519,106935.0,106888.85737979533,327.02407299451977,0.0009472775230127546,112837953.80243191,345225.2006935
334,165.1798854076,106391.0,106339.4893925127,326.1931406784703,0.0009471329768118365,112275141.92406668,344400.5737995478
335,165.6795302975,106124.0,106074.97595910306,325.78261352335005,0.0009469795793652853,112014005.65596145,344022.8497236513
336,166.1791753216,105378.0,105329.7082352799,324.6355133816454,0.0009468174564506019,111246056.47865476,342870.22400139127
337,166.6788204799,105693.0,105648.1897278727,325.1191209212214,0.0009466467320468861,111602550.50945455,343442.92323096376
338,167.17846577240002,104530.0,104480.2212105293,323.3274850582644,0.000946467528364037,110389652.13220012,341614.9792451241
339,167.6781111991,104315.0,104266.5876785797,322.9942208526983,0.0009462799658714415,110185771.0604274,341330.50735703646
340,168.17775676000002,104216.0,104168.43972070556,322.84070496958606,0.0009460841633261497,110104833.96580744,341238.88495773403
341,168.6774024551,103373.0,103327.57093441472,321.5317383390203,0.0009458802378004119,109239591.65771009,339928.59295456175
342,169.17704828440003,103545.0,103499.98030058848,321.7990322314264,0.0009456683047089053,109446388.11009715,340287.4249132017
343,169.6766942479,102454.0,102417.75889343664,320.0962554867109,0.0009454484778353098,108327170.96116269,338565.5199526053
344,170.1763403456,102124.0,102075.81184949519,319.5849451732046,0.0009452208693584012,107991491.89202985,338106.10359262704
345,170.6759865775,101787.0,101742.13690882192,319.0557336146897,0.0009449855898776634,107665278.7075762,337630.263394804
346,171.17563294360002,101157.0,101108.80262283098,318.06826850082734,0.000944742748438585,107022576.02922873,336671.828417325
347,171.6752794439,101291.0,101249.20717947165,318.2764428119205,0.000944492452557299,107199593.7133539,336981.4570250489
348,172.1749260784,100304.0,100260.43522128956,316.72296010435537,0.0009442348082448157,106181676.7882747,335428.17669801187
349,172.67457284710002,99547.0,99501.85995879627,315.52618515862406,0.0009439699200309044,105407871.42405841,334254.4910205339
350,173.17421975,99021.0,98973.43130960518,314.69243442045746,0.0009436978909874457,104878300.83634451,333467.3494831874
351,173.67386678710002,98602.0,98553.3217424495,314.0263730145342,0.0009434188227514602,104464018.91264042,332859.9826943067
352,174.1735139584,97407.0,97356.6241829513,312.1185001922714,0.0009431328155476035,103226844.17085405,330938.0132331082
353,174.67316126390003,96958.0,96915.17100218817,311.3955589336086,0.0009428399682102879,102790690.11696006,330274.03316885687
354,175.1728087036,96042.0,95995.79495870814,309.92276178373703,0.000942540378205559,101847939.01505658,328816.42946032586
355,175.6724562775,95211.0,95161.70586952359,308.58028063340726,0.0009422341416523071,100995815.86233702,327498.51336556236
356,176.1721039856,94355.0,94309.46165904915,307.1886823118292,0.0009419213533434001,100124560.6379903,326129.86341316777
357,176.6717518279,93232.0,93189.54879805734,305.35429274414344,0.0009416021067661098,98969137.9494813,324292.2786067982
358,177.1713998044,91619.0,91573.71544356714,302.7027639407137,0.000941276494122528,97286733.51068172,321587.5099727182
359,177.67104791510002,90613.0,90569.36897205598,301.0357878556976,0.0009409446063493589,96253667.17754361,319929.341030653
360,178.17069616,89115.0,89069.62947649037,298.5380971594257,0.0009406065331374858,94693823.97269753,317388.9258068647
361,178.67034453910003,87996.0,87956.8182487518,296.655582092576,0.0009402623629510485,93544973.95035152,315502.98489190976
362,179.1699930524,86255.0,86213.67376887026,293.7075823682876,0.000939912183046489,91725243.40458097,312484.0678373892
363,179.66964169989998,84925.0,84879.7496593673,291.43616761122826,0.0009395560794908793,90340269.74245262,310184.96284878475
364,180.1692904816,84199.0,84154.67294795866,290.187497894781,0.0009391941371802318,89603064.60240322,308974.9886706266
365,180.6689393975,83821.0,83780.5065237847,289.53396308429507,0.0009388264398573379,89239611.24967445,308399.88180168
366,181.1685884476,82900.0,82858.8100971041,287.93948424076837,0.0009384530701293331,88292971.41697761,306823.5305587374
367,181.66823763189998,82617.0,82571.75213458145,287.4493027798605,0.0009380741094849335,88022632.00710118,306424.9400697027
368,182.1678869504,81084.0,81038.97072245342,284.7701004050766,0.000937689638311447,86424086.8315289,303693.3424132519
369,182.6675364031,80654.0,80613.23996735625,284.01236984782474,0.0009372997359113994,86005828.10254458,303011.2555954798
370,183.16718599,79363.0,79318.25657020108,281.73220730755776,0.0009369044805188812,84659918.08073394,300705.3687602469
371,183.6668357111,78958.0,78904.9780977833,281.0159217986081,0.0009365039493157508,84254826.85410413,300069.1262476043
372,184.1664855664,78523.0,78471.15291240567,280.24022369608355,0.0009360982184473265,83827905.41206567,299370.5341741898
373,184.6661355559,77772.0,77724.03115567149,278.8955104179952,0.0009356873630380555,83066240.09894891,298064.84669458144
374,185.16578567960002,77590.0,77545.08816749473,278.5678513259638,0.0009352714572067058,82911851.49506426,297847.057321666
375,185.6654359375,77478.0,77431.11965023947,278.3676798487705,0.0009348505740814021,82827268.65341493,297767.0309742267
376,186.16508632960003,77711.0,77670.87001133616,278.7829897669652,0.0009344247858144664,83121585.80386586,298347.16929514176
377,186.6647368559,77032.0,76981.34394284913,277.5671985745208,0.0009339941635968114,82421654.16365556,297183.0118355446
378,187.16438751639998,77116.0,77072.58021682956,277.71517247775193,0.0009335587776723338,82557822.88180785,297480.11493200925
379,187.6640383111,76890.0,76850.08711311255,277.30667743375085,0.000933118697351836,82358318.75538544,297182.6394870655
380,188.16368924,76810.0,76769.06169488192,277.1629256967745,0.0009326739910269275,82310713.53276914,297170.20991611684
381,188.6633403031,76238.0,76194.38363184522,276.1302673555466,0.0009322247261834691,81733922.6173342,296205.6890359739
382,189.1629915004,76173.0,76131.8684633187,276.011445283967,0.0009317709694149799,81706632.81248043,296222.41338691104
383,189.6626428319,77048.0,77007.23823243196,277.59191941543367,0.0009313127864357192,82686761.47693709,298065.1865393384
384,190.1622942976,76373.0,76331.05788706668,276.3739710308501,0.0009308502420936345,82001437.43357217,296904.8709803629
385,190.6619458975,77638.0,77594.568324496,278.6537791652165,0.0009303834003829246,83400637.08419544,299504.2463682488
386,191.1615976316,79085.0,79041.97760484794,281.23803155319627,0.0009299123244565936,84999387.06698737,302434.9975332797
387,191.6612494999,83067.0,83027.82387370509,288.2289560909724,0.0009294370766386689,89331301.66700168,310111.31720004027
388,192.1609015024,89108.0,89068.04327347281,298.5249931149223,0.0009289577184362643,95879544.89834379,321354.76910341653
389,192.66055363910002,92761.0,92723.15433899694,304.5811388544946,0.0009284743105514643,99866149.53721695,328044.76698293316
390,193.16020591,89836.0,89794.17747642737,299.7426526625993,0.0009279869128929609,96762331.69765049,323003.1032745537
391,193.65985831510002,82646.0,82601.60250736718,287.4999983326658,0.0009274955845874691,89058755.51322076,309974.51967444125
392,194.1595108544,77682.0,77640.61919606756,278.731980805328,0.0009270003839911009,83754678.57067566,300681.62389024836
393,194.6591635279,74926.0,74879.94746205123,273.74565449586044,0.0009265013687003941,80820115.31951165,295461.6838611304
394,195.15881633560002,73616.0,73576.23851791861,271.33953286013127,0.0009259985955632572,79456101.62957579,293023.69804900576
395,195.6584692775,72600.0,72557.37344927232,269.4622519973714,0.0009254921206896774,78398693.87024333,291155.64138630155
396,196.15812235360002,72173.0,72128.565154821,268.66954951921775,0.0009249819994623391,77978344.65616293,290459.21939603833
397,196.6577755639,72290.0,72246.94528166417,268.88658354987234,0.0009244682865469137,78149728.15511274,290855.38948471786
398,197.15742890840002,71662.0,71618.75893177107,267.7163936420535,0.0009239510359023878,77513586.92057069,289751.7111180952
399,197.6570823871,71463.0,71425.78140057843,267.34178028967216,0.000923430300791091,77348318.91414964,289509.43028471543
400,198.15673600000002,71311.0,71267.9639085005,267.06009787556184,0.0009229061337884524,77221248.50980401,289368.6455190221
401,198.6563897471,71266.0,71224.68304911567,266.97499085455706,0.0009223785867930424,77218491.48379745,289441.87850542465
402,199.15604362840003,70469.0,70430.16818461576,265.47707029194606,0.0009218477110357542,76401088.09890412,287983.651869858
403,199.6556976439,70628.0,70589.976016879,265.77605619764614,0.0009213135570896111,76618839.99609168,288475.138732595
404,200.1553517936,69892.0,69853.27342209882,264.38816377116603,0.0009208140106496596,75860350.31419148,287124.3928886713
405,200.65500607750002,69743.0,69697.94813342232,264.1091485646833,0.0009203948978453494,75726134.83254382,286951.99113224616
406,201.1546604956,68805.0,68760.23513235286,262.32716608657626,0.0009199722857257577,74741637.54629688,285146.81382997177
407,201.6543150479,68927.0,68885.16303254086,262.55828024355463,0.0009195462223926399,74912126.60664639,285530.2690063622
408,202.1539697344,68521.0,68478.76412182063,261.78422909878947,0.0009191167553567152,74504967.6471664,284821.51758531405
409,202.6536245551,68619.0,68580.39687965422,261.9696755624791,0.0009186839315457317,74650698.16151488,285157.5678717946
410,203.15327951,68564.0,68525.74331137352,261.86459202143993,0.0009182477973123089,74626635.11085664,285178.5681249787
411,203.6529345991,67523.0,67478.41907073592,259.87231392599296,0.0009178083984418599,73521248.20963976,283144.4061387667
412,204.1525898224,67339.0,67299.85470964178,259.5154535746613,0.0009173657801603016,73362072.3217752,282892.01449100627
413,204.6522451799,66679.0,66630.97686109474,258.2450075838579,0.0009169199871415842,72668256.54963726,281643.99424743
414,205.1519006716,66793.0,66752.55972969157,258.46198243972566,0.0009164710635151638,72836516.4893033,282018.7049314833
415,205.6515562975,66341.0,66300.2615213414,257.5863520402124,0.0009160190528734848,72378692.68478894,281201.95888085826
416,206.1512120576,65788.0,65754.09388455495,256.50744709291695,0.0009155639982789812,71818129.5989743,280163.3174470417
417,206.6508679519,65895.0,65853.17788946597,256.71980055142495,0.0009151059422714671,71962354.13574722,280535.60652682197
418,207.1505239804,65089.0,65047.97917685799,255.14472779749156,0.0009146449268749524,71118285.64895234,278954.9477623399
419,207.65018014310002,65243.0,65198.08033821573,255.44824675539778,0.0009141809936046784,71318569.07365273,279428.5251415563
420,208.14983644,64229.0,64188.658103672446,253.4535088075162,0.0009137141834738418,70250259.06857893,277388.17388596677
421,208.64949287110002,64322.0,64283.958129151426,253.63586733451694,0.0009132445370004423,70390739.30876446,277730.50596895505
422,209.1491494364,63807.0,63771.20978672603,252.6175447536142,0.0009127720942136791,69865424.44821636,276758.61954482214
423,209.6488061359,63618.0,63579.79284123949,252.24440568071756,0.0009122968946606249,69691997.43345746,276493.7677164326
424,210.14846296960002,63361.0,63320.7828021096,251.7354518294775,0.000911818977412527,69444466.90701184,276080.5138579462
425,210.64811993749998,63401.0,63365.42558534475,251.8126318754401,0.0009113383810711818,69530074.56008315,276310.79421834624
426,211.14777703960002,62670.0,62626.865723473005,250.3607277186901,0.0009108551437751388,68756120.17066634,274863.38462232606
427,211.6474342759,62141.0,62105.143511188035,249.29839085565342,0.0009103693032057661,68219724.99785697,273843.1425332295
428,212.1470916464,61495.0,61450.86445747163,248.0035648944863,0.000909880896593327,67537261.95104106,272567.0643520852
429,212.6467491511,61483.0,61441.218166772655,247.9781748027247,0.0009093899607229302,67563114.63778338,272686.29027484707
430,213.14640679000001,61049.0,61013.177990241726,247.09861545885843,0.0009088965319402967,67128848.93508378,271866.6061266144
431,213.6460645631,61048.0,61009.77817647806,247.0978536934873,0.0009084006461576281,67161751.1882433,272014.1764965348
432,214.14572247040002,60549.0,60512.23418972181,246.08534273120148,0.0009079023388592253,66650598.41761739,271048.25287751376
433,214.64538051190002,60194.0,60156.507357806826,245.36338936638631,0.0009074016451070879,66295347.47064228,270402.18704632117
434,215.14503868760002,59737.0,59691.572650097114,244.43438815462272,0.000906898599546409,65819456.19935043,269527.8041854714
435,215.6446969975,59391.0,59351.449883532594,243.72261182720004,0.0009063932364110182,65480905.52676935,268892.79623516544
436,216.14435544160003,59302.0,59270.19090736298,243.53607020520735,0.0009058855895287493,65427899.05532764,268837.55853970174
437,216.6440140199,57830.0,57785.58794436942,240.5015019399819,0.0009053756923266482,63824982.749284044,265637.24206239457
438,217.1436727324,58039.0,58002.202174996426,240.93168094291067,0.0009048635778362707,64100493.81553465,266262.989078455
439,217.64333157910002,57848.0,57809.01225117843,240.536160243264,0.0009043492786986151,63923324.33146547,265977.0576578582
440,218.14299056,57548.0,57509.248820100605,239.91164309128422,0.0009038328271694156,63628192.17377353,265438.07204107544
441,218.64264967510002,57031.0,56997.4790270043,238.82903586962325,0.0009033142551238676,63098172.871398434,264391.97047418857
442,219.1423089244,56906.0,56870.25735917504,238.56839526778867,0.0009027935940616367,62993642.99132623,264255.7466479994
443,219.64196830790002,56482.0,56439.76655720289,237.68152813295606,0.0009022708751117285,62553018.29421674,263425.91198405233
444,220.1416278256,56349.0,56311.740877955584,237.39898606889173,0.0009017461290370933,62447443.98080937,263265.8776394108
445,220.64128747750001,55482.0,55446.24834672226,235.56510314690206,0.000901219386239486,61523585.92515699,261384.86005038515
446,221.1409472636,55264.0,55231.498763079864,235.1002314287904,0.0009006906767639055,61321272.871971205,261022.16609311732
447,221.64060718390002,54846.0,54807.00008509347,234.21302987870186,0.0009001600303033202,60885840.56173386,260190.4350271816
448,222.1402672384,54474.0,54435.24761340517,233.41736647301644,0.0008996274762029722,60508653.9187956,259460.0238958834
449,222.63992742710002,54131.0,54090.0075667612,232.68264559936404,0.0008990930434649786,60160634.05218429,258797.0703261564
450,223.13958775,53769.0,53732.25249949062,231.90114636433987,0.0008985567607525009,59798395.43413181,258081.80016377938
451,223.63924820710002,53553.0,53517.25724035931,231.4343970948155,0.0008980186563942045,59594816.72156571,257716.6915708513
452,224.1389087984,52979.0,52945.492128490085,230.18972466926022,0.0008974787583883911,58993588.01935845,256484.8722242892
453,224.6385695239,52729.0,52693.47324557727,229.64710497993948,0.0008969370944072039,58748237.277891815,256034.79487233819
454,225.13823038360002,51985.0,51943.77953226016,228.02456514382777,0.0008963936918007012,57947506.77898459,254379.93063713502
455,225.63789137749998,52253.0,52217.239350495314,228.60846310028327,0.0008958485776010153,58288019.48910538,255186.5000583824
456,226.1375525056,51852.0,51814.47619744046,227.73064878040327,0.0008953017785261903,57873755.46459359,254361.88583840893
457,226.6372137679,51685.0,51644.05448666439,227.36555805520098,0.0008947533209842615,57718762.56335549,254109.76715357762
458,227.1368751644,51139.0,51105.1882791751,226.15768812482153,0.0008942032310770547,57151647.97338033,252915.31082080514
459,227.6365366951,50697.0,50655.80812855947,225.18243620035722,0.0008936515346040302,56684072.22173534,251980.13709016205
460,228.13619836,50532.0,50497.23310263362,224.8121913819938,0.0008930982570661262,56541632.12513663,251721.677433918
461,228.6358601591,50400.0,50363.52332753023,224.51934813966272,0.0008925434236693794,56426972.61773355,251550.05592515614
462,229.1355220924,49939.0,49904.73892068485,223.48909346885495,0.0008919870593286211,55947828.389177576,250551.945940864
463,229.6351841599,49727.0,49691.71462937079,223.01481397397038,0.0008914291886711467,55743872.04377525,250176.70142304685
464,230.1348463616,49649.0,49610.74062464377,222.84148277693603,0.000890869836040231,55687978.891681075,250139.21648467696
465,230.6345086975,49529.0,49490.0165126386,222.57245056653227,0.0008903090254986933,55587459.06784165,249994.6020898324
466,231.13417116760002,48907.0,48869.16996507472,221.1700221821195,0.0008897467808322971,54924806.717885464,248576.36683465168
467,231.63383377190002,48696.0,48652.63896119928,220.6956297653759,0.0008891831255531927,54716106.91097037,248200.42511273845
468,232.1334965104,48286.0,48251.98083094682,219.7595125864898,0.0008886180829033778,54300021.30194486,247304.79473079203
469,232.6331593831,48324.0,48288.77807413191,219.84661511316298,0.0008880516758578729,54376090.25114911,247560.61059260706
470,233.13282239,48321.0,48287.47068951197,219.83880294038954,0.0008874839271281359,54409403.04774688,247710.17955421403
471,233.6324855311,47805.0,47769.75,218.66300608581975,0.0008869148591652051,53860581.43727859,246543.40134929403
472,234.1321488064,47692.0,47656.78631988147,218.40443694803025,0.0008863444941629112,53767791.90679114,246410.3273460254
473,234.6318122159,47187.0,47153.72641932256,217.24411362463684,0.0008857728540610575,53234558.05078464,245259.3942438226
474,235.1314757596,47205.0,47170.47064722923,217.28620340974217,0.0008851999605485238,53287926.739173755,245465.67227036296
475,235.63113943750002,46987.0,46951.03547574872,216.78478342324135,0.0008846258350662228,53074456.58336893,245058.16451428068
476,236.1308032496,46811.0,46776.22039211617,216.3774794691312,0.0008840504988103037,52911253.88771851,244756.92255172937
477,236.63046719590002,46824.0,46764.857664784024,216.42144570296668,0.0008834739727349275,52932920.615664914,244966.4080459567
478,237.1301312764,46257.0,46214.0503507434,215.09830161056522,0.000882896277555344,52343691.468159445,243628.0535762955
479,237.62979549110003,45996.0,45955.25,214.48945922635247,0.0008823174337507679,52084712.64660648,243097.83647201542
480,238.12945984,46183.0,46142.41645390596,214.9249020743951,0.0008817374615671309,52331241.96843814,243751.58303062734
481,238.62912432310003,45920.0,45886.17656391179,214.30827091603223,0.0008811563810200537,52074952.360661045,243212.5279146732
482,239.1287889404,45491.0,45454.180761508134,213.30667346559275,0.0008805742118975161,51618796.17569158,242235.88493006883
483,239.6284536919,45559.0,45519.53881391214,213.46750788578106,0.0008799909737626496,51727279.22342262,242579.2016627631
484,240.12811857760002,45123.0,45085.03321702517,212.44295304276787,0.0008794066859564071,51267557.93082527,241575.3216746624
485,240.62778359749998,45480.0,45443.30454133909,213.28080010843806,0.0008788213676002574,51709376.00826466,242689.59309766284
486,241.1274487516,44783.0,44748.284958862045,211.63935106069047,0.0008782350375988451,50952516.175176665,240982.58666532705
487,241.6271140399,44901.0,44867.5,211.9172212395557,0.0008776477146425008,51122448.394087404,241460.4603919895
488,242.1267794624,44567.0,44533.47064195808,211.12768152235878,0.0008770594172099063,50775887.890956774,240722.2103537709
489,242.6264450191,44499.0,44464.38730284713,210.96711359657112,0.0008764701635705526,50731204.72430994,240700.8502572821
490,243.12611071,44665.0,44626.79611971547,211.36222983036095,0.0008758799717872443,50950812.39117036,241314.14878579037
491,243.6257765351,44347.0,44310.360039126994,210.60775648725956,0.0008752888597186016,50623699.304675736,240615.14567313044
492,244.1254424944,43961.0,43927.66966901286,209.68737708646597,0.0008746968450214456,50220450.56986098,239725.77274052578
493,244.6251085879,43757.0,43721.36488543448,209.20174253620812,0.0008741039451532244,50018496.23018281,239332.79754221506
494,245.1247748156,43563.0,43530.666210511125,208.73557644353534,0.0008735101773743117,49834183.204779774,238961.81389777802
495,245.62444117750002,43898.0,43863.361171293865,209.5378546724803,0.0008729155587504726,50249260.34550431,240043.67040085924
496,246.1241076736,43246.0,43214.561069188385,207.97438309689343,0.000872320106154996,49539797.10460774,238415.21206429697
497,246.6237743039,43350.0,43320.00089676166,208.22326769388502,0.0008717238362711298,49694638.47870275,238863.79955442896
498,247.12344106839998,42861.0,42824.42230646588,207.04961618585259,0.0008711267655941844,49159805.435728855,237680.2370945711
499,247.6231079671,42801.0,42769.0,206.9019827067768,0.0008705289104338445,49129901.93362477,237673.87874994674
500,248.122775,42783.0,42750.95293638165,206.8584557375402,0.0008699302869163392,49142964.188454546,237787.39382760873
501,248.62244216710002,42617.0,42583.84584468843,206.4574984094909,0.000869330910986489,48984621.74359547,237490.11544431283
502,249.1221094684,42196.0,42165.05487886608,205.4339621887385,0.0008687307984100026,48536387.74639832,236475.9745651181
503,249.6217769039,42183.0,42147.30956492338,205.40510042368433,0.0008681299647754342,48549538.98040594,236606.3939249212
504,250.1214444736,41964.0,41929.66920991645,204.87044563496468,0.0008675284254963192,48332328.92158916,236154.15888851925
505,250.6211121775,42049.0,42012.98620715581,205.07887773866793,0.0008669261958132291,48462010.272679664,236558.63524378976
506,251.1207800156,42113.0,42082.541763339665,205.23161128763323,0.000866323290795754,48576024.92100275,236899.56563342473
507,251.6204479879,41989.0,41959.033088008255,204.92872039657072,0.0008657197253445038,48467225.430622034,236714.85631798624
508,252.1201160944,41362.0,41321.84503296378,203.39932542297012,0.000865115514193047,47764540.520935535,235112.3313430516
509,252.6197843351,41379.0,41346.554763833716,203.43658387996993,0.0008645106719099771,47826540.61688576,235319.9219976247
510,253.11945271,41375.0,41343.68326142369,203.42602827478308,0.0008639052129006173,47856735.48908175,235472.62504849012
511,253.6191212191,41208.0,41175.53233170108,203.0159550809399,0.0008632991514091054,47695555.20180115,235162.9267207903
512,254.1187898624,41099.0,41072.12171167026,202.74380296495943,0.0008626925015201073,47609225.34889214,235012.8262477241
513,254.6184586399,41144.0,41109.34306512064,202.8593491457823,0.0008620852771608331,47685935.665795125,235312.39254412678
514,255.1181275516,40820.0,40787.167380119114,202.05804088816697,0.0008614774921026479,47345598.40973673,234548.25313542967
515,255.6177965975,40694.0,40659.44013808571,201.74696821401585,0.0008608691599630144,47230685.02051178,234352.64915598035
516,256.11746577759993,40697.0,40661.57782774343,201.7550682040116,0.0008602602942072355,47266598.37905771,234527.93249040633
517,256.61713509189997,40397.0,40367.50756014484,201.0064108099587,0.0008596509081501732,46958023.51562572,233823.29839270606
518,257.1168045404,40301.0,40262.44928241811,200.77305482144237,0.0008590410149580006,46869065.13350423,233717.65879101638
519,257.6164741231,40494.0,40463.936755096765,201.248056538083,0.0008584306276498892,47137107.474688075,234437.18112555743
520,258.11614383999995,39812.0,39780.621822631874,199.54712252494954,0.0008578197590996764,46374102.95186436,232621.2708534296
521,258.6158136911,39789.0,39755.211040993,199.49086937101677,0.0008572084220376352,46377532.02015037,232721.5461752174
522,259.1154836764,39644.0,39609.59208344045,199.12750656383113,0.0008565966290519208,46240658.368315384,232463.56547564868
523,259.61515379589997,39740.0,39707.4231997987,199.3673971289271,0.0008559843925903721,46388022.42601231,232910.0844065665
524,260.1148240496,39762.0,39732.55396475343,199.42071418663792,0.000855371724962023,46450628.19503122,233139.2403641725
525,260.6144944375,38852.0,38823.513659157965,197.12531237762235,0.0008547586383386844,45420440.24803967,230621.02391940332
526,261.1141649596,39096.0,39067.528768475706,197.74308469065537,0.0008541451447565644,45738747.10674629,231509.9323628575
527,261.6138356159,39001.0,38968.84796237681,197.5049594438185,0.0008535312561177018,45656029.21166253,231397.45384623922
528,262.11350640639995,38717.0,38686.5708106147,196.7836605150672,0.0008529169841915801,45357955.730337545,230718.42179527538
529,262.61317733109996,38835.0,38805.92195355976,197.08252030669124,0.0008523023406165854,45530699.73442311,231235.45591123783
530,263.11284839,38557.0,38530.38758384056,196.37426209145352,0.0008516873369014743,45240061.598212846,230570.83695277563
531,263.6125195831,37949.0,37916.52932734427,194.8235800341365,0.0008510719844269296,44551495.08049594,228915.5131399622
532,264.1121909104,38068.0,38036.074152702924,195.1284347592145,0.0008504562944468477,44724313.76081739,229439.6972934742
533,264.6118623719,37785.0,37754.27999450346,194.401183249751,0.0008498402780899109,44425147.839967586,228750.25844466253
534,265.1115339676,38015.0,37984.82581902782,194.99153721579867,0.0008492239463609404,44728868.023327455,229611.4447212286
535,265.6112056975,37674.0,37645.091981212565,194.11443522234586,0.0008486073101422698,44361027.216347374,228744.71254531428
536,266.1108775616,37745.0,37717.39152491077,194.29636437009808,0.0008479903801951541,44478560.61318832,229125.67041784516
537,266.61054955989994,37780.0,37750.48373710495,194.38739109408243,0.00084737316716113,44550010.7863654,229399.98412425444
538,267.1102216924,37229.0,37195.7690836135,192.9672961397189,0.0008467556815633004,43927392.391323306,227890.1699052767
539,267.60989395909996,36975.0,36945.70201735451,192.30558355531096,0.0008461379338077302,43663923.50605778,227274.50912159315
540,268.10956636,37042.0,37011.77376244763,192.48012037620146,0.0008455199341846737,43773981.27004268,227647.05194302494
541,268.60923889509996,36736.0,36702.71222861234,191.68554762326352,0.000844901692870005,43440216.22674078,226873.19630303534
542,269.1089115644,36807.0,36776.84894343963,191.86878067555085,0.0008442832199263518,43559848.254058324,227256.4183998444
543,269.6085843679,36174.0,36145.10009859767,190.21118815210798,0.0008436645253043737,42842977.290715635,225458.3219360615
544,270.1082573056,36294.0,36263.21866899814,190.52761901354813,0.000843045618844122,43014539.02188318,225999.1805363696
545,270.60793037749994,36772.0,36743.87631865553,191.77608088541717,0.0008424265102761286,43616714.18271454,227647.25296044786
546,271.10760358359994,36242.0,36208.8186007274,190.39235560976763,0.0008418072092227112,43013196.138057634,226170.97302548384
547,271.6072769239,35649.0,35616.88851752593,188.8280187156453,0.0008411877251991451,42341189.071789995,224477.85798460344
548,272.1069503984,35819.0,35788.69756287301,189.27646411951113,0.0008405680676148095,42576798.88367254,225176.8433894959
549,272.6066240071,35345.0,35313.894140580276,188.02057117617292,0.0008399482457744693,42042940.52429303,223847.8050547146
550,273.10629774999995,35277.0,35244.78491637779,187.84047726560337,0.0008393282688792747,41991657.16584156,223798.5830221352
551,273.6059716271,35346.0,35317.482028846694,188.02173970751394,0.0008387081460280481,42109382.38301742,224180.17590260308
552,274.1056456384,35211.0,35182.268134875696,187.66251638707342,0.0008380878862183238,41979210.90785297,223917.46673950483
553,274.6053197839,35133.0,35104.298717151316,187.45442649867346,0.0008374674983475134,41917207.27839461,223834.86746477635
554,275.1049940636,34581.0,34549.76846184859,185.97780379278294,0.0008368469912139466,41285645.79258392,222236.32963416635
555,275.6046684775,34716.0,34685.14900079267,186.34022243866897,0.0008362263735180171,41478181.1471357,222834.66336362105
556,276.1043430256,34519.0,34490.01878819228,185.80969250004853,0.0008356056538632681,41275473.219615094,222365.28874714024
557,276.60401770789997,34338.0,34309.53426692284,185.32181476113365,0.0008349848407573758,41090008.57524822,221946.3225141152
558,277.10369252439995,34220.0,34194.90443046601,185.00099783421143,0.0008343639426132963,40983200.11692352,221726.98074029078
559,277.60336747509996,34285.0,34258.42229902213,185.177306471295,0.0008337429677501783,41089908.54995407,222103.5902359554
560,278.10304256,33753.0,33722.305610078736,183.73768040764435,0.0008331219243945456,40477035.38060859,220541.16573774235
561,278.6027177791,33614.0,33580.9607974023,183.36046060800513,0.000832500820681176,40337450.68254155,220252.58840943166
562,279.1023931324,33774.0,33741.05337655172,183.7964760040262,0.0008318796646541638,40560017.0435454,220941.18153547563
563,279.60206861989997,33657.0,33630.619552642456,183.4738421095293,0.0008312584642678986,40457476.222225815,220718.1640804312
564,280.1017442416,33238.0,33212.67860359603,182.32754260380136,0.0008306372273880262,39984577.51289898,219503.21583483322
565,280.6014199975,33246.0,33217.24298743353,182.35176381147946,0.0008300159617924316,40020005.055927366,219696.69525112282
566,281.10109588759997,33038.0,33011.89794763477,181.7787869596447,0.000829394675172183,39802399.1904475,219170.42923130325
567,281.6007719119,33038.0,33010.482566131905,181.77950680491594,0.0008287733751324949,39830529.740237564,219335.60157607027
568,282.1004480704,32821.0,32790.91466083352,181.18348868723552,0.0008281520691935868,39595281.9302422,218780.45763221115
569,282.6001243631,32889.0,32863.58357636021,181.36812485662176,0.0008275307647917156,39712823.95118177,219167.83347900186
570,283.09980078999996,33024.0,32999.39472509431,181.73932544081538,0.0008269094692799864,39906901.48200603,219781.4055740116
571,283.59947735109995,32517.0,32491.292431429865,180.33978128083447,0.0008262881899292874,39321985.75198131,218252.88498467795
572,284.09915404640003,32254.0,32228.493484502753,179.6088271318847,0.0008256669339292204,39033285.89305662,217531.81549508622
573,284.5988308759,32249.0,32220.83614684261,179.59662760221096,0.0008250457083888576,39053395.24735325,217680.82153039225
574,285.09850783959996,32226.0,32198.901878808036,179.53197304397673,0.000824424520337769,39056215.68074668,217766.41598483993
575,285.5981849375,32387.0,32361.259572150666,179.97878486478453,0.0008238033767267261,39282746.934995405,218472.9875469878
576,286.0978621696,32226.0,32198.146306442068,179.53250225511104,0.0008231822844286666,39114236.197137475,218095.68263451682
577,286.5975395359,31838.0,31813.983878224582,178.44602390400624,0.0008225612502394546,38676735.463727795,216939.49703084005
578,287.09721703639997,31846.0,31818.914953289164,178.47018449038106,0.0008219402808787349,38711954.741129875,217132.78767598406
579,287.59689467109996,31498.0,31467.814942920217,177.49470173503863,0.0008213193829907569,38313737.133943126,216109.23279164368
580,288.09657243999993,31666.0,31639.04531048214,177.96526755131495,0.0008206985631451974,38551359.453135274,216846.08154946833
581,288.5962503431,31739.0,31712.47718559802,178.16993770707455,0.0008200778278378528,38670082.41060294,217259.791277155
582,289.0959283804,31567.0,31540.18107978319,177.68672699582388,0.0008194571834916097,38489114.15407237,216834.66882152628
583,289.59560655189995,31664.0,31636.43060324418,177.9598888898396,0.00081883663645709,38635826.97047782,217332.5923224801
584,290.09528485759995,31353.0,31324.843163763977,177.08434992882582,0.0008182161930134376,38284310.9574703,216427.3347813315
585,290.5949632975,31236.0,31208.60930316343,176.7530980672067,0.0008175958593690714,38171192.950080164,216186.3909188641
586,291.0946418716,31483.0,31454.39164708347,177.4512746947864,0.0008169756416625695,38501015.26047075,217205.09846984892
587,291.5943205799,31467.0,31439.821298193336,177.4052949802764,0.0008163555459632059,38512412.21261987,217313.7621928672
588,292.0939994224,31296.0,31268.830124517906,176.92228347131189,0.0008157355782718538,38332066.12216341,216886.80521465544
589,292.59367839909993,31472.0,31437.89794932517,177.4230295868902,0.0008151157445215906,38568630.480542086,217666.0563599145
590,293.09335751,31221.0,31181.66207612983,176.71781827431627,0.0008144960505785282,38283380.32330766,216965.8381385587
591,293.5930367551,31591.0,31555.621986802053,177.75913157110736,0.0008138765022424416,38772002.75454335,218410.4481224543
592,294.09271613439995,31287.0,31253.486643735883,176.9011803624247,0.0008132571052474967,38430019.78350325,217521.83807676513
593,294.59239564789993,31304.0,31277.694817164604,176.94486457374887,0.0008126378652629731,38489093.548505776,217741.34843752175
594,295.0920752956,31145.0,31121.954186210456,176.49245225063444,0.0008120187878938897,38326642.991759576,217350.2077561505
595,295.5917550775,31356.0,31325.80005227973,177.09375689837432,0.000811399878681742,38607104.678366296,218257.0660302457
596,296.0914349936,31586.0,31556.552195298333,177.74161707316057,0.0008107811431051163,38921171.83984271,219222.68245219497
597,296.59111504389995,31203.0,31176.427377101372,176.65917679458073,0.00081016258658043,38481692.30906134,218053.98042414128
598,297.0907952284,31543.0,31518.076488219038,177.61785736841875,0.0008095442144624717,38933113.13347682,219404.76405770503
599,297.59047554709997,32125.0,32100.262604346095,179.2483152562715,0.000808926032045223,39682568.40886477,221588.01689577795
600,298.090156,31858.0,31829.051617150766,178.5046394400363,0.0008083080445622958,39377378.25482909,220837.39069638698
601,298.58983658709997,31617.0,31589.123150175597,177.82795772028183,0.0008076902571877141,39110442.23829732,220168.5065998674
602,299.0895173084,31921.0,31897.95147057857,178.67732569539004,0.0008070726750364708,39523022.470234334,221389.38812086012
603,299.5891981639,32113.0,32085.302552298705,179.2167153745331,0.0008064553031651753,39785593.10896751,222227.71016712696
604,300.0888791536,32497.0,32469.98788523509,180.2845472782658,0.0008058450354082235,40293091.67213086,223721.11182261934
605,300.58856027749994,32939.0,32914.07976123684,181.5049858818973,0.000805266762142923,40873510.87687769,225397.3396330033
606,301.08824153559993,33436.0,33411.4825769217,182.8685631509144,0.0008046886019416316,41521008.86765787,227253.8255291192
607,301.58792292789997,33769.0,33742.411384276624,183.77812430144232,0.0008041105599393787,41962403.01435718,228548.32837327395
608,302.0876044544,34555.0,34529.96641835016,185.90343819715835,0.0008035326412156066,42972699.1128976,231357.6682036444
609,302.58728611509997,35424.0,35400.34189423759,188.22512095117133,0.0008029548507945346,44087587.0657092,234415.57238855964
610,303.08696790999994,36032.0,36005.27361650611,189.83526198999854,0.0008023771936457973,44873251.51018728,236591.0490643877
611,303.5866498391,36621.0,36596.5,191.3790090630937,0.0008017996746850927,45642946.929821715,238686.81305995528
612,304.0863319024,37969.0,37944.63835189179,194.8689697991439,0.0008012222987745389,47358440.23553477,243214.61109756175
613,304.58601409989996,38554.0,38530.52740394944,196.36361387962793,0.0008006450707234487,48124354.739527635,245256.7574071208
614,305.08569643159996,39892.0,39866.24638741382,199.74251375671045,0.0008000679952886746,49828572.84902338,249656.92282771645
615,305.5853788975,40554.0,40525.12210100328,201.39495389371805,0.0007994910771752229,50688648.388906874,251903.94194928423
616,306.0850614976,41444.0,41422.141429732874,203.5887821923325,0.0007989143210368064,51848039.69464022,254831.80965903986
617,306.5847442319,42523.0,42501.794968872804,206.22113001578742,0.0007983377314762711,53237863.24151219,258313.14478203002
618,307.0844271004,43548.0,43523.10703606473,208.69340698540896,0.0007977613130462633,54556552.59825913,261598.80602446126
619,307.58411010309993,44726.0,44699.59755640057,211.49749089514324,0.0007971850702495561,56071794.64914905,265305.38364063273
620,308.08379324,46414.0,46385.10687896748,215.45266189303703,0.0007966090075397115,58228197.823453754,270462.24666533986
621,308.5834765111,48010.0,47985.19801450334,219.12287251390126,0.0007960331293214796,60280403.22317342,275268.5339876201
622,309.08315991639995,49393.0,49364.496477873094,222.258272083259,0.0007954574399512749,62057998.32722273,279409.38247667055
623,309.58284345589993,51341.0,51316.25,226.59634808701344,0.0007948819437378248,64558328.9496957,285069.1852697959
624,310.0825271296,53381.0,53356.16147139796,231.05389373779974,0.0007943066449424383,67173253.31612273,290887.5246216072
625,310.5822109375,56391.0,56365.64830887367,237.47849867691974,0.0007937315477796448,71013491.23207821,299192.46543901815
626,311.0818948796,59721.0,59695.885398112616,244.38865510703886,0.0007931566564175452,75263675.7380835,308121.5458883878
627,311.58157895589994,62923.0,62892.60873402171,250.8568919014479,0.0007925819749783925,79351550.65283474,316505.92597476975
628,312.0812631664,68378.0,68355.50905957368,261.50026956648367,0.0007920075075389714,86306642.81450665,330173.978248074
629,312.58094751109996,74375.0,74350.93161498965,272.72654197071,0.0007914332581310777,93944664.12817289,344598.2831385396
630,313.08063199,81064.0,81041.00663504539,284.72526967323404,0.0007908592307419418,102472100.57726336,360020.16364672134
631,313.58031660309996,89923.0,89898.58629108092,299.87972416988094,0.0007902854293147903,113754578.9867677,379457.48845437897
632,314.0800013504,100663.0,100641.33795361934,317.2811118393967,0.0007897118577491486,127440580.97401392,401768.2002948737
633,314.5796862319,117631.0,117610.76203075536,342.97930133736963,0.0007891385199012913,149036904.25030398,434624.96467701375
634,315.07937124759997,139966.0,139939.12229837067,374.1274113568706,0.0007885654195848081,177460384.16451332,474440.5499721944
635,315.5790563975,166219.0,166194.65647340316,407.70545980364966,0.0007879925605708602,210908915.6285989,517397.60018582916
636,316.0787416816,196272.0,196247.09397812927,443.0314627857461,0.0007874199465887283,249227994.32286885,562636.8302010295
637,316.5784270999,230728.0,230703.75,480.34646673301495,0.0007868475813261413,293200049.7620839,610469.5218398537
638,317.07811265239997,266536.0,266511.7183734071,516.2758212983766,0.0007862754684298093,338954640.03936243,656609.3462503396
639,317.57779833909996,297813.0,297788.3728934724,545.7268271726281,0.0007857036115056483,379008532.6486139,694570.8523941345
640,318.0774841599999,330859.0,330833.9150446776,575.207737634446,0.0007851320141194141,421373615.0037561,732625.5041065746
641,318.5771701151,415374.0,415351.58961880923,644.498505346108,0.0007845606797968767,529406584.2381294,821476.9385498252
642,319.0768562044,701538.0,701514.242193557,837.5813774993111,0.0007839896120243948,894800430.3043348,1068357.7494560587
643,319.5765424279,1373648.0,1373622.9856282303,1172.02940319995,0.0007834188142491782,1753369922.5039656,1496044.4935487192
644,320.07622878559994,2167048.0,2167025.762132979,1472.0911054067246,0.0007828482898798358,2768129904.793698,1880429.6112503293
645,320.5759152775,2381159.0,2381133.696041381,1543.1020445924787,0.000782278042286509,3043845752.184991,1972574.9173301202
646,321.0756019036,1813944.0,1813920.2954025152,1346.8290989093084,0.0007817080748015448,2320457410.988139,1722931.030552848
647,321.5752886639,1034348.0,1034325.8213733258,1017.0310745193236,0.000781138390719605,1324126215.8687117,1301985.7769151612
648,322.07497555839996,490534.0,490509.0993597189,700.3847586145339,0.0007805689932983004,628399415.7737023,897274.635077487
649,322.57466258709997,214354.0,214329.45058464553,462.9888483119239,0.0007799998857582795,274781387.1489025,593575.5334910437
650,323.07434975,95709.0,95682.43316663624,309.3769430391199,0.0007794310712837918,122759326.24682106,396926.62306821917
651,323.5740370471,48974.0,48947.40277800533,221.3123749928629,0.0007788625530230232,62844724.76950429,284148.1775364297
652,324.0737244784,32832.0,32808.269702627374,181.2086943563111,0.0007782943340883626,42154064.68435441,232827.9757664763
653,324.57341204389996,26718.0,26695.492090012838,163.46935223686413,0.0007777264175568241,34325042.183696106,210188.761171817
654,325.0730997436,24646.0,24620.658100151326,157.0060840996205,0.0007771588064704295,31680343.702169873,202025.74144747146
655,325.5727875775,23142.0,23118.840129574142,152.13927741679126,0.0007765915038364123,29769627.938711118,195906.44072876585
656,326.07247554559996,22326.0,22300.764548516665,149.4352556641094,0.000776024512627723,28737190.882029343,192565.1229213129
657,326.57216364789997,21684.0,21662.034450442814,147.26911378932445,0.000775457835783296,27934509.719102684,189912.47105081705
658,327.0718518844,21267.0,21244.731037591093,145.84635319225137,0.000774891476208345,27416395.314534374,188215.19873453566
659,327.5715402551,20694.0,20668.777955102305,143.8709131201628,0.0007743254367747715,26692624.281067297,185801.6103918986
660,328.07122876,20249.0,20225.639564497582,142.31464828687433,0.0007737597203214439,26139431.962283097,183926.15245951596
661,328.5709173991,19532.0,19509.079547554993,139.77225765631238,0.0007731943296545067,25231793.35300145,180772.48150380005
662,329.0706061724,19736.0,19710.077790489762,140.50212810091983,0.000772629267547773,25510394.98289657,181849.3474196955
663,329.5702950799,19041.0,19013.73656367464,138.00852175636032,0.0007720645367429559,24627133.68999734,178752.57208233568
664,330.0699841216,18855.0,18834.71785252545,137.3271783478829,0.0007715001399500473,24413110.09191126,178000.19888107147
665,330.56967329749995,18872.0,18848.535622448653,137.39155010486613,0.0007709360798476086,24448895.459886186,178213.93199294084
666,331.06936260759994,18391.0,18368.071914175744,135.62955328665842,0.0007703723590830327,23843108.72217572,176057.13871678503
667,331.5690520519,18329.0,18307.461291836047,135.39932662960135,0.0007698089802729742,23781823.492555548,175886.9149351684
668,332.0687416304,18021.0,17996.863009055305,134.25959150852498,0.0007692459460034385,23395460.32391422,174534.0254388872
669,332.5684313431,17990.0,17969.065543869485,134.14123640874837,0.0007686832588303377,23376423.69265594,174507.8156285901
670,333.06812118999994,18137.0,18114.00889778299,134.69000135702214,0.0007681209212795533,23582236.07242498,175349.99714973586
671,333.5678111711,17909.0,17887.86865969671,133.8386887039315,0.0007675589358474098,23304879.696238473,174369.26658429072
672,334.0675012864,17892.0,17864.653036679058,133.7803694769648,0.0007669973050008581,23291676.411638856,174420.9120484656
673,334.56719153589995,18258.0,18233.25749073316,135.1394536288864,0.0007664360311777462,23789666.389659382,176321.89528097206
674,335.06688191959995,18725.0,18702.045431404476,136.85517181191264,0.0007658751167871914,24419184.043814663,178691.23674629015
675,335.5665724375,18510.0,18487.4895076837,136.06622383343057,0.0007653145642098002,24156719.827712063,177791.2380041025
676,336.0662630896,17901.0,17871.361652572105,133.81535250554134,0.000764754375797971,23368760.242691666,174978.21096598997
677,336.5659538759,17660.0,17631.971401272513,132.91113791139742,0.0007641945538761317,23072621.117017902,173923.1681739268
678,337.06564479639997,17132.0,17109.53750549353,130.9052674467199,0.0007636351007410259,22405383.787217952,171423.84801286686
679,337.5653358511,16645.0,16622.63705227278,129.0315607514691,0.0007630760186620412,21783723.568483394,169093.9796243497
680,338.06502704,16861.0,16838.188964170196,129.86634358073974,0.0007625173098813883,22082369.4701297,170312.64982160315
681,338.5647183631,16475.0,16453.21206373157,128.37070976435496,0.0007619589766143987,21593304.32307247,168474.5684534654
682,339.0644098204,16592.0,16569.657284089833,128.8258233413476,0.0007614010210497949,21762063.388415385,169195.75858162987
683,339.56410141189997,16362.0,16337.06199202143,127.93169437954577,0.0007608434453499652,21472304.31157473,168144.57055708882
684,340.0637931376,16321.0,16293.899722009806,127.77424124481502,0.0007602862516511456,21431269.717982747,168060.7020938789
685,340.5634849975,16414.0,16395.49939036383,128.130193598568,0.0007597294420637908,21580708.187148523,168652.39979446464
686,341.06317699159996,16418.0,16395.706420793405,128.14821156977578,0.0007591730186726886,21596798.117850766,168799.7444822599
687,341.5628691199,16167.0,16139.504316444558,127.16974916441853,0.0007586169835372974,21274905.079489376,167633.6701182834
688,342.0625613824,16094.0,16069.483615438097,126.88006638380169,0.0007580613386919955,21198131.068345137,167374.40614334476
689,342.5622537791,16114.0,16090.7890780828,126.95777991920204,0.0007575060861462821,21241795.11209301,167599.6830138804
690,343.06194631,15946.0,15922.921559795981,126.2942278315136,0.0007569512278849858,21035597.76801812,166845.92504644598
691,343.5616389751,16020.0,15996.696809819898,126.58715780577066,0.0007563967658686385,21148552.626939714,167355.49848682818
692,344.0613317744,15852.0,15830.184540355809,125.92086879026824,0.0007558427020335184,20943755.22548051,166596.65887027932
693,344.5610247079,15896.0,15875.667450459781,126.09364391240675,0.000755289038292093,21019327.231808946,166947.53600229337
694,345.0607177756,15876.0,15851.210213393548,126.01798710825818,0.0007547357765330679,21002330.492675465,166969.6747213054
695,345.56041097749994,15757.0,15732.558989752539,125.54501238697794,0.0007541829186217142,20860402.16676365,166464.93746691346
696,346.06010431359994,15728.0,15706.740413491458,125.42694508209694,0.0007536304664000433,20841435.045108676,166430.30062364493
697,346.55979778389997,15867.0,15846.959790166218,125.9787756584287,0.0007530784216871145,21042907.79526576,167285.0688991986
698,347.0594913884,15678.0,15657.75,125.22656293504168,0.0007525267862791567,20806900.54558618,166408.1135958232
699,347.55918512709997,15791.0,15770.183123211931,125.6770112828245,0.0007519755619498286,20971669.720649924,167129.1164794656
700,348.05887899999993,15762.0,15738.331263291953,125.56399910714542,0.0007514247504504646,20944653.81111965,167101.22874163013
701,348.5585730071,15649.0,15625.831543871138,125.1128389795802,0.0007508743535102342,20810181.451560475,166622.86891900742
702,349.0582671484,15581.0,15556.040748331969,124.8407826676548,0.0007503243728364283,20732420.95218891,166382.4169748385
703,349.5579614239,15603.0,15564.8205539767,124.93860157272982,0.0007497748101145437,20759327.125965793,166634.83473610276
704,350.05765583359994,15427.0,15381.018401185902,124.24014648696114,0.0007492256670086399,20529219.80448987,165824.73339842004
705,350.55735037750003,15456.0,15421.903260863623,124.34790925744115,0.0007486769451614499,20598875.60386668,166090.2076136803
706,351.0570450556,15253.0,15228.203833575244,123.5217247046627,0.00074812864619464,20355060.471261963,165107.5992517551
707,351.5567398679,15561.0,15540.83355851521,124.75824437095393,0.0007475807717089414,20788166.50539239,166882.62873021906
708,352.05643481439995,15477.0,15455.540754838335,124.42189726927884,0.000747033323284442,20689225.33051909,166554.68155321325
709,352.55612989509996,15512.0,15488.501331551237,124.56432333636221,0.0007464863024807137,20748540.56943851,166867.5271366824
710,353.05582511,15165.0,15142.792027466363,123.16251424134812,0.000745939710836998,20300289.43019411,165110.54774540817
711,353.55552045909997,15134.0,15111.87350144914,123.03642935163984,0.0007453935498724955,20273684.28937187,165062.37459753445
712,354.05521594239997,15372.0,15349.67304743647,124.00028411690711,0.0007448478210864617,20607797.476062812,166477.3402116366
713,354.55491155989995,15127.0,15106.834886292887,123.00663307268374,0.0007443025259584454,20296632.564614333,165264.2961466333
714,355.0546073116,14932.0,14911.526116335848,122.21118132409612,0.0007437576659484241,20048904.097440105,164315.86109200635
715,355.55430319749996,14999.0,14975.598072724826,122.48785371111545,0.0007432132424970814,20149799.837270305,164808.49197408705
716,356.0539992176,15012.0,14992.057146348865,122.53834174063914,0.0007426692570259602,20186721.080100954,164997.19165883795
717,356.55369537189995,14947.0,14929.49202888803,122.27058257195233,0.0007421257109375459,20117200.911995396,164757.23825480303
718,357.0533916604,14662.0,14642.948070386159,121.10062802804559,0.0007415826056155931,19745538.743092474,163300.25422794145
719,357.55308808309996,14965.0,14944.32691895441,122.346497572633,0.0007410399424252117,20166695.563056834,165101.08371787344
720,358.05278463999997,14563.0,14542.064298326677,120.69303238050378,0.0007404977227131011,19638229.60190367,162989.0662435773
721,358.55248133109995,14684.0,14665.22746349733,121.19105869872305,0.0007399559478076836,19819054.77879726,163781.45085228898
722,359.0521781564,14672.0,14650.881045088883,121.1436117962322,0.0007394146190192655,19814161.99820517,163837.18779716984
723,359.5518751159,14748.0,14726.88654062471,121.45645397288207,0.0007388737376403022,19931533.34649179,164380.52644930978
724,360.05157220959995,14586.0,14562.043955200092,120.79014518487037,0.0007383333049454494,19722859.3883842,163598.39705970566
725,360.55126943749997,14854.0,14830.558642013068,121.8942119627468,0.0007377933221917994,20101237.292247627,165214.57743833947
726,361.05096679959996,14526.0,14504.132684224964,120.54000321019285,0.0007372537906190713,19673188.34949069,163498.65506825747
727,361.5506642959,14235.0,14213.75,119.32628214429988,0.0007367147114497048,19293424.9569012,161970.81487553034
728,362.0503619264,14494.0,14472.304996790162,120.40671777978325,0.0007361760858890614,19658754.575425148,163556.9534079215
729,362.5500596911,14254.0,14231.14272416291,119.40752064504264,0.0007356379151256104,19345308.923797026,162318.3337751885
730,363.04975758999996,14306.0,14286.354561238324,119.6216925219528,0.0007351002003310897,19434567.63418611,162728.41779675081
731,363.5494556231,14475.0,14451.833797640387,120.32938687784532,0.000734562942660567,19674057.808165815,163810.85934176797
732,364.0491537904,14239.0,14218.274785368543,119.3424531264644,0.0007340261432527611,19370256.653750405,162586.10708007024
733,364.54885209189996,14177.0,14155.927672768426,119.0831506924504,0.0007334898032300275,19299419.85618719,162351.47396466957
734,365.04855052759996,14353.0,14334.048421002188,119.81739237357716,0.000732953923698671,19556547.768608633,163471.92981647234
735,365.5482490975,14112.0,14088.159173017319,118.81123768441017,0.0007324185057489748,19235121.808686003,162217.68941093754
736,366.0479478016,14171.0,14145.913073497333,119.06126651436377,0.0007318835504554415,19328092.651753843,162677.8828958152
737,366.5476466399,14134.0,14114.70138825486,118.90042760646071,0.0007313490588768632,19299541.329732325,162576.85186476723
738,367.04734561239997,14167.0,14146.121190234278,119.0410383333046,0.0007308150320565619,19356636.86394922,162888.05390101956
739,367.5470447191,14146.0,14128.126257781758,118.9496290362026,0.0007302814710224159,19346138.19244511,162881.8938397404
740,368.04674396,13858.0,13836.15775881947,117.73616957197322,0.0007297483767871916,18960176.135964677,161338.03557100246
741,368.5464433351,13690.0,13668.860110178539,117.02065480817659,0.0007292157503484117,18744603.505406596,160474.66713694175
742,369.0461428444,14088.0,14070.68306601659,118.70502986215729,0.0007286835926888127,19309729.500147443,162903.39326035953
743,369.54584248789996,14011.0,13989.23261060066,118.38421821900215,0.0007281519047762523,19211970.08321951,162581.75999056056
744,370.0455422656,13672.0,13651.343311297971,116.94275641312122,0.0007276206875639717,18761620.64193338,160719.39461292422
745,370.5452421775,13703.0,13683.124312164968,117.07478244003809,0.0007270899419906465,18819025.710495926,161018.29454483662
746,371.04494222359995,13611.0,13592.421544354718,116.67984700851571,0.0007265596689806215,18707921.901893027,160592.24312879902
747,371.54464240389996,13762.0,13742.423497630187,117.32626360960285,0.0007260298694439693,18928179.233389992,161599.77508839587
748,372.0443427184,13564.0,13545.683741693241,116.47791737020658,0.0007255005442766786,18670811.274439827,160548.35284284264
749,372.54404316709997,13697.0,13676.912493090018,117.04940858617199,0.0007249716943607317,18865443.436588373,161453.76363884698
750,373.04374375,13575.0,13556.848383109405,116.52479947156766,0.0007244433205643347,18713470.051112827,160847.3653684817
751,373.54344446709996,13601.0,13579.428273540092,116.63954893950589,0.0007239154237418833,18758307.70858382,161123.17145641378
752,374.0431453184,13625.0,13605.297718220027,116.740781750796,0.0007233880047342647,18807745.81438893,161380.58826905835
753,374.5428463039,13573.0,13552.973646326658,116.51777207478202,0.0007228610643689254,18749071.31449765,161189.719322488
754,375.04254742359996,13441.0,13418.89394687192,115.95184427426823,0.0007223346034599515,18577116.315065064,160523.7291953949
755,375.54224867749997,13407.0,13386.462281802551,115.80439529182895,0.0007218086228082518,18545722.31309941,160436.4254354334
756,376.04195006559996,13282.0,13264.63157681676,115.26006263417949,0.0007212831232016293,18390325.72665468,159798.6406815724
757,376.5416515879,13635.0,13613.90324556507,116.78448534478079,0.0007207581054149941,18888310.992668662,162030.068711526
758,377.0413532444,13443.0,13421.694034181262,115.9598398145589,0.0007202335702103857,18635196.399219055,161003.10317483003
759,377.5410550351,13021.0,13000.645919147866,114.12498266805002,0.000719709518337174,18063740.422920518,158570.89528526153
760,378.04075695999995,13145.0,13125.201229270617,114.6664259975536,0.0007191859505321226,18250080.135129638,159439.19081388117
761,378.5404590191,13263.0,13243.195606342408,115.17993310263522,0.0007186628675195429,18427549.55748744,160269.77085956524
762,379.0401612124,13112.0,13093.392258276883,114.52175763991451,0.0007181402700114129,18232360.45246258,159469.9008288374
763,379.53986353989995,13006.0,12988.06590629823,114.05679767705507,0.0007176181587074354,18098853.47618874,158938.0038577796
764,380.03956600159995,13349.0,13328.038691375976,115.55378469346797,0.0007170965342952638,18586115.0541946,161141.18416013542
765,380.5392685975,13054.0,13035.459224985932,114.2675321812229,0.0007165753974504971,18191329.581457555,159463.37620266512
766,381.0389713276,13213.0,13192.14196315393,114.96375510660187,0.000716054748836902,18423370.53777259,160551.62722311268
767,381.5386741919,13118.0,13099.95506525574,114.5468400353463,0.0007155345891064257,18307927.05858599,160085.67828760695
768,382.03837719039996,13340.0,13319.397571304553,115.51443638060486,0.0007150149188993936,18628139.38456949,161555.28133372887
769,382.53808032309996,13256.0,13237.150972811003,115.14818122440462,0.0007144957388445704,18526563.915156644,161160.06711336548
770,383.03778359,13100.0,13078.701372126168,114.4715376651256,0.0007139770495592766,18318097.731852002,160329.4359892752
771,383.53748699109997,12991.0,12972.746977480441,113.99126535405247,0.0007134588516495088,18182894.42690016,159772.72563162676
772,384.03719052639997,12916.0,12895.001653141177,113.66438061988839,0.0007129411457100098,18087049.303767134,159430.24372185918
773,384.53689419589995,12805.0,12784.899080804078,113.17417592272463,0.0007124239323244831,17945633.913630266,158857.90859588629
774,385.0365979996,12878.0,12857.297646358069,113.49661148524409,0.0007119072120655305,18060355.94028308,159426.12964398065
775,385.53630193749996,12709.0,12688.463624250184,112.75011182232777,0.0007113909854948833,17836132.145283483,158492.46633887623
776,386.0360060096,12900.0,12882.792389924794,113.59072967198863,0.0007108752531634865,18122437.562138654,159789.96197503744
777,386.53571021589994,12774.0,12754.694156571077,113.03638144055434,0.000710360015611578,17955253.50000174,159125.48420005973
778,387.0354145564,12562.0,12541.653306265578,112.0957191579864,0.0007098452733687748,17668150.7601587,157915.70834303641
779,387.5351190311,12566.0,12546.25,112.11301702013343,0.0007093310269542236,17687440.029053837,158054.5792583363
780,388.03482363999996,12540.0,12519.993210078354,111.99704815465164,0.0007088172768766163,17663216.767581284,158005.528093451
781,388.53452838309994,12791.0,12768.66137189288,113.11322580262552,0.0007083040236344187,18027091.398372807,159695.86791590406
782,389.0342332604,12701.0,12674.583878277816,112.71897086467696,0.0007077912677158445,17907234.034096975,159254.5373277055
783,389.5339382719,12589.0,12567.267406490204,112.21724374194214,0.0007072790095990203,17768472.18131781,158660.5034490728
784,390.0336434176,12645.0,12624.67945321533,112.46485395597973,0.000706767249752056,17862569.972850677,159125.7291497788
785,390.53334869749995,12648.0,12625.65598491843,112.48005930691676,0.0007062559886331606,17876883.4362074,159262.4503256998
786,391.03305411159994,12643.0,12620.780902909855,112.45740238906843,0.0007057452266906925,17882913.586380053,159345.60821104245
787,391.53275965989997,12545.0,12521.783730017005,112.02220878186328,0.0007052349643633242,17755477.766649712,158843.81013779613
788,392.0324653424,12415.0,12395.483253912955,111.43763857120237,0.0007047252020800416,17589101.70563915,158129.2087217642
789,392.53217115909996,12531.0,12514.039993064021,111.95449557537732,0.0007042159402603232,17770174.285515368,158977.50842446394
790,393.0318771099999,12239.0,12220.355323467998,110.64361521898967,0.0007037071793141799,17365682.32169769,157229.624013245
791,393.5315831951,12492.0,12470.791312570944,111.78383997643452,0.0007031989196422807,17734372.116093226,158964.7493106208
792,394.03128941439996,12308.0,12290.173041234406,110.95502812061844,0.0007026911616360011,17490148.890759494,157900.13334206972
793,394.5309957679,12315.0,12297.636874419823,110.98542273817378,0.0007021839056775214,17513413.18846394,158057.48585349086
794,395.0307022556,12193.0,12172.98768615855,110.43775100522633,0.0007016771521399733,17348416.78830984,157391.11736560546
795,395.5304088775,11997.0,11981.754399762312,109.54199772062023,0.0007011709013874075,17088208.275691424,156227.2443192799
796,396.03011563359996,11958.0,11939.786469944183,109.36635672834433,0.0007006651537749856,17040645.457556996,156089.3333129375
797,396.52982252389995,11996.0,11976.304399758577,109.54081026896772,0.0007001599096490137,17105098.756314445,156451.13174771736
798,397.0295295484,11813.0,11791.715389510948,108.70435169811734,0.0006996551693470898,16853610.044094782,155368.46786904897
799,397.5292367070999,11805.0,11786.551150769137,108.66451599260539,0.0006991509331980729,16858378.629139222,155423.54423464695
800,398.02894399999997,11779.0,11758.862117735753,108.54689421556076,0.0006986472015222457,16830901.33634685,155367.2497063663
801,398.5286514271,11868.0,11850.621951513574,108.95334258055728,0.0006981439746314232,16974467.13304368,156061.42363124725
802,399.0283589884,11989.0,11971.495020764498,109.50812623023705,0.0006976412528289577,17159958.60654699,156969.109533271
803,399.52806668389997,12071.0,12056.046798711444,109.87834849647085,0.0006971390364098483,17293604.53088111,157613.24894719184
804,400.0277745136,12061.0,12039.978834382531,109.83885707482563,0.0006966378585768661,17282980.94361183,157669.95106928452
805,400.5274824775,12156.0,12138.06397098163,110.26743412523082,0.0006961462290671617,17436083.776890777,158396.94236796995
806,401.02719057559995,11863.0,11844.210156323275,108.93195704215142,0.0006956550817201629,17025980.931578644,156589.0337102013
807,401.52689880789995,12021.0,12004.695248965521,109.65252293908321,0.0006951644168643192,17268857.492900956,157736.09850989393
808,402.0266071744,11955.0,11937.347635452055,109.35161112991332,0.0006946742348198555,17184094.41016288,157414.2319504201
809,402.52631567509997,11881.0,11860.459951883753,109.01607614737985,0.0006941845358990167,17085456.87570473,157041.925467551
810,403.02602430999997,12145.0,12128.36415323574,110.21654738995272,0.0006936953204060378,17483704.728088256,158883.22170811263
811,403.52573307909995,12049.0,12030.558048299532,109.78148799068342,0.0006932065886372286,17354938.98283677,158367.63497372737
812,404.0254419824,11992.0,11973.218069635323,109.52263859381375,0.0006927183408810954,17284395.92693059,158105.58509899947
813,404.52515101989997,12014.0,11998.279231363793,109.61952708528946,0.0006922305774183862,17332778.445168275,158356.9559930536
814,405.0248601916,11983.0,11964.167852170822,109.48152996894954,0.000691743298522165,17295675.83485229,158269.014246824
815,405.52456949749995,11675.0,11660.695875004938,108.0619499693953,0.0006912565044578889,16868840.72671363,156326.8472303806
816,406.02427893759995,11776.0,11761.686015594441,108.52727192564964,0.0006907701954834369,17026915.8867849,157110.5305863647
817,406.5239885119,11751.0,11731.082064082935,108.41693066422303,0.000690284371849237,16994564.186142527,157061.2563250991
818,407.0236982204,11444.0,11424.0049048145,106.99211515303615,0.0006897990337983567,16561352.430299263,155106.2119700102
819,407.52340806309996,11751.0,11732.075332715829,108.4159112684655,0.0006893141815665268,17019924.508231733,157280.83676166486
820,408.02311803999993,11442.0,11421.53881397325,106.98323760494507,0.0006888298153821183,16581074.975155244,155311.5663926331
821,408.5228281511,11657.0,11638.854743042813,107.9810540947646,0.0006883459354664528,16908438.247922283,156870.3300638973
822,409.02253839639997,11557.0,11537.217067266101,107.5182945022711,0.0006878625420336297,16772561.903366508,156307.82014150513
823,409.5222487759,11557.0,11537.043907194877,107.5189421800224,0.0006873796352907192,16784093.265020017,156418.5737544414
824,410.0219592896,11422.0,11404.295371123277,106.8869656161866,0.0006868972154378022,16602622.801221596,155608.38392402118
825,410.5216699375,11267.0,11247.636101189559,106.1608491512798,0.000686415282668042,16386051.396569852,154659.79827640342
826,411.02138071959996,11812.0,11792.25,108.69773612029296,0.0006859338371677361,17191526.880625896,158466.7940702747
827,411.52109163589995,11916.0,11896.478762099729,109.17500707905198,0.0006854528791163857,17355647.812633637,159274.27020189774
828,412.0208026864,11915.0,11896.593865094088,109.16964466358623,0.0006849724086867499,17367989.884297095,159378.1636736137
829,412.5205138710999,11876.0,11858.233120856761,108.98998111397448,0.0006844924260449293,17324126.125653286,159227.4464506938
830,413.02022518999996,11455.0,11436.30571435889,107.04251880032797,0.0006840129313504193,16719429.107547207,156491.95197084683
831,413.5199366431,11217.0,11201.403696147216,105.92241013804092,0.0006835339247561847,16387487.570778197,154962.9159603501
832,414.0196482304,11237.0,11222.17209426468,106.0157044861873,0.0006830554064086827,16429373.06252764,155208.05997801656
833,414.51935995189996,11120.0,11103.713280893682,105.46407000712865,0.0006825773764479804,16267332.706916785,154508.59293923015
834,415.01907180759997,11255.0,11240.133941014581,106.10079981134906,0.0006820998350077675,16478722.562492019,155550.24992806342
835,415.51878379749996,11269.0,11253.28481026777,106.16721965685213,0.0006816227822154506,16509549.128759576,155756.55982592184
836,416.0184959216,11096.0,11079.390945614865,105.35052654623611,0.0006811462181922062,16265804.095661113,154666.53668846804
837,416.51820817989994,11094.0,11077.398079065244,105.3396884123306,0.0006806701430529704,16274252.943401383,154758.79100537096
838,417.0179205724,11077.0,11054.494592563586,105.26495408150059,0.0006801945569066387,16251959.796380566,154757.12502055336
839,417.5176330991,11075.0,11055.75,105.25248091271607,0.0006797194598559855,16265166.223639412,154846.94367146157
840,418.01734575999996,11046.0,11027.16119734568,105.11450025743378,0.000679244851997834,16234442.06446609,154752.00135601318
841,418.51705855509994,11029.0,11011.264556965169,105.03244153236218,0.000678770733422974,16222362.006441329,154739.20185493844
842,419.0167714844,11039.0,11021.089788822854,105.08055393618802,0.0006782971042164131,16248174.6130329,154918.1815505167
843,419.5164845479,10932.0,10915.172644118382,104.56866082613149,0.0006778239644572582,16103255.73669897,154271.11803263088
844,420.0161977456,10992.0,10972.67764397374,104.8575324133907,0.0006773513142188241,16199389.317828832,154805.23948539293
845,420.51591107749994,10813.0,10795.199316959435,103.99968394980387,0.0006768791535687378,15948488.38236997,153645.86632854928
846,421.0156245435999,10880.0,10864.952750975792,104.31859109051726,0.000676407482568938,16062732.939783024,154224.4782602406
847,421.5153381439,10865.0,10848.642597144733,104.24763458322533,0.0006759363012757553,16049800.220330104,154227.00983283395
848,422.01505187839996,10826.0,10808.32094703078,104.06149838401613,0.000675465609739945,16001289.763948152,154058.9141526834
849,422.51476574709994,10677.0,10658.75,103.34361071786876,0.0006749954080067514,15790848.165138021,153102.68705833197
850,423.01447974999996,10794.0,10776.16942748829,103.908009902778,0.0006745256961159916,15975921.28741559,154046.03634982937
851,423.5141938871,10966.0,10948.899650783764,104.73134985678385,0.0006740564741020551,16243297.218336713,155374.7406644255
852,424.0139081584,10729.0,10710.0,103.5954352776796,0.0006735877419939489,15899933.04850879,153796.4972031962
853,424.51362256389996,10634.0,10615.361607208777,103.13578488835333,0.000673119499815436,15770396.801934017,153220.61672055605
854,425.01333710359995,10658.0,10641.043456950632,103.25085575321347,0.0006726517475850035,15819543.315177243,153498.23459748848
855,425.5130517775,10663.0,10647.144998140486,103.27366750676816,0.0006721844853159254,15839617.293660605,153638.87409306946
856,426.0127665856,10621.0,10603.916777200173,103.07165935934192,0.0006717177130163258,15786269.398172695,153444.9030627793
857,426.5124815279,10705.0,10689.757072499633,103.47649685058009,0.000671251430689243,15925116.258632563,154154.6015690873
858,427.01219660439995,10813.0,10797.425932387356,103.99760032273338,0.0006707856383326452,16096686.206977004,155038.50169070042
859,427.51191181509995,10783.0,10767.469778353348,103.85242790166599,0.0006703203359395517,16063170.399360133,154929.5498488818
860,428.01162716,10554.0,10535.355095220464,102.74737313992428,0.0006698555234979218,15727802.079179466,153387.36419368055
861,428.51134263909995,10559.0,10542.204486224537,102.76949841671008,0.0006693912009908933,15748943.921908466,153526.81401336228
862,429.01105825239995,10366.0,10347.179158432402,101.82830971543275,0.0006689273683966925,15468314.868373329,152226.25732820327
863,429.5107739998999,10304.0,10286.807115852305,101.52208881729258,0.0006684640256888065,15388722.086057592,151873.67594341523
864,430.0104898816,10433.0,10416.196159473575,102.15473018982983,0.0006680011728358566,15593080.645732753,152925.97430054456
865,430.5102058975,10506.0,10487.684957034733,102.51290167547243,0.0006675388098017996,15710974.108229984,153568.45200642306
866,431.00992204759996,10398.0,10379.261732857807,101.98454575078475,0.0006670769365458907,15559317.32042992,152882.7338550459
867,431.50963833189996,10573.0,10552.178213360457,102.84140475096301,0.0006666155530227933,15829480.973720472,154273.93538093253
868,432.0093547504,10246.0,10227.628030432947,101.23657781779966,0.0006661546591825387,15353233.501336792,151971.58260820474
869,432.5090713031,10281.0,10262.369523309513,101.41006124672356,0.0006656942549706686,15416040.39193892,152337.29371930935
870,433.00878799,10288.0,10271.62666481617,101.44223814183285,0.0006652343403281577,15440613.994384617,152490.98248865467
871,433.50850481109995,10289.0,10270.876639037098,101.44839133749214,0.0006647749151916096,15450156.743770484,152605.62488019187
872,434.0082217664,10345.0,10325.312247523892,101.72564332855877,0.0006643159794931334,15542772.665805819,153128.40044307598
873,434.50793885589997,10098.0,10080.251004097663,100.50306406194082,0.0006638575331605349,15184358.842938734,151392.5187885712
874,435.0076560796,10014.0,9998.184510545467,100.08181092393878,0.0006633995761172598,15071134.909465527,150862.03628542676
875,435.50737343749995,10253.0,10235.130198170807,101.27137953018078,0.000662942108282491,15438950.204396194,152760.51749457934
876,436.00709092959994,10198.0,10183.311295298683,100.99639444457466,0.0006624851295711622,15371380.942377549,152450.8097411203
877,436.50680855589997,10177.0,10160.930815532822,100.89314458181492,0.0006620286398939998,15348174.086788347,152399.9695813301
878,437.00652631639997,10044.0,10026.38377317419,100.23384308880694,0.0006615726391575772,15155378.532494068,151508.4469279762
879,437.50624421109995,10275.0,10259.62056621807,101.37729886948257,0.0006611171272643507,15518612.57727742,153342.4179902488
880,438.00596224,9917.0,9900.943457803955,99.59686784070587,0.0006606621041126907,14986395.30884176,150753.11149331095
881,438.5056804031,9991.0,9976.186536891113,99.96646747116957,0.0006602075695969736,15110681.846591242,151416.72418599273
882,439.0053987004,10160.0,10144.109950759315,100.80865215499492,0.0006597535236075022,15375605.567503124,152797.44411788482
883,439.50511713189996,10137.0,10119.327926131253,100.69665413012986,0.0006592999660306803,15348594.64206366,152732.68514842298
884,440.00483569759996,9890.0,9873.856825927434,99.46064650999948,0.0006588468967489474,14986572.562836025,150961.6983866569
885,440.5045543975,9969.0,9950.25,99.85941897053172,0.0006583943156409208,15112903.86873074,151671.14386964677
886,441.0042732316,9822.0,9804.658455877081,99.12018639256007,0.0006579422225813194,14902005.251175774,150651.80952163192
887,441.5039921999,9712.0,9696.954310362382,98.56045928522711,0.0006574906174410945,14748429.944296727,149903.9783545767
888,442.00371130239995,9969.0,9949.71364000053,99.86023912785132,0.0006570395000873958,15143250.350514807,151985.138054209
889,442.50343053909995,9839.0,9822.306939789574,99.20463911208013,0.0006565888703836548,14959600.113310253,151090.9544569547
890,443.00314991,9750.0,9731.91196821979,98.7558402777063,0.0006561387281896191,14832095.028244305,150510.61008117572
891,443.50286941509995,9691.0,9671.72691370555,98.45852973806227,0.0006556890733613869,14750477.484890038,150160.39421446368
892,444.00258905439995,9812.0,9795.99126131655,99.06787504903713,0.0006552399057514059,14950236.051454857,151193.2868854036
893,444.5023088278999,9710.0,9692.99082088394,98.55250503691161,0.000654791225208566,14803177.63543105,150509.813269902
894,445.0020287356,9690.0,9672.704333110092,98.45152150333467,0.0006543430315782005,14782314.269903107,150458.5771562064
895,445.5017487775,9770.0,9754.260058095431,98.85567090150822,0.0006538953247021426,14917158.281470535,151179.65699867666
896,446.00146895359995,9699.0,9683.674379197257,98.49531166364943,0.0006534481044186825,14819347.26524611,150731.6510639699
897,446.50118926389996,9621.0,9604.75,98.0994169825236,0.0006530013705627774,14708621.502160586,150228.5008957614
898,447.0009097084,9898.0,9882.92617332451,99.50083949609191,0.0006525551229658731,15144967.567500591,152478.8266834211
899,447.50063028709997,9677.0,9663.220984041105,98.38157791287229,0.00065210936145608,14818405.554651633,150866.68544858537
900,448.00035099999997,9707.0,9688.6145393084,98.53890386134479,0.000651664085858186,14867498.070803337,151211.19300533104
901,448.50007184709995,9614.0,9598.15897011953,98.06311492647204,0.0006512192959936488,14738750.877266908,150583.8594307077
902,448.9997928284,9776.0,9758.039549236508,98.88735404944022,0.0006507749916806741,14994490.682617744,151953.21779968278
903,449.4995139439,9642.0,9623.606533822667,98.20839037892469,0.000650331172734149,14798008.97958298,151012.8908107433
904,449.9992351936,9451.0,9434.868008806785,97.2288760880679,0.0006498878389658798,14517686.65777747,149608.70208431856
905,450.49895657749994,9358.0,9341.301688543186,96.74985005406265,0.0006494449901843942,14383514.893064229,148973.12553999817
906,450.9986780955999,9603.0,9585.948635652356,98.00826512000768,0.0006490026261950987,14770277.112516174,151013.66491319114
907,451.4983997479,9310.0,9293.433680207849,96.50140632514918,0.0006485607468002971,14329318.76629508,148793.16517572655
908,451.99812153439996,9751.0,9734.781420344274,98.75990161617224,0.0006481193517992389,15020044.36886451,152379.18963846038
909,452.49784345509994,9580.0,9564.518113495527,97.88920158381163,0.0006476784409880879,14767386.882453661,151138.58264986158
910,452.99756550999996,9575.0,9558.366353453664,97.86524687789121,0.0006472380141599602,14767931.030533358,151204.41744279952
911,453.4972876991,9476.0,9460.882251913596,97.35618102173584,0.000646798071105068,14627257.98756555,150520.20927551744
912,453.9970100224,9494.0,9477.302283701141,97.45053692682707,0.0006463586116105939,14662606.96996925,150768.528764551
913,454.49673247989995,9497.0,9482.366072119512,97.46390192122158,0.0006459196354608171,14680411.542768052,150891.68461597874
914,454.99645507159994,9474.0,9458.865858503506,97.3462207420277,0.0006454811424371396,14653977.06707545,150811.8740300888
915,455.4961777975,9305.0,9289.164113004477,96.47473582347023,0.0006450431323180398,14400841.815992605,149563.23227064943
916,455.9959006576,9333.0,9316.451851678452,96.62052857753936,0.0006446056048792353,14452948.874721402,149890.92221070727
917,456.49562365189996,9448.0,9431.932609770614,97.21331883445197,0.0006441685598935538,14642025.701051293,150912.85866313634
918,456.9953467804,9365.0,9348.952489226429,96.7855745909191,0.000643731997131133,14523050.789600533,150350.7282879449
919,457.49507004309993,9478.0,9461.89157812019,97.36727964995163,0.0006432959163592704,14708458.94945162,151356.90616691802
920,457.99479343999997,9304.0,9286.046875111319,96.4712319576346,0.0006428603173425734,14444890.475581935,150065.61978568372
921,458.4945169711,9483.0,9465.991908092881,97.39453435885935,0.0006424251998429919,14734776.76530491,151604.47377011747
922,458.9942406364,9445.0,9431.388724004333,97.19570653080166,0.0006419905636197344,14690852.573949607,151397.40681355697
923,459.49396443589995,9365.0,9349.954074846353,96.78475292579547,0.0006415564084294509,14573861.241188936,150859.30349090803
924,459.99368836959997,9340.0,9325.227479258589,96.65508900871961,0.0006411227340261179,14545151.785053842,150759.10411372513
925,460.49341243749996,9401.0,9385.090588411318,96.97094922433503,0.0006406895401611455,14648421.739569513,151354.03833804594
926,460.9931366396,9292.0,9275.75174205774,96.40804028340042,0.0006402568265834141,14487548.366419917,150577.1376118864
927,461.49286097589993,9162.0,9145.83354133801,95.73023058518439,0.000639824593039233,14294282.59063059,149619.49200867052
928,461.99258544639997,9270.0,9250.806486806623,96.29671338939623,0.0006393928392724147,14468110.868012547,150606.4933397992
929,462.4923100511,9118.0,9103.975383955647,95.49914575138494,0.0006389615650243314,14248079.825597916,149459.92212809916
930,462.99203479,9203.0,9187.906208475917,95.94394528921094,0.0006385307700338209,14389136.1852292,150257.35609284593
931,463.49175966309997,9067.0,9051.826349296876,95.23311649857955,0.0006381004540374104,14185582.053772036,149244.7088793268
932,463.9914846704,9185.0,9171.65516789571,95.84871056557381,0.0006376706167691309,14383060.669104522,150310.69026076185
933,464.4912098119,8980.0,8965.819070243171,94.77411612354491,0.0006372412579606885,14069740.39775101,148725.64345071258
934,464.99093508759995,9091.0,9076.377434824863,95.3579683044232,0.0006368123773413879,14252828.239170859,149742.6427270946
935,465.49066049749996,9277.0,9260.819277416389,96.32979861632506,0.0006363839746382786,14552250.915306672,151370.56000047617
936,465.99038604159995,9188.0,9171.861238465417,95.86660312778253,0.0006359560495760589,14422162.104723375,150744.06980119008
937,466.49011171989997,9135.0,9120.376066948595,95.58942918269634,0.000635528601877166,14350850.677703043,150409.326819207
938,466.9898375324,9003.0,8992.206195034638,94.89220669853798,0.0006351016312617836,14158688.550633127,149412.63260497624
939,467.48956347909996,9008.0,8994.639379754375,94.92106289590355,0.0006346751374478831,14172036.761866977,149558.5021300729
940,467.98928956,8858.0,8843.813525807667,94.12770465836769,0.0006342491201512252,13943753.715730848,148408.0965471811
941,468.4890157751,8928.0,8910.330629011341,94.50187619788151,0.0006338235790853572,14058061.143558979,149098.0760517824
942,468.9887421244,8787.0,8769.439958738789,93.75347591329613,0.0006333985139617189,13845059.256436452,148016.57068453808
943,469.48846860789996,8725.0,8710.21960070468,93.41938654982195,0.00063297392448958,13760787.393775282,147588.048947125
944,469.98819522559995,8818.0,8802.71060575297,93.91642596463628,0.0006325498103761318,13916233.095570186,148472.7754622058
945,470.4879219775,8849.0,8834.460911563054,94.08072033615258,0.0006321261713264458,13975787.29104813,148832.18667997047
946,470.9876488636,8550.0,8535.647971830434,92.47761137586208,0.0006317030070435798,13512121.798783174,146394.1287990137
947,471.4873758839,8524.0,8508.044927436567,92.33806493934958,0.0006312803172285171,13477443.689024033,146271.09767137587
948,471.98710303839994,8597.0,8580.026695938064,92.73394202166554,0.0006308581015801667,13600565.12620969,146996.51441328335
949,472.48683032709994,8568.0,8552.71715988076,92.57563765773828,0.0006304363597955493,13566345.003727907,146843.74753981605
950,472.98655775,8682.0,8667.062167712711,93.18959517805361,0.0006300150915696346,13756911.990980066,147916.44902644923
951,473.4862853071,8492.0,8479.182702601964,92.16212983970436,0.0006295942965954625,13467693.002387775,146383.36201276284
952,473.9860129984,8488.0,8472.258726757826,92.1423866286589,0.0006291739745641386,13465685.278268222,146449.7743926721
953,474.48574082389996,8651.0,8634.415661338397,93.02517475988633,0.0006287541251648501,13732578.945823345,147951.59353506667
954,474.98546878359997,8700.0,8688.898430443805,93.28184273195852,0.0006283347480849394,13828454.429627096,148458.83188263292
955,475.48519687749996,8365.0,8350.248404107271,91.47273198559242,0.0006279158430097743,13298355.977263164,145676.7383780895
956,475.9849251056,8667.0,8653.178874678215,93.10706120553996,0.0006274974096230079,13789983.41981512,148378.39930124563
957,476.48465346789993,8614.0,8595.892425807553,92.82591521733508,0.0006270794476063628,13707820.370479533,148028.95481850457
958,476.9843819644,8760.0,8742.074220987462,93.6094614232069,0.0006266619566398055,13950223.287628511,149377.92286792988
959,477.4841105951,8586.0,8570.678285530621,92.67285359474744,0.0006262449364014987,13685824.487107357,147981.8010621533
960,477.98383936,8786.0,8770.715442147402,93.74578813286952,0.0006258283865678647,14014569.537580904,149794.72031779395
961,478.48356825909997,9260.0,9245.25,96.24020103459189,0.0006254123068135432,14782648.021597575,153882.80656793085
962,478.9832972924,9989.0,9974.322012737268,99.9558395836235,0.0006249966968114533,15958999.565314958,159930.18858110512
963,479.4830264599,10910.0,10895.28366446306,104.4612491335992,0.0006245815562328379,17444132.885027755,167249.97414854346
964,479.98275576159995,11037.0,11021.244524421698,105.06799097817526,0.0006241668847472187,17657528.449118525,168333.1710568508
965,480.48248519749995,10378.0,10361.723095910304,101.88449483214458,0.0006237526820224948,16611909.486806218,163341.1731421946
966,480.98221476759994,9334.0,9319.5,96.62366865193786,0.0006233389477248268,14950934.854970906,155009.8369508469
967,481.48194447189996,8802.0,8787.862533539597,93.83019693675003,0.0006229256815188383,14107401.242653435,150628.23659472523
968,481.98167431039997,8240.0,8226.169159754565,90.78540310315151,0.0006225128830674904,13214456.091606244,145836.9867878042
969,482.48140428309995,7985.0,7969.75,89.37135958791501,0.0006221005520321891,12811031.872525368,143660.63379299286
970,482.98113438999997,7905.0,7889.02198795168,88.92295353444308,0.0006216886880727216,12689666.290065851,143034.53680347707
971,483.4808646311,7966.0,7949.124788674709,89.26668157221823,0.0006212772908473505,12794809.830942027,143682.51163738625
972,483.9805950064,7777.0,7760.644071489041,88.20022726411744,0.0006208663600127935,12499701.338834215,142059.92294750837
973,484.48032551589995,7875.0,7854.9692828629495,88.75782603555149,0.0006204558952242367,12659996.211373113,143052.5952267306
974,484.98005615959994,7977.0,7958.890641685937,89.32947126637602,0.0006200458961353824,12835970.193967983,144069.12750031587
975,485.4797869375,7918.0,7902.956844437631,88.99539747441216,0.000619636362398416,12754185.073722577,143625.20161008494
976,485.9795178496,7594.0,7578.396771912768,87.15671887008834,0.0006192272936641258,12238473.415907528,140750.7707781416
977,486.47924889589996,7854.0,7837.94168848438,88.63571197265551,0.0006188186895817519,12665974.412928447,143233.73463810983
978,486.9789800764,7790.0,7772.515057316272,88.2756639528662,0.0006184105497991874,12568535.675596401,142746.05111690186
979,487.4787113910999,7655.0,7638.8236762110455,87.50638981746742,0.0006180028739628838,12360498.628797349,141595.4415492296
980,487.97844284,7764.0,7747.852454703273,88.12687891742463,0.0006175956617178717,12545186.009163752,142693.4876328236
981,488.4781744231,7625.0,7607.687441785799,87.33537440131703,0.0006171889127078123,12326351.438181793,141505.09285422481
982,488.97790614039997,7628.0,7609.859475774704,87.35402275066583,0.0006167826265750106,12337992.589110686,141628.5397592051
983,489.47763799189994,7655.0,7640.684976281817,87.5052655110629,0.000616376802960425,12396126.751662318,141967.16211703583
984,489.9773699776,7447.0,7434.980902214751,86.30593152992174,0.000615971441503679,12070333.787009416,140113.52753503632
985,490.4771020975,7494.0,7480.527242565404,86.57913012530368,0.0006155665418430762,12152264.189291146,140649.50617048796
986,490.97683435159996,7603.0,7588.330868244636,87.2071505033252,0.0006151621036156122,12335497.95028702,141762.87841979472
987,491.47656673989997,7565.0,7548.973329930968,86.99049891703054,0.000614758126457034,12279582.822982939,141503.6177209613
988,491.9762992624,7501.0,7485.052769055724,86.62151340773036,0.0006143546100017731,12183603.162079506,140995.95249636096
989,492.47603191909997,7685.0,7668.0,87.67821851792031,0.0006139515538830226,12489584.807632882,142809.6695307425
990,492.97576470999996,7346.0,7329.523098661057,85.72298182954245,0.0006135489577327621,11946109.607529493,139716.61225913127
991,493.47549763509994,7524.0,7508.450707643199,86.75388064005412,0.0006131468211817602,12245763.083581911,141489.57092013845
992,493.9752306944,7228.0,7213.098517540457,85.03091375372753,0.0006127451438595032,11771775.900347818,138770.4408690089
993,494.4749638879,7490.0,7477.724915748277,86.55485558022936,0.0006123439253943948,12211642.1926323,141350.06814100692
994,494.9746972156,7353.0,7338.673830989604,85.76140392938943,0.0006119431654135786,11992410.808330214,140146.02789366565
995,495.4744306775,7246.0,7230.050801417092,85.13713073765031,0.0006115428635430649,11822639.47866011,139216.94751598543
996,495.97416427359997,7196.0,7179.846468666853,84.84265260537056,0.0006111430194077199,11748226.259092502,138826.18292457066
997,496.4738980039,7204.0,7187.559313059383,84.89113149185361,0.0006107436326312936,11768537.450145664,138996.34307461124
998,496.9736318684,7156.0,7143.070665119315,84.60391734341633,0.0006103447028363841,11703338.510065135,138616.61606997874
999,497.4733658671,7304.0,7289.348849788864,85.47577019445428,0.0006099462296445182,11950805.653864207,140136.56620891037
1000,497.97309999999993,7159.0,7143.0919791925935,84.62408487709598,0.0006095482126760981,11718666.104904637,138830.830961789
1001,498.4728342671,7010.0,6992.833376924132,83.74088594849175,0.0006091506515505295,11479645.23903012,137471.55278474718
1002,498.97256866839996,7160.0,7145.053418077557,84.6296514131768,0.0006087535458860391,11737185.707358716,139021.20486213936
1003,499.47230320389997,7121.0,7106.218368598212,84.3984355814213,0.0006083568952999236,11681002.423905795,138731.78102109348
1004,499.97203787359996,6944.0,6928.684360087555,83.34419468430391,0.0006079606994083738,11396599.100616341,137088.12883038138
1005,500.4717726775,6929.0,6914.412542288395,83.25289899540864,0.0006075731459038448,11380378.788799658,137025.3105435709
1006,500.9715076156,6989.0,6973.4909233313,83.61400000437506,0.0006071865133137647,11484923.940871093,137707.27473514777
1007,501.4712426879,7035.0,7020.9868293306645,83.88662417758911,0.0006068003154608518,11570506.22822827,138244.20001146346
1008,501.97097789439994,6938.0,6922.55563642049,83.3081202047724,0.0006064145520050699,11415549.995512994,137378.1680029273
1009,502.47071323509994,6930.0,6915.4795029586185,83.25925622421406,0.0006060292226052548,11411132.079126006,137384.88693052033
1010,502.97044870999997,7007.0,6993.382963550923,83.71966981267273,0.000605644326919208,11547013.077997228,138232.4015788904
1011,503.4701843191,6909.0,6896.5567371082325,83.13127172017226,0.0006052598646036459,11394373.128679926,137348.06581733408
1012,503.9699200624,6890.0,6877.712570192209,83.01643582131449,0.0006048758353141831,11370453.51897684,137245.41628976515
1013,504.46965593989995,6938.0,6923.654463665581,83.3066786474755,0.0006044922387054896,11453669.741885314,137812.65219529602
1014,504.9693919516,6838.0,6821.596083929891,82.70636697999603,0.0006041090744311255,11291994.0663921,136906.34767881705
1015,505.4691280975,7041.0,7025.0975387086455,83.9245884966891,0.0006037263421436535,11636228.284763265,139010.97672614007
1016,505.96886437759997,6936.0,6920.7657639220915,83.29526851035216,0.0006033440414946429,11470678.896202443,138056.00583045077
1017,506.4686007919,6985.0,6967.463382274739,83.59152356365433,0.0006029621721346944,11555390.543999653,138634.77250606197
1018,506.9683373404,7264.0,7245.72162053567,85.24376857946608,0.0006025807337134032,12024482.720985647,141464.47738903205
1019,507.4680740231,7317.0,7292.040609528595,85.55930167609392,0.0006021997258794024,12109006.856288262,142077.94855959166
1020,507.96781083999997,7436.0,7401.434939773324,86.25955492575362,0.0006018191482803728,12298437.098457322,143331.35655824532
1021,508.46754779109995,7604.0,7561.732773915374,87.23564992276397,0.0006014390005630622,12572734.33687563,145044.88375561722
1022,508.9672848764,8060.0,8019.958985165224,89.80998744483803,0.0006010592823732982,13343041.560722942,149419.5166410557
1023,509.4670220959,8160.0,8125.149874859417,90.36077275623458,0.0006006799933559572,13526586.476544311,150430.8013513073
1024,509.9667594496,8697.0,8668.364414002928,93.28070907680025,0.0006003011331550739,14440026.738652943,155389.86006328816
1025,510.46649693750004,9010.0,8989.107446892769,94.93701649576425,0.0005999227014136997,14983776.11934039,158248.7481671356
1026,510.9662345596,9133.0,9114.858428206651,95.5805588036182,0.0005995446977741198,15202967.288421758,159421.90658756933
1027,511.4659723159,9585.0,9568.281232113208,97.91503195162872,0.0005991671218776242,15969302.858489396,163418.56616696535
1028,511.9657102064,9223.0,9206.814337545786,96.04898324398422,0.0005987899733647733,15375698.904592615,160405.12953858817
1029,512.4654482311,8720.0,8707.406611232698,93.39059847617574,0.0005984132518751469,14550825.176327167,156063.72048669265
1030,512.96518639,8249.0,8235.495692826997,90.83414801867663,0.0005980369570476336,13770880.87245257,151887.18180077572
1031,513.4649246831,7601.0,7585.377860985437,87.19669303619193,0.000597661088520198,12691771.317699041,145896.55360045264
1032,513.9646631104,7100.0,7085.200003763344,84.27378126784974,0.0005972856459299935,11862330.950095834,141094.60329761094
1033,514.4644016719001,6727.0,6711.471954009759,82.03193131366255,0.0005969106289134474,11243679.755253494,137427.49306204304
1034,514.9641403676001,6727.0,6712.263759134378,82.03096529464081,0.0005965360371061269,11252067.505756121,137512.17058500534
1035,515.4638791975001,6516.0,6500.907669503386,80.73508425859417,0.0005961618701428386,10904601.57732964,135424.77018741617
1036,515.9636181616,6415.0,6400.171077608915,80.10680688915848,0.0005957881276576207,10742360.883845737,134455.1916536228
1037,516.4633572599,6555.0,6540.9481184805945,80.97563769609009,0.0005954148092837743,10985531.458897898,135998.69609137846
1038,516.9630964924,6415.0,6402.129930815537,80.10475078598091,0.0005950419146538069,10759124.312344065,134620.3499506174
1039,517.4628358591,6411.0,6395.774893799805,80.08201459447456,0.0005946694433995713,10755176.61919337,134666.4360903873
1040,517.96257536,6287.0,6272.335427554369,79.30433414933853,0.0005942973951520973,10554203.129140593,133442.17019332945
1041,518.4623149951,6343.0,6330.718342988608,79.65347202644561,0.0005939257695417431,10659107.025905304,134113.51403038812
1042,518.9620547644,6265.0,6249.626105786709,79.1651606273242,0.0005935545661981975,10529151.760749586,133374.69734988047
1043,519.4617946679001,6278.0,6261.704377618703,79.24875801175325,0.0005931837847503846,10556094.98876249,133598.9958746118
1044,519.9615347056,6423.0,6408.909235701757,80.15611866535178,0.0005928134248266063,10811005.566509089,135213.06250579073
1045,520.4612748775,6262.0,6248.807928535091,79.1448038098358,0.0005924434860544393,10547517.31705409,133590.4701002371
1046,520.9610151836,6205.0,6192.202098550854,78.78299234002192,0.0005920739680608066,10458494.094634658,133062.75328749267
1047,521.4607556239,6163.0,6148.89938028149,78.51762091933502,0.0005917048704719869,10391834.996011915,132697.26993577668
1048,521.9604961983999,6171.0,6158.6295799165155,78.5671746448786,0.0005913361929136518,10414768.54236083,132863.80165191606
1049,522.4602369071,6174.0,6162.699525922021,78.5846442866594,0.0005909679350107377,10428145.354129994,132976.15594868362
1050,522.9599777500001,6202.0,6188.759601456254,78.76454546430716,0.0005906000963876374,10478764.970255429,133363.58382950627
1051,523.4597187271,6221.0,6207.169781869055,78.88565003019309,0.0005902326766681271,10516479.39403936,133651.78369232934
1052,523.9594598384001,6091.0,6077.160606513774,78.05742025102097,0.000589865675475296,10302617.797885902,132330.83987829034
1053,524.4592010839001,6264.0,6251.062717580192,79.15716775413078,0.0005894990924317332,10604024.328169927,134278.69316575336
1054,524.9589424636,6199.0,6186.60621569992,78.74456759938843,0.000589132927159374,10501205.976603476,133661.8001968955
1055,525.4586839775,6131.0,6117.8139038453455,78.31277409380388,0.0005887671792795938,10390888.145855898,133011.44637448396
1056,525.9584256256001,5914.0,5901.35486248169,76.91385386504538,0.000588401848413207,10029463.50083089,130716.54018841966
1057,526.4581674079,6094.0,6079.838546939401,78.07677355807391,0.0005880369341804476,10339212.035061924,132775.28845512096
1058,526.9579093244,5985.0,5970.984864282357,77.37570568441858,0.0005876724362010021,10160396.330448441,131664.68413018048
1059,527.4576513751001,6163.0,6150.080894740068,78.51637258898434,0.0005873083540940532,10471638.708812198,133688.49947673402
1060,527.95739356,6227.0,6213.52119251607,78.92306653866079,0.0005869446874781453,10586212.508733932,134464.23184739953
1061,528.4571358791001,5955.0,5939.432563749503,77.1825929860536,0.0005865814359714254,10125503.808202405,131580.35398483608
1062,528.9568783324,6097.0,6081.223750519084,78.0978388999037,0.0005862185991914272,10373645.18783084,133223.0656066257
1063,529.4566209199,6032.0,6018.25,77.67837212766653,0.000585856176755225,10272572.414158346,132589.4907482065
1064,529.9563636416,6005.0,5992.225750186288,77.50386670928627,0.0005854941682793756,10234475.550449932,132373.4221590135
1065,530.4561064975,5867.0,5855.2732528075885,76.6067018509872,0.0005851325733799351,10006746.366871074,130921.9574095482
1066,530.9558494876,6019.0,6004.679650317092,77.59493265869365,0.0005847713916724879,10268422.388351249,132692.7646661486
1067,531.4555926119001,6056.0,6041.560296845542,77.83370092075806,0.0005844106227721598,10337868.720091565,133183.24117989646
1068,531.9553358704001,6108.0,6095.505068274766,78.16479682535976,0.0005840502662935534,10436610.374236288,133832.31090947372
1069,532.4550792631001,5901.0,5886.20201999351,76.83076658186177,0.0005836903218508933,10084460.542926684,131629.331009344
1070,532.9548227900001,5881.0,5864.872451208778,76.7032887541577,0.0005833307890578688,10054110.911376836,131491.9256671508
1071,533.4545664511,5954.0,5942.176764373872,77.1726664627989,0.000582971667527794,10192908.327042446,132378.0738608872
1072,533.9543102464,5716.0,5702.836054423971,75.61634068464937,0.0005826129568735152,9788378.35160273,129788.29219732854
1073,534.4540541759,6010.0,5996.992327691306,77.53609667307694,0.0005822546567074517,10299603.890852928,133165.26674347272
1074,534.9537982396,5954.0,5942.328545141371,77.17285400407195,0.0005818967666416017,10211997.87625102,132622.92975001832
1075,535.4535424375,5816.0,5804.588911008049,76.27299565841126,0.000581539286287597,9981421.802236456,131157.0816570609
1076,535.9532867696,5901.0,5888.66770084564,76.82913973648415,0.0005811822152565409,10132222.814571694,132194.58152650256
1077,536.4530312359001,5926.0,5913.582380353254,76.99180058231057,0.0005808255531593426,10181339.901777586,132555.808131239
1078,536.9527758364001,5833.0,5820.172770234508,76.3855757548299,0.0005804692996063254,10026667.687992718,131592.79191274135
1079,537.4525205711001,5856.0,5842.082542279811,76.53721372292338,0.000580113454207533,10070586.192937756,131934.90543582969
1080,537.95226544,5713.0,5699.25,75.59706534677447,0.0005797580165726291,9830394.469907304,130394.16995677551
1081,538.4520104431,5825.0,5811.4154071561325,76.33414608705776,0.0005794029863108693,10030005.962099256,131746.20754560956
1082,538.9517555804,5663.0,5649.418864033675,75.26534777068349,0.0005790483630312231,9756385.173873724,129981.10792798334
1083,539.4515008518999,5815.0,5800.501407255934,76.2692877081765,0.000578694146342219,10023431.969926521,131795.50577840747
1084,539.9512462576001,5670.0,5655.663554779111,75.31289533162216,0.0005783403358521236,9779126.933012698,130222.44976335006
1085,540.4509917975,5807.0,5794.249072869046,76.2154024116429,0.0005779869311687973,10024879.042077985,131863.53929754285
1086,540.9507374716001,5935.0,5922.251375550585,77.05027387388374,0.0005776339318998208,10252602.98693409,133389.45241749854
1087,541.4504832799,5828.0,5814.00044889085,76.35399043194354,0.0005772813376524249,10071346.620235624,132264.7822679407
1088,541.9502292224,5831.0,5817.24936856713,76.37376626080493,0.0005769291480335189,10083126.13151096,132379.80178524053
1089,542.4499752991001,5826.0,5812.999917606838,76.3397919034751,0.0005765773626497442,10081907.98697396,132401.6460733814
1090,542.94972151,5661.0,5646.917108225306,75.25276234304764,0.0005762259811073734,9799830.784049748,130595.92036865327
1091,543.4494678551,5644.0,5631.000501934767,75.13865773190861,0.0005758750030124211,9778164.484443355,130477.37328214597
1092,543.9492143343999,5541.0,5529.502953852558,74.44897742423743,0.0005755244279706593,9607764.128014486,129358.50123121601
1093,544.4489609479001,5666.0,5654.743178357891,75.28256350333083,0.0005751742555874583,9831356.53834572,130886.5318153721
1094,544.9487076956001,5669.0,5655.4223138291845,75.30568702400376,0.0005748244854680226,9838520.203648832,131006.40095852877
1095,545.4484545775,5722.0,5709.911849263339,75.6546704275412,0.0005744751172172498,9939354.51359857,131693.55496894536
1096,545.9482015936001,5701.0,5686.662746982748,75.51790443583464,0.0005741261504397697,9904901.113852544,131535.38534691263
1097,546.4479487439,5801.0,5785.835885382492,76.17819918265312,0.0005737775847399499,10083760.74503638,132766.07732450712
1098,546.9476960284001,5612.0,5597.247852262002,74.92681910157826,0.0005734294197218988,9761005.731056752,130664.41400567866
1099,547.4474434471,5775.0,5759.834126989308,76.00725614187135,0.0005730816549895178,10050634.280196354,132629.01626690806
1100,547.947191,5754.0,5740.263068633242,75.8680984066464,0.0005727342901464411,10022558.745636702,132466.48526535378
1101,548.4469386871,5657.0,5644.570051933861,75.2240314949353,0.0005723873247960974,9861451.865560854,131421.55361622045
1102,548.9466865084,5838.0,5823.334359276832,76.42009899484036,0.0005720407585416635,10179929.091281177,133592.05240840273
1103,549.4464344639,5825.0,5810.331127216249,76.33490437630626,0.0005716945909860708,10163348.086247358,133523.92270257833
1104,549.9461825536,5918.0,5904.352213597636,76.94125954362828,0.0005713488217321391,10334058.615361469,134665.9984532182
1105,550.4459307775,6101.0,6090.507540904586,78.1183446263354,0.000571003450382346,10666323.534168417,136808.88368367488
1106,550.9456791356,6098.0,6087.99199923233,78.0983619874539,0.0005706584765390935,10668363.389876444,136856.5704326372
1107,551.4454276279,6218.0,6205.813594060473,78.86455574610785,0.0005703138998044954,10881399.868016258,138282.71724245677
1108,551.9451762543999,6442.0,6428.5178353333695,80.27398984345031,0.0005699697197805515,11278700.626076177,140839.04294838195
1109,552.4449250151,6265.0,6253.5,79.16176771668673,0.0005696259360689881,10978257.14038876,138971.49463204804
1110,552.9446739100001,5961.0,5948.565310207005,77.21829012548393,0.0005692825482714196,10449231.806366349,135641.41454880536
1111,553.4444229391,5919.0,5905.855619552618,76.9471843881598,0.000568939555989298,10380462.313405592,135246.67704702046
1112,553.9441721024001,5972.0,5959.723149609567,77.2892206111814,0.0005685969588238355,10481454.49447616,135929.71156767546
1113,554.4439213999001,6056.0,6041.761193422613,77.83307217306535,0.0005682547563761767,10632134.840281129,136968.62419492172
1114,554.9436708316,6101.0,6087.067805671085,78.12094281064537,0.0005679129482472422,10718311.361728393,137557.95329504486
1115,555.4434203975001,6123.0,6107.664650478601,78.26305219013697,0.0005675715340378306,10761048.227749042,137891.08067727808
1116,555.9431700976,6227.0,6212.781368919349,78.9241550474608,0.0005672305133486004,10952833.500163252,139139.47361812097
1117,556.4429199319,6305.0,6292.737002935275,79.414477761495,0.0005668898857800335,11100457.35650504,140088.01312837264
1118,556.9426699004,6557.0,6543.664425730108,80.98659357019709,0.0005665496509325253,11550028.166038783,142947.03639283046
1119,557.4424200031001,6975.0,6960.814809024498,83.52792003307833,0.000566209808406307,12293702.273750583,147521.14638950137
1120,557.9421702400001,7693.0,7679.043019704644,87.72112924948117,0.000565870357801529,13570322.095574336,155019.83456120195
1121,558.4419206111,9422.0,9410.828404790294,97.07484207199668,0.0005655312987181572,16640685.362810224,171652.46608282896
1122,558.9416711164,11740.0,11727.040180492695,108.35914225930796,0.0005651926307561069,20748749.262361087,191720.72734626173
1123,559.4414217559,12426.0,12412.054859900278,111.48096613311758,0.0005648543535151846,21973903.153366797,197362.32081660093
1124,559.9411725296,11477.0,11466.155921894828,107.13762053327191,0.0005645164665950306,20311464.058886968,189786.52860117482
1125,560.4409234375,9524.0,9512.069534070037,97.59925114610041,0.0005641789695952474,16860021.458960395,172993.42301986183
1126,560.9406744796,8107.0,8094.939333509089,90.04825468088455,0.0005638418621153316,14356754.752369381,159704.8050725711
1127,561.4404256559001,7386.0,7374.818799828881,85.95062616131982,0.0005635051437546897,13087402.80645842,152528.5565072617
1128,561.9401769664,7208.0,7195.654747108976,84.90979613622982,0.0005631688141126155,12777083.117514526,150771.48096352263
1129,562.4399284111,7421.0,7407.7408412373,86.1556872990775,0.0005628328727884179,13161528.402805362,153075.08048035682
1130,562.9396799900001,8946.0,8932.595836514625,94.59308771332249,0.0005624973193811625,15880246.05404683,168166.29067208729
1131,563.4394317031,11723.0,11710.76919107615,108.28065276365167,0.0005621621534900493,20831657.055482373,192614.6256759142
1132,563.9391835504,14505.0,14492.36432949856,120.44359233731068,0.0005618273747140557,25795048.41122152,214378.29083819728
1133,564.4389355319,15554.0,15538.75,124.72403708734143,0.0005614929826521903,27673987.88601652,222129.28912880135
1134,564.9386876476,13394.0,13379.357243390677,115.7412289318134,0.0005611589769033862,23842365.165788267,206253.90254024285
1135,565.4384398975,10296.0,10283.020926869805,101.4780749523248,0.0005608253570664744,18335513.537864093,180944.16322958207
1136,565.9381922816001,7806.0,7794.260679231217,88.36071951940336,0.0005604921227403453,13906102.089577451,157648.45915655716
1137,566.4379447999,6373.0,6360.18463266174,79.84154671887148,0.0005601592735237395,11354243.218455251,142533.6515748816
1138,566.9376974524,5820.0,5804.859255290893,76.30266913745365,0.0005598268090154215,10369026.92370166,136296.9188125318
1139,567.4374502391,5545.0,5532.045295172948,74.4769746773825,0.0005594947288141332,9887573.573567517,133114.70303793353
1140,567.93720316,5462.0,5450.82564153004,73.91560103619189,0.0005591630325185541,9748186.708586052,132189.7134423657
1141,568.4369562151,5366.0,5353.278494654362,73.26441960396349,0.0005588317197273635,9579410.591199188,131102.82938074257
1142,568.9367094044,5400.0,5386.746427432661,73.49757044314728,0.0005585007900392119,9645011.293635704,131597.9704128746
1143,569.4364627279,5313.0,5301.6891169342125,72.90046439265039,0.0005581702430527164,9498337.08070585,130606.14624302949
1144,569.9362161856001,5362.0,5349.387017441171,73.23779281949113,0.0005578400783665489,9589463.405184316,131288.15167591383
1145,570.4359697775001,5250.0,5238.011932221316,72.46765257900819,0.000557510295579329,9395363.590152733,129984.42029434531
1146,570.9357235036,5370.0,5356.213641363898,73.29341274551327,0.0005571808942896421,9613060.491229894,131543.2985887933
1147,571.4354773639001,5222.0,5210.17534792983,72.27460395539836,0.0005568518740961386,9356483.456909964,129791.43524067658
1148,571.9352313584001,5232.0,5220.149023950282,72.34359676459952,0.00055652323459746,9379930.071969194,129992.0511259993
1149,572.4349854871,5308.0,5294.3584192623375,72.86838153302035,0.0005561949753922422,9518889.334677335,131012.29740817382
1150,572.93473975,5241.0,5226.392487272142,72.40885253023379,0.0005558670960791266,9402233.958687447,130262.88665218373
1151,573.4344941470999,5261.0,5249.027719276167,72.54414746786419,0.000555539596256799,9448521.319891294,130583.21667197697
1152,573.9342486784,5349.0,5338.704181056202,73.14665638834995,0.000555212475523964,9615605.585983945,131745.3400507979
1153,574.4340033439,5288.0,5277.5905296910205,72.7278986490371,0.000554885733479335,9511130.330561236,131068.24389411992
1154,574.9337581436,5211.0,5198.3526439982115,72.19927319714404,0.0005545593697216887,9373843.321062373,130192.14377962449
1155,575.4335130775,5288.0,5275.470620313497,72.73016226208597,0.0005542333838498273,9518500.281720519,131226.59944604244
1156,575.9332681456,5269.0,5256.118091172332,72.60012670406356,0.0005539077754625431,9489157.444636317,131068.97920585878
1157,576.4330233479001,5229.0,5218.310408476188,72.32220397449495,0.0005535825441587136,9426435.973349774,130643.93871812546
1158,576.9327786844,5058.0,5048.719384899497,71.12829437707343,0.0005532576895372793,9125439.158599,128562.68556621789
1159,577.4325341551,5189.0,5177.06842076791,72.0453974679407,0.0005529332111972061,9362918.189628303,130296.74472247496
1160,577.93228976,5177.0,5163.594301995698,71.96452616353787,0.0005526091087375048,9344026.763859333,130226.81860591947
1161,578.4320454991,5183.0,5171.524956270591,72.00354142889195,0.0005522853817572375,9363863.551514,130373.79551816893
1162,578.9318013724001,5299.0,5286.63708187939,72.80602427484918,0.0005519620298555609,9577899.920512311,131904.0447291298
1163,579.4315573799,5066.0,5053.563258283793,71.18712200989656,0.0005516390526316867,9160996.187951019,129046.55982981343
1164,579.9313135216,5190.0,5173.433879024542,72.05688255026354,0.000551316449684875,9383782.910852028,130699.67818201375
1165,580.4310697975001,5142.0,5122.521981283568,71.72581276076976,0.0005509942206144698,9296870.619751548,130175.25425363082
1166,580.9308262076,5156.0,5131.902703579356,71.82708532287545,0.0005506723650198631,9319339.464936187,130435.2458658146
1167,581.4305827519,5108.0,5081.777532612846,71.49607799135946,0.0005503508825005882,9233704.704030186,129909.99063453493
1168,581.9303394304,5302.0,5283.299575620803,72.83285596422682,0.0005500297726562089,9605479.263616301,132416.20651278878
1169,582.4300962431,5197.0,5181.91082126686,72.10434752790971,0.0005497090350863721,9426642.988417793,131168.20522438828
1170,582.9298531900001,5056.0,5041.553207931563,71.11955098176485,0.0005493886693908408,9176660.329601645,129452.16191047737
1171,583.4296102711,5243.0,5229.374817671031,72.4210832270185,0.0005490686751694365,9524081.511401655,131898.04208857872
1172,583.9293674864,5282.0,5267.071243920407,72.69119245070718,0.0005487490520221152,9598324.087324597,132467.09435368216
1173,584.4291248359,5210.0,5195.107776645102,72.19437986106314,0.0005484297995489119,9472694.191523,131638.3243952893
1174,584.9288823196,5082.0,5067.75,71.30164680113725,0.0005481109173499637,9245847.582277384,130086.16421265666
1175,585.4286399375001,4983.0,4969.197879665629,70.60371226299371,0.0005477924050255093,9071315.765019098,128887.71661539534
1176,585.9283976896,5040.0,5028.613548502968,71.00429833178669,0.0005474742621758799,9185114.07005192,129694.31302503141
1177,586.4281555759,5180.0,5169.974979693789,71.98113645437057,0.0005471564884015757,9448805.029795019,131554.9353433625
1178,586.9279135964,5150.0,5138.237496544535,71.7748680270858,0.0005468390833031272,9396251.38991076,131254.09323989213
1179,587.4276717511001,5119.0,5108.191461668316,71.55712088066215,0.0005465220464812282,9346725.341744784,130931.81023781441
1180,587.9274300400001,5022.0,5010.469220917165,70.87726934040273,0.0005462053775367366,9173233.049284969,129763.03832826267
1181,588.4271884631,5172.0,5160.130585362719,71.92723810494974,0.0005458890760705585,9452709.005475225,131761.63667296545
1182,588.9269470204,5163.0,5148.7901931281185,71.86751282380611,0.0005455731416837532,9437396.74801049,131728.4655949299
1183,589.4267057119,5193.0,5180.741064130743,72.07424013849167,0.0005452575739775172,9501456.39672373,132183.84040542194
1184,589.9264645376,5184.0,5172.508227534079,72.01044281246185,0.000544942372553162,9491844.437238129,132143.2254847036
1185,590.4262234975,5019.0,5005.298873148294,70.85778105630506,0.0005446275370121767,9190315.45963932,130103.19207330281
1186,590.9259825916,5244.0,5229.680578900772,72.42883372671287,0.0005443130669561224,9607854.186095336,133064.6609895761
1187,591.4257418199,5008.0,4993.548233132997,70.78082552640024,0.0005439989619867733,9179334.120226517,130112.05989786648
1188,591.9255011824,5122.0,5108.015839951392,71.58168554337743,0.0005436852217059979,9395171.389656775,131660.164164046
1189,592.4252606791,5117.0,5104.97855775498,71.54442898436304,0.0005433718457158264,9395000.12377305,131667.53034491866
1190,592.92502031,5206.0,5193.681088400532,72.16415192953583,0.000543058833618427,9563753.992904942,132884.592722123
1191,593.4247800751,5181.0,5168.00331755321,71.99099846481724,0.0005427461850161375,9521952.360474996,132642.108691518
1192,593.9245399744,5234.0,5220.519388862439,72.3592959981631,0.0005424338995114631,9624249.873697497,133397.4444873978
1193,594.4243000079,4985.0,4973.114864702895,70.61564667119072,0.0005421219767070407,9173424.20779657,130257.85654388067
1194,594.9240601756,5179.0,5167.271150127595,71.97660211484599,0.0005418104162056421,9537046.530619627,132844.62602049264
1195,595.4238204774999,5207.0,5196.409690746341,72.16907336372827,0.0005414992176102895,9596338.31730877,133276.41299690204
1196,595.9235809136001,5107.0,5095.318294528081,71.47450057872564,0.0005411883805240837,9415054.864248572,132069.5402024525
1197,596.4233414839001,5227.0,5216.204096198212,72.30785434456448,0.0005408779045503164,9643958.557587856,133686.0939155592
1198,596.9231021884001,5062.0,5049.976861511983,71.1589909100721,0.0005405677892925034,9341986.262484131,131637.49731223384
1199,597.4228630271,5079.0,5066.4088917986455,71.27892862624898,0.0005402580343542653,9377757.607722001,131934.97198323757
1200,597.922624,5019.0,5005.794149584941,70.8572652956286,0.0005399486393394426,9270870.940074751,131229.63951221973
1201,598.4223851071,5140.0,5126.091231807644,71.70682944691215,0.0005396396038520206,9499101.243157305,132879.10845508572
1202,598.9221463484,5112.0,5098.52388012576,71.51096923954817,0.0005393309274961721,9453423.900230434,132592.00537884177
1203,599.4219077239,5164.0,5150.45187128497,71.87344991181874,0.0005390226098762772,9555168.51596849,133340.32486747816
1204,599.9216692336,5190.0,5176.871240591002,72.05427108073204,0.0005387146505969305,9609672.272426033,133752.20258237133
1205,600.4214308775,5255.0,5243.335228640609,72.50189015433786,0.000538416698878826,9738433.521023935,134657.5808389904
1206,600.9211926556001,5374.0,5361.299228452734,73.31933348664757,0.0005381208785339078,9963001.701512516,136250.676031013
1207,601.4209545679,5330.0,5317.700406852299,73.01797013007105,0.0005378253939753201,9887410.42431388,135765.196191948
1208,601.9207166144,5777.0,5765.124892251348,76.01741942891321,0.0005375302448580591,10725210.25077146,141419.79945516642
1209,602.4204787951,6095.0,6084.3993605774995,78.07927141871079,0.0005372354308372049,11325387.365267085,145335.29796617353
1210,602.92024111,6275.0,6262.132878946775,79.22566850180269,0.0005369409515679547,11662609.93999495,147550.05791689176
1211,603.4200035591,6124.0,6111.234723341736,78.2670989302292,0.0005366468067054906,11387815.31350014,145844.71192648285
1212,603.9197661424,5754.0,5741.764796679136,75.86570937572665,0.0005363529959051712,10705197.585387027,141447.34895661875
1213,604.4195288599001,5421.0,5409.431165365069,73.63849404359921,0.0005360595188223611,10091101.781475205,137369.9961626863
1214,604.9192917116001,5278.0,5267.725561345697,72.65871816852967,0.0005357663751126037,9832131.701506209,135616.42078276892
1215,605.4190546975001,5235.0,5221.89455625616,72.36558998158017,0.0005354735644314202,9751918.494428206,135143.16072432045
1216,605.9188178176,5134.0,5118.038030117296,71.66567321585956,0.000535181086434496,9563189.282743316,133909.20387959402
1217,606.4185810719,5074.0,5041.1082148542655,71.25990898802691,0.0005348889407776082,9424588.602496862,133223.74712857406
1218,606.9183444604,5060.0,5009.01194318352,71.18132005044566,0.0005345971271165952,9369694.83955169,133149.46235190125
1219,607.4181079831,5259.0,5213.212120022653,72.56294659706747,0.0005343056451074161,9756984.916329296,135807.9355169072
1220,607.9178716399999,5072.0,5043.254358202098,71.24664907379385,0.0005340144944061192,9444040.210576555,133417.0697988782
1221,608.4176354310999,5185.0,5167.794066561225,72.02325910556706,0.0005337236746688971,9682527.329834372,134944.8460390064
1222,608.9173993564001,5106.0,5092.01740928319,71.46962790141339,0.0005334331855519501,9545745.460163703,133980.4681020414
1223,609.4171634159001,5292.0,5280.3053001393055,72.75701375851366,0.0005331430267116983,9904106.469716007,136468.09601405074
1224,609.9169276096001,5224.0,5213.620432545612,72.28692605828135,0.0005328531978046111,9784346.709424017,135660.1149361739
1225,610.4166919375,5216.0,5205.230672981687,72.23153573484547,0.0005325636984872993,9773911.905311404,135629.85224117385
1226,610.9164563996001,5145.0,5133.056343350386,71.73991279891489,0.000532274528416464,9643625.740689516,134779.9095559649
1227,611.4162209959,5175.0,5164.371126135497,71.94742464431317,0.0005319856872489081,9707725.696235068,135243.15854507202
1228,611.9159857264,5258.0,5246.700253733932,72.52208914161383,0.0005316971746415846,9867835.497284176,136397.35661657547
1229,612.4157505910999,5081.0,5068.800548859715,71.2929028260928,0.0005314089902516071,9538417.004311088,134158.25500494003
1230,612.91551559,5191.0,5180.721139445316,72.05801884057853,0.0005311211337361026,9754311.795130815,135671.5337868327
1231,613.4152807231001,5192.0,5180.1338736121415,72.06618879578076,0.0005308336047524436,9758488.96384003,135760.41183261017
1232,613.9150459904,5258.0,5245.087606504632,72.52415433652027,0.0005305464029580526,9886199.54307622,136697.09931527774
1233,614.4148113919,5313.0,5301.593124089475,72.90077027495502,0.0005302595280105009,9998110.065048158,137481.30193619328
1234,614.9145769276,5121.0,5109.843180632535,71.57156341636563,0.0005299729795675061,9641705.10127236,135047.57067949558
1235,615.4143425975,5156.0,5144.3473408699,71.81590794556882,0.000529686757286924,9712055.795427935,135581.84522756937
1236,615.9141084016,5121.0,5109.835985209647,71.57198006720232,0.0005294008608267219,9652111.213476373,135194.30239579556
1237,616.4138743399,5197.0,5187.193109524794,72.09890857284334,0.0005291152898450102,9803521.480251005,136263.13576000184
1238,616.9136404124,5297.0,5285.7472418774405,72.79097494676007,0.000528830044000048,9995171.987386106,137645.30924939938
1239,617.4134066191001,5514.0,5504.46730496347,74.26497089431041,0.0005285451229502705,10414375.359738912,140508.2890175449
1240,617.9131729600001,5712.0,5702.3148340630005,75.5860475740995,0.0005282605263542026,10794512.460390719,143084.79207363393
1241,618.4129394351,6010.0,5998.469283886906,77.5340016489025,0.0005279762538705461,11361248.237799846,146851.30454354294
1242,618.9127060444,5746.0,5735.029900571581,75.81225534609412,0.0005276923051581395,10868132.516832702,143667.5399755443
1243,619.4124727879,5526.0,5516.094222817286,74.34574811766942,0.0005274086798759834,10458861.284031881,140964.21040160226
1244,619.9122396656,5422.0,5411.281212282954,73.64397223497521,0.0005271253776832401,10265643.509834386,139708.64495017598
1245,620.4120066775,5199.0,5188.093454294637,72.11395628217542,0.0005268423982391915,9847524.556934373,136879.56118033422
1246,620.9117738236,5127.0,5115.09384690259,71.6141352125737,0.0005265597412032953,9714175.708179984,136003.81800728053
1247,621.4115411039,5179.0,5168.282915450061,71.97543099778224,0.0005262774062352081,9820453.72690807,136763.29279014195
1248,621.9113085184001,5157.0,5146.872531005907,71.82130827177662,0.0005259953929946611,9785014.468858946,136543.60708917008
1249,622.4110760671,5191.0,5179.18801987492,72.05952068342555,0.0005257137011416323,9851727.296868753,137069.89284650967
1250,622.91084375,5177.0,5166.722831589313,71.96117371964323,0.0005254323303361984,9833279.250790257,136956.1208264417
1251,623.4106115671,5220.0,5209.208818256448,72.25879437998083,0.0005251512802386661,9919444.19499275,137596.1500981989
1252,623.9103795184,5328.0,5313.94171559296,73.00616661834086,0.0005248705505094363,10124290.094834391,139093.6613751362
1253,624.4101476039,5349.0,5336.688450238471,73.14806526889427,0.0005245901408091544,10173062.80672163,139438.50556563452
1254,624.9099158235999,5468.0,5456.659949655211,73.95625995549658,0.0005243100507985795,10407315.178002296,141054.4387673923
1255,625.4096841775,5283.0,5271.146359942151,72.6946328728521,0.0005240302801386703,10058858.351748846,138722.19913249183
1256,625.9094526656,5539.0,5524.405615142957,74.43742428235088,0.0005237508284905724,10547774.465701675,142123.7356261113
1257,626.4092212879001,5414.0,5400.194377889768,73.59255928958962,0.0005234716955155735,10316115.320372866,140585.5558572416
1258,626.9089900444001,5483.0,5471.505924511279,74.05775478087578,0.0005231928808751517,10457913.56212458,141549.62249677096
1259,627.4087589351001,5391.0,5379.899111363413,73.43321973314545,0.0005229143842309885,10288298.187236201,140430.6745953035
1260,627.90852796,5390.0,5378.067573856658,73.42752380735732,0.0005226362052449232,10290269.828008436,140494.5219456179
1261,628.4082971191,5444.0,5432.432112319736,73.79369769262901,0.0005223583435790035,10399818.78167916,141270.257476931
1262,628.9080664124,5408.0,5395.594700093646,73.55029123208669,0.0005220807988954083,10334788.621817479,140879.13477703184
1263,629.4078358399,5474.0,5461.939504167167,73.9973172341888,0.000521803570856576,10467424.542919517,141810.67621426424
1264,629.9076054016001,5567.0,5555.155196083478,74.62280782245854,0.0005215266591250818,10651718.562964471,143085.31791576385
1265,630.4073750975001,5529.0,5516.3360108527495,74.36834149605123,0.0005212500633636923,10582897.53531182,142673.05986716424
1266,630.9071449276,5590.0,5577.19907111409,74.7778596271373,0.0005209737832353859,10705335.374993725,143534.78434701049
1267,631.4069148919,5624.0,5614.174377100354,75.00234808140436,0.0005206978184033609,10782020.163470915,144041.98640852276
1268,631.9066849904,5561.0,5552.07485482537,74.5796679246314,0.0005204221685309151,10668405.749313414,143306.09346477344
1269,632.4064552231,5740.0,5728.4648178212055,75.77277896471197,0.0005201468332816533,11013168.688694699,145675.74791651557
1270,632.90622559,5676.0,5664.19022323445,75.3496361360911,0.000519871812319327,10895359.373235777,144938.87598931446
1271,633.4059960911,5756.0,5745.166136458336,75.87790202117324,0.000519597105307862,11056963.323639605,146032.18772016728
1272,633.9057667264,5937.0,5926.20265779022,77.06093483439697,0.0005193227119114168,11411406.668462979,148387.3766097517
1273,634.4055374959,5964.0,5951.690526696278,77.23750887124334,0.0005190486317943464,11466537.357244037,148805.91940727012
1274,634.9053083996,6057.0,6045.190627222244,77.8367935726594,0.0005187748646212134,11652820.981672226,150039.63931346673
1275,635.4050794375,6038.0,6027.644364605344,77.71363569921137,0.0005185014100568023,11625126.272935323,149881.2427350926
1276,635.9048506096001,6197.0,6187.355036006691,78.72884648647265,0.0005182282677660634,11939439.472645216,151919.24366814378
1277,636.4046219159001,6154.0,6142.022682709431,78.45739817143685,0.0005179554374141748,11858206.785843741,151475.18976367003
1278,636.9043933564,6357.0,6344.441026186253,79.74123269188365,0.0005176829186665351,12255457.534755977,154034.89243431823
1279,637.4041649311,6476.0,6464.323375426885,80.48329876357755,0.0005174107111887324,12493601.766719006,155550.12106083016
1280,637.90393664,6735.0,6724.7280594608865,82.07540628389343,0.0005171388146465777,13003719.44437528,158710.5898055347
1281,638.4037084831,6819.0,6809.021694718917,82.5850995881441,0.0005168672287060878,13173637.863952892,159780.10406054478
1282,638.9034804604,7245.0,7233.771449683673,85.1261612638261,0.0005165959530335302,14002764.456836844,164782.86514625658
1283,639.4032525719001,7371.0,7359.957589133242,85.8632074072218,0.0005163249872953397,14254505.922107002,166296.8276181988
1284,639.9030248176,7733.0,7722.637731542458,87.94506739301053,0.0005160543311582024,14964776.507563105,170418.23328104182
1285,640.4027971975,7034.0,7022.441712284948,83.87806753530067,0.0005157839842889849,13615082.91492509,162622.4739237061
1286,640.9025697116,6166.0,6154.462286435303,78.53349624363892,0.0005155139463548108,11938498.133665225,152340.1971933985
1287,641.4023423599,4980.0,4968.767621949353,70.57979416168266,0.0005152442170230238,9643519.437555032,136983.18550662897
1288,641.9021151424,4402.0,4391.61599676486,66.35777377872498,0.0005149747959611807,8527827.053298943,128856.35238685951
1289,642.4018880591,4052.0,4039.943464113954,63.66749750440923,0.0005147056828370429,7849036.058521642,123696.90024302008
1290,642.9016611100001,3897.0,3884.4992540847106,62.439495486849,0.0005144368773186296,7550973.550597048,121374.45474807108
1291,643.4014342951001,3826.0,3815.4038559377905,61.865917010523184,0.0005141683790741771,7420533.839144077,120322.2903787283
1292,643.9012076144,3719.0,3707.961425501865,60.995433291096084,0.0005139001877721191,7215333.860018167,118691.20646856728
1293,644.4009810679,3813.0,3801.403761220439,61.761823685998735,0.000513632303081196,7401021.583760291,120245.20910289264
1294,644.9007546556,3786.0,3776.175718055185,61.5415374640604,0.0005133647246702567,7355736.646067159,119878.78112114077
1295,645.4005283775,3883.0,3874.9976727033613,62.32181614586542,0.0005130974522085209,7552167.051354948,121461.94816913274
1296,645.9003022336,3862.0,3850.457925148788,62.1567707856796,0.0005128304853653295,7508246.9451982835,121203.34605576431
1297,646.4000762239,3924.0,3911.6392476175706,62.65527412981153,0.0005125638238103041,7631516.439336612,122238.9704838002
1298,646.8998503483999,3828.0,3817.4782173943495,61.88179605040004,0.0005122974672133023,7451682.785315993,120792.70347950925
1299,647.3996246071001,3711.0,3699.8291149839056,60.93019861415025,0.0005120314152444065,7225785.381191653,118996.99276277142
1300,647.899399,3873.0,3862.0740425830445,62.24478149602316,0.0005117656675739281,7546567.281255031,121627.50539929776
1301,648.3991735271001,3762.0,3749.903388630408,61.34807822200327,0.0005115002238724423,7331186.211886306,119937.53933781703
1302,648.8989481884,3723.0,3710.75,61.02958278242975,0.0005112350838107696,7258402.479618379,119376.74998263511
1303,649.3987229839,3712.0,3701.007138314543,60.9383963679122,0.0005109702470599154,7243097.1462817285,119260.16577001728
1304,649.8984979136,3655.0,3645.613005997436,60.46668427894042,0.0005107057132911911,7138383.047457319,118398.29221660557
1305,650.3982729775,3668.0,3656.8384732356544,60.57578786480296,0.0005104414821760831,7164069.929516785,118673.3249158355
1306,650.8980481756,3680.0,3668.1620696372374,60.67614804633252,0.0005101775533864032,7189971.501664655,118931.43405385582
1307,651.3978235079001,3794.0,3782.546736717035,61.60725637495865,0.0005099139265941563,7418010.255145645,120818.93269016803
1308,651.8975989744,3682.0,3670.285512030569,60.69273536910269,0.0005096506014715894,7201572.020974393,119086.94936071026
1309,652.3973745751,3729.0,3720.1121043488706,61.07498282558451,0.0005093875776912161,7303107.235575251,119898.84618389212
1310,652.89715031,3636.0,3625.7238518058125,60.31021725992362,0.0005091248549257823,7121482.710433284,118458.59945045374
1311,653.3969261791,3828.0,3816.597062978786,61.882953086260706,0.0005088624328482751,7500253.1462501595,121610.37854549586
1312,653.8967021824,3694.0,3683.8181800395387,60.7895759346026,0.0005086003111320012,7243051.369434666,119523.27712757805
1313,654.3964783199,3783.0,3774.4028485831204,61.51523937498224,0.0005083384894503964,7424979.471186444,121012.35820543721
1314,654.8962545916,3784.0,3774.861218398156,61.52386248023095,0.0005080769674772686,7429703.489889144,121091.6188264006
1315,655.3960309975,3797.0,3787.444478454132,61.63002474918798,0.0005078157448865804,7458304.54567739,121362.9655436401
1316,655.8958075376,4002.0,3992.263585516526,63.27132383164037,0.0005075548213526154,7865679.563199275,124659.09330350673
1317,656.3955842119001,4052.0,4040.818715134563,63.66665639508439,0.000507294196549886,7965434.539989261,125502.4339487463
1318,656.8953610204001,4471.0,4459.723697650264,66.87683647883838,0.0005070338701531569,8795711.608581768,131898.1638418697
1319,657.3951379631001,4517.0,4507.25,67.21813826249931,0.0005067738418374626,8894006.809147045,132639.32096175195
1320,657.89491504,4308.0,4297.470351956328,65.64566937560733,0.000506514111278093,8484404.000339637,129602.84405495207
1321,658.3946922511,4140.0,4126.397521085928,64.35619984023276,0.0005062546781505697,8150833.363476909,127122.18299954556
1322,658.8944695964,3787.0,3767.7688346961063,61.55833351679313,0.0005059955421306918,7446249.069370147,121657.85741427234
1323,659.3942470759,3751.0,3726.719326489559,61.27115950601467,0.0005057367028945546,7368892.3607084425,121152.2896308153
1324,659.8940246896001,3700.0,3678.405064105657,60.851944255269196,0.0005054781601184263,7277080.108157115,120384.91285362844
1325,660.3938024375001,3703.0,3689.258039471099,60.86754817802129,0.00050521991347893,7302281.5234399075,120477.3338384251
1326,660.8935803196,3617.0,3606.6839767157844,60.15291930448389,0.0005049619626528919,7142486.451390398,119123.66426267373
1327,661.3933583359001,3674.0,3664.163482586087,60.62399295411052,0.0005047043073174272,7260020.232562745,120117.8434088177
1328,661.8931364864001,3691.0,3679.956615935193,60.76541855772894,0.0005044469471499142,7295031.988451233,120459.48320442576
1329,662.3929147711,3592.0,3579.8151457792605,59.94641263041173,0.0005041898818279852,7100132.856296764,118896.50068555656
1330,662.89269319,3681.0,3668.4351445248067,60.68498302451798,0.0005039331110295406,7279607.2816691,120422.69439398004
1331,663.3924717431,3646.0,3633.9124853742123,60.395053600421825,0.0005036766344327465,7214772.806498792,119908.38858038408
1332,663.8922504303999,3604.0,3592.4694039355286,60.046291277111465,0.0005034204517160503,7136121.291237942,119276.62269664806
1333,664.3920292519001,3602.0,3592.0639911557064,60.02730562572988,0.0005031645625581387,7138944.70805594,119299.54947650743
1334,664.8918082076001,3598.0,3587.686294753228,59.9947636571447,0.00050290896663801,7133868.220201405,119295.4742052322
1335,665.3915872975,3616.0,3606.2595860261526,60.14364444255534,0.000502653663634886,7174442.060061541,119652.25520815472
1336,665.8913665216,3685.0,3674.9906166248375,60.71511374395171,0.0005023986532282982,7314889.4667813955,120850.47074431898
1337,666.3911458799,3632.0,3622.553672603603,60.27627075448739,0.0005021439350980099,7214173.903935617,120037.8348545074
1338,666.8909253724,3659.0,3648.3661647698364,60.50092191392584,0.0005018895089240914,7269261.659983484,120546.29721912826
1339,667.3907049991,3677.0,3665.9824397376046,60.65040977743226,0.0005016353743868765,7308062.044504635,120905.36846920372
1340,667.8904847599999,3495.0,3485.7948516282777,59.12878119779001,0.0005013815311669578,6952379.844377481,117931.70973044954
1341,668.3902646550999,3684.0,3674.856705514163,60.70570182594211,0.0005011279789452176,7333170.088106159,121138.12115163967
1342,668.8900446844001,3654.0,3644.348363209861,60.45878279562764,0.0005008747174028112,7275967.894939723,120706.39761800105
1343,669.3898248479001,3616.0,3606.00798679351,60.14390808120392,0.0005006217462211633,7203059.024128883,120138.4249389632
1344,669.8896051456001,3637.0,3626.8406514946255,60.31870575263844,0.0005003690650819536,7248331.09117287,120548.43107209088
1345,670.3893855775,3731.0,3721.55303793344,61.091960910924506,0.0005001166736671983,7441369.652094304,122155.41718086775
1346,670.8891661436,3636.0,3626.151480006174,60.30989263019698,0.0004998645716591429,7254267.826924215,120652.4647866467
1347,671.3889468439,3654.0,3643.6057648103642,60.45944745299732,0.0004996127587402989,7292859.721991864,121012.6170625367
1348,671.8887276784,3572.0,3560.6056102238826,59.7785515898513,0.0004993612345935232,7130320.424496291,119710.03643987433
1349,672.3885086471,3706.0,3694.690451535815,60.88923240451779,0.0004991099989018705,7402557.471629064,121995.61727572035
1350,672.8882897500001,3688.0,3678.8354169302315,60.739039973555876,0.0004988590513487136,7374498.682511914,121755.91443984432
1351,673.3880709871,3638.0,3629.6115880209177,60.32467703567107,0.0004986083916177387,7279483.556713949,120986.08457019186
1352,673.8878523584001,3614.0,3604.348750460895,60.1270550030028,0.0004983580193928541,7232448.581547953,120650.32098059774
1353,674.3876338639001,3682.0,3672.006058386452,60.69010225413633,0.0004981079343582826,7371908.385914659,121841.2678616011
1354,674.8874155036,3627.0,3617.0406082205127,60.235575318393465,0.0004978581361985442,7265203.368652087,120989.43642526255
1355,675.3871972775,3624.0,3615.25,60.209148539803685,0.000497608624598382,7265247.870086364,120996.99555729819
1356,675.8869791856,3598.0,3589.05219806721,59.99300787567803,0.0004973593992428955,7216214.680029449,120623.05038771215
1357,676.3867612279,3637.0,3627.75,60.31754729834087,0.0004971104598174168,7297673.843621058,121336.3068652686
1358,676.8865434044,3556.0,3545.6612719486966,59.64322364140548,0.0004968618060075936,7136111.548679811,120039.8640431902
1359,677.3863257151,3618.0,3607.2871585668813,60.161760203026176,0.0004966134374993497,7263772.758004771,121144.04416031323
1360,677.88610816,3607.0,3598.5471468816686,60.06755746542066,0.0004963653539788649,7249795.17211609,121014.80690366299
1361,678.3858907391001,3581.0,3571.6128020661586,59.85131937556601,0.0004961175551326469,7199126.023894109,120639.39031458697
1362,678.8856734524,3742.0,3731.0947320953587,61.18365924494418,0.0004958700406475077,7524339.900074,123386.48079051213
1363,679.3854562999,3626.0,3616.594949848763,60.22660897994079,0.0004956228102104549,7297071.231069972,121517.02411429962
1364,679.8852392816,3723.0,3714.4008055565946,61.025548932858285,0.0004953758635088795,7498146.516962903,123190.39627929797
1365,680.3850223974999,3812.0,3802.3569262044434,61.75134698993106,0.0004951292002304315,7679524.706752983,124717.64331651655
1366,680.8848056475999,3757.0,3746.7941299447734,61.30541938208527,0.000494882820063041,7571073.349176852,123878.65752598936
1367,681.3845890319001,3830.0,3819.5104713873434,61.897661193727465,0.0004946367226949004,7721849.786198096,125137.61787942887
1368,681.8843725504,3836.0,3824.7400612245515,61.947662628491386,0.0004943909078145494,7736266.991906831,125300.97469294182
1369,682.3841562031,3945.0,3936.397491061905,62.81825201790224,0.0004941453751107996,7966071.705475878,127125.04291640256
1370,682.88393999,3923.0,3914.7017761229126,62.64241025687679,0.0004939001242727233,7926100.002277547,126832.14111176597
1371,683.3837239111,3867.0,3856.9572410568207,62.195401976794116,0.0004936551549897341,7813059.788947264,125989.57257538922
1372,683.8835079664,4084.0,4073.2932123786004,63.917398932919134,0.0004934104669514938,8255384.685179445,129542.04098633914
1373,684.3832921559,4479.0,4469.3543866182445,66.93450789653079,0.0004931660598479721,9062574.963078376,135724.07622123192
1374,684.8830764795999,5058.0,5047.995471637171,71.12898786111711,0.0004929219333694154,10240963.385684852,144300.71588599854
1375,685.3828609375,5932.0,5922.504184274895,77.02730424631805,0.0004926780872064045,12021042.41708176,156344.0839901774
1376,685.8826455296,6464.0,6454.095774067884,80.40722944439618,0.0004924345210498009,13106505.531555064,163285.1191524496
1377,686.3824302559001,6158.0,6149.052450565282,78.48020880515075,0.0004921912345907161,12493218.12014502,159450.64294046466
1378,686.8822151164001,5362.0,5352.49841928594,73.2342241592688,0.0004919482275206184,10880206.736920517,148865.71403735655
1379,687.3820001111001,4521.0,4511.651694170913,67.24729106433603,0.0004917054995312313,9175516.032405796,136763.34946110303
1380,687.88178524,4101.0,4090.8497512622253,64.0493838735701,0.0004914630503145817,8323819.560074157,130323.90498649405
1381,688.3815705031,3803.0,3792.7006458120372,61.67925693267268,0.0004912208795630135,7720967.905896012,125563.1824680215
1382,688.8813559004,3845.0,3834.6492721578743,62.019016686123784,0.0004909789869691219,7810210.566911775,126317.04885982058
1383,689.3811414319,3678.0,3667.3513392659843,60.65771026359214,0.0004907373722258341,7473144.59184554,123605.23916991972
1384,689.8809270976001,3698.0,3686.6991893224467,60.82343889671461,0.0004904960350263874,7516267.056315985,124003.93592058797
1385,690.3807128975001,3601.0,3591.6492532540396,60.0186886730793,0.0004902549750642912,7326084.253980364,122423.41582603737
1386,690.8804988316001,3746.0,3737.000502894141,61.21388780770623,0.0004900141920333729,7626310.755178349,124922.6834710477
1387,691.3802848999001,3725.0,3715.2998578879933,61.043305145242485,0.0004897736856276837,7585748.207616631,124635.73878415019
1388,691.8800711024,3776.0,3767.7000292089338,61.457993332983975,0.0004895334555416756,7696511.824794327,125544.01060287055
1389,692.3798574391,3943.0,3934.699859552032,62.80183021556995,0.0004892935014700606,8041594.3553928295,128352.06277394782
1390,692.87964391,3995.0,3985.849684517732,63.21532478370882,0.0004890538231078393,8150124.784197481,129260.46540642105
1391,693.3794305151,4004.0,3993.949667695399,63.28741688091541,0.000488814420150338,8170687.080931521,129471.25590413426
1392,693.8792172543999,3889.0,3880.402707668906,62.3712582945779,0.0004885752922931183,7942281.914126918,127659.46063674169
1393,694.3790041279001,3872.0,3864.9477367957334,62.232447758512414,0.0004883364392321052,7914518.406353723,127437.64904452168
1394,694.8787911356001,3566.0,3556.298561363928,59.726372325749495,0.00048809786066352287,7286035.952973603,122365.56874999849
1395,695.3785782775001,3643.0,3632.951657525094,60.36825452777693,0.0004878595562838968,7446716.1926638475,123741.05160020117
1396,695.8783655536,3460.0,3449.7967851733933,58.83272630557038,0.0004876215257900002,7074742.608182331,120652.43881564689
1397,696.3781529639,3544.0,3532.7020920073546,59.5440018392142,0.00048738376887897127,7248296.553110301,122170.67050913704
1398,696.8779405084,3555.0,3544.6496703427715,59.635067060889114,0.0004871462852482083,7276355.742991491,122417.16475473925
1399,697.3777281871,3543.0,3532.198919102033,59.5348109446599,0.0004869090745954377,7254329.613874749,122270.90036086533
1400,697.877516,3615.0,3603.9507815689517,60.13684892472143,0.0004866721366186782,7405295.085534663,123567.4788011141
1401,698.3773039471,3548.0,3538.4550533522697,59.57578947582516,0.00048643547101625515,7274253.758591601,122474.18830571738
1402,698.8770920284,3610.0,3601.245487160372,60.09248720306857,0.0004861990774868113,7406936.076011086,123596.46487543706
1403,699.3768802439,3716.0,3705.9509625965943,60.9697494884923,0.00048596295572922123,7625994.777802676,125461.72248253562
1404,699.8766685936,3594.0,3584.25,59.960533076955286,0.00048572710544278176,7379143.4734379295,123444.8981847454
1405,700.3764570775,3519.0,3509.25,59.33182462623238,0.00048549152632699707,7228241.503099657,122209.80472122625
1406,700.8762456956,3524.0,3514.4511407993377,59.373774277945834,0.00048525621808171945,7242464.928512235,122355.5146035182
1407,701.3760344479,3439.0,3430.353598717503,58.65270313898528,0.0004850211804070803,7072585.151515224,120928.1274886961
1408,701.8758233344,3599.0,3590.2437098410514,60.000890298145634,0.0004847864130035434,7405825.768914051,123767.68137209959
1409,702.3756123551,3547.0,3538.0585551518325,59.56675348454812,0.00048455191557187835,7301712.038381154,122931.62315589278
1410,702.8754015100001,3537.0,3527.6841988994006,59.482276973010194,0.00048431768781312184,7283822.762757713,122816.65210617281
1411,703.3751907991001,3496.0,3484.8614522113494,59.139594209164315,0.0004840837294286483,7198881.599107747,122168.10979985895
1412,703.8749802224,3519.0,3510.149255634891,59.33081057035019,0.00048385004012014323,7254622.227091883,122622.31197835169
1413,704.3747697799,3533.0,3523.6976815697776,59.449118802236534,0.00048361661958955075,7286138.521377466,122926.12866094525
1414,704.8745594716,3554.0,3545.4596131772546,59.62501568501245,0.0004833834675392188,7334672.886572393,123349.30689406508
1415,705.3743492975,3396.0,3389.350829229201,58.28263147524513,0.00048315058367168727,7015102.421013214,120630.36544906591
1416,705.8741392576,3653.0,3646.298285593274,60.44719310134816,0.0004829179676898591,7550554.192539404,125170.72700879235
1417,706.3739293519,3544.0,3536.6973449382244,59.53938275769344,0.0004826856192969578,7327123.915747691,123350.23124246762
1418,706.8737195804,3511.0,3502.5436112337843,59.26277082552378,0.0004824535381964868,7259856.82336797,122836.22387154736
1419,707.3735099431001,3561.0,3551.903760737006,59.68409117006462,0.0004822217240922747,7365706.651692319,123768.98050873351
1420,707.8733004400001,3521.0,3511.7932272852195,59.34789916372193,0.00048199017668842367,7286026.556419578,123130.93094859195
1421,708.3730910711,3415.0,3405.6589524816436,58.44858170547943,0.00048175889568939444,7069218.61319896,121323.30555482491
1422,708.8728818364,3608.0,3598.8887607197375,60.07619375880641,0.0004815278807999199,7473894.875497594,124761.61018757027
1423,709.3726727359,3510.0,3499.148951371611,59.25709490255725,0.0004812971317250596,7270246.840719789,123119.56792713194
1424,709.8724637696,3595.0,3584.4043013883843,59.96986330925139,0.000481066648170169,7450951.578169816,124660.19737048594
1425,710.3722549375,3662.0,3652.60661145324,60.52465910622622,0.00048083642984090614,7596359.977678427,125873.69706212141
1426,710.8720462396,3497.0,3488.9045132548845,59.14440246177359,0.00048060647644324403,7259378.897834927,123062.01718186395
1427,711.3718376759001,3573.0,3564.6907635068824,59.7833879456372,0.00048037678768349815,7420614.098979987,124451.03401837597
1428,711.8716292464001,3361.0,3350.589374126334,57.9855392074584,0.00048014736326822686,6978252.158503637,120766.1306578199
1429,712.3714209511,3491.0,3478.9463802399264,59.09782309199009,0.00047991820290435003,7249040.27225093,123141.44938521652
1430,712.8712127900001,3547.0,3535.917253093548,59.56908189801265,0.00047968930629908055,7371265.539300861,124182.63470912573
1431,713.3710047631,3515.0,3506.1012579840312,59.29717811177757,0.0004794606731599272,7312594.0337854335,123674.74838128928
1432,713.8707968704,3498.0,3488.541015868828,59.15407789491691,0.00047923230319475604,7279436.283015157,123435.08044130569
1433,714.3705891119,3509.0,3498.1960737390114,59.24854797801849,0.0004790041961116583,7303059.351328864,123691.08341632847
1434,714.8703814876,3533.0,3522.2566695154464,59.45086471005525,0.00047877635161913185,7356789.151351847,124172.51710324366
1435,715.3701739974999,3564.0,3554.20271779118,59.70991680528443,0.00047854876942590024,7427043.897856104,124772.89802023003
1436,715.8699666416001,3588.0,3579.3110698493224,59.90949555831795,0.00047832144924103644,7483066.20062449,125249.44397408419
1437,716.3697594199001,3527.0,3519.3985915901844,59.39681117242934,0.0004780943907739646,7361304.9211742375,124236.57821267183
1438,716.8695523324001,3410.0,3400.7285060268764,58.405115484950386,0.00047786759373433436,7116466.047533403,122220.28915695865
1439,717.3693453791001,3546.0,3534.3985427036564,59.56088301394938,0.0004776410578321626,7399695.827542535,124697.99661753191
1440,717.86913856,3555.0,3543.757407521108,59.636140475118026,0.000477414782777754,7422806.195699216,124914.73374187456
1441,718.3689318751,3553.0,3542.906022220706,59.618098372556545,0.00047718876828172857,7424537.746305465,124936.0888925166
1442,718.8687253244,3519.0,3509.906117796834,59.33117336575363,0.0004769630140550435,7358864.344545962,124393.65656748087
1443,719.3685189079,3540.0,3530.078255391544,59.50835458911634,0.00047673751980890027,7404657.927503949,124824.14770494716
1444,719.8683126256001,3513.0,3501.9141908985544,59.282879566024945,0.0004765122852549066,7349053.317744436,124409.97095030198
1445,720.3681064775001,3501.0,3491.8596011386335,59.17938427692441,0.00047628731010488604,7331414.310344885,124251.44029953721
1446,720.8679004636001,3560.0,3551.6483765438825,59.67476555355614,0.00047606259407101707,7460465.1169338925,125350.6708923535
1447,721.3676945839001,3504.0,3495.7032931310837,59.20370699532838,0.0004758381368658191,7346412.618702801,124419.84449855718
1448,721.8674888384,3413.0,3404.5933219278168,58.430096548717465,0.0004756139382020707,7158312.758448495,122851.94325800579
1449,722.3672832271,3632.0,3621.9830768637,60.27659186732505,0.00047538999779288705,7618971.9886401305,126793.98419649908
1450,722.86707775,3630.0,3619.110289713769,60.26130853381768,0.00047516631535170456,7616512.729937531,126821.5077266451
1451,723.3668724071,3687.0,3675.8808882255535,60.73225788095103,0.0004749428905922392,7739627.1447327975,127872.75919683685
1452,723.8666671984,3517.0,3504.962318312075,59.31758892401756,0.0004747197232285243,7383224.557166395,124952.86380899492
1453,724.3664621239001,3574.0,3562.8982180732232,59.79492284890037,0.00047449681297494185,7508792.726625499,126017.54366695427
1454,724.8662571836,3372.0,3360.3427842489277,58.08180551019618,0.00047427415954617456,7085232.700563713,122464.62165633005
1455,725.3660523775001,3531.0,3520.073735293947,59.43440998201321,0.00047405176265714395,7425505.00300497,125375.35911452545
1456,725.8658477056,3585.0,3575.2870675770064,59.88519186884379,0.0004738296220232138,7545511.933827232,126385.4961476214
1457,726.3656431679,3483.0,3473.0649522339168,59.02801661247453,0.0004736077373599417,7333209.908254495,124634.82320098429
1458,726.8654387644,3497.0,3487.6386575246156,59.145527503347516,0.00047338610838325204,7367429.241715376,124941.4092554306
1459,727.3652344951,3593.0,3583.3614698338374,59.95216965252446,0.0004731647348093848,7573179.500110887,126704.64479284639
1460,727.86503036,3553.0,3543.128740206868,59.617491477278016,0.00047294361635488534,7491651.473202654,126056.23464540539
1461,728.3648263591,3471.0,3460.111721726272,58.927277191709464,0.0004727227527365787,7319537.089543042,124655.04748942402
1462,728.8646224924,3547.0,3536.79605124658,59.5677195458517,0.0004725021436716406,7485248.688531733,126068.67575874437
1463,729.3644187599001,3450.0,3439.9079799018414,58.74789650291204,0.00047228178887756344,7283592.255541362,124391.61933923759
1464,729.8642151616,3550.0,3539.8879074962165,59.59270167555245,0.00047206168807209634,7498782.461998021,126239.22504478072
1465,730.3640116975,3417.0,3406.408142808885,58.46691168901832,0.0004718418409733765,7219385.49532128,123912.09641011317
1466,730.8638083676,3444.0,3434.5102791511617,58.696167147708074,0.0004716222472998074,7282333.051112121,124455.89130657629
1467,731.3636051719,3607.0,3598.4541516026625,60.067542794619854,0.0004714029067701147,7633500.13316208,127422.93679557752
1468,731.8634021104,3403.0,3394.443713153445,58.344641098037485,0.00047118381910332723,7204075.300406417,123825.64666390406
1469,732.3631991830999,3642.0,3633.816922182351,60.35792646323868,0.0004709649840187905,7715683.852278431,128157.99159461615
1470,732.86299639,3504.0,3497.0,59.20223203428665,0.0004707464012361719,7428628.218541742,125762.47397499505
1471,733.3627937311,3449.0,3440.6719964840363,58.737040182083966,0.00047052807047544406,7312362.879875407,124832.1702098097
1472,733.8625912064,3490.0,3479.8521733031566,59.0873382153859,0.00047030999145688775,7399060.697229832,125634.8776098717
1473,734.3623888159001,3497.0,3488.0219233279067,59.14547474190963,0.0004700921639011195,7419868.253880504,125816.763783262
1474,734.8621865596,3537.0,3529.1933663834534,59.48108944144216,0.00046987458752901265,7510926.234472175,126589.28790816863
1475,735.3619844375,3610.0,3601.03439055068,60.092750196222156,0.00046965726206182716,7667366.57012796,127950.22040628291
1476,735.8617824496,3560.0,3551.4314787233448,59.67533027984143,0.0004694401872210636,7565248.087827095,127120.19955747799
1477,736.3615805959,3650.0,3642.3750642953783,60.42312816288705,0.00046922336272857895,7762561.188587493,128772.63359505536
1478,736.8613788764,3704.0,3695.1591405093204,60.869964534682445,0.00046900678830653306,7878690.101377043,129784.82625905855
1479,737.3611772911,3670.0,3660.3177549827933,60.590525437368335,0.00046879046367740004,7808003.870790458,129248.63053328649
1480,737.86097584,3637.0,3626.4778537615107,60.319080411185084,0.00046857438856396294,7739385.5538616935,128728.93159193912
1481,738.3607745231001,3829.0,3820.25,61.88804162933725,0.00046835856268930085,8156678.033309008,132138.1662672675
1482,738.8605733404,4103.0,4094.8641392317777,64.06299071755858,0.0004681429857768155,8747037.259218877,136844.92273499584
1483,739.3603722919,4210.0,4201.316764011346,64.89285529534725,0.00046792765755025186,8978560.459551712,138681.38428722447
1484,739.8601713776,4276.0,4265.147608697155,65.4018210232176,0.0004677125777336143,9119163.80218958,139833.35949641105
1485,740.3599705975,4122.0,4111.8192675967575,64.21320746818981,0.0004674977460512508,8795377.736743115,137355.116704991
1486,740.8597699516,3823.0,3814.1024254394406,61.83972187037904,0.0004672831622278186,8162293.730540879,132338.8618916891
1487,741.3595694399,3767.0,3757.020692731406,61.38611652976037,0.0004670688259883013,8043826.698948879,131428.41721424996
1488,741.8593690624001,3676.0,3665.274589484216,60.641664991534256,0.0004668547370579087,7850995.820632693,129894.07663226144
1489,742.3591688191001,3548.0,3537.827720791984,59.5759037298691,0.0004666408951623066,7581478.0861875815,127669.70136457385
1490,742.85896871,3604.0,3593.4224264681143,60.044896266495826,0.00046642730002734097,7704142.588260755,128733.66602464333
1491,743.3587687351,3557.0,3547.955016070243,59.650420534588804,0.00046621395137927017,7610143.380681336,127946.4511049403
1492,743.8585688944,3541.0,3532.3525240835506,59.51570045365935,0.00046600084894456156,7580141.821809818,127715.86272526237
1493,744.3583691879,3521.0,3512.1923800747636,59.34752181957045,0.0004657879924500757,7540324.003631779,127413.16388900143
1494,744.8581696156,3487.0,3478.4678899679416,59.06030734343659,0.00046557538162298286,7471331.232854493,126854.44650779
1495,745.3579701775,3604.0,3595.4742871256735,60.042259213981126,0.00046536301619068616,7726171.100911895,129022.41287988028
1496,745.8577708736001,3582.0,3572.7181069578155,59.85997427515946,0.0004651508958810118,7680772.279694237,128689.3668382227
1497,746.3575717039,3557.0,3548.5447960556276,59.64968914133827,0.0004649390204219966,7632280.019936445,128295.72593670007
1498,746.8573726684,3540.0,3531.6604683168566,59.50703066529381,0.00046472738954203926,7599423.98014693,128047.1777743386
1499,747.3571737671,3525.0,3516.326311735911,59.38092766385453,0.0004645160029698313,7569871.197665249,127833.9761907215
1500,747.856975,3500.0,3490.5132341128697,59.17125392715926,0.0004643048604344169,7517718.489629951,127440.52231500861
1501,748.3567763671,3492.0,3482.2233854109327,59.1035876616701,0.0004640939616650929,7503272.339328199,127352.63231957627
1502,748.8565778684,3523.0,3511.955351876684,59.36691012709836,0.0004638833063914971,7570773.303303026,127978.11283382398
1503,749.3563795039,3484.0,3474.687663652323,59.03591212345254,0.00046367289434357645,7493833.920508664,127322.32753659217
1504,749.8561812736001,3487.0,3479.236477867391,59.05918914416914,0.0004634627252515864,7507047.035937399,127430.28926891458
1505,750.3559831775001,3632.0,3623.0891262589316,60.27552126809363,0.0004632527988460971,7820976.22568839,130113.66886121825
1506,750.8557852156,3514.0,3504.089070851534,59.28969050661406,0.0004630431148579636,7567522.242343238,128043.56355628117
1507,751.3555873879001,3550.0,3539.5,59.59323871271284,0.00046283367301838636,7647455.676500424,128757.35320654913
1508,751.8553896944001,3630.0,3621.0413928019466,60.25940305783579,0.0004626244730588649,7827172.152955256,130255.54540900458
1509,752.3551921351,3539.0,3531.016725184468,59.497875387297626,0.0004624155147111986,7636025.636790675,128667.5587095234
1510,752.85499471,3537.0,3526.838855497741,59.48360698154907,0.0004622067977075042,7630434.8464593785,128694.79046301641
1511,753.3547974191,3620.0,3610.175192736473,60.17716367738765,0.0004619983217802037,7814260.404292158,130254.07418258331
1512,753.8546002624,3567.0,3560.0421815513737,59.73221427051019,0.00046179008666203167,7709221.753295987,129349.27794200604
1513,754.3544032399001,3555.0,3548.6048022877517,59.63037483719389,0.00046158209208604223,7687916.977563909,129186.9330712214
1514,754.8542063516,3516.0,3506.324462916577,59.30618274993788,0.0004613743377855916,7599738.814571921,128542.43917115836
1515,755.3540095975001,3582.0,3571.822799148158,59.86095179990314,0.0004611668234943429,7745185.943958029,129803.24852149181
1516,755.8538129776,3530.0,3520.3828269413943,59.42410091668839,0.0004609595489462662,7637075.389779513,128913.91674720556
1517,756.3536164919,3626.0,3616.1172458147453,60.22698832892667,0.00046075251387564346,7848285.439394761,130714.39984629549
1518,756.8534201404,3576.0,3567.20577254318,59.809188575444644,0.0004605457180170726,7745606.208005048,129865.90958430646
1519,757.3532239231,3594.0,3585.7057961676646,59.95894046435586,0.0004603391611054347,7789269.519362932,130249.48892111103
1520,757.85302784,3562.0,3553.8970902608153,59.69122063679284,0.00046013284287595895,7723632.740597182,129726.05968247348
1521,758.3528318911,3623.0,3614.955842475295,60.20001858449037,0.00045992676306416333,7859851.030175821,130890.4447817315
1522,758.8526360764,3551.0,3543.661730316885,59.598293278769724,0.0004597209214058736,7708289.019085764,129640.15885227075
1523,759.3524403959001,3528.0,3520.4264498887487,59.40500651574706,0.00045951531763722335,7661173.229198082,129277.53272992291
1524,759.8522448496001,3537.0,3527.5293164580767,59.48278715064183,0.00045930995149464276,7680062.896480092,129504.67752130909
1525,760.3520494375,3549.0,3538.088137349551,59.5851969093057,0.00045910482271490586,7706493.075866961,129785.60442242798
1526,760.8518541596001,3572.0,3561.426787389707,59.77781098761835,0.0004588999310350607,7760791.725021219,130263.28169801191
1527,761.3516590159,3679.0,3670.264934668844,60.66414984992081,0.0004586952761924663,8001532.008646234,132253.70523429246
1528,761.8514640064,3522.0,3512.9700266598306,59.35601964431248,0.0004584908579248199,7662028.513632572,129459.54890565183
1529,762.3512691311,3532.0,3523.0451136606857,59.44067605254728,0.00045828667597011096,7687426.448091752,129701.9511351099
1530,762.8510743900001,3543.0,3535.9409470084333,59.53067849407334,0.00045808273006659904,7719000.771966137,129956.1729502843
1531,763.3508797831,3644.0,3635.8818344393208,60.374085130203454,0.0004578790199528798,7940704.151095388,131855.97614063325
1532,763.8506853104001,3581.0,3572.2060747323058,59.85096905085923,0.00045767554536790795,7805105.846021869,130771.61245909984
1533,764.3504909719001,3568.0,3560.015234909873,59.74146113192712,0.00045747230605085393,7781925.130379655,130590.33375735336
1534,764.8502967676001,3495.0,3486.101096945401,59.127862368157466,0.00045726930174123524,7623737.4424014045,129306.4330865959
1535,765.3501026975,3524.0,3513.0591972289,59.37522785139207,0.0004570665321789022,7686100.271839286,129904.99997525914
1536,765.8499087616,3666.0,3653.232352460973,60.560602847073405,0.0004568639971039875,7996323.5790485265,132557.1794471892
1537,766.3497149599,3639.0,3626.6079356749083,60.33812692247926,0.00045666169625689586,7941563.668249402,132128.72333513154
1538,766.8495212923999,3607.0,3598.1005166746895,60.06749649861094,0.00045645962937842046,7882625.943447328,131594.32430072138
1539,767.3493277591001,3559.0,3548.2655069117804,59.66905613444632,0.00045625779620958026,7776887.400915553,130779.25819603435
1540,767.8491343600001,3600.0,3591.0310989999866,60.00984933828336,0.0004560561964917393,7874097.812121345,131584.33061520816
1541,768.3489410951,3719.0,3710.8812904354386,60.992048898892904,0.00045585482996657545,8140489.134901852,133797.08821636267
1542,768.8487479644,3632.0,3623.5156323232054,60.27525423565618,0.0004556536963760203,7952345.522800197,132283.0358121688
1543,769.3485549679,3718.0,3709.218654883582,60.984463262776586,0.0004554527954623935,8144024.346404193,133898.53760994654
1544,769.8483621056,3748.0,3738.059427205288,61.23143400911115,0.000455252126968264,8210965.321785023,134500.0503718232
1545,770.3481693775,3653.0,3643.7063002700083,60.45000003110772,0.0004550516906364764,8007236.046466703,132842.05129873683
1546,770.8479767836,3567.0,3558.3094731341002,59.73380471408961,0.0004548514862102709,7823013.843004457,131325.95259120595
1547,771.3477843239001,3786.0,3776.6151835606397,61.540066539988146,0.0004546515134331283,8306615.225016989,135356.56370148578
1548,771.8475919984,3764.0,3753.5158619672843,61.3625594674309,0.00045445177204884334,8259437.178658126,135025.45977713956
1549,772.3473998071,3977.0,3968.2817949918513,63.07257271097662,0.00045425226180150516,8735854.785299612,138849.2210492008
1550,772.84720775,3992.0,3985.0595593441085,63.18941292551849,0.00045405298243554636,8776639.9814581,139167.48787018118
1551,773.3470158271,3885.0,3877.5712608399076,62.33725264568274,0.0004538539336956781,8543654.627525888,137350.91406628996
1552,773.8468240384,3767.0,3757.6308007493517,61.38559210813646,0.0004536551153268959,8283012.080755816,135313.34715338342
1553,774.3466323839,3852.0,3842.0596190599895,62.07485998626805,0.0004534565270745337,8472829.013724789,136892.63750759716
1554,774.8464408636,3638.0,3629.5321267467593,60.32509467618982,0.00045325816868422165,8007648.570974573,133092.1290427254
1555,775.3462494775,3662.0,3654.793562321706,60.522085850701835,0.00045306003990185496,8066907.783598467,133585.1333607187
1556,775.8460582256,3621.0,3613.396775153257,60.18285972606276,0.0004528621404737031,7979021.543672362,132894.43816855666
1557,776.3458671079001,3736.0,3727.5273851177435,61.13160171298746,0.00045266447014628787,8234636.537550907,135048.37632437007
1558,776.8456761244,3805.0,3795.9129455652533,61.69425310954358,0.0004524670286664244,8389369.18067403,136350.82602897656
1559,777.3454852751,3813.0,3805.3259354263037,61.757666900268354,0.00045226981578127255,8413840.151708558,136550.49429638634
1560,777.8452945600001,3922.0,3914.0545376825467,62.63374765597581,0.0004520728312382634,8658017.618447984,138547.913804988
1561,778.3451039791,3959.0,3950.652040505895,62.92946256584359,0.00045187607478512924,8742777.635183413,139262.65646121465
1562,778.8449135324,4011.0,4004.1739392161985,63.339229456873845,0.00045167954616995136,8865076.962571971,140230.45761970698
1563,779.3447232199,3796.0,3787.6902124776198,61.62030696633686,0.00045148324514103505,8389436.935349429,136484.15003105556
1564,779.8445330416001,3819.0,3810.25,61.80717443662126,0.0004512871714470467,8443071.820061892,136957.52582205544
1565,780.3443429975,3833.0,3825.3859904139804,61.91937888915905,0.0004510913248369478,8480291.638941873,137265.72753652607
1566,780.8441530876,3854.0,3847.1737896424916,62.08750260780534,0.0004508957050599777,8532291.939065475,137698.14595937773
1567,781.3439633119,3781.0,3771.5540719263317,61.49942704789721,0.0004507003118656845,8368208.258640638,136453.03859080747
1568,781.8437736704,3676.0,3665.4295623164066,60.64144517916287,0.0004505051450039004,8136265.70743087,134607.66397826123
1569,782.3435841631,3797.0,3787.336845319656,61.62981264334756,0.0004503102042248282,8410506.379350748,136860.79521435272
1570,782.84339479,3771.0,3761.1631699259215,61.41886690907462,0.00045011548927889654,8355995.871085128,136451.3516463745
1571,783.3432055511,3800.0,3790.0269270479557,61.65440615976042,0.0004499209999168521,8423760.899687665,137033.84854486564
1572,783.8430164463999,3732.0,3721.4131985346567,61.10134005455086,0.00044972673588975604,8274832.029214529,135863.2591270468
1573,784.3428274759001,3767.0,3756.6900910766362,61.38664085439922,0.00044953269694896717,8356878.413013662,136556.56478613854
1574,784.8426386396001,3760.0,3750.1797554254,61.329341869096424,0.0004493388828461275,8345994.300941944,136487.9475389139
1575,785.3424499375001,3642.0,3632.7768357019604,60.358671315166056,0.00044914529333320405,8088199.719833064,134385.62578988937
1576,785.8422613696,3823.0,3814.816241112488,61.839359250170226,0.00044895192816243965,8497159.722036459,137741.6052165735
1577,786.3420729359,3703.0,3696.5102227726156,60.85888667866112,0.00044875878708636424,8237187.391410828,135616.03344593395
1578,786.8418846364,3682.0,3674.2665866270377,60.68779866484091,0.00044856586985786114,8191141.666197915,135292.94746403978
1579,787.3416964711,3789.0,3782.826557800011,61.56148083174698,0.0004483731762300783,8436781.588064695,137299.6514853005
1580,787.84150844,3765.0,3757.933560645389,61.366581345742546,0.0004481807059564264,8384862.424244447,136923.74644906915
1581,788.3413205431001,3832.0,3823.6531848575296,61.91216983737025,0.0004479884587906999,8535160.024387904,138200.36793915622
1582,788.8411327804,3634.0,3627.070066156629,60.28987174437822,0.00044779643448690954,8099818.995460669,134636.783817761
1583,789.3409451519001,3734.0,3726.2666387736735,61.114718899506414,0.00044760463279937957,8324906.32518502,136537.27960161347
1584,789.8407576576001,3727.0,3719.5866825199614,61.056891554862666,0.0004474130534827904,8313540.8177424455,136466.49573493324
1585,790.3405702975,3680.0,3671.6900075147337,60.67175688219443,0.0004472216962920515,8209999.733816561,135663.71530099836
1586,790.8403830716001,3705.0,3695.940003610083,60.87822802405356,0.00044703056098236246,8267756.896727931,136183.5931088736
1587,791.3401959799,3759.0,3750.739999295934,61.31961386687932,0.0004468396473093149,8393928.385454047,137229.572702693
1588,791.8400090224,3765.0,3758.3966657375113,61.36650215701774,0.0004466489550287209,8414654.559072763,137393.13943558134
1589,792.3398221991,3672.0,3663.6999735981713,60.60552176167261,0.00044645848389664855,8206138.097369626,135747.27314556373
1590,792.8396355100001,3735.0,3725.3266861404923,61.12500714295566,0.0004462682336695606,8347729.919084744,136969.20939305684
1591,793.3394489551,3815.0,3806.5,61.774545028885505,0.00044607820410415364,8533257.094783384,138483.66600413842
1592,793.8392625344001,3833.0,3824.913346580778,61.919719787924244,0.0004458883949574456,8578185.460390413,138868.2021962776
1593,794.3390762479,3707.0,3698.4666315127793,60.89394421919503,0.00044569880598675874,8298129.996836153,136625.7737316086
1594,794.8388900956,3744.0,3734.723358267737,61.19814371049551,0.0004455094369496464,8383039.838255666,137366.66080411762
1595,795.3387040775,3871.0,3862.3366528591937,62.22623994286076,0.00044532028760401984,8673165.719980842,139733.67411051464
1596,795.8385181936,3728.0,3719.680028663388,61.06631536905696,0.00044513135770807657,8356364.844336145,137187.17927103466
1597,796.3383324439,3757.0,3748.759966869006,61.30276847231281,0.00044494264702030835,8425265.575178508,137776.78737438444
1598,796.8381468284,3776.0,3767.033355134878,61.45877289463717,0.00044475415529944524,8469922.788239269,138185.9442173352
1599,797.3379613471001,3776.0,3767.466652241305,61.45789163057285,0.00044456588230461957,8474484.440215794,138242.48345819188
1600,797.8377760000001,3766.0,3755.79333223721,61.37840751793517,0.00044437782779515125,8451801.816648131,138122.1196891698
1601,798.3375907871,3784.0,3774.326662640517,61.52451961433831,0.0004441899915307218,8497099.742463402,138509.4684423637
1602,798.8374057084001,3768.0,3758.8800102687255,61.39347271339183,0.00044400237327128485,8465900.717093814,138272.84809552247
1603,799.3372207639001,3907.0,3896.793339486323,62.516469194168764,0.0004438149727770692,8780220.538985072,140861.5594985146
1604,799.8370359536,3767.0,3757.1199724096605,61.386381951606,0.000443627789808604,8469081.646194007,138373.6171669727
1605,800.3368512774999,3838.0,3830.0332705619426,61.96008436713183,0.00044344583841178135,8636980.976705873,139724.13088607235
1606,800.8366667355999,3880.0,3872.880048676451,62.296877819056924,0.0004432665211840771,8737136.380909182,140540.4532980433
1607,801.3364823279001,3876.0,3867.690030315593,62.26605896910835,0.00044308741036389043,8728954.919164166,140527.70968593232
1608,801.8362980544001,3786.0,3777.4566421576537,61.53946130575866,0.00044290850573392197,8528751.634376982,138943.95910005076
1609,802.3361139151001,3954.0,3946.3699126359934,62.88877663286292,0.00044272980707702977,8913720.850851525,142047.75831124696
1610,802.83592991,3826.0,3819.043367380695,61.86186618887878,0.00044255131417639395,8629605.754279796,139784.61752849212
1611,803.3357460391001,3885.0,3877.130117861274,62.3377700072911,0.0004423730268153739,8764390.871144613,140916.75176503925
1612,803.8355623024,3870.0,3861.456621826144,62.21820740639274,0.00044219494477766,8732475.72689399,140703.1178017575
1613,804.3353786999,3850.0,3841.3367680819783,62.057271902994785,0.000442017067847074,8690471.58471034,140395.64627053027
1614,804.8351952316,4018.0,4009.369829334531,63.39658546609048,0.0004418393958077743,9074269.672138605,143483.32463697207
1615,805.3350118975,4008.0,4000.25,63.316648211685624,0.00044166192844414084,9057266.978142833,143359.98675442452
1616,805.8348286976001,3974.0,3966.146701762294,63.04766942915564,0.0004414846655408043,8983656.763941946,142808.288373786
1617,806.3346456319,4103.0,4095.1032946767405,64.06262156638186,0.00044130760688260585,9279475.882150603,145165.45957347035
1618,806.8344627004001,3950.0,3941.3203813696573,62.85772817015066,0.00044113075225467655,8934585.40631107,142492.28340775755
1619,807.3342799031001,4131.0,4122.032870842651,64.28204285676536,0.0004409541014423954,9347986.235662984,145779.4420019992
1620,807.83409724,4254.0,4246.5,65.230098862012,0.00044077765423133333,9634109.077978143,147988.6701057157
1621,808.3339147111,4105.0,4097.1901634068045,64.07806027054349,0.00044060141040732975,9299085.446909964,145433.1710180052
1622,808.8337323164,4330.0,4321.853274519194,65.81072660397966,0.00044042536975652063,9812907.183136236,149425.37629101987
1623,809.3335500559,4527.0,4519.516350085722,67.29024369710449,0.00044024953206523316,10265806.141540771,152845.6904461488
1624,809.8333679296001,5011.0,5002.804284984529,70.79561110400991,0.00044007389712002277,11368100.488859711,160872.09799835412
1625,810.3331859375,5557.0,5547.782605425059,74.55342632054283,0.0004398984647077372,12611507.087461496,169478.71452580573
1626,810.8330040796001,5932.0,5923.217444300813,77.02664916755788,0.00043972323461543796,13470330.8308941,175170.75083585677
1627,811.3328223559,5649.0,5638.956500880973,75.16846890982201,0.00043954820663046404,12828983.069021469,171013.0260479426
1628,811.8326407664,5165.0,5156.7986773131515,71.87555754142419,0.00043937338054034203,11736711.65734099,163586.50916227905
1629,812.3324593111,4623.0,4615.554644044744,67.99942607566308,0.00043919875613290745,10509033.961489672,154826.08984230715
1630,812.83227799,4361.0,4352.429107000132,66.04640482087201,0.0004390243331961962,9913867.587505836,150439.05275144838
1631,813.3320968031,4141.0,4133.543543291363,64.35802245602719,0.0004388501115184946,9419032.682909917,146651.48935097153
1632,813.8319157504,4050.0,4041.424220474648,63.64812167870838,0.00043867609088832105,9212775.22166924,145091.38519453077
1633,814.3317348319001,3878.0,3868.8692982210628,62.28315856918922,0.0004385022710944751,8822917.355854508,142036.11400628378
1634,814.8315540476001,4063.0,4053.924318857254,63.750669057888565,0.0004383286519259725,9248595.32007482,145440.3420305163
1635,815.3313733975,3938.0,3927.75,62.76400406477561,0.0004381552331720604,8964288.687287232,143246.04458194075
1636,815.8311928816,3937.0,3926.440408347045,62.75629194451565,0.0004379820146222808,8964843.937103761,143285.08899763197
1637,816.3310124999,3935.0,3925.3414767573317,62.739767530790864,0.00043780899606633757,8965876.699716233,143303.97066871697
1638,816.8308322524,3981.0,3973.3531836650977,63.10299210167699,0.0004376361772942348,9079124.14424026,144190.52942977136
1639,817.3306521391,3968.0,3960.396823346439,62.99981524519598,0.00043746355809620003,9053089.680387804,144011.57325964523
1640,817.83047216,4022.0,4014.25,63.42711011409379,0.00043729113826271375,9179810.997195048,145045.49615635784
1641,818.3302923151001,4127.0,4119.04367568006,64.24966616349414,0.00043711891758451115,9423164.978632381,146984.40991420217
1642,818.8301126044,3973.0,3965.368928067499,63.03966133371071,0.0004369468958525249,9075173.58678264,144273.04995659564
1643,819.3299330279001,4082.0,4074.8374118439,63.897668932829,0.0004367750728579529,9329372.633792933,146294.22076385224
1644,819.8297535856001,4137.0,4129.146860756704,64.32735823154792,0.0004366034483922459,9457430.709633483,147335.8913412796
1645,820.3295742775,3917.0,3910.0313129072947,62.59332429865995,0.00043643202224708145,8959084.378766485,143420.55831829726
1646,820.8293951036001,4048.0,4041.36564500541,63.63038218087636,0.00043626079421435726,9263646.191914463,145854.00069118175
1647,821.3292160639,4143.0,4134.646885084913,64.37447859085044,0.0004360897640862932,9481183.062730065,147617.49504882222
1648,821.8290371584,4217.0,4209.118638952068,64.9463725580951,0.00043591893165522154,9655737.18711799,148987.27226984192
1649,822.3288583871,4142.0,4134.072118791097,64.3661209480326,0.00043574829671384394,9487293.81151418,147713.99322371156
1650,822.8286797500001,4083.0,4074.059267526063,63.90743222896134,0.00043557785905501184,9353228.551067203,146718.73443615524
1651,823.3285012471,4068.0,4060.0154014088675,63.78904329516749,0.0004354076184718314,9324631.056430468,146504.1965022353
1652,823.8283228784001,4136.0,4128.543857537283,64.31916812171413,0.0004352375747577282,9485724.801760064,147779.44702388556
1653,824.3281446439,4140.0,4132.043875951781,64.35075627060158,0.00043506772770626555,9497472.721629944,147909.74409861944
1654,824.8279665436,4121.0,4113.780526600274,64.20246757524914,0.0004348980771112856,9459183.066352356,147626.4691757201
1655,825.3277885775,4265.0,4259.25,65.31263986987544,0.0004347286227668505,9797491.531364568,150237.72636407078
1656,825.8276107455999,4259.0,4252.52876577045,65.26726022735157,0.00043455936446732085,9785840.81597957,150191.81627199685
1657,826.3274330479,4299.0,4290.77883461251,65.57469614670367,0.000434390302007231,9877704.025125965,150958.01136373458
1658,826.8272554844,4332.0,4323.9861636244705,65.82601825956142,0.0004342214351814073,9958020.984887613,151595.50617776596
1659,827.3270780551001,4240.0,4232.101944205928,65.12277019463082,0.00043405276378484823,9750201.582182992,150034.22539410656
1660,827.8269007600001,4399.0,4388.132040907666,66.3353948369666,0.0004338842876128512,10113599.791894594,152887.2944487834
1661,828.3267235991001,4465.0,4455.00070624257,66.83063687416481,0.0004337160064609127,10271700.006174577,154088.47236120558
1662,828.8265465724,4555.0,4548.2208047099175,67.49735099189647,0.0004335479201248262,10490699.16746551,155686.02191071006
1663,829.3263696799,4661.0,4654.838154696589,68.27725460564272,0.00043338002840051455,10740776.800159218,157545.91843476298
1664,829.8261929216,4774.0,4766.838198426162,69.1007409448848,0.00043321233108425933,11003468.406579169,159507.7886447438
1665,830.3260162975,4956.0,4947.117667653389,70.40678579022318,0.00043304482797252447,11424031.296748959,162585.4443750343
1666,830.8258398076,5169.0,5159.52928058187,71.90443296821186,0.00043287751886198823,11919143.53544161,166108.03249206557
1667,831.3256634519,5393.0,5384.382500068148,73.44450123849204,0.0004327104035495718,12443385.820861844,169731.30443830005
1668,831.8254872304001,5461.0,5450.985474521986,73.90722257897619,0.00043254348183249157,12602167.651281254,170866.57338093416
1669,832.3253111431001,5740.0,5729.04421324186,75.77207237845724,0.00043237675350816184,13250120.795714136,175245.4815474415
1670,832.8251351900001,6365.0,6354.161526022841,79.78977341792744,0.00043221021837417826,14701553.216221832,184608.71591159576
1671,833.3249593711,7767.0,7756.544261048952,88.13820156202021,0.0004320438762284907,17953140.150392562,204002.89510273593
1672,833.8247836864,10274.0,10264.278572885125,101.36705638201097,0.00043187772686915693,23766631.0029339,234712.39676298812
1673,834.3246081359,13766.0,13758.67560450208,117.33272540993684,0.00043171177009458905,31870049.782259867,271784.86559268227
1674,834.8244327195999,15633.0,15626.588670223946,125.03525856842145,0.0004315460057033433,36210713.2581505,289737.9582152225
1675,835.3242574375,15123.0,15116.102819786527,122.97923392978265,0.00043138043349425355,35041234.24732914,285083.0134636157
1676,835.8240822896,12185.0,12177.633158166705,110.38991694121006,0.0004312150532664071,28240278.408470344,255997.36397191713
1677,836.3239072759001,8667.0,8657.92764799135,93.1028910822584,0.000431049864819092,20085675.358290642,215990.99937389584
1678,836.8237323964,6426.0,6416.366685238741,80.1701836663722,0.00043088486795181565,14891139.518866235,186059.40850848667
1679,837.3235576511,5150.0,5139.914021351544,71.77231809627405,0.00043072006246437677,11933305.339768441,166633.3295125069
1680,837.8233830400001,4523.0,4512.7468204945735,67.26342256559171,0.00043055544815676804,10481221.036254205,156224.7623472196
1681,838.3232085631,4315.0,4307.352740548315,65.69618645201159,0.0004303910248292353,10007998.522407217,152643.02148976648
1682,838.8230342204,4342.0,4334.705453586135,65.90103307351711,0.00043022679228222927,10075396.352216398,153177.42701223024
1683,839.3228600118999,4175.0,4168.102712880999,64.62114411043636,0.0004300627503164651,9691847.782245424,150259.80293081506
1684,839.8226859376001,4277.0,4268.606819006227,65.40672258458707,0.00042989889873287405,9929327.17805962,152144.42925388558
1685,840.3225119975001,4359.0,4349.174161277615,66.03250471519515,0.0004297352373326401,10120590.036490541,153658.5762085927
1686,840.8223381916,4331.0,4322.705340407745,65.81850289853561,0.0004295717659171918,10062824.6159945,153218.8754491453
1687,841.3221645199001,4230.0,4222.51327832262,65.04597806405627,0.0004294084842881036,9833325.220210608,151478.09240866068
1688,841.8219909824,4287.0,4280.044718063287,65.48199612379541,0.0004292453922473136,9971090.652028015,152551.42467800184
1689,842.3218175791,4288.0,4281.05787834611,65.48972200202648,0.00042908248959688735,9977237.436018562,152627.3469317112
1690,842.82164431,4283.0,4275.986944472173,65.45144162545095,0.00042891977613916416,9969199.795266183,152595.99875435696
1691,843.3214711751,4190.0,4182.557787816829,64.73768834783145,0.0004287572516767504,9755071.830178984,150989.13917994473
1692,843.8212981744,4180.0,4172.487096922484,64.66031055544238,0.0004285949160123818,9735269.694150884,150865.78990959004
1693,844.3211253079,4301.0,4293.05769540574,65.58988420867524,0.00042843276894914554,10020376.606429283,153092.59459670482
1694,844.8209525756,4360.0,4352.5,66.03762368151914,0.0004282708102903043,10162962.068439005,154195.94820565844
1695,845.3207799775,4227.0,4218.474662957164,65.02363351637413,0.0004281090398393091,9853738.81509386,151885.68207011183
1696,845.8206075136001,4372.0,4361.692446739265,66.13109681369068,0.0004279474573999382,10192121.418922337,154530.87913053745
1697,846.3204351839,4275.0,4265.480019752695,65.39312809524142,0.00042778606277612944,9971058.879458915,152864.09209049708
1698,846.8202629884,4241.0,4234.274853817225,65.12983299351822,0.0004276248557720727,9901844.56460624,152306.00399952644
1699,847.3200909271,4284.0,4278.2376551971365,65.45784957241099,0.0004274638361921948,10008420.111762553,153130.7306730389
1700,847.819919,4280.0,4273.5,65.42812038063298,0.0004273030038411261,10001099.832167137,153118.79343810922
1701,848.3197472071,4206.0,4198.475643521685,64.86095826010346,0.0004271423585237567,9829218.666188957,151848.57452271628
1702,848.8195755484,4379.0,4370.204837512481,66.182631667997,0.0004269819000452274,10235105.602953132,155001.02383962108
1703,849.3194040239,4294.0,4285.295196584325,65.53715128574422,0.00042682162821083185,10040014.173010863,153546.93144409175
1704,849.8192326336,4419.0,4409.590461989513,66.4846129229724,0.00042666154282617805,10335101.759536786,155825.1828430158
1705,850.3190613775,4352.0,4342.614202843564,65.97899745765429,0.0004265016436970433,10181940.133220803,154698.10827861924
1706,850.8188902556,4338.0,4331.035244326324,65.8706327206522,0.00042634193062949166,10158595.561857058,154501.886838563
1707,851.3187192679,4378.0,4372.329012485058,66.17180307646228,0.0004261824034297174,10259290.335073883,155266.38956452082
1708,851.8185484144,4331.0,4324.102314113644,65.81712050971826,0.0004260230619042588,10149925.44015237,154491.91932362926
1709,852.3183776951,4421.0,4413.1247426319005,66.49802023090595,0.00042586390585981734,10362758.341122666,156148.52377932039
1710,852.8182071100001,4458.0,4449.829613717793,66.77642359289386,0.0004257049351033395,10452849.48984113,156860.81622869594
1711,853.3180366591,4348.0,4341.852259675401,65.94540658057186,0.00042554614944198104,10203011.507374406,154966.52164999288
1712,853.8178663424001,4480.0,4472.56862298017,66.93968335684929,0.0004253875486831658,10514103.284935117,157361.642492989
1713,854.3176961599,4428.0,4420.033338987913,66.55125985030078,0.00042522913263450993,10394474.413367605,156506.8212471286
1714,854.8175261116,4454.0,4447.943388522365,66.74409330780954,0.0004250709011038716,10464003.480293402,157018.73060348525
1715,855.3173561975,4261.0,4254.295630208491,65.28292618298364,0.00042491285389932197,10012160.355159545,153638.3886340413
1716,855.8171864175999,4524.0,4517.102165808824,67.2673305592214,0.0004247549908291899,10634606.451570388,158367.3694519864
1717,856.3170167719,4375.0,4367.5349740444,66.1509258479247,0.0004245973117019853,10286299.16788043,155796.8551019806
1718,856.8168472604,4443.0,4435.010635822708,66.6636777078811,0.0004244398163265037,10449091.874102218,157062.73338078993
1719,857.3166778831,4379.0,4371.035246749661,66.18164116520335,0.0004242825045117188,10302181.212444814,155984.84609062024
1720,857.81650864,4421.0,4412.102087893035,66.4992659772766,0.0004241253760668323,10402825.053311098,156791.52847199093
1721,858.3163395311001,4595.0,4585.331387801332,67.79545945137464,0.0004239684308012952,10815266.07803112,159906.85750644698
1722,858.8161705564,4389.0,4378.5102399715415,66.25986182415438,0.0004238116685247881,10331264.014538215,156342.70300955375
1723,859.3160017159,4377.0,4367.964194668167,66.16787018305233,0.00042365508904719615,10310189.367704174,156183.34794906966
1724,859.8158330096,4439.0,4431.612044810185,66.63311039472113,0.0004234986921786335,10464287.438556982,157339.58953199082
1725,860.3156644375,4455.0,4447.990065149068,66.75246846287095,0.00042334247772942443,10506836.188529044,157679.59034230246
1726,860.8154959996,4561.0,4552.434269478354,67.5432070690671,0.0004231864455101656,10757514.371686079,159606.26287933555
1727,861.3153276959001,4587.0,4577.351945503423,67.73662092900489,0.0004230305953316703,10820380.360230504,160122.274077829
1728,861.8151595264001,4450.0,4441.621169883207,66.71666728442159,0.000422874927004894,10503392.105419869,157769.26704299368
1729,862.3149914911,4604.0,4597.0461931811005,67.85936431358937,0.00042271944034111655,10874934.423341118,160530.50282908624
1730,862.8148235900001,4531.0,4524.055646381783,67.3194333561027,0.0004225641351518095,10706198.822946675,159311.75354462504
1731,863.3146558231,4601.0,4594.092557246915,67.83717155543943,0.0004224090112486398,10875934.070787909,160595.93841266062
1732,863.8144881904,4565.0,4557.805517277443,67.57172908884274,0.00042225406844353724,10793988.401527744,160026.2357161356
1733,864.3143206919,4665.0,4658.453634679781,68.30704237476544,0.00042209930654863457,11036392.532293893,161826.94762824744
1734,864.8141533276,4569.0,4560.917682250991,67.60173588138368,0.00042194472537628334,10809277.632712767,160214.6722443267
1735,865.3139860975,4434.0,4423.860640185867,66.59825822108239,0.0004217903247390883,10488293.307634274,157894.22922936614
1736,865.8138190016001,4643.0,4634.564009130584,68.14773232720015,0.0004216361044498281,10991857.576281318,161626.89012631573
1737,866.3136520399,4698.0,4690.037898669246,68.5493260442272,0.000421482064321537,11127491.050464595,162638.7736203475
1738,866.8134852124,4488.0,4478.796587550097,67.00137875827048,0.0004213282041674659,10630184.600150583,159024.19561648747
1739,867.3133185191,4489.0,4480.110101189416,67.00870675323955,0.0004211745238010945,10637182.089639425,159099.62014911743
1740,867.81315196,4559.0,4550.390035911661,67.5284893336702,0.00042102102303612123,10807987.694052188,160392.20285652252
1741,868.3129855351,4542.0,4533.922927441793,67.40240617093335,0.00042086770168643834,10772798.457268478,160151.05435947797
1742,868.8128192444,4592.0,4585.898385489359,67.77010089856864,0.0004207145595661998,10900260.714100063,161083.32682483492
1743,869.3126530879,4790.0,4783.953182380145,69.2155185422988,0.00042056159648975674,11375154.608289737,164578.78969456645
1744,869.8124870656001,4584.0,4577.640593723746,67.71119481531561,0.00042040881227168773,10888545.768078385,161060.36038930004
1745,870.3123211775,4711.0,4703.85154407855,68.64348366199572,0.00042025620672680726,11192818.734825604,163337.227537054
1746,870.8121554236001,4526.0,4519.101520287596,67.28220839313542,0.0004201037796701122,10757107.50290377,160156.16057053566
1747,871.3119898039,4629.0,4623.163467058637,68.04249309973265,0.00041995153091686267,11008802.508625405,162024.6340123545
1748,871.8118243184,4618.0,4612.0793887057025,67.96121379587879,0.00041979946028251447,10986387.132565366,161889.7121738618
1749,872.3116589671,4656.0,4649.115927713691,68.24164631705383,0.0004196475675827199,11078619.982224176,162616.5658725097
1750,872.81149375,4673.0,4667.040035109092,68.36484186195386,0.0004194958526334142,11125354.412472557,162969.05304972347
1751,873.3113286670999,4601.0,4594.202797961847,67.83719944799473,0.00041934431525071647,10955681.598342586,161769.68896653914
1752,873.8111637183999,4447.0,4440.804122747632,66.6919087666713,0.0004191929552509321,10593699.314649343,159095.9674566788
1753,874.3109989039001,4559.0,4550.310868539509,67.52808570750801,0.0004190417724506478,10858847.89463422,161148.81653108
1754,874.8108342236001,4570.0,4558.215891784931,67.61331301270125,0.0004188907666666186,10881633.72054621,161410.36850905925
1755,875.3106696775001,4674.0,4665.316888473219,68.37515293531453,0.0004187399377158738,11141322.974640073,163287.8710072047
1756,875.8105052656,4665.0,4657.237262455524,68.3079549701842,0.0004185892854155727,11126030.753108859,163186.1047335899
1757,876.3103409879,4750.0,4739.838765850974,68.929603637832,0.00041843880958318574,11327435.833622629,164730.42666977757
1758,876.8101768444,4715.0,4705.524451326485,68.67521091009286,0.00041828851003635994,11249470.97140549,164181.44238320875
1759,877.3100128351,4614.0,4606.488032629214,67.93338185864803,0.000418138386592933,11016659.03043179,162466.2648463861
1760,877.80984896,4600.0,4591.70819525731,67.8313661615152,0.00041798843907103544,10985251.662611099,162280.48391067472
1761,878.3096852191001,4574.0,4566.952289216443,67.63814601362189,0.00041783866728890547,10929941.737677244,161876.22474598544
1762,878.8095216124001,4527.0,4520.148881691389,67.28955916791439,0.00041768907106509967,10821803.094261216,161099.64044864094
1763,879.3093581399,4548.0,4541.404367408852,67.445282498655,0.00041753965021836117,10876582.295918072,161530.24620148787
1764,879.8091948016,4643.0,4636.494673804861,68.14564233174615,0.0004173904045676141,11108292.435730357,163265.9533760486
1765,880.3090315975,4717.0,4709.851038469056,68.68718470148382,0.0004172413339320159,11288073.964494769,164622.19611414507
1766,880.8088685276,4535.0,4527.49494228851,67.34952295035319,0.0004170924381309892,10854895.76981167,161473.85277985275
1767,881.3087055919,4594.0,4585.850984458754,67.78686537515729,0.00041694371698410406,10998729.079382168,162580.37383434575
1768,881.8085427904,4694.0,4686.4038288737,68.52004251386835,0.0004167951703111652,11243901.47173488,164397.40043703865
1769,882.3083801230999,4689.0,4682.100929821311,68.48282454811051,0.0004166467979322218,11237578.095063085,164366.61673144787
1770,882.80821759,4586.0,4578.140075058466,67.72729953114856,0.00041649859966751644,10991969.909894332,162611.1098217715
1771,883.3080551911,4584.0,4575.004372783647,67.71396352623299,0.0004163505753374914,10988346.465175832,162636.89193018273
1772,883.8078929264001,4602.0,4593.3466132429485,67.84622637596459,0.0004162027247628455,11036320.379354224,163012.45123905357
1773,884.3077307959,4558.0,4549.657367985119,67.52116735443956,0.00041605504776442986,10935229.34628865,162289.0233329653
1774,884.8075687996001,4691.0,4684.0,68.49750230218099,0.00041590754416337465,11262118.38600373,164694.06064746485
1775,885.3074069375,4524.0,4517.503810730828,67.26705830842297,0.00041576021378099203,10865647.219217787,161792.9183186752
1776,885.8072452096,4488.0,4482.25,66.99810323703683,0.00041561305643880546,10784670.81473886,161203.07627270508
1777,886.3070836159,4500.0,4493.04153999772,67.08850571690715,0.0004154660719585691,10814460.778510388,161477.69997353072
1778,886.8069221564,4482.0,4473.25,66.95621827234861,0.00041531926016221164,10770629.7999589,161216.2610667212
1779,887.3067608311001,4460.0,4451.25,66.79173050631634,0.00041517262087191513,10721443.987929191,160877.01150920126
1780,887.8065996400001,4519.0,4511.457417264429,67.23104844740612,0.0004150261539100892,10870296.66627175,161992.31738530623
1781,888.3064385831001,4375.0,4369.0488223462635,66.14957594627022,0.0004148798590992919,10530877.135929205,159442.7266001333
1782,888.8062776604,4289.0,4282.347762433647,65.49695844794569,0.00041473373626232756,10325535.127735484,157925.32104626647
1783,889.3061168719,4476.0,4468.448410601413,66.91017335639643,0.0004145877852222437,10778051.28341169,161389.63988176498
1784,889.8059562175999,4306.0,4298.402000202765,65.62772291341729,0.0004144420058022348,10371540.38447998,158352.00581654796
1785,890.3057956975,4303.0,4295.39717912955,65.60464359686847,0.00041429639782579545,10367932.720804613,158351.9527110494
1786,890.8056353116,4276.0,4267.901760330725,65.39925965978358,0.00041415096111652665,10305183.763970299,157911.6452693265
1787,891.3054750599001,4212.0,4205.10245918106,64.90695869970041,0.00041400569549831335,10157112.583003564,156777.93664547507
1788,891.8053149424001,4128.0,4121.799241024876,64.2557331934312,0.0004138606007952224,9959390.270793948,155259.36286267763
1789,892.3051549591,4201.0,4194.299302090326,64.82178830358593,0.0004137156768315598,10138120.300908957,156681.972508326
1790,892.80499511,4055.0,4047.4984086733184,63.68641482530836,0.0004135709234318052,9786709.31478267,153991.51927035747
1791,893.3048353951,4018.0,4010.5522993524783,63.395513220084986,0.0004134263404206602,9700766.272588613,153341.7371413254
1792,893.8046758144,4023.0,4016.449230751976,63.433760855669675,0.00041328192762306955,9718424.548230296,153487.86534291413
1793,894.3045163679,4112.0,4103.997747438186,64.13275156379865,0.0004131376848641164,9933728.870044902,155233.36145162434
1794,894.8043570556,3925.0,3916.4017454562236,62.65894921284901,0.00041299361196917234,9482959.619599542,151718.9307458977
1795,895.3041978775,3949.0,3941.0488627365626,62.84912296934926,0.0004128497087637737,9545964.982117912,152232.45078104336
1796,895.8040388336001,3877.0,3868.400523344227,62.27462906742503,0.00041270597507366756,9373260.279679067,150893.45158210778
1797,896.3038799239,3804.0,3795.499504754325,61.68540980465999,0.00041256241072483874,9199818.999714345,149517.76555766125
1798,896.8037211484001,3884.0,3875.550536843525,62.330747987156165,0.00041241901554342594,9397118.927062292,151134.51523331375
1799,897.3035625071001,3778.0,3770.5499299900525,61.473265836142836,0.0004122757893558062,9145698.16452636,149107.14483670442
1800,897.803404,3701.0,3693.04999450453,60.844288906861244,0.0004121327319886151,8960826.71396881,147632.75077249148
1801,898.3032456271,3789.0,3781.8496736709744,61.56267264514202,0.00041198984326861317,9179473.075517658,149427.64646021574
1802,898.8030873884,3773.0,3766.5006223705627,61.43138459009839,0.000411847123022799,9145385.29424681,149160.65004707506
1803,899.3029292839,3725.0,3717.299715106176,61.0410547207011,0.0004117045710784117,9029046.496542767,148264.21421751825
1804,899.8027713136,3757.0,3749.5502556978604,61.30222525001068,0.00041156218726284334,9110531.462170547,148950.09101227304
1805,900.3026134775,3719.0,3711.6493564399125,60.99154145430701,0.0004114199714037288,9021558.539747331,148246.42869476957
1806,900.8024557756,3717.0,3709.9505822636493,60.97464973029162,0.0004112779233288959,9020543.94808065,148256.55906050332
1807,901.3022982079,3659.0,3651.7993176724603,60.497486077866604,0.00041113604286641147,8882216.436711248,147147.12350705717
1808,901.8021407744001,3678.0,3670.5518266773834,60.654330788444106,0.0004109943298444733,8930906.244050562,147579.48318020994
1809,902.3019834751,3737.0,3728.898821511685,61.13972720717741,0.00041085278409156817,9075997.4518771,148811.7631778077
1810,902.80182631,3695.0,3687.799014658961,60.79429404605552,0.00041071140543633806,8979051.874006419,148021.9279069397
1811,903.3016692791,3703.0,3695.751812143574,60.859905716972115,0.0004105701937076546,9001510.262518289,148232.64486731653
1812,903.8015123824,3571.0,3563.498017164083,59.76614154235521,0.00041042914873457427,8682370.704300556,145618.65726794698
1813,904.3013556199,3684.0,3677.1504308624185,60.703283167933996,0.00041028827034636896,8962358.167729571,147952.7628627739
1814,904.8011989916,3654.0,3647.5972081134846,60.45537091180197,0.0004101475583725329,8893377.843299042,147399.0754734445
1815,905.3010424975,3593.0,3587.5,59.947611385505844,0.00041000701264273413,8749850.342501393,146211.18550901985
1816,905.8008861376001,3599.0,3592.9032081323044,59.99812954570599,0.00040986663298684794,8766030.017982937,146384.51807720403
1817,906.3007299119,3654.0,3646.602278444055,60.45619206243005,0.00040972641923499835,8900090.663552132,147552.58441793433
1818,906.8005738204,3687.0,3678.9006046900745,60.72933259832088,0.0004095863712174685,8981989.790711991,148269.9056069833
1819,907.3004178630999,3511.0,3502.3525597035964,59.26309246470444,0.0004094464887647206,8553871.276976919,144739.53029490667
1820,907.80026204,3609.0,3597.2668829621784,60.08703410250349,0.00040930677170752526,8788681.574837578,146801.95456291974
1821,908.3001063511001,3592.0,3575.1099521497345,59.95129261898041,0.00040916721987672403,8737527.784427261,146520.2726578215
1822,908.7999507964,3552.0,3530.5186643487987,59.62148974780182,0.0004090278331034612,8631487.58743705,145763.8940984266
1823,909.2997953759001,3633.0,3611.3218322741973,60.298724180396626,0.0004088886112190265,8832043.087499313,147469.8060203414
1824,909.7996400896001,3608.0,3593.931993957757,60.082455788038004,0.00040874955405495786,8792503.767415829,146990.8778908654
1825,910.2994849375,3638.0,3628.241453671353,60.32663540839357,0.00040861066144296106,8879458.604576396,147638.42723867524
1826,910.7993299196,3607.0,3599.741090339753,60.066440435353556,0.00040847193321495636,8812701.186118966,147051.57331763083
1827,911.2991750359,3624.0,3616.8629843832327,60.207035202561656,0.0004083333692030472,8857622.857133474,147445.78754381253
1828,911.7990202864,3607.0,3598.344215384245,60.067855690947134,0.0004081949692395788,8815258.605679424,147154.81624589048
1829,912.2988656711,3584.0,3576.151000906066,59.87504042371753,0.00040805673315705537,8763857.351986533,146732.14668086963
1830,912.7987111900001,3662.0,3654.593772802406,60.522596020719554,0.00040791866078822113,8959123.776638791,148369.27514855965
1831,913.2985568431001,3663.0,3656.5,60.52972703595322,0.0004077807519659925,8966828.332066393,148436.94005694802
1832,913.7984026304,3573.0,3566.598887743059,59.781587277457966,0.00040764300652347237,8749319.455177976,146651.8162234575
1833,914.2982485519,3715.0,3707.4649459364036,60.95853072625251,0.00040750542429401855,9097952.382742854,149589.49523643745
1834,914.7980946076,3652.0,3643.48812725352,60.44122747949408,0.000407368005111154,8943972.235274985,148370.08974968997
1835,915.2979407975,3524.0,3516.60490007455,59.37131074919531,0.000407230748808593,8635411.030141607,145792.7991019683
1836,915.7977871216,3540.0,3532.5924224836976,59.506181606227095,0.00040709365522024793,8677591.451462137,146173.19833695947
1837,916.2976335799,3544.0,3538.4869902311375,59.53781198180189,0.0004069567241802953,8694995.757493543,146300.1062378924
1838,916.7974801724,3511.0,3506.3093743380127,59.25867310176724,0.0004068199555230384,8618823.454296969,145663.14237358348
1839,917.2973268991001,3457.0,3450.658265372951,58.80313864070186,0.00040668334908297056,8484877.173245065,144591.95040391237
1840,917.7971737600001,3558.0,3550.75,59.656908426173146,0.0004065469046948226,8733924.570561904,146740.53039699083
1841,918.2970207551,3588.0,3580.651454774451,59.907900587124324,0.00040641062219355374,8810427.826537367,147407.31987707026
1842,918.7968678844001,3509.0,3501.894025537085,59.24475335985031,0.00040627450141427645,8619526.978303317,145824.44419626196
1843,919.2967151479,3523.0,3516.59846738624,59.36193570894299,0.00040613854219226825,8658617.939593289,146161.78850821973
1844,919.7965625456,3499.0,3493.0452846943645,59.1590017545423,0.0004060027443630865,8603501.659019696,145710.84204701005
1845,920.2964100775,3438.0,3432.5,58.64058883215328,0.0004058671077624247,8457201.715417704,144482.23990222605
1846,920.7962577436,3496.0,3490.5983494516267,59.13297792654639,0.00040573163222620996,8603219.64619582,145744.06634772226
1847,921.2961055439001,3560.0,3554.9466196531685,59.67132342843576,0.0004055963175905394,8764740.865428627,147119.98319638494
1848,921.7959534784001,3544.0,3537.8742193729368,59.53785433371824,0.0004054611636917171,8725556.320020027,146839.84476250963
1849,922.2958015471,3445.0,3436.848230106245,58.70322732390611,0.0004053261703662376,8479216.20013047,144829.6004940023
1850,922.79564975,3551.0,3544.4728501642307,59.5978303502659,0.00040519133745083366,8747652.090647966,147085.64779595655
1851,923.2954980871,3449.0,3443.4740531342727,58.733985014490905,0.00040505666478236635,8501215.638519177,145001.89756425362
1852,923.7953465584,3349.0,3342.186765450738,57.87843733473684,0.0004049221521979496,8253899.539230153,142937.19674403607
1853,924.2951951639,3504.0,3497.5635185080846,59.201515485351635,0.0004047877995348608,8640486.503118705,146253.21107350502
1854,924.7950439036,3449.0,3441.3039438754718,58.73670375606292,0.000404653606630582,8504320.454548972,145153.04644173125
1855,925.2948927775,3418.0,3409.90201281678,58.472697062760666,0.00040451957332278106,8429510.554476665,144548.49880923599
1856,925.7947417856001,3468.0,3460.8274076217062,58.897996809706676,0.00040438569944935737,8558233.914637027,145648.07036922104
1857,926.2945909279,3428.0,3421.8146653157864,58.55584428463144,0.000404251984848361,8464558.724676006,144849.86216356198
1858,926.7944402044001,3432.0,3424.3585455775997,58.59169966307057,0.00040411842935807125,8473651.031003658,144986.45794536406
1859,927.2942896151001,3546.0,3538.043466298696,59.557126295989676,0.0004039850328169161,8757857.789009027,147424.09113701162
1860,927.79413916,3358.0,3351.086682620704,57.95622993427363,0.00040385179506356565,8297813.0184941925,143508.65996559805
1861,928.2939888391,3377.0,3370.3158296792044,58.119295785862704,0.0004037187159368691,8348178.31483996,143959.87476327707
1862,928.7938386524,3525.0,3517.933876486883,59.379694819997404,0.00040358579527586944,8716693.990882939,147130.2893091385
1863,929.2936885999,3378.0,3371.4140729522123,58.12781702130588,0.00040345303291977234,8356397.889869442,144075.796383627
1864,929.7935386816001,3426.0,3418.5,58.54043479028415,0.0004033204287080426,8475891.020324683,145146.21780455526
1865,930.2933888975001,3365.0,3357.5,58.01708925002613,0.000403187982480257,8327381.137071484,143895.87926983184
1866,930.7932392476,3394.0,3386.0123641577957,58.266888908979446,0.00040305569407627197,8400854.804738339,144562.87248965984
1867,931.2930897319001,3503.0,3494.5424532253355,59.19559306160243,0.00040292356333605794,8672966.217939248,146915.19297477874
1868,931.7929403504,3378.0,3369.4153510497636,58.13007461920306,0.00040279159009983743,8365158.145964785,144317.99483399026
1869,932.2927911031001,3448.0,3437.818211072431,58.730842030054056,0.00040265977420798,8537774.14899345,145857.23678402172
1870,932.79264199,3390.0,3380.4050381959964,58.23498866362068,0.00040252811550107667,8397935.21997336,144673.09591810344
1871,933.2924930111,3346.0,3339.4865590051677,57.85214415821742,0.0004023966138198955,8298992.6960465275,143768.96368245996
1872,933.7923441664,3391.0,3383.7909761401147,58.239986632790604,0.00040226526900538786,8411839.7407428,144780.0521700285
1873,934.2921954559,3470.0,3461.763919239397,58.91623925650987,0.00040213408089874263,8608481.80662178,146508.94329780762
1874,934.7920468796001,3402.0,3396.333084198122,58.33320907633271,0.00040200304934129343,8448525.676019676,145106.38457075198
1875,935.2918984375001,3342.0,3337.152863314243,57.81550559649533,0.0004018721741745548,8304015.748711025,143865.41122248225
1876,935.7917501296,3366.0,3360.0290748491293,58.023705695805276,0.0004017414552402729,8363660.336819282,144430.46625870996
1877,936.2916019559,3348.0,3340.5,57.87041021306766,0.00040161089238036947,8317752.489731232,144095.71879404617
1878,936.7914539164,3310.0,3302.791011110588,57.54090978079395,0.0004014804854369582,8226529.385396997,143321.80982138723
1879,937.2913060111,3351.0,3344.540877187927,57.895233022292786,0.0004013502342523207,8333222.68621197,144251.150445063
1880,937.79115824,3384.0,3377.903085734983,58.17901043489155,0.00040122013866894735,8419076.6120096,145005.20992765
1881,938.2910106031001,3342.0,3336.137477242617,57.816807955219794,0.00040109019852950197,8317673.903460469,144149.14193164237
1882,938.7908631004001,3395.0,3389.362703201784,58.27286754985693,0.0004009604136768994,8453110.550541753,145333.21884692134
1883,939.2907157319,3265.0,3258.2661053414163,57.14777250464688,0.0004008307839541348,8128782.10899651,142573.31221143442
1884,939.7905684976,3283.0,3276.4673350714297,57.305251643833344,0.0004007013092044908,8176832.118607686,143012.38934707007
1885,940.2904213975,3395.0,3389.129808667502,58.27298859623352,0.00040057198927139577,8460725.910546124,145474.44693331356
1886,940.7902744316,3188.0,3180.8466421877874,56.470731816466845,0.00040044282399844796,7943322.870483292,141020.71115322498
1887,941.2901275999,3180.0,3173.2897888790203,56.39939881435356,0.00040031381322948485,7927005.4742275225,140887.96576705162
1888,941.7899809024,3229.0,3221.881047826578,56.83225859474659,0.0004001849568084802,8050979.910692896,142014.9798932729
1889,942.2898343390999,3247.0,3239.465040332413,56.99144310406558,0.0004000562545796351,8097523.793838264,142458.57289233027
1890,942.7896879100001,3211.0,3204.22833865394,56.67330532587444,0.00039992770638729404,8012018.891111618,141708.87493098923
1891,943.2895416151,3102.0,3094.8677003188586,55.7042965368032,0.0003997993120760355,7741053.090482216,139330.64628737813
1892,943.7893954544,3245.0,3238.9609065957325,56.97178536821336,0.00039967107149060954,8104066.41270216,142546.6825900907
1893,944.2892494279,3295.0,3288.018411835471,57.40994395309504,0.00039954298447593704,8229448.493879125,143689.0301763079
1894,944.7891035356,3145.0,3137.923894486931,56.08881392097776,0.00039941505087713976,7856298.57361624,140427.39200188706
1895,945.2889577775,3251.0,3244.4226590459443,57.02495332709825,0.000399287270539513,8125534.917910387,142816.85777271763
1896,945.7888121536,3314.0,3306.788528560891,57.57568583312804,0.000399159643308579,8284375.898202982,144242.25193682197
1897,946.2886666639,3168.0,3161.057742550293,56.293047911727314,0.00039903216902997324,7921811.793356567,141073.95914613307
1898,946.7885213083999,3224.0,3216.2695944699353,56.789091500353926,0.000398904847549564,8062748.834031939,142362.5003536661
1899,947.2883760871001,3179.0,3171.2682666435376,56.391894607433,0.00039877767871342575,7952471.855684057,141411.86334543565
1900,947.788231,3321.0,3314.2120438055754,57.63578676170094,0.0003986506623677654,8313574.657372901,144577.17546328934
1901,948.2880860471,3268.0,3261.7093730911156,57.17397309482088,0.0003985237983589917,8184478.283409705,143464.38865193783
1902,948.7879412284,3258.0,3252.5787765565315,57.08493948459023,0.00039839708653373275,8164163.058660149,143286.538516784
1903,949.2877965439,3266.0,3259.9792033043263,57.156021438914735,0.0003982705267387668,8185338.81981834,143510.54773481758
1904,949.7876519936,3243.0,3237.5584157967005,56.95358138439733,0.00039814411882104124,8131624.361006638,143047.65207393898
1905,950.2875075775,3244.0,3238.3457433857066,56.96269794242693,0.0003980178626277578,8136181.934161927,143115.93345673714
1906,950.7873632956,3208.0,3202.404305486964,56.64569220292693,0.0003978917580062086,8048430.863544035,142364.57796153455
1907,951.2872191479,3182.0,3175.4848361308877,56.41658951141358,0.000397765804803916,7983302.731858224,141833.68411778103
1908,951.7870751344001,3156.0,3148.8235777850928,56.186898133871345,0.0003976400028685937,7918779.687831534,141300.9197478534
1909,952.2869312551001,3168.0,3161.6544530453343,56.29239516412957,0.0003975143520481548,7953560.511099061,141610.97548827704
1910,952.7867875100001,3210.0,3203.6909949101814,56.66427023513372,0.0003973888521906347,8061854.2197386855,142591.49425749577
1911,953.2866438991,3166.0,3160.190895597581,56.27409438987034,0.00039726350314429605,7954898.626692421,141654.32752937835
1912,953.7865004224,3196.0,3190.309204028469,56.53975820463184,0.00039713830475757053,8033244.755818667,142367.92957845257
1913,954.2863570799,3210.0,3203.904651983984,56.663932927141225,0.0003970132568790816,8070019.316659236,142725.543657096
1914,954.7862138716,3155.0,3148.940595779086,56.1765716058997,0.00039688835935761834,7934071.437307428,141542.5025234401
1915,955.2860707975,3159.0,3152.7737619682684,56.21214130380791,0.00039676361204217156,7946227.089073792,141676.65480833757
1916,955.7859278576001,3040.0,3032.619211334293,55.14490900980585,0.0003966390147819008,7645791.5089412825,139030.47091857134
1917,956.2857850519,3148.0,3140.2854397093533,56.116217619665846,0.000396514567426132,7919722.7483814135,141523.72253037064
1918,956.7856423804001,3054.0,3046.84509581642,55.27159373382536,0.00039639026982440695,7686478.018661033,139437.31201653762
1919,957.2854998431001,3145.0,3138.380179625335,56.088226171726696,0.00039626612182645066,7919880.117836127,141541.81516504
1920,957.78535744,3142.0,3135.905006160474,56.06070140101294,0.0003961421232821055,7916110.96588003,141516.63785850495
1921,958.2852151711,3130.0,3122.9904590720184,55.95443266729914,0.00039601827404143753,7885975.632390244,141292.55222561856
1922,958.7850730364,3145.0,3137.5091298859893,56.08938443871726,0.0003958945739547427,7925112.735302754,141677.57814515842
1923,959.2849310359,3052.0,3045.9396793975593,55.25222839896646,0.00039577102287238286,7696217.012784507,139606.55329933704
1924,959.7847891696001,3210.0,3203.5864839643637,56.66413001656902,0.00039564762064501607,8097070.0107879415,143218.68010779558
1925,960.2846474375001,3106.0,3098.8789446187316,55.740080321649934,0.0003955243671233972,7834862.279551873,140927.0450946956
1926,960.7845058396,3124.0,3116.2691060817715,55.90149225905037,0.0003954012621584948,7881282.647076197,141379.14470450656
1927,961.2843643759,3005.0,2995.1553680162892,54.82973315722576,0.0003952783056014549,7577333.047557126,138711.71875672994
1928,961.7842230464,3097.0,3087.6620576420332,55.662028480489006,0.0003951554973035939,7813789.960436295,140861.07585572687
1929,962.2840818511,3056.0,3048.0335815576004,55.29073820208838,0.00039503283711641007,7715899.275126316,139964.9168552412
1930,962.78394079,3099.0,3091.216576344393,55.67782489018288,0.0003949103248915895,7827641.8252498,140988.52671291266
1931,963.2837998631,3007.0,2998.3723129553828,54.84640939723874,0.0003947879604809824,7594892.988383872,138926.24620674262
1932,963.7836590704,3006.0,2997.976794578404,54.83712164947513,0.0003946657437366273,7596242.750115772,138945.73451013688
1933,964.2835184119001,3067.0,3061.28294712873,55.387439973999186,0.00039454367451073553,7759047.083760641,140383.54573212677
1934,964.7833778876001,3154.0,3147.90163796157,56.16739178704685,0.0003944217526556986,7981054.839816247,142404.39683882467
1935,965.2832374975001,2959.0,2950.8405367820396,54.40640139190098,0.00039429997802406237,7483745.12108637,137982.25824040192
1936,965.7830972416,3029.0,3019.75,55.04749451657486,0.0003941783504685849,7660872.283853821,139651.237697698
1937,966.2829571199001,3032.0,3020.679762031536,55.076507796095264,0.0003940568698422005,7665593.454166052,139767.91679371198
1938,966.7828171324,2970.0,2953.9333302663276,54.516792167444414,0.00039393553599797613,7498519.580831884,138390.13540460207
1939,967.2826772791,2987.0,2972.0397827790184,54.67277561109708,0.0003938143487892051,7546804.203342642,138828.80544904034
1940,967.7825375599999,3030.0,3021.251516740321,55.056246001165995,0.00039369330806931797,7674124.641733475,139845.52155880738
1941,968.2823979751,2950.0,2942.4061147653183,54.32314794039959,0.00039357241369196173,7476149.273684254,138025.80173446002
1942,968.7822585244,2954.0,2946.25,54.36017829706361,0.00039345166551091803,7488213.313760247,138162.27776409083
1943,969.2821192079,3000.0,2992.5313281464855,54.78140938435098,0.0003933310633801795,7608174.402574489,139275.57338994418
1944,969.7819800256,2949.0,2942.3748848833397,54.31293265516529,0.00039321060715387347,7482948.911731449,138126.82482879012
1945,970.2818409775,2942.0,2935.6253350554775,54.24787756293843,0.00039309029668634164,7468068.6849869,138003.60380359227
1946,970.7817020636,2930.0,2924.2169442313057,54.1370137269068,0.00039297013183208255,7441321.126870867,137763.68568906843
1947,971.2815632839,2990.0,2985.595109423863,54.68600991979001,0.0003928501124457684,7599832.645678609,139203.2436476373
1948,971.7814246383999,2909.0,2903.032498291217,53.94232910824484,0.00039273023838225246,7391925.07877541,137352.11561616923
1949,972.2812861271,2883.0,2877.464781492771,53.700875269998264,0.0003926105094965465,7329056.945476601,136779.00609145724
1950,972.7811477500001,2993.0,2988.752888304312,54.71320911079933,0.000392490925643873,7614833.090475471,139399.933950176
1951,973.2810095071001,2919.0,2913.686666074001,54.034379805235254,0.0003923714866795602,7425836.90453923,137712.29979655417
1952,973.7808713984,2937.0,2931.440338268007,54.20071454884056,0.0003922521924591718,7473356.158673685,138178.23224654666
1953,974.2807334239001,2912.0,2905.686441433913,53.97080354954019,0.0003921330428384677,7409950.511696254,137633.90903982686
1954,974.7805955836,2878.0,2872.558985931241,53.65395205345143,0.0003920140376732661,7327694.189169438,136867.42539095157
1955,975.2804578775,2904.0,2899.5,53.894332875691525,0.0003918951768196937,7398662.120646678,137522.31735295805
1956,975.7803203056,2985.0,2979.2903361993513,54.64166731486859,0.0003917764601339419,7604566.990014615,139471.54276749428
1957,976.2801828679,2800.0,2793.3659303566437,52.92379886198727,0.0003916578874724273,7132157.987124149,135127.62171989479
1958,976.7800455644,2909.0,2904.34293717448,53.94093230213259,0.00039153945869172733,7417752.854026318,137766.27388301663
1959,977.2799083951,2864.0,2858.9427200247883,53.52243829619265,0.0003914211736486129,7304006.30445026,136738.7405164772
1960,977.77977136,2848.0,2841.814354678895,53.37430964789121,0.00039130303220001367,7262438.879406148,136401.47214757348
1961,978.2796344591001,2818.0,2810.6651134832105,53.093728262151096,0.0003911850342029782,7185001.6430455055,135725.35659582983
1962,978.7794976924,2859.0,2851.177075198082,53.47972325524035,0.0003910671795148223,7290760.320861997,136753.28960510058
1963,979.2793610599,2725.0,2719.120598857524,52.20918732532313,0.00039094946799295887,6955171.502897393,133544.5923314658
1964,979.7792245616,2937.0,2931.472224743247,54.20079410919812,0.0003908318994950064,7500596.109301723,138680.57898864173
1965,980.2790881975,2763.0,2757.0925336334185,52.57177981241188,0.00039071447387871693,7056540.563401952,134552.9365485725
1966,980.7789519675999,2769.0,2763.0650492842315,52.628742285860206,0.0003905971910020709,7073950.1279966505,134739.1724729049
1967,981.2788158719001,2868.0,2861.565166148703,53.561659931456596,0.0003904800507231713,7328326.148414159,137168.7486524858
1968,981.7786799104,2831.0,2824.804150020268,53.21513041840338,0.0003903630529002972,7236351.209554026,136322.14940176494
1969,982.2785440831001,2786.0,2780.9345991821474,52.789053059078654,0.0003902461973919383,7126103.003097694,135271.1529590145
1970,982.77840839,2750.0,2744.696555867587,52.44697875590149,0.0003901294840566969,7035347.6679776,134434.79895582426
1971,983.2782728311,2753.0,2746.6578183703023,52.47707689767332,0.0003900129127533933,7042479.180957337,134552.1524587438
1972,983.7781374064,2765.0,2758.2236327581195,52.59176901637726,0.0003898964833409715,7074245.987353529,134886.49234721312
1973,984.2780021159,2746.0,2739.0261891245714,52.411294050964905,0.000389780195678587,7027104.556597776,134463.71732591384
1974,984.7778669596,2868.0,2860.7639719008903,53.562457310288316,0.00038966404962550977,7341616.386346787,137458.04202816504
1975,985.2777319375,2758.0,2750.4194382655546,52.52668148330497,0.0003895480450412358,7060539.703066428,134840.05927367634
1976,985.7775970496001,2769.0,2761.6217402396314,52.630117615130594,0.00038943218178540877,7091406.076350888,135145.7842385807
1977,986.2774622959,2778.0,2769.0764158631655,52.71839067863473,0.0003893164597178356,7112662.06897624,135412.69412765998
1978,986.7773276764001,2704.0,2696.408236171129,52.009731773818714,0.0003892008786984865,6928063.074235845,133632.10265028873
1979,987.2771931911,2745.0,2737.983628129993,52.40200578586979,0.00038908543858750394,7036972.748375497,134679.945813713
1980,987.77705884,2752.0,2746.1583569530685,52.46692607746979,0.0003889701392452105,7060075.002883098,134886.77094668735
1981,988.2769246231,2780.0,2774.2747472627534,52.73308677899426,0.00038885498053206066,7134471.425483047,135611.19033846728
1982,988.7767905403999,2722.0,2716.200870170746,52.18001131555365,0.00038873996230873805,6987192.296977006,134228.57533260802
1983,989.2766565919,2697.0,2690.5243820964165,51.94111472231657,0.0003886250844360151,6923187.642406021,133653.5308771824
1984,989.7765227776001,2718.0,2711.7258011918775,52.1423940093245,0.000388510346774889,6979803.301771801,134211.08200121345
1985,990.2763890975001,2713.0,2706.7980300994936,52.09467229569713,0.0003883957491865017,6969175.2182378555,134127.8126879861
1986,990.7762555516,2729.0,2722.563399774409,52.24760591182595,0.00038828129153217755,7011832.553227163,134561.2241724402
1987,991.2761221399,2675.0,2667.77701523952,51.73029703994281,0.0003881669736733739,6872756.303797091,133268.15661414736
1988,991.7759888624,2692.0,2685.723848880679,51.89207211941757,0.00038805279547173043,6921026.932986837,133724.25794880764
1989,992.2758557191,2716.0,2708.593101261797,52.12524447606083,0.0003879387567890728,6982012.118821356,134364.622157105
1990,992.77572271,2833.0,2827.408970264439,53.23294620329466,0.0003878248574873581,7290427.40731647,137260.274001467
1991,993.2755898350999,2741.0,2735.704837713069,52.36153790814512,0.0003877110974287298,7056039.55072747,135052.97695991374
1992,993.7754570943999,2728.0,2722.954568842145,52.23651913111972,0.0003875974764754821,7025212.324916641,134770.01864439124
1993,994.2753244879001,2713.0,2707.1816853732944,52.09404474478084,0.0003874839944901078,6986563.89391177,134441.79755948798
1994,994.7751920156,2755.0,2750.317020212656,52.49442689642622,0.0003873706513352172,7099962.298983323,135514.7239871803
1995,995.2750596775,2761.0,2757.024262368641,52.55000137917677,0.0003872574468736124,7119357.63824947,135697.84597667734
1996,995.7749274736,2684.0,2677.7528034972584,51.81501900632964,0.0003871443809682356,6916677.433882122,133839.0056875989
1997,996.2747954039,2735.0,2727.1811821888705,52.30735474830741,0.00038703145348224663,7046407.10115817,135150.13903309742
1998,996.7746634684,2773.0,2766.314750241938,52.66815966392167,0.0003869186642788886,7149602.760563639,136122.04456996362
1999,997.2745316671,2670.0,2664.116749492626,51.6794314059668,0.00038680601322164905,6887475.009252308,133605.55327342663
2000,997.7744,2616.0,2608.9095992449547,51.15613560786812,0.0003866935001741174,6746711.796475076,132291.17009940412
2001,998.2742684671001,2777.0,2770.3823589664485,52.705965629873,0.00038658112500008135,7166367.36717517,136338.69379903612
2002,998.7741370684,2690.0,2683.95836152791,51.87282002717063,0.0003864688875634758,6944823.8859514445,134222.49939498882
2003,999.2740058039001,2715.0,2708.09020900547,52.11462986033915,0.0003863567877283911,7009298.9045898635,134887.3153406994
2004,999.7738746736001,2750.0,2743.6105791022906,52.448802174672416,0.00038624482535909747,7103294.074041032,135791.59831050163
2005,1000.2737436775,2753.0,2747.610321555958,52.47611250406038,0.0003861342173753783,7115687.234951477,135901.22331232307
2006,1000.7736128156,2759.0,2753.5298732342303,52.53289522460922,0.0003860247501458656,7133039.713629152,136086.85765552294
2007,1001.2734820879,2657.0,2649.5303908338537,51.55555076290893,0.00038591541767092386,6865572.790080002,133592.87657916575
2008,1001.7733514944,2771.0,2763.3286354695715,52.65057552913059,0.00038580621981962673,7162478.191153816,136468.9650512787
2009,1002.2732210350999,2683.0,2676.6212510693317,51.80571543751091,0.00038569715646128425,6939696.614895856,134317.07900784354
2010,1002.77309071,2765.0,2758.1282927406364,52.59235338730313,0.0003855882274653479,7153040.721370324,136395.1221566522
2011,1003.2729605191,2646.0,2640.3396907791175,51.446749709323626,0.000385479432701337,6849495.63268868,133461.72414128177
2012,1003.7728304624001,2595.0,2589.5896252957473,50.94835156875249,0.00038537077203906295,6719735.416346662,132206.0604107987
2013,1004.2727005399,2651.0,2645.4813210329153,51.494980974382074,0.0003852622453483643,6866702.753706898,133662.1524588244
2014,1004.7725707516,2657.0,2651.2684815768826,51.553724263898694,0.00038515385249931734,6883660.813392959,133852.28767506633
2015,1005.2724410975,2684.0,2678.302860472274,51.814567280403054,0.0003850455933621131,6955807.069718845,134567.35559021044
2016,1005.7723115776,2711.0,2704.7680853863462,52.07547011456518,0.00038493746780708535,7026512.905576299,135282.93416390228
2017,1006.2721821919,2645.0,2639.607182114687,51.43681071432002,0.0003848294757047596,6859160.612062337,133661.30705066427
2018,1006.7720529403999,2660.0,2655.3392291052146,51.58133782027667,0.0003847216169257706,6901975.642344901,134074.44643337766
2019,1007.2719238231001,2684.0,2679.410837474922,51.81328676740932,0.00038461389134090355,6966495.224947606,134715.06862835714
2020,1007.7717948400001,2691.0,2685.8936168469513,51.8813501029987,0.0003845062988211601,6985304.597301805,134929.77946540617
2021,1008.2716659911,2625.0,2619.160971105233,51.24242574745111,0.00038439883923761163,6813654.735013987,133305.36025832326
2022,1008.7715372764001,2641.0,2634.6441526216236,51.39887155156364,0.00038429151246151835,6855847.884190385,133749.69231648213
2023,1009.2714086959,2726.0,2719.711157101943,52.219582374712004,0.0003841843183643009,7079183.160523982,135923.2531849336
2024,1009.7712802496,2700.0,2695.3553090968567,51.96773785248934,0.0003840772568174876,7017742.553753141,135305.42860855794
2025,1010.2711519375,2709.0,2704.644960983967,52.05356414837962,0.00038397032769282424,7043890.545489441,135566.63209148392
2026,1010.7710237596,2743.0,2737.2017713058685,52.38080304053616,0.0003838635308621565,7130663.767819049,136456.83642540622
2027,1011.2708957159001,2686.0,2678.4841272692993,51.8363439887276,0.0003837568661974962,6979638.315815429,135076.0039875107
2028,1011.7707678064,2702.0,2694.708450026657,51.990597839483655,0.00038365033357097106,7023865.781490753,135515.58096030162
2029,1012.2706400311,2636.0,2629.7345356807346,51.350145862663545,0.00038354393285493183,6856410.206012518,133883.3480702868
2030,1012.77051239,2635.0,2627.807900985817,51.34155332956135,0.00038343766392181887,6853285.809506743,133898.04435077522
2031,1013.2703848831001,2681.0,2673.618459398037,51.78833187334454,0.00038333152664422605,6974689.72302779,135100.63293439944
2032,1013.7702575104,2643.0,2637.2796963538563,51.417914143554384,0.00038322552089491846,6881795.581346489,134171.42476180056
2033,1014.2701302719,2697.0,2691.8971441918607,51.93915958996334,0.00038311964654681496,7026257.119557367,135569.03191498606
2034,1014.7700031676,2745.0,2739.690725108768,52.399831904206444,0.00038301390347295257,7152979.827277309,136809.2161383034
2035,1015.2698761974999,2751.0,2745.7073165868046,52.45647146205977,0.00038290829154653756,7170665.606370394,136994.86958141348
2036,1015.7697493616,2755.0,2748.8660468382104,52.496318280624706,0.0003828028106409137,7180893.06145866,137136.71065458457
2037,1016.2696226599,2763.0,2757.9120627091256,52.57078731333054,0.0003826974606295846,7206507.34962291,137369.05185324486
2038,1016.7694960924,2680.0,2673.5198517253457,51.77665738688669,0.00038259224138621013,6987909.221678503,135331.17451438442
2039,1017.2693696591,2820.0,2811.952384162098,53.114300910130154,0.00038248715278454417,7351756.428133096,138865.58155862964
2040,1017.76924336,2726.0,2719.9518251995987,52.21931823068149,0.00038238219469856924,7113175.9347312935,136563.15318720796
2041,1018.2691171951,2857.0,2852.074683754066,53.45710528725529,0.0003822773670023503,7460746.907719836,139838.53061048896
2042,1018.7689911644,2696.0,2690.574824121372,51.930052754741034,0.0003821726695701315,7040207.315577367,135881.1262279745
2043,1019.2688652679,2713.0,2706.7248944060498,52.09442707985688,0.00038206810227629036,7084404.267929954,136348.53778551
2044,1019.7687395056,2722.0,2715.274682612001,52.18181829713013,0.0003819636649953649,7108725.073744778,136614.6130621177
2045,1020.2686138775,2627.0,2621.5995057933596,51.26161649695139,0.00038185935760202304,6865353.574824824,134242.13778303337
2046,1020.7684883836,2759.0,2754.424611276023,52.53220439233747,0.0003817551799710738,7215159.756272934,137607.0506661309
2047,1021.2683630239001,2689.0,2684.4010613159403,51.86145178293607,0.0003816511319775276,7033651.511543279,135887.06396392867
2048,1021.7682377984,2680.0,2674.575672905298,51.77578171354088,0.0003815472134964666,7009815.766692963,135699.54092724717
2049,1022.2681127071,2808.0,2802.0758154659597,52.998113381063426,0.0003814434244031708,7345980.1275910195,138940.95425550317
2050,1022.7679877500001,2637.0,2630.6629791699775,51.3601104310774,0.00038133976457299835,6898475.384846471,134683.3328241743
2051,1023.2678629270999,2677.0,2671.108644654512,51.747800606054625,0.00038123623388155016,7006439.596411562,135736.83718146433
2052,1023.7677382384,2727.0,2722.0762450279412,52.2270434907613,0.00038113283220452953,7142067.056472263,137031.07965974024
2053,1024.2676136839,2764.0,2758.923611158069,52.580437900061256,0.00038102955941774245,7240707.55920886,137995.6924612628
2054,1024.7674892636,2767.0,2762.0765329692504,52.60859663316928,0.0003809264153971758,7250945.120435794,138106.97947611884
2055,1025.2673649775,2760.0,2753.970048344547,52.54317820217028,0.00038082340001900964,7231619.822224886,137972.5568322416
2056,1025.7672408256,2691.0,2684.019533508372,51.884304359107986,0.00038072051315945777,7049842.182746324,136279.24570845807
2057,1026.2671168079,2714.0,2708.6056146908695,52.1034422266198,0.0003806177546949799,7116340.688997802,136891.78075356613
2058,1026.7669929244,2764.0,2759.2313378354324,52.57971689815517,0.00038051512450213923,7251305.2968540285,138180.36002366463
2059,1027.2668691751,2754.0,2747.8181457644173,52.486423876493745,0.00038041262245762483,7223257.020264894,137972.35101561423
2060,1027.76674556,2662.0,2655.776680591283,51.60321554057848,0.00038031024843830185,6983184.627542669,135687.15477029837
2061,1028.2666220791,2816.0,2811.25,53.07212906938453,0.00038020800232116777,7393979.039992147,139587.0911326944
2062,1028.7664987324,2732.0,2727.1638486337906,52.27483641561302,0.0003801058839833622,7174747.783575912,137527.03817103017
2063,1029.2663755199,2759.0,2753.3974547519115,52.533203434047024,0.0003800038933021573,7245708.539524272,138243.85581301304
2064,1029.7662524415998,2798.0,2791.594017049192,52.90459601126965,0.00037990203015499715,7348194.52244107,139258.5240718113
2065,1030.2661294975,2755.0,2749.25,52.49560901329545,0.00037980029441944023,7238672.640321362,138218.9792494496
2066,1030.7660066876,2844.0,2837.9924304047627,53.33677292209429,0.00037969868597320764,7474327.763686329,140471.3128921859
2067,1031.2658840119,2765.0,2759.0146945888805,52.591333175401516,0.0003795972046941279,7268269.26139259,138545.10129435384
2068,1031.7657614704,2704.0,2698.6571673017784,52.006885481315,0.00037949585046022106,7111163.83493804,137042.03990174166
2069,1032.2656390631,2693.0,2687.428168804861,51.90171210983428,0.0003793946231496345,7083464.03671865,136801.39080243124
2070,1032.76551679,2708.0,2703.25,52.044719827688205,0.00037929352264061075,7127066.0811188985,137214.89221686963
2071,1033.2653946511,2759.0,2753.9935466085058,52.53260900554455,0.00037919254881159864,7262783.921360291,138538.0835414182
2072,1033.7652726464,2678.0,2672.5854095802747,51.75663407585827,0.0003790917015411787,7049970.755664158,136528.00592955272
2073,1034.2651507758999,2836.0,2830.152658219571,53.2613678432314,0.00037899098070801783,7467598.972757552,140534.6579586943
2074,1034.7650290396,2626.0,2619.596815402339,51.25341508445843,0.0003788903861909966,6913864.565784507,135272.4084654443
2075,1035.2649074375001,2686.0,2680.8351839896654,51.833537183028724,0.00037878991786908925,7077366.78703304,136839.80153067992
2076,1035.7647859696,2842.0,2836.574457602583,53.31720989139215,0.00037868957562141336,7490500.505454596,140793.97301576336
2077,1036.2646646359,2651.0,2644.75,51.496224315994745,0.0003785893593272592,6985801.198162656,136021.31979488762
2078,1036.7645434364,2794.0,2787.9199139783086,52.86631239982478,0.0003784892688660237,7365915.346374501,139677.17647112
2079,1037.2644223711,2764.0,2758.5895240360323,52.58102290175987,0.0003783893041172659,7290347.517807012,138960.11945798708
2080,1037.7643014399998,2779.0,2773.2323415335077,52.72325338056762,0.00037828946496067513,7330979.576240109,139372.77736785094
2081,1038.2641806431,2839.0,2832.4362001025547,53.291357608603676,0.0003781897512760659,7489457.846347007,140911.6916277902
2082,1038.7640599804,2847.0,2842.3267393567653,53.36311863299404,0.0003780901629434275,7517589.76543924,141138.6062455653
2083,1039.2639394519001,2701.0,2695.3308489562255,51.978588939377296,0.00037799069984286,7130680.331756153,137512.8778591274
2084,1039.7638190576001,2754.0,2748.337995033901,52.48619034247377,0.0003778913618546272,7272825.664882946,138892.27339010974
2085,1040.2636987975,2820.0,2814.493468969533,53.11057922644717,0.000377792148859108,7449846.370468532,140581.47949033737
2086,1040.7635786716,2740.0,2733.753034285088,52.35338676724176,0.00037769306073682385,7238028.225755421,138613.57861621276
2087,1041.2634586799,2752.0,2745.997197415012,52.467288601798536,0.0003775940973684534,7272352.021794158,138951.55927345273
2088,1041.7633388224,2738.0,2732.257711244811,52.3338830139296,0.0003774952586347977,7237859.678359812,138634.54392299865
2089,1042.2632190990998,2718.0,2713.07709926684,52.14062418067215,0.0003773965444168039,7188929.3619775865,138158.7217796225
2090,1042.76309951,2713.0,2707.0861395533125,52.09449980150389,0.0003772979545955453,7174929.274279386,138072.5741207582
2091,1043.2629800551001,2768.0,2762.5820859432765,52.61882835674983,0.0003771994890522715,7323928.494400595,139498.67347105028
2092,1043.7628607344,2817.0,2810.9144839530145,53.08318637568297,0.0003771011476682964,7454006.707042789,140766.44079157166
2093,1044.2627415479,2715.0,2707.998597484552,52.11483930485363,0.0003770029303251479,7182964.321123516,138234.57356129022
2094,1044.7626224956,2888.0,2880.834890034282,53.74952736577464,0.0003769048369044606,7643401.2195087,142607.68794378536
2095,1045.2625035775002,2941.0,2935.2527961980995,54.23871744038421,0.00037680686728798653,7789807.063029826,143943.01736260703
2096,1045.7623847936,2780.0,2775.33217310598,52.73162749251172,0.00037670902135765683,7367310.087514499,139979.7310467036
2097,1046.2622661439,2897.0,2892.0844060526524,53.83042390655627,0.00037661129899550316,7679228.992243232,142933.64020180132
2098,1046.7621476283998,2850.0,2845.582739020399,53.39078855409395,0.0003765137000837263,7557713.672537332,141803.04340113336
2099,1047.2620292471,2782.0,2776.499985527912,52.75204070633576,0.0003764162245046378,7376143.2286341395,140142.84526592135
2100,1047.761911,2809.0,2803.833501520975,53.00668435123829,0.00037631887214069674,7450685.333880061,140855.76960227586
2101,1048.2617928871,2896.0,2889.7514716823193,53.822177070422754,0.00037622164287447695,7680981.481032073,143059.75769815044
2102,1048.7616749084,2794.0,2787.3301729899226,52.86764508434999,0.00037612453658872623,7410657.646187363,140558.88393731188
2103,1049.2615570639,2802.0,2796.8359160778546,52.94035415647828,0.0003760275531663147,7437848.350545821,140788.49730743823
2104,1049.7614393536,2850.0,2843.4170694061017,53.3939267042587,0.0003759306924902396,7563673.640400954,142031.30462843223
2105,1050.2613217775,2892.0,2885.4985516226557,53.7858633147821,0.00037583395444362467,7677588.779582933,143110.70801041744
2106,1050.7612043356,2792.0,2786.0,52.847285649845595,0.00037573733890977666,7414754.168653395,140649.54471436088
2107,1051.2610870279,2864.0,2857.83462007014,53.524289831214446,0.00037564084577205737,7607891.027389238,142487.93876822843
2108,1051.7609698544,2784.0,2777.830437767955,52.77194941073922,0.00037554447491405243,7396808.163410453,140521.17108850201
2109,1052.2608528151002,2825.0,2818.9222986631576,53.15839110094822,0.0003754482262194198,7508151.861704949,141586.475547447
2110,1052.76073591,2794.0,2787.574479261817,52.86722323685901,0.00037535209957198783,7426558.909462541,140847.01616733527
2111,1053.2606191391,2828.0,2823.4971007999497,53.1849834543843,0.00037525609485568334,7524187.187115016,141729.83246238352
2112,1053.7605025024,2907.0,2902.8354284323786,53.92190580864982,0.0003751602119546034,7737588.7312475415,143730.3426387196
2113,1054.2603859999,2807.0,2802.253386567005,52.987250402061754,0.000375064450752956,7471391.599340796,141275.05364928042
2114,1054.7602696315998,2752.0,2746.8321230148795,52.46643422337994,0.00037496881113510965,7325494.92503027,139922.1286286531
2115,1055.2601533975,2810.0,2805.574289768183,53.01557980569676,0.00037487329298553954,7484060.193843699,141422.66413132235
2116,1055.7600372975999,2875.0,2871.012363425481,53.62382745334702,0.00037477789618886224,7660570.147335179,143081.61713551087
2117,1056.2599213319,2917.0,2911.745633060067,54.01619393871712,0.00037468262062984297,7771232.164879736,144165.19732865028
2118,1056.7598055004,2905.0,2899.677430818556,53.904652073951276,0.0003745874661933513,7740988.9345358545,143904.04628788953
2119,1057.2596898031,2930.0,2923.990280108229,54.13750891696642,0.0003744924327644065,7807875.471672651,144562.3574215834
2120,1057.7595742400001,2872.0,2866.7551071537296,53.59776325388602,0.0003743975202281897,7656982.090603819,143157.36712470476
2121,1058.2594588110999,2918.0,2912.902387116041,54.02547916339349,0.0003743027284699437,7782209.867994445,144336.32205737906
2122,1058.7593435164001,2844.0,2839.6797402846773,53.33452975061328,0.00037420805737511817,7588505.069088053,142526.40663252483
2123,1059.2592283559,2813.0,2807.6627656021874,53.044867441828444,0.00037411350682927313,7504842.018129716,141788.1644835547
2124,1059.7591133296,2746.0,2740.6748009122616,52.4092341768985,0.00037401907671805846,7327633.726496325,140124.49481662514
2125,1060.2589984375,2800.0,2794.0812165861403,52.92291960254968,0.0003739247669273216,7472308.506190005,141533.60323638612
2126,1060.7588836796,2782.0,2776.493399731135,52.75213284443037,0.00037383057734298263,7427143.652788343,141112.40770984677
2127,1061.2587690559,2749.0,2744.567348212539,52.43716507945549,0.0003737365078511403,7343589.107718916,140305.17216782385
2128,1061.7586545664,2701.0,2696.292610398871,51.97667421790721,0.0003736425583380116,7216235.276816888,139108.01395082808
2129,1062.2585402111001,2751.0,2744.6249987025644,52.459300530340506,0.0003735487286899254,7347434.987473394,140434.9593540869
2130,1062.75842599,2808.0,2803.772815231076,52.99576361755389,0.0003734550187933719,7507658.684813041,141906.68474287074
2131,1063.2583119031,2833.0,2827.25,53.23353235272705,0.000373361428534946,7572421.20883779,142579.089011988
2132,1063.7581979504,2777.0,2771.8144092988427,52.704495085343986,0.0003732679578013837,7425803.236970392,141197.48021175744
2133,1064.2580841319,2837.0,2832.4361817731733,53.26920922627125,0.0003731746064795622,7590109.649993826,142746.0719495357
2134,1064.7579704476002,2879.0,2873.330460865485,53.66380090746723,0.0003730813744564669,7701618.621544883,143839.39960993416
2135,1065.2578568975,2889.0,2883.017743319822,53.75698911521156,0.0003729882616192423,7729513.338580326,144125.14989570456
2136,1065.7577434816,2890.0,2883.80291204611,53.76729926546607,0.0003728952678551356,7733546.549500397,144188.7411839023
2137,1066.2576301999,2759.0,2754.5802061392287,52.53216443869308,0.0003728023930515555,7388847.972760446,140911.55372875603
2138,1066.7575170524,2911.0,2905.628307158956,53.9600741432931,0.0003727096370960064,7795957.007708105,144777.780804722
2139,1067.2574040391,2772.0,2764.890284308613,52.65968910156578,0.00037261699987613874,7420193.6176494565,141323.90395250442
2140,1067.75729116,2718.0,2711.770299980157,52.14259735685849,0.000372524481279743,7279441.852155171,139970.92802527145
2141,1068.2571784150998,2797.0,2790.2291858684557,52.89599360549798,0.0003724320811947389,7491914.168397026,142028.56380097798
2142,1068.7570658044,2866.0,2860.7286707773023,53.5422695802339,0.0003723397995091308,7683112.776417417,143799.48007390194
2143,1069.2569533279002,2826.0,2821.2718452536164,53.1661466501199,0.0003722476361111146,7579018.834686372,142824.67232176053
2144,1069.7568409856,2843.0,2836.7723622242984,53.32777475236547,0.0003721555908889767,7622543.988787148,143294.2996368271
2145,1070.2567287775,2665.0,2658.5451997754335,51.63296412964676,0.00037206366373113863,7145404.023373152,138774.540926302
2146,1070.7566167036,2756.0,2750.296797969877,52.50474612634753,0.00037197185452617803,7393830.378573229,141152.47024060105
2147,1071.2565047639,2788.0,2781.440203062771,52.81101714623338,0.0003718801631627485,7479399.222070122,142010.8475189663
2148,1071.7563929583998,2674.0,2669.207399174329,51.71682289244364,0.00037178858952969244,7179368.798141009,139102.77063065523
2149,1072.2562812871001,2673.0,2667.29173137658,51.709370731144695,0.0003716971335159209,7175981.439906186,139116.94782798164
2150,1072.7561697499998,2766.0,2761.7627418916277,52.59834809905965,0.0003716057950105433,7431968.981574332,141543.40111291138
2151,1073.2560583471,2733.0,2728.25,52.28454993850752,0.00037151457390270485,7343588.089533456,140733.50983049243
2152,1073.7559470784001,2692.0,2687.25,51.89098638658598,0.0003714234700817657,7235003.214547602,139708.4206207072
2153,1074.2558359439,2639.0,2634.40764758356,51.37764444603812,0.0003713324834371602,7094471.302910873,138360.22092781076
2154,1074.7557249436002,2713.0,2708.0413754262277,52.09280004252717,0.0003712416138584711,7294552.319392237,140320.47620175083
2155,1075.2556140775,2665.0,2659.286481791023,51.63198975622445,0.0003711508612354095,7164974.568398805,139113.21553818483
2156,1075.7555033456001,2725.0,2720.214398621697,52.207573493681025,0.0003710602254578232,7330924.232758792,140698.3823967283
2157,1076.2553927479,2676.0,2669.4215280600633,51.73906870619887,0.0003709697064156294,7195793.839482084,139469.7944641095
2158,1076.7552822844,2686.0,2679.563534341687,51.835668423586334,0.00037087930399895097,7224893.666078672,139764.25177861354
2159,1077.2551719551,2598.0,2592.328295074286,50.978553941685085,0.00037078901809798937,6991383.694080186,137486.68772119042
2160,1077.75506176,2612.0,2605.952555154288,51.11581612252032,0.0003706988486030924,7029837.197968974,137890.40973593656
2161,1078.2549516991,2609.0,2602.6874109858545,51.08777254357716,0.00037060879540472253,7022735.1408203775,137848.24639087927
2162,1078.7548417724,2570.0,2565.5159141965228,50.701326708541906,0.00037051885839345535,6924116.967542289,136838.72105290246
2163,1079.2547319799,2497.0,2492.0,49.97713064756377,0.0003704290374600431,6727334.382550404,134916.88176026056
2164,1079.7546223216,2523.0,2518.3114006772475,50.23633825893274,0.00037033933249530176,6800010.638106326,135649.48103256102
2165,1080.2545127975,2567.0,2562.6111964076968,50.6715072130061,0.00037024974339022005,6921304.449647829,136857.64303042745
2166,1080.7544034076,2636.0,2631.3713688879325,51.34882733407842,0.00037016027003586424,7108735.274677056,138720.52592003814
2167,1081.2542941519,2623.0,2619.4396746123793,51.22000377983923,0.0003700709123234722,7078210.114289597,138405.9164722159
2168,1081.7541850304,2599.0,2594.4400342951926,50.9865865682378,0.0003699816701444146,7012347.485437609,137808.41236901344
2169,1082.2540760431,2658.0,2652.827401348882,51.563023723962296,0.000369892543390129,7171886.67020768,139400.0085845967
2170,1082.7539671900001,2703.0,2697.690755540216,51.997498759308456,0.0003698035319522225,7294929.665216798,140608.44277178613
2171,1083.2538584710999,2681.0,2674.8455585512115,51.78678888791106,0.0003697146357224131,7234892.265827212,140072.3257458309
2172,1083.7537498864,2811.0,2804.5771301772274,53.02759385425894,0.0003696258545925322,7587610.810582865,143462.8914492885
2173,1084.2536414359,2890.0,2884.0581578937818,53.766834761621354,0.00036953718845456984,7804513.9920967445,145497.76434268494
2174,1084.7535331196,2882.0,2876.8269486130494,53.691221854359405,0.00036944863720059104,7786811.640209366,145327.97376434202
2175,1085.2534249374999,2833.0,2828.538003172272,53.23228680051125,0.0003693602007228658,7657939.316787812,144120.25631438266
2176,1085.7533168896,2950.0,2946.28940146551,54.31852443623479,0.00036927187891366397,7978645.463426568,147096.29283451205
2177,1086.2532089759002,3067.0,3062.4800252765344,55.38650425930423,0.0003691836716655048,8295274.846421875,150024.25218167997
2178,1086.7531011964,3055.0,3050.080996736061,55.27789244622119,0.0003690955788709678,8263661.6945291,149765.79403988417
2179,1087.2529935511002,3150.0,3143.2294758855987,56.13367275179908,0.000369007600422739,8518061.612510642,152120.64111278942
2180,1087.75288604,3235.0,3228.3679991910394,56.885222440782464,0.00036891973621366983,8750868.230376385,154194.03424878264
2181,1088.2527786631001,3372.0,3365.2630820510667,58.07771968691376,0.0003688319861367091,9124108.560377728,157463.8910666143
2182,1088.7526714204,3499.0,3494.0762160918102,59.15838390199043,0.0003687443500849501,9475606.108369814,160431.97377359605
2183,1089.2525643119,3658.0,3652.1842664933615,60.487731443471255,0.00036865682795160287,9906731.652811864,164075.9830207514
2184,1089.7524573376,3671.0,3663.2061883723118,60.598307141051365,0.00036856941962994637,9938985.692438265,164414.9077856044
2185,1090.2523504975,3989.0,3982.7815716858063,63.165919300563125,0.0003684821250134847,10808615.401737751,171421.9361339483
2186,1090.7522437916002,4150.0,4144.696615709914,64.42627301691702,0.0003683949439957412,11250688.108677812,174883.70583517515
2187,1091.2521372199,4529.0,4523.151506352352,67.30419700803304,0.00036830787647044446,12280898.116267467,182738.95647581675
2188,1091.7520307824002,4925.0,4919.046039260669,70.1842500947104,0.0003682209223313941,13358953.12008803,190603.6453614265
2189,1092.2519244791,5472.0,5464.622165431703,73.97999996670458,0.0003681340814725327,14844108.275912048,200959.38868464803
2190,1092.75181831,6030.0,6022.429261927405,77.66042668618007,0.0003680473537879031,16363191.312055968,211006.616096835
2191,1093.2517122750999,6974.0,6967.849239950576,83.51574430674576,0.000367960739171672,18936393.202264242,226969.17202294644
2192,1093.7516063744001,8074.0,8067.274140964016,89.86077019127613,0.0003678742375181639,21929434.894352153,244270.35390549529
2193,1094.2515006079,9261.0,9254.501925093375,96.23925184902836,0.0003677878487218168,25162609.252197426,261670.55867531046
2194,1094.7513949756,10950.0,10944.874507416296,104.64567155377846,0.0003677015726771358,29765645.0793224,284594.02768359566
2195,1095.2512894775002,12552.0,12546.075004367538,112.03956601746357,0.0003676154092787948,34128262.00343728,304773.8565618565
2196,1095.7511841136,14748.0,14742.175089938268,121.44480135273587,0.0003675293584215826,40111557.76303435,330435.6470304882
2197,1096.2510788839002,16906.0,16900.448893595916,130.0262946580884,0.0003674434200003981,45994697.3430021,353867.527844008
2198,1096.7509737884,20781.0,20776.724162940907,144.15837387262278,0.00036735759391028495,56557219.74272006,392419.7464877471
2199,1097.2508688271,29570.0,29566.399252409366,171.96084943217974,0.0003672718800463435,80502757.92603177,468211.31367443973
2200,1097.750764,46402.0,46397.930156002956,215.41247312637276,0.00036718627830389065,126360740.84882635,586657.1978708124
2201,1098.2506593071,71905.0,71899.37218091816,268.1526524535047,0.0003671007885782675,195857307.90547976,730460.5732175739
2202,1098.7505547484,96526.0,96521.25,310.68744949054604,0.0003670154107649952,262989637.95229793,846524.2613190521
2203,1099.2504503239,107421.0,107416.47273660851,327.75246009968225,0.00036693014475969383,292743657.8070102,893228.4926176631
2204,1099.7503460336002,94970.0,94965.62925011231,308.17301996490374,0.00036684499045810476,258871271.8456974,840063.3182425818
2205,1100.2502418775,69067.0,69061.45378295079,262.80750977816257,0.00036675994775611396,188301514.94316086,716565.4575589668
2206,1100.7501378556,41592.0,41585.45416643814,203.94345635903417,0.00036667501654968497,113412292.32835734,556196.7604940424
2207,1101.2500339679,21822.0,21815.56248598232,147.72609082769105,0.0003665901967348909,59509399.542832844,402973.3804761914
2208,1101.7499302144001,11234.0,11229.278701469022,105.99374189504266,0.0003665054882079962,30638773.668503083,289200.96780348883
2209,1102.2498265950999,6045.0,6039.676330164644,77.75456474219595,0.00036642089086530585,16482892.981079493,212200.14109615292
2210,1102.74972311,3987.0,3981.720720011361,63.148932118959955,0.00036633640460327356,10869028.22099647,172379.62518998762
2211,1103.2496197591001,3159.0,3153.882616588571,56.21140116471385,0.0003662520293185137,8611235.88163323,153477.3780484072
2212,1103.7495165424,2944.0,2938.0,54.26672924187704,0.00036616776490767245,8023644.573794756,148201.8201562886
2213,1104.2494134599,2790.0,2784.0732829028216,52.82871390831789,0.0003660836112675819,7605020.266443601,144307.7818354008
2214,1104.7493105116,2683.0,2677.0304426654207,51.80596795060523,0.000365999568295184,7314299.454327106,141546.52747793123
2215,1105.2492076975,2694.0,2687.1345575151636,51.91319041879043,0.00036591563588750267,7343590.418041873,141872.0200159762
2216,1105.7491050176,2571.0,2564.2718748280263,50.715499286998835,0.00036583181394169714,7009428.314063183,138630.64215372314
2217,1106.2490024719,2576.0,2571.385532676371,50.76071443922574,0.0003657481023550497,7030482.225660874,138785.99536778952
2218,1106.7489000603998,2506.0,2500.2816128588674,50.06818660884484,0.0003656645010249792,6837638.342935752,136923.83720186335
2219,1107.2487977831,2519.0,2512.6773021938993,50.19883774496523,0.00036558100984898753,6873106.738317245,137312.48722602174
2220,1107.74869564,2419.0,2412.5725997418954,49.1929874088172,0.0003654976287247034,6600788.651242031,134591.81002202854
2221,1108.2485936311,2485.0,2478.9675045632853,49.85883357142124,0.00036541435754987447,6783990.4298914615,136444.6484963748
2222,1108.7484917564002,2369.0,2364.0792251496073,48.680255598827024,0.00036533119622236376,6471057.6309795305,133249.65429231268
2223,1109.2483900159,2420.0,2415.849258512586,49.19921038111976,0.0003652481446401641,6614268.392499672,134700.78110756713
2224,1109.7482884096,2455.0,2449.755441433918,49.55613449438462,0.00036516520270137064,6708622.35314713,135708.80830863627
2225,1110.2481869375,2315.0,2310.206822208478,48.12116705678356,0.00036508237030419684,6327905.7279143585,131809.0682294181
2226,1110.7480855996,2386.0,2379.754056477327,48.856515365793406,0.00036499964734696566,6519880.426665598,133853.59608128827
2227,1111.2479843959,2344.0,2338.784273276509,48.422652335820956,0.000364917033728129,6409084.962087446,132694.9631293366
2228,1111.7478833264,2347.0,2340.7473328638443,48.454979005506004,0.0003648345293462493,6415915.009629854,132813.57741092372
2229,1112.2477823911001,2230.0,2223.001970821361,47.23422373988116,0.00036475213409999227,6094555.077262282,129496.77143474227
2230,1112.74768159,2235.0,2229.25,47.284774190467736,0.0003646698478881643,6113063.673648332,129664.61160498488
2231,1113.2475809231,2279.0,2273.3215107004808,47.747725045882746,0.0003645876706096832,6235321.964944425,130963.63068459342
2232,1113.7474803904,2275.0,2269.714232271501,47.70533053042364,0.00036450560216353626,6226829.488489421,130876.81025275582
2233,1114.2473799919,2215.0,2210.3926213145273,47.07114951124747,0.0003644236424488906,6065447.912382713,129166.0145728582
2234,1114.7472797276,2287.0,2282.322737595372,47.829489318207905,0.0003643417913649847,6264235.373726375,131276.42903389587
2235,1115.2471795975,2217.0,2211.39221997538,47.09397229876593,0.0003642600488111988,6070916.168798892,129286.6798114756
2236,1115.7470796015998,2161.0,2156.1760565081236,46.49460641040957,0.00036417841468700055,5920658.582583172,127669.85778212627
2237,1116.2469797399,2200.0,2195.3281870070778,46.9107865063269,0.0003640968888920073,6029516.466585963,128841.49229915788
2238,1116.7468800124002,2216.0,2207.1589969681227,47.08683274367746,0.00036401547132590255,6063365.902907067,129353.93260117971
2239,1117.2467804190999,2185.0,2169.732330762846,46.76677072140302,0.0003639341618885386,5961881.455435792,128503.38225661319
2240,1117.74668096,2208.0,2187.120310824519,47.02144186886283,0.0003638529604798191,6011000.454525163,129231.9892267878
2241,1118.2465816351,2101.0,2078.7305886381137,45.87405173233528,0.00036377186699982787,5714379.745146969,126106.65060681284
2242,1118.7464824444,2081.0,2064.5416786384812,45.64657630254018,0.00036369088134871895,5676638.553549353,125509.26801701338
2243,1119.2463833878999,2199.0,2188.8045156884323,46.91056804437995,0.0003636100034267503,6019648.785953629,129013.41437882124
2244,1119.7462844656,2171.0,2164.412589905947,46.60529609822548,0.0003635292331343619,5953888.690723178,128202.33381616375
2245,1120.2461856774999,2180.0,2175.8200972445884,46.69720358868464,0.00036344857037201854,5986596.93451941,128483.66287666597
2246,1120.7460870236,2084.0,2080.1399902181174,45.657277827158,0.00036336801504035425,5724609.49813402,125650.23870383164
2247,1121.2459885039002,2094.0,2089.6612861966573,45.76659426389302,0.00036328756704008595,5752085.883979837,125978.97207652865
2248,1121.7458901184,2119.0,2112.5,46.043142826905125,0.00036320722627208955,5816238.904942553,126768.24549854305
2249,1122.2457918671,2063.0,2056.91812657781,45.43063341798745,0.00036312699263730164,5664459.454360366,125109.4915529027
2250,1122.7456937499999,2102.0,2096.860829997788,45.85583405662637,0.00036304686603676797,5775730.425353476,126308.30437187212
2251,1123.2455957671,2163.0,2157.847410413309,46.51665271409101,0.00036296684637170606,5945026.197250827,128156.75365141853
2252,1123.7454979184,2042.0,2037.680620992364,45.195588823132,0.00036288693354339903,5615194.245478861,124544.54720047639
2253,1124.2454002039,2058.0,2053.222896895885,45.37282758812279,0.0003628071274532534,5659268.359220523,125060.46368664282
2254,1124.7453026236,2027.0,2021.5691723878408,45.03132077744393,0.00036272742800277767,5573245.959145831,124146.44523958936
2255,1125.2452051774999,2035.0,2030.1644130584352,45.11938624727446,0.000362647835093615,5598170.502063972,124416.53273795833
2256,1125.7451078656002,1918.0,1913.9051742913775,43.801674946446106,0.0003625683486275016,5278743.115708925,120809.42838021259
2257,1126.2450106879,1989.0,1984.0688612837967,44.60657261370652,0.0003624889685062752,5473459.9771674145,123056.35892181452
2258,1126.7449136444,1941.0,1935.7686991149715,44.06525894891979,0.0003624096946319081,5341382.219592914,121589.62522698502
2259,1127.2448167351,2042.0,2036.323837178451,45.19868404764752,0.00036233052690647815,5620072.519321703,124744.34443475374
2260,1127.74471996,1921.0,1917.4314512294595,43.835276064951984,0.0003622514652321587,5293095.087967751,121007.86407270694
2261,1128.2446233191,1983.0,1979.5922214314946,44.536965358687524,0.000362172509511279,5465882.0574283395,122971.6894271914
2262,1128.7445268124,1993.0,1989.5432449632808,44.64797971034643,0.00036209365964620893,5494554.21811916,123305.05801722864
2263,1129.2444304399,2011.0,2004.7952954557481,44.85441603167003,0.0003620149155394688,5537880.372879759,123902.12144941237
2264,1129.7443342016,1967.0,1960.7950391528905,44.36193485211383,0.00036193627709370555,5417514.5274129,122568.35708300248
2265,1130.2442380975,1931.0,1926.5220991342508,43.95109321935271,0.00036185774421165485,5323976.42430282,121459.58991455271
2266,1130.7441421276,1848.0,1843.7066438684942,42.995388124004826,0.0003617793167961373,5096219.043686854,118844.24047445679
2267,1131.2440462919,1860.0,1854.385628185477,43.137686342514485,0.00036170099475015845,5126846.912506769,119263.3887344198
2268,1131.7439505904,1840.0,1834.8854170249274,42.90436968801118,0.0003616227779767344,5074031.639519615,118643.99120005517
2269,1132.2438550231,1934.0,1928.9795888975416,43.98564787874603,0.00036154466637907957,5335383.89105983,121660.34232856607
2270,1132.7437595899999,1776.0,1770.4524906465742,42.15278385239032,0.0003614666598604629,4897968.989256223,116615.96637615922
2271,1133.2436642911,1876.0,1870.3934825102488,43.32203395925662,0.00036138875832428995,5175571.8445227975,119876.54004550376
2272,1133.7435691264002,1875.0,1867.8172846256246,43.31391144328382,0.00036131096167405126,5169556.096420443,119879.87090842407
2273,1134.2434740959,1857.0,1850.4030695748907,43.10493185556333,0.00036123326981338206,5122460.26101315,119327.1369434823
2274,1134.7433791996,1869.0,1863.7682869710661,43.2413824429409,0.0003611556826459835,5160567.524000424,119730.58855432023
2275,1135.2432844375,1856.0,1851.5669650664795,43.089201264425704,0.00036107820007572007,5127883.557296441,119334.81792971623
2276,1135.7431898096002,1832.0,1827.5494252991373,42.80957364749303,0.00036100082200649596,5062452.254655121,118585.80656285238
2277,1136.2430953158998,1817.0,1812.0,42.63520513263812,0.0003609235483423767,5020453.800595781,118128.07817181776
2278,1136.7430009564,1954.0,1949.2665763927623,44.212480711986125,0.0003608463789875311,5401929.158502429,122524.38513042103
2279,1137.2429067311,1782.0,1777.8003896131406,42.22111623010504,0.00036076931384621707,4927803.783142578,117030.78562857588
2280,1137.74281264,1833.0,1828.5157173459172,42.82179886965025,0.0003606923528228028,5069460.727503174,118721.11658182924
2281,1138.2427186831,1788.0,1784.051034837692,42.291668682206684,0.0003606154958217755,4947238.972003053,117276.34883196534
2282,1138.7426248604,1804.0,1799.6324278969805,42.48150350706442,0.00036053874274773076,4991509.134862061,117827.84613743649
2283,1139.2425311719,1779.0,1775.1322120392856,42.18533219044088,0.0003604620935053413,4924601.626697765,117031.25779525492
2284,1139.7424376176,1840.0,1836.236008263092,42.90165961515618,0.0003603855479994409,5095198.790451887,119043.78478357499
2285,1140.2423441975,1845.0,1840.4341103077566,42.961524955207715,0.00036030910613492963,5107931.159582032,119235.19062856922
2286,1140.7422509116,1841.0,1836.1184374126149,42.91544785801396,0.0003602327678168423,5097033.366898415,119132.5489851995
2287,1141.2421577599,1780.0,1774.75,42.19957438654831,0.00036015653295029624,4927718.47135958,117170.09279510171
2288,1141.7420647424,1732.0,1727.2745122151264,41.626556806115964,0.00036008040144050164,4796913.426293585,115603.50588254436
2289,1142.2419718591,1791.0,1787.619089682719,42.326197609128926,0.0003600043731928351,4965548.26217399,117571.34290826251
2290,1142.7418791100001,1748.0,1744.0539615985258,41.816125093845166,0.000359928448112726,4845557.417712938,116178.99422262053
2291,1143.2417864951,1688.0,1683.6957108573308,41.09353125258067,0.0003598526261057357,4678847.919155131,114195.4463339282
2292,1143.7416940144,1771.0,1767.3151276144977,42.090046916939905,0.00035977690707751306,4912252.82348023,116989.29555773769
2293,1144.2416016678999,1733.0,1729.3699637600253,41.63588228725182,0.0003597012909338317,4807794.710078338,115751.27289412727
2294,1144.7415094556,1662.0,1657.8052745932607,40.775338025275495,0.00035962577758056697,4609806.57656517,113382.68991616041
2295,1145.2414173774998,1691.0,1686.0556040161741,41.13081650349906,0.0003595503669236949,4689344.690264202,114395.14540177898
2296,1145.7413254336,1658.0,1652.6940660912235,40.7287980925153,0.00035947505886932223,4597520.816296792,113300.76200730573
2297,1146.2412336239001,1610.0,1604.7333713895118,40.134347404447595,0.0003593998533235916,4465036.2445881795,111670.46127954865
2298,1146.7411419484,1663.0,1656.6368097939103,40.792360482316475,0.00035932475019282827,4610416.646515141,113525.05069696878
2299,1147.2410504071001,1615.0,1609.75,40.19714795452623,0.00035924974938343553,4480866.0347369565,111891.93040082789
2300,1147.740959,1647.0,1641.8142472746483,40.5931908061005,0.0003591748508019366,4571072.399999438,113017.90956540333
2301,1148.2408677271,1620.0,1615.1282730552764,40.25872511024614,0.00035910005435489407,4497711.023622028,112110.0501713067
2302,1148.7407765884,1632.0,1627.4359743759326,40.40668809446365,0.0003590253599490587,4532927.63109226,112545.49845781608
2303,1149.2406855839001,1658.0,1653.4417436918095,40.72742674346754,0.0003589507674912587,4606319.009283285,113462.43115209203
2304,1149.7405947135999,1683.0,1678.8085899582627,41.03208565953266,0.000358876276888397,4677959.224594656,114334.90676869896
2305,1150.2405039775,1650.0,1644.7404642080328,40.629657061737646,0.00035880188804750945,4583979.401998716,113237.02136249021
2306,1150.7404133756002,1616.0,1610.0765457744315,40.211875178753836,0.000358727600875767,4488298.480082736,112095.84955432476
2307,1151.2403229079,1591.0,1587.3095937265414,39.8943053013216,0.0003586534152803541,4425747.883888865,111233.58541040745
2308,1151.7402325744001,1599.0,1594.3065015957413,39.99610661387757,0.0003585793311686681,4446175.122251576,111540.46855830698
2309,1152.2401423751,1637.0,1630.7470203383562,40.471583324846414,0.00035850534844810567,4548738.330955221,112889.7616173354
2310,1152.74005231,1661.0,1654.0,40.76872996680095,0.0003584314670262703,4614550.205991748,113742.05034239616
2311,1153.2399623791,1661.0,1654.6302044677343,40.76825243095296,0.0003583576868107654,4617258.859976623,113764.1354752942
2312,1153.7398725824,1720.0,1714.8080122461813,41.48186141728559,0.0003582840077094056,4786169.561988978,115779.27154072252
2313,1154.2397829198999,1661.0,1654.1895674633722,40.76889835971288,0.0003582104296300263,4617926.868215098,113812.70612868694
2314,1154.7396933916,1616.0,1611.1268256964536,40.2096888981769,0.0003581369524805961,4498633.31481759,112274.6162317765
2315,1155.2396039975001,1569.0,1565.2491644300967,39.617111463713584,0.00035806357616916743,4371428.060838541,110642.67381666446
2316,1155.7395147376,1698.0,1691.8750869290993,41.21826734004741,0.0003579903006039312,4726036.1078914665,115137.9444373549
2317,1156.2394256119,1580.0,1574.3728059692962,39.761315764750954,0.0003579171256931633,4398707.669883841,111090.84452929391
2318,1156.7393366203999,1637.0,1633.1910116245053,40.46628109144229,0.00035784405134525597,4563974.182286367,113083.56514329622
2319,1157.2392477631001,1563.0,1556.8742326200036,39.54707639069485,0.0003577710774686641,4351593.325081916,110537.37677875496
2320,1157.73915904,1639.0,1633.4980103536486,40.49550508036654,0.00035769820397198675,4566693.3527057255,113211.37380812223
2321,1158.2390704511001,1605.0,1600.25,40.07174946674867,0.0003576254307639187,4474653.82028825,112049.49653930361
2322,1158.7389819963998,1562.0,1557.1264506488487,39.531674452313936,0.00035755275775323014,4354955.784520953,110561.79429497577
2323,1159.2388936759,1550.0,1544.4416975783513,39.38075367022504,0.00035748018484881624,4320356.100944501,110162.06027441705
2324,1159.7388054896,1571.0,1564.7461845461294,39.64853995694342,0.0003574077119596769,4378042.588859038,110933.64421139465
2325,1160.2387174374999,1519.0,1513.684294896552,38.985304663535985,0.0003573353389949101,4236033.019163865,109100.05367280869
2326,1160.7386295196002,1539.0,1534.6792187989977,39.239285692693045,0.0003572630658637124,4295655.961773676,109833.03185239396
2327,1161.2385417358998,1590.0,1586.6327870769821,39.881012502016645,0.00035719089247536495,4441974.363012099,111651.81795548495
2328,1161.7384540864,1606.0,1601.3778256403243,40.08387478570404,0.00035711881873929594,4484159.729508298,112242.4041589533
2329,1162.2383665711,1619.0,1613.7561118028398,40.24678687177479,0.00035704684456498617,4519732.176233025,112721.30669803318
2330,1162.73827919,1598.0,1592.365140573161,39.98656359034713,0.0003569749698620529,4460719.308103043,112015.03457174961
2331,1163.2381919431002,1535.0,1530.803706592743,39.18791526573227,0.00035690319454017894,4289128.620899498,109799.84451027555
2332,1163.7381048304,1580.0,1575.9618656613784,39.75627971103443,0.00035683151850919603,4416543.337442776,111414.70875984251
2333,1164.2380178519002,1640.0,1633.560509961615,40.50956806394252,0.0003567599416789893,4578878.733620503,113548.5331489173
2334,1164.7379310076,1635.0,1629.1727583382915,40.44705693078376,0.00035668846395955575,4567494.95134505,113396.0332828986
2335,1165.2378442975,1681.0,1675.9574981935634,41.00909658544879,0.0003566170852610368,4699599.56339948,114994.7612729517
2336,1165.7377577216,1762.0,1756.2727497859087,41.988203527823394,0.00035654580549363387,4925798.376324657,117763.84094518003
2337,1166.2376712799,1745.0,1741.6593648314001,41.7785514149346,0.00035647462456762474,4885787.780669926,117199.22972247645
2338,1166.7375849723999,1823.0,1816.7602846811453,42.70793380865247,0.00035640354239344747,5097480.997188166,119830.27307148803
2339,1167.2374987991,1856.0,1849.4784970695735,43.09390153736882,0.0003563325588816053,5190315.762540462,120937.31112482247
2340,1167.73741276,2004.0,1998.343351907514,44.77538148407815,0.00035626167394268846,5609201.039764345,125681.16291757258
2341,1168.2373268551,2114.0,2106.4287348160874,45.99155858897292,0.00035619088748739736,5913763.6834985465,129120.53678127905
2342,1168.7372410844,2252.0,2245.118922212759,47.46691972481433,0.0003561201994265963,6304385.221135215,133289.0406139353
2343,1169.2371554479,2421.0,2413.3131243162675,49.214907214232646,0.00035604960967114635,6778024.912161105,138224.85933824893
2344,1169.7370699456,2608.0,2595.611605418239,51.08706416292845,0.00035597911813206037,7291471.530797277,143511.40716061968
2345,1170.2369845775,2898.0,2879.2625884598397,53.85760920867869,0.0003559087247204468,8089890.436716309,151324.2173284228
2346,1170.7368993436,3288.0,3258.058990878352,57.38285675243134,0.00035583842934751433,9156006.552896816,161260.988189645
2347,1171.2368142439,4245.0,4216.5452044597705,65.1895944257433,0.00035576823192455455,11851944.120052703,183236.13121130958
2348,1171.7367292784,6085.0,6063.452721953962,78.03027493316307,0.0003556981323629881,17046625.13034013,219372.18060378678
2349,1172.2366444471002,8641.0,8629.481367836483,92.96757911014669,0.0003556281305743272,24265463.347627103,261417.95633547675
2350,1172.73655975,10812.0,10804.851108873943,103.98645173279634,0.0003555582264701235,30388415.467534803,292459.6985566695
2351,1173.2364751871,11552.0,11546.175198713398,107.48466252490302,0.0003554884199621296,32479750.535737336,302357.7041872515
2352,1173.7363907584,10571.0,10565.691719159931,102.81948554335895,0.00035541871096210774,29727449.324654073,289291.1441410321
2353,1174.2363064639,7797.0,7791.5581619524655,88.30560955833785,0.0003553490993819827,21926489.12155234,248503.82261251684
2354,1174.7362223036,5052.0,5046.982171633292,71.08326857054661,0.0003552795851337276,14205663.32212306,200076.98597089612
2355,1175.2361382775,3334.0,3329.460381461787,57.74687004128807,0.0003552101681294292,9373212.48148679,162570.99380175016
2356,1175.7360543855998,2146.0,2140.789021752121,46.33432274803987,0.0003551408482813029,6027999.967090316,130467.4552991409
2357,1176.2359706279,1679.0,1675.038424183343,40.98376114462141,0.0003550716255016134,4717466.290968755,115423.92633239343
2358,1176.7358870044002,1450.0,1446.6546090017446,38.085483080212356,0.00035500249970275025,4075054.7114824643,107282.2955108823
2359,1177.2358035151,1280.0,1275.9021173768253,35.78692066926288,0.0003549334707972109,3594764.1525918655,100827.12286582158
2360,1177.73572016,1290.0,1286.4474450134687,35.92339785729644,0.0003548645386975428,3625178.9196382067,101231.29797399841
2361,1178.2356369391,1311.0,1305.0932312976763,36.22142214235063,0.00035479570331646836,3678435.8409593473,102090.92670449305
2362,1178.7355538524,1329.0,1323.9645754007868,36.4662215872258,0.0003547269645667216,3732348.2781128087,102800.81648646918
2363,1179.2354708998998,1313.0,1307.2278578674836,36.248575202605245,0.00035465832236118955,3685879.550674078,102207.03397364276
2364,1179.7353880816,1298.0,1293.2842192868234,36.03879374050353,0.00035458977661284997,3647268.77249725,101635.17427027116
2365,1180.2353053974998,1295.0,1290.7394921780815,35.99496575452675,0.00035452132723476614,3640795.046790926,101531.17172183741
2366,1180.7352228476,1224.0,1218.0,34.999636521531805,0.00035445297414009205,3436280.9423588146,98742.67977703226
2367,1181.2351404319002,1262.0,1256.6212919860752,35.5378708017702,0.00035438471724208014,3545924.0504654082,100280.4835330816
2368,1181.7350581504,1233.0,1229.4118408759823,35.12189924832603,0.00035431655645409247,3469812.004213449,99125.763695089
2369,1182.2349760031,1247.0,1242.3624769236608,35.3237468870138,0.0003542484916895792,3507036.7441742504,99714.60067067071
2370,1182.73489399,1264.0,1259.693883086874,35.56256072073954,0.00035418052286209135,3556643.580814199,100408.00785250033
2371,1183.2348121111002,1190.0,1185.1080335447707,34.50733064221537,0.00035411264988524454,3346697.8203936587,97447.32545815007
2372,1183.7347303663998,1220.0,1214.3646068073474,34.942607724309,0.0003540448726728423,3429973.713895554,98695.4208954128
2373,1184.2346487559,1235.0,1231.1654920330527,35.150966129881425,0.00035397719113864604,3478092.721377714,99302.91275776995
2374,1184.7345672796,1186.0,1180.721854235019,34.45044216827813,0.0003539096051966439,3336224.383000204,97342.48989692247
2375,1185.2344859375,1149.0,1143.0830409298283,33.911712269486664,0.00035384211476080724,3230488.9475989533,95838.54169651498
2376,1185.7344047296,1207.0,1202.0838469987489,34.75323169477617,0.00035377471974529863,3397879.441086671,98235.48646945966
2377,1186.2343236559,1185.0,1179.5,34.436920463463096,0.00035370742006431523,3334677.0044731586,97359.90400541038
2378,1186.7342427164,1206.0,1200.4448611116118,34.74054239060323,0.0003536402156321808,3394537.182276203,98236.96755896302
2379,1187.2341619111,1194.0,1188.3600318618294,34.567875172062216,0.00035357310636328627,3361002.3230692875,97767.26382731358
2380,1187.73408124,1174.0,1168.9146784507395,34.276138070894305,0.0003535060921721413,3306632.3447730895,96960.53004428392
2381,1188.2340007030998,1156.0,1151.3904609072313,34.01096974219589,0.0003534391729733619,3257676.4234167375,96228.63661679979
2382,1188.7339203004,1110.0,1105.0546461193287,33.328966388753535,0.0003533723486815995,3127167.845028589,94316.84882278118
2383,1189.2338400319002,1147.0,1142.5226126787325,33.878719504111245,0.000353305619211669,3233808.2117913766,95890.68970854425
2384,1189.7337598976,1102.0,1098.445601204362,33.20512047968766,0.00035323898447842643,3109638.6567475484,94001.85692617291
2385,1190.2336798975,1166.0,1162.304274899004,34.15575889118356,0.0003531724443968537,3291038.9622383537,96711.27924352822
2386,1190.7336000316,1144.0,1140.066793233243,33.83195985140223,0.0003531059988820279,3228681.4634778756,95812.47545642924
2387,1191.2335202999,1099.0,1093.5540266361604,33.164834067594434,0.0003530396478491226,3097538.8551925733,93940.8201590094
2388,1191.7334407024,1099.0,1094.127315889663,33.16395961100264,0.0003529733912133581,3099744.4655206525,93955.97638960941
2389,1192.2333612391,1121.0,1117.6075554944384,33.48990518003837,0.0003529072288901193,3166859.3443361153,94897.19234531674
2390,1192.73328191,1100.0,1096.5171223883335,33.17413265028015,0.00035284116079481746,3107679.16055569,94020.0190237199
2391,1193.2332027151,1071.0,1066.0176411609184,32.73921912038798,0.0003527751868430123,3021804.4831914566,92804.76728925151
2392,1193.7331236544,1103.0,1098.7329838005926,33.2216540016305,0.00035270930695032956,3115123.310186204,94189.89901026046
2393,1194.2330447279,1110.0,1104.9631123642278,33.32958063242614,0.0003526435210324805,3133371.369277062,94513.52043798445
2394,1194.7329659356,1072.0,1067.5905416428682,32.7523317400567,0.000352577829005294,3027957.102846754,92893.90609857353
2395,1195.2328872775,1113.0,1108.265136619213,33.37391411206004,0.0003525122307846887,3143905.4870584942,94674.48558528039
2396,1195.7328087536,1050.0,1045.9325897672777,32.41360033172702,0.00035244672628663876,2967633.1534900935,91967.3752491195
2397,1196.2327303639,1110.0,1104.6972240694558,33.32983829213117,0.0003523813154272488,3134948.351986407,94584.57878710177
2398,1196.7326521084,1063.0,1057.6579499973432,32.61762564823532,0.00035231599812273536,3002015.110392148,92580.59759430058
2399,1197.2325739870998,1071.0,1066.3550478223292,32.73817096675869,0.00035225077428934474,3027261.047115278,92939.95459004158
2400,1197.732496,1064.0,1059.4356139998254,32.63015385271869,0.0003521856438434629,3008173.764376143,92650.43712918044
2401,1198.2324181471001,1031.0,1025.4068137971235,32.12403879820786,0.0003521206067015617,2912089.762091665,91230.21540580968
2402,1198.7323404284,1042.0,1037.312868249207,32.29273914238561,0.00035205566278017795,2946445.627539588,91726.23126516517
2403,1199.2322628439001,1051.0,1047.2919280232936,32.42834349663492,0.0003519908119959851,2975338.8222964164,92128.38060388011
2404,1199.7321853936,1030.0,1025.1367621345607,32.10566562932326,0.0003519260542657026,2912932.275712065,91228.44199845353
2405,1200.2321080775,1018.0,1012.1641127725961,31.922217791124314,0.000351861389506193,2876598.9760714606,90723.84394299239
2406,1200.7320308956,1032.0,1027.3369046960156,32.136203475402056,0.0003517968176343484,2920256.390050157,91348.76117271725
2407,1201.2319538479,1041.0,1035.110567010336,32.28053158625216,0.00035173233856720953,2942892.800891964,91775.8421581243
2408,1201.7318769344001,1015.0,1010.1403254659269,31.871242309913306,0.00035166795222187606,2872426.443989995,90628.79374861246
2409,1202.2318001551,1051.0,1045.262544231715,32.43496416440354,0.00035160365851553927,2972843.1969245826,92248.65378632021
2410,1202.7317235100002,1009.0,1005.0454935458727,31.77487882021414,0.000351539457365506,2858983.458294689,90387.80186537314
2411,1203.2316469991,1032.0,1027.25,32.13723456688861,0.00035147534868913526,2922680.0793604394,91435.24485215776
2412,1203.7315706224,1001.0,996.1482589505832,31.65134661316379,0.0003514113324039349,2834707.2706395993,90069.22570380197
2413,1204.2314943799,999.0,994.0544534731528,31.620758977913503,0.0003513474084274385,2829263.6565112113,89998.55476219894
2414,1204.7314182716,1009.0,1004.7944757115372,31.77511298136251,0.00035128357667730924,2860351.4152742364,90454.30840210125
2415,1205.2313422974999,988.0,982.3029113057188,31.44838986642851,0.00035121983707129997,2796832.0909684403,89540.47165634405
2416,1205.7312664576,1048.0,1043.3992870622042,32.384690074021,0.0003511561895272348,2971325.3480365626,92223.03647166476
2417,1206.2311907519002,992.0,987.4018205093091,31.509180475287106,0.00035109263396304754,2812368.375160024,89746.05966413823
2418,1206.7311151804,1046.0,1042.4489164789084,32.35022803760119,0.0003510291702967553,2969693.1329029896,92158.23291908404
2419,1207.2310397431002,949.0,943.1000921490198,30.82182997120831,0.0003509657984464527,2687156.686844259,87820.03861242575
2420,1207.73096444,911.0,904.7990394533491,30.20085008645043,0.00035090251833035324,2578491.154063295,86066.21072470667
2421,1208.2308892711,1005.0,999.900579244775,31.715243706029675,0.00035083932986672723,2850024.196616171,90398.1994210207
2422,1208.7308142364,973.0,967.103354481414,31.208291224315992,0.0003507762329739651,2757037.8593842564,88969.22964171377
2423,1209.2307393359001,1027.0,1019.9945084552444,32.06642335252386,0.0003507132275705231,2908343.422120111,91432.03287385502
2424,1209.7306645695999,935.0,930.2466042235808,30.591533643365473,0.0003506503135749673,2652918.2156989537,87242.28229393884
2425,1210.2305899375,1030.0,1026.2008093126008,32.10363813152704,0.0003505874909059371,2927089.0603108574,91570.97433388024
2426,1210.7305154396001,990.0,985.9018792528526,31.475218065965596,0.0003505247594821646,2812645.4767684313,89794.56433395574
2427,1211.2304410759,1003.0,998.5978598064802,31.68226682981343,0.0003504621192224739,2849374.597237337,90401.40172667698
2428,1211.7303668464,1067.0,1063.048799276399,32.675425448484944,0.0003503995700457888,3033818.78903985,93251.89937937153
2429,1212.2302927511,1022.0,1018.2986684930505,31.97876133227145,0.00035033711187109604,2906625.173263762,91279.97077294455
2430,1212.73021879,1090.0,1086.645612659586,33.024144719877114,0.0003502747446175008,3102266.5189470067,94280.69030765949
2431,1213.2301449631,1058.0,1055.2015935431662,32.53421518561448,0.0003502124682041622,3013032.6283187005,92898.50630517276
2432,1213.7300712704,1106.0,1102.7586239801678,33.26451462355078,0.0003501502825503789,3149386.6460653367,95000.67908345826
2433,1214.2299977118998,1062.0,1057.4129934378468,32.599820683083955,0.00035008818757548463,3020418.942898071,93118.88215609934
2434,1214.7299242876,1067.0,1061.3360856010077,32.68055026148994,0.00035002618319891104,3032161.982573393,93366.01611576701
2435,1215.2298509975,1106.0,1101.414836455671,33.26784498512829,0.0003499642693402435,3147220.8249489884,95060.69018944477
2436,1215.7297778416,1156.0,1150.33424039212,34.015003949125045,0.00034990244591906553,3287585.5936662955,97212.82130446415
2437,1216.2297048199,1183.0,1178.8452331841097,34.40538204761544,0.00034984071285507464,3369662.791855959,98345.8493633594
2438,1216.7296319324,1143.0,1139.2025155998394,33.81791337168531,0.0003497790700681222,3256920.1907305974,96683.63908995186
2439,1217.2295591791,992.0,987.8579438447096,31.50713667050863,0.00034971751747801854,2824731.088590097,90093.10399353674
2440,1217.72948656,875.0,870.3916586405909,29.59420472492893,0.0003496560550047974,2489279.5253571365,84638.04444777279
2441,1218.2294140751,936.0,932.0,30.605461187659728,0.0003495946825685204,2665944.4392931475,87545.55693695675
2442,1218.7293417244,911.0,906.7652296622107,30.194468711745298,0.00034953340008929846,2594216.259248905,86385.07422761671
2443,1219.2292695079,911.0,905.8904632794587,30.197787582829505,0.0003494722074873851,2592167.3994981665,86409.69706845588
2444,1219.7291974256002,895.0,889.9397444530345,29.930075795077396,0.00034941110468312826,2546970.4097129293,85658.62788539648
2445,1220.2291254775,878.0,870.5931093496814,29.65303332657322,0.0003493500915968869,2492036.299089493,84880.56548383474
2446,1220.7290536636,924.0,917.8355821568182,30.416804403697878,0.00034928916814922064,2627724.1490772697,87082.01449494547
2447,1221.2289819839,923.0,920.0834113252462,30.38841383890934,0.0003492283342606576,2634618.446046571,87015.88862554316
2448,1221.7289104384001,902.0,897.25,30.047129397706147,0.00034916758985191037,2569682.943312532,86053.60368770135
2449,1222.2288390270999,898.0,893.1579600795624,29.98057744352938,0.00034910693484372436,2558407.9573766678,85877.92006179999
2450,1222.72876775,850.0,844.7041141096835,29.17055425071098,0.00034904636915691,2420034.0950401234,83572.14636316034
2451,1223.2286966071001,965.0,959.6372549917488,31.0798576814907,0.00034898589271245583,2749788.10041022,89057.63336141127
2452,1223.7286255984,916.0,911.7061728101827,30.278910185928037,0.00034892550543135994,2612896.3306453736,86777.57777694028
2453,1224.2285547239,866.0,862.9767933924035,29.43518696144446,0.0003488652072347083,2473668.269280327,84374.09736202544
2454,1224.7284839836,917.0,910.8174363201214,30.300627311027974,0.00034880499804370966,2611251.10428029,86869.81975880667
2455,1225.2284133775001,895.0,890.2047868066562,29.930547935921176,0.0003487448777796495,2552596.019400526,85823.62019617233
2456,1225.7283429056,869.0,864.1352345533795,29.493633274587026,0.0003486848463638598,2478270.115735505,84585.3600526414
2457,1226.2282725679001,815.0,810.0309116947069,28.56188855951262,0.00034862490371780384,2323502.718986451,81927.27557590717
2458,1226.7282023644,855.0,847.5117308525104,29.26468096106314,0.00034856504976303555,2431430.607941539,83957.58834960104
2459,1227.2281322951,929.0,924.6872944681363,30.491317631870192,0.00034850528442114705,2653294.9019811964,87491.69379889037
2460,1227.7280623600002,914.0,907.9382439121765,30.24947032878152,0.00034844560761385047,2605681.41504128,86812.60336707749
2461,1228.2279925591,951.0,944.3436150597397,30.859193391216834,0.00034838601926294026,2710624.315687615,88577.58832143669
2462,1228.7279228924,922.0,918.9401460866245,30.37269934121371,0.00034832651929029836,2638157.289772048,87196.05789159234
2463,1229.2278533598999,958.0,953.7206437021243,30.96430540241218,0.0003482671076178677,2738474.64443465,88909.6464326095
2464,1229.7277839616002,885.0,881.7939924795896,29.75861106199647,0.00034820778416771585,2532378.7478997586,85462.22231397072
2465,1230.2277146975,902.0,898.956143937738,30.042219416703492,0.00034814854886197134,2582105.1010445044,86291.38198308038
2466,1230.7276455676001,882.0,878.4002440924571,29.708472035934317,0.00034808940162282695,2523490.344713941,85347.24670567534
2467,1231.2275765718998,859.0,853.75,29.32464250805933,0.0003480303423726157,2453090.7109413464,84258.8675117963
2468,1231.7275077104,844.0,838.7065541286687,29.067808357900976,0.0003479713710336906,2410274.591375694,83535.05712711815
2469,1232.2274389831,826.0,820.8031617962785,28.757051345909076,0.0003479124875285572,2359223.0552773867,82655.9907354537
2470,1232.72737039,860.0,856.0341418587088,29.33733023674938,0.00034785369177973703,2460902.8510778453,84338.13103046194
2471,1233.2273019311,791.0,786.3012399039104,28.14037618054862,0.00034779498370987615,2260818.23123656,80910.81671270676
2472,1233.7272336064,882.0,878.4068259261844,29.708521261607732,0.00034773636324172903,2526071.238962028,85434.03682218833
2473,1234.2271654159001,863.0,857.3224091002191,29.393172731496158,0.00034767783029806523,2465852.966136018,84541.40635397231
2474,1234.7270973595998,841.0,833.4204850569633,29.023821795033562,0.00034761938480178545,2397508.6588804144,83493.10499925978
2475,1235.2270294375,865.0,857.7402006158094,29.431838108132848,0.00034756102667586315,2467883.7233834662,84681.0656235663
2476,1235.7269616495998,843.0,833.25,29.064611340531858,0.0003475027558433801,2397822.710722751,83638.50603139191
2477,1236.2268939959,832.0,822.4610342405189,28.874634369597423,0.0003474445722274458,2367171.9174306616,83105.72873389248
2478,1236.7268264764,811.0,802.6262051892533,28.50482189050501,0.0003473864757513094,2310470.5024954556,82055.07087993642
2479,1237.2267590911,804.0,796.5854383059632,28.37926225376341,0.00034732846633826167,2293464.301109636,81707.27424951392
2480,1237.72669184,845.0,839.4171640943498,29.086599247662985,0.0003472705439117161,2417185.0414924575,83757.74956328413
2481,1238.2266247231,870.0,865.208347897556,29.51032812482206,0.00034721270839513737,2491868.318693352,84992.07376718054
2482,1238.7265577404,809.0,804.2075651240785,28.458657493720082,0.0003471549597120678,2316566.5436296593,81976.81380477422
2483,1239.2264908918999,761.0,756.8776358836741,27.598803532063783,0.0003470972977861841,2180592.1299621277,79513.16160653305
2484,1239.7264241776,839.0,833.123703200318,28.984162910244144,0.0003470397225411834,2400658.048882144,83518.28631607028
2485,1240.2263575974998,849.0,843.6678102939493,29.153993048445724,0.00034698223390090284,2431443.8258383526,84021.57286465573
2486,1240.7262911516,799.0,793.6595514946166,28.284746763137516,0.0003469248317892028,2287698.8868206963,81529.89976896145
2487,1241.2262248399002,856.0,852.8316305788303,29.26751068893975,0.0003468675161300679,2458666.7558083953,84376.62602561222
2488,1241.7261586624,784.0,780.9652730897974,28.009137185140723,0.0003468102868475414,2251851.524326646,80762.12917367587
2489,1242.2260926191,809.0,804.7026754993756,28.45718046513221,0.00034675314386578673,2320678.816428674,82067.54853864214
2490,1242.72602671,833.0,829.75,28.87199956994396,0.000346696087109014,2393306.503453834,83277.54665677996
2491,1243.2259609351001,832.0,828.4682200091372,28.854883825723157,0.0003466391165015077,2390002.110467339,83241.85717106643
2492,1243.7258952943998,791.0,786.2807954936808,28.140752726631067,0.0003465822319676821,2268670.2403341886,81195.02424248662
2493,1244.2258297879,773.0,769.75,27.813561800909778,0.00034652543343198776,2221337.673187207,80264.12816353557
2494,1244.7257644156002,801.0,797.5906724495786,28.312562408031376,0.00034646872081896626,2302056.7933644103,81717.51360731061
2495,1245.2256991775,774.0,769.6706184485777,27.834903292140446,0.0003464120940532625,2221835.298655125,80351.9962783421
2496,1245.7256340736,783.0,778.5663960587057,27.997476753918516,0.00034635555305957385,2247881.950155396,80834.49653571137
2497,1246.2255691039,806.0,803.1317757525406,28.399112318353474,0.00034629909776270445,2319185.296586805,82007.46840470684
2498,1246.7255042684,752.0,748.6570660046266,27.4342329779168,0.00034624272808751635,2162231.883222096,79234.10588130105
2499,1247.2254395671,788.0,785.6564990533956,28.07942072295953,0.0003461864439590011,2269460.6122313705,81110.68822291892
2500,1247.725375,785.0,783.2661027856163,28.022944266194735,0.0003461302453021317,2262923.0280119427,80960.69224385158
2501,1248.2253105671,802.0,798.961159181698,28.329395869297095,0.0003460741320420897,2308641.6614476345,81859.32794841673
2502,1248.7252462684,787.0,783.9434930553177,28.064076828938273,0.00034601810410404474,2265614.092896112,81105.80485840602
2503,1249.2251821039001,753.0,750.8843312579528,27.44765964723745,0.000345962161413276,2170423.2861494035,79337.17240958413
2504,1249.7251180736,750.0,746.9811039098888,27.395602152886138,0.0003459063038951491,2159489.7100699074,79199.48796651672
2505,1250.2250541775002,749.0,744.691355252467,27.382950268698977,0.00034585183755784257,2153209.190707046,79175.37886182047
2506,1250.7249904156,749.0,745.5212306958824,27.379028232168473,0.0003457990500462666,2155937.7638432914,79176.12332510822
2507,1251.2249267879001,758.0,753.4399261386912,27.5476724115642,0.00034574634548424865,2179169.6021643593,79675.96121075762
2508,1251.7248632944,771.0,767.5756841632989,27.778540962948117,0.0003456937238009695,2220392.3048519813,80355.93084397852
2509,1252.2247999351,737.0,733.9623012209129,27.15804369379528,0.00034564118492565855,2123480.45670187,78572.93886906593
2510,1252.72473671,764.0,760.8251106401035,27.651441916637985,0.0003455887287875655,2201533.3466149736,80012.56873639364
2511,1253.2246736191,746.0,743.25,27.32238144102781,0.00034553635531609823,2151003.761442328,79072.37840728271
2512,1253.7246106624002,686.0,682.9891244720578,26.201580189676175,0.00034548406444068116,1976904.8554461636,75840.19897443034
2513,1254.2245478399,705.0,700.6856200205535,26.56752920211289,0.0003454318560908384,2028433.7059992922,76911.05708306884
2514,1254.7244851516,743.0,739.528120484879,27.269321425125778,0.0003453797301961629,2141203.0175159797,78954.60862638874
2515,1255.2244225975,735.0,730.5078497445437,27.12710128161294,0.0003453276866863148,2115404.8108749385,78554.66656009652
2516,1255.7243601776001,781.0,777.9266174401471,27.956481445651022,0.00034527572549103257,2253059.10612112,80968.56912223648
2517,1256.2242978918998,747.0,743.426906548819,27.343358294390395,0.0003452238465401313,2153463.365869767,79204.7205557447
2518,1256.7242357404,744.0,740.2184120887106,27.289984182029308,0.0003451720497634939,2144491.1677984814,79061.97561687844
2519,1257.2241737231,785.0,782.064914229878,28.02651924243015,0.00034512033509110355,2266064.4265526445,81207.96253582629
2520,1257.72411184,735.0,729.7527848663641,27.12979944270577,0.0003450687024529627,2114804.326439425,78621.44335273035
2521,1258.2240500911,740.0,736.2859669435538,27.215900920843605,0.0003450171517792055,2134056.1277798205,78882.7476561527
2522,1258.7239884763999,686.0,682.6791080343667,26.20407911117701,0.0003449656830000207,1978976.8712568597,75961.408344422
2523,1259.2239269959,715.0,712.3218866352979,26.74771281887393,0.0003449142960456424,2065214.1555218012,77548.86685048975
2524,1259.7238656496,728.0,722.7144695358903,26.99988359092835,0.00034486299084638815,2095656.7933316105,78291.62394220164
2525,1260.2238044375001,716.0,710.8892312383022,26.77736146830902,0.0003448117673327128,2061673.3493099061,77657.9107941848
2526,1260.7237433596,662.0,659.0738065226072,25.739604014973924,0.00034476062543503986,1911685.2618855415,74659.34946165657
2527,1261.2236824159,663.0,659.1403703058552,25.76341866053746,0.0003447095650839493,1912161.5326958813,74739.49454887662
2528,1261.7236216064002,708.0,704.9301073980326,26.619017159483207,0.0003446585862100409,2045299.7128248997,77233.00165590859
2529,1262.2235609310999,732.0,728.5695997380758,27.067746262290587,0.00034460768874404506,2114200.0702114794,78546.55350535421
2530,1262.72350039,685.0,681.9306934387446,26.183454745555416,0.00034455687261667275,1979152.783283495,75991.67750365872
2531,1263.2234399831,742.0,738.6380261430123,27.251826197045233,0.0003445061377588209,2144048.9593253983,79104.03679403667
2532,1263.7233797104,718.0,715.4312807311709,26.804461842880254,0.00034445548410137977,2076991.9880869305,77816.91127028535
2533,1264.2233195719,665.0,661.8289371169371,25.798811388354313,0.00034440491157531586,1921659.4040129003,74908.3724455321
2534,1264.7232595676,689.0,684.6137385506097,26.26436828630563,0.00034435442011172666,1988107.8870092188,76271.32614642811
2535,1265.2231996975,689.0,683.8517539748595,26.26787444510989,0.0003443040096417158,1986185.8555945328,76292.6765576862
2536,1265.7231399616,703.0,698.5,26.530399955782265,0.00034425368009649815,2029026.965824164,77066.42365695408
2537,1266.2230803599002,686.0,681.5,26.20807304368135,0.0003442034314073399,1979933.7769921706,76141.23117984257
2538,1266.7230208924,706.0,701.5,26.586915317755572,0.00034415326350558637,2038336.039165914,77253.1256770256
2539,1267.2229615591,689.0,684.5999808322726,26.265218638245955,0.00034410317632266866,1989519.5044358354,76329.4861702085
2540,1267.72290236,691.0,687.2831787910562,26.30058142323437,0.0003440531697900718,1997607.460528297,76443.36321412759
2541,1268.2228432951001,700.0,696.4669695184384,26.47027438463233,0.00034400324383934656,2024594.1920352834,76947.74644914176
2542,1268.7227843644,708.0,704.1513539531792,26.62191888974779,0.0003439533984021564,2047228.9479456544,77399.78442841541
2543,1269.2227255679,698.0,693.663666965966,26.436028733287255,0.0003439036334101948,2017029.1895072567,76870.45487465203
2544,1269.7226669056,710.0,706.7174153856795,26.657632442667488,0.00034385394879522525,2055283.6978078436,77526.03259630693
2545,1270.2226083775,694.0,690.4026929630315,26.356793517393015,0.00034380434448911265,2008126.7268130602,76662.18865430208
2546,1270.7225499836002,693.0,688.7822865872005,26.340509941748024,0.00034375482042378163,2003702.1902356695,76625.86348396626
2547,1271.2224917239,699.0,694.9678626610463,26.453298168105363,0.00034370537653119455,2021987.1730693493,76965.04033507452
2548,1271.7224335984001,754.0,749.9739155397489,27.47395547993028,0.0003436560127434466,2182338.989365029,79946.09278214701
2549,1272.2223756071,812.0,809.5636767461782,28.5041059219645,0.0003436067289926806,2356076.317595699,82955.61034420744
2550,1272.72231775,813.0,810.8098680671676,28.520086555576853,0.0003435575252110596,2360041.066104019,83014.00628047937
2551,1273.2222600271,796.0,792.5946163441974,28.225504351534795,0.00034350840133089654,2307351.4745879616,82168.30867069706
2552,1273.7222024384,886.0,882.998889993034,29.77489579294355,0.00034345935728451887,2570897.753301172,86691.17658738956
2553,1274.2221449838999,890.0,885.6248627666453,29.848217797513296,0.0003434103930043679,2578911.0661988053,86917.04853887066
2554,1274.7220876636,892.0,890.218911779551,29.872113892227127,0.00034336150842290635,2592657.854598832,86999.01753528729
2555,1275.2220304775,894.0,891.7524982355474,29.906507996405256,0.00034331270347271283,2597493.4490195047,87111.56824053347
2556,1275.7219734256,1002.0,998.1539353210516,31.66669062684053,0.0003432639780864011,2907831.870053699,92251.71485622613
2557,1276.2219165079,1027.0,1024.311272502821,32.05523002904911,0.00034321533219667816,2984456.626535098,93396.8474656604
2558,1276.7218597244,1058.0,1055.6585441535262,32.53374913272804,0.0003431667657363399,3076226.049711948,94804.4868590923
2559,1277.2218030751,1125.0,1121.757326748378,33.54992459328053,0.0003431182786381765,3269302.152017638,97779.4733828781
2560,1277.72174656,1096.0,1090.9698171257046,33.120771767864596,0.00034306987083515013,3180022.234158624,96542.35065072091
2561,1278.2216901791,1177.0,1171.9001571784318,34.322449501005615,0.00034302154226020787,3416403.9653505394,100059.16618195784
2562,1278.7216339324,1223.0,1219.0,34.982703312223016,0.00034297329284641037,3554212.60321249,101998.33060438588
2563,1279.2215778199,1288.0,1284.059456178229,35.89970317517341,0.00034292512252688035,3744430.9904054273,104686.71093748575
2564,1279.7215218416002,1376.0,1372.618304724612,37.10375938828473,0.0003428770312348122,4003237.8365543038,108213.02101999066
2565,1280.2214659975,1381.0,1378.4117276497766,37.16850538191107,0.0003428290189034626,4020697.349537742,108417.0339511935
2566,1280.7214102876,1416.0,1412.5450967288418,37.638417986481564,0.00034278108546615955,4120837.3408581577,109803.07718932569
2567,1281.2213547119,1570.0,1565.2620756671215,39.63565429195691,0.00034273323085631883,4566998.279554961,115645.78722911474
2568,1281.7212992704,1665.0,1662.3079339696196,40.81108872975243,0.0003426854550073795,4850827.222689749,119091.97817827894
2569,1282.2212439630998,1782.0,1779.692371410796,42.219064898997466,0.0003426377578529163,5194092.976100908,123217.78301246295
2570,1282.72118879,1933.0,1930.2786614479462,43.972117450571574,0.0003425901393265171,5634367.25074048,128351.96464502576
2571,1283.2211337511,2208.0,2205.5,46.99466685065798,0.0003425425993618359,6438615.238247426,137193.64230378947
2572,1283.7210788464,2373.0,2370.386578858829,48.71860548195559,0.00034249513789269304,6920934.975729477,142246.1229134867
2573,1284.2210240759,2753.0,2749.5,52.475707294375276,0.0003424477548528171,8028961.968758493,153237.11880350672
2574,1284.7209694396,3040.0,3036.556096993705,55.14253453727532,0.00034240045017614525,8868434.885034679,161046.9101571206
2575,1285.2209149375,3620.0,3616.9442102640733,60.17144557019837,0.0003423532237966102,10564948.593598979,175758.37289601756
2576,1285.7208605695998,4237.0,4233.5,65.09763713312665,0.0003423060756482395,12367586.4998389,190173.77068124924
2577,1286.2208063359,5025.0,5021.637935704247,70.89216736827758,0.00034225900566513316,14672040.333739024,207130.17391758162
2578,1286.7207522364,6058.0,6055.69513391475,77.83607198943649,0.0003422120137814424,17695740.915110856,227449.85229871966
2579,1287.2206982711,7160.0,7157.277278787957,84.6200513675332,0.00034216509993140204,20917613.398394115,247307.6634189109
2580,1287.7206444400001,8272.0,8269.255880608394,90.95334361274759,0.0003421182640492924,24170752.48405025,265853.51666476077
2581,1288.2205907431,9807.0,9802.546667902187,99.03509946386838,0.00034207150606949696,28656425.61269237,289515.78166159184
2582,1288.7205371804,11859.0,11856.81229440296,108.90091495382954,0.0003420248259264214,34666525.33858368,318400.6150982064
2583,1289.2204837519,16259.0,16255.329980614551,127.51375117672498,0.00034197822355460977,47533231.24394432,372870.9677806797
2584,1289.7204304576,24766.0,24763.026505167967,157.37409928905885,0.00034193169888859675,72420973.50335425,460250.1019957562
2585,1290.2203772975,38173.0,38170.03920020285,195.38056045772407,0.00034188525186302604,111645761.23773661,571479.9319158755
2586,1290.7203242716,54954.0,54949.4857516239,234.42473962800184,0.00034183888241261473,160746739.4106953,685775.5266852317
2587,1291.2202713799,66695.0,66692.3177261693,258.25474460572946,0.0003417925904721062,195125112.671546,755589.0671854857
2588,1291.7202186224,67124.0,67119.75,259.0846681473758,0.0003417463759763778,196402229.0162909,758119.7237488314
2589,1292.2201659991001,55967.0,55962.9558210955,236.5752755990784,0.00034170023886034623,163777924.20557162,692347.4106664798
2590,1292.72011351,37843.0,37840.75,194.5339538432848,0.0003416541790589463,110757462.71925816,569388.4804193232
2591,1293.2200611551,22178.0,22175.775415529446,148.92434022433278,0.000341608196507232,64915817.71826711,435950.7229247059
2592,1293.7200089343999,11256.0,11253.898963035832,106.09623802765579,0.0003415622911403207,32948306.223922428,310620.46595790435
2593,1294.2199568479,5459.0,5455.874486019003,73.8892255852214,0.00034151646289343174,15975436.263877789,216356.2627675671
2594,1294.7199048956,3068.0,3063.974515754273,55.39734664367248,0.00034147071170174086,8972876.474485213,162231.6197122626
2595,1295.2198530775,1800.0,1797.9752105627986,42.43125368200354,0.0003414250375006077,5266090.687797313,124276.92471712189
2596,1295.7198013936,1409.0,1406.6022048617197,37.54285838764663,0.0003413794402253887,4120348.325408934,109973.98777987256
2597,1296.2197498439,1187.0,1183.25,34.464066874641645,0.0003413339198115398,3466546.778161708,100968.77243747191
2598,1296.7196984284,1138.0,1134.1770453237161,33.74573497081065,0.00034128847619458645,3323221.041536317,98877.45213984442
2599,1297.2196471471,1039.0,1034.572482525894,32.24789630425069,0.000341243109310092,3031775.4536275915,94501.23804535672
2600,1297.7195960000001,1046.0,1042.3220099061978,32.35387197097555,0.0003411978190937153,3054890.5988754514,94824.38093219187
2601,1298.2195449870999,1026.0,1023.071536817197,32.04089367100695,0.0003411526054811599,2998867.7218931457,93919.53382802583
2602,1298.7194941084,1010.0,1007.75,31.787827939089976,0.00034110746840822106,2954347.5101928087,93190.06730467662
2603,1299.2194433639,988.0,985.75,31.43988838771883,0.0003410624078107196,2890233.509836313,92182.21553507332
2604,1299.7193927536,953.0,950.609770531241,30.878316622419195,0.00034101742362460603,2787569.5043009818,90547.6215678945
2605,1300.2193422775001,886.0,882.4124927924024,29.778780939630064,0.00034097251578586295,2587928.5043213684,87334.84243149876
2606,1300.7192919356,918.0,915.9308356673329,30.305410075139584,0.00034092768423048427,2686583.9239036907,88891.02140104175
2607,1301.2192417279,874.0,871.3415845704858,29.573146728338312,0.0003408829288946238,2556131.4771495676,86754.55477994963
2608,1301.7191916544,936.0,934.159050594979,30.60011805596777,0.00034083824971446915,2740769.415925452,89779.0024494095
2609,1302.2191417151,891.0,888.1145295792553,29.859296588189405,0.00034079364662622624,2606018.4465625226,87616.94029154927
2610,1302.7190919099999,879.0,875.0414508899707,29.6628132698349,0.0003407491195662537,2567993.2849241938,87051.76790359218
2611,1303.2190422391,827.0,825.7328795371728,28.761352369268103,0.00034070466847089387,2423603.0672638537,84417.25350683054
2612,1303.7189927023999,822.0,818.1326037288738,28.685116252202672,0.00034066029327660174,2401608.3467191313,84204.46062644458
2613,1304.2189432999,861.0,858.4122358081632,29.351777605287506,0.0003406159939198774,2520175.949254122,86172.63466551098
2614,1304.7188940316,854.0,850.4346560459701,29.235889553324217,0.000340571770337296,2497079.118459276,85843.54928880198
2615,1305.2188448975,880.0,875.62027141021,29.679916059237144,0.00034052762246552723,2571363.418539863,87158.61534035097
2616,1305.7187958976,800.0,794.3573069441239,28.305645696011545,0.00034048355024122117,2333026.974082444,83133.66585832986
2617,1306.2187470319,830.0,825.5426023791792,28.826181094219592,0.0003404395536011918,2424931.51470367,84673.41937590497
2618,1306.7186983004,802.0,798.169126671414,28.334459581315553,0.00034039563248226557,2344827.754842002,83239.78593583089
2619,1307.2186497031,768.0,765.8321574253076,27.720509426891102,0.0003403517868213219,2250119.397279247,81446.6399186082
2620,1307.71860124,734.0,730.0416393066387,27.108051322667503,0.0003403080165553499,2145237.8545067273,79657.39860335753
2621,1308.2185529111,799.0,795.4586823432487,28.279731112884825,0.0003402643216213798,2337766.9411616256,83111.06782553697
2622,1308.7185047164,788.0,784.1229870820348,28.086419163520688,0.00034022070195650065,2304748.0137827997,82553.52776008238
2623,1309.2184566559001,842.0,839.5610101276312,29.026373306762828,0.00034017715749787373,2468011.1277985466,85327.22632013955
2624,1309.7184087296,846.0,844.1491229250519,29.092518281296417,0.00034013368818271926,2481815.6867530756,85532.59877530263
2625,1310.2183609375002,787.0,784.0800558573765,28.064887802899026,0.00034009029394834226,2305505.537233808,82521.87228595803
2626,1310.7183132796,780.0,777.9205905709039,27.93614992966444,0.000340046974732107,2287685.6680867663,82153.79640319657
2627,1311.2182657559001,757.0,754.0196905937801,27.525275184554246,0.00034000373047138533,2217680.639998855,80955.80347425268
2628,1311.7182183664,756.0,753.1523566306874,27.506188199376748,0.00033996056110370456,2215410.970571199,80909.93881783252
2629,1312.2181711111,773.0,768.9612668049564,27.818300081658673,0.0003399174665666121,2262199.923328349,81838.39554537056
2630,1312.7181239899999,813.0,808.5576130942746,28.530060136088505,0.0003398744467977083,2378989.1258742507,83942.93953222515
2631,1313.2180770031,787.0,783.4023358045804,28.067822543146224,0.00033983150173466463,2305266.968499728,82593.35111628693
2632,1313.7180301504002,767.0,765.1933617101053,27.701579040805804,0.00033978863131522497,2251968.6981529067,81525.91490062773
2633,1314.2179834319,767.0,764.5,27.70448380097369,0.0003397458354772292,2250211.541007216,81544.73405702873
2634,1314.7179368476002,786.0,783.5371077389714,28.04529242282711,0.00033970311415849414,2306534.9567958307,82558.24351890432
2635,1315.2178903975,796.0,793.9816091453853,28.221130140049496,0.0003396604672969966,2337574.388517618,83086.29604331654
2636,1315.7178440816,794.0,791.6406339000577,28.186671484721067,0.00033961789483070244,2330974.444955811,82995.24822969637
2637,1316.2177978999,774.0,770.3041930668384,27.835423977341968,0.0003395753966976801,2268433.462959718,81971.26248849976
2638,1316.7177518524,831.0,828.0179008714825,28.838341923881494,0.0003395329728360699,2438696.5835900074,84935.32066414341
2639,1317.2177059391,801.0,798.3386861546667,28.312458275271805,0.0003394906231840579,2351578.016108681,83396.87856392413
2640,1317.71766016,769.0,767.4121328301723,27.73675413117018,0.0003394483476798886,2260762.611087647,81711.26570728484
2641,1318.2176145151002,804.0,801.2151810388401,28.36545472960284,0.00033940614626187105,2360638.3969860617,83573.78038675024
2642,1318.7175690044,803.0,799.8189814831052,28.34972571210954,0.00033936401886841756,2356817.2729390645,83537.80641400775
2643,1319.2175236279002,785.0,782.6987566863334,28.026625948841748,0.00033932196543790953,2306655.142929598,82595.96726275055
2644,1319.7174783855999,795.0,791.9492499542471,28.207378939028096,0.00033927998590892086,2334205.620271526,83138.94161325601
2645,1320.2174332775,778.0,774.3840168229095,27.907311464084643,0.00033923808021996176,2282715.479113664,82264.67808681607
2646,1320.7173883035998,836.0,834.133888428246,28.920325416046428,0.0003391962483097033,2459148.332521177,85261.33635075088
2647,1321.2173434639,792.0,788.5492674265236,28.156114524450818,0.0003391544901168429,2325044.457335236,83018.55155964673
2648,1321.7172987584001,854.0,851.201227718379,29.233622624451563,0.00033911280558009756,2510082.821149399,86206.18904214945
2649,1322.2172541871,811.0,807.5804611124561,28.49154805400945,0.0003390711946383253,2381743.0494910437,84028.2173907469
2650,1322.7172097500002,840.0,837.7659268613613,28.99129423512155,0.00033902965723040413,2471069.7397544095,85512.56097167659
2651,1323.2171654471,867.0,865.0157613438172,29.45234593244,0.00033898819329526985,2551757.7852346026,86883.10246482844
2652,1323.7171212784,859.0,857.2188086602802,29.31529987488077,0.00033894680277192924,2529065.923176995,86489.38309828656
2653,1324.2170772439,911.0,908.7654298394893,30.191010468041497,0.00033890548559947846,2681471.585601528,89083.8648263177
2654,1324.7170333436,952.0,949.9847361472938,30.861673728713505,0.00033886424171702733,2803437.539864681,91073.85769692666
2655,1325.2169895774998,1033.0,1030.7349022904891,32.148077565898376,0.0003388230710637688,3042103.653255943,94881.60727947563
2656,1325.7169459456,1045.0,1042.4701371801928,32.33504674164736,0.0003387819735789914,3077112.1797515806,95445.00375876116
2657,1326.2169024479,1163.0,1160.1181196310813,34.11253286313552,0.0003387409492019852,3424794.4406016394,100703.89465312274
2658,1326.7168590844,1230.0,1228.9416066341778,35.07454006335604,0.00033869999787214166,3628407.482594966,103556.36340038179
2659,1327.2168158551,1287.0,1285.028863145231,35.88098646210235,0.0003386591195289163,3794461.1234232816,105950.15575547985
2660,1327.71677276,1443.0,1441.2575009947923,37.99128988311233,0.0003386183141117974,4256289.281857774,112195.02401328836
2661,1328.2167297991,1538.0,1532.3063902628205,39.23370649239581,0.00033857758156037457,4525717.217309564,115878.03986189121
2662,1328.7166869723999,1760.0,1754.7206475498376,41.96510347888577,0.00033853692181427635,5183247.481976247,123960.19687893338
2663,1329.2166442799,2047.0,2032.1306680079015,45.27913839638881,0.00033849633481318253,6003405.233706422,133765.52044907236
2664,1329.7166017216,2360.0,2334.0105662382402,48.63872938065669,0.0003384558204968489,6896056.811231499,143707.76460353273
2665,1330.2165592975,3032.0,2997.5,55.133912013426716,0.00033841537880510215,8857457.987233788,162917.86800025732
2666,1330.7165170076,4294.0,4260.189510186262,65.58772337323015,0.0003383750096778255,12590142.26329091,193831.46360506263
2667,1331.2164748518999,6406.0,6385.036763437753,80.0676870261929,0.00033833471305492205,18871952.882946618,236652.29707953575
2668,1331.7164328304,8535.0,8524.137708439457,92.39876481782287,0.00033829448887644686,25197388.632460617,273131.1560075963
2669,1332.2163909431,9820.0,9816.237244718273,99.1001860694551,0.0003382543370824115,29020284.941170372,292975.35967827245
2670,1332.71634919,9452.0,9448.037760377192,97.22604537907404,0.000338214257612979,27935066.448880017,287468.7958611446
2671,1333.2163075710998,7607.0,7603.78725443999,87.22233274159274,0.0003381742504083129,22484820.311597195,257921.27175939668
2672,1333.7162660864,5285.0,5282.41425458833,72.70191059753033,0.0003381343154086406,15622236.531079225,215008.96917152268
2673,1334.2162247359,3257.0,3252.8587234738234,57.07857273191317,0.0003380944525543284,9621153.789712422,168824.33976860714
2674,1334.7161835196,1893.0,1890.9523549158705,43.51385058212411,0.0003380546617856731,5593628.985701537,128718.38640613665
2675,1335.2161424375001,1173.0,1170.0117419996805,34.259053097199235,0.0003380149430431295,3461420.1711502178,101353.66439355287
2676,1335.7161014896,928.0,925.2152822842245,30.473385091993567,0.0003379752962672103,2737523.4003870212,90164.53400162322
2677,1336.2160606759,865.0,861.5228059755336,29.424455132032815,0.0003379357213984465,2549368.8634346724,87071.15959883867
2678,1336.7160199963998,702.0,699.0449329888233,26.508208619852468,0.000337896218377451,2068815.497094279,78450.74072489665
2679,1337.2159794511,781.0,779.0110633502429,27.954562821922423,0.0003378567871448943,2305743.4184862296,82740.86502200042
2680,1337.71593904,730.0,728.25,27.025932634337767,0.00033781742764150323,2155750.2378853867,80001.59382842167
2681,1338.2158987631,689.0,687.2071076515522,26.256466611443706,0.00033777813980807387,2034492.5460304343,77732.87704871214
2682,1338.7158586203998,700.0,697.197236395276,26.469462910165475,0.0003377389235854534,2064308.2206628572,78372.55661611141
2683,1339.2158186119,641.0,637.1142041821518,25.336124526136327,0.0003376997789145766,1886629.0236551028,75025.58813503182
2684,1339.7157787376002,648.0,646.6887308835397,25.461512908771418,0.0003376607057363909,1915202.8053522005,75405.614204482
2685,1340.2157389975,689.0,686.2600406840427,26.26089094756349,0.00033762170399194457,2032630.1081058946,77781.99871946045
2686,1340.7156993916,658.0,655.5,25.662766798518252,0.00033758277362231726,1941745.9989630985,76019.18345285411
2687,1341.2156599199,682.0,679.5290956323333,26.12619578754872,0.00033754391456867637,2013157.596103179,77400.87929279824
2688,1341.7156205824,691.0,689.1928365627147,26.294599636188632,0.00033750512677224655,2042021.8298722086,77908.74138019426
2689,1342.2155813790998,745.0,741.7967788929298,27.308488159941103,0.00033746641017425705,2198135.1522063757,80922.09279685009
2690,1342.71554231,707.0,705.0275524836809,26.598202192812185,0.0003374277647160832,2089417.7249370741,78826.35922148348
2691,1343.2155033751,659.0,657.6869132877043,25.676669367822957,0.00033738919033909947,1949341.982849787,76104.00719126813
2692,1343.7154645744,666.0,662.9115954268213,25.820526998521988,0.00033735068698476176,1965051.8614677233,76539.1267742944
2693,1344.2154259079,659.0,653.6040204492244,25.69595400880071,0.0003373122545945629,1937682.4042009169,76178.53682691226
2694,1344.7153873756,649.0,646.542480639118,25.486930025479765,0.0003372738931101166,1916965.6882634207,75567.45584562198
2695,1345.2153489775,657.0,655.7333525430336,25.637716787816,0.00033723560247302104,1944436.9091946408,76023.16184830166
2696,1345.7153107136,678.0,676.2336976545045,26.046305572216138,0.000337197382624983,2005453.5785249071,77243.49865782844
2697,1346.2152725839,656.0,653.7579784606178,25.622796082324722,0.0003371592335077264,1939018.462164217,75996.12745512291
2698,1346.7152345883999,617.0,614.9921944079066,24.848939884735152,0.0003371211550630953,1824246.818010591,73709.2274143533
2699,1347.2151967271,621.0,618.75,24.930487401115546,0.0003370831472329257,1835600.5189794954,73959.45957478702
2700,1347.715159,647.0,644.7276218424076,25.446612765843675,0.00033704520995917343,1912881.7226641614,75499.10817283546
2701,1348.2151214071,674.0,671.0145720963197,25.97513140705918,0.00033700734318379264,1991097.777742993,77075.86179477758
2702,1348.7150839484,617.0,614.5213376621891,24.851364091995332,0.0003369695468488449,1823670.2497565637,73749.58456748306
2703,1349.2150466239,721.0,719.25,26.859149054183554,0.00033693182089644116,2134704.8731887736,79716.8667023556
2704,1349.7150094336,639.0,637.2297047099186,25.286648654826475,0.000336894165268728,1891483.351163485,75058.13772303314
2705,1350.2149723774999,631.0,628.5329556671096,25.13150803231846,0.0003368565799079472,1865877.0324120396,74605.95853340953
2706,1350.7149354556,605.0,603.7243319449622,24.602785085402825,0.0003368190647563392,1792429.2153168553,73044.5145769908
2707,1351.2148986679,630.0,627.7562427377064,25.110457387321325,0.00033678161975629416,1863986.054797084,74560.05884612126
2708,1351.7148620144,628.0,625.9817950842092,25.069432112459037,0.000336744244850164,1858923.5143803062,74446.5050133635
2709,1352.2148254951,632.0,629.2617874328622,25.152649547860683,0.00033670693998041863,1868870.8568628174,74701.90412268737
2710,1352.71478911,637.0,634.7614379424191,25.249500746265543,0.00033666970508958416,1885412.9978030424,74997.8402112151
2711,1353.2147528591001,584.0,582.2721762783967,24.174747219432927,0.0003366325401202298,1729696.6480734027,71813.45930134623
2712,1353.7147167424,596.0,595.2338929651986,24.41679147470382,0.00033659544501496685,1768395.5673812856,72540.46908928943
2713,1354.2146807599001,629.0,627.4844186083579,25.087044928434686,0.0003365584197165005,1864414.5617777696,74539.94153397417
2714,1354.7146449115999,585.0,582.7600368528798,24.197940408941484,0.0003365214641675789,1731717.286724631,71906.08322354007
2715,1355.2146091975,639.0,637.2354713021631,25.286774182662604,0.00033648457831098,1893802.9032439883,75149.87554434812
2716,1355.7145736175999,647.0,644.5280032943878,25.44802485227451,0.0003364477620895812,1915685.2145230747,75637.3729289328
2717,1356.2145381719,638.0,636.9910172484051,25.26343640467327,0.0003364110154463159,1893490.3674402882,75096.93572654366
2718,1356.7145028604,573.0,571.4784231026109,23.944986332091887,0.000336374338324153,1698935.8520919506,71185.53231910599
2719,1357.2144676830999,632.0,629.25,25.15283505259619,0.0003363377306661239,1870887.333258024,74784.45847505861
2720,1357.71443264,572.0,569.246037082317,23.93044222661221,0.00033630119241531405,1692667.3170380213,71157.76799583687
2721,1358.2143977311,616.0,613.0302916176679,24.83399908758705,0.0003362647235148903,1823058.5867283875,73852.52555785073
2722,1358.7143629564,622.0,620.9819508482502,24.94479804970722,0.00033622832390805526,1846905.530237433,74190.05561390065
2723,1359.2143283158998,657.0,654.7602991563231,25.64268371394104,0.000336191993538067,1947578.5019912578,76273.92741890957
2724,1359.7142938096001,626.0,624.5032561174824,25.027292068317433,0.00033615573234826345,1857779.5825611136,74451.48084634982
2725,1360.2142594375002,565.0,563.7376838941034,23.77614214206062,0.00033611954028199933,1677194.0227608779,70737.16131502735
2726,1360.7142251996,582.0,579.75,24.13606416878938,0.0003360834172827487,1725018.1656902558,71815.69493648532
2727,1361.2141910959,593.0,590.7554487506211,24.36288897209516,0.00033604736329395115,1757952.9354434148,72498.37860142405
2728,1361.7141571263999,561.0,559.25,23.694486214195436,0.00033601137825921523,1664378.1615293035,70516.91623346272
2729,1362.2141232911001,569.0,567.240523605517,23.862717975581415,0.0003359754621221284,1688339.1424559534,71025.18090117909
2730,1362.71408959,640.0,637.2631473542268,25.311568996847015,0.0003359396148263648,1896957.426957834,75345.5915281967
2731,1363.2140560231,580.0,578.743960410776,24.089572841739166,0.00033590383631560246,1722945.3725768414,71715.68239877296
2732,1363.7140225904,594.0,591.9853199141476,24.382221817779836,0.0003358681265336688,1762552.8388887015,72594.62834242969
2733,1364.2139892919,582.0,578.0165666867556,24.145119735274037,0.00033583248542438357,1721145.4870315173,71896.31969272543
2734,1364.7139561276,594.0,592.5,24.379716809453,0.00033579691293164556,1764459.3418898066,72602.56384315155
2735,1365.2139230975,608.0,606.5012995154269,24.665180316183843,0.0003357614089994028,1806346.0637803841,73460.43843956979
2736,1365.7138902016002,580.0,578.7421550703531,24.0896185023972,0.0003357259735716442,1723852.7865847384,71753.8123312835
2737,1366.2138574399,538.0,535.0009417366655,23.2108674973162,0.0003356906065924522,1593732.2380491497,69143.63119339688
2738,1366.7138248124002,610.0,607.2538130635932,24.71200751693144,0.0003356553080059248,1809158.97523323,73623.1691485577
2739,1367.2137923190999,602.0,600.4994166676055,24.54329347146412,0.00033562007775626,1789223.7576552583,73128.20387726741
2740,1367.71375996,595.0,593.250403895694,24.401559140468535,0.00033558491578768347,1767810.1010685156,72713.51599100723
2741,1368.2137277350998,610.0,608.4997756973827,24.70575495195805,0.00033554982204447035,1813440.9131551806,73627.68009062989
2742,1368.7136956444,617.0,615.249955446835,24.848286542409667,0.000335514796470962,1833749.0981566394,74060.1809630182
2743,1369.2136636879002,604.0,602.0001353527837,24.586570701577532,0.0003354798390115731,1794445.04661282,73287.77423411535
2744,1369.7136318656,586.0,584.9987383394104,24.21258702335514,0.000335444949610767,1743948.5644908731,72180.5084603306
2745,1370.2136001775,581.0,580.4990087322287,24.10652413435069,0.00033541012821301585,1730714.012200488,71871.78354686075
2746,1370.7135686236,540.0,537.505408071985,23.251271480047436,0.0003353753747629232,1602697.8976973116,69329.0957825504
2747,1371.2135372039002,591.0,588.9982869190319,24.32070284847814,0.0003353406892051081,1756417.5952378283,72525.35594808956
2748,1371.7135059184,547.0,544.0041489133745,23.40392698131643,0.0003353060714842186,1622410.6724502852,69798.69728490124
2749,1372.2134747671,533.0,531.7414734919678,23.093494322892617,0.00033527152154502613,1586002.506391096,68879.97589676348
2750,1372.71344375,547.0,543.761192585447,23.405201158238913,0.0003352370393323128,1622020.0299717747,69816.87108576887
2751,1373.2134128671,530.0,528.2405186190534,23.031109811231307,0.00033520262479090775,1575884.1952641588,68708.02346967785
2752,1373.7133821184002,580.0,578.25,24.092143492022988,0.0003351682778657257,1725252.7705848615,71880.73896920138
2753,1374.2133515039,581.0,577.017487119035,24.1243557991939,0.0003351339985017102,1721751.5671305144,71984.20902399371
2754,1374.7133210236,566.0,561.0084985572665,23.816568101096216,0.00033509978664389065,1674153.553411385,71073.06256331938
2755,1375.2132906775,540.0,531.5322899048864,23.282742065469378,0.00033506564223731824,1586352.710936611,69487.10679496892
2756,1375.7132604656001,512.0,506.7176513120895,22.65583176072398,0.0003350315652271301,1512447.4942191408,67622.97679433509
2757,1376.2132303879,551.0,544.7606818232365,23.505944936202003,0.000334997555558479,1626163.1548775288,70167.51181069044
2758,1376.7132004444,559.0,555.4686202188342,23.661262612717547,0.00033496361317662175,1658295.4039427056,70638.30721291296
2759,1377.2131706351,548.0,543.0182106919024,23.435442433465575,0.0003349297380268381,1621289.9275262028,69971.22014763491
2760,1377.71314096,581.0,578.7146055241396,24.115312991792088,0.0003348959300544482,1728043.1130651566,72008.37880553328
2761,1378.2131114191002,548.0,546.243199199404,23.41849234264478,0.000334862189204896,1631247.7694075154,69934.71672107905
2762,1378.7130820124,533.0,530.0179163866995,23.10257007983341,0.0003348285154236024,1582953.3387147647,68998.2155510429
2763,1379.2130527399001,511.0,509.2311684462564,22.61469848194346,0.00033479490865604935,1521024.2308953798,67547.91634294717
2764,1379.7130236015998,534.0,532.0039495005244,23.11891943790233,0.0003347613688478409,1589203.5312543372,69060.89408545398
2765,1380.2129945975,529.0,527.245867153334,23.009200143485916,0.0003347278959445843,1575147.675294508,68740.013671568
2766,1380.7129657276,594.0,592.25,24.380784515886184,0.00033469448989192864,1769524.2015822695,72844.89363347042
2767,1381.2129369919,556.0,554.0045000080463,23.589877145057393,0.00033466115063562516,1655419.217186758,70488.84252101838
2768,1381.7129083904001,523.0,520.264051469852,22.883665698435394,0.00033462787812143006,1554754.058121416,68385.41315476217
2769,1382.2128799231,547.0,544.4951322051137,23.400879441370073,0.00033459467229517647,1627327.5616437935,69937.99178226611
2770,1382.7128515900001,545.0,543.7247403857372,23.351664887577847,0.0003345615331027775,1625186.0617182925,69797.81767201611
2771,1383.2128233911,504.0,500.79188965746056,22.467286399894743,0.00033452846049013583,1497008.3230698013,67161.061175413
2772,1383.7127953264,514.0,509.771682591503,22.693992729261147,0.0003344954544033018,1524001.8238838916,67845.44432672307
2773,1384.2127673958998,496.0,493.9495527956124,22.281794462958786,0.0003344625147882533,1476845.7777946496,66619.70617862899
2774,1384.7127395996001,535.0,533.0,23.14038410208208,0.00033442964159116,1593758.2490118868,69193.57982738619
2775,1385.2127119375,557.0,555.0,23.610943893879202,0.00033439683475815056,1659704.7050442288,70607.55796613805
2776,1385.7126844096001,498.0,495.51231994854567,22.32923830191551,0.00033436409423544407,1481954.3380744355,66781.20852950278
2777,1386.2126570159,536.0,531.3071067709836,23.176030467160896,0.00033433141996928807,1589162.9533945385,69320.52772452515
2778,1386.7126297564,520.0,518.1716330923215,22.812622642829414,0.00033429881190601406,1550025.3504879402,68240.21453370595
2779,1387.2126026311,560.0,558.25,23.673078065558094,0.0003342662699920009,1670075.7752595232,70821.01962044988
2780,1387.71257564,541.0,539.7361963951035,23.26576491569542,0.00033423379417365487,1614846.2716929147,69609.25352631288
2781,1388.2125487831001,503.0,501.50708765039167,22.435558598606224,0.0003342013843974797,1500613.4356820267,67131.85416348449
2782,1388.7125220604,529.0,526.0436419281662,23.015371176254813,0.0003341690406100066,1574184.2540766294,68873.4394252728
2783,1389.2124954719,538.0,536.6977812925105,23.20118092882296,0.0003341367627578068,1606221.8861009511,69436.18157227414
2784,1389.7124690176,502.0,500.26529226475014,22.414536356944144,0.0003341045507875119,1497331.5720650428,67088.38985913612
2785,1390.2124426975,532.0,529.7656652115047,23.0765732913169,0.00033407240464584866,1585780.9799438873,69076.5623571347
2786,1390.7124165116002,530.0,528.9599038225662,23.02682777837229,0.0003340403242795416,1583521.1062120337,68934.27560890012
2787,1391.2123904599,568.0,565.791030107892,23.84379265777928,0.0003340083096354048,1693942.9762256378,71386.82472842239
2788,1391.7123645424,530.0,527.2667859280529,23.035684221111335,0.00033397636066028667,1578754.81032736,68973.99617017421
2789,1392.2123387591,505.0,503.2156797486772,22.481298781313765,0.0003339444773010503,1506884.2695518788,67320.46884861916
2790,1392.71231311,484.0,483.21493072803787,22.003979587376044,0.0003339126595047315,1447129.7118376873,65897.41047857532
2791,1393.2122875951,549.0,546.5626831065399,23.443149719818326,0.0003338809072182859,1636998.9157517357,70214.10692553192
2792,1393.7122622144,474.0,471.74085770262434,21.78354763834932,0.0003338492203887788,1413035.6726706328,65249.658552389716
2793,1394.2122369678998,542.0,540.4720099351995,23.2883729718232,0.0003338175989633784,1619063.858866507,69763.76633269734
2794,1394.7122118556,483.0,481.5,21.98516621222152,0.0003337860428891919,1442540.8439257157,65866.04407398788
2795,1395.2121868775,505.0,503.9805881217788,22.47735594268861,0.00033375455211347377,1510033.6008313966,67346.96440948166
2796,1395.7121620336,513.0,510.55936479437497,22.662235102743132,0.0003337231265835058,1529889.0730805267,67907.29589150149
2797,1396.2121373239002,526.0,523.7399175179663,22.946003144410223,0.0003336917662465712,1569532.0367328601,68764.06751809089
2798,1396.7121127484,551.0,548.989729011976,23.483200578971744,0.00033366047105012604,1645354.41457643,70380.52935987088
2799,1397.2120883071,495.0,493.4790806992676,22.256350839904155,0.0003336292409415338,1479124.1897941025,66709.83267861832
2800,1397.7120639999998,533.0,530.0638908143598,23.101691500920882,0.00033359807586832296,1588929.7006124977,69250.074182201
2801,1398.2120398271,542.0,539.2391625558954,23.294432712815805,0.0003335669757779995,1616584.3794883878,69834.3493341471
2802,1398.7120157883999,541.0,538.0110265755001,23.27416243413384,0.0003335359406181528,1613052.6310849353,69780.07344875365
2803,1399.2119918839,510.0,507.23878413675436,22.597095079914165,0.0003335049703364561,1520933.207157384,67756.39672511362
2804,1399.7119681136,472.0,470.2043787706361,21.73476300498688,0.0003334740648805847,1410017.8343374734,65176.77173116892
2805,1400.2119444774999,540.0,537.2963796311436,23.251368733068933,0.0003334432241982778,1611357.918347284,69731.11776067401
2806,1400.7119209756002,525.0,521.5353539937389,22.930241588477074,0.00033341244823733413,1564234.7991233147,68774.40152490816
2807,1401.2118976079,525.0,521.976050844556,22.92775350283952,0.000333381736945629,1565700.7958107938,68773.27388386242
2808,1401.7118743744,549.0,546.9513414111497,23.440441569731266,0.00033335109027103334,1640766.6192615335,70317.57883459405
2809,1402.2118512751,508.0,505.76235487305087,22.550155165771454,0.0003333205081614894,1517345.445267399,67653.06848400159
2810,1402.71182831,478.0,476.46236423429133,21.870979058691578,0.000333289990565041,1429572.9776538564,65621.46982455956
2811,1403.2118054791001,535.0,533.5,23.137388336283966,0.000333259537429715,1600854.4094931297,69427.53541198706
2812,1403.7117827824,514.0,512.025852977295,22.681504212969045,0.00033322914870364135,1536557.8160530825,68065.78686530491
2813,1404.2117602199,506.0,503.5262346797447,22.506943605552802,0.00033319882433496313,1511188.509397477,67548.08829375306
2814,1404.7117377916,515.0,510.6064667795428,22.715857545163043,0.0003331685642718881,1532576.9641425514,68181.27512962287
2815,1405.2117154975,509.0,503.5539980454337,22.58835529310034,0.0003331383684626948,1511546.0892995945,67804.72449732192
2816,1405.7116933375999,499.0,495.15416417866675,22.35714100686988,0.00033310823685567026,1486466.287512452,67116.74625012897
2817,1406.2116713119,500.0,495.30552923289457,22.38441802907215,0.00033307816939922143,1487054.9160465403,67204.69873317514
2818,1406.7116494204,495.0,489.07036970586233,22.27868106433134,0.00033304816604172547,1468467.385719187,66893.27051132955
2819,1407.2116276631,504.0,501.53601404303015,22.46118919554521,0.00033301822673164954,1506031.723744582,67447.32688053357
2820,1407.71160604,528.0,524.8078307044,22.99398016094888,0.00033298835141755623,1576054.6231429835,69053.40701277324
2821,1408.2115845511,525.0,522.6914008876876,22.92381507407959,0.0003329585400479716,1569839.2983474154,68848.85749071582
2822,1408.7115631964,542.0,540.455473890805,23.288060850604797,0.00033292879257152357,1623336.5390729858,69949.0743072388
2823,1409.2115419759,490.0,487.79510335318156,22.147194754438043,0.00033289910893689195,1465294.109410348,66528.24882939688
2824,1409.7115208896,557.0,555.219545955872,23.60906425968617,0.0003328694890928017,1667979.686179891,70925.88847367783
2825,1410.2114999374999,550.0,548.25,23.460325224482197,0.0003328399329880105,1647188.169635129,70485.30809951606
2826,1410.7114791196,515.0,513.4843873669064,22.700910354141673,0.00033281044057135843,1542873.4341548078,68209.7301850551
2827,1411.2114584358999,550.0,547.7974170193568,23.46263245589689,0.0003327810117917066,1646119.8133571176,70504.72119660048
2828,1411.7114378864,545.0,542.9840011305162,23.35466454280784,0.0003327516465979728,1631799.5919237146,70186.47324989713
2829,1412.2114174711,560.0,558.0,23.673601883114397,0.0003327223449391776,1677074.0182839348,71151.2233644602
2830,1412.71139719,554.0,552.9344570750742,23.541887147036302,0.0003326931067642912,1661995.5323174794,70761.57175602508
2831,1413.2113770431001,599.0,598.0,24.47895096236581,0.0003326639320224052,1797609.9674061576,73584.62582206578
2832,1413.7113570304,568.0,565.8338660916646,23.843042548059884,0.00033263482066266825,1701066.2472570431,71679.33441411896
2833,1414.2113371519001,592.0,589.5169671963902,24.342260245247612,0.00033260577263423006,1772419.52996615,73186.52365067952
2834,1414.7113174075998,600.0,598.8970320152899,24.499383675845202,0.0003325767878863297,1800778.2077081848,73665.34457064624
2835,1415.2112977975,556.0,554.5347112430327,23.58656281257261,0.00033254786636825685,1667533.511187686,70926.82046094778
2836,1415.7112783215998,571.0,569.2675500685842,23.903557869567248,0.000332519008029315,1711984.9882939546,71886.29008378343
2837,1416.2112589799,558.0,556.0177446719878,23.631202771183865,0.0003324902128189032,1672283.04243299,71073.37858409392
2838,1416.7112397724002,648.0,646.232060568273,25.46329788808032,0.000332461480686439,1943780.2515767736,76590.21982187472
2839,1417.2112206991,663.0,661.4818656521985,25.75509409934291,0.0003324328115813921,1989821.2288537673,77474.5849449253
2840,1417.71120176,657.0,655.5,25.638331524323323,0.0003324042054532768,1971996.711371746,77129.98543253113
2841,1418.2111829551,690.0,688.7314753510459,26.27298923165049,0.0003323756622517081,2072147.733938081,79046.06809554533
2842,1418.7111642844,640.0,638.2874400680628,25.305655201100404,0.0003323471819262961,1920544.1621876438,76142.2289018006
2843,1419.2111457479,693.0,690.787831150884,26.334067378481812,0.0003323187644267271,2078690.417444651,79243.39579171794
2844,1419.7111273456,551.0,548.9808887268143,23.482541685265343,0.00033229040970269354,1652111.7453193965,70668.73132533561
2845,1420.2111090775002,491.0,489.69207861821417,22.16459063752285,0.0003322621177040209,1473812.5489660301,66708.14834590041
2846,1420.7110909436,398.0,396.0585094130117,19.9606345663219,0.0003322338883804791,1192107.4979546932,60080.06788116296
2847,1421.2110729439,405.0,402.53939860882156,20.137862066382393,0.00033220572168198855,1211717.2352442548,60618.64908413534
2848,1421.7110550784,390.0,386.5795825099297,19.767276764173992,0.00033217761755844613,1163773.722478191,59508.15382886528
2849,1422.2110373471,358.0,354.5,18.940582320748735,0.0003321495759598297,1067290.2380669406,57024.25561139183
2850,1422.7110197499999,380.0,378.5674013164376,19.50050253639424,0.0003321215968361815,1139845.7821553997,58714.948748162366
2851,1423.2110022871,348.0,346.75,18.661872433778154,0.0003320936801375689,1044133.0887608572,56194.60275801552
2852,1423.7109849583999,338.0,337.2086350338519,18.389124459751688,0.00033206582581406593,1015487.3185374564,55377.94928059937
2853,1424.2109677639,351.0,349.33351835118395,18.74483344856868,0.0003320380338159102,1052088.8656534534,56453.874374407555
2854,1424.7109507036,341.0,339.25,18.476199563190434,0.00033201030409329025,1021805.6362030122,55649.476342754955
2855,1425.2109337775,373.0,371.02127426622604,19.324122020188852,0.0003319826365964628,1117592.408054811,58208.23106383735
2856,1425.7109169856,367.0,365.6855844802001,19.164154401355628,0.0003319550312757613,1101611.8149341082,57731.17620089813
2857,1426.2109003279,396.0,395.20666086006355,19.903737141731664,0.0003319274880815632,1190641.5559140164,59964.112212486594
2858,1426.7108838044,383.0,382.0218674563301,19.575740404563607,0.00033190000696423945,1151014.9425742284,58980.83758302782
2859,1427.2108674151,382.0,380.5441309980376,19.552843076274435,0.00033187258787429344,1146657.316398123,58916.7162058008
2860,1427.71085116,371.0,369.0445273960675,19.272204975543588,0.0003318452307622231,1112098.3313468162,58075.8835414835
2861,1428.2108350391,338.0,336.68261383987607,18.391924965497953,0.000331817935578607,1014660.685091619,55427.76020659361
2862,1428.7108190524,370.0,368.52266056504095,19.24350973232702,0.00033179070227403736,1110708.2206922886,57998.942105475704
2863,1429.2108031999,343.0,341.0457184660646,18.53148344551397,0.00033176353079917485,1027978.3243339923,55857.50610042658
2864,1429.7107874816,395.0,393.4538838853031,19.882486496011413,0.0003317364211047185,1186043.6745988238,59934.59032867288
2865,1430.2107718975,370.0,368.0465140759773,19.246156611268376,0.00033170937314144273,1109545.113514294,58021.14190804523
2866,1430.7107564476,320.0,318.0,17.90013906019962,0.0003316823868601213,958748.5275005227,53967.710584971624
2867,1431.2107411319,353.0,350.09462187296026,18.804766917303514,0.00033165546221164817,1055597.3344697847,56699.70514552577
2868,1431.7107259503998,325.0,322.9045803285981,18.03928938375099,0.00033162859914689176,973693.4062962723,54396.06062371194
2869,1432.2107109031,341.0,337.1924361902651,18.488413958273473,0.0003316017976168017,1016859.4941693407,55754.86650298152
2870,1432.71069599,349.0,346.3544742837709,18.695427879564054,0.0003315750575723722,1044573.3669462543,56383.69790672039
2871,1433.2106812111,359.0,357.40218318154086,18.955505941971822,0.00033154837896468464,1077978.979410453,57172.66964526735
2872,1433.7106665664,335.0,333.04930855902563,18.314199205832747,0.0003315217617447705,1004607.6818795116,55242.82662304487
2873,1434.2106520559,333.0,331.4502909785368,18.25675450132518,0.0003314952058638302,999864.5081904689,55073.96239336441
2874,1434.7106376796,354.0,351.82516469481243,18.82708605113101,0.0003314687112730013,1061412.895786249,56798.984069494305
2875,1435.2106234374999,349.0,347.19948911573977,18.69115596613167,0.0003314422779235467,1047541.3435211418,56393.39701389312
2876,1435.7106093296,307.0,305.69908771538223,17.528737428189253,0.0003314159057667612,922403.1870411267,52890.45312304763
2877,1436.2105953558998,351.0,348.40394199284134,18.74985117306179,0.0003313895947539501,1051342.430505472,56579.48067736757
2878,1436.7105815164,343.0,341.8189939186349,18.52588226045469,0.0003313633448365082,1031553.4269105275,55908.06149544151
2879,1437.2105678111,337.0,335.1042367230348,18.368557707337477,0.0003313371559658475,1011369.3278564133,55437.66334866112
2880,1437.71055424,369.0,367.22373949378834,19.218635030642954,0.00033131102809346157,1108395.7621543342,58007.83373024773
2881,1438.2105408031,345.0,344.59122807210736,18.575652637268835,0.000331284961170863,1040165.6231366976,56071.52395815603
2882,1438.7105275004,318.0,316.1866453824877,17.843759246199156,0.000331258955149626,954499.9175634956,53866.49619219902
2883,1439.2105143319,317.0,314.5537308409477,17.818632506798636,0.0003312330099813682,949644.8764531086,53794.857305438636
2884,1439.7105012975999,362.0,360.168797886417,19.035630252889895,0.0003312071256177327,1087442.781355226,57473.49250831074
2885,1440.2104883975,335.0,334.1409220870776,18.3072125684683,0.00033118130201044915,1008936.5554717672,55278.52103163327
2886,1440.7104756315998,352.0,349.69230219107624,18.77491550840378,0.00033115553911129084,1055976.0018797566,56695.15768568838
2887,1441.2104629999,364.0,361.9446516775023,19.089344902867136,0.000331129836872018,1093059.6140069196,57649.12362834034
2888,1441.7104505024001,322.0,320.22212326276997,17.95415239176926,0.0003311041952445162,967133.9954671671,54225.082767406035
2889,1442.2104381391,317.0,315.4719205304746,17.812945054856556,0.00033107861418070716,952861.0638628739,53802.76554236756
2890,1442.7104259100001,317.0,314.83484707440294,17.817048795047967,0.00033105309363248126,951010.1344164358,53819.30916141074
2891,1443.2104138150999,304.0,302.63605838777266,17.44283940036657,0.00033102763355187244,914232.0087919465,52693.00092323941
2892,1443.7104018544,321.0,317.97950883433566,17.934348014923604,0.0003310022338909326,960656.6852932841,54181.95461736095
2893,1444.2103900278998,304.0,300.97110803816025,17.45272233393505,0.0003309768946017065,909341.7484635753,52730.938680591105
2894,1444.7103783356001,306.0,304.10452262150363,17.50290690778162,0.0003309516156363454,918879.0997039828,52886.60360254617
2895,1445.2103667775,294.0,291.58789743761184,17.160801197781407,0.00033092639694705584,881126.1359856473,51856.85202539743
2896,1445.7103553536,306.0,304.60248513823456,17.500051398489724,0.00033090123848604345,920523.8594206165,52886.0256871714
2897,1446.2103440639,287.0,286.19058608970715,16.94550086579777,0.0003308761402055637,864947.7895622975,51214.03089165034
2898,1446.7103329084,313.0,311.3696443770004,17.701462027350086,0.00033085110205798994,941117.144359474,53502.805090392176
2899,1447.2103218871,269.0,267.46988461033624,16.410254233497987,0.00033082612399561943,808490.8210389029,49603.86451740818
2900,1447.710311,311.0,307.9622388897075,17.653126850329905,0.0003308012059709243,930958.6341616173,53364.7596553246
2901,1448.2103002471001,325.0,322.8473777529051,18.038776809545126,0.00033077634793635087,976029.2105741143,54534.663442793106
2902,1448.7102896284,330.0,328.2192707862401,18.175371028414105,0.0003307515498443943,992343.8633640702,54951.73352011474
2903,1449.2102791439,299.0,297.46906586559084,17.300134033165865,0.00033072681164761803,899440.4305585524,52309.43916212868
2904,1449.7102687935999,301.0,299.06227842273233,17.36055927271119,0.00033070213329860907,904325.2168944813,52496.06072856926
2905,1450.2102585775,317.0,315.87462222147803,17.81008424464212,0.0003306775147500295,955234.6565210473,53859.37492032191
2906,1450.7102484956001,280.0,277.68929900521147,16.74757255000034,0.00033065295595454005,839821.0087176408,50650.00100075587
2907,1451.2102385479,322.0,320.59122309960014,17.951273982986848,0.0003306284568649124,969641.9544146702,54294.40089097155
2908,1451.7102287344,322.0,319.8778443290566,17.95641880444774,0.0003306040174339186,967555.8295143647,54313.976411484124
2909,1452.2102190551,297.0,295.40349917773784,17.242216210768845,0.0003305796376143971,893592.5434170562,52157.526504644964
2910,1452.7102095100001,297.0,295.7176270444508,17.240739418652783,0.00033055531735919254,894608.5920109828,52156.89632945282
2911,1453.2102000991,306.0,303.8803165065978,17.505163624570404,0.0003305310566212606,919369.9364075172,52960.72267311545
2912,1453.7101908224001,322.0,320.18442909189196,17.953828257137012,0.00033050685535354374,968767.8906066567,54322.10547624427
2913,1454.2101816799,326.0,323.59897581328823,18.06871728337297,0.0003304827135090766,979170.6573009626,54673.71376710969
2914,1454.7101726716,291.0,288.716801422225,17.071439516507436,0.0003304586310408866,873685.1584502963,51659.838518169134
2915,1455.2101637975002,282.0,279.1002161222719,16.809907853847296,0.00033043460790212534,844645.8374751755,50872.116454661395
2916,1455.7101550575999,333.0,329.5672246534183,18.266611295317283,0.00033041064404589935,997447.3601027094,55284.57277175295
2917,1456.2101464519,305.0,301.2838194356298,17.484765457544448,0.00033038673942541354,911912.5663445283,52922.11632934415
2918,1456.7101379803998,321.0,311.6346942221701,17.97024736472181,0.00033036289399392235,943310.2200270203,54395.47749285792
2919,1457.2101296431001,313.0,286.99909093350897,17.842514149368967,0.0003303391077047034,868801.4353724751,54012.72127101202
2920,1457.71012144,344.0,283.812929929736,18.87492237443404,0.00033031538051107683,859218.0282087064,57142.123824903414
2921,1458.2101133711,371.0,269.35575440148045,19.780166194428553,0.00033029171236643654,815508.6679942132,59886.95887253684
2922,1458.7101054364,382.0,270.6274318455854,20.081303700385842,0.00033026810322420034,819417.4042349823,60803.03700037839
2923,1459.2100976359,509.0,408.17660068298585,22.97487371457413,0.00033024455303784056,1235982.8403777354,69569.27374951007
2924,1459.7100899696002,541.0,477.0004073554193,23.499696724250683,0.0003302210617608596,1444488.14019275,71163.530875171
2925,1460.2100824375,623.0,595.6406015282739,25.04773326113267,0.00033019762934680856,1803891.2111712014,75856.79312925923
2926,1460.7100750396,647.0,638.0371921338035,25.46278540697198,0.0003301742557493117,1932425.6238143535,77119.23314307362
2927,1461.2100677759,639.0,636.3179166938482,25.286389810657834,0.0003301509409219984,1927354.5455203927,76590.39147379564
2928,1461.7100606464,512.0,511.06946025202177,22.630680053853236,0.00033012768481855906,1548096.3389450656,68551.2942251155
2929,1462.2100536511,434.0,433.46368306588766,20.834953267631878,0.0003301044873927509,1313110.5441476847,63116.23762582457
2930,1462.71004679,402.0,401.0730521498517,20.054549428372738,0.00033008134859833664,1215073.3564709898,60756.3847928177
2931,1463.2100400631002,335.0,334.0,18.3081218358519,0.00033005826838917025,1011942.5325415028,55469.362804342396
2932,1463.7100334704,280.0,279.0,16.73878817925991,0.0003300352467190857,845364.2535867537,50718.18342332197
2933,1464.2100270119001,273.0,271.36146330543187,16.53247242397687,0.0003300122835420284,822276.8570699971,50096.536548680895
2934,1464.7100206876,248.0,246.88790739657674,15.754067046845835,0.0003299893788119346,748169.2540694816,47741.13368001547
2935,1465.2100144975,262.0,260.5751482468662,16.194949699743386,0.0003299665324828279,789701.7503144111,49080.582742391314
2936,1465.7100084416,281.0,280.34886319192196,16.765996450117676,0.0003299437445087603,849686.8567983366,50814.71229309069
2937,1466.2100025199,280.0,278.8639833106996,16.74000056596169,0.00032992101484381357,845244.682102822,50739.4188693512
2938,1466.7099967324,255.0,254.1735903438525,15.973160915391622,0.0003298983434421433,770460.3414852516,48418.433232275245
2939,1467.2099910791,281.0,280.25,16.767192113862013,0.0003298757302579146,849562.3481633082,50828.81393169639
2940,1467.7099855600002,242.0,241.25,15.560800516845589,0.00032985317524536104,731386.0168862899,47174.93019514121
2941,1468.2099801750999,265.0,264.25,16.283067721965676,0.00032983067835876297,801168.6520941826,49367.95995748546
2942,1468.7099749244,289.0,288.46095204430316,17.002752005440875,0.0003298082395524372,874632.3391912709,51553.44823559982
2943,1469.2099698079,247.0,246.0785182566647,15.721982362866326,0.0003297858587807237,746176.683155731,47673.30661476286
2944,1469.7099648256,258.0,257.0,16.068090192099742,0.0003297635359980408,779346.3253060426,48726.09745485991
2945,1470.2099599775,262.0,260.57936388495244,16.194804745292803,0.0003297412711588374,790254.0163358276,49113.67232975733
2946,1470.7099552636,262.0,260.7101064160164,16.19352563583714,0.0003297190642176284,790703.76787172,49113.1007976801
2947,1471.2099506839,252.0,250.33021076356167,15.884471425374548,0.00032969691512889577,759273.7428728882,48179.01137826685
2948,1471.7099462384,241.0,239.0403173358674,15.535865375642972,0.0003296748238472693,725079.078063326,47124.815884759155
2949,1472.2099419271,230.0,228.62841166127131,15.173415260005196,0.0003296527903273517,693543.0803853922,46028.4751266255
2950,1472.7099377499999,263.0,262.16851657418584,16.221580272217754,0.0003296308145238124,795339.8317839818,49211.35876101751
2951,1473.2099337071002,253.0,251.41381654343698,15.915744812509795,0.0003296088963913691,762764.0494415378,48286.757386584155
2952,1473.7099297984,252.0,250.25,15.884493768301262,0.00032958703588475545,759283.5055790946,48195.141309670595
2953,1474.2099260239002,270.0,266.9982767037582,16.44924857705091,0.000329565232958804,810153.0440777207,49911.96562019357
2954,1474.7099223835999,264.0,263.0424842331535,16.251441674565516,0.0003295434875683434,798202.6474688007,49315.01391358905
2955,1475.2099188775,256.0,255.08361078108197,16.005526400683852,0.00032952179966824557,774102.384236472,48571.98041767744
2956,1475.7099155055998,243.0,241.5840371898552,15.597006117791135,0.00032950016921346056,733183.3478766727,47335.35085891536
2957,1476.2099122679,269.0,267.91553608880076,16.40680869241604,0.000329478596158943,813150.0474147834,49796.28080150393
2958,1476.7099091644002,260.0,258.3773364176708,16.134086855028304,0.000329457080459738,784251.8851230042,48971.741121830295
2959,1477.2099061951,269.0,267.45734085420094,16.40946921743561,0.00032943562207085185,811865.2718031773,49810.85261601254
2960,1477.70990336,278.0,276.5,16.6813799842274,0.00032941422094745075,839368.7412909481,50639.525932574936
2961,1478.2099006591,259.0,257.9138260777282,16.099142552941366,0.00032939287704464846,782997.5814649098,48875.19941956475
2962,1478.7098980924,255.0,254.4133977935406,15.97162949764412,0.0003293715903176436,772420.5890015777,48491.2177223336
2963,1479.2098956599,294.0,292.46757700803306,17.155239386437305,0.0003293503607216457,888013.5317514209,52088.11476279589
2964,1479.7098933616,279.0,277.0437298562663,16.713879414422944,0.00032932918821196685,841236.4885129831,50751.28477122822
2965,1480.2098911975002,288.0,285.79394446720806,16.982272488478483,0.0003293080727438991,867861.9448526799,51569.560220546104
2966,1480.7098891676,332.0,330.98504459340927,18.22483639444205,0.0003292870142728003,1005156.6877739134,55346.356231781276
2967,1481.2098872719,326.0,324.6331224738108,18.06265758738793,0.0003292660127541133,985929.6432038303,54857.33992495794
2968,1481.7098855104,322.0,320.705410762277,17.950568155549295,0.0003292450681432411,974062.9148095581,54520.38585355433
2969,1482.2098838831,309.0,308.16039105242083,17.58227382383428,0.0003292241803957025,936019.9201712202,53405.17152385868
2970,1482.7098823899998,286.0,285.0450198661365,16.916682528975816,0.00032920334946702636,865863.0610156874,51386.72664285946
2971,1483.2098810311,282.0,280.18094165905165,16.803083444830403,0.00032918257531275205,851141.4718499465,51044.87510879339
2972,1483.7098798063998,251.0,250.0227444016561,15.847461852535485,0.0003291618578885592,759573.8643761806,48144.891252560585
2973,1484.2098787159,214.0,213.65866603829303,14.630379639713194,0.0003291411971500756,649139.8460244191,44450.16232058702
2974,1484.7098777596002,233.0,232.13764899494967,15.269864447696955,0.0003291205930530128,705327.0257007537,46395.95567706508
2975,1485.2098769375,248.0,247.0,15.753564762465654,0.0003291000455530994,750531.6493799975,47868.619209667835
2976,1485.7098762496,240.0,238.7963155020768,15.498903747568784,0.0003290795546061297,725649.1998960205,47097.74135351309
2977,1486.2098756958999,244.0,243.15693602325413,15.624820761371188,0.00032905912016795754,738946.0468354215,47483.323827633176
2978,1486.7098752764,233.0,232.04674863094573,15.269964007147353,0.0003290387421944406,705226.2207281996,46407.79959620619
2979,1487.2098749911,270.0,268.18786171918015,16.441976988792128,0.000329018420641496,815115.0357973487,49972.81598013499
2980,1487.70987484,231.0,230.01408807539912,15.203329055655345,0.00032899815546507527,699134.8864866698,46210.985694323295
2981,1488.2098748230999,261.0,260.452600503679,16.158243532789584,0.00032897794662119684,791702.3106827836,49116.49458191514
2982,1488.7098749404,251.0,249.89285029199053,15.849584524002596,0.0003289577940658814,759650.1885647485,48181.20989961512
2983,1489.2098751919002,235.0,233.14350256384185,15.34074341980161,0.00032893769775522855,708777.0850069311,46637.23107595005
2984,1489.7098755776,215.0,213.8077929273112,14.66906964100823,0.0003289176576453725,650034.4020989937,44597.999833818314
2985,1490.2098760975,251.0,250.0,15.848410032281079,0.00032889767369245033,760114.8320488671,48186.446119715656
2986,1490.7098767516,242.0,240.79848739744307,15.563175792741967,0.00032887774585271557,732182.3699961813,47322.070249507764
2987,1491.2098775399002,290.0,288.95129455351196,17.034492627949984,0.00032885787408238736,878650.9836803306,51798.950155842715
2988,1491.7098784624,220.0,219.2010763481941,14.836807917750818,0.0003288380583377622,666592.7826487902,45118.88919655207
2989,1492.2098795191,250.0,248.6474260401874,15.819270160065473,0.0003288182985752032,756184.881186957,48109.458106837956
2990,1492.7098807099999,234.0,230.89488425006024,15.31594611906551,0.0003287985947510706,702238.0506974731,46581.543727889184
2991,1493.2098820351,219.0,216.30168317843825,14.813375655657266,0.00032877894682177723,657893.9596630861,45055.73060213987
2992,1493.7098834944002,215.0,213.30080785682273,14.67192159884044,0.00032875935474380137,648805.2880595466,44628.1493960046
2993,1494.2098850879,229.0,227.8999659550622,15.138526446798869,0.000328739818473644,693253.3059524507,46050.17584145368
2994,1494.7098868156002,204.0,202.80023616541328,14.290193233028926,0.0003287203379678268,616938.5119860219,43472.19074235549
2995,1495.2098886775,238.0,236.94954453537247,15.432822193492088,0.00032870091318296346,720866.7059695091,46950.95624788173
2996,1495.7098906736,192.0,191.0,13.862510369338024,0.0003286815440756879,581109.5981586877,42176.11429422335
2997,1496.2098928039,206.0,204.80089453186315,14.359964343643206,0.0003286622306026511,623134.8644969951,43692.164801876
2998,1496.7098950684,201.0,199.55111429988372,14.186274933488617,0.00032864297272057436,607197.2653118318,43166.22021779959
2999,1497.2098974670998,216.0,214.5,14.70553024403878,0.00032862377038617673,652722.1075576302,44748.83307058957
3000,1497.7099,212.0,211.09533708581426,14.564823691343866,0.00032860462355631094,642399.1689503425,44323.24637954457
3001,1498.2099026671,199.0,198.05177454155185,14.112590660079624,0.0003285855321877706,602740.3982850192,42949.51931120013
3002,1498.7099054684,211.0,208.81196960785184,14.53969992647675,0.00032856649623744526,635524.2302518563,44251.92493141279
3003,1499.2099084039,234.0,232.68670709601037,15.30306307334489,0.00032854751566224673,708228.4783891559,46577.92965653326
3004,1499.7099114736,203.0,201.8024361896206,14.25503965311166,0.0003285285904191271,614261.4130848309,43390.56042253583
3005,1500.2099146775001,184.0,182.75,13.572346334439189,0.00032851022690875303,556299.271775063,41314.83656430898
3006,1500.7099180156,222.0,220.75,14.906651727613351,0.00032849261815114377,672009.0126909033,45378.954971690124
3007,1501.2099214879,188.0,186.35619848815693,13.721715891330275,0.00032847506408209656,567337.4294298957,41773.99562939357
3008,1501.7099250944002,190.0,188.84003827572033,13.790381893591642,0.0003284575646596507,574929.7887883852,41985.27717844253
3009,1502.2099288351,192.0,190.21416824682152,13.867957051478001,0.00032844011984187746,579144.1323867415,42223.699888291725
3010,1502.70993271,227.0,225.0,15.077506218065407,0.00032842272958688833,685092.6556850063,45908.839004629444
3011,1503.2099367191,191.0,189.3920289912283,13.829455722204528,0.0003284053938528578,576701.9438057266,42110.927472771116
3012,1503.7099408624001,200.0,199.08737761964014,14.146824196561361,0.0003283881125979742,606256.3472368162,43079.58678723692
3013,1504.2099451399,191.0,190.64114085576708,13.82198015941366,0.0003283708857804592,580566.5152154358,42092.587247989766
3014,1504.7099495516,189.0,187.18721472299538,13.760321033859574,0.0003283537133585725,570077.9589435649,41907.00599396869
3015,1505.2099540974998,221.0,218.94512573510622,14.877220610199158,0.0003283365952906693,666831.3215018839,45310.88164884172
3016,1505.7099587776,197.0,195.1949031543261,14.04600284693797,0.00032831953153506215,594527.2346171117,42781.50246275543
3017,1506.2099635919,204.0,201.86063916542872,14.295542171512505,0.000328302522050165,614861.6766781468,43543.80856485814
3018,1506.7099685404,184.0,181.36108495203004,13.581005695998916,0.0003282855667943993,552449.1579784072,41369.48763423557
3019,1507.2099736231,197.0,193.47306210230096,14.057030739032173,0.00032826866572622517,589374.1386320946,42821.72563724277
3020,1507.7099788399998,180.0,176.25,13.439182514417883,0.0003282518188041725,536935.3341044142,40941.68484237825
3021,1508.2099841911001,178.0,175.21893953263668,13.3575048013823,0.00032823502598676696,533821.5780167859,40694.94034412043
3022,1508.7099896764,200.0,198.0806931645726,14.15253051540369,0.00032821828723260914,603502.9151931206,43119.26259420687
3023,1509.2099952959,188.0,185.86331857280712,13.724390609675758,0.00032820160250032044,566308.3822774012,41816.95185251985
3024,1509.7100010496,205.0,204.10181817921168,14.321442296851956,0.0003281849717485606,621910.921428738,43638.32451116729
3025,1510.2100069375,172.0,171.1142142087286,13.120798493974542,0.0003281683949360403,521421.9798408028,39981.90775358417
3026,1510.7100129596001,191.0,189.22932499091942,13.831490066969492,0.00032815187202148394,576651.6699271814,42149.66070973367
3027,1511.2100191159,215.0,212.8075555473518,14.67514275686759,0.000328135402963705,648535.7984090805,44722.826687770736
3028,1511.7100254064,198.0,196.90331998062385,14.076252780496455,0.00032811898772150476,600097.304175972,42899.842152517725
3029,1512.2100318311,185.0,182.9060323075371,13.615385263863498,0.00032810262625372925,557465.9197213852,41497.337035438446
3030,1512.7100383900001,192.0,191.03416492999634,13.860283494569403,0.00032808631851927617,582268.0012753182,42245.84419467362
3031,1513.2100450830999,203.0,202.5,14.250621506316337,0.00032807006447709366,617246.1980728474,43437.737999747726
3032,1513.7100519104001,201.0,199.35207633573873,14.18801307971328,0.0003280538640861625,607680.9273107036,43249.03509134352
3033,1514.2100588719,208.0,206.3821907471193,14.430760987934905,0.0003280377173054763,629141.6500588908,43991.16390173099
3034,1514.7100659676,175.0,173.8817399603119,13.235055857561745,0.00032802162409409905,530092.3085193638,40348.120018346795
3035,1515.2100731975002,161.0,159.6187111390012,12.697722792997396,0.0003280055844111263,486634.1267499065,38711.91039565324
3036,1515.7100805616,180.0,178.30958127540976,13.426656866286514,0.0003279895982156423,543644.0126316966,40936.22767103404
3037,1516.2100880599,179.0,178.20096431214526,13.382727110188302,0.00032797366546688213,543339.2466388113,40804.273389259826
3038,1516.7100956924,164.0,163.12006631196743,12.812164437242318,0.00032795778612398186,497381.28873177955,39066.504834859385
3039,1517.2101034591,176.0,175.3794813387047,13.269759899520901,0.00032794196014622804,534788.1718475539,40463.74515052592
3040,1517.71011136,183.0,181.3629139693746,13.538635178861151,0.0003279261874929017,553060.1729491347,41285.61760305955
3041,1518.2101193951,187.0,185.56786355381746,13.682420735133885,0.00032791046812329804,565910.1541218313,41726.08704272637
3042,1518.7101275644,158.0,156.37187758428527,12.580491908671712,0.0003278948019967743,476896.4821400969,38367.46368670851
3043,1519.2101358679,173.0,171.43883440819275,13.162071995307311,0.00032787918907275793,522871.9605322364,40143.05400879403
3044,1519.7101443056001,189.0,187.12278509544177,13.758895175047149,0.0003278636293106457,570733.5866710175,41965.298816389324
3045,1520.2101528775,183.0,182.13028204069997,13.53149474984039,0.000327848122669923,555532.4842413951,41273.66855006786
3046,1520.7101615836,188.0,187.12369385658792,13.716750941773656,0.0003278326691101061,570790.2582269507,41840.70788005188
3047,1521.2101704238999,180.0,179.18792564704745,13.420929962101454,0.00032781726859073786,546609.1716808057,40940.277550957086
3048,1521.7101793984,164.0,162.87460386771693,12.813578634130822,0.00032780192107139934,496868.9729925067,39089.39457172939
3049,1522.2101885071,193.0,192.12494065797716,13.896941576171976,0.0003277866265117151,586128.0635593918,42396.30433999814
3050,1522.71019775,179.0,178.25,13.383459744203975,0.0003277713848713362,543824.1659502109,40831.69050726479
3051,1523.2102071271001,179.0,177.5019424562263,13.38867888279433,0.0003277561961099827,541567.0079251935,40849.50655914249
3052,1523.7102166384,201.0,200.37071708031135,14.179663641507348,0.00032774106018736864,611368.9781980932,43264.837287707785
3053,1524.2102262839,170.0,169.5634421820849,13.041228184082902,0.0003277259770632905,517393.96340052347,39793.08659308499
3054,1524.7102360636,175.0,173.38202420280027,13.239556517463582,0.000327710946697532,529069.9805729316,40400.10457655942
3055,1525.2102459775,146.0,144.0,12.095856008642997,0.00032769596904996595,439431.7098787486,36911.82422448005
3056,1525.7102560255998,197.0,195.37174358807354,14.04422263271667,0.00032768104408045236,596225.3450953538,42859.42957771011
3057,1526.2102662079,210.0,208.68564280692297,14.498178069971953,0.0003276661717489329,636884.9176375272,44246.795427758916
3058,1526.7102765244,173.0,171.37917267286866,13.162883595957535,0.0003276513520153875,523053.45794764237,40173.4450811586
3059,1527.2102869751,168.0,165.87963127206845,12.974515278215149,0.0003276365848397962,506291.540528596,39600.32511192018
3060,1527.71029756,185.0,183.67477454061697,13.607898847652818,0.0003276218701821715,560630.382942647,41535.379918581915
3061,1528.2103082791,158.0,157.0,12.575910976461925,0.00032760720800261263,479232.4349553015,38387.16203204428
3062,1528.7103191324002,174.0,172.63100894457358,13.199295244142215,0.00032759259826121984,526968.5879988013,40291.79936970736
3063,1529.2103301199,192.0,189.7629375874159,13.869587744075387,0.0003275780409181689,579290.7761934503,42339.79696929716
3064,1529.7103412416,175.0,173.78824865636773,13.234240452084087,0.00032756353593361076,530548.2130696941,40402.05639606464
3065,1530.2103524975,171.0,170.61761057058044,13.078491105768553,0.00032754908326778417,520891.73588403506,39928.33982403906
3066,1530.7103638876001,174.0,173.3828502159955,13.194904755923531,0.0003275346828809337,529357.2231525298,40285.519200176364
3067,1531.2103754118998,172.0,171.06665565752527,13.120510261484128,0.00032752033473336183,522308.50275843986,40060.13938696567
3068,1531.7103870704,180.0,179.0,13.422072029242422,0.0003275060387854014,546554.807550556,40982.67036241504
3069,1532.2103988631002,183.0,181.8171172252966,13.534594542657793,0.00032749179499742966,555180.6793410614,41328.0416468572
3070,1532.71041079,182.0,180.38469648708013,13.500230019466517,0.000327477603329874,550830.6359057337,41224.89563314501
3071,1533.2104228511,170.0,168.6148411639578,13.046009167091219,0.0003274634637431499,514911.92097147356,39839.587042675455
3072,1533.7104350463999,159.0,158.47875700504127,12.61174787297534,0.0003274493761977164,483979.41338373657,38515.10734092915
3073,1534.2104473759,159.0,158.38608447139006,12.613641648223997,0.0003274353406541264,483717.1337552566,38522.54195599469
3074,1534.7104598396,181.0,179.8865477577739,13.46027881892083,0.0003274213570729329,549403.8304828854,41109.95977553951
3075,1535.2104724375001,179.0,178.1129886433702,13.383657411418552,0.00032740742541472037,544010.2295107023,40877.68441557409
3076,1535.7104851696,162.0,161.25,12.73235024349322,0.00032739354564010476,492526.50868462125,38890.04659086824
3077,1536.2104980359,167.0,165.88793949175522,12.929738212434055,0.00032737971770978986,506714.16253956454,39494.62203365877
3078,1536.7105110364,152.0,151.29239395796563,12.332449895182677,0.0003273659415844163,462150.6844167311,37671.75606446697
3079,1537.2105241711,142.0,141.1388688767595,11.922250541346594,0.00032735221722476866,431152.9339049805,36420.25290807932
3080,1537.71053744,171.0,169.81966701898196,13.083654454866561,0.0003273385445916075,518789.0941192139,39969.79479208575
3081,1538.2105508431,167.0,165.20969926745326,12.933828461169297,0.00032732492364574185,504726.9160788284,39513.729407197105
3082,1538.7105643804,157.0,155.8993367555659,12.535406076370581,0.00032731135434803214,476302.86784917704,38298.10946014909
3083,1539.2105780519,144.0,143.07036569818857,12.00599549908269,0.00032729783665932526,437125.9130780822,36682.17187631271
3084,1539.7105918576,160.0,158.46179671116775,12.65880049982012,0.00032728437054058135,484171.5980797788,38678.2921497637
3085,1540.2106057975002,173.0,172.14583867255726,13.156721575796139,0.0003272709559527287,526004.0206483284,40201.31128805853
3086,1540.7106198716,168.0,167.1421315669722,12.966810344356963,0.0003272575928567703,510735.6871628788,39622.64169690969
3087,1541.2106340799,151.0,149.28519783085878,12.299422975131238,0.00032724428121374746,456188.8668524953,37584.83701995567
3088,1541.7106484224,164.0,162.71386684730413,12.812819266635108,0.00032723102098470083,497244.6266178156,39155.27087890042
3089,1542.2106628991,157.0,155.64353454972678,12.538389194502738,0.00032721781213075775,475657.2801957703,38318.17440760939
3090,1542.7106775099999,166.0,165.21199432886903,12.887764438238273,0.00032720465461302806,504919.45025738917,39387.47281416311
3091,1543.2106922551,174.0,172.96670715079412,13.197288990519064,0.000327191548392689,528640.5104303085,40335.05466553168
3092,1543.7107071343999,168.0,166.75,12.968571387318356,0.00032717849343098023,509660.6389110862,39637.603472412025
3093,1544.2107221479,147.0,146.2818856482543,12.128037644867115,0.00032716548968911123,447118.93600776343,37070.039558242446
3094,1544.7107372956002,150.0,149.32293955174947,12.25172198359981,0.00032715253712838326,456432.1611638647,37449.57043934497
3095,1545.2107525775,150.0,149.25,12.251933125419203,0.00032713963571011075,456227.1999723548,37451.69275751119
3096,1545.7107679936,171.0,169.89681911220197,13.083275117995612,0.00032712678539562664,519360.7698823226,39994.508863505995
3097,1546.2107835438999,164.0,162.75,12.813376743593125,0.0003271139861463632,497532.9912282609,39170.98407972056
3098,1546.7107992284,146.0,144.92611981463997,12.089307844760155,0.0003271012379236899,443061.972906535,36958.918044756814
3099,1547.2108150471,147.0,146.35176853134232,12.127812792013314,0.0003270885406890893,447437.77395263594,37078.07300880431
3100,1547.710831,163.0,162.14870287904623,12.77241034183872,0.0003270758944040983,495752.53222028486,39050.29554412397
3101,1548.2108470870999,142.0,140.82458730094277,11.92376203791406,0.00032706329903017985,430572.88212563447,36457.04691804564
3102,1548.7108633084,162.0,160.57482331858714,12.736251955080306,0.0003270507545289395,490978.2995298929,38942.73833254013
3103,1549.2108796639002,165.0,163.84988101508856,12.851312006529358,0.0003270382608619641,501011.3513423009,39296.05047634969
3104,1549.7108961536,146.0,145.17470417745153,12.087772437154419,0.0003270258179909271,443924.2903490856,36962.74658501054
3105,1550.2109127775,154.0,153.25,12.41404173969129,0.0003270134258774645,468635.19315388735,37961.87176835659
3106,1550.7109295356,165.0,164.42423104859597,12.848265864255001,0.0003270010844832989,502824.7270445787,39291.2026104036
3107,1551.2109464279001,137.0,135.97801725049757,11.711657600143257,0.0003269887937701654,415849.16621354956,35816.694098621534
3108,1551.7109634544,162.0,160.22872811545056,12.738547700996032,0.0003269765536998609,490031.2462847966,38958.59674601938
3109,1552.2109806151,133.0,131.0,11.545027818569043,0.0003269643642341817,400655.2833573443,35309.74345051299
3110,1552.7109979099998,142.0,140.69313166486432,11.92338844304604,0.00032695222533498617,430317.0945562889,36468.289612739805
3111,1553.2110153391,174.0,172.30781802972965,13.200880498089525,0.0003269401369641817,527031.7056501601,40377.056854098526
3112,1553.7110329024001,143.0,141.6912316507941,11.9652463094372,0.00032692809908364503,433401.8154081708,36599.01471600297
3113,1554.2110505998999,140.0,139.0,11.838205242925168,0.00032691611165536986,425185.52938905545,36211.752253449136
3114,1554.7110684316,154.0,152.82766771569982,12.41662680349654,0.00032690417464133767,467499.8962107915,37982.46632096216
3115,1555.2110863975,155.0,153.75,12.457063404768766,0.0003268922880035663,470338.4131176647,38107.54753759398
3116,1555.7111044976,142.0,141.09371206204898,11.921373070482892,0.0003268804517041292,431637.0444499929,36470.13153687556
3117,1556.2111227318999,160.0,158.73514698982402,12.656822157121404,0.0003268686657051185,485623.6269922105,38721.42999641219
3118,1556.7111411004,150.0,148.6713791528748,12.254955793303235,0.0003268569299686624,454851.54366201983,37493.33322832772
3119,1557.2111596031,163.0,161.92114047947328,12.772949948024767,0.0003268452444569266,495406.1386100789,39079.503724301714
3120,1557.71117824,141.0,140.34180329970906,11.877855064944551,0.00032683360913210034,429398.3218934666,36342.208185033174
3121,1558.2111970111,147.0,145.98801200794315,12.130878680054934,0.000326822023956454,446689.63933530595,37117.690335554806
3122,1558.7112159164,147.0,145.23872943409893,12.135238584139902,0.0003268104888922326,444412.6928924614,37132.341208735066
3123,1559.2112349559,149.0,147.6807368947959,12.213386718889906,0.0003267990039017608,451900.8171126197,37372.778292070245
3124,1559.7112541295999,129.0,127.32022092313821,11.369111009950313,0.0003267875689473623,389611.57957525144,34790.524763754416
3125,1560.2112734375,175.0,174.1879361096183,13.231794206885837,0.0003267761839914113,533049.6671513752,40491.91726663168
3126,1560.7112928796,153.0,151.90267304198235,12.376542204382352,0.00032676484899632415,464868.46277547785,37875.99015744065
3127,1561.2113124559,151.0,150.0076764054277,12.293293249865972,0.0003267535639245536,459085.0505308154,37622.52231380239
3128,1561.7113321664,160.0,159.41898538913435,12.652146150950161,0.0003267423287385645,487904.2945081347,38722.0908897711
3129,1562.2113520111,131.0,129.9937645392623,11.45231764030391,0.0003267311434008894,397861.5665044327,35051.196898767186
3130,1562.71137199,152.0,150.58149523818875,12.337081117418155,0.0003267200078740293,460888.5027214103,37760.40897432538
3131,1563.2113921031,139.0,138.00479264149166,11.795127085767769,0.0003267089221206268,422409.01088871335,36102.86186617455
3132,1563.7114123504,151.0,150.4180235096377,12.291323127901988,0.000326697886103269,460419.33513487945,37622.90376135678
3133,1564.2114327319,163.0,161.9966520523009,12.773185760508321,0.00032668689978462785,495877.40481512755,39099.16733401061
3134,1564.7114532476,170.0,169.085083265234,13.04293707367084,0.00032667596312735083,517592.6678122876,39926.22214627466
3135,1565.2114738975,154.0,153.25,12.413882791995043,0.00032666507609419645,469134.9373258657,38001.86705117936
3136,1565.7114946816,147.0,146.41705913075248,12.127508197058047,0.000326654238647903,448232.5401219539,37126.437566696186
3137,1566.2115155999002,162.0,161.33318235449505,12.73174469539639,0.0003266434507512644,493912.1907493826,38977.49875625543
3138,1566.7115366524,156.0,155.58315200809506,12.491942453214651,0.00032663271236708653,476324.4651173908,38244.61537451757
3139,1567.2115578391001,148.0,147.75,12.166949783459874,0.0003266220234582364,452357.73888006696,37250.85545254301
3140,1567.71157916,139.0,137.7534464849666,11.798311191203858,0.00032661138398762905,421765.60046107956,36123.392415650575
3141,1568.2116006151,173.0,172.07925071210863,13.156921407730447,0.00032660079391816127,526879.4623788568,40284.41342683102
3142,1568.7116222043999,155.0,153.83756849548064,12.457078304039035,0.0003265902532128028,471041.5175655646,38142.835499509325
3143,1569.2116439279,142.0,140.66536545363047,11.923913229510987,0.0003265797618345293,430722.8490322143,36511.48853355025
3144,1569.7116657856,138.0,136.75,11.754673472747827,0.00032656931974639567,418747.2359810043,35994.42066963353
3145,1570.2116877775,156.0,154.58511985998962,12.497973424369341,0.00032655892691144957,473375.8814129961,38271.72493054621
3146,1570.7117099036002,141.0,139.99391174667232,11.879605930620283,0.0003265485832927943,428707.76022062585,36379.29097970893
3147,1571.2117321639,159.0,157.9212115968699,12.615748583644098,0.0003265382888535508,483622.34074086184,38634.82174766383
3148,1571.7117545584001,153.0,151.58584900196604,12.37733911455229,0.0003265280435568943,464235.3145253011,37905.899229129034
3149,1572.2117770871,142.0,140.8278152765955,11.922748601896721,0.0003265178473659872,431302.04493460496,36514.845047758616
3150,1572.71179975,173.0,172.0,13.158151819874286,0.00032650770024409645,526786.9635889542,40299.667695546785
3151,1573.2118225471,143.0,142.16342045021176,11.962863486824899,0.00032649760215448776,435419.4931665831,36639.97348796599
3152,1573.7118454784,149.0,148.57635324372575,12.208572459829035,0.0003264875530604196,455075.09199356916,37393.68421671415
3153,1574.2118685439,143.0,142.26120208806842,11.963016714142364,0.0003264775529252616,435745.7375350867,36642.6929108997
3154,1574.7118917436,168.0,167.0,12.966740661483932,0.0003264676017123692,511536.2110177584,39718.30770793648
3155,1575.2119150775002,154.0,153.32488839919495,12.413035096570953,0.0003264576993851473,469662.34427298885,38023.41044475211
3156,1575.7119385455999,156.0,155.01340076068806,12.495877782603868,0.0003264478459070056,474848.90068732866,38278.328190174485
3157,1576.2119621479,159.0,157.75,12.616255657744212,0.0003264380412414327,483246.37471810007,38648.23967747454
3158,1576.7119858843998,166.0,165.0734207430252,12.888654934680208,0.00032642828535192354,505695.82401555346,39483.87904186949
3159,1577.2120097551,146.0,145.0885345502512,12.088333196335006,0.0003264185782019836,444486.14214743715,37033.2266714761
3160,1577.71203376,151.0,149.3551185128627,12.297945493283448,0.0003264089197552228,457570.57933608413,37676.49947343901
3161,1578.2120578991,139.0,137.64390055047983,11.796908721724574,0.00032639930997521905,421704.0181884271,36142.566363330305
3162,1578.7120821724002,144.0,142.35708101097597,12.009935433853245,0.00032638974882559865,436156.71608314605,36796.30097779379
3163,1579.2121065799,142.0,140.32096840138533,11.92554550947825,0.00032638023627003,429930.9602965391,36538.8102103452
3164,1579.7121311216001,160.0,158.98071549379222,12.654065429425428,0.0003263707722722243,487116.88974767376,38772.05468285846
3165,1580.2121557975,155.0,154.4099926389702,12.452931352262725,0.0003263613567959031,473125.84478417196,38156.880687471916
3166,1580.7121806076,127.0,126.02076012856428,11.275809783023266,0.00032635198980483733,386149.8138985649,34551.067973467376
3167,1581.2122055518998,166.0,164.43099909508817,12.89259607685217,0.0003263426712627961,503859.94102093915,39506.31410524328
3168,1581.7122306304,188.0,186.09074587509699,13.720806780481928,0.00032633340113366496,570247.3152568127,42045.36444267296
3169,1582.2122558431,152.0,150.0,12.339712489134785,0.00032632417938129174,459665.6008892718,37814.27570745996
3170,1582.71228119,140.0,138.31752200241493,11.84136084967567,0.00032631500596953453,423877.2948594603,36288.128443535956
3171,1583.2123066711001,144.0,142.81702841013123,12.006278562355574,0.0003263058808623808,437678.37721062766,36794.551574199824
3172,1583.7123322864,155.0,153.84173274727172,12.456279629332302,0.0003262968040237488,471477.90248069575,38174.69088181967
3173,1584.2123580359,172.0,170.75,13.12124816087354,0.0003262877754176542,523311.0550385681,40213.72895162286
3174,1584.7123839196,150.0,148.75,12.25426418094073,0.00032627879500813007,455898.45946407126,37557.64814760758
3175,1585.2124099375,151.0,149.90752545854824,12.29398286904805,0.0003262698627592267,459458.6952984181,37680.412052401196
3176,1585.7124360896,133.0,130.74177694853287,11.546914113690464,0.00032626097863504305,400727.59388974064,35391.64923123366
3177,1586.2124623759,143.0,140.47109044437565,11.971868982204636,0.00032625214259971304,430559.90169150603,36695.14286345461
3178,1586.7124887963998,161.0,158.59321774137595,12.701339011771857,0.00032624335461739495,486119.38142730197,38932.10032329233
3179,1587.2125153511,176.0,173.65653421293055,13.278097950078738,0.00032623461465226984,532305.6671899433,40701.07019217359
3180,1587.71254204,150.0,148.06257202209005,12.257651407438182,0.0003262259226685859,453865.1337420152,37574.11828946155
3181,1588.2125688631,144.0,143.03018826483844,12.004603198644514,0.0003262172786305894,438450.6819051935,36799.40942747734
3182,1588.7125958204,149.0,147.8768434452028,12.213245797378928,0.00032620868250257543,453319.76546649804,37439.977696738664
3183,1589.2126229118999,176.0,174.5,13.273985559823533,0.0003262001342488558,534947.664573538,40692.76547169322
3184,1589.7126501376001,162.0,159.41295850886894,12.742343562321535,0.00032619163383379045,488709.52524213766,39063.98031291735
3185,1590.2126774975,164.0,160.75,12.823015113262738,0.0003261831812217687,492821.24050015834,39312.31237990931
3186,1590.7127049916,155.0,151.44041296055772,12.46905173085536,0.0003261747763772283,464292.2259120784,38228.1299288288
3187,1591.2127326199,177.0,174.48635379602104,13.3155497256939,0.0003261664192645994,534961.1225748861,40824.40416679372
3188,1591.7127603824,163.0,159.3984627228547,12.78735496872926,0.0003261581098483717,488715.3129411921,39206.000349566646
3189,1592.2127882791,171.0,168.25258715150045,13.08882419291733,0.00032614984809308987,515875.10506360163,40131.32083134226
3190,1592.7128163099999,150.0,148.6537954017166,12.254541895816875,0.0003261416339632474,455795.21263595636,37574.29478383563
3191,1593.2128444751002,162.0,160.28936355476228,12.737155376699102,0.00032613346742348516,491483.94619257556,39055.039267588785
3192,1593.7128727744,167.0,165.45988621676386,12.930286602992027,0.00032612534843836716,507350.5847032719,39648.21092536344
3193,1594.2129012079001,143.0,142.20913551973038,11.962184033121343,0.00032611727697259916,436067.4688562391,36680.620371199846
3194,1594.7129297755998,159.0,158.1944104305748,12.61397172553909,0.00032610925299082294,485096.35645029234,38680.20183375189
3195,1595.2129584775,186.0,185.1525442399962,13.642133254594007,0.00032610127645774106,567776.2020780983,41834.038194456036
3196,1595.7129873135998,169.0,167.94541292181165,13.005560590292037,0.0003260933473381217,515022.5059564658,39882.93749766918
3197,1596.2130162839,170.0,169.05408536401495,13.042903400401213,0.0003260854655967138,518434.8988221775,39998.419974142686
3198,1596.7130453884001,157.0,155.79462499379167,12.5366334752666,0.00032607763119833825,477783.8468135487,38446.77547857042
3199,1597.2130746271,178.0,176.80308099856103,13.347285256986918,0.0003260698441078518,542224.5699607877,40933.822916087054
3200,1597.7131040000002,172.0,170.54613247907585,13.122469059113426,0.00032606210429009697,523048.002926894,40245.3056839699
3201,1598.2131335070999,150.0,148.4010376918188,12.25583245133449,0.00032605441170998283,455141.9406151688,37588.30431724305
3202,1598.7131631484,173.0,171.8015721076272,13.158647581678217,0.0003260467663324473,526923.0976897745,40358.16005689582
3203,1599.2131929239,176.0,175.4516027788772,13.26884449744415,0.00032603916812247674,538130.4454591442,40697.08732804674
3204,1599.7132228336,193.0,192.29915307223212,13.89605277435821,0.0003260316170450424,589817.4993429098,42621.79508939596
3205,1600.2132528775,156.0,155.0,12.49519956176689,0.0003260241130651707,475424.9571994579,38325.99817323683
3206,1600.7132830556,177.0,176.29955587994408,13.307330487662412,0.0003260166561479595,540768.5544751192,40817.94668068434
3207,1601.2133133679001,209.0,208.5,14.45907694165616,0.00032600924625846223,639552.412678197,44351.738815999444
3208,1601.7133438143999,197.0,196.64927294596507,14.037185412012843,0.00032600188336181693,603215.1437840364,43058.60219964899
3209,1602.2133743951001,178.0,177.00489892654204,13.347038587767749,0.00032599456742319667,542968.8608790815,40942.51843909107
3210,1602.71340511,169.0,168.0950693089537,13.004066739274835,0.00032598729840777345,515649.13765040523,39891.329517410246
3211,1603.2134359591,161.0,160.5,12.691127281929454,0.00032598007628077257,492361.37935546227,38932.21765798458
3212,1603.7134669424,166.0,165.35173891620468,12.88746079183349,0.00032597290100744194,507256.08909566904,39535.37472594775
3213,1604.2134980599,185.0,184.25,13.605033117682327,0.00032596577255305934,565243.3952095647,41737.61254478875
3214,1604.7135293116,184.0,183.1022457843606,13.56903415259227,0.0003259586908829558,561734.510862017,41628.079054546804
3215,1605.2135606975,194.0,192.7049989054099,13.934581551662514,0.00032595165596246674,591207.3013907309,42750.45485047966
3216,1605.7135922176,184.0,183.23623361386876,13.567793888958219,0.0003259446677569567,562169.753764772,41626.064884961255
3217,1606.2136238719,234.0,233.60300725792416,15.29881773953893,0.0003259377262318562,716710.5506889079,46937.85502036697
3218,1606.7136556604,188.0,187.20652278959622,13.715227110928119,0.0003259308313525938,574375.0046986968,42080.17711614066
3219,1607.2136875831,232.0,230.70703137569595,15.23717847610779,0.0003259239830846464,707855.3385124118,46750.712641329344
3220,1607.7137196400001,240.0,238.5,15.498158228801216,0.00032591718139350585,731780.9971854165,47552.44311618249
3221,1608.2137518311,254.0,253.3758515451617,15.939414257816363,0.000325910426244707,777440.1526967924,48907.34684826681
3222,1608.7137841564,236.0,235.27139752023749,15.36574672167621,0.00032590371760383123,721904.6141910953,47148.11734781995
3223,1609.2138166159002,246.0,245.0409311564083,15.688152151545058,0.00032589705543645806,751896.7326299923,48138.367284523876
3224,1609.7138492096,293.0,292.104789495718,17.120668412110955,0.00032589043970821473,896328.1947063357,52535.04345644477
3225,1610.2138819375,284.0,282.71008945162686,16.85734883564945,0.00032588387038476346,867517.8956167351,51728.08588454032
3226,1610.7139147996,286.0,284.7893997758367,16.91597709007318,0.00032587734743178855,873915.9135184989,51909.03026364535
3227,1611.2139477959001,260.0,258.85555565452205,16.129131682440597,0.0003258708708150109,794350.0902891937,49495.46930077319
3228,1611.7139809264,232.0,230.75,15.23679533372045,0.0003258644405001846,708116.5396439421,46758.07925017157
3229,1612.2140141911,187.0,185.89393279208136,13.679880038126198,0.0003258580564530752,570475.1781051969,41981.10117954427
3230,1612.7140475899998,165.0,164.0,12.850205857387104,0.0003258517186395323,503296.409436533,39435.746759409965
3231,1613.2140811231,120.0,119.14342061400018,10.959340540362863,0.0003258454270253727,365643.9855598244,33633.55637797393
3232,1613.7141147904001,113.0,112.10683570929585,10.635611203070257,0.000325839181576466,344055.72456603806,32640.67615077272
3233,1614.2141485918999,110.0,108.85709218876194,10.4951411691382,0.0003258329822587243,334088.6224413129,32210.186631151548
3234,1614.7141825276,95.0,93.89265117560272,9.753923122626132,0.0003258268290380935,288167.3416912682,29935.911512939798
3235,1615.2142165975,91.0,89.57281684860557,9.549253845108186,0.0003258207218805424,274914.4263496113,29308.307310820106
3236,1615.7142508016,81.0,79.81854974330045,9.00788818099123,0.0003258146607520253,244981.4552821785,27647.27701386972
3237,1616.2142851398999,94.0,93.39188033168382,9.69924376665871,0.0003258086456186242,286646.4152734726,29769.75564366139
3238,1616.7143196124,95.0,94.35837692862513,9.751085190908414,0.0003258026764463628,289618.17612372944,29929.42015475967
3239,1617.2143542191,85.0,83.96726869020314,9.22688059447673,0.00032579675320134347,257728.99166466246,28320.971599046254
3240,1617.71438896,65.0,63.32667575323466,8.075802076312451,0.0003257908758496911,194378.29739115053,24788.300332997514
3241,1618.2144238351,70.0,68.14085035344533,8.380583566626122,0.0003257850443575588,209158.92713189963,25724.273448931504
3242,1618.7144588444,73.0,71.25,8.55699443443909,0.00032577925869108553,218706.37279447418,26266.234593384936
3243,1619.2144939879001,99.0,97.53066885465586,9.95904887638743,0.0003257735188165309,299381.81964256946,30570.467828590346
3244,1619.7145292656,84.0,82.89007623002108,9.172725962160843,0.00032576782470012826,254445.25194077106,28157.24963201755
3245,1620.2145646775,88.0,87.0,9.387585235603641,0.00032576217630812695,267065.9957702081,28817.296538209073
3246,1620.7146002236,92.0,91.55823746765309,9.59420598766497,0.0003257565736068479,281063.36106713145,29452.07177689717
3247,1621.2146359039,93.0,92.0248950922075,9.650690793788517,0.00032575101656261634,282500.71500396484,29625.972915217124
3248,1621.7146717184,79.0,77.66712563744882,8.897387959885101,0.00032574550514179174,238428.84832329943,27313.923966540115
3249,1622.2147076671,89.0,87.30608549488637,9.44578335634299,0.00032574003931077483,268023.80720409786,28997.919249746163
3250,1622.71474375,81.0,79.5811426003992,9.009406698395852,0.00032573461903598203,244312.8177039369,27658.732513784893
3251,1623.2147799671,97.0,95.97347104743741,9.85560956048832,0.0003257292442838966,294641.8620115963,30257.060836387303
3252,1623.7148163184002,88.0,87.02601005933528,9.387217400888265,0.0003257239150209481,267177.2198665192,28819.552289504285
3253,1624.2148528039,103.0,101.97450914621547,10.155425755757337,0.0003257186312136642,313075.45646451664,31178.522757255487
3254,1624.7148894236,84.0,82.61251433204401,9.174786712939783,0.0003257133928286248,253635.60771819678,28168.282038580855
3255,1625.2149261774998,77.0,75.5,8.78574377206595,0.0003257081998323644,231802.57678148223,26974.278745784726
3256,1625.7149630656,82.0,80.63696568160182,9.06479224982557,0.0003257030521915264,247578.17017380625,27831.462397518804
3257,1626.2150000879,62.0,61.433527270924735,7.878082144186946,0.00032569794987270806,188621.16662059032,24188.307440270724
3258,1626.7150372444,86.0,84.6355492939144,9.28365082135976,0.00032569289284257286,259863.0524456175,28504.308891527184
3259,1627.2150745351,69.0,67.31710718523914,8.318877599527605,0.0003256878810678429,206692.08496344558,25542.48433270604
3260,1627.71511196,83.0,81.04853315514472,9.124433224248707,0.0003256829145152131,248857.18452804754,28016.30916939762
3261,1628.2151495191001,74.0,71.92831491463683,8.617089366939643,0.0003256779931514628,220857.1546963113,26458.92429990534
3262,1628.7151872124,85.0,83.63540197471758,9.22878457426431,0.0003256731169433562,256807.8162535723,28337.569464996577
3263,1629.2152250399001,77.0,75.47971837929882,8.786000480172428,0.0003256682858577164,231768.70962582983,26978.372969393182
3264,1629.7152630015999,83.0,81.65463846947969,9.119514188274595,0.0003256634998613707,250733.16016145088,28002.874722394787
3265,1630.2153010975,84.0,82.86538198685365,9.172996351186374,0.00032565875892121173,254454.6391485257,28167.510008246525
3266,1630.7153393276,81.0,80.2874255212399,9.00471647920161,0.0003256540630041289,246542.0660826269,27651.17190964524
3267,1631.2153776919,73.0,72.75,8.545841996151255,0.0003256494120770469,223399.75845799388,26242.461000142554
3268,1631.7154161904,66.0,65.75,8.125971082355436,0.00032564480610694887,201907.1048177758,24953.47977294835
3269,1632.2154548231,70.0,69.61642945513118,8.36954228132789,0.00032564024506081586,213783.24857276093,25701.805622228334
3270,1632.71549359,80.0,78.96676685034971,8.95175181227286,0.0003256357289056572,242500.315047517,27490.078691169518
3271,1633.2155324911,90.0,89.03218349520925,9.493022280331992,0.0003256312576085405,273414.11923740996,29152.675176361856
3272,1633.7155715264,74.0,72.96886678384568,8.610067824507112,0.0003256268311365317,224087.39024718344,26441.518330831303
3273,1634.2156106958998,79.0,77.63252057812161,8.897787197136022,0.0003256224494567431,238412.6791860971,27325.472220913434
3274,1634.7156499996,99.0,98.14677308815624,9.95511428598511,0.0003256181125363151,301416.81101112044,30572.974606487376
3275,1635.2156894375,73.0,72.36800534216968,8.548691027908799,0.00032561382034242245,222251.02505190333,26254.07920007453
3276,1635.7157290096,77.0,76.25,8.780320146532336,0.00032560957284224356,234176.16175843452,26965.792405576365
3277,1636.2157687159001,77.0,75.85559566120483,8.78327117952434,0.00032560537000302786,232967.88889108135,26975.203693485346
3278,1636.7158085564,82.0,80.89361381876664,9.062908915991457,0.000325601211791998,248443.83524728235,27834.383250947678
3279,1637.2158485311,74.0,73.38094094342888,8.606788962103515,0.0003255970981764843,225373.44882494624,26433.862618266805
3280,1637.71588864,66.0,65.6306771244521,8.126841477973661,0.0003255930291237589,201572.7342230834,24960.121228162487
3281,1638.2159288831,73.0,72.61958685067444,8.546830768997841,0.00032558900460120905,223040.66115384037,26250.366714521733
3282,1638.7159692604,83.0,82.36985098195038,9.114798122638087,0.0003255850245761629,252990.29366960918,27995.13931730572
3283,1639.2160097719,74.0,73.37988473062481,8.606800980637939,0.00032558108901604505,225381.28658636115,26435.199312862376
3284,1639.7160504176002,81.0,79.8518985647419,9.008140345392409,0.00032557719788828314,245262.56470866816,27668.216336462898
3285,1640.2160911975,80.0,78.25,8.95650688651383,0.0003255733511603269,240345.2239598879,27509.950843929008
3286,1640.7161321116,75.0,73.63727279438352,8.67000524188576,0.0003255695487996852,226179.85332433743,26630.27077885652
3287,1641.2161731598999,67.0,66.0,8.192991950893052,0.0003255657907738697,202724.00193864974,25165.395699033103
3288,1641.7162143424,79.0,78.0,8.895229139431555,0.00032556207705040794,239585.64433142802,27322.682113415423
3289,1642.2162556591,95.0,94.38488718091699,9.750677284878837,0.00032555840759691086,289916.9088508976,29950.623474456872
3290,1642.71629711,82.0,81.10984826741539,9.061634908455883,0.0003255547823809562,249143.47033766695,27834.43954404018
3291,1643.2163386951001,71.0,70.01105923966423,8.433403603734076,0.00032555120137017974,215053.91147383797,25904.99917751669
3292,1643.7163804144,79.0,78.5,8.891711026700458,0.0003255476645322459,241132.12457779582,27313.084980892938
3293,1644.2164222679,70.0,69.5,8.370335713097106,0.0003255441718348712,213488.6937409315,25711.82787859237
3294,1644.7164642556,77.0,76.62696726324386,8.777607578068357,0.00032554072324573243,235383.66106474015,26963.162981740486
3295,1645.2165063775,73.0,72.49659779587019,8.54771092901634,0.00032553731873262085,222698.27028776097,26257.238224773173
3296,1645.7165486336,72.0,71.37643478474237,8.489863167145316,0.0003255339582632752,219259.56716016942,26079.808117219985
3297,1646.2165910239,101.0,100.37383168872316,10.053776598998777,0.00032553064180554185,308339.1201885143,30884.27111879832
3298,1646.7166335483998,71.0,70.25,8.431711266295768,0.0003255273693272285,215803.66697026597,25901.696940941372
3299,1647.2166762071,76.0,75.12436510408166,8.724077976819636,0.00032552414079618753,230779.70475657424,26800.095241728417
3300,1647.716719,95.0,94.0,9.753204657092011,0.00032552095618034984,288767.8910230307,29961.83339940916
3301,1648.2167619271,91.0,90.25020171198543,9.544301945822713,0.0003255178154476055,277251.19003974105,29320.367405079676
3302,1648.7168049884,81.0,80.25033279636328,9.005202216887708,0.0003255147185659283,246533.65337798002,27664.50087590689
3303,1649.2168481838999,85.0,84.24913238300648,9.224639181745118,0.00032551166550327673,258820.6239943754,28338.889690736014
3304,1649.7168915136,82.0,81.37570137495172,9.059688301254972,0.00032550865622764917,249995.50647292295,27832.403617920838
3305,1650.2169349775,94.0,93.12596909754654,9.700986511673118,0.0003255056907071087,286096.28573695704,29802.816935701758
3306,1650.7169785756,67.0,66.12376302371946,8.192050717301644,0.0003255027689096972,203143.47323436712,25167.37643965888
3307,1651.2170223079,92.0,91.49698997769308,9.594960216999912,0.0003254998908035088,281096.837703476,29477.614242248714
3308,1651.7170661744,89.0,88.50354640432941,9.437246737046843,0.00032549705635668343,271902.7551123111,28993.33973301866
3309,1652.2171101751,91.0,90.3729584506859,9.543513830185741,0.0003254942655373462,277648.38898618566,29320.067480853202
3310,1652.71715431,87.0,86.25462010520208,9.33234306011934,0.0003254915183136807,264998.0575594517,28671.53991744151
3311,1653.2171985791,79.0,78.36726386392466,8.892698818851192,0.0003254888146538918,240767.91685531934,27321.058108578123
3312,1653.7172429824,74.0,73.26139011034405,8.60761007033277,0.00032548615452622406,225082.96924943844,26445.39545118889
3313,1654.2172875199,71.0,70.11565050215056,8.432780108744495,0.00032548353789891985,215419.95934653148,25908.468868134667
3314,1654.7173321916,63.0,62.5,7.941192973973362,0.0003254809647402914,192023.51833346125,24398.33303403724
3315,1655.2173769975,66.0,65.25730982216992,8.129698807133495,0.00032547843501861746,200496.56997532625,24977.688020001922
3316,1655.7174219376,52.0,51.12107564881137,7.21875778036103,0.0003254759487022907,157065.60147573688,22179.082077010702
3317,1656.2174670119,56.0,55.00838789485395,7.49153146825445,0.00032547350575966327,169010.3400781056,23017.331167306624
3318,1656.7175122204,55.0,53.267854799198304,7.430650391777495,0.0003254711061591216,163663.8515406521,22830.445625316668
3319,1657.2175575631,69.0,67.23106556677571,8.320083972351025,0.00032546874986912836,206566.88420565557,25563.388115438265
3320,1657.71760304,61.0,59.75,7.820262167435915,0.0003254664368581254,183582.67776178013,24027.860577356118
3321,1658.2176486511,55.0,53.39082168115582,7.429638696540059,0.00032546416709459323,164045.16097048024,22827.82391334866
3322,1658.7176943964,49.0,46.76108854124796,7.0199025039917435,0.0003254619405470536,143676.05767559013,21569.042734128365
3323,1659.2177402758998,51.0,48.97674078535349,7.159354425835307,0.00032545975718403607,150484.78253997734,21997.66412837008
3324,1659.7177862896,49.0,47.5,7.013411751685189,0.00032545761697414807,145948.3432639189,21549.385806024267
3325,1660.2178324375002,58.0,56.85593098560619,7.625336443784524,0.0003254555198859255,174696.47159628637,23429.73456544003
3326,1660.7178787196,59.0,58.486745320874455,7.685440088654657,0.00032545346588804246,179708.47279590555,23614.559051273045
3327,1661.2179251359,68.0,67.5137969942494,8.249802489059237,0.00032545145494913927,207446.59754186776,25348.795845292792
3328,1661.7179716864,52.0,51.48566037836662,7.215697508221705,0.0003254494870378894,158198.62199497817,22171.482198039663
3329,1662.2180183711,72.0,71.27976512255331,8.490385206532556,0.00032544756212300106,219020.73764993678,26088.335555955597
3330,1662.7180651899998,63.0,61.867287093410745,7.946262557139665,0.00032544568017321495,190100.19447940605,24416.555638133996
3331,1663.2181121431001,62.0,61.1170153113313,7.881105091225413,0.00032544384115731765,187795.88851333552,24216.48252183618
3332,1663.7181592303998,75.0,74.13325662687687,8.666474949279694,0.0003254420450440628,227792.49871306488,26629.85647139204
3333,1664.2182064519,64.0,63.0,8.007845023018627,0.00032544029180231,193583.89722152046,24606.18806193495
3334,1664.7182538076001,56.0,55.0,7.491703388203483,0.00032543858140084283,169002.70325433995,23020.329537928843
3335,1665.2183012975,51.0,50.0,7.150220878374695,0.0003254369138085945,153639.60841088687,21971.14271609671
3336,1665.7183489216002,50.0,49.0,7.079950478139168,0.0003254352889944523,150567.56798380063,21755.324998758384
3337,1666.2183966799,64.0,63.23076268034464,8.006192256098721,0.0003254337069273306,194296.90697179097,24601.60728798294
3338,1666.7184445724001,58.0,57.615108465202894,7.61903152710902,0.0003254321675761956,177041.83607391265,23412.04185147163
3339,1667.2184925990998,47.0,46.4054936976765,6.8608321774825365,0.0003254306709100476,142597.17305657233,21082.315807224393
3340,1667.71854076,68.0,66.88543775311197,8.254634824262807,0.0003254292168978828,205529.91028491492,25365.37715620367
3341,1668.2185890551,57.0,55.86428890354349,7.559387231938832,0.00032542780550872535,171664.15394718217,23229.076016173884
3342,1668.7186374844,50.0,48.65795378777558,7.082722910567669,0.0003254264367116687,149520.5929777827,21764.43617223095
3343,1669.2186860479,59.0,58.04619223937643,7.689601041520069,0.00032542511047577974,178370.354256042,23629.40287637201
3344,1669.7187347456,57.0,56.88653206323354,7.550687053021999,0.0003254238267702003,174807.51986671294,23202.625105733132
3345,1670.2187835775,54.0,53.52361206214437,7.352357071983285,0.00032542258556407636,164474.177381906,22593.25995839828
3346,1670.7188325436,56.0,55.25,7.489634542544369,0.00032542138682656725,169779.86769334675,23015.188447143937
3347,1671.2188816439,47.0,46.13735443511693,6.863479789122292,0.0003254202305268983,141777.76950257356,21091.128163757407
3348,1671.7189308784,63.0,62.4494845147122,7.942025360377881,0.00032541911663427117,191904.78162626602,24405.527992701445
3349,1672.2189802471,40.0,39.55161385459296,6.328527675047985,0.00032541804511796476,121540.93618334967,19447.377826739386
3350,1672.71902975,67.0,66.3354653637137,8.190779998598531,0.00032541701594727284,203847.56209079735,25170.10358157079
3351,1673.2190793871,50.0,49.86154688333711,7.072423153736891,0.0003254160290914857,153224.00381610982,21733.48121013605
3352,1673.7191291584002,68.0,67.44364088675147,8.249964066138649,0.00032541508451993864,207254.19347491587,25352.125511665276
3353,1674.2191790639,70.0,68.86099660584249,8.37531436448631,0.00032541418220201964,211610.3119411466,25737.398130014048
3354,1674.7192291036001,79.0,77.88927876708368,8.896004173612665,0.00032541332210707553,239354.9171949839,27337.55371786986
3355,1675.2192792775,46.0,44.86044570387123,6.7930972333578765,0.0003254125042045914,137857.16628659985,20875.341744971673
3356,1675.7193295856,75.0,73.88982998129208,8.668269542404822,0.00032541172846394976,227065.66333695577,26637.852247434046
3357,1676.2193800279,58.0,56.75,7.626174129847561,0.0003254109948546716,174394.84497241565,23435.514627443386
3358,1676.7194306044,66.0,64.64038181997203,8.134533308632351,0.0003254103033462247,198642.70170694942,24997.77427138656
3359,1677.2194813151,69.0,67.71868405302438,8.316641792699825,0.0003254096539081531,208102.87353102924,25557.45256115603
3360,1677.71953216,52.0,51.218131433759446,7.21825744552184,0.0003254090465100035,157396.15103842827,22182.104409626307
3361,1678.2195831391,58.0,57.28242149773782,7.621497317183737,0.00032540848112133717,176032.3557036565,23421.323534409847
3362,1678.7196342524,59.0,58.0,7.689419657370092,0.000325407957711804,178237.80465555616,23630.091013878
3363,1679.2196854999002,49.0,48.21647170257388,7.007411668686875,0.0003254074762510076,148172.5996528163,21534.267587882983
3364,1679.7197368815998,51.0,50.06816433123226,7.149145550708708,0.00032540703670860246,153863.1888162505,21969.85542482497
3365,1680.2197883975,42.0,40.93072730793054,6.491896296610925,0.0003254066390543136,125783.31968543147,19950.104015939767
3366,1680.7198400476,65.0,64.17778625802255,8.068354579898358,0.0003254062832578067,197223.56192851075,24794.710474309177
3367,1681.2198918319,72.0,70.96425435644386,8.49332042919349,0.0003254059692888485,218079.1413001156,26100.690309262107
3368,1681.7199437504,47.0,46.46369923934292,6.8609688044319626,0.0003254056971171895,142786.9876003117,21084.35367055389
3369,1682.2199958031,59.0,58.536856189984,7.6847019676266,0.00032540546671265666,179888.97599459783,23615.774022667036
3370,1682.72004799,61.0,60.46258806846445,7.814937788332362,0.0003254052780450233,185807.0294117934,24016.01423087883
3371,1683.2201003111,66.0,65.43195197796692,8.128080275525951,0.0003254051310841764,201078.42725147706,24978.34084067766
3372,1683.7201527664001,70.0,69.0,8.37424433912026,0.00032540502579996857,212043.43673049277,25734.834053448318
3373,1684.2202053559,63.0,62.0,7.945316523193932,0.00032540496216231554,190531.82099009826,24416.703637207356
3374,1684.7202580796,73.0,72.10518099001276,8.550852548406791,0.0003254049401411108,221586.0059123398,26277.574472897497
3375,1685.2203109375,82.0,81.35490233868093,9.060086588729837,0.000325404959706337,250011.25493631072,27842.49692108611
3376,1685.7203639296,84.0,83.29075293752183,9.169844762507953,0.00032540502082796,255960.25754488047,28179.78880343092
3377,1686.2204170559,76.0,75.31303370306364,8.723287786646392,0.00032540512347596667,231443.90874541964,26807.469081815685
3378,1686.7204703164,87.0,86.54186910394509,9.330261826223255,0.0003254052676204257,265951.0392588152,28672.743666542894
3379,1687.2205237111,89.0,88.35378617225837,9.438520995864376,0.000325405453231384,271519.07042391575,29005.417402003364
3380,1687.72057724,86.0,85.60350674038108,9.276509806793278,0.000325405680278909,263067.0327174661,28507.522667835034
3381,1688.2206309031,109.0,108.64677284760408,10.442358639635845,0.0003254059487331128,333880.7212055996,32090.2512086536
3382,1688.7206847004,134.0,133.3970525916968,11.57907783185166,0.00032540625856414165,409940.0336684138,35583.45153822319
3383,1689.2207386319,169.0,168.25,13.00372033078095,0.0003254066097421554,517045.4285895341,39961.45112444027
3384,1689.7207926975998,217.0,216.3523874517973,14.733849964409565,0.0003254070022373221,664867.0310235355,45278.22039202476
3385,1690.2208468975,257.0,256.397892760615,16.033559249346016,0.0003254074360199052,787928.8067188824,49272.25832775758
3386,1690.7209012316,274.0,273.25,16.555874243406265,0.0003254079110600895,839715.294904253,50877.29486806814
3387,1691.2209556999,249.0,247.84381461502628,15.784115340588103,0.00032540842732817297,761639.2010802992,48505.551838919935
3388,1691.7210103024001,256.0,254.45253133102997,16.0064401723445,0.0003254089847944438,781946.85217977,49188.68537835714
3389,1692.2210650391,152.0,151.15393931472786,12.333743371014277,0.00032540958342921003,464503.6502055265,37902.21308493631
3390,1692.72111991,126.0,125.64929616425503,11.226868301967773,0.0003254102232028194,386125.84118459374,34500.662552849084
3391,1693.2211749151,86.0,85.29915462659129,9.278204869980247,0.00032541090408565784,262127.52417214026,28512.2740310446
3392,1693.7212300544,74.0,73.30042414468153,8.608127480374765,0.0003254116260481145,225254.47241962867,26453.042212763445
3393,1694.2212853279,59.0,58.55028015937238,7.684559717679563,0.00032541238906059816,179926.40147597197,23614.834517712683
3394,1694.7213407356,73.0,72.25,8.549715058180647,0.00032541319309355746,222025.41732605128,26273.412509500107
3395,1695.2213962775002,46.0,45.44859305902754,6.788077372041605,0.00032541403811749115,139663.8980971628,20859.817269440482
3396,1695.7214519535999,51.0,50.55197080007803,7.145082803161993,0.00032541492410285804,155346.19667320306,21956.838097885015
3397,1696.2215077639,55.0,54.54619754292177,7.420825126404975,0.0003254158510202349,167619.97724422466,22804.129249203466
3398,1696.7215637084,64.0,64.0,8.0,0.0003254168188401279,196670.84273060324,24583.855341325405
3399,1697.2216197871,52.0,51.90183212530205,7.211770720954925,0.00032541782753314855,159492.8972353707,22161.572325721154
3400,1697.721676,53.0,52.8478853207432,7.281698900369707,0.00032541887706986244,162399.56881603267,22376.387522247023
3401,1698.2217323471,47.0,46.70719216793269,6.8577386075032045,0.00032541996742092204,143528.9682378899,21073.50283958729
3402,1698.7217888284001,55.0,54.444639489071854,7.421550034453872,0.0003254210985569823,167305.19235076095,22805.989124132757
3403,1699.2218454439,48.0,47.75,6.930570964199215,0.00032542227044871314,146732.42840497434,21297.162467224196
3404,1699.7219021936,55.0,54.459739368197994,7.420305214029403,0.0003254234830668101,167350.36714304143,22801.996783084025
3405,1700.2219590775,68.0,67.19294041897233,8.253053894706946,0.0003254247363820383,206477.66720502143,25360.868342282756
3406,1700.7220160956,49.0,48.30762656211816,7.00602059592054,0.0003254260303651226,148444.2609213461,21528.76519453561
3407,1701.2220732479,47.0,46.0,6.865258410985945,0.00032542736498686304,141352.58724126333,21096.131271145816
3408,1701.7221305344,42.0,40.904380730439996,6.491613733370208,0.0003254287402180492,125693.81764816643,19947.880844883548
3409,1702.2221879550998,45.0,43.940670621450025,6.719142229106015,0.00032543015602952804,135023.3523455738,20646.956357960724
3410,1702.72224551,53.0,52.25,7.286915093867914,0.00032543161239214876,160556.00627095244,22391.540392477604
3411,1703.2223031991,54.0,53.25,7.355218163523612,0.0003254331092767927,163628.09585766192,22601.320989954133
3412,1703.7223610224,57.0,56.34448249764802,7.555819675279248,0.0003254346466543678,173136.09069254829,23217.625268104926
3413,1704.2224189799,64.0,63.2174062567011,8.00580506976979,0.00032543622449582717,194254.36229368404,24600.22722477363
3414,1704.7224770716,51.0,50.21956587561885,7.14995213162296,0.00032543784277211304,154313.84822319192,21970.254198832354
3415,1705.2225352975001,39.0,38.71911516083683,6.247103229841057,0.00032543950145420115,118974.84782217116,19195.897246420183
3416,1705.7225936575999,61.0,60.343343228224974,7.81607637814139,0.0003254412005131357,185420.11009386426,24016.86192718525
3417,1706.2226521519,44.0,43.40694197936361,6.638918658590978,0.0003254429399199013,133378.041600924,20399.639519680353
3418,1706.7227107804,56.0,55.34277265695524,7.489417523676979,0.0003254447196456081,170052.75955074816,23012.871531093064
3419,1707.2227695431,42.0,41.592487137182246,6.485227403449339,0.0003254465396613121,127801.28859402529,19927.166563818526
3420,1707.72282844,57.0,56.75,7.552046178902733,0.0003254483999381391,174374.8010768742,23205.049342194397
3421,1708.2228874711,61.0,60.474253111913534,7.814012068068754,0.00032545030044719785,185817.16787115112,24009.84745545357
3422,1708.7229466364001,60.0,59.09162964131601,7.75406426692105,0.0003254522411596732,181567.7453341749,23825.505823193136
3423,1709.2230059359,55.0,54.341343497179395,7.42241220403554,0.00032545422204675076,166970.77443159852,22806.317144563967
3424,1709.7230653696001,52.0,51.317885606093725,7.216903164221384,0.0003254562430796437,157679.83161268017,22174.726457637214
3425,1710.2231249375,55.0,53.81845851872544,7.4263619486451,0.0003254583042295604,165362.06887123967,22818.16703440743
3426,1710.7231846396,52.0,50.680968256465164,7.223947770431508,0.00032546040546779044,155720.84162932337,22196.087908292226
3427,1711.2232444759,60.0,59.0,7.754656007209668,0.00032546254676562566,181280.45941485086,23826.569552391553
3428,1711.7233044464,37.0,36.0,6.0938370687512275,0.0003254647280943528,110611.06440254115,18723.49456861763
3429,1712.2233645511,49.0,48.17924670897692,7.008491090458891,0.0003254669494253164,148031.14968831086,21533.649124231895
3430,1712.72342479,53.0,52.678672235463814,7.2836546984416355,0.0003254692107298748,161854.548752339,22378.936189103155
3431,1713.2234851631001,33.0,32.821902550223086,5.745942860036855,0.00032547151197941213,100844.16405789534,17654.211347383047
3432,1713.7235456704,46.0,45.41123882404162,6.7879033254628185,0.00032547385314534545,139523.46213126532,20855.448939646692
3433,1714.2236063119,55.0,54.25,7.423055646022734,0.00032547623419910564,166678.83642408528,22806.751664337437
3434,1714.7236670876,59.0,58.42637121968137,7.686763193462568,0.00032547865511216816,179509.07164571565,23616.796593968706
3435,1715.2237279975,55.0,54.662102407346204,7.4190113333284575,0.0003254811158559672,167942.46960716278,22793.983957617802
3436,1715.7237890416,39.0,38.5,6.250447361755459,0.0003254836164020797,118285.52363274651,19203.569847380866
3437,1716.2238502199,44.0,43.5,6.638386761934507,0.00032548615672198613,133646.23687254236,20395.296773265483
3438,1716.7239115324,52.0,51.41296739541405,7.216359245957696,0.0003254887367872792,157956.21041417055,22170.841661639108
3439,1717.2239729791,58.0,57.33674396306228,7.622008044540844,0.0003254913565695166,176154.42869929672,23416.9291770824
3440,1717.72403456,49.0,48.413544834544396,7.005420566440974,0.0003254940160403427,148738.66322797124,21522.42505611133
3441,1718.2240962751,46.0,45.42233242353213,6.788810584082558,0.00032549671517136163,139547.74443612742,20856.771413218434
3442,1718.7241581244,43.0,42.75,6.560054207268163,0.000325499453934209,131336.62586309828,20153.81017688006
3443,1719.2242201079,43.0,42.66441216385935,6.560615970700875,0.0003255022323006021,131072.5639646571,20155.363987310935
3444,1719.7242822256,53.0,52.41470158579439,7.285333258206131,0.00032550505024224767,161025.77071165646,22381.628957167435
3445,1720.2243444775002,45.0,44.07998232762093,6.716978395346981,0.00032550790773085993,135419.0828570212,20635.377008723204
3446,1720.7244068636,43.0,41.75,6.570576497337367,0.0003255108047382037,128259.95141260512,20185.432869492117
3447,1721.2244693839,46.0,44.91885842383139,6.794001273535971,0.0003255137412360582,137993.73953696422,20871.626640821447
3448,1721.7245320384,53.0,52.25,7.287233195575554,0.0003255167171962093,160514.02966350774,22386.663451091154
3449,1722.2245948271,40.0,39.417697926645566,6.331654534923478,0.0003255197325904945,121091.57749964496,19450.908504181934
3450,1722.72465775,52.0,51.66644139509222,7.213991046494894,0.00032552278739078893,158718.3552009428,22161.24746386656
3451,1723.2247208071,43.0,42.58326809041422,6.562204860733126,0.00032552588156894513,130813.77089027328,20158.780706176432
3452,1723.7247839984,46.0,45.5840451603151,6.78590836210552,0.0003255290150968786,140030.66714882274,20845.7865425176
3453,1724.2248473239,37.0,36.167313406807004,6.091906895141089,0.0003255321879464811,111102.11139167924,18713.68522286535
3454,1724.7249107836,50.0,49.24718683139938,7.079488255671294,0.00032553540008975674,151280.5882795571,21747.21475366223
3455,1725.2249743775,55.0,54.66789552833707,7.419007426668993,0.00032553865149862545,167930.5829789244,22789.943352395803
3456,1725.7250381056,46.0,45.5,6.787485573229478,0.00032554194214513116,139766.9366355118,20849.803648967365
3457,1726.2251019679,32.0,31.092391370865126,5.665976561918458,0.00032554527200126954,95508.65592280473,17404.573339637882
3458,1726.7251659644,46.0,44.25,6.800409637294598,0.00032554864103910065,135924.38862211458,20889.073950942467
3459,1727.2252300951,46.0,43.602493154490126,6.804288216879451,0.0003255520492306776,133934.01533649862,20900.769118053107
3460,1727.7252943600001,62.0,57.766121380955994,7.909917208426579,0.0003255554965480997,177438.6302595301,24296.67842286888
3461,1728.2253587591,46.0,41.0714174450055,6.834774209511313,0.0003255589829635103,126156.60938346437,20993.965969838944
3462,1728.7254232924,65.0,61.3904970393729,8.09621087030862,0.0003255625084490166,188567.46537504552,24868.375995992472
3463,1729.2254879599002,52.0,50.14884871259274,7.230923724694218,0.00032556607297681356,154035.85592950982,22210.310977978337
3464,1729.7255527616,61.0,60.158954398084276,7.818500198434558,0.00032556967651907904,184780.58227440246,24014.829274115084
3465,1730.2256176975002,54.0,53.42081550050678,7.353717864135579,0.0003255733190480415,164082.28922660588,22586.97944179654
3466,1730.7256827676,43.0,42.09221671225631,6.566502392139566,0.00032557700053591226,129284.98217924147,20168.815307379977
3467,1731.2257479719,46.0,44.82859863217883,6.7949689568368425,0.00032558072095497135,137688.12385662954,20870.3050257592
3468,1731.7258133103999,50.0,49.156610928828464,7.0802669120390025,0.000325584480277494,150979.58872896072,21746.32803751741
3469,1732.2258787831,48.0,47.187951437684816,6.935104542257649,0.00032558827847581855,144931.35827427972,21300.227928115415
3470,1732.72594439,46.0,44.810874642691346,6.796334713631733,0.0003255921155222656,137628.8690861341,20873.76932555655
3471,1733.2260101310999,47.0,46.26772492591014,6.862181680518834,0.00032559599138916995,142101.64175703394,21075.756035082086
3472,1733.7260760064,52.0,50.90426246530151,7.222691031379849,0.00032559990604894083,156339.91754791877,22182.71841360485
3473,1734.2261420159,44.0,43.25,6.641360393998016,0.00032560385947397663,132830.12084031114,20397.0567324581
3474,1734.7262081596,49.0,48.1734568196486,7.008116525763612,0.0003256078516367079,147949.30950681563,21523.180385658557
3475,1735.2262744375,44.0,43.152497840197654,6.643221021966661,0.0003256118825095907,132527.4050431087,20402.268402385434
3476,1735.7263408496,63.0,62.5,7.941795882720644,0.0003256159520650948,191943.9130780222,24390.070057541216
3477,1736.2264073959,48.0,47.42434006861009,6.933827384258979,0.0003256200602757283,145643.1769850179,21294.22670823032
3478,1736.7264740764,44.0,43.25,6.6414254251989036,0.00032562420711399967,132821.82053761857,20395.98187143921
3479,1737.2265408910998,42.0,41.325070318411946,6.488688025010482,0.00032562839255247496,126908.68260743699,19926.665405765656
3480,1737.72660784,48.0,47.574775277823385,6.933036762393324,0.0003256326165637202,146099.53935162356,21290.97765314507
3481,1738.2266749231,41.0,40.75,6.405962419839617,0.00032563687912032235,125139.38872673857,19672.103593256164
3482,1738.7267421404,37.0,36.60163054310315,6.086659275129145,0.00032564118019491156,112398.6546210014,18691.30701309335
3483,1739.2268094919,46.0,45.323889219663165,6.789990003999815,0.00032564551976012546,139181.6759925004,20850.862646602374
3484,1739.7268769775999,44.0,43.132032225934495,6.640794421375891,0.00032564989778862785,132449.08878777092,20392.43514728902
3485,1740.2269445975,48.0,46.5431909355953,6.945119402091021,0.00032565431425312004,142922.0768726523,21326.661733376626
3486,1740.7270123515998,48.0,47.32300175692049,6.935751123503975,0.00032565876912627985,145314.68593302387,21297.602831675988
3487,1741.2270802399,46.0,45.35458875224203,6.788520532677412,0.0003256632623808912,139268.36088498041,20845.21441886697
3488,1741.7271482624,37.0,36.07240933477437,6.0944140910171605,0.0003256677939896588,110764.43541703053,18713.591590854947
3489,1742.2272164191,38.0,36.88943555196477,6.175478412472323,0.0003256723639254299,113271.6178533695,18962.242721603296
3490,1742.72728471,51.0,49.359081441887994,7.160270121896889,0.0003256769721609607,151558.40191701686,21985.804137106872
3491,1743.2273531351,45.0,44.25,6.7164656601021475,0.00032568161866909417,135868.88993253195,20622.79623747004
3492,1743.7274216944002,34.0,33.10755476453242,5.841339517920025,0.00032568630342269354,101654.73468364932,17935.477963096328
3493,1744.2274903879,40.0,39.03370219328038,6.337615381957697,0.0003256910263946223,119848.87218226682,19458.980654501513
3494,1744.7275592156,47.0,46.467486708615645,6.85981894793917,0.0003256957875577884,142671.4390660361,21062.043815110836
3495,1745.2276281774998,47.0,45.89066188262366,6.868496500484432,0.00032570058688511267,140898.30884711022,21088.376186768186
3496,1745.7276972736,41.0,40.46010021115405,6.410706975625385,0.00032570542434953015,124222.9855150781,19682.530582437423
3497,1746.2277665039,55.0,54.93026428993507,7.416526347911013,0.0003257102999240252,168647.61201211027,22770.315675129044
3498,1746.7278358684,42.0,41.680562139647016,6.4839992226383485,0.00032571521358157156,127966.27360855101,19906.958447964873
3499,1747.2279053671,46.0,45.2234405816697,6.789263781983362,0.0003257201652951982,138841.39024884743,20843.854649988567
3500,1747.727975,54.0,52.7753667710168,7.362498784449985,0.00032572515503794886,162024.22795644435,22603.408642455666
3501,1748.2280447671,46.0,45.5,6.787875175788449,0.0003257301827828668,139686.16482289732,20838.950562690956
3502,1748.7281146684,34.0,33.56824490092501,5.83701355134471,0.00032573524850305885,103053.76852886028,17919.502350971074
3503,1749.2281847039,53.0,52.682053729074774,7.283019768731602,0.00032574035217161374,161730.20437246794,22358.359104660758
3504,1749.7282548736,49.0,48.5,7.0054020044510965,0.00032574549376168237,148889.24307110425,21505.75261549526
3505,1750.2283251775,36.0,35.43265145724329,6.006690485475389,0.0003257506732463869,108772.30460992239,18439.533602842715
3506,1750.7283956156,58.0,57.25,7.623247313398312,0.0003257558905989167,175745.0951838302,23401.717462062257
3507,1751.2284661879,45.0,44.25,6.716703673822008,0.00032576114579248744,135835.72065462839,20618.492292818137
3508,1751.7285368944001,36.0,35.25,6.0095189547012025,0.0003257664388003036,108206.35830325179,18447.3237231938
3509,1752.2286077351,42.0,41.31615121375744,6.489233629233251,0.0003257717695956187,126825.44980813802,19919.570186478566
3510,1752.72867871,53.0,52.5,7.285361637166113,0.0003257771381517006,161153.11313083293,22363.023011681158
3511,1753.2287498191,44.0,43.631103225866234,6.6383764893973245,0.0003257825444418357,133927.0748855484,20376.710178781606
3512,1753.7288210624001,49.0,48.60849052935165,7.0018245201472,0.000325787988439348,149202.83206942448,21491.966458581483
3513,1754.2288924399,58.0,56.62990277579384,7.6303559985237,0.00032579347011755746,173821.47885088006,23420.83773431802
3514,1754.7289639516,41.0,40.06465104130043,6.414823163376193,0.0003257989894498328,122973.52766181513,19689.512156586847
3515,1755.2290355975001,36.0,35.05694838404339,6.010677425918409,0.00032580454640956214,107601.16385845035,18448.72176327003
3516,1755.7291073776,38.0,36.75619951981063,6.181882355489922,0.000325810140970129,112814.7804434992,18973.879502592554
3517,1756.2291792919,51.0,50.117505608786914,7.148558621704053,0.0003258157731049845,153821.6063979138,21940.4927931486
3518,1756.7292513404,41.0,39.38068856640749,6.42545439865746,0.0003258214427875687,120865.85901003201,19720.784315741832
3519,1757.2293235231,55.0,54.43685303244975,7.421710768414767,0.0003258271499913594,167072.79621693084,22778.061216235612
3520,1757.7293958399998,52.0,51.124308630700774,7.219752635212525,0.00032583289468983526,156903.4602211256,22157.838428453044
3521,1758.2294682911,53.0,52.00017698279932,7.292435127018367,0.00032583867685654266,159588.718823866,22380.508039654895
3522,1758.7295408764,46.0,45.50102939719482,6.786355690652185,0.000325844496465005,139640.31889696664,20826.976561750904
3523,1759.2296135959,50.0,48.99776359861715,7.083831435117876,0.00032585035348878266,150368.91344143928,21739.52355513322
3524,1759.7296864496002,47.0,46.50344402976231,6.859626571187584,0.00032585624790147454,142711.5310178832,21051.081927579464
3525,1760.2297594375,41.0,39.44331535291554,6.419936990353734,0.00032586217967666054,121042.9372075443,19701.387245135258
3526,1760.7298325596,39.0,36.011722318181505,6.278863993807664,0.0003258681487880086,110510.10186825192,19268.112017576586
3527,1761.2299058158999,67.0,60.981691625226645,8.234282141899323,0.0003258741552091555,187132.6420043554,25268.288418313878
3528,1761.7299792064,51.0,39.40398274808278,7.263156017730394,0.0003258801989137584,120915.54773633463,22287.810188960055
3529,1762.2300527311,58.0,42.84809325430097,7.766289141487671,0.00032588627987554803,131481.7342744964,23831.286007049825
3530,1762.73012639,52.0,34.478594184048085,7.404935010310252,0.00032589239806820686,105797.47913245884,22722.024368179507
3531,1763.2302001831001,70.0,55.249946745330966,8.513189585591299,0.00032589855346552854,169531.1199077628,26122.20734048692
3532,1763.7302741104,94.0,84.61201671684088,9.779327070291295,0.0003259047460412405,259621.92249306472,30006.703458849915
3533,1764.2303481719,76.0,71.64806287277459,8.761364597627487,0.0003259109757691435,219839.36780185622,26882.692664617505
3534,1764.7304223675999,83.0,80.8672226781286,9.129825496650044,0.00032591724262304,248121.9527610592,28012.7109052948
3535,1765.2304966975,83.0,81.30830771546954,9.125657250945777,0.0003259235465767569,249470.49260315092,27999.380059509236
3536,1765.7305711616,62.0,60.61600787166348,7.88889299954211,0.0003259298876041773,185978.6726440935,24204.263860338902
3537,1766.2306457599,72.0,71.11540000030283,8.494384953591519,0.00032593626567914224,218188.05542280513,26061.490690187726
3538,1766.7307204924,53.0,52.55739590842909,7.285429771982166,0.0003259426807755853,161247.35730640742,22351.874122917507
3539,1767.2307953591,37.0,36.69290833933495,6.0863562615755535,0.00032594913286738514,112572.49871029335,18672.71806503573
3540,1767.7308703600002,46.0,45.61357451371954,6.787831931347707,0.00032595562192850756,139937.98985226292,20824.405148123184
3541,1768.2309454951,34.0,33.661103817918885,5.832593057154899,0.0003259621479329366,103266.91007338777,17893.467367735273
3542,1768.7310207644,42.0,40.55617798112695,6.499321632125744,0.00032596871085462125,124417.39538373852,19938.48309884066
3543,1769.2310961679,43.0,41.80587310920034,6.572740179406498,0.0003259753106676084,128248.58736565204,20163.30674229685
3544,1769.7311717056,50.0,48.88886383753163,7.083060211098881,0.00032598194734590884,149974.14499660698,21728.381797728332
3545,1770.2312473774998,33.0,31.721051588914982,5.764862809364563,0.00032598862086357706,97307.23577063114,17684.245523947597
3546,1770.7313231836001,50.0,49.44504244281529,7.077085848587245,0.0003259953311946865,151674.08153243273,21709.163203815224
3547,1771.2313991238998,39.0,38.30465206110219,6.254634773290948,0.0003260020783133483,117498.18362901457,19185.873923414336
3548,1771.7314751984,40.0,39.60869281796385,6.330605078138783,0.0003260088621936732,121495.75490507181,19418.50609686168
3549,1772.2315514071001,34.0,33.945959399175855,5.831202310547751,0.0003260156828097984,104123.70075761156,17886.263201484533
3550,1772.73162775,36.0,35.69626536337082,6.0036901081923295,0.00032602254013589747,109490.17619607339,18414.954087805658
3551,1773.2317042271002,51.0,50.553428516397766,7.147036819738348,0.000326029434146151,155057.86662726873,21921.446566491624
3552,1773.7317808384,37.0,36.59063327961001,6.086875121268477,0.00032603636481476415,112228.6874361355,18669.313543373308
3553,1774.2318575839001,44.0,43.052815807826455,6.645592144515161,0.00032604333211596855,132046.3004976076,20382.54271720983
3554,1774.7319344635998,37.0,36.25,6.093051737803977,0.0003260503360240131,111179.15240341982,18687.45731749601
3555,1775.2320114775,31.0,30.40660742534033,5.5782946840906265,0.00032605737651316053,93255.38882299459,17108.322295126705
3556,1775.7320886256,31.0,30.948104425295103,5.568006209647574,0.00032606445355774083,94914.07017114389,17076.397469562162
3557,1776.2321659079,35.0,34.75,5.919630773224109,0.00032607156713202395,106571.6962249885,18154.391151888736
3558,1776.7322433244,37.0,36.75,6.08622369715025,0.000326078717210402,112702.84768780875,18664.89094786005
3559,1777.2323208751,42.0,41.69902606272388,6.484196793605683,0.0003260859037671708,127877.42610455642,19884.93436452094
3560,1777.73239856,50.0,49.39866717453266,7.0774102678551944,0.0003260931267767535,151486.37955914804,21703.64747583428
3561,1778.2324763791,30.0,29.10071746431719,5.492221640384749,0.0003261003862135636,89238.52498984497,16842.119398128787
3562,1778.7325543324,37.0,36.5,6.089742972657428,0.0003261076820519889,111926.21949390655,18674.0248936748
3563,1779.2326324198998,52.0,51.400514194174754,7.217347382205489,0.000326115014266486,157614.6817704402,22131.294379190433
3564,1779.7327106416,42.0,41.09886950848576,6.493519327843458,0.00032612238283156054,126022.8419516761,19911.296095237063
3565,1780.2327889975002,35.0,34.5,5.923303738846784,0.0003261297877216515,105786.10509949923,18162.412517504425
3566,1780.7328674876,41.0,40.54881798881105,6.409628039074001,0.0003261372289113018,124330.54062601036,19653.162751368076
3567,1781.2329461119,47.0,46.60447188385006,6.859301065696011,0.00032614470637503117,142895.07379052768,21031.46527176362
3568,1781.7330248704,31.0,30.048200599259328,5.582997571722923,0.00032615222008740193,92129.37625016639,17117.766576069287
3569,1782.2331037631,32.0,31.058433318241605,5.6690915158705595,0.0003261597700229837,95224.5990241316,17381.332821859276
3570,1782.73318279,43.0,41.44033034236487,6.579787380679272,0.0003261673561563641,127052.35383058518,20173.040791749045
3571,1783.2332619511,42.0,41.25,6.490762559025799,0.00032617497846219255,126465.86257008476,19899.633594298386
3572,1783.7333412464,35.0,34.390891843430076,5.926522666409593,0.00032618263691508865,105434.46508583674,18169.338265397542
3573,1784.2334206759,38.0,37.813382420487706,6.165120155377814,0.00032619033148970317,115924.28950237404,18900.376743914705
3574,1784.7335002396,45.0,44.04634468591903,6.721037526866851,0.0003261980621607348,135029.44926820288,20604.161417596177
3575,1785.2335799375,41.0,40.34206964186685,6.413027723903379,0.00032620582890289677,123670.59711209411,19659.451658089085
3576,1785.7336597696,54.0,53.70427520007835,7.351592335815608,0.0003262136316909137,164629.1570395285,22536.12854162151
3577,1786.2337397359,58.0,57.454585377116025,7.621672901468187,0.00032622147049950504,176121.41006274815,23363.492567788395
3578,1786.7338198364,67.0,66.15979142035766,8.193663328508832,0.0003262293453034635,202801.47194856068,25116.266965152878
3579,1787.2339000711,63.0,61.83958760146651,7.950884691330891,0.00032623725607757625,189554.0329911358,24371.479784149004
3580,1787.73398044,58.0,57.338966311241826,7.624217354660386,0.0003262452027966617,175754.20517977513,23369.592224816006
3581,1788.2340609430998,67.0,66.6174829365469,8.188416807128304,0.00032625318543550775,204189.52491642584,25098.350522456287
3582,1788.7341415804,53.0,52.08772279464864,7.292038133361811,0.00032626120396903074,159650.37264924977,22350.307191455053
3583,1789.2342223519001,37.0,36.54355028414095,6.08992114871821,0.0003262692583720809,112004.27054168339,18665.323172351098
3584,1789.7343032576,43.0,42.70676098506533,6.560982344875668,0.00032627734861954467,130890.97715717771,20108.60506447873
3585,1790.2343842975001,45.0,44.414144820587794,6.71514177646621,0.00032628547468633375,136120.50877620035,20580.572221063903
3586,1790.7344654715998,33.0,32.12784802536579,5.7596743487781294,0.00032629363654739646,98462.99292048559,17651.813286102795
3587,1791.2345467799,37.0,36.79230427118311,6.086307379336733,0.00032630183417771836,112755.43198799307,18652.384822396867
3588,1791.7346282223998,51.0,50.87402286633116,7.141798798580262,0.0003263100675522243,155906.9974394493,21886.541387317917
3589,1792.2347097991,35.0,34.16663934284872,5.927805454420542,0.00032631833664597957,104703.4000418918,18165.713625990855
3590,1792.73479151,35.0,33.79136812324114,5.935021616344931,0.0003263266414339399,103550.74895128264,18187.36463031441
3591,1793.2348733551,38.0,37.12316728566037,6.178698597127629,0.0003263349818911841,113757.85418566936,18933.60791822161
3592,1793.7349553344002,32.0,31.75,5.660869933295624,0.0003263433579928145,97290.16761756517,17346.36172193909
3593,1794.2350374479,28.0,27.709569428880066,5.295959649363209,0.0003263517697138556,84907.06041881049,16227.764457985606
3594,1794.7351196956001,48.0,47.5,6.934790551349818,0.0003263602170294165,145544.70036928117,21248.88448252487
3595,1795.2352020775,31.0,30.420390487442905,5.576262346362106,0.0003263686999146621,93208.6639907477,17085.775528781316
3596,1795.7352845936,41.0,40.07898322966186,6.417193646461814,0.000326377218344715,122799.57355151854,19661.89208612001
3597,1796.2353672438999,30.0,29.46082168263417,5.485753948673988,0.00032638577229477094,90263.80493089331,16807.57684412666
3598,1796.7354500284,45.0,44.25,6.718501735509377,0.00032639436173998923,135572.19482623978,20584.00059269847
3599,1797.2355329471002,38.0,37.13434623684381,6.1760059027946275,0.00032640298665558465,113768.40211338934,18921.413575518083
3600,1797.735616,37.0,35.576474977741086,6.105318057967137,0.00032641164701682106,108992.66402680696,18704.351127680533
3601,1798.2356991871002,36.0,35.1137707020207,6.015093004278369,0.00032642034279889486,107572.24994293335,18427.44527715977
3602,1798.7357825084,30.0,29.712390510205577,5.481600010605533,0.0003264290739771373,91022.50038024063,16792.6218820492
3603,1799.2358659639,44.0,43.425409487532384,6.640485702160006,0.0003264378405268127,133028.1116228789,20342.266973226637
3604,1799.7359495536,32.0,31.0,5.673356937710969,0.00032644664242323444,94961.92017747527,17379.124795394666
3605,1800.2360332775,33.0,32.109998963208675,5.76050253479371,0.00032645547964174686,98359.5037168507,17645.599152188537
3606,1800.7361171356,36.0,35.56824190266608,6.004462862898864,0.0003264643521577058,108949.8490955731,18392.39973128299
3607,1801.2362011279,40.0,38.71622057110456,6.346233654985913,0.0003264732599464866,118589.25468337182,19438.754818774887
3608,1801.7362852544002,22.0,21.892834755333453,4.690823822090119,0.0003264822029834882,67056.74782659035,14367.778026563232
3609,1802.2363695151,43.0,42.285406578580954,6.568154859712323,0.00032649118124412267,129514.6975102016,20117.403584022715
3610,1802.7364539100001,34.0,33.42981749414419,5.839289093996323,0.0003265001947038444,102388.35393181641,17884.488857021708
3611,1803.2365384391,29.0,27.965224228736826,5.402900392000225,0.00032650924333809067,85649.1042729215,16547.465354313663
3612,1803.7366231024,30.0,28.818920267174903,5.498713456117375,0.0003265183271223643,88261.26398833006,16840.443550529115
3613,1804.2367078999,45.0,44.1134226403961,6.719221818754109,0.00032652744603215117,135098.66682402106,20577.816353276805
3614,1804.7367928316,34.0,32.28382839020426,5.859520229001231,0.00032653660004297954,98867.41145082966,17944.451642572338
3615,1805.2368778974999,35.0,33.66756142248807,5.939892647093287,0.0003265457891303783,103102.11475134286,18190.075771339056
3616,1805.7369630976,29.0,28.716803977218333,5.389731710984761,0.0003265550132699242,87938.64068925369,16504.81999040606
3617,1806.2370484319001,35.0,34.53287960505664,5.924133995803049,0.0003265642724372074,105746.04302954394,18140.790330767602
3618,1806.7371339004,46.0,45.5871848433853,6.78628329362996,0.00032657356660781734,139592.39051987027,20780.258990708877
3619,1807.2372195031,30.0,28.66123150790547,5.503229948222801,0.0003265828957573808,87760.96935951589,16850.943572719018
3620,1807.7373052399998,39.0,38.78192941583139,6.2488042679923685,0.0003265922598615056,118747.23985276694,19133.350773965773
3621,1808.2373911111001,30.0,29.90516287777645,5.477499249345807,0.00032660165889592847,91564.63864534664,16771.19236890101
3622,1808.7374771164,38.0,37.25,6.176279913013662,0.00032661109283629397,114050.01488626926,18910.196403247624
3623,1809.2375632559,27.0,26.280977822540173,5.210166157968131,0.000326620561658296,80463.32934187657,15951.739631808314
3624,1809.7376495295998,36.0,35.469339687236456,6.008247661434259,0.0003266300653376896,108591.77844074501,18394.65590904063
3625,1810.2377359375,44.0,43.2196573530185,6.644428550530787,0.00032663960385020464,132316.03529876564,20341.772620989002
3626,1810.7378224796,29.0,28.090074475582075,5.403189595068047,0.0003266491771715906,85994.62799450496,16541.261918531396
3627,1811.2379091559,35.0,34.720293152598245,5.920328881628687,0.0003266587852776625,106289.17609880207,18123.893029836505
3628,1811.7379959664001,33.0,32.470611286394906,5.753253841856077,0.0003266684281442245,99399.29447990331,17611.906588401645
3629,1812.2380829111,30.0,29.279070423804278,5.490730353240304,0.0003266781057470806,89626.66890958589,16807.769656566194
3630,1812.73816999,41.0,40.5,6.410893442177591,0.0003266878180621007,123971.56478084922,19623.913374568907
3631,1813.2382572031,39.0,38.47156662380749,6.25304796944786,0.0003266975650651377,117758.9634502998,19140.173169644262
3632,1813.7383445504,33.0,32.25,5.757609804686944,0.0003267073467320745,98712.19708581427,17623.14151266587
3633,1814.2384320319,36.0,35.277795704569826,6.012459517461047,0.00032671716303886086,107976.5610610844,18402.64362465067
3634,1814.7385196476,32.0,31.445046730489274,5.665867379138831,0.00032672701396134935,96242.56760785967,17341.288406011885
3635,1815.2386073975001,37.0,36.0,6.099310238133778,0.00032673689947555035,110180.39302504268,18667.34442275684
3636,1815.7386952816,34.0,33.02683802712241,5.8481933880177,0.0003267468195574081,101077.76434322639,17898.241200753895
3637,1816.2387832999,33.0,32.25,5.757772281680903,0.00032675677418292104,98697.26520787047,17620.97295787862
3638,1816.7388714524,48.0,47.27619879548689,6.939137820449632,0.0003267667633280814,144678.7253207282,21235.75161003317
3639,1817.2389597391,48.0,47.47412105433085,6.935594397993266,0.0003267767869689179,145279.9676950323,21224.256662554675
3640,1817.7390481599998,25.0,24.198882120296105,5.0154150043115004,0.00032678684508149005,74050.96773176927,15347.664937555299
3641,1818.2391367151,34.0,32.75,5.852843156456327,0.0003267969376418691,100215.13737650178,17909.72460969127
3642,1818.7392254044,30.0,28.79983692044273,5.500470096884904,0.0003268070646261447,88124.89091503786,16830.940001793537
3643,1819.2393142279,26.0,25.29919597281699,5.114002665635663,0.00032681722601038784,77410.83994150559,15647.898148040444
3644,1819.7394031856002,46.0,45.65289057360777,6.786302208269339,0.00032682742177075506,139685.0066198847,20764.176309016755
3645,1820.2394922775,34.0,32.77395657079013,5.8530140806750905,0.0003268376518834088,100275.95162898008,17908.016554846035
3646,1820.7395815036,32.0,31.023635628985474,5.675089359889572,0.00032684791632449286,94917.64848268262,17363.08869185317
3647,1821.2396708638998,35.0,34.29662906236854,5.929140112417733,0.00032685821507019393,104928.15380211025,18139.792237268473
3648,1821.7397603584,28.0,27.72700672261293,5.296469525421766,0.00032686854809674086,84826.16906416697,16203.668282744075
3649,1822.2398499871,33.0,32.47732813240583,5.753685618827889,0.00032687891538031393,99355.83668533475,17601.886656206156
3650,1822.73993975,36.0,35.3170509054186,6.012942138027206,0.00032688931689723314,108039.78313100243,18394.428411123463
3651,1823.2400296471,37.0,36.9118856799069,6.082922080164381,0.00032689975262369656,112915.00034384304,18607.912766353795
3652,1823.7401196783999,28.0,27.0,5.311342207285008,0.00032691022253602436,82591.48273353458,16247.097340921226
3653,1824.2402098439002,35.0,34.0,5.9338763970457284,0.00032692072661051136,104000.74768127843,18150.811233560187
3654,1824.7403001436,43.0,42.02106247871014,6.57350594725871,0.00032693126482349563,128531.79551792504,20106.69108323925
3655,1825.2403905775,32.0,31.229259867047737,5.670925927251718,0.0003269418371513144,95519.31358541394,17345.36630938155
3656,1825.7404811456,42.0,41.04083526240325,6.497050562800021,0.0003269524435703234,125525.39694836651,19871.54612411571
3657,1826.2405718479001,37.0,36.41962010616456,6.091644727838913,0.000326963084056927,111387.55988680238,18630.986263814135
3658,1826.7406626844,42.0,40.559316479172146,6.505321050150349,0.00032697375858749256,124044.56141797437,19895.54476253065
3659,1827.2407536551,48.0,47.25,6.939783558653146,0.0003269844671384966,144502.27686193708,21223.58783395589
3660,1827.74084476,35.0,34.2882521285617,5.929609947451706,0.00032699520968634306,104858.57625086105,18133.629398239333
3661,1828.2409359991,45.0,44.73119721742703,6.712239510223915,0.0003270059862075263,136790.14789973747,20526.35056645158
3662,1828.7410273724001,31.0,30.51847934487506,5.577413837405825,0.0003270167966784924,93323.88933795165,17055.435360065854
3663,1829.2411188799,37.0,36.71368849762562,6.087260520924916,0.00032702764107575945,112264.78708911489,18613.90217934128
3664,1829.7412105216001,34.0,33.23216799848977,5.844910423580474,0.0003270385193758583,101615.45515162012,17872.238520206378
3665,1830.2413022975,31.0,30.017508095844047,5.587229147104358,0.000327049431555331,91782.78633016249,17083.74517128337
3666,1830.7413942076,32.0,31.267184034189505,5.671260918338256,0.00032706037759072627,95600.64800425424,17340.10386741223
3667,1831.2414862519,48.0,47.44942055035962,6.936146621673387,0.0003270713574586217,145073.60387362112,21206.8298354462
3668,1831.7415784304,40.0,38.83267721458276,6.346064016149763,0.000327082371135627,118724.45793931377,19402.036233613835
3669,1832.2416707431,31.0,30.886523606907843,5.567929557382159,0.0003270934185983554,94427.2243057083,17022.44447852719
3670,1832.74176319,27.0,25.34531736616704,5.232964473499903,0.00032710449982344624,77483.85418068877,15997.83701026547
3671,1833.2418557711,35.0,34.75,5.920743502333394,0.0003271156147875616,106231.55370485038,18099.84982275608
3672,1833.7419484864,34.0,33.68905444589318,5.835775414711285,0.00032712676346737,102984.70870682388,17839.49241222321
3673,1834.2420413359,44.0,42.82455617482117,6.65404641081126,0.00032713794583957574,130906.72213189778,20340.185219828698
3674,1834.7421343196,42.0,41.95624222375013,6.480789940096869,0.0003271491618809016,128248.05046886922,19809.8931473228
3675,1835.2422274375,44.0,43.23573954011569,6.6458658454099355,0.00032716041156805704,132154.5578601329,20313.783729384504
3676,1835.7423206895999,37.0,36.02786967673496,6.101089689685524,0.00032717169487781893,110119.15223958917,18647.97531450254
3677,1836.2424140759,44.0,43.472781878266424,6.641724337727309,0.0003271830117869394,132869.92390233197,20299.72247474872
3678,1836.7425075964002,40.0,39.03984938214858,6.342264260703715,0.0003271943622722427,119316.99895753522,19383.78221635317
3679,1837.2426012511,24.0,23.737042962084434,4.904745165198376,0.0003272057463105168,72544.70078761417,14989.789209092296
3680,1837.7426950400002,42.0,41.51263079246577,6.489441256247657,0.00032721716387860994,126865.68852441372,19832.215337747657
3681,1838.2427889630999,34.0,33.72539121793291,5.835833564850701,0.0003272286149533453,103063.69821215457,17834.117489030556
3682,1838.7428830204,31.0,30.25,5.583045231821055,0.00032724009951162547,92439.77142515611,17061.005787961854
3683,1839.2429772118999,31.0,30.25,5.58308497260058,0.0003272516175303219,92436.51789497159,17060.52674310547
3684,1839.7430715376,24.0,23.272648501696025,4.916403825801645,0.0003272631689863483,71112.94733770312,15022.783776828646
3685,1840.2431659975,25.0,24.72800554901762,5.005745213564952,0.0003272747538566117,75557.3268564787,15295.237883696063
3686,1840.7432605916,31.0,30.27134008830809,5.583184604966768,0.00032728637211808004,92491.90515450684,17059.01950281156
3687,1841.2433553199,36.0,35.75,6.004793301167887,0.0003272980237477021,109227.66838200622,18346.561437831002
3688,1841.7434501824,35.0,34.729969572917334,5.920970664615596,0.00032730970872249347,106107.36146040453,18089.81068030474
3689,1842.2435451791,21.0,20.269375128532765,4.601450211531804,0.0003273214270194023,61924.98704746047,14057.894875482896
3690,1842.7436403099998,33.0,32.74064024098711,5.749615894628083,0.00032733317861551644,100022.36980518271,17565.026310337904
3691,1843.2437355751001,38.0,37.490968202218504,6.173846132604401,0.00032734496348782574,114530.45680848799,18860.366956078164
3692,1843.7438309744,27.0,26.25,5.21295492052968,0.0003273567816134166,80187.73849933327,15924.383465761775
3693,1844.2439265079,28.0,27.2248737778423,5.308066334924713,0.00032736863296936385,83162.74387958876,16214.34004467208
3694,1844.7440221756,32.0,30.508046978222872,5.687844174885165,0.00032738051753274073,93188.34000307247,17373.801647547138
3695,1845.2441179775,25.0,23.70368964149967,5.0293296963671175,0.0003273924352807061,72401.45796641923,15361.777348505237
3696,1845.7442139136,35.0,32.27216895590363,5.970585770788708,0.000327404386190369,98569.75140564857,18236.120292283184
3697,1846.2443099839,35.0,33.028243019507,5.955867294660464,0.0003274163702388748,100875.35634033944,18190.499425289003
3698,1846.7444061884,42.0,40.973073192757376,6.4990061075590555,0.00032742838740343555,125135.98322271633,19848.633648100313
3699,1847.2445025271,41.0,39.03841495661869,6.440093162995202,0.0003274404376611894,119222.95008966696,19667.98361556957
3700,1847.744599,34.0,33.5,5.841153516538341,0.00032745252098941393,102304.90789558773,17838.169328759504
3701,1848.2446956070999,36.0,35.51148721353121,6.009935305082056,0.00032746463736528904,108443.73151021465,18352.929200040406
3702,1848.7447923484,34.0,34.0,5.830951894845301,0.00032747678676606104,103824.15295985091,17805.695336233854
3703,1849.2448892239001,35.0,34.98983180626464,5.916084152214362,0.0003274889691690245,106842.77975850108,18064.98755431648
3704,1849.7449862336,18.0,17.490491784081154,4.256804141758875,0.00032750118455146103,53405.888616970275,12997.82822950368
3705,1850.2450833775001,30.0,29.004423963079127,5.499208040617033,0.000327513432890652,88559.49420786941,16790.786234569718
3706,1850.7451806556,28.0,27.258187324453967,5.308618138361549,0.0003275257141639388,83224.57182952734,16208.248417723891
3707,1851.2452780679,28.0,27.74247358919295,5.29723277232159,0.00032753802834868066,84700.00790155485,16172.878609021913
3708,1851.7453756144,29.0,28.246567407390835,5.402076784897674,0.0003275503754222117,86235.79616106706,16492.354123955465
3709,1852.2454732951,34.0,33.00620364768842,5.8518248504358485,0.0003275627553619146,100762.99306745306,17864.74425021348
3710,1852.74557111,34.0,33.5,5.841426179660101,0.00032757516814520157,102266.60399713427,17832.32292220276
3711,1853.2456690591,27.0,26.497560181595567,5.207935286192101,0.00032758761374946597,80886.94159804375,15897.83944082529
3712,1853.7457671424002,37.0,36.25210858173055,6.097897945848941,0.00032760009215218003,110659.64097742185,18613.846857577457
3713,1854.2458653598999,23.0,22.49822281091236,4.808662870582385,0.00032761260333077224,68673.25182907311,14677.893407316034
3714,1854.7459637116,37.0,36.251445640476454,6.0979785165796745,0.00032762514726270123,110649.15481414125,18612.66928844782
3715,1855.2460621975,39.0,38.501113935897074,6.254909254870327,0.000327637723925492,117511.2361134965,19090.93122711582
3716,1855.7461608176,25.0,24.747653773949246,5.006207348935334,0.00032765033329662,75530.68396101809,15279.115691920395
3717,1856.2462595718998,31.0,30.000450058836073,5.5900895610176535,0.000327662975353664,91558.86479531293,17060.48586961641
3718,1856.7463584604,33.0,32.25035365906623,5.760843967003313,0.0003276756500741039,98421.57527351454,17580.93396839374
3719,1857.2464574831001,18.0,17.99935667314972,4.242640703377612,0.00032768835743555416,54928.276408751015,12947.181695986876
3720,1857.7465566399999,35.0,34.75054692699392,5.921336575101281,0.00032770109741558456,106043.42555168166,18069.321774629123
3721,1858.2466559311001,33.0,32.75,5.7499618923470805,0.0003277138699917652,99934.73880377093,17545.677552468456
3722,1858.7467553564,29.0,28.998787635688824,5.385164943604534,0.00032772667514178083,88484.67285472991,16431.878611269003
3723,1859.2468549159,37.0,36.25463595075163,6.097965987822276,0.0003277395128432303,110620.2777816831,18606.136119873816
3724,1859.7469546096,41.0,40.25,6.417530952996046,0.00032775238307377247,122806.1246192077,19580.424992826214
3725,1860.2470544375,33.0,32.25,5.760573913630787,0.00032776528581106616,98393.58039456893,17575.302092703485
3726,1860.7471543995998,34.0,33.25,5.846684633169908,0.0003277782210328476,101440.54078769291,17837.31882718344
3727,1861.2472544959,39.0,38.25,6.259651083771431,0.0003277911887167923,116690.14090872205,19096.459268097336
3728,1861.7473547264,52.0,51.49678758059518,7.219545635203598,0.00032780418884065417,157096.18526451412,22023.95784122522
3729,1862.2474550911,36.0,35.007092615581946,6.020214517956295,0.0003278172213821679,106788.4489655009,18364.54623272508
3730,1862.74755559,42.0,41.98447859144419,6.480745345138234,0.00032783028631909125,128067.72389107117,19768.598618219938
3731,1863.2476562231,27.0,26.01685820979341,5.219352636574066,0.00032784338362924943,79357.5820313497,15920.262226418796
3732,1863.7477569904001,25.0,24.736353273843772,5.006029265644907,0.0003278565132903808,75448.71695727122,15268.963899494327
3733,1864.2478578919,27.0,26.504883420949938,5.207704688483266,0.0003278696752803872,80839.69155818854,15883.459438661861
3734,1864.7479589276,30.0,28.76565426742387,5.504511365809574,0.00032788286957703065,87731.49480035844,16788.04193982565
3735,1865.2480600975,28.0,27.483341260123183,5.3027976512997315,0.0003278960961582177,83817.22619491575,16172.189036190917
3736,1865.7481614016,30.0,29.5,5.488100835056896,0.0003279093550017934,89963.88651320625,16736.640023664102
3737,1866.2482628399,32.0,31.5,5.667356692048872,0.00032792264608568763,96059.23950665155,17282.60234448086
3738,1866.7483644124,36.0,35.74344167849996,6.004943786080988,0.00032793596938778013,108995.18508210301,18311.330096822097
3739,1867.2484661191002,36.0,35.02068130845771,6.019671924724538,0.0003279493248860174,106786.86812552383,18355.494181354832
3740,1867.74856796,34.0,33.48554125314048,5.841068755768191,0.0003279627125583632,102101.67183923845,17810.16113143879
3741,1868.2486699351,36.0,35.257565133330736,6.014685233344756,0.0003279761323827318,107500.39912107664,18338.7894407082
3742,1868.7487720443999,28.0,27.007901049188632,5.3136272815912395,0.00032798958433715835,82343.77656769045,16200.59762668888
3743,1869.2488742879,32.0,31.725288636991568,5.662042095420228,0.00032800306839962884,96722.53613901701,17262.16197624642
3744,1869.7489766656,45.0,44.75,6.712552445250003,0.0003280165845481521,136426.02876816064,20464.064201194728
3745,1870.2490791774999,29.0,28.267819464998247,5.40133806890331,0.0003280301327607915,86174.45972749068,16465.981412878653
3746,1870.7491818236,33.0,32.73150745563983,5.749627713000805,0.00032804371301558524,99777.88373004047,17527.01693364763
3747,1871.2492846039,21.0,19.788331871263964,4.614010574336929,0.0003280573252906064,60319.737880367895,14064.647299826798
3748,1871.7493875184,25.0,24.710320722375222,5.0058096754869945,0.000328070969563953,75320.04662045624,15258.31341352859
3749,1872.2494905670999,20.0,19.27051365390058,4.491384593816357,0.0003280846458137269,58736.408118414634,13689.71285649979
3750,1872.74959375,21.0,20.25,4.601334850902496,0.0003280983540180844,61719.29774107871,14024.254600950773
3751,1873.2496970671,38.0,37.25,6.178334726798861,0.00032811209415513885,113528.27482911176,18829.95121745681
3752,1873.7498005184,38.0,37.488731214698,6.173683352935175,0.0003281258662030628,114251.06971450357,18814.985311504064
3753,1874.2499041038998,39.0,38.97678716668465,6.245019569049825,0.0003281396701400464,118781.08840070994,19031.589708079246
3754,1874.7500078236,24.0,23.52388840793002,4.910533690348911,0.0003281535059442795,71685.62267905308,14964.135995495719
3755,1875.2501116775002,30.0,29.024564294447675,5.497848744044791,0.0003281673735939867,88444.3934099228,16753.185070880347
3756,1875.7502156655999,29.0,28.0,5.4061107713487075,0.0003281812730673922,85318.70127230015,16472.94106948802
3757,1876.2503197879,17.0,16.0,4.150352560797696,0.0003281952043427678,48751.47408701794,12645.987832482338
3758,1876.7504240444,29.0,28.236703087295066,5.400814039212513,0.00032820916739836024,86032.64592247992,16455.402760451645
3759,1877.2505284351,34.0,33.25,5.845353910431997,0.000328223162212476,101303.02741546174,17809.084133581026
3760,1877.7506329599998,31.0,30.25,5.582804883380451,0.00032823718876342074,92158.9662462132,17008.44716716209
3761,1878.2507376191,30.0,29.72137383653289,5.482350127123227,0.00032825124702950547,90544.5877372747,16701.688650798747
3762,1878.7508424124,32.0,31.75,5.661766801160553,0.00032826533698907624,96720.53799898023,17247.531686079183
3763,1879.2509473399,32.0,31.75,5.661753599800416,0.00032827945862050903,96716.37736159115,17246.74953343761
3764,1879.7510524016002,27.0,26.75,5.20147140055323,0.00032829361190214875,81481.93881997652,15843.96166107424
3765,1880.2511575975,35.0,34.75,5.920739483301014,0.0003283077968124114,105845.79573617456,18034.1117109808
3766,1880.7512629276,30.0,29.75,5.482244770212988,0.0003283220133297068,90612.26111002348,16697.76788529748
3767,1881.2513683918999,27.0,26.75,5.2014286312159745,0.0003283362614324677,81471.35465115828,15841.773334821884
3768,1881.7514739904,37.0,36.05006880293402,6.100656809881048,0.00032835054109912014,109791.40976061764,18579.706887217904
3769,1882.2515797231,25.0,24.0,5.021778632907635,0.00032836485230816164,73089.43034340546,15293.289149579352
3770,1882.75168559,23.0,22.23262999000731,4.812853312302484,0.0003283791950380405,67704.13694275549,14656.389275042065
3771,1883.2517915911,29.0,28.71457910316546,5.390259679804297,0.0003283935692672775,87439.52924301889,16414.023246043525
3772,1883.7518977263999,28.0,26.82220417114529,5.3168907675358765,0.0003284079749743911,81673.42517561231,16189.89541271183
3773,1884.2520039959002,38.0,37.444824620703,6.173246796724943,0.00032842241213791216,114014.21838707845,18796.667244903656
3774,1884.7521103996,33.0,32.037465398710864,5.763214388294086,0.00032843688073637585,97545.2736211624,17547.403249515104
3775,1885.2522169375,29.0,28.461852476890456,5.395193146563366,0.00032845138074837185,86654.68968965978,16426.15456287775
3776,1885.7523236096,39.0,38.038829959393595,6.262062894065036,0.00032846591215248175,115807.5421285575,19064.574625198962
3777,1886.2524304159,28.0,27.690730938657342,5.296656812620876,0.0003284804749273296,84299.47303499065,16124.723436888193
3778,1886.7525373564,29.0,28.290195767614115,5.399904524528512,0.000328495069051495,86120.61011844088,16438.312270927945
3779,1887.2526444311,24.0,23.47956043022565,4.909852269701039,0.00032850969450364263,71472.96053378815,14945.836764785634
3780,1887.75275164,30.0,29.270781411682655,5.491674354678511,0.00032852435126244146,89097.75272122739,16716.186588833687
3781,1888.2528589831,29.0,28.021123409531576,5.40470874052881,0.0003285390393065289,85290.08749973151,16450.73520619321
3782,1888.7529664604,28.0,27.22853443667954,5.306460877824311,0.0003285537586146273,82873.9094371977,16150.966892600529
3783,1889.2530740718998,31.0,29.793615746098677,5.591223925402392,0.00032856850916543914,90677.02751482233,17016.919666477006
3784,1889.7531818176,32.0,30.977849661282864,5.675395586222452,0.00032858329093768363,94277.00834354923,17272.319508476772
3785,1890.2532896975,29.0,27.772492960324072,5.409327222360196,0.0003285981039101165,84518.11690283172,16461.83333985349
3786,1890.7533977116,22.0,21.431492786392063,4.7016820988449375,0.0003286129480614671,65218.041202634835,14307.65928908403
3787,1891.2535058598999,30.0,28.819536014058265,5.500755773278602,0.0003286278233705491,87696.57942675894,16738.55766946472
3788,1891.7536141424,28.0,27.65591295690577,5.2966082315943055,0.0003286427298161388,84151.90858589216,16116.614642768836
3789,1892.2537225591002,33.0,32.5238650061316,5.75350707042421,0.00032865766737705417,98959.70255523792,17506.07894330203
3790,1892.75383111,28.0,27.274208407426617,5.306045384635411,0.00032867263603211756,82982.89975305826,16143.861103535584
3791,1893.2539397951,31.0,30.024551964657828,5.586153924075513,0.000328687635760193,91346.76421647762,16995.327223537886
3792,1893.7540486143998,36.0,35.22510432217485,6.012860803867231,0.00032870266654010707,107164.03579244105,18292.704671848365
3793,1894.2541575679,24.0,23.25,4.914617267700809,0.0003287177283507884,70729.37658898931,14950.873785718719
3794,1894.7542666555998,26.0,24.12791785982857,5.138566475471239,0.0003287328211711098,73396.74138369551,15631.437278349966
3795,1895.2543758775,29.0,28.79257797649514,5.3856641175419915,0.00032874794497998006,87582.53371971202,16382.350672549344
3796,1895.7544852335998,38.0,37.10508835937979,6.1806323876387745,0.00032876309975634195,112862.69166728169,18799.653587094966
3797,1896.2545947239,21.0,20.670150251943596,4.5883258298672,0.0003287782854791265,62869.57248962205,13955.683913798206
3798,1896.7547043484,34.0,33.75,5.835278331003062,0.0003287935021273348,102648.01397118042,17747.54760434159
3799,1897.2548141071,33.0,32.75,5.748942356741713,0.0003288087496799261,99601.97236807109,17484.152603414397
3800,1897.754924,24.0,23.75,4.904100698073569,0.0003288240281158998,72227.08187136767,14914.058215797517
3801,1898.2550340271,21.0,19.63998056689017,4.614812903728149,0.00032883933741430314,59725.1555161293,14033.640074861141
3802,1898.7551441884,30.0,29.164975842355368,5.4911034436223165,0.00032885467755410923,88686.51666831349,16697.659539049186
3803,1899.2552544839,31.0,30.25,5.581165413999042,0.0003288700485144234,91981.620511341,16970.731871784505
3804,1899.7553649136,30.0,29.69193520263537,5.481911648444531,0.000328885450274308,90280.47661540123,16668.148876371164
3805,1900.2554754775,37.0,36.30875627795712,6.0948244512644925,0.0003289008828128235,110394.21958201409,18530.885047009855
3806,1900.7555861756,25.0,24.02972403520505,5.019635102024051,0.0003289163461090842,73057.250937707,15261.129954177779
3807,1901.2556970079002,27.0,26.219929912638943,5.210443775729254,0.0003289318401422093,79712.3498330326,15840.496844199053
3808,1901.7558079743999,36.0,35.689167409107014,6.004247867667648,0.00032894736489132853,108495.07008787662,18252.913713570008
3809,1902.2559190751,25.0,24.969237340539518,5.000094633226163,0.0003289629203356193,75902.89299190632,15199.569082512076
3810,1902.75603031,23.0,22.781109179403167,4.800824220000306,0.0003289785064542218,69248.016914361,14593.124249192717
3811,1903.2561416791,26.0,25.9685441447264,5.09911653826729,0.000328994123226335,78933.15506691001,15499.111316220376
3812,1903.7562531823999,29.0,28.781802687071856,5.389583478096342,0.0003290097706311692,87480.0849587449,16381.226210264263
3813,1904.2563648199,34.0,33.31429934959408,5.843236251783995,0.00032902544864791525,101251.4365879436,17759.22280722044
3814,1904.7564765916002,25.0,24.25,5.014488112617523,0.0003290411572558598,73698.98708793864,15239.698749048275
3815,1905.2565884975,19.0,18.684311763945278,4.364675576184593,0.00032905689643421537,56781.40153394603,13264.197236045995
3816,1905.7567005376002,27.0,25.882766294125865,5.2188246904348405,0.00032907266616225407,78653.64995512569,15859.186213483994
3817,1906.2568127119,32.0,30.75,5.678019091802665,0.0003290884664192894,93439.92007553868,17253.77723985118
3818,1906.7569250204,24.0,23.614452190735975,4.904329360581893,0.00032910429718459083,71753.70359108651,14902.052031946307
3819,1907.2570374631,17.0,16.53423487559541,4.13452309275516,0.00032912015843750543,50237.68508769417,12562.351429288821
3820,1907.75715004,18.0,17.930834090401845,4.24292257312401,0.0003291360501573734,54478.487184337246,12891.090389810824
3821,1908.2572627511,31.0,30.35479356977958,5.5802118041521735,0.0003291519723235273,92221.21124020944,16953.299002769814
3822,1908.7573755964,22.0,21.03527958097732,4.710430275450737,0.0003291679249153528,63904.40255193956,14310.113224616425
3823,1909.2574885759002,17.0,16.643115616146922,4.129289618509576,0.0003291839079122352,50558.71570910507,12544.020285494938
3824,1909.7576016896,32.0,31.32195366169497,5.66910152344797,0.000329199921293569,95145.69000690356,17220.847141067396
3825,1910.2577149375002,22.0,21.46367431033408,4.7005608270697445,0.00032921596503877973,65196.33489768877,14278.046407974309
3826,1910.7578283195999,24.0,23.07334940881251,4.917796335234635,0.00032923203912732643,70082.33302558132,14937.17424425008
3827,1911.2579418359,26.0,25.851904499729137,5.09955714442932,0.00032924814353860725,78517.99625013763,15488.491718196588
3828,1911.7580554863998,24.0,23.78737320165016,4.903591556744557,0.0003292642782521516,72244.01422444532,14892.570742184706
3829,1912.2581692711,21.0,20.96227731584713,4.5827309544527814,0.00032928044324740383,63660.86339387361,13917.410063158719
3830,1912.75828319,35.0,34.576144645151665,5.923666658490905,0.00032929663850390884,104999.99271854467,17988.84642553249
3831,1913.2583972431,33.0,32.5,5.75260661955566,0.0003293128640011382,98690.34451046427,17468.514742065396
3832,1913.7585114304002,22.0,21.711227932820037,4.695489728025208,0.0003293291197186591,65925.62464979597,14257.742321834445
3833,1914.2586257519,38.0,37.328244346721235,6.175349295202086,0.00032934540563603093,113340.71679133654,18750.373284473997
3834,1914.7587402076,20.0,19.039472435459395,4.4924338215725435,0.0003293617217327941,57807.180310120595,13639.81763860581
3835,1915.2588547975,23.0,22.630531439571083,4.801095486611032,0.00032937806798857247,68706.85585646289,14576.245212469952
3836,1915.7589695216,33.0,32.33034685482138,5.7561875817214,0.00032939444438292753,98150.85653732736,17475.0597038902
3837,1916.2590843798998,23.0,22.66895168547545,4.8009172822134865,0.0003294108508955046,68816.65137578141,14574.253608107249
3838,1916.7591993724,22.0,21.540875043030404,4.699908218720639,0.00032942728750592985,65388.86078962921,14266.906224749333
3839,1917.2593144991001,30.0,29.708773915285235,5.481513087444501,0.00032944375419383326,90178.59205734289,16638.69178779261
3840,1917.7594297599999,29.0,28.75,5.389356983875891,0.00032946025093892926,87263.94130419476,16358.140226375579
3841,1918.2595451551,32.0,31.95807136416915,5.657009635001751,0.0003294767777208572,96996.43047755252,17169.676339965128
3842,1918.7596606844,28.0,27.792280145261753,5.295578111788409,0.000329493334519347,84348.53526188665,16071.8823630026
3843,1919.2597763479,32.0,31.5426318106071,5.6646112490814255,0.0003295099213141021,95725.89403321606,17191.018790847545
3844,1919.7598921456,23.0,22.5,4.805143779177382,0.0003295265380848435,68279.78144269189,14581.96297968632
3845,1920.2600080775,23.0,22.706664390959972,4.80067350696885,0.0003295431848113569,68903.45617057181,14567.661320979643
3846,1920.7601241435998,32.0,31.5436877421269,5.66454218046874,0.00032955986147336654,95714.5921869982,17188.204155518866
3847,1921.2602403439,29.0,28.5,5.393395782458398,0.0003295765680506913,86474.59426064687,16364.621472813122
3848,1921.7603566784,23.0,22.5,4.80504841720422,0.0003295933045231072,68265.94985767548,14578.719747225165
3849,1922.2604731471,21.0,20.294745076862835,4.5967807207025935,0.0003296100708704125,61571.98116935509,13946.11732755531
3850,1922.76058975,28.0,27.45490216640126,5.300006720691754,0.0003296268670724775,83290.85068288608,16078.806827134036
3851,1923.2607064871,22.0,21.09090149249198,4.708661500842243,0.0003296436931091338,63980.90402873111,14284.094005958628
3852,1923.7608233584,19.0,18.816784740784293,4.359861460849688,0.0003296605489602122,57079.27381706615,13225.305468310355
3853,1924.2609403638999,20.0,19.796157039272472,4.476779194090119,0.0003296774346056266,60047.04890692149,13579.27089988862
3854,1924.7610575036001,28.0,27.75,5.295618115805442,0.00032969435002527136,84168.8673095943,16062.204631045477
3855,1925.2611747775,29.0,28.34372791187802,5.3968499133806285,0.0003297112951990457,85965.29243794028,16368.410764097622
3856,1925.7612921856,27.0,26.25,5.208651511242501,0.00032972827010689524,79611.00815374417,15796.799921201475
3857,1926.2614097279002,20.0,19.25,4.486615766829733,0.00032974527472872284,58378.395310855405,13606.307991891053
3858,1926.7615274043999,25.0,23.845851000513132,5.021061748072545,0.0003297623090445196,72312.23929019074,15226.3057673904
3859,1927.2616452151,29.0,28.15344067964273,5.397566851316226,0.00032977937303426975,85370.5324884498,16367.205752299511
3860,1927.7617631599999,16.0,15.048633976008452,4.02110543176125,0.0003297964666779497,45630.06428660022,12192.688030487328
3861,1928.2618812391001,24.0,23.60303465676415,4.904080455721522,0.00032981358995556507,71564.77287653346,14869.2491912848
3862,1928.7619994524,21.0,20.148029226166457,4.600379065323476,0.00032983074284712575,61085.96503845286,13947.696402138352
3863,1929.2621177999001,30.0,29.400604282123027,5.485446326796018,0.00032984792533271277,89133.81599252767,16630.228373463102
3864,1929.7622362815998,28.0,27.5,5.299525293091276,0.00032986513739233345,83367.40347098936,16065.733211412855
3865,1930.2623548975,30.0,29.69959210624498,5.481324558934724,0.0003298823790060838,90030.85340819992,16615.99681513645
3866,1930.7624736476,25.0,24.75,5.0042254366959105,0.00032989965015406506,75022.81372060142,15168.9322324498
3867,1931.2625925319,37.0,36.55111855219142,6.089476230920276,0.00032991695081636426,110788.84689540009,18457.603393375663
3868,1931.7627115504001,30.0,29.10294823053193,5.49208059634257,0.0003299342809730977,88208.31877395892,16645.98349751472
3869,1932.2628307031,24.0,23.792680663022473,4.900076053172154,0.000329951640604404,72109.5995141565,14850.891616105366
3870,1932.76294999,27.0,26.40655712737855,5.207436171574428,0.0003299690296904207,80027.38060645683,15781.590704012682
3871,1933.2630694110999,32.0,31.644916520178455,5.661030972161875,0.00032998644821135605,95897.62455914526,17155.34381137976
3872,1933.7631889664,26.0,24.37028548618424,5.1296775736252735,0.0003300038961473501,73848.47806555187,15544.293972016681
3873,1934.2633086559,26.0,24.393491461626017,5.12395759477496,0.0003300213734786149,73914.88376799539,15526.138627827351
3874,1934.7634284796,32.0,31.481946161611393,5.661785355966624,0.0003300388801853599,95388.59828857187,17154.904151858693
3875,1935.2635484375,17.0,16.357934844139262,4.1374145063644425,0.00033005641624785396,49561.02665750138,12535.476672137998
3876,1935.7636685296,23.0,22.25,4.808712965522781,0.00033007398164628597,67409.13018658815,14568.591385297057
3877,1936.2637887559001,29.0,28.25,5.39661175211071,0.00033009157636095193,85582.31116176349,16348.832077464367
3878,1936.7639091163999,31.0,30.444961679351085,5.575402027033597,0.00033010920037211596,92226.94079726335,16889.56872679925
3879,1937.2640296111,21.0,20.5,4.591500744936661,0.00033012685366008905,62097.34159071945,13908.29220353047
3880,1937.76415024,27.0,26.305753032533445,5.207630214827394,0.00033014453620516885,79679.50442222583,15773.788882549017
3881,1938.2642710031,24.0,23.637778755352187,4.903777961591282,0.0003301622479876631,71594.43243261246,14852.630764055486
3882,1938.7643919004001,27.0,26.556468368012684,5.203661947296862,0.0003301799889879511,80430.27819284887,15760.076688011379
3883,1939.2645129319,19.0,18.5,4.368190773085222,0.00033019775918635577,56027.03072724076,13229.013981951097
3884,1939.7646340976,22.0,21.88563134583256,4.691112884436702,0.0003302155585632529,66276.8024652005,14206.213979884651
3885,1940.2647553975,21.0,20.807542540464976,4.58661529602502,0.0003302333870990589,63008.59741423847,13889.011454342106
3886,1940.7648768316,25.0,24.17370272922851,5.0150733551224915,0.0003302512447741349,73197.91556201814,15185.630438887205
3887,1941.2649983999,24.0,23.766962260332104,4.900364950391693,0.00033026913156891793,71962.40880105564,14837.49004066135
3888,1941.7651201024,17.0,16.234472463946968,4.140834227799256,0.0003302870474638686,49152.616151933486,12537.077247185232
3889,1942.2652419391,22.0,21.191023047047963,4.703549993082724,0.0003303049924393847,64155.927194884265,14240.020892042337
3890,1942.76536391,25.0,24.821992162563205,5.001056114801783,0.0003303229664759958,75144.61506377575,15139.898288498825
3891,1943.2654860151001,25.0,24.80969509456687,5.003620285056802,0.0003303409695541275,75103.29441744197,15146.835379851185
3892,1943.7656082544,24.0,23.37010879843155,4.910381301348909,0.0003303590016542939,70741.55292092611,14863.773279250328
3893,1944.2657306279,24.0,23.25,4.91108727442997,0.00033037706275702546,70374.13495348835,14865.097575014794
3894,1944.7658531355999,36.0,35.25,6.009866910187042,0.0003303951528428155,106690.42719512923,18189.936681807856
3895,1945.2659757775,25.0,24.627733502954587,5.004686051296165,0.00033041327189225155,74536.15092975364,15146.746444641012
3896,1945.7660985536,30.0,29.372986353487658,5.487293128495001,0.0003304314198858596,88892.83701784146,16606.450834458985
3897,1946.2662214639,21.0,20.438146739142983,4.591543952586778,0.00033044959680419446,61849.513320040336,13894.83902232589
3898,1946.7663445084,17.0,16.31221350086171,4.136850534785465,0.0003304678026279114,49360.976685611844,12518.165164318085
3899,1947.2664676871,20.0,19.62485220648479,4.477373674582336,0.0003304860373375617,59381.789211384355,13547.845199914156
3900,1947.766591,27.0,26.75,5.199899447619638,0.00033050430091377325,80936.91950767965,15733.227777196953
3901,1948.2667144471,18.0,17.56329515622133,4.25132022719789,0.00033052259333722113,53137.956406816906,12862.419431825074
3902,1948.7668380284001,25.0,24.31365601978826,5.011215063694037,0.00033054091458851196,73557.17536528317,15160.649839468324
3903,1949.2669617438999,22.0,21.25,4.7027718984674065,0.00033055926464831115,64284.992957641996,14226.713335264654
3904,1949.7670855936,22.0,21.25,4.702743880459309,0.00033057764349733666,64281.418958603,14225.837629873471
3905,1950.2672095775,28.0,27.62052090835048,5.295931935199131,0.00033059605111625696,83547.64315874265,16019.344203651031
3906,1950.7673336956,19.0,18.38020206589443,4.371132693998474,0.0003306144874858107,55594.061245375015,13221.23760286238
3907,1951.2674579478999,19.0,18.803611972126998,4.360373388349973,0.00033063295258668084,56871.56051754195,13187.957686119715
3908,1951.7675823344,31.0,30.815824474855415,5.570809691962406,0.00033065144639967537,93197.30734704468,16847.982226058924
3909,1952.2677068551002,25.0,24.014745718560512,5.017301843292939,0.0003306699689054921,72624.51379557876,15173.140336572025
3910,1952.76783151,19.0,18.300354379065162,4.369147790726658,0.0003306885200849476,55340.15627262824,13212.275375039651
3911,1953.2679562991,29.0,28.683089193130808,5.389107139851003,0.00033070709991881505,86732.6077975713,16295.710437344615
3912,1953.7680812224,24.0,23.75,4.902847617467629,0.00033072570838788294,71811.77452387656,14824.513163389927
3913,1954.2682062799001,25.0,24.020543230564495,5.017056716417385,0.00033074434547299375,72625.71094363832,15168.98711977237
3914,1954.7683314715998,22.0,21.296004374435498,4.699932772924082,0.0003307630111549873,64384.47969158414,14209.366266537616
3915,1955.2684567975,27.0,26.13672286390571,5.209732896067337,0.00033078170541468976,79015.01938004397,15749.761279983946
3916,1955.7685822576,26.0,25.18127552206503,5.110525869239836,0.00033080042823298663,76122.25793229493,15448.969931926546
3917,1956.2687078519,25.0,24.06908767980076,5.014502606729828,0.0003308191795907543,72756.02251833116,15157.835204515975
3918,1956.7688335804,27.0,26.18054896245022,5.207406991007378,0.0003308379594688871,79134.05403805336,15740.052923089972
3919,1957.2689594431,30.0,29.43018544881822,5.484483185004927,0.00033085676784829464,88951.43853400827,16576.60872610497
3920,1957.76908544,21.0,20.320178220696057,4.594220018921193,0.0003308756047098915,61413.346682093994,13885.037015495174
3921,1958.2692115711,24.0,23.429457953907686,4.9070702924700536,0.00033089447003463186,70806.43551237205,14829.713811646574
3922,1958.7693378364,20.0,19.5,4.4804246039298015,0.0003309133638034874,58927.8105177404,13539.56985125115
3923,1959.2694642359,18.0,17.857459670941594,4.243837752872279,0.0003309322859973848,53961.06825032694,12823.885527161337
3924,1959.7695907696,22.0,21.10817228784451,4.707342279209543,0.0003309512365973768,63780.309464514685,14223.673335103214
3925,1960.2697174375,13.0,12.106002187022153,3.622288279603298,0.00033097021558439223,36577.31607554672,10944.453938876175
3926,1960.7698442396,21.0,19.894727022577893,4.601465314865055,0.0003309892229395166,60106.87250144505,13902.16054166182
3927,1961.2699711759,22.0,21.281815184095123,4.699925269494842,0.00033100825864371776,64293.90998066276,14198.815729711529
3928,1961.7700982464,18.0,17.67690681147315,4.2475853432701784,0.0003310273226780834,53400.1443399388,12831.52492944173
3929,1962.2702254511,24.0,23.573458260963964,4.905887288487943,0.0003310464150236684,71208.92174373362,14819.33368206749
3930,1962.7703527899998,20.0,19.67617651072058,4.476822308073938,0.00033106553566155067,59432.8747370297,13522.465572044948
3931,1963.2704802631001,20.0,19.574188873472526,4.479656582079573,0.00033108468457279975,59121.396384520776,13530.244045748286
3932,1963.7706078704,26.0,25.32455441354316,5.109154546750282,0.0003311038617385445,76485.2281715175,15430.670364046418
3933,1964.2707356119,27.0,26.42507989050931,5.203666496283154,0.00033112306713991733,79804.40661762562,15715.203840161112
3934,1964.7708634876,30.0,29.674714038685302,5.481045607113289,0.0003311423007580309,89613.17829451492,16551.934303066726
3935,1965.2709914975,17.0,16.57565196901494,4.131164205430785,0.00033116156257403804,50053.06727077999,12474.769636066016
3936,1965.7711196416,21.0,20.5,4.59043537078342,0.0003311808525691086,61899.71382999021,13860.811502758961
3937,1966.2712479199,23.0,22.847231095915465,4.797047964011575,0.00033120017072442806,68983.15011716973,14483.833005034629
3938,1966.7713763324,33.0,32.1337546368418,5.757610286033487,0.00033121951702119826,97016.48902164548,17383.06467509581
3939,1967.2715048791,26.0,25.441529765723914,5.104862772666212,0.00033123889144060767,76807.19391094107,15411.423309818472
3940,1967.77163356,24.0,23.404968691287145,4.908695221422276,0.00033125829396392646,70654.74017636495,14818.33152819662
3941,1968.2717623750998,25.0,24.422148711408067,5.007739293042839,0.0003312777245723515,73721.07117354411,15116.4383283161
3942,1968.7718913244,20.0,19.32821838741331,4.483387446956568,0.0003312971832471254,58341.02843245655,13532.826941097965
3943,1969.2720204079,26.0,25.764243073677243,5.100835922614682,0.00033131666996958584,77763.19578499428,15395.651305691707
3944,1969.7721496256,40.0,39.8289530526743,6.326867871086723,0.00033133618472095967,120207.07332710105,19095.010333432194
3945,1970.2722789775,18.0,17.75,4.246813300779358,0.00033135572748256895,53567.808031728506,12816.477726351548
3946,1970.7724084636,20.0,19.40937668284604,4.482562706187219,0.0003313752982357211,58572.18925545664,13527.148010285862
3947,1971.2725380839001,22.0,21.589887560791563,4.695541276933594,0.00033139489696174055,65148.52147311161,14169.021068165974
3948,1971.7726678384,17.0,16.9195757463437,4.123889918581263,0.00033141452364198544,51052.60795577347,12443.298722285765
3949,1972.2727977271,27.0,26.66158488715702,5.201659580778068,0.0003314341782578184,80443.07629135736,15694.397023627911
3950,1972.7729277499998,17.0,16.668839210629347,4.128157073865828,0.00033145386079058806,50290.07407206124,12454.695999072976
3951,1973.2730579070999,21.0,20.75,4.5863961238728965,0.00033147357122170697,62599.25919138002,13836.38552832097
3952,1973.7731881984,21.0,20.07759179425078,4.598695333729549,0.00033149330953256275,60567.11015544206,13872.664097547395
3953,1974.2733186239,21.0,19.917733238038092,4.598518985193978,0.0003315130757045764,60081.28999348286,13871.305001833138
3954,1974.7734491836,22.0,21.669457075082626,4.693326608739608,0.0003315328697191794,65361.41376701942,14156.444314903163
3955,1975.2735798775,18.0,17.499014569093422,4.252488934023644,0.0003315526915578189,52778.98510451935,12825.982241444297
3956,1975.7737107056,25.0,24.416625862633044,5.007632384325098,0.0003315725412019774,73638.86579425664,15102.67516776879
3957,1976.2738416679,20.0,19.5,4.479878164712421,0.000331592418633093,58807.134615392846,13510.194784246276
3958,1976.7739727644,15.0,14.168226333944743,3.8889875051488647,0.00033161232383267894,42725.270792690986,11727.5119941294
3959,1977.2741039951002,17.0,16.496551253276813,4.129884424210023,0.0003316322567822482,49743.5062962182,12453.204836831452
3960,1977.77423536,23.0,22.584852820042325,4.802264797276914,0.00033165221746328684,68098.00034743448,14479.821163289867
3961,1978.2743668591002,15.0,14.5,3.8818589460440944,0.00033167220585736363,43717.86282940982,11703.901856984352
3962,1978.7744984924,24.0,23.33559309657321,4.908741309749897,0.00033169222194603346,70353.15136322349,14799.084768857052
3963,1979.2746302599,34.0,33.41403653136456,5.8374639288875905,0.0003317122657108005,100731.98969523847,17597.97430577052
3964,1979.7747621616,23.0,22.663666003438173,4.800176421612657,0.0003317323371333064,68319.13403223876,14470.028647474635
3965,1980.2748941975,27.0,26.586704680351687,5.202004269936058,0.0003317524361951178,80140.19425230358,15680.380013476486
3966,1980.7750263675998,21.0,20.66292447999509,4.587124227503537,0.00033177256287783016,62280.38961619583,13826.11083844408
3967,1981.2751586719,19.0,18.75,4.362805350733985,0.0003317927171631089,56511.18614150449,13149.189614638934
3968,1981.7752911104,34.0,33.42563533379762,5.838374882630438,0.0003318128990325332,100736.39521325644,17595.382517236027
3969,1982.2754236831,20.0,19.25,4.483512050809015,0.0003318331084677768,58011.0890347438,13511.346325601484
3970,1982.77555639,28.0,27.411439562759504,5.298646460935156,0.0003318533454505233,82601.0644115876,15966.831534398805
3971,1983.2756892311,21.0,20.661067943796706,4.587129898287162,0.00033187360996241825,62255.8327133525,13821.918226057847
3972,1983.7758222064,23.0,22.75,4.799353959957398,0.00033189390198518363,68546.00179130619,14460.5065994001
3973,1984.2759553158999,22.0,21.589675761710318,4.696748818598314,0.00033191422150049746,65045.94971589056,14150.489838505684
3974,1984.7760885596,16.0,15.340047848253661,4.011604579528631,0.00033193456849011944,46214.071399768305,12085.528174351755
3975,1985.2762219375,21.0,20.728739728030188,4.585251070375868,0.00033195494293574194,62444.43762370108,13812.87180068729
3976,1985.7763554496,27.0,26.840792488918385,5.198590869801624,0.0003319753448191568,80851.76477048281,15659.569154551373
3977,1986.2764890959002,27.0,26.75,5.199378771413479,0.0003319957741221127,80573.31473791886,15660.97877348606
3978,1986.7766228763999,17.0,16.591537753017544,4.130205773041454,0.0003320162308263733,49972.06826823484,12439.770678564599
3979,1987.2767567911,24.0,23.183821237707573,4.910892396850183,0.00033203671491376704,69823.0653309789,14790.208962661214
3980,1987.7768908399999,22.0,21.315432718904926,4.6993418668286635,0.00033205722636606643,64192.04590779293,14152.204781858945
3981,1988.2770250231001,15.0,14.342656818097993,3.884770418255529,0.00033207776516511395,43190.65689618398,11698.375578756271
3982,1988.7771593404,20.0,19.56393969698982,4.4777900085425735,0.0003320983312927437,58910.08130283035,13483.32583037105
3983,1989.2772937919,20.0,19.90659635923187,4.473111248349268,0.00033211892473080675,59938.15731930006,13468.402175440231
3984,1989.7774283775998,12.0,11.687554571774232,3.4711397368601555,0.0003321395454611388,35188.687199373875,10450.847495563543
3985,1990.2775630975,28.0,27.188302173722075,5.302347064199082,0.0003321601934656706,81852.98150885152,15963.222470687446
3986,1990.7776979516002,21.0,20.310949912620483,4.591740939950505,0.00033218086872627116,61144.249488243186,13823.014424512998
3987,1991.2778329399,22.0,21.344899156373103,4.700019203667361,0.0003322015712248548,64252.85430671711,14148.094442593994
3988,1991.7779680624,18.0,17.25,4.254298063793766,0.0003322223009433158,51923.06461974453,12805.576421914073
3989,1992.2781033191,17.0,16.40435215069893,4.1322021618113665,0.00033224305786360694,49374.55204085341,12437.286691202216
3990,1992.77823871,16.0,15.653977570455075,4.005265247914883,0.0003322638419676907,47113.09385261748,12054.472205568352
3991,1993.2783742350998,20.0,19.75,4.475811238676925,0.00033228465323751586,59436.99116878194,13469.810281841788
3992,1993.7785098944,28.0,27.903227942409536,5.292387441517325,0.0003323054916550766,83968.60311707479,15926.271381066035
3993,1994.2786456878998,22.0,21.84714710539145,4.6929057104730125,0.0003323263572023478,65740.037261291,14121.376799540407
3994,1994.7787816155999,15.0,14.902477690956275,3.8742109649270806,0.00033234724986133766,44840.08126191478,11657.117567675026
3995,1995.2789176775,23.0,22.391590674188144,4.8054698497580555,0.00033236816961410687,67369.8408008977,14458.273351919963
3996,1995.7790538735999,20.0,19.303453632197808,4.481592632998146,0.000332389116442612,58074.86670680629,13482.970444286213
3997,1996.2791902039,23.0,22.5,4.802632354381195,0.000332410090328975,67687.47596600486,14447.913869365977
3998,1996.7793266684,21.0,20.801950635681585,4.584715015718367,0.0003324310912552208,62575.22591264211,13791.474793789659
3999,1997.2794632671,20.0,20.0,4.47213595499958,0.00033245211920341917,60159.03898558847,13451.970063283583
4000,1997.7795999999998,24.0,23.849776803815075,4.901282180070028,0.00033247317415569286,71734.43952096578,14741.887650083978
4001,1998.2797368671,23.0,22.45030619683188,4.803893517228014,0.00033249425609411994,67520.8843020639,14448.04964049714
4002,1998.7798738684,26.0,25.399470451135112,5.106368709965037,0.0003325153650008486,76385.85498468707,15356.79023419566
4003,1999.2800110039,14.0,13.5,3.7503095943450284,0.0003325365008579767,40597.047136686284,11277.888546577182
4004,1999.7801482736002,25.0,24.202565834611306,5.010886502547863,0.00033255766364766637,72777.0503591615,15067.722233749899
4005,2000.2802856775,16.0,15.148340164703315,4.01339672868791,0.0003325800084422017,45547.95772499329,12067.462345336337
4006,2000.7804232156,23.0,22.693889272597957,4.799086849857676,0.00033260328599854185,68231.10362384528,14428.861805889419
4007,2001.2805608879,25.0,24.852414138817338,5.002177684411163,0.0003326265902166455,74715.65674479159,15038.417948346094
4008,2001.7806986944,16.0,15.75,4.004027526476524,0.0003326499210793943,47347.07270903249,12036.760788892158
4009,2002.2808366350998,32.0,31.6031690657207,5.661604234017453,0.00033267327856961325,94997.61808824573,17018.512152104635
4010,2002.78097471,18.0,17.64645323706039,4.247692598914852,0.00033269666267019053,53040.66802303245,12767.463805688012
4011,2003.2811129191,19.0,18.311773848008873,4.369914461067962,0.0003327200733639636,55036.57673210946,13133.906881198893
4012,2003.7812512624,15.0,14.291394750179453,3.8840663743644708,0.0003327435106338505,42950.18322958563,11672.85386562649
4013,2004.2813897399,19.0,18.645319210338876,4.363832467950812,0.00033276697446277877,56031.15886256442,13113.77871856368
4014,2004.7815283516,17.0,16.46011822051031,4.132077080743738,0.00033279046483365515,49460.90696660398,12416.452745450957
4015,2005.2816670975,18.0,17.39456241330828,4.251487720403899,0.00033281398172940117,52265.119160321694,12774.36632413066
4016,2005.7818059776,16.0,15.5,4.007988531647555,0.0003328375251329536,46569.268275289716,12041.87697900513
4017,2006.2819449919,20.0,19.78760998581714,4.474656943170315,0.00033286109502729435,59447.04947928677,13443.015750469114
4018,2006.7820841404,25.0,24.85657395105367,5.002056680158308,0.0003328846913953844,74670.22243305935,15026.394452657802
4019,2007.2822234231,27.0,26.606953050856948,5.201188692443861,0.00033290831422021157,79922.76526099925,15623.486918994124
4020,2007.7823628400001,22.0,21.5,4.697206466568647,0.0003329319634847735,64577.75869568407,14108.607708924506
4021,2008.2825023911,20.0,19.215423435969836,4.483769334965587,0.0003329556391720697,57711.662381664624,13466.566735781877
4022,2008.7826420764002,20.0,19.283817429382747,4.481853530677838,0.0003329793412651215,57912.954467733114,13459.85463737626
4023,2009.2827818959,19.0,18.5,4.366187447905065,0.0003330030697469838,55555.04342364269,13111.553149412408
4024,2009.7829218496001,15.0,14.217701774947862,3.886307929034357,0.00033302682460068373,42692.36207021947,11669.654339989698
4025,2010.2830619375,19.0,18.28153815537074,4.3689080379453635,0.00033305060580929345,54891.17220173695,13117.850445968032
4026,2010.7832021596,20.0,19.5,4.479223958608592,0.0003330744133558951,58545.47577980406,13448.117834924993
4027,2011.2833425159,16.0,15.359991459509732,4.0103620056749,0.0003330982472235723,46112.495600135226,12039.577029005453
4028,2011.7834830064,19.0,18.52925607627343,4.365322656909861,0.0003331221073954017,55623.01529955199,13104.271857071346
4029,2012.2836236311,13.0,12.75,3.609938500261557,0.0003331459938545396,38271.50929381126,10835.905479439001
4030,2012.78376439,15.0,14.472266868161418,3.882035858871119,0.00033316990658407953,43438.0974456622,11651.820233924516
4031,2013.2839052831,13.0,12.526971192112839,3.613375796561406,0.00033319384556717847,37596.64639299934,10844.66548417347
4032,2013.7840463103998,15.0,14.75,3.8770598982072384,0.00033321781078697805,44265.34093470019,11635.212082603213
4033,2014.2841874719,22.0,21.612276811175818,4.695800404170477,0.00033324180222663513,64854.63908419712,14091.270581284698
4034,2014.7843287675998,28.0,27.5,5.297462531751969,0.0003332658198693455,82516.71296738795,15895.607097747983
4035,2015.2844701975,16.0,15.773920316506116,4.003193226868315,0.00033328986369828467,47327.93293343502,12011.1460410097
4036,2015.7846117616,21.0,20.59026477235091,4.588677476745584,0.0003333139336966657,61774.389519188844,13766.83364494908
4037,2016.2847534599,18.0,17.386196504346213,4.25158237394753,0.0003333380298477118,52157.85463269594,12754.567415814812
4038,2016.7848952924,18.0,17.5,4.250055035968972,0.00033336215213463147,52495.46143118388,12749.062869778172
4039,2017.2850372591,16.0,15.093703318679202,4.014718046123174,0.0003333863005406705,45273.91585737306,12042.240606804447
4040,2017.78517936,17.0,16.155149564216437,4.135522289385923,0.0003334104750491041,48454.23516413855,12403.696340904859
4041,2018.2853215951,12.0,11.634667326538795,3.4705530596682315,0.00033343467564316047,34893.393448347095,10408.49471631557
4042,2018.7854639644,17.0,16.75,4.126914393245028,0.0003334589023061676,50231.07760554214,12376.081024389245
4043,2019.2856064679,27.0,26.348294592064946,5.204344104921908,0.00033348315502137874,79009.37182382068,15606.017954904713
4044,2019.7857491056,17.0,16.400556420856134,4.131839632070126,0.00033350743377209754,49175.98458109171,12389.048080090535
4045,2020.2858918775,18.0,17.483728689142083,4.250509685116775,0.0003335317385416793,52419.98487336537,12743.943660958721
4046,2020.7860347836,19.0,18.382752348076064,4.367663838653846,0.0003335560693134096,55111.4311483375,13094.241839593047
4047,2021.2861778239,17.0,16.102893345318154,4.137061972816279,0.0003335804260706678,48272.896389630536,12401.99259155529
4048,2021.7863209984,24.0,23.145955797648604,4.9096311071366685,0.00033360480879680523,69381.36138123396,14716.90748357008
4049,2022.2864643071,18.0,17.105195526869977,4.256128660657531,0.00033362921747515296,51270.07657278664,12757.062144818015
4050,2022.78660775,17.0,16.27487024150271,4.133734919895865,0.0003336536520891408,48777.73745199295,12389.299184986809
4051,2023.2867513271,25.0,24.880833473880415,5.001419864493223,0.00033367811262212984,74565.37463113874,14988.756155418041
4052,2023.7868950384,17.0,16.86955076844215,4.125168724066209,0.00033370259905753135,50552.650222343,12361.811792047258
4053,2024.2870388839,22.0,21.619935166591425,4.695553020248468,0.0003337271113787666,64783.27480578492,14070.037644976372
4054,2024.7871828636,21.0,20.75936055886567,4.585733711230376,0.0003337516495692705,62200.02383705685,13739.958190914056
4055,2025.2873269775,21.0,20.61211329110651,4.588044467197189,0.0003337762136124706,61754.29060094173,13745.870077261163
4056,2025.7874712256,22.0,21.378910704003918,4.698640632356134,0.0003338008034918618,64046.912051621664,14076.181312938897
4057,2026.2876156078999,15.0,14.5,3.8810500797786434,0.00033382541919088887,43435.87745697872,11625.987287562939
4058,2026.7877601244,15.0,14.243718989451338,3.885277265431315,0.00033385006069301735,42665.01842139474,11637.791101089284
4059,2027.2879047750998,22.0,21.12775517217288,4.70199312459862,0.0003338747279817572,63280.48636651317,14083.10581942439
4060,2027.78804956,22.0,21.6321090497431,4.695222527608283,0.00033389942104061635,64786.30296011121,14061.786968588796
4061,2028.2881944791,13.0,13.0,3.605551275463989,0.0003339241398531108,38930.99793779073,10797.516097668255
4062,2028.7883395324,14.0,13.620205286218749,3.7480770191577877,0.0003339488844027717,40785.29955438205,11223.505135705971
4063,2029.2884847199,18.0,17.50242456306531,4.249929380323834,0.00033397365467313303,52406.602491430946,12725.3432145219
4064,2029.7886300416,22.0,21.624173830684004,4.695432204813122,0.00033399845064778033,64743.33575124239,14058.24546702677
4065,2030.2887754975,24.0,23.374560098722526,4.906957911260808,0.0003340232723102712,69978.83691472284,14690.467156141083
4066,2030.7889210875999,12.0,11.62516043225284,3.4708550676333765,0.00033404811964414256,34800.85577083022,10390.2847030866
4067,2031.2890668119,17.0,17.0,4.123105625617661,0.0003340729926330479,50887.08268816307,12341.930406049189
4068,2031.7892126703998,13.0,12.875719837764612,3.6076925532430355,0.0003340978912605546,38538.76416036149,10798.309859518047
4069,2032.2893586631,23.0,22.75,4.799088710338509,0.0003341228155103097,68088.73547067912,14363.24754718951
4070,2032.78950479,20.0,19.75,4.475628946051587,0.0003341477653659338,59105.587548584284,13394.160937004055
4071,2033.2896510511,12.0,11.503761958375325,3.4729776363715597,0.00033417274081105045,34424.59708250062,10392.761623651604
4072,2033.7897974464001,22.0,21.618194986099205,4.695592794264276,0.00033419774182933955,64686.837402805344,14050.3426760499
4073,2034.2899439758999,15.0,14.632967557694679,3.878776130590018,0.00033422276840444875,43782.07872417319,11605.36174452437
4074,2034.7900906396,19.0,18.371956477019378,4.367943703381012,0.00033424782052008783,54965.07486101992,13067.979610411563
4075,2035.2902374374999,20.0,19.62156865078585,4.477473412514677,0.0003342728981599095,58699.25069844963,13394.664769899304
4076,2035.7903843696001,15.0,14.38645799379417,3.8826966708729653,0.0003342980013076421,43034.831011612434,11614.477668682986
4077,2036.2905314359,16.0,15.120792530867735,4.013795060395904,0.0003343231299470162,45228.07779786009,12005.73547224212
4078,2036.7906786364001,20.0,19.370404237184044,4.481002069390651,0.00033434828406172867,57934.809779397,13402.198494798768
4079,2037.2908259711,18.0,17.5,4.250011690512113,0.0003343734636355649,52336.6890713353,12710.373736907004
4080,2037.79097344,15.0,14.619627182368976,3.87921445732453,0.0003343986686522337,43719.15486772773,11600.567887902736
4081,2038.2911210431,12.0,11.869238421238549,3.4665687055761905,0.00033442389909551904,35491.59750047776,10365.792381919631
4082,2038.7912687804,16.0,15.881150495706533,4.001765261065522,0.00033444915494917833,47484.49879659518,11965.242554353637
4083,2039.2914166519001,20.0,19.631539568465843,4.477205423671188,0.0003344744361970551,58693.69208503561,13385.792572301247
4084,2039.7915646576,18.0,17.5,4.250022592047439,0.00033449974282291845,52316.9311052785,12705.60795108703
4085,2040.2917127975,10.0,9.38231818142583,3.1743602872926147,0.0003345250748105696,28046.68136383715,9489.15500307458
4086,2040.7918610716,17.0,16.484584556748896,4.131173138069064,0.0003345504321438728,49273.840273085436,12348.431629860997
4087,2041.2920094799,22.0,21.282389670551375,4.699579341962062,0.00033457581480662374,63610.066025997876,14046.380921700209
4088,2041.7921580224001,12.0,10.98302546107569,3.4827890985063195,0.0003346012227827045,32824.223921644916,10408.775764600536
4089,2042.2923066991,20.0,19.36612272290152,4.481153685103652,0.0003346266560559754,57873.81959093542,13391.502452076194
4090,2042.79245551,17.0,16.15280232163815,4.135580445085114,0.00033465211461031907,48267.4443591879,12357.849433883697
4091,2043.2926044551,16.0,14.980684480390739,4.0162887170244455,0.0003346775984295953,44761.539316298644,12000.470709333524
4092,2043.7927535344,18.0,17.25,4.253746090464786,0.0003347031074977277,51538.21286262516,12709.012839068622
4093,2044.2929027479,22.0,21.47912226849434,4.697675522271545,0.0003347286417986188,64168.76115852888,14034.280117259237
4094,2044.7930520956,17.0,16.635829652441622,4.128500869686915,0.0003347542013162152,49695.65605758328,12332.932203551509
4095,2045.2932015775,7.0,6.5,2.657631202218096,0.00033477978603442483,19415.748116081344,7938.445847339231
4096,2045.7933511936,22.0,21.613388306753443,4.695762176427997,0.00033480539593721257,64555.07757350091,14025.347958575352
4097,2046.2935009439002,14.0,13.8629970526382,3.7441647676866223,0.0003348310310085218,41402.96379007169,11182.251407251824
4098,2046.7936508284,19.0,18.77478871457059,4.361806972063572,0.0003348566912323526,56068.13065456415,13025.891631465034
4099,2047.2938008471,20.0,19.724428153967676,4.47637910829309,0.00033488237659265994,58899.570513857856,13367.019052597121
4100,2047.793951,18.0,17.776355289108665,4.245586941561182,0.0003349080870734622,53078.31006544018,12676.871970039683
4101,2048.2941012870997,15.0,14.165708565698166,3.8859344798963744,0.0003349338226587734,42294.05216005916,11602.096345627411
4102,2048.7942517083998,17.0,16.305192224747504,4.134797645461052,0.00033495958333259947,48678.08845032267,12344.168822766263
4103,2049.2944022639,16.0,15.778707488015193,4.003059478440243,0.0003349853690789664,47102.67654792907,11949.953185855704
4104,2049.7945529536,18.0,17.72050782245967,4.247241215030424,0.00033501117988195115,52895.27301358688,12677.908888076621
4105,2050.2947037775,13.0,12.89013858933776,3.607224629760766,0.0003350370157255856,38473.77449151922,10766.645058453149
4106,2050.7948547356,14.0,13.640531245710214,3.7474946093826977,0.00033506287659392224,40710.36273660895,11184.45184819581
4107,2051.2950058279,14.0,13.172772173660876,3.7548910751074915,0.00033508876247107037,39311.29195894218,11205.660993873727
4108,2051.7951570544,17.0,15.53263405173461,4.1451823157810805,0.00033511467334113623,46350.205727705856,12369.444388850783
4109,2052.2953084151,18.0,17.008028952441595,4.259175080411599,0.0003351406091881747,50748.934883304246,12708.621288028267
4110,2052.79545991,16.0,15.568413716952762,4.005816605878087,0.00033516656999635705,46449.78082725248,11951.718830197255
4111,2053.2956115391,18.0,17.322509406117202,4.253560667232769,0.0003351925557497742,51679.27839975268,12689.901951188049
4112,2053.7957633024,14.0,13.321561823276426,3.752036774158455,0.00033521856643260284,39739.92838476858,11192.807170818858
4113,2054.2959151999003,9.0,7.643284202812196,3.0283628220697407,0.00033524460202893913,22799.126836209012,9033.29331402128
4114,2054.7960672316003,20.0,18.712643788786384,4.490999640291012,0.00033527066252300134,55813.54374393733,13395.146495953566
4115,2055.2962193975,22.0,21.317783507392527,4.700451878318583,0.00033529674789893935,63578.855568911895,14018.781595028564
4116,2055.7963716976,12.0,11.538932757197005,3.471927788748451,0.00033532285814094696,34411.41120283193,10353.984837171727
4117,2056.2965241319002,17.0,16.460278502410887,4.1320706881378495,0.0003353489932332393,49084.02540204605,12321.702976647804
4118,2056.7966767004,26.0,25.75,5.102163320819285,0.00033537515316001566,76779.68912537194,15213.301500558446
4119,2057.2968294030998,15.0,14.645649956585602,3.878529589029142,0.0003354013379054667,43666.04512684889,11563.846504757563
4120,2057.79698224,19.0,18.60395520582066,4.365027473983525,0.0003354275474538872,55463.408855464484,13013.324359066262
4121,2058.2971352111,23.0,22.853560212428455,4.798066757703981,0.00033545378178949706,68127.29935705257,14303.21259789776
4122,2058.7972883164,17.0,17.0,4.123105625617661,0.00033548004089654866,50673.65544182182,12290.16669545803
4123,2059.2974415559,16.0,15.691690725248257,4.003958649840511,0.00033550632475932166,46770.17858457609,11934.078001995298
4124,2059.7975949295997,14.0,13.25,3.7545734157812234,0.00033553263336209144,39489.45253769462,11189.890468059064
4125,2060.2977484375,20.0,19.25,4.482959947044252,0.0003355589666891671,57366.96649752036,13359.678602172118
4126,2060.7979020796,17.0,16.55474872551877,4.131111581541025,0.0003355853247248419,49330.96743456402,12310.167570433145
4127,2061.2980558559,16.0,15.898813019667617,4.001279645936883,0.0003356117074534415,47372.64125946267,11922.348228844101
4128,2061.7982097664,14.0,13.75,3.7459874748052524,0.00033563811485929555,40966.74183074888,11160.79285684114
4129,2062.2983638111,18.0,17.649605343401394,4.247651107720754,0.0003356645469267406,52581.08282509041,12654.452627217172
4130,2062.79851799,13.0,12.699996522079624,3.611786406112931,0.00033569100364012953,37832.40058376538,10759.258862906168
4131,2063.2986723031,17.0,16.900398290313497,4.124308487561578,0.00033571748498383464,50341.13219073853,12285.057144879333
4132,2063.7988267504,15.0,14.849205002539547,3.8759178437189687,0.0003357439909422321,44227.761041580314,11544.265715200416
4133,2064.2989813319,11.0,10.802383720801998,3.319567155052302,0.0003357705214996815,32171.92406454968,9886.416294753411
4134,2064.7991360476,19.0,18.5,4.3663861343191455,0.0003357970766406301,55092.79647421914,13003.049871670117
4135,2065.2992908975,17.0,16.598013946339947,4.129867583190948,0.0003358236563494739,49424.7907570492,12297.726813185587
4136,2065.7994458816,18.0,17.457150151934677,4.249863140220732,0.00033585026061061637,51978.96860403046,12654.04151389958
4137,2066.2996009998997,17.0,16.29165738973545,4.135555529343116,0.0003358768894085072,48504.847768555075,12312.712365015635
4138,2066.7997562523997,15.0,14.75,3.8772204034689395,0.00033590354272760946,43911.41540284693,11542.660050516499
4139,2067.2999116391,11.0,10.653576309680815,3.32297769162008,0.0003359302205523357,31713.65854540931,9891.868871328243
4140,2067.8000671600003,16.0,15.5,4.008223800101909,0.00033595692286720274,46136.867392748594,11930.767093274879
4141,2068.3002228151004,18.0,17.595627627564525,4.249330100368331,0.0003359836496566706,52370.4878066086,12647.431220866152
4142,2068.8003786043996,13.0,12.65477063749794,3.611383559412738,0.00033601040090523715,37661.84202454758,10747.832655427928
4143,2069.3005345279,23.0,22.5,4.8027222164442005,0.0003360371765973917,66956.87729503035,14292.234761269801
4144,2069.8006905856,20.0,19.12227053995622,4.483515072739417,0.0003360639767176794,56900.685181204215,13341.254592443058
4145,2070.3008467775003,13.0,11.876134530330697,3.628172776302904,0.00033609080125060643,35336.08919416764,10795.215944031605
4146,2070.8010031035997,21.0,20.5,4.5898186366177836,0.0003361176501807303,60990.54896098779,13655.393086765424
4147,2071.3011595639,16.0,15.593235700362312,4.00722385038618,0.00033614452349256806,46388.486530577284,11921.133828838883
4148,2071.8013161584,18.0,17.75,4.246565551288595,0.00033617142117072375,52800.44311376996,12632.143257448372
4149,2072.3014728871,15.0,14.75,3.87728908891926,0.00033619834319973264,43872.91103108485,11532.742999318694
4150,2072.8016297500003,22.0,21.75,4.693977315155396,0.0003362252895642217,64688.768736551494,13960.809792860062
4151,2073.3017867471,16.0,15.841637966479535,4.003133589284866,0.00033625226024875537,47112.361281259735,11905.149979730682
4152,2073.8019438784,16.0,15.452571138734505,4.006238434370127,0.0003362792552379541,45951.60390669991,11913.42722445153
4153,2074.3021011439,10.0,8.772514494471842,3.1901018252127007,0.00033630627451642904,26084.89689074562,9485.704154047413
4154,2074.8022585436,14.0,13.25,3.755118796854413,0.0003363333180688244,39395.442818688076,11164.873044442173
4155,2075.3024160775,16.0,15.340037740029864,4.011605334913148,0.0003363603858797808,45605.95832326276,11926.509491955881
4156,2075.8025737456,13.0,12.410362706042935,3.6160111903010836,0.000336387477933953,36893.05791721418,10749.541607523983
4157,2076.3027315479,15.0,14.339236692100629,3.885030359975887,0.000336414594215993,42623.7058041965,11548.340728290541
4158,2076.8028894844,16.0,15.58883593446162,4.00747296126791,0.0003364417347105853,46334.42978728987,11911.343177193005
4159,2077.3030475551,12.0,11.838435021039729,3.467867246943924,0.0003364688994024343,35184.33662684629,10306.65019293856
4160,2077.80320576,14.0,14.0,3.7416573867739413,0.00033649608827620675,41605.238479052845,11119.46770597425
4161,2078.3033640991,15.0,14.91236727314964,3.8739746378642224,0.0003365233013166535,44313.03037502821,11511.757500022217
4162,2078.8035225724,14.0,13.662768653916347,3.7472272749563604,0.000336550538508482,40596.48430356621,11134.21862750019
4163,2079.3036811799,25.0,24.413170190463976,5.007580979832906,0.00033657779983640166,72533.51291240937,14877.930101946447
4164,2079.8038399216,14.0,13.336428117207815,3.754358390112579,0.0003366050852851843,39620.39998863564,11153.599735226066
4165,2080.3039987975,25.0,24.586026269099747,5.0061137909386275,0.00033663239483957446,73035.23560415646,14871.158770457434
4166,2080.8041578076,26.0,25.83562426521209,5.101668294017856,0.0003366597284843611,76741.05953071317,15153.782476405831
4167,2081.3043169519,15.0,15.0,3.872983346207417,0.000336687086204318,44551.75328850384,11503.213235381127
4168,2081.8044762304003,11.0,10.915180209900257,3.317709209197299,0.00033671446798420364,32416.724696285764,9853.182814089661
4169,2082.3046356431,20.0,19.75,4.475996415102954,0.0003367418738088686,58650.264597654124,13292.069573870358
4170,2082.80479519,12.0,11.581970616252821,3.471127558570221,0.0003367693036630944,34391.40827347934,10307.137618584005
4171,2083.3049548711,20.0,19.417223818188628,4.4821920911232835,0.000336796757531701,57652.64475968413,13308.299414674137
4172,2083.8051146864,18.0,17.6667910294622,4.247548317919994,0.0003368242353995528,52451.068458613816,12610.578074589563
4173,2084.3052746359,13.0,12.5,3.6151931312630396,0.00033685173725145747,37108.31388905332,10732.297718756674
4174,2084.8054347196,21.0,20.66480525219008,4.588701097203835,0.00033687926307231426,61341.8738325671,13621.203796740756
4175,2085.3055949375,19.0,19.0,4.358898943540674,0.0003369068128469651,56395.41640444792,12937.995841362339
4176,2085.8057552896003,23.0,22.75521302435201,4.79791345841943,0.00033693438656032124,67536.03648667113,14239.904414031844
4177,2086.3059157759003,19.0,18.412383882227466,4.369448547990543,0.00033696198419722376,54642.317963829126,12967.185477614905
4178,2086.8060763964,21.0,20.669211932096744,4.587121766619564,0.0003369896057426307,61334.86487379215,13612.057133070419
4179,2087.3062371511,23.0,22.660768077837684,4.801826647069526,0.0003370172511814303,67239.19324129332,14248.014397590894
4180,2087.80639804,13.0,13.0,3.605551275463989,0.0003370449204985497,38570.52638790899,10697.539277941747
4181,2088.3065590631,25.0,24.84084897274189,5.001266292124291,0.00033707261367893005,73695.838714454,14837.355777850646
4182,2088.8067202204,24.0,23.341657965350677,4.907487879004966,0.0003371003307075095,69242.46534069242,14557.944421784108
4183,2089.3068815119,33.0,32.315065460990525,5.7547618396143925,0.00033712807156927087,95853.97416053097,17069.957458087087
4184,2089.8070429376,33.0,32.92163844260148,5.745097086531952,0.000337155836249163,97645.16850383664,17039.88621536494
4185,2090.3072044975,31.0,30.67204340622193,5.571512666650897,0.0003371836247321673,90965.40032329696,16523.675107521834
4186,2090.8073661916,33.0,32.57755147438608,5.750260100130453,0.0003372114370032743,96608.6790053617,17052.387520517634
4187,2091.3075280199,32.0,31.75,5.660020315555198,0.0003372392730475064,94146.80476887229,16783.396146029172
4188,2091.8076899824,37.0,36.59651846341977,6.086681049465789,0.00033726713284987675,108508.99746495456,18047.0625703545
4189,2092.3078520791,32.0,31.47900554476096,5.664845841456171,0.00033729501639540103,93327.8110099885,16794.92896751086
4190,2092.80801431,19.0,18.848141121771256,4.360221388811404,0.0003373229236691155,55875.66038132542,12925.956354772978
4191,2093.3081766751,17.0,16.5,4.13186297933888,0.00033735085465606455,48910.503033472545,12247.969502111951
4192,2093.8083391744,19.0,18.575117486861732,4.366555899520301,0.0003373788093413259,55057.155258584426,12942.590875951131
4193,2094.3085018079,26.0,25.75,5.102578555133205,0.000337406787709961,76317.3739768834,15122.92799372917
4194,2094.8086645756002,39.0,38.60139017692757,6.248794477636907,0.0003374347897470577,114396.59261531186,18518.524667598813
4195,2095.3088274775,32.0,31.25,5.666517294346814,0.0003374628154376889,92602.79524269595,16791.53090392299
4196,2095.8089905136,46.0,45.32349171314026,6.790012340915962,0.00033749086476696574,134295.46232143408,20119.09965505111
4197,2096.3091536838997,37.0,36.5,6.088783188668905,0.000337518937720014,108142.08010537848,18039.82683104971
4198,2096.8093169884,38.0,37.35464421664392,6.171224721556859,0.00033754703428194973,110665.00494103572,18282.56241292316
4199,2097.3094804271,40.0,39.144541494595934,6.335360831941155,0.00033757515443791564,115958.00514340018,18767.26041195164
4200,2097.8096440000004,33.0,32.5,5.750982000753778,0.0003376032981730627,96266.83203592342,17034.73287102101
4201,2098.3098077071,25.0,24.57145599124216,5.006881453041507,0.0003376314654725207,72775.96582076262,14829.427837936539
4202,2098.8099715484,14.0,13.465806481731569,3.7493016741322798,0.00033765965632150515,39879.82049270938,11103.789285867051
4203,2099.3101355239,21.0,20.032562448511623,4.600634635153184,0.0003376878707051693,59322.7183632005,13623.926217859142
4204,2099.8102996336,19.0,18.469069244299458,4.365430040568668,0.0003377161086086976,54688.150116342425,12926.330516341382
4205,2100.3104638775,15.0,13.610350780082277,3.8982616881083976,0.00033774437001731996,40297.78728623758,11542.04787457594
4206,2100.8106282556,22.0,20.04175087431054,4.719794428812174,0.0003377726549162257,59335.03077471233,13973.287535614083
4207,2101.3107927679,22.0,19.569007984738274,4.729739951995644,0.0003378009632906497,57930.58668071579,14001.558509251778
4208,2101.8109574144,22.0,19.81859943848473,4.725865268619691,0.00033782929512581685,58664.537754500365,13988.914924798482
4209,2102.3111221951003,17.0,14.86361852706071,4.160641372654741,0.0003378576504069899,43993.73081875076,12314.776260483524
4210,2102.8112871099997,16.0,13.838909393464398,4.044132336202989,0.00033788602911941095,40957.32939752192,11968.924393656325
4211,2103.3114521591,19.0,17.615254269688272,4.381613523877028,0.00033791443124835384,52129.33405836625,12966.63628034493
4212,2103.8116173424,22.0,20.58481847929084,4.716299851956328,0.0003379428567791079,60912.12779427336,13955.909282731425
4213,2104.3117826599,18.0,17.633108741600996,4.250565209209806,0.0003379713056969398,52173.39000196861,12576.704405258903
4214,2104.8119481115996,17.0,16.801565330050373,4.124697011831617,0.00033799977798716694,49708.8058166958,12203.25361275303
4215,2105.3121136975,15.0,14.25,3.8877787824324823,0.00033802827363510924,42156.23695248173,11501.342004986293
4216,2105.8122794176,17.0,16.315325461072238,4.136526186030151,0.00033805679262605305,48262.084409940246,12236.187162214
4217,2106.3124452719003,8.0,7.435084487021002,2.8427371679681603,0.0003380853349453775,21991.739121787836,8408.342137725214
4218,2106.8126112604,18.0,17.314505409127644,4.255766279454519,0.0003381139005783975,51209.09072211593,12586.782951467994
4219,2107.3127773830997,17.0,16.628190299037854,4.131479302485343,0.00033814248951047284,49175.09870797486,12218.1607773293
4220,2107.81294364,20.0,19.87263053169323,4.473042755298498,0.00033817110172696546,58765.0169698359,13227.158478224934
4221,2108.3131100311,19.0,18.5,4.367807266329175,0.00033819973721326436,54701.40264578071,12914.874808358862
4222,2108.8132765564,23.0,22.56286343615275,4.803539528166916,0.0003382283959547477,66708.95674640956,14202.058684657546
4223,2109.3134432159,31.0,30.75,5.571272239455072,0.00033825707793681527,90907.1886612346,16470.526717243618
4224,2109.8136100096,30.0,29.687958484871267,5.481151949292597,0.0003382857831448688,87759.99454921694,16202.726281717041
4225,2110.3137769375,31.0,30.43836967901593,5.575155707362703,0.000338314511564336,89970.62980914308,16479.209483458697
4226,2110.8139439996003,18.0,17.25,4.25654297733462,0.00033834326318065995,50983.72533810222,12580.545973696007
4227,2111.3141111959003,29.0,28.432422396295554,5.395125711733598,0.00033837203797923746,84027.10391229246,15944.360367225861
4228,2111.8142785264,28.0,28.0,5.291502622129181,0.00033840083594559333,82742.11238798985,15636.78945219842
4229,2112.3144459911,14.0,13.880032026270896,3.742618890210481,0.00033842965706510025,41013.04875772438,11058.779312270945
4230,2112.81461359,11.0,10.559572013951492,3.3280736861715092,0.0003384585013232994,31199.015455856043,9833.033217246611
4231,2113.3147813231003,15.0,14.690840114714034,3.878584759089089,0.00033848736870565206,43401.44263252895,11458.580489784536
4232,2113.8149491903996,13.0,12.558747600868061,3.616159045306939,0.0003385162591976508,37099.392598260216,10682.379197613544
4233,2114.3151171919,12.0,11.691664839301017,3.4703805832461425,0.000338545172784803,34535.02155451748,10250.864174785023
4234,2114.8152853276,15.0,14.442077435221188,3.8837935775185026,0.0003385741094526059,42655.58715806889,11471.029441080644
4235,2115.3154535975,19.0,18.134980373784863,4.373521957092246,0.00033860306918662614,53558.22797870003,12916.368323530209
4236,2115.8156220016003,21.0,19.75,4.604601861417979,0.00033863205197235985,58322.89024316001,13597.65513807246
4237,2116.3157905399,12.0,10.693316157485508,3.493727813058432,0.0003386610577954018,31575.275371477026,10316.29628691802
4238,2116.8159592124,20.0,18.72508249437397,4.49794610837617,0.0003386900866412475,55286.774644243545,13280.418547179248
4239,2117.3161280191002,17.0,16.332428253228993,4.134124209173883,0.00033871913849552583,48218.203216304915,12205.168646614547
4240,2117.8162969600003,20.0,18.916331155514357,4.4939302114284665,0.00033874821334377937,55841.862511366446,13266.28461614288
4241,2118.3164660351,21.0,20.279879870649452,4.59284186570091,0.0003387773111716059,59861.97777092806,13557.111749359241
4242,2118.8166352444,12.0,10.718464761690662,3.4978586098900966,0.00033880643196460046,31635.95419230577,10324.062000852344
4243,2119.3168045879,16.0,15.5,4.010305389623056,0.00033883557570838337,45744.90139530087,11835.54997505486
4244,2119.8169740656,14.0,13.5,3.7527036351619727,0.00033886474238860266,39838.90417409816,11074.340778889456
4245,2120.3171436775,14.0,13.553373730195196,3.7523555981582626,0.00033889393199084186,39992.96668009227,11072.359944938951
4246,2120.8173134236,16.0,15.591122204121344,4.006250589548209,0.00033892314450077076,46001.94013627148,11820.528206916533
4247,2121.3174833038997,10.0,8.947455355355212,3.189005984290097,0.0003389523799040315,26397.381714471303,9408.418920654896
4248,2121.8176533184,15.0,13.958519473006904,3.8985228572312285,0.0003389816381862994,41177.80404770922,11500.690356238872
4249,2122.3178234671,16.0,15.80171493611357,4.004911605336683,0.0003390109193332512,46611.227057793745,11813.518022408636
4250,2122.81799375,15.0,14.897400303538602,3.8736627820264617,0.0003390402233305543,43939.92004014837,11425.378216111409
4251,2123.3181641671,17.0,16.39823079079222,4.133963092881971,0.0003390695501639263,48362.4400447175,12192.080034563318
4252,2123.8183347184,21.0,20.151407615700546,4.600195353777651,0.00033909889981904525,59426.34324810262,13565.940073036132
4253,2124.3185054039,19.0,18.59983904964057,4.36463057020771,0.00033912827228165806,54846.02898042291,12870.146569740225
4254,2124.8186762236,14.0,13.099275878526479,3.763709296898384,0.0003391576675374708,38622.9684076927,11097.226031260408
4255,2125.3188471774997,13.0,12.5,3.6173843004421453,0.0003391870855722168,36852.81819887747,10664.864478373434
4256,2125.8190182656,18.0,17.5,4.252731130916879,0.0003392165263716793,51589.4676099161,12536.92199612104
4257,2126.3191894879,16.0,15.451610127759633,4.01102456068731,0.00033924598992157793,45546.920484842034,11823.351431846022
4258,2126.8193608444003,21.0,20.297973538416734,4.596416755943265,0.0003392754762077008,59827.41153383728,13547.742404845636
4259,2127.3195323351,16.0,15.5,4.01079663442688,0.0003393049852158082,45681.61587764922,11820.623949500454
4260,2127.81970396,15.0,14.547140403547232,3.8838803083247244,0.00033933451693172263,42869.61590315982,11445.579846821767
4261,2128.3198757191,11.0,10.703276397497618,3.323505300709059,0.000339364071341209,31539.21496520518,9793.332828587754
4262,2128.8200476124002,23.0,22.54630664571823,4.8046983537569545,0.0003393936484301006,66431.13903282644,14156.712643214065
4263,2129.3202196399,12.0,11.612331400415355,3.4713231597888976,0.00033942324818421465,34211.95060308012,10227.122562638702
4264,2129.8203918015997,19.0,18.181889059730448,4.378050522509669,0.0003394528705893774,53562.33702829502,12897.37369110548
4265,2130.3205640974998,9.0,9.0,3.0,0.00033948251563142883,26510.938223903016,8836.979407967672
4266,2130.8207365276,17.0,17.0,4.123105625617661,0.0003395121832962232,50071.84082453842,12144.2052110992
4267,2131.3209090919,15.0,14.867341422843465,3.8737405823524633,0.00033954187356962306,43786.47401141502,11408.727122895352
4268,2131.8210817904,12.0,11.20619836549355,3.483565361886925,0.00033957158643750575,33000.989520529045,10258.706855993192
4269,2132.3212546231,16.0,15.043383587557178,4.0219905239285385,0.00033960132188573224,44297.187961532494,11843.271108590803
4270,2132.82142759,14.0,13.292965384871945,3.75929275850898,0.0003396310799002324,39139.42560491458,11068.753659450964
4271,2133.3216006911002,16.0,15.457452973548916,4.0114217206432015,0.0003396608604668894,45508.490299122146,11810.07936895997
4272,2133.8217739264,14.0,13.292128512294642,3.7594123595714843,0.00033969066357161413,39130.09669602643,11067.164225368588
4273,2134.3219472959,13.0,12.54170984240341,3.617804484830066,0.00033972048920033633,36917.731609080096,10649.356161431326
4274,2134.8221207996,6.0,5.667417966444762,2.459405270360562,0.00033975033733898904,16681.125354674903,7238.860422106564
4275,2135.3222944375,9.0,8.25,3.022617257700404,0.0003397802079735191,24280.40187862551,8895.801423301185
4276,2135.8224682096,13.0,12.330905796649038,3.6239986755577926,0.0003398101010898694,36287.6375866999,10664.776190980137
4277,2136.3226421159,13.0,12.709966394502182,3.6121034406504133,0.0003398400166740157,37399.85219778855,10628.834932394811
4278,2136.8228161563998,16.0,15.53961415693819,4.011245902129609,0.00033986995471196565,45722.23564188769,11802.296279849379
4279,2137.3229903311,14.0,13.789194552646318,3.7475910845013476,0.00033989991518962103,40568.396567423966,11025.572284743488
4280,2137.82316464,18.0,17.88367562213272,4.2431722158815015,0.000339929898093072,52609.893164608344,12482.491948147883
4281,2138.3233390831,15.0,14.288354876867091,3.8906713003795135,0.00033995990340826744,42029.52975812504,11444.500546604451
4282,2138.8235136604,18.0,17.53793480538031,4.253396565451829,0.00033998993112122956,51583.6888096749,12510.36038457034
4283,2139.3236883719,16.0,15.712485421837014,4.005991106036401,0.00034001998121800756,46210.47670655208,11781.634395973675
4284,2139.8238632176,18.0,17.537094195215246,4.253473138829109,0.0003400500536846168,51572.09653458905,12508.373672465406
4285,2140.3240381975,14.0,13.713326343462201,3.7480925873012607,0.0003400801485071045,40323.80720739341,11021.203689056143
4286,2140.8242133116,18.0,17.427494075738462,4.254013716650284,0.00034011026567155016,51240.717598828574,12507.74865101676
4287,2141.3243885599,8.0,7.035832111994608,2.8613499187902103,0.0003401404051640002,20685.08182261455,8412.261158478359
4288,2141.8245639424,12.0,11.3562333183893,3.4839840958473602,0.00034017056697053827,33383.938591526785,10241.874030650933
4289,2142.3247394591,15.0,14.965010055463177,3.8731413989446204,0.00034020075107725126,43988.762541164964,11384.87021760021
4290,2142.8249151100003,10.0,9.78456862721626,3.169607337885797,0.00034023095747023354,28758.607682172194,9316.046257087299
4291,2143.3250908951,10.0,9.897558537496069,3.162830707517131,0.00034026118613559957,29088.12095174362,9295.302656873395
4292,2143.8252668144,11.0,10.317451050785754,3.3378827654911407,0.00034029143705947314,30319.45540546341,9808.894382810387
4293,2144.3254428679,12.0,11.716696259108817,3.471192237117738,0.0003403217102279667,34428.295071919776,10199.737873885675
4294,2144.8256190556,22.0,21.532881800663247,4.700570373665448,0.0003403520056272384,63266.50480869083,13810.90840056228
4295,2145.3257953775,18.0,17.75,4.248338194224279,0.0003403823232434059,52147.24381356035,12481.077612206996
4296,2145.8259718336,9.0,8.717962546969318,3.0082487378331497,0.0003404126630626549,25609.983096794276,8837.064728345502
4297,2146.3261484239,11.0,10.5,3.3312734800392634,0.00034044302507114374,30842.165139984212,9785.11302836389
4298,2146.8263251484,14.0,13.531192482498945,3.7545607506597087,0.0003404734092550564,39742.2885743257,11027.471304953162
4299,2147.3265020071003,14.0,13.719230236353285,3.7483270205841523,0.0003405038156005859,40290.973574422635,11008.179200496756
4300,2147.826679,12.0,11.469653110929446,3.478398737826178,0.0003405342440939147,33681.35014276647,10214.534362267786
4301,2148.3268561270997,21.0,20.30984771754301,4.598499316204999,0.000340564694721246,59635.79910761663,13502.572014896892
4302,2148.8270333884,19.0,18.690998654500657,4.36477156588932,0.0003405951674688266,54877.462864212175,12815.130638307754
4303,2149.3272107839002,11.0,10.279077331005533,3.338878772789412,0.00034062566232288203,30177.049083465434,9802.193851220933
4304,2149.8273883136003,14.0,13.442692332921625,3.7551660974609047,0.0003406561792696101,39461.1727335863,11023.331810719637
4305,2150.3275659775,11.0,10.05646036070245,3.3463892926247425,0.00034068671829529996,29518.204909842494,9822.482394879169
4306,2150.8277437756,15.0,14.52780637144247,3.885809209345709,0.00034071727938622584,42638.8893384366,11404.790553463195
4307,2151.3279217079003,16.0,15.75,4.006283613150639,0.00034074786252860406,46221.860008521304,11757.325734697257
4308,2151.8280997744,14.0,13.72304171353732,3.7484931778510244,0.0003407784677087486,40269.68548161301,10999.794684958588
4309,2152.3282779751,22.0,21.526534010392858,4.701125200495061,0.0003408090949129458,63163.02684319931,13794.013336691873
4310,2152.82845631,15.0,14.776109578603739,3.8794493063826723,0.00034083974412746685,43352.07332240511,11382.033267023697
4311,2153.3286347791,16.0,15.84589005342817,4.000494758477431,0.00034087041533867394,46486.55131212952,11736.116067751771
4312,2153.8288133824,9.0,7.65156148721029,3.0500897916502536,0.0003409011085328305,22445.105913973304,8947.139552514875
4313,2154.3289921199002,14.0,13.97516465107659,3.741739808505683,0.00034093182369629736,40991.082907900345,10975.038258202705
4314,2154.8291709915998,9.0,8.75,3.008568858743582,0.0003409625608154021,25662.641608142047,8823.751357183253
4315,2155.3293499975,17.0,16.67804474836036,4.1295742975885155,0.00034099331987649773,48910.18027684788,12110.425796857782
4316,2155.8295291376,11.0,10.07067915334783,3.3474850060821426,0.00034102410086593474,29530.696299106647,9815.977807967667
4317,2156.3297084119,15.0,14.72686580403106,3.87976010535251,0.00034105490377009433,43180.33736280322,11375.764026450892
4318,2156.8298878203996,7.0,6.545417036877711,2.6652059648703554,0.0003410857285753365,19189.94695033688,7813.888830830061
4319,2157.3300673630997,13.0,12.955434629613503,3.6056889821667704,0.00034111657526808933,37979.4931378858,10570.254404474475
4320,2157.83024704,15.0,14.5,3.8865221168093593,0.0003411474438346935,42503.61614031652,11392.499598187269
4321,2158.3304268511,11.0,10.478569448443174,3.332546442458578,0.0003411783342615749,30712.880614539423,9767.755181967617
4322,2158.8306067964004,8.0,7.292008502333695,2.856178975050067,0.0003412092465351861,21371.07530461291,8370.75490788475
4323,2159.3307868759,9.0,8.770577795062314,3.008759636148835,0.0003412401806419103,25702.066440604656,8817.131764755917
4324,2159.8309670896,14.0,13.959697633510856,3.741765912022332,0.0003412711365682043,40905.00525150904,10964.202685434331
4325,2160.3311474375,18.0,17.519724415713544,4.255166593919935,0.0003413021143005204,51332.0125532162,12467.44867854294
4326,2160.8313279196,13.0,12.711405015060656,3.613079133734498,0.0003413331138253144,37240.46832902954,10585.19958184772
4327,2161.3315085359,15.0,14.306611240540155,3.8936181961317704,0.00034136413512905517,41910.118164966094,11406.055280704166
4328,2161.8316892864,17.0,16.90778410577352,4.123311867204517,0.0003413951781982022,49525.55040469097,12077.826901265329
4329,2162.3318701711,8.0,6.804047365396884,2.875714260714058,0.0003414262430192589,19928.3081031738,8422.651508225883
4330,2162.83205119,19.0,18.517588242374995,4.37130870523171,0.0003414573295787015,54231.04627808826,12801.917916435237
4331,2163.3322323431003,23.0,22.75,4.801511084858469,0.000341488437863055,66620.11792365073,14060.537788351094
4332,2163.8324136304,19.0,18.75,4.365168224001689,0.0003415195678588297,54901.68577324532,12781.605023013122
4333,2164.3325950518997,18.0,17.766304669839986,4.249072076034789,0.0003415507195525437,52016.59271312658,12440.53030133089
4334,2164.8327766076,11.0,10.968246998181883,3.3167007894234644,0.00034158189293075856,32110.15345126984,9709.826129735122
4335,2165.3329582975,14.0,13.484551823730747,3.7564271661355257,0.0003416130879799969,39473.17095918858,10996.145341935737
4336,2165.8331401216,15.0,14.265019695920547,3.8943675240591906,0.00034164430468680107,41754.00994609835,11398.894905124534
4337,2166.3333220799,14.0,13.529182119727201,3.756439103485146,0.00034167554303775755,39596.57749993575,10994.17028824341
4338,2166.8335041724,12.0,11.957513195702912,3.464188463336417,0.000341706803019431,34993.48883324092,10137.89726375283
4339,2167.3336863991,17.0,16.25,4.14343235055577,0.00034173808461842366,47551.036104578016,12124.584695271013
4340,2167.8338687600003,15.0,14.263304217448283,3.894666697528446,0.0003417693878212928,41733.709119982384,11395.598424879767
4341,2168.3340512551,11.0,10.5,3.3335848721262895,0.00034180071261466315,30719.6550869612,9753.00737855536
4342,2168.8342338844,10.0,9.524891087942825,3.180072992740588,0.0003418320589851552,27864.24162853743,9303.027346767054
4343,2169.3344166479,14.0,13.975968052651691,3.7416959747214467,0.00034186342691938063,40881.72922910397,10945.002243845833
4344,2169.8345995456,7.0,6.5,2.6671990396047796,0.000341894816403982,19011.69508320248,7801.226902642549
4345,2170.3347825775004,13.0,12.511156365964716,3.621355689177728,0.00034192622742557527,36590.221405838,10591.043911558272
4346,2170.8349657435997,17.0,16.75,4.130056530360352,0.0003419576599708611,48982.672303428735,12077.683917688179
4347,2171.3351490439,16.0,15.719111593688792,4.007228716245949,0.0003419891140264235,45963.77764373596,11717.415999201467
4348,2171.8353324784002,10.0,9.029597359853323,3.1985551574878914,0.0003420205895790153,26400.742045873998,9351.937441616934
4349,2172.3355160471,16.0,15.75,4.007238501518073,0.00034205208661529027,46045.618829141065,11715.287403070452
4350,2172.83569975,11.0,10.759004621870075,3.32536896784101,0.00034208360512188676,31451.38925332761,9720.924703936507
4351,2173.3358835871,11.0,10.991426194057706,3.316635872408718,0.0003421151450855756,32127.856226032745,9694.501749050323
4352,2173.8360675584,12.0,11.758142834312748,3.4725343610386736,0.00034214670649304656,34365.79283440131,10149.25555365311
4353,2174.3362516639,11.0,10.984576586036308,3.316642721314605,0.00034217828933099227,32101.90981874605,9692.732779157666
4354,2174.8364359036004,16.0,15.507280423950013,4.014707783857832,0.00034220989358615424,45315.114245947196,11731.71161647638
4355,2175.3366202775,18.0,17.75,4.249608137768529,0.0003422415192452822,51863.95864283986,12416.98595523959
4356,2175.8368047855997,21.0,20.730747827648397,4.58906278221713,0.00034227316629512256,60567.84425155158,13407.603148942866
4357,2176.3369894279,17.0,16.017956921953196,4.151892081710203,0.00034230483472241725,46794.422097317205,12129.224190120092
4358,2176.8371742044,16.0,15.75555373481878,4.007462286355425,0.00034233652451395267,46023.58383227855,11706.20719493836
4359,2177.3373591151,12.0,11.99487832671258,3.46410540133196,0.00034236823565647476,35035.02100220534,10118.068911065022
4360,2177.83754416,12.0,11.740621087884726,3.472786091305315,0.00034239996813681,34289.20029336458,10142.483687141355
4361,2178.3377293391,18.0,17.26277124938884,4.263938173047997,0.0003424317219417207,50412.30161593159,12451.936838298197
4362,2178.8379146524003,13.0,12.988526336488002,3.605557360749023,0.0003424634970580311,37926.7467863504,10528.296860024338
4363,2179.3381000999,17.0,16.25678374036152,4.145172881058419,0.00034249529347253784,47465.714274596394,12102.86085695011
4364,2179.8382856815997,13.0,12.744081939678932,3.614008233022954,0.00034252711117208735,37206.05325537645,10551.013672045534
4365,2180.3384713975,17.0,16.247473965555802,4.145329373437507,0.0003425589501434801,47429.71672102154,12101.068653150778
4366,2180.8386572476,13.0,12.004185766063426,3.639483550573196,0.00034259081037360235,35039.427219231635,10623.412655477432
4367,2181.3388432319002,19.0,18.493361696306017,4.3730266929913055,0.00034262269184927145,53975.88115512712,12763.388990344845
4368,2181.8390293504,15.0,13.507356678718432,3.920628862919963,0.00034265459455735313,39419.744819611886,11441.927016868682
4369,2182.3392156031,12.0,11.999207505378461,3.464101705788634,0.00034268651848474665,35015.11398357668,10108.660594836983
4370,2182.83940199,10.0,9.74964127957114,3.172116174705241,0.0003427184636182984,28447.960394773978,9255.749285332275
4371,2183.3395885111,10.0,9.500075209525324,3.1819686999472667,0.00034275042994491714,27717.179555550276,9283.631534637712
4372,2183.8397751664,10.0,9.998981409013144,3.1622777421921375,0.0003427824174514895,29170.053363160605,9225.32073174279
4373,2184.3399619559,16.0,16.0,4.0,0.0003428144261249525,46672.48161303503,11668.120403258758
4374,2184.8401488796,5.0,4.502755869019084,2.2635427680734206,0.00034284645595218476,13133.447322690316,6602.205531881323
4375,2185.3403359375,18.0,17.996375024887477,4.242641461427335,0.0003428785069201331,52486.15664638141,12373.599907256876
4376,2185.8405231296,12.0,12.0,3.4641016151377544,0.0003429105790157524,34994.545908858505,10102.055250324087
4377,2186.3407104558996,24.0,24.0,4.898979485566356,0.0003429426722259634,69982.54210892282,14285.126589141522
4378,2186.8408979164,13.0,11.765585404238283,3.6475684885750823,0.00034297478653773063,34304.51994156705,10635.092233445603
4379,2187.3410855111,15.0,14.982238716699507,3.872991491423251,0.00034300692193801565,43679.114788846535,11291.292518356624
4380,2187.84127324,13.0,12.50797517632596,3.6222981950076574,0.0003430390784137987,36462.2457422706,10559.43308779001
4381,2188.3414611031003,15.0,14.008846150711774,3.9040070736183163,0.00034307125595206843,40833.63414354071,11379.580789373265
4382,2188.8416491004,16.0,15.73542384528478,4.0075165223109686,0.0003431034545398044,45862.038510775965,11680.198696005975
4383,2189.3418372318997,24.0,23.260589033620224,4.917282822089638,0.000343135674164011,67788.31460847231,14330.433097840154
4384,2189.8420254976,14.0,13.494269528929635,3.7575834948039515,0.0003431679148117132,39322.64336639272,10949.693525006945
4385,2190.3422138975,7.0,6.5,2.6681427109259155,0.0003432001764699258,18939.384200956512,7774.304600801164
4386,2190.8424024315996,14.0,13.256602846655523,3.7653437715481566,0.00034323245912568366,38622.81230750751,10970.243843311382
4387,2191.3425910999,12.0,11.007039267979144,3.4980377818281907,0.0003432647627660057,32065.741846862224,10190.494805354398
4388,2191.8427799024,16.0,15.970096620039651,4.000027944031549,0.0003432970873779844,46519.75564958962,11651.79691614264
4389,2192.3429688391,21.0,20.75791257768749,4.588965713539589,0.00034332943294861887,60460.62640016659,13366.071397165511
4390,2192.84315791,19.0,18.75,4.365600152800502,0.0003433617994650354,54607.122950814206,12714.286095897083
4391,2193.3433471150997,16.0,15.508786510140919,4.014529249879797,0.00034339418691426164,45163.21796097596,11690.731534957933
4392,2193.8435364544,16.0,15.5,4.014488335691274,0.0003434265952834274,45133.371185792894,11689.509172631626
4393,2194.3437259279,12.0,11.259661065335404,3.4890507423816532,0.00034345902455960577,32783.12771013341,10158.564757049044
4394,2194.8439155356,19.0,18.25,4.378694328540125,0.00034349147472988346,53130.86740901365,12747.607002425502
4395,2195.3441052774997,22.0,21.72892751346343,4.696560010055731,0.00034352394578141525,63253.02145687851,13671.710714001169
4396,2195.8442951536,14.0,13.75,3.7493004450641787,0.0003435564377013152,40022.53630291196,10913.200958044004
4397,2196.3444851639,9.0,8.75,3.0094940517511746,0.0003435889504766646,25466.476695077163,8758.995443759386
4398,2196.8446753084,13.0,12.511850177794114,3.6212665052916417,0.00034362148409468926,36411.72265685901,10538.533452971631
4399,2197.3448655871002,13.0,12.737711532665475,3.6134206488618275,0.0003436540385424745,37065.50805190417,10514.704451567854
4400,2197.8450559999997,17.0,16.98727308744231,4.1231252678403125,0.000343686613807208,49426.63579260428,11996.758390343335
4401,2198.3452465471,19.0,18.289496540385613,4.378158485258539,0.0003437192098760448,53210.574256182364,12737.60197120618
4402,2198.8454372284,19.0,17.777208540094627,4.390896256368383,0.00034375182673620087,51715.24093088548,12773.448502247546
4403,2199.3456280439,23.0,22.457870453059236,4.80752922970551,0.0003437844643747991,65325.437244236025,13984.137527704766
4404,2199.8458189935996,16.0,15.5,4.013895451058724,0.00034381712277909516,45082.10607637146,11674.507129296406
4405,2200.3460100775,25.0,24.735078526113007,5.005567621579533,0.00034384980193626915,71935.70677320771,14557.424763348534
4406,2200.8462012956,26.0,24.81144341277231,5.125964650861555,0.0003438825018335459,72150.93318351547,14906.151442805149
4407,2201.3463926479,39.0,37.75,6.267016479332093,0.0003439152224581392,109765.42338016129,18222.562044618146
4408,2201.8465841344,28.0,25.11368055189623,5.353227354566568,0.0003439479637972831,73015.93030129929,15564.061771046467
4409,2202.3467757550998,42.0,38.30003977555337,6.5436925736566245,0.0003439807258382257,111343.56345758135,19023.42800664397
4410,2202.84696751,34.0,28.85271956322684,5.928177803762513,0.0003440135085682226,83870.89124293778,17232.39831027413
4411,2203.3471593991,30.0,26.14463949058786,5.55129716374276,0.0003440463119745322,75991.62839601432,16135.319491969125
4412,2203.8473514224,29.0,25.25,5.460056542112926,0.0003440791360444198,73384.2809833732,15868.60687015921
4413,2204.3475435798996,23.0,20.870913928705942,4.8408736855250085,0.0003441119807651717,60651.517806201104,14067.727821509678
4414,2204.8477358716,15.0,12.537762984109618,3.9417013754324213,0.00034414484612405705,36431.64535316044,11453.61152382773
4415,2205.3479282975,19.0,17.65338863771022,4.389737414931468,0.00034417773210838973,51291.4898054786,12754.274914999543
4416,2205.8481208576,14.0,13.210473582927378,3.7631077399522765,0.000344210638705491,38379.03916221006,10932.572433276873
4417,2206.3483135519,13.0,12.939387099131059,3.6057210986501134,0.0003442435659026544,37587.8836404747,10474.331130039895
4418,2206.8485063803996,7.0,6.770645547717583,2.6556738249984257,0.00034427651368718775,19666.30100672346,7713.7815663237225
4419,2207.3486993430997,12.0,11.75,3.471720876392571,0.00034430948204645364,34126.274798365004,10083.140480935614
4420,2207.84889244,20.0,19.521528509595043,4.483844546879509,0.00034434247096780537,56692.189188072094,13021.46823270816
4421,2208.3490856711,13.0,12.271970224043768,3.627252144207377,0.0003443754804385801,35635.43550898216,10532.840896767339
4422,2208.8492790364003,12.0,11.25,3.486674012657505,0.00034440851044611695,32664.69805124073,10123.658117916917
4423,2209.3494725359,13.0,12.25,3.6271686871243616,0.0003444415609778048,35564.813854706015,10530.577892016026
4424,2209.8496661696,10.0,9.47670369857429,3.1787446086269466,0.0003444746320210285,27510.59967166402,9227.804642615598
4425,2210.3498599375002,11.0,10.952522722873333,3.3167946945690927,0.0003445077235631687,31791.806028595714,9627.635224732276
4426,2210.8500538396,9.0,8.548362262744446,3.0169501691040006,0.000344540835591608,24810.88271602444,8756.43714024093
4427,2211.3502478758996,13.0,12.5,3.6197792118145387,0.000344573968093773,36276.68122798594,10505.086126614897
4428,2211.8504420464,10.0,9.5,3.1784346383923183,0.0003446071210570801,27567.625331881743,9223.35739506047
4429,2212.3506363511,14.0,13.948980912356193,3.7418312994644753,0.0003446402944689355,40474.02795384246,10857.207817879662
4430,2212.85083079,14.0,13.551905318622683,3.755049190322188,0.00034467348831678955,39318.09604737316,10894.511233399306
4431,2213.3510253631002,7.0,5.8291877914092,2.6928400230691776,0.0003447067025880586,16910.572807675762,7811.974652222685
4432,2213.8512200704,15.0,14.196321285405867,3.892685932984494,0.00034473993727021385,41179.79888787447,11291.659341265504
4433,2214.3514149119,16.0,15.472717060207707,4.012659822888835,0.0003447731923507178,44877.95862176026,11638.549376562283
4434,2214.8516098876003,11.0,10.722273322044401,3.3242958603339687,0.0003448064678170218,31096.497086981508,9641.048444886104
4435,2215.3518049975,10.0,9.306341143572887,3.185658247015746,0.000344839763656622,26987.436265731172,9238.08267711232
4436,2215.8520002416,8.0,7.471385378715869,2.8461341081319484,0.0003448730798569797,21664.15941138196,8252.700121773065
4437,2216.3521956198997,6.0,5.5,2.4696799053986322,0.0003449064164056123,15946.354542537596,7160.434796012237
4438,2216.8523911324,9.0,8.059006374557532,3.032526381385676,0.00034493977329002674,23363.517340116898,8791.46626804302
4439,2217.3525867791,8.0,7.660156888675204,2.837606469001558,0.00034497315049772045,22205.08140306943,8225.58644029982
4440,2217.8527825600004,14.0,13.75,3.7482197380972715,0.0003450065480162047,39854.316038529716,10864.198838107908
4441,2218.3529784751,8.0,7.75,2.8370730100563892,0.0003450399658330459,22461.16614719926,8222.447516207907
4442,2218.8531745244,16.0,15.968717812746148,4.00012232003465,0.00034507340393576466,46276.29261082874,11592.091057760197
4443,2219.3533707079,11.0,10.126909305634767,3.34523120877269,0.0003451068623118847,29344.271040553052,9693.319878842316
4444,2219.8535670256,9.0,8.435654757545196,3.0164611457985746,0.00034514034094900093,24441.230875389545,8739.810413075696
4445,2220.3537634775,3.0,2.5,1.7597265931668749,0.0003451738398346766,7242.727320232008,5098.087948987409
4446,2220.8539600636,11.0,10.28306367785401,3.338168737075038,0.0003452073589564521,29788.077835128704,9670.0393269894
4447,2221.3541567839,10.0,9.25,3.184960460631636,0.00034524089830196474,26792.88591095454,9225.327811092395
4448,2221.8543536384,14.0,13.466044642869754,3.7545718097086604,0.0003452744578587589,39000.98700141409,10874.16611409043
4449,2222.3545506271003,7.0,6.931197139478151,2.646198578491039,0.00034530803761444623,20072.504501668103,7663.298534179076
4450,2222.8547477499997,18.0,17.35454297715927,4.25897541545438,0.00034534163755665237,50253.25964151167,12332.643829418646
4451,2223.3549450071,5.0,4.6794119129892335,2.2471839391280697,0.0003453752576729868,13548.775741833428,6506.49949353286
4452,2223.8551423984,8.0,7.964259416381541,2.8286529283949613,0.0003454088979510846,23057.48191093041,8189.287957473359
4453,2224.3553399239,10.0,9.786187279391154,3.1694977330003185,0.0003454425583785769,28329.41987612971,9175.180232213332
4454,2224.8555375836,13.0,12.536634130823535,3.618341062945843,0.00034547623894310304,36287.97792049661,10473.487479240945
4455,2225.3557353775,9.0,8.712918862085106,3.008003401495707,0.0003455099396323393,25217.563556511897,8705.982249588982
4456,2225.8559333056,12.0,11.75,3.470814399585366,0.00034554366043391694,34004.385973236844,10044.503190210135
4457,2226.3561313679,9.0,8.75,3.007722807333052,0.0003455774013355221,25319.94269933351,8703.47075853159
4458,2226.8563295644003,16.0,14.903692372556499,4.028064084851488,0.0003456111623248489,43122.71707980349,11654.90158869755
4459,2227.3565278951,5.0,4.594517108548641,2.247694426994884,0.0003456449433895519,13292.59170839507,6502.899781935091
4460,2227.85672636,10.0,9.75,3.1695319269663886,0.0003456787445173887,28205.378996074043,9169.01017848655
4461,2228.3569249591,17.0,16.539766449280368,4.134002620002161,0.0003457125656960055,47842.53767571827,11957.918311934613
4462,2228.8571236924,7.0,6.5,2.66294091050813,0.00034574640691313347,18799.906145179644,7702.006028878781
4463,2229.3573225599,10.0,9.709337201677453,3.16972064862836,0.00034578026815651236,28079.500468438135,9166.863874353965
4464,2229.8575215615997,10.0,9.75,3.169436015982632,0.0003458141494138656,28194.335068491757,9165.142667975377
4465,2230.3577206975,6.0,5.75,2.4586936661507144,0.0003458480506729358,16625.798493910563,7109.1731220306065
4466,2230.8579199676,12.0,11.334016978598918,3.483036910333237,0.0003458819719214741,32768.45253204492,10070.015765736394
4467,2231.3581193719,13.0,12.25,3.624172970524786,0.0003459159131472332,35413.23059857613,10477.034541577215
4468,2231.8583189103997,11.0,10.66418721022291,3.3239149564098436,0.00034594987433799753,30825.816111740685,9608.082566211126
4469,2232.3585185831,10.0,9.336711162326221,3.182763807436439,0.0003459838554815236,26985.973519867966,9199.168565269678
4470,2232.85871839,6.0,5.45619507690963,2.467952477934775,0.00034601785656559943,15768.536141646271,7132.442534701647
4471,2233.3589183311,7.0,6.911491158659892,2.64649143348277,0.000346051877578039,19972.413405274085,7647.672516632866
4472,2233.8591184064,8.0,7.79470407390201,2.835867841996949,0.00034608591850659824,22522.45369455389,8194.11507475963
4473,2234.3593186159,11.0,10.75,3.3232515410165036,0.00034611997933913625,31058.594249674632,9601.443832747678
4474,2234.8595189596,13.0,12.341207694639506,3.6231772068975348,0.00034615406006345475,35652.355752745454,10466.949907313978
4475,2235.3597194375,9.0,8.25,3.021778426073045,0.00034618816066739246,23830.97094971529,8728.716834936138
4476,2235.8599200496,6.0,5.45349575665978,2.4676525241417218,0.00034622228113875494,15751.42922264495,7127.364870988083
4477,2236.3601207959,11.0,10.5,3.3296943239772405,0.0003462564214653967,30324.34735957474,9616.267360141926
4478,2236.8603216764,9.0,8.5,3.0143960876908094,0.00034629058163522736,24545.859606871025,8704.816843289398
4479,2237.3605226911,11.0,10.70214399525556,3.323468457680632,0.00034632476163601116,30902.046809184147,9596.392824991279
4480,2237.86072384,6.0,5.951693096823119,2.4499660317838163,0.00034635896145570233,17183.597825241523,7073.488214328057
4481,2238.3609251230996,14.0,13.195031829031178,3.7632424103515074,0.0003463931810821573,38092.64312827679,10864.077631652177
4482,2238.8611265403997,7.0,6.6023724990409365,2.6551841983343225,0.00034642742050323435,19058.458159720918,7664.474695673038
4483,2239.3613280919,10.0,9.75,3.1690064800766655,0.0003464616797068643,28141.6403922342,9146.773411587426
4484,2239.8615297776,8.0,7.550112053385017,2.8429600068060004,0.0003464959586809327,21789.89931694257,8204.886480144813
4485,2240.3617315975002,13.0,12.699436269945533,3.611770785551573,0.0003465302574133679,36647.40956457568,10422.670771987381
4486,2240.8619335516,12.0,11.75,3.4701869393481966,0.0003465645758920896,33904.21531039173,10013.103417784727
4487,2241.3621356399,11.0,10.154402650994282,3.3407049320499316,0.00034659891410501753,29297.27196986415,9638.532598049966
4488,2241.8623378624,11.0,10.0,3.3418147538535057,0.00034663327204010464,28848.932882712495,9640.778954037816
4489,2242.3625402191,10.0,9.0,3.188604493973198,0.0003466676496852807,25961.464844413873,9197.871497002809
4490,2242.8627427099996,11.0,10.0,3.3416574453933947,0.00034670204702853753,28843.21014457952,9638.412792868045
4491,2243.3629453351,9.0,8.590168824123255,3.0083307157901005,0.00034673646405779083,24774.345113848554,8676.130224621254
4492,2243.8631480944,8.0,7.553729824809115,2.8425219185457378,0.0003467709007610597,21783.05563768733,8197.117786720979
4493,2244.3633509879,12.0,11.695817253363987,3.4704777677981253,0.0003468053571262936,33724.44229315871,10006.99007810974
4494,2244.8635540156,11.0,10.75,3.3228229315596374,0.0003468398331414974,30994.133236174202,9580.280619625522
4495,2245.3637571775,9.0,8.165267171653731,3.02572237766289,0.00034687432879466554,23539.55451251399,8722.820129632555
4496,2245.8639604736,8.0,7.0,2.8572005205257547,0.00034690884407381284,20178.211422337186,8236.170882740076
4497,2246.3641639039,3.0,2.38800801926549,1.7572186304657718,0.0003469433789669546,6882.99060894585,5064.857083302754
4498,2246.8643674684,9.0,7.919349071211874,3.032108465542917,0.0003469779334621095,22823.783034827135,8738.620451418497
4499,2247.3645711671,8.0,7.5223858156753485,2.837864744539296,0.00034701250754729705,21677.56392656845,8177.9897923492035
4500,2247.864775,12.0,11.75,3.4699280972495767,0.0003470471012105923,33857.07576583376,9998.435616219089
4501,2248.3649789671,8.0,7.942188275643478,2.8290178853222323,0.00034708171444000684,22882.76202754636,8150.869860391994
4502,2248.8651830684003,11.0,10.233064187813348,3.3387194603625505,0.0003471163472236313,29480.213967625812,9618.444902024637
4503,2249.3653873039,4.0,3.191279474810511,2.0306540603375733,0.0003471509995495044,9192.770520470382,5849.483547426738
4504,2249.8655916735997,8.0,7.822474522806836,2.8302835720738106,0.00034718567140571435,22531.098392207685,8152.074826747089
4505,2250.3657961774998,12.0,11.42888984573185,3.4797589384088177,0.00034722036278035716,32915.37902390096,10021.759411068946
4506,2250.8660008156,6.0,5.060084893727866,2.4809477168461833,0.00034725507366151876,14571.66583737262,7144.4534724478835
4507,2251.3662055879,9.0,8.568380016452492,3.0084141100290647,0.00034728980403725716,24672.132371422224,8662.546596692839
4508,2251.8664104944,4.0,3.371990501881661,2.0275326892896435,0.0003473245538957567,9708.47141113353,5837.573723331324
4509,2252.3666155350998,13.0,12.815648010992534,3.6071219208602217,0.0003473593232250612,36894.49844617821,10384.410838234775
4510,2252.86682071,11.0,10.623812461400108,3.3272749408636075,0.00034739411201333524,30581.440772929098,9577.810405536997
4511,2253.3670260191,8.0,7.875276091933214,2.8298017645449525,0.0003474289202487091,22667.301519676745,8144.980453898949
4512,2253.8672314624,14.0,13.625635666004289,3.7510097743519712,0.0003474637479193268,39214.553309796946,10795.398935323954
4513,2254.3674370399,14.0,13.686726132394393,3.7473822614142946,0.000347498595013305,39386.42149580592,10783.877446384538
4514,2254.8676427515998,9.0,8.191190173531117,3.023714187167233,0.00034753346151885045,23569.500725865564,8700.498000832718
4515,2255.3678485975,9.0,8.557440788853294,3.0084890344244077,0.0003475683474241185,24620.886373209127,8655.819946553747
4516,2255.8680545776,6.0,5.5646429052211195,2.4643240879326647,0.0003476032527172493,16008.604239810045,7089.473613002173
4517,2256.3682606919,8.0,7.315099562359881,2.847988838032449,0.00034763817738646033,21042.279122951088,8192.393768266751
4518,2256.8684669403997,8.0,7.618887249736554,2.8367080155905695,0.00034767312141994273,21913.93806521487,8159.123730949005
4519,2257.3686733230998,7.0,6.382026687071545,2.6656914732945802,0.00034770808480587083,18354.553621135095,7666.4638809962225
4520,2257.86887984,16.0,15.800588597284978,4.0016565281365155,0.0003477430675324739,45437.5372869495,11507.50914038803
4521,2258.3690864911,13.0,12.6338554944779,3.6148348370931154,0.00034777806958797197,36327.349534850735,10394.085059405183
4522,2258.8692932763997,9.0,8.86522963492485,3.001513205976486,0.00034781309096058014,25488.487539215716,8629.672901865177
4523,2259.3695001959,7.0,6.453528320400222,2.6644969066476447,0.0003478481316385394,18552.718078435155,7659.943131206501
4524,2259.8697072496,7.0,6.25,2.667028118744862,0.0003478831916100807,17965.800448919683,7666.447195684457
4525,2260.3699144375,8.0,7.068758422215764,2.8540457599603553,0.0003479182708634367,20317.295796719915,8203.207474207677
4526,2260.8701217596004,4.0,3.542350559896997,2.0129198606811323,0.0003479533693869184,10180.532426337742,5785.027643870287
4527,2261.3703292159,8.0,7.75,2.8350258868452154,0.0003479884871687507,22270.851725740507,8146.895634137521
4528,2261.8705368063997,14.0,13.75,3.7466345914231187,0.00034802362419721246,39508.812172498874,10765.460534656222
4529,2262.3707445311,12.0,11.57059158726352,3.474098146183212,0.00034805878046059106,33243.211310319464,9981.35470562153
4530,2262.87095239,9.0,8.14210053519183,3.0229436494848656,0.00034809395594719874,23390.525448901728,8684.27502930676
4531,2263.3711603831,8.0,7.35698179288807,2.8432678747863878,0.00034812915064529715,21132.90937932392,8167.278923686988
4532,2263.8713685104,12.0,11.143936190285277,3.483839871467327,0.0003481643645432078,32007.687532600128,10006.308015003577
4533,2264.3715767719,13.0,12.355145515288317,3.6171877184154804,0.00034819959762924865,35482.94024292258,10388.259328969534
4534,2264.8717851676,8.0,7.677113454804778,2.8358409815809273,0.0003482348498917574,22045.793111146322,8143.472666398547
4535,2265.3719936975003,10.0,9.396692007320404,3.1778923108754626,0.000348270121319055,26981.045550881372,9124.79169570838
4536,2265.8722023615996,13.0,12.426194382249088,3.6164113051901405,0.0003483054118994647,35676.145008725274,10382.874286874376
4537,2266.3724111599,10.0,8.797061549864374,3.1931687427703586,0.0003483407216213531,25254.186501418553,9166.797174639081
4538,2266.8726200924,9.0,8.201098748777502,3.0157827617694153,0.0003483760504730584,23540.937264893106,8656.687960249552
4539,2267.3728291591,6.0,5.325185393769248,2.4704222567260263,0.00034841139844299206,15284.188225663254,7090.532249421349
4540,2267.8730383599996,11.0,10.075645630356862,3.3374787743191545,0.0003484467655194606,28915.882216143404,9578.159720735755
4541,2268.3732476951,8.0,7.347787954865937,2.8431754672300498,0.00034848215169089655,21085.11990990982,8158.740565146489
4542,2268.8734571644,8.0,7.5,2.841105979792229,0.0003485175569456633,21519.719309777298,8151.97376192781
4543,2269.3736667679,7.0,6.5,2.6592678559736695,0.0003485529812721669,18648.52791181404,7629.450898017669
4544,2269.8738765056,10.0,9.84502373413319,3.1641758518595346,0.00034858842465881044,28242.54346302305,9077.111080084056
4545,2270.3740863774997,12.0,12.0,3.4641016151377544,0.0003486238870940031,34421.04928617331,9936.501035580766
4546,2270.8742963836,15.0,14.82841031795265,3.87678256018894,0.00034865936856619235,42529.79169592428,11119.11197491009
4547,2271.3745065239,10.0,9.75,3.1678866220990587,0.0003486948690637743,27961.409429906984,9084.982037747364
4548,2271.8747167984,14.0,13.75,3.7463877171031723,0.000348730388575187,39428.740512630924,10742.93448417227
4549,2272.3749272071,12.0,11.75,3.4691983262665103,0.00034876592708888956,33690.21767142205,9947.06780912781
4550,2272.87513775,6.0,5.410513110871886,2.468375908488789,0.00034880148459334173,15511.726153287042,7076.735672058857
4551,2273.3753484271,6.0,5.588562992289709,2.45930938589086,0.0003488370610770051,16020.554051898873,7050.023235197398
4552,2273.8755592384,11.0,10.75,3.3219106367043065,0.00034887265652832613,30813.535537506854,9521.842926186993
4553,2274.3757701839004,9.0,8.413285735098423,3.015244257098057,0.0003489082709358229,24113.173678952244,8641.939753995317
4554,2274.8759812636,5.0,4.585789434353213,2.2468672565281516,0.0003489439042879269,13141.910140861219,6439.050027577428
4555,2275.3761924775,11.0,10.080271414858451,3.33871009051635,0.00034897955657318995,28884.991183557653,9567.064968793198
4556,2275.8764038256,8.0,7.417877679108365,2.8394276136928487,0.00034901522778006444,21253.736481042073,8135.5407663821
4557,2276.3766153079,6.0,5.583493462347559,2.462198207378275,0.0003490509178970939,15996.214810108786,7053.980038821077
4558,2276.8768269243997,6.0,5.001869500265803,2.480312401115712,0.0003490866269127875,14328.447768110644,7105.148722111803
4559,2277.3770386751,5.0,4.412321226219642,2.2501222769275526,0.00034912235481566843,12638.323399683997,6445.082206539266
4560,2277.87725056,12.0,11.254649127250048,3.480841790374305,0.0003491581015942912,32233.676022008887,9969.242513578889
4561,2278.3774625791,8.0,6.506039641009336,2.8668643932749953,0.0003491938672371518,18631.597663743672,8209.950581199613
4562,2278.8776747324,5.0,3.906759171182941,2.2654841879381973,0.00034922965173283827,11186.791132419716,6487.090018551173
4563,2279.3778870199,10.0,9.741177930941955,3.1658063145340765,0.00034926545506991,27890.470670774273,9064.183899608392
4564,2279.8780994415997,4.0,3.8367379944480153,2.00665255648726,0.00034930127723690416,10984.036545179453,5744.761577628879
4565,2280.3783119975,11.0,10.5872021214897,3.325749616024516,0.0003493371182224192,30306.54794246325,9520.172471071473
4566,2280.8785246876,10.0,9.5,3.173023036398896,0.0003493729780150431,27191.57060736092,9082.050519265613
4567,2281.3787375118995,10.0,9.176261684822887,3.181248275045822,0.0003494088566033486,26262.246967711653,9104.658382077583
4568,2281.8789504704,10.0,9.322809127419733,3.1754526404433276,0.00034944475397593873,26678.92140702064,9087.13782168261
4569,2282.3791635631,6.0,5.339060185780481,2.4685154050128078,0.0003494806701214245,15277.125867720992,7063.381800644769
4570,2282.87937679,8.0,7.570949818236478,2.8372163157131096,0.00034951660502840115,21661.20209831311,8117.54370148612
4571,2283.3795901511003,7.0,6.910009848406007,2.647281289811098,0.00034955255868551874,19768.156967269468,7573.342617677052
4572,2283.8798036464,10.0,9.521366103749946,3.1743288217952212,0.0003495885310813755,27235.92239796222,9080.185817241003
4573,2284.3800172758997,7.0,6.568158520302191,2.6552035616528986,0.0003496245222046603,18786.32104774784,7594.443161222592
4574,2284.8802310396,8.0,7.75,2.8343446801756325,0.00034966053204395724,22164.354537519597,8105.98972554133
4575,2285.3804449375,15.0,14.908148049459147,3.874072376817212,0.0003496965605879586,42631.66908016908,11078.382842266397
4576,2285.8806589696,3.0,2.6846355786004947,1.7463468610623498,0.0003497326078253286,7676.251852218814,4993.377288784436
4577,2286.3808731359,7.0,6.5,2.6583174261888045,0.00034976867374471565,18583.71114373762,7600.215873331815
4578,2286.8810874364,6.0,5.6567500663571755,2.4580402119476727,0.00034980475833478744,16171.163860908013,7026.89186862106
4579,2287.3813018711003,8.0,7.75,2.834291330716808,0.00034984086158426674,22152.929663229876,8101.658902512472
4580,2287.8815164400003,10.0,9.594182700414398,3.1713448949550798,0.0003498769834818364,27421.588596474434,9064.17125069251
4581,2288.3817311431,13.0,12.5,3.614717783698076,0.0003499131240161806,35723.15281155895,10330.329260616487
4582,2288.8819459804,13.0,12.80976782077486,3.60805960884883,0.00034994928317600403,36604.64083400421,10310.235746458686
4583,2289.3821609519,10.0,10.0,3.1622776601683795,0.00034998546095005924,28572.615481952656,9035.454363116007
4584,2289.8823760576,6.0,5.230250506164597,2.4735607646977202,0.00035002165732703016,14942.648252413423,7066.879185668896
4585,2290.3825912975003,12.0,11.05696531909874,3.480983878932127,0.00035005787229566715,31586.106738830218,9944.02398695952
4586,2290.8828066716,8.0,6.790954205818481,2.8580937955331316,0.00035009410584471056,19397.51081907877,8163.7872441099635
4587,2291.3830221799,6.0,4.652547714300996,2.484619832815486,0.0003501303579629084,13288.04431974982,7096.270792602046
4588,2291.8832378224,10.0,9.054160016542792,3.1807745299923624,0.0003501666286390157,25856.71870484455,9083.602690396292
4589,2292.3834535991,13.0,12.401612146638472,3.6159387432703998,0.0003502029178618018,35412.64653749241,10325.267320294954
4590,2292.88366951,8.0,7.197711741194358,2.847968250826333,0.00035023922562002534,20550.844150743866,8131.4942544902
4591,2293.3838855551,7.0,6.0,2.670257298082739,0.00035027555190247055,17129.371340397225,7623.304805544167
4592,2293.8841017344,6.0,5.300415256249747,2.4667709121504684,0.0003503118966979409,15130.560241349925,7041.64184945583
4593,2294.3843180479003,11.0,10.200521711832543,3.3331354193224487,0.0003503482599952296,29115.377116391086,9513.777574827496
4594,2294.8845344956003,13.0,12.298541008882689,3.6173400575691455,0.0003503846417830902,35100.11439512879,10323.911570897286
4595,2295.3847510775,10.0,9.351198290801907,3.1759893000612074,0.0003504210420503968,26685.607222916246,9063.352136269383
4596,2295.8849677936,11.0,10.101667241645245,3.3345193226124477,0.00035045746078594703,28824.23224488052,9514.76197748608
4597,2296.3851846439,3.0,2.1478636519116536,1.7627587223080892,0.00035049389797854103,6128.10569399173,5029.356381023255
4598,2296.8854016284004,10.0,9.544788779738331,3.1706953243501443,0.0003505303536170456,27229.5642338752,9045.423004405859
4599,2297.3856187470997,3.0,2.896924972227161,1.7351151147259283,0.00035056682769027566,8263.545616434028,4949.456074203619
4600,2297.885836,7.0,6.560633803038708,2.6578840365368483,0.0003506033201871015,18712.412077380177,7580.886670207382
4601,2298.3860533871,6.0,5.25,2.469087359756554,0.0003506398310963885,14972.628704457738,7041.662528858048
4602,2298.8862709084,8.0,7.395515785712795,2.8416721381765475,0.0003506763604069807,21089.290926624937,8103.403762028951
4603,2299.3864885639,5.0,4.645045745679391,2.2456778618803903,0.0003507129081077405,13244.58164582985,6403.179951364973
4604,2299.8867063536,10.0,9.89457555004914,3.1640344995981704,0.0003507494741875802,28209.808647517857,9020.781875516228
4605,2300.3869242775,11.0,10.711789602355411,3.322880168867849,0.0003507860586353547,30536.531708320865,9472.668844921265
4606,2300.8871423356,9.0,8.212730616001059,3.0174742511702113,0.00035082266143999076,23409.920505964437,8601.138360859162
4607,2301.3873605279,10.0,9.143164029580984,3.179173401436148,0.00035085928259036975,26059.347673738706,9061.10671481892
4608,2301.8875788543996,6.0,5.678079634700982,2.456530936204838,0.00035089592207541054,16181.663215455419,7000.739483307271
4609,2302.3877973150998,8.0,7.857777762041435,2.832000558787011,0.00035093257988403286,22391.132121839673,8069.927732907721
4610,2302.88801591,9.0,8.75,3.0052971898448058,0.0003509692560051646,24930.958624681476,8562.850273701984
4611,2303.3882346391,10.0,9.75,3.167298543765057,0.0003510059504277412,27777.306875050126,9023.489601544756
4612,2303.8884535024004,10.0,9.468383232863413,3.173547512130284,0.0003510426631406936,26972.17240819701,9040.347072738465
4613,2304.3886724998997,11.0,10.671010362753016,3.3220593101978126,0.0003510793941329719,30394.86378602828,9462.416096512852
4614,2304.8888916316,5.0,4.720269927983937,2.2447994245800795,0.00035111614339354,13443.614076990294,6393.324450662044
4615,2305.3891108975,4.0,3.5,2.015769989019365,0.00035115291091138113,9967.167838410085,5740.433658338877
4616,2305.8893302976003,6.0,5.222157867842414,2.4701970183618993,0.00035118969667543274,14869.906256585593,7033.79695288965
4617,2306.3895498319,5.0,4.276897695452685,2.2556841102352583,0.00035122650067468666,12177.035864995953,6422.306135505761
4618,2306.8897695004,9.0,8.77595294756621,3.0041801778275774,0.0003512633228981493,24983.971782647077,8552.501733005172
4619,2307.3899893031,1.0,0.5874881672522525,1.0279698458866884,0.00035130016333479217,1672.3253461524043,2926.186643719331
4620,2307.89020924,9.0,8.524062518250426,3.0094955350061485,0.0003513370219736186,24261.782804348146,8565.836637711716
4621,2308.3904293111,8.0,7.75,2.8339931534977896,0.00035137389880367405,22056.276878807723,8065.462924670023
4622,2308.8906495163997,8.0,7.75,2.833989374215546,0.0003514107938139296,22053.961165756307,8064.605368143957
4623,2309.3908698559,8.0,7.478775459568689,2.840467675616878,0.00035144770699342264,21279.90967290236,8082.191515536158
4624,2309.8910903296,5.0,4.6554168882047104,2.2449007046292366,0.0003514846383312102,13245.008118442514,6386.90986692234
4625,2310.3913109375003,7.0,6.73066900066789,2.6525967642294632,0.00035152158781631476,19147.242257522335,7546.042280668008
4626,2310.8915316795997,7.0,6.5,2.6576000381370295,0.00035155855543779105,18489.096338177973,7559.480482070921
4627,2311.3917525559,10.0,9.633718106765125,3.1693727280749777,0.0003515955411846997,27400.000791546878,9014.25745444834
4628,2311.8919735664,9.0,8.75,3.005226436211861,0.000351632545046075,24883.931033327626,8546.496843226161
4629,2312.3921947111003,5.0,4.617229908483099,2.2469976960036626,0.0003516695670110168,13129.455436610058,6389.514211030011
4630,2312.8924159900002,11.0,10.5,3.326065681513047,0.0003517066070686035,29854.429200279086,9456.932609924694
4631,2313.3926374031,4.0,3.5,2.0156106094517723,0.00035174366520790293,9950.427957050135,5730.339473947364
4632,2313.8928589504,5.0,4.5,2.2500358069700312,0.0003517807414180382,12792.059002037382,6396.131288768319
4633,2314.3930806319,8.0,7.5,2.8394784610292523,0.0003518178356880739,21317.850430555187,8070.876951067283
4634,2314.8933024476,8.0,7.369602669353082,2.842467236144032,0.00035185494800715403,20945.002226324355,8078.520004460014
4635,2315.3935243974997,5.0,4.25,2.256965966716373,0.0003518920783643646,12077.566564597008,6413.801575775771
4636,2315.8937464816,11.0,10.638341411624625,3.3231910836095313,0.0003519292267488525,30228.638609820468,9442.782329587712
4637,2316.3939686999,5.0,4.7420563857718845,2.243494473819923,0.0003519663931497308,13473.037420804421,6374.172413857458
4638,2316.8941910524,7.0,6.5,2.6575456528636274,0.000352003577556167,18465.7214143309,7549.768872560903
4639,2317.3944135391002,14.0,13.628020680177768,3.7478189928919683,0.0003520407799572716,38711.483032823206,10645.979688338533
4640,2317.8946361599997,5.0,4.367365349991272,2.2539001851586415,0.00035207800034222096,12404.539180937685,6401.706959730069
4641,2318.3948589151,7.0,6.0,2.6692759774517523,0.00035211523870017005,17039.87598534202,7580.688604405076
4642,2318.8950818044,9.0,8.379778468729986,3.01279655274657,0.0003521524950202868,23795.87987370995,8555.37471791307
4643,2319.3953048279,11.0,10.623883440674348,3.3237265049858715,0.0003521897692917529,30165.22445282491,9437.317022779576
4644,2319.8955279856,13.0,12.5,3.6142083004605174,0.0003522270615037397,35488.471404311116,10261.018233609357
4645,2320.3957512775,3.0,2.625163565416722,1.7455183152596123,0.00035226437164545543,7452.253979459717,4955.137265532006
4646,2320.8959747036,8.0,7.75,2.833946046794914,0.00035230169970609196,21998.190773605253,8044.088487677283
4647,2321.3961982639003,6.0,5.75,2.4558605922080683,0.00035233904567484316,16319.508355898766,6970.163035732533
4648,2321.8964219584,3.0,2.2550683691649818,1.758548418681158,0.00035237640954092776,6399.600847579044,4990.5395794575925
4649,2322.3966457870997,5.0,3.873255710649122,2.2673968455578692,0.00035241379129357845,10990.647376289837,6433.904976406026
4650,2322.89686975,4.0,3.245556716024076,2.0235835626809973,0.00035245119092202856,9208.528158277888,5741.45758278532
4651,2323.3970938471,7.0,6.5,2.65754193600915,0.00035248860841549044,18440.312239362433,7539.369706032071
4652,2323.8973180784,7.0,6.5,2.6575440482875545,0.00035252604376321227,18438.354030847084,7538.5750792148465
4653,2324.3975424439004,6.0,5.5,2.4622252994760707,0.00035256349695446837,15600.02679662068,6983.778300208015
4654,2324.8977669436,7.0,6.620867391694337,2.654799312081921,0.0003526009679785106,18777.2240945687,7529.188950620573
4655,2325.3979915775,11.0,10.509221477650456,3.3256998761520022,0.0003526384568245568,29801.68859710885,9430.90525661695
4656,2325.8982163456,6.0,5.25,2.4685836807869856,0.0003526759634819505,14886.186028010066,6999.580171029502
4657,2326.3984412479003,8.0,7.369432533410523,2.842476358752786,0.0003527134879399073,20893.537631501273,8058.881942266597
4658,2326.8986662844,3.0,2.5,1.75004177651607,0.00035275103018776185,7087.151520632848,4961.124495042751
4659,2327.3988914551,7.0,6.618475183348446,2.6549263499878673,0.0003527885902148032,18760.457018518202,7525.544826637835
4660,2327.89911676,7.0,6.867996274957052,2.6490422766398454,0.0003528261680102987,19465.665808428872,7508.06634207053
4661,2328.3993421991,8.0,8.0,2.8284271247461903,0.0003528637635635995,22671.63938628143,8015.634975327808
4662,2328.8995677724,8.0,7.882962008544937,2.8308475570831853,0.00035290137686401756,22337.57793351556,8021.639309653324
4663,2329.3997934799,10.0,9.633441383654711,3.1693813946826186,0.0003529390079008359,27294.9182946686,8979.969127054126
4664,2329.9000193215998,5.0,4.616079085663695,2.247074537420124,0.0003529766566634461,13077.576090435365,6366.071225958294
4665,2330.4002452975,9.0,8.634400600589226,3.0074557293045907,0.00035301432314113475,24459.065920498648,8519.358938595286
4666,2330.9004714076,6.0,5.730239115173466,2.4569056692293247,0.00035305200732329054,16230.58075386121,6959.047444190087
4667,2331.4006976519,8.0,8.0,2.8284271247461903,0.000353089709199221,22657.13157753409,8010.5056903551085
4668,2331.9009240304,6.0,5.771681185545844,2.4548044200133083,0.0003531274287583293,16344.471472636082,6951.610722069706
4669,2332.4011505431,11.0,10.386320901307577,3.328052822403092,0.0003531651659899616,29409.24502617226,9423.502493724674
4670,2332.90137719,6.0,5.3631986345882945,2.46612483513727,0.0003532029208835007,15184.468523569414,6982.175654064562
4671,2333.4016039711,6.0,5.161845955254235,2.4700646633822756,0.00035324069342833087,14612.829301054251,6992.58242137787
4672,2333.9018308863997,9.0,8.086711719020414,3.0199482258149666,0.0003532784836138265,22890.473363388042,8548.350284236707
4673,2334.4020579359,8.0,7.7235126177276765,2.835175944501135,0.00035331629142942237,21860.052324449654,8024.469896451076
4674,2334.9022851196,9.0,8.88872477751348,3.002062986537662,0.00035335411686448955,25155.288571102974,8495.90493858303
4675,2335.4025124375003,4.0,3.4176180583744147,2.0170472330489986,0.000353391959908448,9670.899301896412,5707.677202309718
4676,2335.9027398895996,7.0,6.110312583029873,2.6673126730406604,0.00035342982055070783,17288.616375123343,7546.937236038835
4677,2336.4029674759,10.0,9.57949308985587,3.1715835193942143,0.0003534676987807154,27101.466761744483,8972.767611678724
4678,2336.9031951964,7.0,6.890650678692331,2.6480100592842257,0.00035350559458789557,19492.338407614763,7490.7161296023705
4679,2337.4034230511,6.0,5.641132542901865,2.458378050889646,0.0003535435079616982,15955.978304975713,6953.537529406363
4680,2337.90365104,6.0,5.066458250707513,2.4719615261703956,0.00035358143889153873,14328.97118861958,6991.208401436114
4681,2338.4038791630996,10.0,8.82370978594925,3.186860247888203,0.00035361938736692337,24952.56227790919,9012.119701970541
4682,2338.9041074204,9.0,8.35742093107921,3.0139782490175353,0.0003536573533772709,23631.407211724978,8522.311837249754
4683,2339.4043358119,3.0,2.606938444611045,1.7471030445272664,0.0003536953369120725,7370.576234820764,4939.570478311368
4684,2339.9045643376003,11.0,10.643544197420605,3.323141678053882,0.0003537333379608092,30089.174683896556,9394.482570432927
4685,2340.4047929975,9.0,8.394026995015583,3.012503673681199,0.0003537713565129635,23727.26576213921,8515.397355440815
4686,2340.9050217915997,8.0,7.4609801036535774,2.841439340615508,0.0003538093925579894,21087.56935397277,8030.989002503081
4687,2341.4052507199,4.0,3.75,2.007996375656053,0.0003538474460854555,10597.78738404222,5674.751641901392
4688,2341.9054797824,8.0,7.75,2.834093957415257,0.0003538855170848071,21899.737700039153,8008.505068988395
4689,2342.4057089791004,7.0,6.33383896406953,2.6599673162359934,0.00035392360554559193,17896.062497175295,7515.653871505726
4690,2342.90593831,11.0,10.267783417890177,3.3327508494670464,0.0003539617114573055,29008.175419924384,9415.568807557422
4691,2343.4061677751,3.0,2.6907811421598056,1.7412271823864143,0.00035399983480949277,7601.080219734753,4918.723149471148
4692,2343.9063973744,7.0,6.147410933911573,2.6659497400051695,0.00035403797559169356,17363.704906620766,7530.123669783287
4693,2344.4066271079,9.0,8.102105024003555,3.019729789812369,0.0003540761337934383,22882.381077766113,8528.47594515937
4694,2344.9068569755996,9.0,8.148379173640857,3.0178396754815675,0.00035411430940426945,23010.589962741036,8522.218942686935
4695,2345.4070869775,8.0,7.3034094194684736,2.8458513637749983,0.0003541525024137556,20622.216050123843,8035.66639901981
4696,2345.9073171136,2.0,1.75,1.4256351755185128,0.000354190712811461,4940.841012202207,4025.049567794262
4697,2346.4075473839002,6.0,5.549665399850549,2.4601931432267015,0.0003542289405869324,15666.8887377049,6945.206507267121
4698,2346.9077777884004,4.0,3.4493649603947665,2.019337185102362,0.00035426718572978465,9736.61998440282,5700.040157381667
4699,2347.4080083270997,16.0,15.551604990475546,4.006527402554872,0.00035430544822957966,43893.214366826665,11308.116831324474
4700,2347.908239,9.0,8.25,3.0162719101163056,0.00035434372807591083,23282.477849396582,8512.27684061091
4701,2348.4084698071,5.0,4.25,2.2578863419471653,0.00035438202525839134,11992.707578498623,6371.334269284306
4702,2348.9087007484,10.0,9.54322493535465,3.1732550827019756,0.00035442033976660497,26926.290239547514,8953.36617754965
4703,2349.4089318239,5.0,4.6109758101666785,2.2445121864380395,0.00035445867159019745,13008.50051003293,6332.225351882495
4704,2349.9091630335997,12.0,11.29031088272992,3.4789771285182467,0.0003544970207187324,31848.817402863195,9813.84024459422
4705,2350.4093943775,8.0,7.364862458105394,2.840771357321706,0.0003545353871418991,20773.27884665483,8012.659554868967
4706,2350.9096258556,6.0,5.037394963448243,2.47734644841447,0.00035457377084928816,14206.90242084881,6986.829405008268
4707,2351.4098574679,6.0,5.690624202542757,2.4592390473530936,0.0003546121718305801,16047.458758018933,6935.010252631774
4708,2351.9100892143997,5.0,4.905174274160438,2.238077728382328,0.00035465059007539786,13831.005534539248,6310.655588946061
4709,2352.4103210951,7.0,6.844339194854727,2.650326448998024,0.00035468902557338905,19296.73235248875,7472.253884127132
4710,2352.91055311,8.0,7.7184424750482235,2.8330945765985867,0.00035472747831423896,21758.794981793777,7986.679210931781
4711,2353.4107852591,8.0,7.343365666227518,2.844474861694029,0.0003547659482875868,20699.184072409076,8017.8914448355945
4712,2353.9110175424,10.0,9.221363994242743,3.1768705452004307,0.0003548044354831557,25989.990744297014,8953.863671051125
4713,2354.4112499599,9.0,8.119566061571096,3.0220420851168677,0.00035484293989058774,22882.140656580857,8516.562527772665
4714,2354.9114825116,7.0,6.658095793351395,2.6536554121202,0.00035488146149959703,18761.464082166363,7477.582517009593
4715,2355.4117151975,9.0,8.317166515292051,3.013921927048161,0.0003549200002998643,23433.91893459105,8491.834566949632
4716,2355.9119480176,10.0,9.181858245017853,3.180841144556516,0.00035495855628111264,25867.40925818449,8961.16205193662
4717,2356.4121809719,9.0,8.590441347114167,3.009833477900282,0.0003549971294330368,24198.622002476175,8478.472720912601
4718,2356.9124140604,6.0,5.660046583830031,2.4580069453028317,0.0003550357197453873,15942.189106744288,6923.26661403417
4719,2357.4126472831,8.0,7.678930659353661,2.83752405465602,0.00035507432720784376,21626.262646859224,7991.352337323637
4720,2357.91288064,6.0,5.911022912364768,2.4511052450117368,0.00035511295181018865,16645.472608738495,6902.325675583572
4721,2358.4131141311,10.0,9.484533929863417,3.1713414979007077,0.000355151593542111,26705.593054698817,8929.543202302077
4722,2358.9133477564,9.0,8.088000136908198,3.021292421275146,0.0003551902523934017,22770.895547972665,8506.124255709648
4723,2359.4135815158998,6.0,5.337511428223286,2.468708996219171,0.0003552289283537644,15025.553951810423,6949.628251448711
4724,2359.9138154096,6.0,5.674045127983489,2.460309592164297,0.00035526762141303484,15971.185624560008,6925.228880635694
4725,2360.4140494375,9.0,8.653865823144681,3.0049878896755686,0.00035530633156091913,24356.069831705012,8457.456630379094
4726,2360.9142835996,7.0,5.913955631110337,2.672927975643799,0.0003553450587872026,16642.853150384995,7522.0631595850455
4727,2361.4145178958997,13.0,12.092220152079834,3.6252628031818164,0.00035538380308169465,34025.80547347035,10200.979256076143
4728,2361.9147523264,5.0,4.6649344483947885,2.245367602065883,0.0003554225644341541,13125.037392663962,6317.459347693896
4729,2362.4149868911,7.0,6.5,2.6587659596745197,0.0003554613428343993,18286.095326625124,7479.761198429877
4730,2362.91522159,6.0,5.584086112141426,2.46213836138909,0.00035550013827221537,15707.690408450844,6925.843611075529
4731,2363.4154564231,12.0,11.666403840906629,3.4701104988024234,0.00035553895073741194,32813.293217830884,9760.141586752108
4732,2363.9156913904,8.0,7.666212101003582,2.83825777207748,0.00035557778021981176,21559.87389387624,7982.101047829593
4733,2364.4159264919,6.0,5.6695368545312945,2.4550563074252016,0.0003556166267092516,15942.834020431355,6903.660073893085
4734,2364.9161617276,10.0,9.246376100069606,3.181111778276581,0.00035565549019553924,25998.125587730847,8944.36291852997
4735,2365.4163970974996,6.0,5.831634791470134,2.455269199791197,0.00035569437066853177,16395.071927929326,6902.749670107203
4736,2365.9166326015998,13.0,12.594279696456168,3.6101138199427365,0.0003557332681180752,35403.71628181783,10148.372793585517
4737,2366.4168682399,7.0,6.0726126976238435,2.6739290699709386,0.00035577218253397087,17068.823802839055,7515.846379348724
4738,2366.9171040124,10.0,9.75,3.1678495653538823,0.00035581111390615034,27402.17946809746,8903.177673616576
4739,2367.4173399191004,4.0,3.67032906482247,2.010399688158407,0.00035585006222444066,10314.257195513797,5649.569584423492
4740,2367.91757596,10.0,9.57917958225252,3.1724798874830604,0.0003558890274787002,26916.19814782244,8914.239109754322
4741,2368.4178121351,8.0,7.592623852423772,2.8368861829357694,0.0003559280096588412,21331.908830949666,7970.393186124743
4742,2368.9180484444,7.0,6.484589229352357,2.662432988984549,0.00035596700875471874,18216.82647512035,7479.437485789911
4743,2369.4182848879,13.0,12.76688622927621,3.608062362270598,0.0003560060247562424,35861.433069897364,10134.835118987217
4744,2369.9185214656,6.0,5.404425230319758,2.468912357500665,0.0003560450576533172,15179.048589917718,6934.269425822664
4745,2370.4187581775,5.0,4.596559030919063,2.2467051183282294,0.00035608410743583795,12908.63291827004,6309.478775974461
4746,2370.9189950236,2.0,1.3262281983832926,1.449900477125542,0.0003561231740937239,3724.071598986305,4071.3454854919373
4747,2371.4192320039,3.0,2.5,1.7527714804492092,0.00035616225761688484,7019.272667260521,4921.272377868357
4748,2371.9194691184002,5.0,4.5,2.2521995854548744,0.0003562013579952428,12633.303885551439,6322.827060880979
4749,2372.4197063671,6.0,5.350499186620726,2.4665310322621035,0.000356240475218775,15019.346645927499,6923.780995821301
4750,2372.91994375,6.0,5.148514996771724,2.47680642352757,0.0003562796092773714,14450.77086284636,6951.86128824825
4751,2373.4201812671,5.0,4.5,2.2523321985598455,0.0003563187601610058,12629.141384435203,6321.115951184016
4752,2373.9204189184,12.0,11.35345756965631,3.476196313596904,0.00035635792785962384,31859.702512718206,9754.788772276854
4753,2374.4206567039,7.0,6.072777840262437,2.67236236646679,0.000356397112363179,17039.35758624806,7498.271657553654
4754,2374.9208946236,8.0,7.394568619637196,2.8460452598396797,0.000356436313661649,20745.834069691813,7984.72307886485
4755,2375.4211326775,8.0,7.678209376159189,2.8358537284376912,0.000356475531745008,21539.23254864943,7955.2549218615595
4756,2375.9213708656002,8.0,7.642593564659631,2.839695349859093,0.0003565147666032422,21436.962169830436,7965.154927283364
4757,2376.4216091879002,11.0,10.78759164414376,3.318891246065848,0.00035655401822633405,30255.139733963093,9308.242444091811
4758,2376.9218476444,8.0,7.25,2.848104084112369,0.0003565932866042676,20331.285731819593,7986.981783179435
4759,2377.4220862351,8.0,7.459442973796403,2.8455931952510993,0.00035663257172706316,20916.325555101677,7979.061422995539
4760,2377.92232496,8.0,8.0,2.8284271247461903,0.0003566718735847188,22429.57909631692,7930.053739082865
4761,2378.4225638191,11.0,10.793524274644549,3.3187664488059947,0.0003567111921672581,30258.440193778893,9303.79119489433
4762,2378.9228028124,5.0,4.31833046708139,2.2601658264463076,0.0003567505274646879,12104.622515264058,6335.423923570862
4763,2379.4230419399,5.0,4.567835536847282,2.2518813119991017,0.00035678987946705185,12802.592785620489,6311.505571186063
4764,2379.9232812016,9.0,8.817340451082641,3.0055556076723473,0.00035682924816436587,24710.25146184519,8422.951938872178
4765,2380.4235205975,8.0,8.0,2.8284271247461903,0.0003568686335467176,22417.212520171575,7925.681494156648
4766,2380.9237601276004,6.0,5.800950561104607,2.452184106677458,0.0003569080356041137,16253.348152517037,6870.632941975695
4767,2381.4239997919,9.0,8.44756278183711,3.016907184519247,0.00035694745432659727,23666.124185628225,8451.964422076699
4768,2381.9242395904,7.0,6.803924341805953,2.6481720528027273,0.0003569868897042787,19059.311526656336,7418.121306909685
4769,2382.4244795231,6.0,5.25,2.4729433832607763,0.00035702634172720337,14704.797339607561,6926.501196794892
4770,2382.92471959,12.0,11.314366670385596,3.4801817963583805,0.0003570658103854309,31687.06255626217,9746.611675314798
4771,2383.4249597911,9.0,8.5,3.012880227469338,0.0003571052956690813,23802.503359896105,8436.951969094525
4772,2383.9252001264,7.0,6.563374165930239,2.6596380747748034,0.0003571447975682044,18377.347816964415,7446.946148688863
4773,2384.4254405959,7.0,6.75,2.6531054191610592,0.0003571843160729227,18897.80624808263,7427.832913636112
4774,2384.9256811996,12.0,11.68761896063048,3.4703002265702754,0.0003572238511733307,32717.913213917684,9714.637516984918
4775,2385.4259219375003,9.0,8.5,3.0130440413686994,0.0003572634028595477,23791.969543943567,8433.676713741734
4776,2385.9261628095996,9.0,8.438612709293961,3.0137111186368046,0.0003573029711216766,23617.527396435395,8434.609735194477
4777,2386.4264038159,13.0,12.432670549261143,3.6203988134677303,0.0003573425559498334,34792.02334637843,10131.451609071692
4778,2386.9266449564,12.0,11.879214160112161,3.4651543413762544,0.0003573821573341709,33239.52781728965,9695.935486046537
4779,2387.4268862311,12.0,11.559895501276438,3.4750348072994934,0.00035742177526480257,32342.4488972785,9722.504468914769
4780,2387.92712764,12.0,11.63120414582882,3.4708663891635854,0.0003574614097318835,32538.34911732958,9709.765291215444
4781,2388.4273691831,15.0,14.367800394743371,3.887547637900296,0.000357501060725565,40189.53220889262,10874.226862461155
4782,2388.9276108604,6.0,5.633195375730089,2.4590531031645813,0.00035754072823600535,15755.394926677365,6877.68667725432
4783,2389.4278526719,10.0,9.423712814128534,3.1797330559131143,0.00035758041225335247,26354.108030536234,8892.358045776326
4784,2389.9280946176,6.0,5.82778177471394,2.451506959478916,0.00035762011276778535,16296.012351235158,6855.0589632825295
4785,2390.4283366974996,6.0,5.1930922767070316,2.474834911232115,0.00035765982976947744,14519.640855541804,6919.521582357239
4786,2390.9285789115997,8.0,7.1692276479093096,2.8553618976045896,0.0003576995632486228,20042.59547537178,7982.570265594482
4787,2391.4288212599,6.0,5.805910553126072,2.4571672131517275,0.0003577393131953919,16229.445126582914,6868.597111130638
4788,2391.9290637424,9.0,9.0,3.0,0.0003577790796000164,25155.18797259377,8385.062657531256
4789,2392.4293063591,9.0,8.890174478243262,3.0010049687753884,0.00035781886245264043,24845.460681715547,8386.938989759352
4790,2392.9295491099997,8.0,7.445586368524852,2.8434821232032426,0.00035785866174350994,20805.94146373176,7945.824503309822
4791,2393.4297919951,2.0,1.357828693106391,1.455422793289716,0.00035789847746284817,3793.8934603244884,4066.5800078481666
4792,2393.9300350144,6.0,5.696585093887397,2.4585263886175297,0.0003579383096008628,15914.991329761997,6868.5757368610075
4793,2394.4302781679003,4.0,3.5529153101540634,2.020020985037541,0.0003579781581477799,9924.949970515674,5642.860993221937
4794,2394.9305214556,8.0,7.697584441322639,2.836288841608996,0.0003580180230938449,21500.550097459538,7922.1956959008685
4795,2395.4307648774998,7.0,6.551915651683724,2.6610467964666675,0.0003580579044292925,18298.480694419537,7431.889545094956
4796,2395.9310084336,4.0,3.801415589173211,2.0098347614227947,0.0003580978021443943,10615.579225589276,5612.53029029309
4797,2396.4312521239003,5.0,5.0,2.23606797749979,0.0003581377162293644,13961.109856404564,6243.598136052587
4798,2396.9314959484,6.0,5.899170004793118,2.4505271563414084,0.00035817764667448875,16469.955787481827,6841.652959344064
4799,2397.4317399070997,2.0,1.5499144685446569,1.4431077208461016,0.0003582175934700433,4326.740218230715,4028.5785711046724
4800,2397.931984,5.0,4.651172432057951,2.246677546111108,0.00035825755660629275,12982.761553217866,6271.123957282204
4801,2398.4322282271,2.0,1.3967388316476586,1.4564710819010258,0.0003582975360735095,3898.265243334241,4064.9765495518545
4802,2398.9324725884003,7.0,6.9515880517202975,2.6461941948270233,0.0003583375318620087,19399.55330829612,7384.641461017931
4803,2399.4327170838997,6.0,5.75,2.4582789691953635,0.0003583775439620479,16044.532077626282,6859.4670916537525
4804,2399.9329617136,4.0,3.7974094905323565,2.0102345421682415,0.00035841757236395623,10594.931117596727,5608.63835137788
4805,2400.4332064775,3.0,2.9530919716110784,1.7326858812627681,0.0003584576170580411,8238.329529298066,4833.725938043641
4806,2400.9334513756003,4.0,3.7035935892669993,2.011406835899903,0.0003584976780346048,10330.871902912302,5610.655128722333
4807,2401.4336964079,8.0,7.54590463756443,2.8434867802902364,0.00035853775528398105,21046.332014846445,7930.787590383732
4808,2401.9339415744,10.0,9.795402708884062,3.1688894034869666,0.00035857784879646926,27317.367042502356,8837.381935674575
4809,2402.4341868751,1.0,0.9550993753074813,1.0010075254950777,0.00035861795856243465,2663.2781557736753,2791.2922417709997
4810,2402.93443231,6.0,5.794398384989742,2.4581033387745976,0.0003586580845722033,16155.77240340512,6853.6119622301285
4811,2403.4346778791,6.0,5.956104010223481,2.449883029435989,0.0003586982268161252,16604.776842893847,6829.92790675779
4812,2403.9349235823997,7.0,6.663213121894073,2.6548700990227174,0.0003587383852845407,18574.01771100968,7400.574368190214
4813,2404.4351694199,5.0,4.335781465639296,2.2650656415693025,0.00035877855996783824,12084.839924737882,6313.26922593242
4814,2404.9354153916,2.0,1.7923878710771373,1.4293714688896948,0.00035881875085636656,4995.245835953043,3983.547307598385
4815,2405.4356614975,4.0,4.0,2.0,0.00035885895794049303,11146.440437090303,5573.2202185451515
4816,2405.9359077376002,7.0,6.917236637868662,2.6463984747304483,0.0003588991812105861,19273.481244890147,7373.654255225673
4817,2406.4361541118997,3.0,2.4591216472028328,1.758543956186447,0.0003589394206570819,6851.077105716375,4899.27785855123
4818,2406.9364006204,5.0,4.330749738043109,2.2657136219438017,0.00035897967627031573,12064.05271473365,6311.537314546169
4819,2407.4366472631,4.0,3.75,2.0114034441286295,0.0003590199480407254,10445.102063171764,5602.48380377033
4820,2407.93689404,7.0,6.63189769515505,2.655290051425247,0.0003590602359586733,18470.153559188217,7395.1103060347305
4821,2408.4371409511,5.0,4.116590453955826,2.2759228640032103,0.0003591005400146232,11463.615325636078,6337.843056182903
4822,2408.9373879964,3.0,2.788359378849516,1.7449331656315559,0.00035914086019895203,7763.9714325595205,4858.631693049132
4823,2409.4376351759,9.0,8.924289764916779,3.0004776319526494,0.0003591811965021143,24846.205346565926,8353.660105742721
4824,2409.9378824896003,7.0,6.5,2.6633117727091538,0.0003592215489145128,18094.68284862516,7414.1202852587385
4825,2410.4381299375,8.0,7.536846128410264,2.8446839513601883,0.00035926191742658754,20978.69482631808,7918.133855480181
4826,2410.9383775195997,6.0,5.713658599412151,2.4593274267360443,0.00035930230202882034,15902.092937199848,6844.730503671465
4827,2411.4386252359,5.0,4.571673034523381,2.25648664845977,0.0003593427027116181,12722.320503589768,6279.483711321278
4828,2411.9388730864002,6.0,6.0,2.449489742783178,0.00035938311946544216,16695.274972638086,6815.817466403616
4829,2412.4391210711,9.0,9.0,3.0,0.000359423552280784,25040.095293947634,8346.698431315877
4830,2412.93936919,1.0,0.9656790657364777,1.0005887899275712,0.00035946400114808454,2686.441653829634,2783.557704615237
4831,2413.4396174431,3.0,2.75,1.745817645690409,0.00035950446605781985,7649.418184300697,4856.177907424453
4832,2413.9398658304,6.0,5.7166902319139865,2.459506807859418,0.00035954494700050405,15899.793001140333,6840.610133386105
4833,2414.4401143519003,5.0,4.532803951745205,2.2573046639754017,0.00035958544396659265,12605.638041806626,6277.51957664092
4834,2414.9403630076004,4.0,3.7177020200970543,2.012332101956822,0.0003596259569465897,10337.69100445993,5595.625296467924
4835,2415.4406117975,4.0,3.5635837051203123,2.0236673618009107,0.0003596664859309897,9908.022694680727,5626.510784185763
4836,2415.9408607216,5.0,4.968714430282828,2.2362868301880527,0.0003597070309103226,13813.225773508893,6216.96724839825
4837,2416.4411097799,4.0,3.7807791313745778,2.011978575741025,0.00035974759187508496,10509.532841257702,5592.7506428997685
4838,2416.9413589724,6.0,5.969727462467491,2.4496768004225897,0.0003597881688157803,16592.339548341643,6808.66413280221
4839,2417.4416082990997,3.0,2.75,1.7462500136571655,0.00035982876172296625,7642.524146297224,4853.002870853362
4840,2417.94185776,6.0,5.720741116647908,2.459763973451312,0.000359869370587155,15896.71582028243,6835.157905875721
4841,2418.4421073551,3.0,2.4424963539713573,1.7610247530757652,0.0003599099953989131,6786.408783296419,4892.9587274282285
4842,2418.9423570844,3.0,2.0847338215377533,1.7881553553355056,0.00035995063614875465,5791.721453372312,4967.77940016343
4843,2419.4426069479,6.0,5.75,2.4597093508342494,0.00035999129282725495,15972.608545171644,6832.691234047605
4844,2419.9428569456,2.0,1.7227702909827567,1.4321695139371142,0.0003600319654249482,4785.048152458794,3977.895441163717
4845,2420.4431070775,5.0,4.5267220266914165,2.258410984174509,0.00036007265393241805,12571.690677573743,6272.098032188775
4846,2420.9433573436,6.0,5.75,2.45983074071395,0.0003601133583402432,15967.19440373348,6830.712284740758
4847,2421.4436077439,2.0,1.75,1.4321202879658486,0.0003601540786389677,4859.031464014787,3976.4100225599864
4848,2421.9438582783996,3.0,2.75,1.7467601036631286,0.0003601948148192083,7634.757322590279,4849.487088091137
4849,2422.4441089470997,12.0,11.75,3.471508936405985,0.00036023556687151824,32617.545519015228,9636.77453216088
4850,2422.94435975,7.0,6.774181282630601,2.655370801435152,0.0003602763347865455,18802.737311747467,7370.372530875199
4851,2423.4446106871,7.0,6.905309330660138,2.6461748960934175,0.0003603171185548458,19164.53306008841,7344.016589349553
4852,2423.9448617584003,8.0,7.06949168963785,2.8646736354119047,0.00036035791816705845,19617.972391439176,7949.52321287379
4853,2424.4451129638996,7.0,6.727345029736666,2.655694308067333,0.0003603987336137767,18666.394751947333,7368.767035994423
4854,2424.9453643036,5.0,4.522145888488626,2.2592754220418163,0.00036043956488562465,12546.197279767557,6268.11161188349
4855,2425.4456157775,4.0,3.7283633487786436,2.013227783540041,0.00036048041197325135,10342.762671540939,5584.846545529991
4856,2425.9458673856,6.0,5.478872741537584,2.471053327386577,0.00036052127486725974,15197.085785172732,6854.112363539138
4857,2426.4461191278997,4.0,3.291235420423454,2.0391845906096653,0.0003605621535583194,9128.0667922101,5655.570254629722
4858,2426.9463710043997,2.0,1.7298919935298187,1.4330593122887567,0.00036060304803705294,4797.219554705671,3974.0632257259954
4859,2427.4466230151,9.0,8.539196294476424,3.017643124611015,0.00036064395829413183,23677.635790343887,8367.374678573997
4860,2427.94687516,7.0,6.942735602452025,2.6459578738915788,0.00036068488432019444,19248.756752136804,7335.9267019980125
4861,2428.4471274391003,7.0,6.268577962304129,2.676071516226851,0.0003607258261059085,17377.679968119846,7418.574780507012
4862,2428.9473798524,7.0,6.51806763660243,2.666066706193745,0.00036076678364196127,18067.260990056137,7390.0004852987
4863,2429.4476323998997,7.0,6.75,2.6560003632730065,0.00036080775691902956,18708.02351268406,7361.261814193898
4864,2429.9478850816,3.0,2.7329534812666667,1.747812487664541,0.000360848745927791,7573.681527532743,4843.615247077216
4865,2430.4481378975,4.0,3.5330714531330885,2.0270695927716993,0.00036088975065891326,9789.891363449362,5616.866616662489
4866,2430.9483908476,2.0,2.0,1.4142135623730951,0.0003609307711031354,5541.228845319212,3918.240492631718
4867,2431.4486439319,5.0,5.0,2.23606797749979,0.0003609718072511274,13851.497262559094,6194.5778938468775
4868,2431.9488971504,7.0,6.984997582858646,2.6457938454309105,0.0003610128590936133,19348.334572889504,7328.807766220971
4869,2432.4491505031,8.0,7.75,2.8382520108024885,0.000361053926621289,21464.937585705884,7861.0196470167275
4870,2432.94940399,7.0,6.75,2.6562946245485084,0.00036109500982489337,18693.141185399636,7356.220806919019
4871,2433.4496576110996,10.0,9.723064583324232,3.1711971970381403,0.00036113610869515386,26923.545857697027,8781.168985001845
4872,2433.9499113664,6.0,5.275911655532111,2.4836943596673344,0.00036117722322281124,14607.542547823916,6876.663864640037
4873,2434.4501652559,2.0,1.7624437917093927,1.4340268310242352,0.00036121835339857257,4879.164569372508,3969.9722274131327
4874,2434.9504192796003,1.0,0.988068399831483,1.0000711790080652,0.00036125949921322204,2735.065519338238,2768.29033198046
4875,2435.4506734375,4.0,3.738580746856791,2.014244665241897,0.00036130066065746943,10347.561335906736,5574.981959835104
4876,2435.9509277295997,4.0,3.5109067506345433,2.028410737743633,0.00036134183772211926,9716.302913515696,5613.550732266797
4877,2436.4511821559,6.0,5.760394092643153,2.461180812301343,0.00036138303039788306,15939.857735713142,6810.449316315657
4878,2436.9514367164,3.0,2.9901187208309863,1.7320789934867336,0.00036142423867558,8273.154926709172,4792.370870957204
4879,2437.4516914111,0.0,-0.25936831021232176,0.24099614229805003,0.0003614654625459717,-717.5465904417769,666.7196932193758
4880,2437.95194624,6.0,5.508855185773931,2.4731316295683374,0.0003615067019998258,15238.597667206142,6841.177814649559
4881,2438.4522012031,3.0,2.716632376583842,1.7489272630480222,0.0003615479570279363,7513.892206487925,4837.331338904191
4882,2438.9524563004,3.0,1.7891423522664924,1.8147273207330472,0.00036158922762111466,4947.996830650099,5018.753829233485
4883,2439.4527115319,7.0,6.985370240856234,2.6457715349074085,0.00036163051377014556,19316.318659149918,7316.228675849727
4884,2439.9529668975997,3.0,2.5068011332099966,1.7658815455824957,0.0003616718154658368,6931.148698941919,4882.552275487718
4885,2440.4532223974998,5.0,4.7437127686312826,2.2493276711387544,0.00036171313269901687,13114.571575642922,6218.5402403136695
4886,2440.9534780316,5.0,4.505773174047807,2.2625929405370186,0.00036175446546046655,12455.335328929641,6254.4989946621145
4887,2441.4537337999,5.0,4.755258961248116,2.249421742592827,0.00036179581374106356,13143.488068801826,6217.379132536711
4888,2441.9539897024,2.0,1.9952554070301487,1.41422152124851,0.00036183717753160346,5514.2354929956855,3908.4472493846756
4889,2442.4542457391,5.0,4.75,2.2495378975167966,0.0003618785568229487,13125.950434040133,6216.278514168489
4890,2442.95450191,4.0,3.75,2.015110397287346,0.0003619199516059088,10361.407221018142,5567.834512427158
4891,2443.4547582151,6.0,5.75,2.4618936226965342,0.000361961361871354,15885.673460482858,6801.5370755830145
4892,2443.9550146544,8.0,7.744628869839227,2.8392227926844718,0.0003620027876101445,21393.837657901495,7843.096489472744
4893,2444.4552712279,6.0,5.252170419415897,2.4868188362802703,0.0003620442288131466,14506.98561508234,6868.826067004465
4894,2444.9555279356,5.0,4.5,2.26348312107484,0.00036208568547121684,12427.99751706207,6251.236135251113
4895,2445.4557847775,3.0,2.493162030045492,1.767448252885466,0.00036212715757521797,6884.769556471704,4880.739309142664
4896,2445.9560417536,5.0,3.0012480991356414,2.3446767909157122,0.0003621686451160564,8286.879992534683,6473.991668064927
4897,2446.4562988639,11.0,9.500108282001722,3.3726362512090957,0.0003622101480845913,26228.167079910327,9311.269353009522
4898,2446.9565561083996,5.0,3.749592358597065,2.3046654256918315,0.00036225166647174933,10350.793952495129,6362.056103533657
4899,2447.4568134870997,4.0,2.500923720378232,2.090989771547918,0.0003622932002683977,6903.037977321883,5771.540205554093
4900,2447.957071,10.0,8.251439954827251,3.229936085004374,0.0003623347494654417,22772.97434761842,8914.232183828768
4901,2448.4573286471,6.0,5.242174621002602,2.486886357621465,0.00036237631405379884,14466.107241833532,6862.717736160479
4902,2448.9575864284,2.0,1.4975271098556644,1.4569000260086464,0.0003624178940243995,4132.045173671377,4019.94506902179
4903,2449.4578443439,7.0,6.252989591011796,2.68012318779462,0.0003624594893681584,17251.55437897914,7394.269611940985
4904,2449.9581023936,7.0,6.989480657945401,2.6457582817632996,0.0003625011000759961,19281.267440237007,7298.621386827883
4905,2450.4583605775,3.0,2.754023459162238,1.7494297524172013,0.00036254272613885926,7596.410741688433,4825.444358100688
4906,2450.9586188956,6.0,5.995459373555391,2.4494939512659566,0.0003625843675476711,16535.349866585555,6755.652395697692
4907,2451.4588773479,3.0,3.0,1.7320508075688772,0.00036262602429338014,8272.985938739108,4776.4106587330125
4908,2451.9591359344,3.0,3.0,1.7320508075688772,0.00036266769636695385,8272.035337176942,4775.8618286652045
4909,2452.4593946551,4.0,4.0,2.0,0.00036270938375934273,11028.11280629562,5514.05640314781
4910,2452.95965351,4.0,3.513221700552828,2.0294030049269023,0.00036275108646151093,9684.937775990898,5594.478088881558
4911,2453.4599124991,1.0,0.5,1.057390412269463,0.0003627928044644408,1378.1971247696222,2914.5848518974785
4912,2453.9601716223997,2.0,1.742353104991522,1.4348700211188377,0.0003628345377590921,4802.059681948955,3954.6125624665174
4913,2454.4604308799,6.0,5.99183484942294,2.449503351637622,0.00036287628633644494,16512.059550420832,6750.243661186879
4914,2454.9606902716,3.0,3.0,1.7320508075688772,0.0003629180501875144,8266.328992040888,4772.567268764814
4915,2455.4609497975002,3.0,3.0,1.7320508075688772,0.0003629598293032526,8265.377482017446,4772.017914196644
4916,2455.9612094575996,0.0,-0.48055829982349085,0.3398060325606685,0.00036300162367470124,-1323.8461441542652,936.1005857791447
4917,2456.4614692519,9.0,8.5,3.0191355849901367,0.0003630434332928377,23413.176552745244,8316.182880947043
4918,2456.9617291804,6.0,5.978482479142723,2.449536997445011,0.00036308525814868914,16465.781369439243,6746.451260331498
4919,2457.4619892431,4.0,3.7612779487980683,2.014196668086326,0.00036312709823327626,10358.0205583605,5546.809031564995
4920,2457.96224944,2.0,1.9882027073673194,1.414262767703888,0.00036316895353761077,5474.594367168051,3894.228165507058
4921,2458.4625097711,2.0,2.0,1.4142135623730951,0.00036321082405272784,5506.443826986987,3893.643770285303
4922,2458.9627702364,4.0,4.0,2.0,0.0003632527097696764,11011.617786791558,5505.808893395779
4923,2459.4630308359,2.0,1.7633562569239873,1.4338759573746351,0.00036329461067947667,4853.791399839236,3946.868230973287
4924,2459.9632915696,5.0,4.513876222615753,2.2609072130555234,0.0003633365267731851,12423.403346489207,6222.625710480542
4925,2460.4635524375,2.0,1.7356036562293755,1.4338492222882344,0.00036337845804187253,4776.297597777191,3945.8839415379166
4926,2460.9638134396,5.0,4.75,2.248440948954063,0.0003634204044765561,13070.262267859036,6186.8869256049375
4927,2461.4640745759,3.0,2.984562947531659,1.7321195982347495,0.00036346236606835553,8211.477242654495,4765.609207278956
4928,2461.9643358464,3.0,2.7659576400106056,1.7477916999086032,0.00036350434280831446,7609.146065881168,4808.172816879551
4929,2462.4645972511003,5.0,4.75,2.248289101229286,0.00036354633468750744,13065.73480952007,6184.3261414307535
4930,2462.9648587899997,1.0,0.9830007185205752,1.0001444773485562,0.0003635883416970221,2703.609015438974,2750.7605790671246
4931,2463.4651204631,4.0,4.0,2.0,0.0003636303638279411,11000.18149719939,5500.090748599695
4932,2463.9653822704,1.0,1.0,1.0,0.00036367240107136606,2749.727493903951,2749.727493903951
4933,2464.4656442119003,2.0,1.768562909636407,1.4330258639661624,0.00036371445341838786,4862.50379388139,3939.9750284812703
4934,2464.9659062876,4.0,3.9809155700581758,2.0000910517939436,0.00036375652086014567,10943.901598368124,5498.433532035357
4935,2465.4661684975,5.0,5.0,2.23606797749979,0.00036379860338773277,13743.868045230101,6146.444644584333
4936,2465.9664308416,2.0,2.0,1.4142135623730951,0.00036384070099225544,5496.911133212035,3886.9031378740597
4937,2466.4666933199,4.0,3.5412998472206185,2.026130034099469,0.00036388281366486215,9731.978852076738,5568.083894079
4938,2466.9669559324,5.0,4.957655868501367,2.236268434856645,0.00036392494139664966,13622.742781726274,6144.861702180746
4939,2467.4672186791,2.0,1.5433887266920479,1.4506022637015135,0.0003639670841787808,4240.46237635581,3985.5314580836575
4940,2467.96748156,2.0,1.727783183600645,1.4327848242472039,0.00036400924200240205,4746.536582687216,3936.122106036388
4941,2468.4677445751,6.0,5.977260575090467,2.4495952893172404,0.00036405141485864814,16418.726397235085,6728.706960988891
4942,2468.9680077244,2.0,2.0,1.4142135623730951,0.00036409360273867387,5493.092943562342,3884.2032700809054
4943,2469.4682710078996,7.0,6.773785108297713,2.6554045223332503,0.0003641358056336409,18602.359349173305,7292.346649933316
4944,2469.9685344256,5.0,4.75,2.2475603849398786,0.00036417802353470527,13043.07150084617,6171.598063840038
4945,2470.4687979775,3.0,2.524831413507003,1.761254775375574,0.00036422025643304874,6932.155389251722,4835.685946257438
4946,2470.9690616636,3.0,2.9492904014126364,1.732421926579794,0.0003642625043198601,8096.607162242686,4755.97105393683
4947,2471.4693254839003,3.0,3.0,1.7320508075688772,0.0003643047671862868,8234.863417161801,4754.400610638167
4948,2471.9695894384,6.0,5.5528040744576845,2.469816207313982,0.00036434704502356734,15240.425715813088,6778.74636571905
4949,2472.4698535271,5.0,4.946148221247065,2.2363921854266593,0.00036438933782286366,13573.800624351634,6137.369986697609
4950,2472.97011775,4.0,4.0,2.0,0.0003644316455753692,10975.995220406148,5487.997610203074
4951,2473.4703821071002,2.0,2.0,1.4142135623730951,0.0003644739682723073,5487.3603442256035,3880.1497102160724
4952,2473.9706465984,3.0,3.0,1.7320508075688772,0.00036451630590487907,8230.084502126096,4751.641502755868
4953,2474.4709112238997,2.0,1.558045704982119,1.4483306940897085,0.00036455865846432193,4273.7860391117265,3972.833069417967
4954,2474.9711759836,3.0,2.9409050362033033,1.7325547920262336,0.00036460102594182783,8066.09095135274,4751.919684127995
4955,2475.4714408775,3.0,2.780072266756819,1.7459576764198734,0.0003646434083286719,7624.084799720269,4788.123510643998
4956,2475.9717059056,0.0,-0.46940279293471787,0.31178736371973953,0.0003646858056160483,-1287.1430302634774,854.9479001329661
4957,2476.4719710678996,1.0,0.9377553943521035,1.0009681290960921,0.00036472821779521056,2571.107330331757,2744.42195656526
4958,2476.9722363644,3.0,2.7816475540318897,1.7457599464589213,0.000364770644857402,7625.743993514899,4785.911287190839
4959,2477.4725017951,5.0,4.967827039310969,2.2362994207841442,0.00036481308679388525,13617.458416774749,6129.986839116945
4960,2477.97276736,8.0,8.0,2.8284271247461903,0.00036485554359591695,21926.486085846955,7752.183499447431
4961,2478.4730330590996,5.0,4.783224240348818,2.2465510744188184,0.00036489801525475016,13108.386563871702,6156.654682954111
4962,2478.9732988923997,1.0,0.75,1.0236713748205748,0.0003649405017616504,2055.1295248940037,2805.036354910133
4963,2479.4735648599,4.0,3.965723858200277,2.0002936919104344,0.0003649830031079132,10865.502843779675,5480.511900218583
4964,2479.9738309616,5.0,4.354406977087531,2.2669208449078573,0.00036502551928481854,11929.048099483469,6210.307841899257
4965,2480.4740971975,3.0,2.464671334961393,1.7595203630047715,0.00036506805028363497,6751.265505284557,4819.705152608492
4966,2480.9743635676,4.0,3.5,2.0234345084824046,0.0003651105960956681,9586.136467764723,5541.976951970504
4967,2481.4746300719,3.0,2.7136181899375704,1.745932416584056,0.00036515315671220653,7431.452090872362,4781.370185333228
4968,2481.9748967104,4.0,3.536908615742202,2.022913275947789,0.0003651957321245815,9684.96700431218,5539.257713060294
4969,2482.4751634831,2.0,1.92512884626571,1.415204170722639,0.000365238322324072,5270.884046383183,3874.741734978576
4970,2482.97543039,2.0,1.5759253868732956,1.4456554356931954,0.00036528092730200574,4314.283251833615,3957.65376082163
4971,2483.4756974311,5.0,4.711510034549898,2.2467085813687544,0.0003653235470496996,12896.814543161465,6149.914505957389
4972,2483.9759646064,2.0,1.5390173929072488,1.4458733270728068,0.0003653661815584652,4212.26011214992,3957.326649405402
4973,2484.4762319159,4.0,3.7104550241924854,2.011819804910741,0.00036540883081968053,10154.256578499318,5505.668268601643
4974,2484.9764993596,5.0,4.75,2.246258063483241,0.0003654514948246602,12997.620935382958,6146.52859625317
4975,2485.4767669374996,3.0,2.75,1.7451350992864099,0.0003654941735647252,7524.059749513363,4774.727548365048
4976,2485.9770346496,2.0,1.75,1.4301464275724527,0.00036553686703124527,4787.478795812993,3912.4546839490395
4977,2486.4773024959,2.0,1.75,1.4300846678987371,0.00036557957521559666,4786.919507108558,3911.8286820464737
4978,2486.9775704764,2.0,1.75,1.4300232777577966,0.0003656222981090921,4786.3601565073195,3911.203679735953
4979,2487.4778385911004,3.0,2.957286262505742,1.7325774047270524,0.00036566503570313396,8087.418740539967,4738.154418826221
4980,2487.97810684,4.0,3.5864848169719967,2.021261339683056,0.000365707787989096,9806.968663951264,5526.984674833674
4981,2488.4783752231,2.0,1.912457530165848,1.4155676748260155,0.00036575055495834753,5228.85749382839,3870.3090279308626
4982,2488.9786437404,8.0,8.0,2.8284271247461903,0.00036579333660226483,21870.272636208723,7732.309043730891
4983,2489.4789123919,10.0,9.384488062293064,3.1821824243465233,0.0003658361329122424,25652.162862065452,8698.381975051854
4984,2489.9791811776,9.0,8.659282706307305,3.007997723395374,0.0003658789438796883,23667.07035525589,8221.29224354734
4985,2490.4794500975,9.0,8.75,3.007285717555776,0.00036592176949598175,23912.21493067273,8218.384278415553
4986,2490.9797191516,5.0,4.95358230134233,2.236549709429387,0.000365964609752527,13535.686701214216,6111.382493902318
4987,2491.4799883399,8.0,8.0,2.8284271247461903,0.0003660074646407703,21857.477709783474,7727.785354110852
4988,2491.9802576624,7.0,7.0,2.6457513110645907,0.0003660503341520945,19123.053162113734,7227.834710745755
4989,2492.4805271191,5.0,4.59601488430857,2.254240889268516,0.00036609321827793046,12554.220222728545,6157.559814607498
4990,2492.98079671,4.0,3.9029246649481415,2.0011776058955175,0.0003661361170097221,10659.764179572883,5465.665671661613
4991,2493.4810664351,3.0,2.799068048333431,1.7436667253808957,0.0003661790303388902,7643.987821320512,4761.787488942698
4992,2493.9813362944,6.0,5.75,2.458174271058882,0.00036622195825687567,15700.860831416425,6712.25254421983
4993,2494.4816062879,2.0,1.949870723746108,1.4151017434579534,0.000366264900755137,5323.66251782798,3863.601837195987
4994,2494.9818764156,7.0,6.401980370098867,2.6681846186591045,0.0003663078578251044,17477.04897216681,7283.995037674139
4995,2495.4821466775,6.0,5.647617748175149,2.4591434611531944,0.0003663508294582571,15415.872693741647,6712.536900188444
4996,2495.9824170736,2.0,1.75,1.4289818918922395,0.00036639381564603337,4776.281490762509,3900.12557764554
4997,2496.4826876039,4.0,3.75,2.010431316461719,0.00036643681637991385,10233.687862062638,5486.433749542642
4998,2496.9829582683997,5.0,4.75,2.245368565145026,0.000366479831651381,12961.149808970942,6126.854389305013
4999,2497.4832290670997,2.0,1.9466833095697997,1.415218240936157,0.00036652286145190014,5311.219338020116,3861.2004591748505
5000,2497.9835,2.0,2.0,1.4142135623730951,0.0003665659057729784,5456.044788951649,3858.006268725237
5001,2498.4837710671,5.0,4.608760810564841,2.2531165197732097,0.0003666089646060603,12571.326005399746,6145.830400503971
5002,2498.9840422683997,2.0,1.6950875041443494,1.429716719729984,0.00036665203794269665,4623.1503680044225,3899.382989256511
5003,2499.4843136039,3.0,2.5554447418594686,1.7546445840511748,0.0003666951257743397,6968.853857719565,4785.022927004938
5004,2499.9845850736,7.0,6.88804571341263,2.646935375324196,0.0003667382280925367,18781.91359880436,7217.506037184408
5005,2500.4848566775,4.0,3.806509700157934,2.009337825287966,0.00036678134488877693,10378.144235531452,5478.298864674481
5006,2500.9851284156002,2.0,1.75,1.4284559732140267,0.00036682447615459245,4770.6740246593845,3894.113032446685
5007,2501.4854002878997,2.0,1.9424247198255644,1.4153850758317204,0.0003668676218814983,5294.620195327529,3858.026687045452
5008,2501.9856722944,1.0,1.0,1.0,0.0003669107820610113,2725.458200990442,2725.458200990442
5009,2502.4859444351,8.0,8.0,2.8284271247461903,0.0003669539566846894,21801.100258673916,7707.852915118062
5010,2502.98621671,1.0,1.0,1.0,0.00036699714574406323,2724.816831947191,2724.816831947191
5011,2503.4864891190996,4.0,4.0,2.0,0.0003670403492306758,10897.98439976445,5448.992199882225
5012,2503.9867616623997,11.0,10.810241950209667,3.3220487831246897,0.0003670835671360945,29448.99450157577,9049.843361397476
5013,2504.4870343398998,8.0,7.75,2.8354011194975866,0.00036712679945185303,21109.872696766655,7723.220216369511
5014,2504.9873071516,3.0,2.938690293787457,1.7331355630982441,0.00036717004616953304,8003.622094027187,4720.2531393260915
5015,2505.4875800975,11.0,11.0,3.3166247903554,0.00036721330728068795,29955.34143753646,9031.875274117616
5016,2505.9878531776,11.0,10.812378083918803,3.321927450049742,0.0003672565827769009,29440.937456217223,9045.249577099423
5017,2506.4881263919,15.0,14.562912505909221,3.8825199863349207,0.0003672998726497336,39648.56399445796,10570.436516424796
5018,2506.9883997404,8.0,7.5,2.842121574846,0.000367343176890807,20416.875749483104,7736.9657411408025
5019,2507.4886732231002,15.0,14.686018183836543,3.8785035916338915,0.00036738649549167306,39974.30053650245,10557.01186414948
5020,2507.9889468399997,8.0,7.935483295573444,2.8291628452865814,0.0003674298284439488,21597.275673507265,7699.872536935766
5021,2508.4892205911,4.0,4.0,2.0,0.0003674731757392235,10885.148261375656,5442.574130687828
5022,2508.9894944764,4.0,3.8155869472214965,2.0084840487380244,0.0003675165373691048,10382.082326242153,5465.0167938452805
5023,2509.4897684959,8.0,7.9338776982471515,2.829199914956364,0.00036755991332521965,21585.263818547046,7697.248291744665
5024,2509.9900426496,5.0,5.0,2.23606797749979,0.0003676033035991772,13601.618785917764,6082.828841870057
5025,2510.4903169374998,1.0,0.8171934770812241,1.016571800131035,0.000367646708182577,2222.7683776115787,2765.077933531219
5026,2510.9905913596,2.0,1.75,1.42751877978654,0.0003676901270670725,4759.442452151488,3882.396275291172
5027,2511.4908659159,4.0,3.9317347259060145,2.001164697781551,0.00036773356024431754,10691.802845771866,5441.887589623319
5028,2511.9911406064,2.0,2.0,1.4142135623730951,0.0003677770077059089,5438.077851781562,3845.3017256151156
5029,2512.4914154311,4.0,3.8193376927884626,2.0081431396309863,0.0003678204694435144,10383.70077273525,5459.574184843929
5030,2512.99169039,2.0,1.75,1.4273498947089116,0.00036786394544877955,4757.193581080823,3880.1027183232127
5031,2513.4919654831,3.0,2.9295892668393972,1.7334813732325518,0.0003679074357133576,7962.843319975424,4711.732367875093
5032,2513.9922407104,1.0,1.0,1.0,0.0003679509402289078,2717.753620572039,2717.753620572039
5033,2514.4925160719004,2.0,2.0,1.4142135623730951,0.0003679944589871136,5434.864441994318,3843.029501763824
5034,2514.9927915676,3.0,2.8220214593581563,1.741170974065729,0.00036803799197961405,7667.744963445161,4730.954444948102
5035,2515.4930671975,2.0,1.9274413210740533,1.4160737134370793,0.00036808153919810666,5236.452024388752,3847.1739618403644
5036,2515.9933429616,1.0,1.0,1.0,0.00036812510063428445,2716.467848231448,2716.467848231448
5037,2516.4936188599,2.0,1.8236335843122604,1.4251684505989253,0.00036816867627981214,4953.255672751147,3870.9660609904304
5038,2516.9938948923996,4.0,3.75,2.009083651708005,0.000368212266126409,10184.342959157715,5456.319184701677
5039,2517.4941710590997,4.0,3.574709111363461,2.016689178480088,0.00036825587016575857,9707.134090637634,5476.3259512260865
5040,2517.99444736,4.0,3.849505783976015,2.002829062733097,0.0003682994883895767,10452.107334735467,5438.044650810271
5041,2518.4947237951,1.0,0.825785260075445,1.0150619565361418,0.0003683431207895441,2241.89136016813,2755.7510898000614
5042,2518.9950003644003,0.0,-0.07632356755346992,0.07632356755346992,0.00036838676735740056,-207.1832495531049,207.1832495531049
5043,2519.4952770678997,5.0,4.8268620304461045,2.2427609673126665,0.00036843042808486453,13101.149260490183,6087.3391456040845
5044,2519.9955539056,0.0,-0.07740064875186833,0.07740064875186833,0.00036847410296366714,-210.05722825384098,210.05722825384098
5045,2520.4958308775,5.0,5.0,2.23606797749979,0.00036851779198550486,13567.86594498175,6067.734112516723
5046,2520.9961079836003,3.0,3.0,1.7320508075688772,0.00036856149514216907,8139.7542595782525,4699.489312904907
5047,2521.4963852239,1.0,1.0,1.0,0.0003686052124253709,2712.9296230515556,2712.9296230515556
5048,2521.9966625984,3.0,2.659113352207569,1.7487429351741723,0.0003686489438268567,7213.131616773258,4743.653723840598
5049,2522.4969401071,0.0,-0.33009607147177655,0.20420114167101894,0.00036869268933836834,-895.3149357643767,553.8518868857011
5050,2522.99721775,2.0,1.9193643777490625,1.4165105377567073,0.0003687364489516963,5205.2472252356465,3841.5256798827263
5051,2523.4974955271,0.0,0.0,0.0,0.0003687802226585781,0.0,0.0
5052,2523.9977734383997,2.0,1.8317151900411637,1.424190920229055,0.0003688240104507884,4966.36644616055,3861.4376501366155
5053,2524.4980514839,2.0,1.9177447929486773,1.4166036563157165,0.00036886781232010863,5199.002810482232,3840.410057482511
5054,2524.9983296636,6.0,6.0,2.449489742783178,0.00036891162825832143,16264.057677787932,6639.773742962589
5055,2525.4986079775,7.0,7.0,2.6457513110645907,0.00036895545825720385,18972.47985723037,7170.923350916255
5056,2525.9988864256,2.0,2.0,1.4142135623730951,0.00036899930230852875,5420.06444859821,3832.56432607192
5057,2526.4991650079,2.0,1.8344168291827936,1.4238742172178978,0.0003690431604041225,4970.7379136196605,3858.2864282288215
5058,2526.9994437244,1.0,0.9150423767635609,1.0036024101933916,0.00036908703253578975,2479.2048923442762,2719.1483897394146
5059,2527.4997225751,2.0,1.8354985726974284,1.423748826016929,0.0003691309186952939,4972.486670000611,3857.029454615232
5060,2528.0000015600003,2.0,1.913960322434809,1.4168284391963348,0.0003691748188744712,5184.428147808218,3837.825243649926
5061,2528.5002806791,3.0,2.6731618756798383,1.7474013791211682,0.00036921873306516325,7240.049424057942,4732.699678086946
5062,2529.0005599324,1.0,0.825755292958827,1.007561714718226,0.00036926266125915553,2236.227432643931,2728.577298561742
5063,2529.5008393199,1.0,1.0,1.0,0.0003693066034482804,2707.7771983030493,2707.7771983030493
5064,2530.0011188416,3.0,3.0,1.7320508075688772,0.0003693505596243891,8122.364842362358,4689.44952819426
5065,2530.5013984975003,6.0,5.516242598986546,2.465361449026308,0.0003693945297793109,14933.20056006823,6674.060524120918
5066,2531.0016782876,3.0,2.410710429703005,1.7537313267778831,0.0003694385139048933,6525.335986825695,4747.018139070786
5067,2531.5019582119,0.0,-0.3398317630024912,0.20443423253252288,0.00036948251199296693,-919.7506024560098,553.2988054828811
5068,2532.0022382704,4.0,3.909625888888575,2.0020408287443043,0.00036952652403539365,10580.095431834567,5417.85419590759
5069,2532.5025184631,2.0,2.0,1.4142135623730951,0.00036957055002405907,5411.686618075493,3826.6403052976752
5070,2533.00279879,4.0,4.0,2.0,0.000369614589950797,10822.083621029351,5411.0418105146755
5071,2533.5030792510997,2.0,2.0,1.4142135623730951,0.00036965864380747763,5410.3969527130075,3825.7283741744004
5072,2534.0033598464,5.0,5.0,2.23606797749979,0.0003697027115860019,13524.380112199631,6048.286656884921
5073,2534.5036405759,0.0,0.0,0.0,0.0003697467932782131,0.0,0.0
5074,2535.0039214396,1.0,1.0,1.0,0.0003697908888760483,2704.2310399789058,2704.2310399789058
5075,2535.5042024374998,3.0,3.0,1.7320508075688772,0.0003698349983713298,8111.725534931322,4683.30692118496
5076,2536.0044835696,4.0,4.0,2.0,0.0003698791217560082,10814.34383484508,5407.17191742254
5077,2536.5047648359,1.0,0.8452622371895281,1.0119010698875606,0.00036992325902196704,2284.966453378197,2735.4351077110055
5078,2537.0050462364,2.0,1.9041938606876623,1.4174550491391025,0.00036996741016110025,5146.923238072488,3831.2970553862556
5079,2537.5053277711,3.0,2.8463501968345395,1.7388525705225226,0.00037001157516536293,7692.597712821468,4699.454523133248
5080,2538.0056094399997,0.0,-0.09689440975535091,0.09689440975535091,0.0003700557540266228,-261.8373277567792,261.8373277567792
5081,2538.5058912431,2.0,2.0,1.4142135623730951,0.00037009994673681284,5403.945657474653,3821.166619563923
5082,2539.0061731804003,6.0,5.695966603581578,2.458905885362199,0.00037014415328786736,15388.508917366928,6643.103405850277
5083,2539.5064552519,2.0,1.8029440381899295,1.421061408258787,0.00037018837367174516,4870.342145830444,3838.7521308783075
5084,2540.0067374575997,1.0,0.698145630833183,1.0225253200251563,0.00037023260788034135,1885.6946038065419,2761.8456566517098
5085,2540.5070197975,3.0,2.650382194675775,1.7442655241535712,0.0003702768559056282,7157.839201679062,4710.70631700008
5086,2541.0073022716,0.0,-0.25,0.18023251105999138,0.0003703211177395326,-675.0897748581513,486.6925012544354
5087,2541.5075848799,0.0,-0.10070825132796543,0.10070825132796543,0.0003703653933740284,-271.91593256193124,271.91593256193124
5088,2542.0078676223998,4.0,4.0,2.0,0.0003704096828010508,10798.853771186168,5399.426885593084
5089,2542.5081504991,0.0,0.0,0.0,0.0003704539860126049,0.0,0.0
5090,2543.00843351,2.0,1.8523450857977863,1.4219008311721544,0.0003704983030006098,4999.60477766274,3837.8065962958376
5091,2543.5087166551,2.0,1.75,1.425562210164032,0.0003705426337570616,4722.803371520672,3847.228578557229
5092,2544.0089999344,3.0,2.603437085748917,1.7474726339418791,0.00037058697827394526,7025.171520798565,4715.41834006405
5093,2544.5092833479,2.0,1.6460166811853245,1.4293165962682326,0.00037063133654324754,4441.115790524251,3856.437530617304
5094,2545.0095668956,5.0,4.75,2.243231612154364,0.0003706757085569378,12814.435611365061,6051.736222174892
5095,2545.5098505775,1.0,0.75,1.0158956203954008,0.0003707200943070457,2023.0896881969907,2740.3306052085595
5096,2546.0101343936003,3.0,2.8943770496332895,1.735268338800708,0.00037076449378553675,7806.5108664571835,4680.24411152069
5097,2546.5104183439,5.0,5.0,2.23606797749979,0.0003708089069844544,13484.034244651024,6030.243436394944
5098,2547.0107024284,1.0,1.0,1.0,0.00037085333389574876,2696.4837810548356,2696.4837810548356
5099,2547.5109866471,1.0,0.7145279608871143,1.0201701537281094,0.000370897774511506,1926.482200730887,2750.5426665655596
5100,2548.011271,1.0,0.7843773974990733,1.0115565003274094,0.00037094222882369564,2114.5540640827885,2726.992026589105
5101,2548.5115554871004,1.0,1.0,1.0,0.0003709866968243708,2695.514444479962,2695.514444479962
5102,2549.0118401083996,1.0,1.0,1.0,0.0003710311785055442,2695.1912883112527,2695.1912883112527
5103,2549.5121248638998,1.0,0.7189083920179329,1.0195617911823551,0.00037107567385928305,1937.3632998927133,2747.5845575611265
5104,2550.0124097536,1.0,0.7799957232541701,1.0120281324613598,0.00037112018287759535,2101.733506397393,2726.95525372478
5105,2550.5126947775,2.0,2.0,1.4142135623730951,0.00037116470555253306,5388.4433785877,3810.2048530391135
5106,2551.0129799355996,1.0,1.0,1.0,0.00037120924187615913,2693.8984464552063,2693.8984464552063
5107,2551.5132652279,1.0,0.8616468977932183,1.0095254235977618,0.0003712537918405329,2320.9106997170475,2719.232626804765
5108,2552.0135506543998,0.0,-0.11219546170793102,0.11219546170793102,0.00037129835543770205,-302.1706400387104,302.1706400387104
5109,2552.5138362151,3.0,3.0,1.7320508075688772,0.0003713429326597397,8078.785769564895,4664.28913878361
5110,2553.01412191,1.0,1.0,1.0,0.0003713875234987305,2692.60526196276,2692.60526196276
5111,2553.5144077390996,2.0,2.0,1.4142135623730951,0.0003714321279467315,5384.563826117992,3807.461595179814
5112,2554.0146937024,3.0,3.0,1.7320508075688772,0.00037147674599584786,8075.875629731968,4662.6089687676895
5113,2554.5149797999,2.0,1.8649406120718524,1.4206481050096558,0.0003715213776381435,5019.739708998059,3823.8663789445427
5114,2555.0152660316003,4.0,3.75,2.0078423434324466,0.0003715660228657201,10092.419029807817,5403.729673523079
5115,2555.5155523975,2.0,1.75,1.4252756125763406,0.00037161068167069106,4709.229541337005,3835.4000110238276
5116,2556.0158388975997,1.0,0.75,1.0155744535825937,0.0003716553540451297,2017.9986426589412,2732.57049179836
5117,2556.5161255319,1.0,0.8828604707128069,1.0068374592364078,0.00037170003998115747,2375.1960606664493,2708.736483556599
5118,2557.0164123004,2.0,2.0,1.4142135623730951,0.0003717447394709087,5380.035781667093,3804.2597842430696
5119,2557.5166992031,2.0,1.604719760580404,1.432509042167578,0.00037178945250646527,4316.205717408023,3853.0115163572777
5120,2558.01698624,2.0,1.643628953839952,1.429102319936214,0.0003718341790799695,4420.327786721458,3843.386112251021
5121,2558.5172734110997,2.0,2.0,1.4142135623730951,0.0003718789191835639,5378.094580867532,3802.8871479940553
5122,2559.0175607164,2.0,2.0,1.4142135623730951,0.00037192367280935757,5377.44743402007,3802.4295460697913
5123,2559.5178481559,5.0,5.0,2.23606797749979,0.00037196843994947743,13442.000618867354,6011.445427476329
5124,2560.0181357295996,3.0,2.8709936166379153,1.7368484812867715,0.0003720132205961105,7717.450503607001,4668.781605405479
5125,2560.5184234374997,2.0,1.75,1.425227657782812,0.00037205801474137385,4703.5675369511,3830.6597393783354
5126,2561.0187112795998,2.0,1.8779038171219549,1.419474366754606,0.00037210282237741543,5046.7336020828125,3814.7368990253594
5127,2561.5189992559,3.0,3.0,1.7320508075688772,0.0003721476434964252,8061.3166640374475,4654.203346004836
5128,2562.0192873664,4.0,4.0,2.0,0.00037219247809053513,10747.127455453325,5373.563727726662
5129,2562.5195756110998,1.0,0.8737511975806607,1.0079378751254053,0.0003722373261519364,2347.296029157541,2707.7829231827077
5130,2563.01986399,0.0,-0.25,0.17677944200752357,0.000372282187672787,-671.5336061679494,474.8533447506808
5131,2563.5201525031,3.0,2.8751446823943243,1.7365450902105635,0.00037232706264527426,7722.094284437094,4664.031343499238
5132,2564.0204411504,0.0,0.0,0.0,0.00037237195106158135,0.0,0.0
5133,2564.5207299319004,1.0,0.8759600591385209,1.00766358817262,0.0003724168529138918,2352.0956484239873,2705.741107816102
5134,2565.0210188476,1.0,0.75,1.015507053790628,0.00037246176819440233,2013.6294891038206,2726.4732665409974
5135,2565.5213078975,3.0,2.8729345778232265,1.7367053928381064,0.00037250669689532735,7712.437391777973,4662.212538224816
5136,2566.0215970816002,2.0,2.0,1.4142135623730951,0.00037255163900883065,5368.383307401296,3796.020240672123
5137,2566.5218863999003,2.0,1.8781714067159672,1.4194513750536037,0.00037259659452716415,5040.7637490606185,3809.619829872381
5138,2567.0221758524,1.0,0.75,1.0155184615593085,0.0003726415634425103,2012.6579361448687,2725.1883879452935
5139,2567.5224654391,3.0,2.629278012753683,1.745239353495944,0.0003726865457471234,7054.931396792923,4682.861169558104
5140,2568.02275516,2.0,1.6201684511667656,1.431136932232794,0.0003727315414331937,4346.743623941886,3839.5916984377427
5141,2568.5230450151003,3.0,2.8696147597140875,1.736951441717475,0.0003727765504929419,7697.948693176773,4659.497598281366
5142,2569.0233350044,8.0,8.0,2.8284271247461903,0.0003728215729186426,21457.985752733697,7586.543618181161
5143,2569.5236251279,3.0,3.0,1.7320508075688772,0.00037286660870250086,8045.772750848844,4645.2290635411355
5144,2570.0239153856,2.0,1.8820472468799987,1.4191239734317043,0.0003729116578367926,5046.898393569905,3805.523221408095
5145,2570.5242057775,4.0,3.867398440178074,2.00439097325527,0.0003729567203137313,10369.563623695578,5374.325931355187
5146,2571.0244963036002,3.0,3.0,1.7320508075688772,0.00037300179612558877,8042.856713188339,4643.545488412877
5147,2571.5247869638997,3.0,3.0,1.7320508075688772,0.000373046885264627,8041.88459547625,4642.984235990118
5148,2572.0250777583997,2.0,1.8842654308729765,1.4189413273603029,0.0003730919877231137,5050.404438787799,3803.1943168218218
5149,2572.5253686871,3.0,2.75,1.7411039254303935,0.0003731371034932895,7369.945187049607,4666.12381650142
5150,2573.02565975,2.0,1.8646245449096412,1.4206781879936505,0.0003731822325674542,4996.552306580145,3806.9287978142347
5151,2573.5259509471002,3.0,3.0,1.7320508075688772,0.00037322737493787817,8037.995606563787,4640.738927194631
5152,2574.0262422784,1.0,0.7729722015694552,1.0128034412609932,0.0003732725305968403,2070.7985137120036,2713.3082620400205
5153,2574.5265337439,1.0,0.7259166866312651,1.0186072998627056,0.00037331769953663626,1944.501124731767,2728.5266707873907
5154,2575.0268253436,4.0,4.0,2.0,0.0003733628817495642,10713.437772003881,5356.7188860019405
5155,2575.5271170775,3.0,3.0,1.7320508075688772,0.0003734080772279049,8034.105802614945,4638.493147837672
5156,2576.0274089455997,2.0,1.8887092565893917,1.4185857850580932,0.000373453285963981,5057.417694730245,3798.562868167971
5157,2576.5277009479,8.0,7.75,2.834017820200152,0.0003734985079500869,20749.74821863461,7587.762092422819
5158,2577.0279930844,3.0,2.75,1.7411747096531693,0.0003735437431785474,7361.92226538124,4661.233768332503
5159,2577.5282853551003,4.0,3.75,2.007915083224634,0.0003735889916416586,10037.769002564584,5374.663408579764
5160,2578.02857776,1.0,0.8590651017403301,1.009882490959945,0.0003736342533317707,2299.213988224785,2702.8637817722083
5161,2578.5288702990997,4.0,3.891491697090954,2.002941350064999,0.00037367952824119945,10413.981508184488,5360.051056294841
5162,2579.0291629723997,0.0,-0.14204865128652436,0.14204865128652436,0.0003737248163622676,-380.08889179259234,380.08889179259234
5163,2579.5294557799,6.0,6.0,2.449489742783178,0.0003737701176873329,16052.64764643153,6553.465959074425
5164,2580.0297487216003,5.0,4.893163025769348,2.238618801641486,0.0003738154322087387,13089.783364098794,5988.567107607907
5165,2580.5300417975,2.0,1.75,1.4254651557302587,0.0003738607599188032,4680.887077798892,3812.823672748774
5166,2581.0303350075997,4.0,3.855721978294024,2.005197283946742,0.00037390610080988856,10312.00606233075,5362.836497193926
5167,2581.5306283519,3.0,2.8948357527180004,1.7352404786963647,0.00037395145487438655,7741.207354549269,4640.28273209753
5168,2582.0309218304,3.0,2.854606360907957,1.7381424884883365,0.00037399682210461304,7632.7021840561965,4647.479298640002
5169,2582.5312154431003,4.0,4.0,2.0,0.0003740422024929676,10693.980447500986,5346.990223750493
5170,2583.0315091899997,1.0,1.0,1.0,0.0003740875960318039,2673.170697472104,2673.170697472104
5171,2583.5318030711,0.0,-0.20586353923514944,0.14556750459223705,0.00037413300271351113,-550.2415925407884,389.07956137647665
5172,2584.0320970864,0.0,-0.39762673820062644,0.23252439096782015,0.0003741784225304682,-1062.6661353468314,621.4265092982116
5173,2584.5323912359,1.0,0.6481854013787669,1.0211225872374932,0.0003742238554750488,1732.0793206941464,2728.6410855375734
5174,2585.0326855196,4.0,3.702511560167222,2.0110319952494717,0.0003742693015396508,9892.640259128948,5373.221867186505
5175,2585.5329799375,2.0,2.0,1.4142135623730951,0.0003743147607166793,5343.096799524317,3778.1399794797844
5176,2586.0332744896,0.0,0.0,0.0,0.0003743602329985346,0.0,0.0
5177,2586.5335691759,2.0,1.8008432153644849,1.4212078357626583,0.00037440571837761745,4809.871022183998,3795.9031232777784
5178,2587.0338639964,0.0,-0.3019620953076965,0.2135194452533708,0.0003744512168463349,-806.4123755581596,570.2196591899277
5179,2587.5341589511,4.0,3.9015406429830786,2.0024220946104707,0.00037449672839711973,10418.090058308466,5346.968191634198
5180,2588.03445404,1.0,0.75,1.0162277612199202,0.0003745422530223574,2002.4443008709902,2713.252651788953
5181,2588.5347492631,2.0,1.8473397002878376,1.4224293188444226,0.00037458779071451135,4931.660203777892,3797.318957276197
5182,2589.0350446204,0.0,0.0,0.0,0.00037463334146598133,0.0,0.0
5183,2589.5353401118996,1.0,1.0,1.0,0.0003746789052692263,2668.9519637660087,2668.9519637660087
5184,2590.0356357376,2.0,1.9043409499761432,1.4174451149344256,0.00037472448211667693,5081.976334236933,3782.632794440902
5185,2590.5359314975,2.0,1.8450985225586138,1.422671595173505,0.00037477007200078225,4923.281394131073,3796.118477599608
5186,2591.0362273916003,2.0,1.9054621602609374,1.4173698893170157,0.00037481567491398117,5083.73125189664,3781.511778135471
5187,2591.5365234199003,0.0,-0.1560229984347794,0.1560229984347794,0.00037486129084872985,-416.2152834759894,416.2152834759894
5188,2592.0368195824,1.0,0.8131679839251033,1.0086888029096512,0.0003749069197975045,2168.9863296316676,2690.504628334058
5189,2592.5371158791,2.0,1.6857097183133447,1.4315687865350162,0.0003749525617527397,4495.79464248327,3817.999748669689
5190,2593.03741231,0.0,-0.09229355492294052,0.09229355492294052,0.0003749982167069363,-246.11731685931875,246.11731685931875
5191,2593.5377088751,3.0,2.841732095336752,1.7392667218246012,0.0003750438846525436,7577.065542528316,4637.501884441953
5192,2594.0380055744,2.0,1.9088295196016432,1.4171492710706475,0.0003750895655820574,5088.996588426967,3778.1623406973213
5193,2594.5383024078997,2.0,1.6593912898916634,1.4289245816306477,0.0003751352594879403,4423.447937569858,3809.0916422549294
5194,2595.0385993756,2.0,1.6800935689346288,1.4321906515260083,0.00037518096636269106,4478.088494794446,3817.3329137957808
5195,2595.5388964775,0.0,0.0,0.0,0.00037522668619882567,0.0,0.0
5196,2596.0391937136,1.0,0.9110775328669197,1.0039458178412985,0.00037527241898879836,2427.7764279130643,2675.245413842326
5197,2596.5394910839,2.0,1.8383600754406175,1.4234210428441625,0.00037531816472513346,4898.1377620956655,3792.5716808474044
5198,2597.0397885884,2.0,2.0,1.4142135623730951,0.00037536392340034407,5328.162551910727,3767.5798717202956
5199,2597.5400862271,1.0,1.0,1.0,0.0003754096950069338,2663.7564594103787,2663.7564594103787
5200,2598.040384,2.0,2.0,1.4142135623730951,0.0003754554795374294,5326.863260762768,3766.661134138838
5201,2598.5406819071,3.0,3.0,1.7320508075688772,0.00037550127698432993,7989.320366879054,4612.636264459781
5202,2599.0409799484,1.0,0.9144542132560489,1.0036523709081953,0.0003755470873401701,2434.992159658896,2672.5074025113877
5203,2599.5412781239,4.0,3.75,2.0085947342710564,0.0003755929105974917,9984.214009882442,5347.797249622716
5204,2600.0415764336,1.0,0.8344189838299938,1.0136158408962894,0.0003756387467488253,2221.3336378420427,2698.3793596086457
5205,2600.5418748775,2.0,2.0,1.4142135623730951,0.0003756845957867145,5323.614602328411,3764.3639857301455
5206,2601.0421734556,5.0,5.0,2.23606797749979,0.00037573045770370334,13307.411995710345,5951.255565400894
5207,2601.5424721679,0.0,-0.08272761436038897,0.08272761436038899,0.0003757763324923315,-220.15121019383838,220.15121019383844
5208,2602.0427710144,1.0,0.8321635138457543,1.0139867287517152,0.00037582222014516836,2214.247772588634,2698.048902909583
5209,2602.5430699951003,1.0,1.0,1.0,0.0003758681206547429,2660.5076223491674,2660.5076223491674
5210,2603.04336911,2.0,2.0,1.4142135623730951,0.00037591403401368584,5320.36534695373,3762.0664152209015
5211,2603.5436683590997,2.0,1.839059439532347,1.4187850196565446,0.00037595996021448066,4891.636435122467,3773.766277789647
5212,2604.0439677424,2.0,1.5799055583421038,1.4367495037130817,0.00037600589924976537,4201.810560670584,3821.0823462604976
5213,2604.5442672599,5.0,4.670659318893239,2.245376246975565,0.00037605185111209,12420.253497172793,5970.921936257892
5214,2605.0445669116,1.0,0.657551297057378,1.028900168662413,0.0003760978157940414,1748.351810204253,2735.7249243528154
5215,2605.5448666975,3.0,3.0,1.7320508075688772,0.00037614379328819566,7975.673275835355,4604.757112772046
5216,2606.0451666176,2.0,2.0,1.4142135623730951,0.0003761897835871817,5316.465484333126,3759.3087959161767
5217,2606.5454666719,1.0,0.7687611437773277,1.0088725404508356,0.0003762357866835709,2043.2961748635732,2681.4901084870403
5218,2607.0457668604,2.0,1.4795418943850789,1.4457842900078228,0.00037628180256993614,3932.004907705016,3842.291283111167
5219,2607.5460671831,3.0,3.0,1.7320508075688772,0.00037632783123895037,7971.772882498138,4602.505219628858
5220,2608.04636764,2.0,1.9246178091181094,1.416221195541909,0.0003763738726831876,5113.5797376088185,3762.8042176402932
5221,2608.5466682311,4.0,3.6751839290850006,2.010443806213935,0.0003764199268952466,9763.521180715183,5340.960088899382
5222,2609.0469689564,5.0,4.574249795608765,2.2510640374798463,0.0003764659938677796,12150.499301711985,5979.461821644515
5223,2609.5472698159,1.0,0.75,1.0180946881616622,0.00037651207359341014,1991.9679941257714,2704.0160450766516
5224,2610.0475708095996,13.0,12.75,3.610627886842824,0.0003765581660647455,33859.3108555977,9588.499765058905
5225,2610.5478719375,9.0,8.75,3.0061190923015153,0.00037660427127442876,23233.93723175258,7982.169405909309
5226,2611.0481731996,16.0,15.606033718008282,4.00589998874817,0.0003766503892151095,41433.738461094465,10635.592325009793
5227,2611.5484745959,13.0,12.035751733006004,3.623020588737101,0.0003766965198794148,31950.7908829601,9617.876453695073
5228,2612.0487761264003,21.0,18.862360065033897,4.611709466098429,0.0003767426632600206,50066.96056617155,12241.006702539327
5229,2612.5490777911,25.0,20.547184810089234,5.060431630210475,0.0003767888193495491,54532.36336884905,13430.41876599816
5230,2613.0493795899997,18.0,10.913431988203472,4.358026799775549,0.00037683498814067713,28960.77150917142,11564.814672008757
5231,2613.5496815231,40.0,28.95219548137798,6.442935231808019,0.00037688116962605926,76820.48829901555,17095.40234711298
5232,2614.0499835904,50.0,33.01558701871349,7.242548639641927,0.000376927363798374,87591.37751636993,19214.706426875688
5233,2614.5502857918996,42.0,22.77015772418699,6.707310368228421,0.0003769735706502769,60402.53083235682,17792.52151989954
5234,2615.0505881276,46.0,29.634884751194424,6.963526637322315,0.0003770197901744715,78602.99518356964,18469.923380148928
5235,2615.5508905975,28.0,13.604977941941513,5.5068259688635015,0.00037706602236360984,36081.155911794274,14604.40782848685
5236,2616.0511932016,17.0,7.994584463467437,4.29647015197508,0.0003771122672103799,21199.481317873684,11393.079794930683
5237,2616.5514959399,9.0,3.473107281026527,3.1479072548661637,0.0003771585247074878,9208.614027006704,8346.377050094734
5238,2617.0517988123997,13.0,10.086514383783776,3.6741683818396775,0.0003772047948476286,26740.15421213882,9740.51346119249
5239,2617.5521018191,4.0,2.943798046548577,2.044556959093746,0.000377251077623487,7803.285984212922,5419.618605130408
5240,2618.05240496,2.0,1.6280605550041973,1.4384608007769601,0.00037729737302778956,4315.059344143071,3812.538606440314
5241,2618.5527082351,1.0,1.0,1.0,0.00037734368105320486,2650.104003885523,2650.104003885523
5242,2619.0530116443997,2.0,1.9371083311874213,1.4156113032912783,0.00037739000169249604,5132.908456768844,3751.056723661543
5243,2619.5533151879,3.0,2.812322131471433,1.7421891350641083,0.0003774363349383511,7451.116575543226,4615.849015566215
5244,2620.0536188656,1.0,0.9382475612000254,1.0019048675886073,0.0003774826807835059,2485.538036480486,2654.174399495749
5245,2620.5539226775,1.0,0.811182590798279,1.0176698944243414,0.00037752903922067937,2148.662769022421,2695.6069300657864
5246,2621.0542266236002,5.0,5.0,2.23606797749979,0.00037757541024260286,13242.38778364131,5922.17585372695
5247,2621.5545307038997,3.0,3.0,1.7320508075688772,0.00037762179384201477,7944.456726073143,4586.734229363662
5248,2622.0548349184,4.0,4.0,2.0,0.0003776681900116599,10591.30767639315,5295.653838196575
5249,2622.5551392671,1.0,1.0,1.0,0.00037771459874429044,2647.5015880362926,2647.5015880362926
5250,2623.05544375,2.0,1.9416689791450379,1.415416019407009,0.0003777610200326522,5139.940004866589,3746.8556689217585
5251,2623.5557483670996,1.0,0.8077602408818316,1.0183104266311975,0.00037780745386947577,2138.0209220564907,2695.3158710918433
5252,2624.0560531184,1.0,0.9428106944178247,1.0016339734019466,0.00037785390024755634,2495.172588664902,2650.8498992486566
5253,2624.5563580039,0.0,-0.1933817850443934,0.1933817850443934,0.00037790035915963717,-511.7269151964547,511.7269151964547
5254,2625.0566630236,1.0,1.0,1.0,0.00037794683059850327,2645.8748137044445,2645.8748137044445
5255,2625.5569681775,2.0,1.944524432275904,1.415301218332801,0.00037799331455691776,5144.335514386724,3744.249339414406
5256,2626.0572734656,0.0,-0.25,0.2026743578111145,0.00037803981102765556,-661.3060125080615,536.1190856068009
5257,2626.5575788879,1.0,0.8043322991908555,1.01896312452411,0.00037808632000349855,2127.3774178960316,2695.0541995665994
5258,2627.0578844444,2.0,2.0,1.4142135623730951,0.00037813284147722936,5289.146513132045,3739.991366124852
5259,2627.5581901351,0.0,-0.053188409359392466,0.05318840935939247,0.00037817937544167295,-140.64333703358125,140.64333703358128
5260,2628.0584959599996,0.0,-0.25,0.2042763321993459,0.00037822592188957834,-660.980608497232,540.0907774348254
5261,2628.5588019191,3.0,2.8020438982328595,1.7433263085913784,0.0003782724808137778,7407.474876852846,4608.652220327948
5262,2629.0591080124,1.0,1.0,1.0,0.00037831905220707504,2643.271582982938,2643.271582982938
5263,2629.5594142399,0.0,0.0,0.0,0.00037836563606226875,0.0,0.0
5264,2630.0597206016,2.0,2.0,1.4142135623730951,0.00037841223237217565,5285.241408456801,3737.230040127744
5265,2630.5600270974996,1.0,1.0,1.0,0.00037845884112960247,2642.2952546576976,2642.2952546576976
5266,2631.0603337275998,1.0,1.0,1.0,0.0003785054623273795,2641.9697984043178,2641.9697984043178
5267,2631.5606404919,0.0,0.0,0.0,0.0003785520959583615,0.0,0.0
5268,2632.0609473904,2.0,2.0,1.4142135623730951,0.00037859874201536865,5282.63773237475,3735.3889631141124
5269,2632.5612544231,1.0,0.9525403591572219,1.001125575294591,0.0003786454004912053,2515.6527926168387,2643.966027306448
5270,2633.0615615899997,2.0,1.7968859097264247,1.4287250728071033,0.0003786920713787518,4744.978956607875,3772.788449479189
5271,2633.5618688911,4.0,4.0,2.0,0.0003787387546708309,10561.369679415238,5280.684839707619
5272,2634.0621763264003,0.0,0.0,0.0,0.0003787854503603017,0.0,0.0
5273,2634.5624838959,3.0,3.0,1.7320508075688772,0.0003788321584400298,7919.074273824904,4572.079663725448
5274,2635.0627915995997,2.0,2.0,1.4142135623730951,0.00037887887890285834,5278.731835861415,3732.6270772029197
5275,2635.5630994375,0.0,-0.044014924365941524,0.044014924365941524,0.0003789256117416488,-116.15716383919404,116.15716383919404
5276,2636.0634074096,1.0,0.75,1.022034237166398,0.00037897235694929845,1979.0361651637304,2696.8569565171024
5277,2636.5637155159,3.0,2.75,1.7449189582635187,0.00037901911451864096,7255.57074738179,4603.775618228616
5278,2637.0640237564,2.0,1.7922904693409467,1.4293856194626433,0.0003790658844425871,4728.1766650578265,3770.81050584265
5279,2637.5643321311,2.0,1.958284659632934,1.4148286714729599,0.00037911266671399605,5165.4424438165,3731.947770925606
5280,2638.06464064,0.0,-0.2088599439221283,0.2088599439221283,0.0003791594613257508,-550.8498803955429,550.8498803955429
5281,2638.5649492831,1.0,1.0,1.0,0.00037920626827077635,2637.0872099770754,2637.0872099770754
5282,2639.0652580604,2.0,1.9600109784453592,1.414778824355559,0.00037925308754193434,5168.081797695686,3730.4345589516806
5283,2639.5655669719,0.0,-0.21058672867871897,0.21058672867871897,0.00037929991913215064,-555.198453932043,555.198453932043
5284,2640.0658760175997,2.0,2.0,1.4142135623730951,0.00037934676303429473,5272.221078156901,3728.023276279396
5285,2640.5661851975,1.0,1.0,1.0,0.00037939361924131833,2635.7849718182442,2635.7849718182442
5286,2641.0664945116,3.0,3.0,1.7320508075688772,0.00037944048774610917,7906.37819864747,4564.749581304105
5287,2641.5668039599,0.0,-0.03710871725540866,0.03710871725540866,0.0003794873685415565,-97.78643594390151,97.78643594390151
5288,2642.0671135424,0.0,-0.21346780954237238,0.21346780954237238,0.00037953426162065515,-562.4467436242519,562.4467436242519
5289,2642.5674232591,2.0,2.0,1.4142135623730951,0.00037958116697626667,5268.965307030236,3725.7210984377393
5290,2643.06773311,0.0,0.0,0.0,0.0003796280846013702,0.0,0.0
5291,2643.5680430951,4.0,4.0,2.0,0.0003796750144888522,10535.325863844659,5267.662931922329
5292,2644.0683532144,0.0,0.0,0.0,0.00037972195663169906,0.0,0.0
5293,2644.5686634679,2.0,2.0,1.4142135623730951,0.0003797689110228223,5266.3605207004675,3723.8792363604184
5294,2645.0689738556,1.0,1.0,1.0,0.000379815877655187,2632.854650978658,2632.854650978658
5295,2645.5692843775,0.0,0.0,0.0,0.00037986285652174114,0.0,0.0
5296,2646.0695950336003,0.0,-0.03191438488941391,0.03191438488941391,0.0003799098476154454,-84.0051530375661,84.0051530375661
5297,2646.5699058238997,0.0,-0.2186635396989524,0.2186635396989524,0.00037995685092926166,-575.4957152744221,575.4957152744221
5298,2647.0702167484,1.0,1.0,1.0,0.0003800038664561459,2631.5521716287703,2631.5521716287703
5299,2647.5705278071,0.0,0.0,0.0,0.0003800508941891024,0.0,0.0
5300,2648.070839,2.0,1.9703982453089375,1.4145233345126516,0.0003800979341210602,5183.922532663308,3721.470725126671
5301,2648.5711503271,0.0,-0.25,0.22287460346519444,0.00038014498624504224,-657.6438176113402,586.2884202858564
5302,2649.0714617884,3.0,2.75,1.7463951231514598,0.0003801920505539967,7233.186480340235,4593.455125131367
5303,2649.5717733839,1.0,0.7778656513208718,1.0243747697318109,0.0003802391270409427,2045.7275330245386,2694.027775898797
5304,2650.0720851136,1.0,1.0,1.0,0.0003802862156988471,2629.5983359857332,2629.5983359857332
5305,2650.5723969775004,5.0,5.0,2.23606797749979,0.0003803333165207193,13146.363420748643,5879.232453142127
5306,2651.0727089755997,0.0,0.0,0.0,0.00038038042949956334,0.0,0.0
5307,2651.5730211079,1.0,0.974451327447391,1.0003263140941563,0.00038042755462840063,2561.4635837807,2629.4791266402062
5308,2652.0733333744,6.0,5.774969039600291,2.4598046534508415,0.0003804746919001966,15178.326344804924,6465.094014968228
5309,2652.5736457751,0.0,0.0,0.0,0.0003805218413080102,0.0,0.0
5310,2653.07395831,4.0,4.0,2.0,0.0003805690028448423,10510.577503945578,5255.288751972789
5311,2653.5742709790998,5.0,5.0,2.23606797749979,0.00038061617650372425,13136.593525606697,5874.86322320804
5312,2654.0745837824,2.0,2.0,1.4142135623730951,0.0003806633622776828,5253.986062732926,3715.1291732180616
5313,2654.5748967199,1.0,1.0,1.0,0.00038071056015972734,2626.667354802161,2626.667354802161
5314,2655.0752097916,1.0,1.0,1.0,0.00038075777014293804,2626.341675508279,2626.341675508279
5315,2655.5755229975,2.0,2.0,1.4142135623730951,0.0003808049922203266,5252.031987130141,3713.7474331083813
5316,2656.0758363376,1.0,1.0,1.0,0.0003808522263849344,2625.6903090525234,2625.6903090525234
5317,2656.5761498119,0.0,0.0,0.0,0.0003808994726298263,0.0,0.0
5318,2657.0764634204,2.0,2.0,1.4142135623730951,0.0003809467309480626,5250.077865276852,3712.365660294656
5319,2657.5767771631,1.0,1.0,1.0,0.0003809940013326875,2624.7132408963853,2624.7132408963853
5320,2658.0770910399997,4.0,4.0,2.0,0.00038104128377676276,10497.550187615481,5248.775093807741
5321,2658.5774050511,0.0,0.0,0.0,0.0003810885782733744,0.0,0.0
5322,2659.0777191964003,1.0,1.0,1.0,0.00038113588481557444,2623.736152485049,2623.736152485049
5323,2659.5780334759,2.0,2.0,1.4142135623730951,0.0003811832033964327,5246.820904435258,3710.0626411975054
5324,2660.0783478895996,0.0,0.0,0.0,0.0003812305340090793,0.0,0.0
5325,2660.5786624375,0.0,-0.015091518331448853,0.015091518331448853,0.0003812778766465328,-39.58141622111368,39.58141622111368
5326,2661.0789771196,1.0,0.7645090899820816,1.0273538673218043,0.0003813252313019248,2004.874126403559,2694.1670337790174
5327,2661.5792919359,0.0,0.0,0.0,0.0003813725979683341,0.0,0.0
5328,2662.0796068863997,0.0,-0.013343767395704876,0.013343767395704876,0.0003814199766388586,-34.98444814897361,34.98444814897361
5329,2662.5799219711,0.0,-0.25,0.2375820767390197,0.00038146736730660237,-655.3640531958368,622.8110111134732
5330,2663.08023719,1.0,0.7621778236295319,1.0278907469053247,0.00038151476996467644,1997.767540428645,2694.2357880416916
5331,2663.5805525431,0.0,-0.011594618804822265,0.011594618804822265,0.00038156218460618044,-30.38723246851454,30.38723246851454
5332,2664.0808680304003,3.0,2.7610112586864606,1.748460928495295,0.00038160961122425603,7235.172221760236,4581.805271848349
5333,2664.5811836518997,0.0,0.0,0.0,0.000381657049811976,0.0,0.0
5334,2665.0814994076,5.0,5.0,2.23606797749979,0.0003817045003625182,13099.138195256603,5858.112690251536
5335,2665.5818152975,0.0,0.0,0.0,0.00038175196286896235,0.0,0.0
5336,2666.0821313216,1.0,1.0,1.0,0.00038179943732447134,2619.1762015357617,2619.1762015357617
5337,2666.5824474798997,1.0,1.0,1.0,0.0003818469237221726,2618.8504813714,2618.8504813714
5338,2667.0827637724,0.0,0.0,0.0,0.00038189442205520114,0.0,0.0
5339,2667.5830801991,0.0,-0.006923389665273654,0.006923389665273654,0.00038194193231672746,-18.12681216560531,18.12681216560531
5340,2668.08339676,0.0,-0.24366121278860242,0.24366121278860242,0.0003819894544998528,-637.8741871490495,637.8741871490495
5341,2668.5837134551,0.0,0.0,0.0,0.00038203698859777866,0.0,0.0
5342,2669.0840302844,0.0,0.0,0.0,0.00038208453460363673,0.0,0.0
5343,2669.5843472479,3.0,3.0,1.7320508075688772,0.0003821320925106125,7850.688436791486,4532.597082305447
5344,2670.0846643456002,1.0,1.0,1.0,0.00038217966231182785,2616.5704212279106,2616.5704212279106
5345,2670.5849815775,3.0,3.0,1.7320508075688772,0.0003822272440004872,7848.734089703392,4531.468739488045
5346,2671.0852989436,0.0,0.0,0.0,0.0003822748375697842,0.0,0.0
5347,2671.5856164438997,1.0,1.0,1.0,0.0003823224430128492,2615.593246683642,2615.593246683642
5348,2672.0859340784,1.0,1.0,1.0,0.00038237006032291164,2615.267521613747,2615.267521613747
5349,2672.5862518471,2.0,1.9989296228766402,1.4142139674416974,0.0003824176894931216,5227.084619244828,3698.087212744206
5350,2673.0865697500003,1.0,0.75,1.0306591861753063,0.0003824653305167039,1960.9620537023923,2694.7780725194198
5351,2673.5868877871,0.0,-0.25,0.24989793192761678,0.0003825129833868336,-653.5725867040078,653.3057511276583
5352,2674.0872059584,0.0,-0.0006885553558706459,0.0006885553558706459,0.00038256064809670277,-1.7998593407249626,1.7998593407249626
5353,2674.5875242639,0.0,0.0,0.0,0.0003826083246395573,0.0,0.0
5354,2675.0878427036,1.0,0.7518619540726148,1.0303263996601568,0.00038265601300856714,1964.8507497928215,2692.5655540060447
5355,2675.5881612774997,1.0,0.9975511136421463,1.0000029985177012,0.000382703713196951,2606.5885415874604,2612.9952859983596
5356,2676.0884799856,0.0,0.0,0.0,0.00038275142519793916,0.0,0.0
5357,2676.5887988279,1.0,1.0,1.0,0.0003827991490047514,2612.336005970556,2612.336005970556
5358,2677.0891178044,0.0,0.0,0.0,0.0003828468846106137,0.0,0.0
5359,2677.5894369151,1.0,0.754798168333731,1.0296232020756395,0.0003828946320087537,1971.2947250628338,2689.05102344736
5360,2678.08975616,0.0,-0.005385877034469244,0.005385877034469216,0.0003829423911923868,-14.064457626900408,14.064457626900335
5361,2678.5900755391,0.0,-0.244026258982855,0.244026258982855,0.0003829901621548003,-637.1606456152842,637.1606456152842
5362,2679.0903950524,1.0,0.75,1.0292255502344014,0.0003830379448891711,1958.030555476707,2687.006767781713
5363,2679.5907146999,3.0,2.9928500651737884,1.7320655650315373,0.000383085739388799,7812.481012602517,4521.352237739239
5364,2680.0910344815998,0.0,0.0,0.0,0.0003831335456469386,0.0,0.0
5365,2680.5913543975,1.0,0.7583267497582754,1.0287885885265249,0.00038318136365681545,1979.0282662009818,2684.860711148592
5366,2681.0916744476,4.0,3.75,2.0144977719746553,0.00038322919341167384,9785.267052898189,5256.639646997442
5367,2681.5919946319,3.0,2.9904958141911018,1.73207688326699,0.00038327703490482264,7802.439337211314,4519.125138027402
5368,2682.0923149504,1.0,1.0,1.0,0.0003833248881295138,2608.753125526591,2608.753125526591
5369,2682.5926354031,1.0,1.0,1.0,0.0003833727530789987,2608.4274168381953,2608.4274168381953
5370,2683.09295599,0.0,0.0,0.0,0.000383420629746578,0.0,0.0
5371,2683.5932767111,2.0,2.0,1.4142135623730951,0.0003834685181255221,5215.552008744908,3687.9521930146443
5372,2684.0935975664,2.0,2.0,1.4142135623730951,0.0003835164182091505,5214.900601489507,3687.4915785270355
5373,2684.5939185559,0.0,-0.23695977935674825,0.23695977935674825,0.0003835643299906829,-617.7836697236789,617.7836697236789
5374,2685.0942396796,2.0,1.986369896747584,1.4142792438958693,0.0003836122534634692,5178.066859996022,3686.741575971449
5375,2685.5945609375,2.0,2.0,1.4142135623730951,0.0003836601886207952,5212.946402361216,3686.1097510716327
5376,2686.0948823296,0.0,0.0,0.0,0.00038370813545594173,0.0,0.0
5377,2686.5952038559003,0.0,0.0,0.0,0.0003837560939622255,0.0,0.0
5378,2687.0955255164,0.0,0.0,0.0,0.00038380406413296436,0.0,0.0
5379,2687.5958473111,1.0,1.0,1.0,0.0003838520459614701,2605.170430953954,2605.170430953954
5380,2688.09616924,0.0,-0.2328273403104343,0.2328273403104343,0.0003839000394410562,-606.4790736917403,606.4790736917403
5381,2688.5964913031003,2.0,1.9822363707778536,1.4143251205161924,0.00038394804456505423,5162.7724084996435,3683.6367329813456
5382,2689.0968135004,1.0,0.7683547540281608,1.0264791863361642,0.000383996061326773,2000.9443622243464,2673.150299483543
5383,2689.5971358319,0.0,-0.018946034106966242,0.01894603410696627,0.0003840440897195687,-49.332966224791406,49.33296622479148
5384,2690.0974582976,1.0,0.7695374694577111,1.0262129301387484,0.00038409212973674543,2003.5231390581935,2671.7884868979454
5385,2690.5977808975,1.0,0.9798709399193753,1.0002025690127623,0.00038414018137167326,2550.8160495486027,2603.7436787822526
5386,2691.0981036316,1.0,1.0,1.0,0.0003841882446176578,2602.890676666057,2602.890676666057
5387,2691.5984264998997,0.0,-0.22868729285976852,0.22868729285976852,0.0003842363194680881,-595.1735462601464,595.1735462601464
5388,2692.0987495024,0.0,-0.25,0.22914461710153777,0.00038428440591629405,-650.5598357651174,596.2891378721486
5389,2692.5990726391,1.0,0.9775030247177674,1.0002530249376151,0.00038433250395563745,2543.378492990013,2602.572029799155
5390,2693.09939591,3.0,3.0,1.7320508075688772,0.0003843806135794501,7804.7640646161535,4506.082633667654
5391,2693.5997193151,1.0,1.0,1.0,0.0003844287347811527,2601.262365492213,2601.262365492213
5392,2694.1000428544,1.0,1.0,1.0,0.0003844768675540444,2600.9367126864504,2600.9367126864504
5393,2694.6003665279,0.0,0.0,0.0,0.0003845250118915473,0.0,0.0
5394,2695.1006903356,1.0,1.0,1.0,0.0003845731677870196,2600.2854170881983,2600.2854170881983
5395,2695.6010142775003,2.0,2.0,1.4142135623730951,0.0003846213352338681,5199.919548882812,3676.8983746395293
5396,2696.1013383535997,0.0,0.0,0.0,0.00038466951422543537,0.0,0.0
5397,2696.6016625639,0.0,-0.44551948277979636,0.31502984742431733,0.0003847177047551228,-1158.0425784235083,818.859760106017
5398,2697.1019869084,1.0,0.72216613227047,1.0251376681761284,0.00038476590681632745,1876.897405609288,2664.3152369149225
5399,2697.6023113871,2.0,1.971572367884956,1.4144992507130107,0.00038481412040245844,5123.440807793082,3675.798718699965
5400,2698.102636,2.0,2.0,1.4142135623730951,0.00038486234550690225,5196.663231280264,3674.595810381071
5401,2698.6029607471,0.0,0.0,0.0,0.00038491058212306923,0.0,0.0
5402,2699.1032856284,0.0,0.0,0.0,0.0003849588302443656,0.0,0.0
5403,2699.6036106439,0.0,0.0,0.0,0.0003850070898641911,0.0,0.0
5404,2700.1039357936,2.0,2.0,1.4142135623730951,0.00038505536097597625,5194.058316525506,3672.7538574935684
5405,2700.6042610775,3.0,3.0,1.7320508075688772,0.0003851036435731582,7790.1106625860575,4497.622488061033
5406,2701.1045864956,1.0,1.0,1.0,0.0003851519376491393,2596.377954382686,2596.377954382686
5407,2701.6049120479,0.0,-0.21681666327201646,0.21681666327201646,0.00038520024319734083,-562.8674101354078,562.8674101354078
5408,2702.1052377344,3.0,2.966221501510417,1.7323801508214676,0.0003852485602112307,7699.500550719895,4496.785529507517
5409,2702.6055635551,1.0,1.0,1.0,0.0003852968886842139,2595.4011811904134,2595.4011811904134
5410,2703.10588951,1.0,1.0,1.0,0.0003853452286097487,2595.075599113572,2595.075599113572
5411,2703.6062155991,0.0,0.0,0.0,0.0003853935799812763,0.0,0.0
5412,2704.1065418224002,0.0,0.0,0.0,0.0003854419427922561,0.0,0.0
5413,2704.6068681799,3.0,3.0,1.7320508075688772,0.000385490317036114,7782.296642535252,4493.111061481249
5414,2705.1071946715997,0.0,0.0,0.0,0.00038553870270633983,0.0,0.0
5415,2705.6075212974997,1.0,1.0,1.0,0.00038558709979636606,2593.4477593470165,2593.4477593470165
5416,2706.1078480575998,0.0,-0.21145461802486393,0.21145461802486393,0.0003856355082996963,-548.3276655647907,548.3276655647907
5417,2706.6081749519,0.0,-0.03914194107884539,0.03914194107884539,0.0003856839282097645,-101.48709400604581,101.48709400604581
5418,2707.1085019804,2.0,2.0,1.4142135623730951,0.0003857323595200639,5184.942229084541,3666.307810246173
5419,2707.6088291430997,1.0,1.0,1.0,0.000385780802224065,2592.14557654217,2592.14557654217
5420,2708.10915644,0.0,0.0,0.0,0.00038582925631524493,0.0,0.0
5421,2708.6094838711,0.0,0.0,0.0,0.0003858777217870991,0.0,0.0
5422,2709.1098114364,1.0,1.0,1.0,0.0003859261986331294,2591.1689943356855,2591.1689943356855
5423,2709.6101391358998,0.0,0.0,0.0,0.00038597468684679155,0.0,0.0
5424,2710.1104669695997,0.0,0.0,0.0,0.0003860231864216185,0.0,0.0
5425,2710.6107949375,1.0,1.0,1.0,0.00038607169735110236,2590.1924612996877,2590.1924612996877
5426,2711.1111230396,1.0,1.0,1.0,0.0003861202196287538,2589.8669615423873,2589.8669615423873
5427,2711.6114512759,0.0,0.0,0.0,0.00038616875324807285,0.0,0.0
5428,2712.1117796464,0.0,0.0,0.0,0.00038621729820257126,0.0,0.0
5429,2712.6121081511,1.0,1.0,1.0,0.00038626585448579674,2588.8904970158856,2588.8904970158856
5430,2713.11243679,1.0,0.7969113377679694,1.0204141339315111,0.00038631442209121654,2062.8568135098067,2641.408333677408
5431,2713.6127655631003,2.0,1.9524899295519382,1.4150113804468076,0.0003863630010124088,5053.511657264589,3662.3884190229737
5432,2714.1130944703996,1.0,1.0,1.0,0.000386411591242877,2587.9140860747502,2587.9140860747502
5433,2714.6134235119,1.0,1.0,1.0,0.00038646019277617787,2587.5886279939823,2587.5886279939823
5434,2715.1137526876,1.0,1.0,1.0,0.0003865088056058156,2587.263176145743,2587.263176145743
5435,2715.6140819975,1.0,1.0,1.0,0.0003865574297253602,2586.937730599244,2586.937730599244
5436,2716.1144114416,1.0,0.8005060626255873,1.0197047764177365,0.00038660606512835286,2070.59882094664,2637.5809083057075
5437,2716.6147410198996,0.0,-0.05110572681369288,0.05110572681369288,0.00038665471180832946,-132.17406966199536,132.17406966199536
5438,2717.1150707324,1.0,1.0,1.0,0.0003867033697588679,2585.96143246323,2585.96143246323
5439,2717.6154005791,0.0,0.0,0.0,0.0003867520389734942,0.0,0.0
5440,2718.11573056,0.0,-0.19709434912514817,0.19709434912514817,0.0003868007194457984,-509.5501099572453,509.5501099572453
5441,2718.6160606750996,0.0,-0.05350593605985829,0.05350593605985829,0.0003868494111693492,-138.31205248089483,138.31205248089483
5442,2719.1163909243996,1.0,1.0,1.0,0.0003868981141376861,2584.659794035926,2584.659794035926
5443,2719.6167213078998,2.0,2.0,1.4142135623730951,0.0003869468283444137,5168.668802784034,3654.8007601559448
5444,2720.1170518256,1.0,0.8053077231016527,1.0187762672362675,0.00038699555378310174,2080.9224168838928,2632.5270594898307
5445,2720.6173824775,0.0,-0.05590862927672566,0.05590862927672566,0.00038704429044729893,-144.4502106260584,144.4502106260584
5446,2721.1177132636,1.0,1.0,1.0,0.0003870930383306576,2583.358265270049,2583.358265270049
5447,2721.6180441839,0.0,0.0,0.0,0.00038714179742670965,0.0,0.0
5448,2722.1183752384,0.0,0.0,0.0,0.00038719056772907494,0.0,0.0
5449,2722.6187064271003,1.0,0.8083138064379607,1.0182060679461225,0.0003872393492313504,2087.3751803436835,2629.397218973763
5450,2723.11903775,1.0,0.9410845111583991,1.0017340140104283,0.0003872881419271225,2429.933708983753,2586.534173305333
5451,2723.6193692070997,0.0,0.0,0.0,0.00038733694581000703,0.0,0.0
5452,2724.1197007984,0.0,0.0,0.0,0.0003873857608736265,0.0,0.0
5453,2724.6200325239,1.0,0.6214429350345991,1.0352066101593485,0.00038743458711156957,1603.9944695377499,2671.9519748536027
5454,2725.1203643836,0.0,-0.31132377089609187,0.2076533871207093,0.0003874834245174775,-803.4505509074997,535.9026321688325
5455,2725.6206963775,1.0,0.938073770482267,1.0019155942005709,0.00038753227308494593,2420.6339333102305,2585.373306395449
5456,2726.1210285056,1.0,1.0,1.0,0.00038758113280761773,2580.104951848537,2580.104951848537
5457,2726.6213607679,0.0,0.0,0.0,0.0003876300036791306,0.0,0.0
5458,2727.1216931644003,0.0,0.0,0.0,0.0003876788856930941,0.0,0.0
5459,2727.6220256951,0.0,0.0,0.0,0.00038772777884315873,0.0,0.0
5460,2728.12235836,1.0,1.0,1.0,0.0003877766831229705,2578.803841289455,2578.803841289455
5461,2728.6226911590998,1.0,1.0,1.0,0.00038782559852615817,2578.4785836733563,2578.4785836733563
5462,2729.1230240924,0.0,-0.18385221336828078,0.18385221336828078,0.00038787452504639256,-473.99919689567326,473.99919689567326
5463,2729.6233571599,0.0,-0.0667514871804987,0.0667514871804987,0.0003879234626773151,-172.07385889938897,172.07385889938897
5464,2730.1236903616,1.0,1.0,1.0,0.00038797241141256866,2577.502859956202,2577.502859956202
5465,2730.6240236975,0.0,0.0,0.0,0.00038802137124583193,0.0,0.0
5466,2731.1243571676,2.0,2.0,1.4142135623730951,0.00038807034217074857,5153.704838181146,3644.219639311808
5467,2731.6246907719,0.0,0.0,0.0,0.0003881193241810223,0.0,0.0
5468,2732.1250245104,0.0,0.0,0.0,0.00038816831727028637,0.0,0.0
5469,2732.6253583831,1.0,1.0,1.0,0.0003882173214322508,2575.876821545979,2575.876821545979
5470,2733.12569239,0.0,0.0,0.0,0.00038826633666056353,0.0,0.0
5471,2733.6260265311003,0.0,0.0,0.0,0.0003883153629489469,0.0,0.0
5472,2734.1263608064,1.0,0.8221917778267489,1.0156848742953752,0.0003883644002910499,2117.0626793047404,2615.2883053498103
5473,2734.6266952159,0.0,-0.07279703074735919,0.07279703074735919,0.0003884134486805793,-187.42149890702032,187.42149890702032
5474,2735.1270297595997,0.0,0.0,0.0,0.0003884625081112494,0.0,0.0
5475,2735.6273644375,0.0,0.0,0.0,0.0003885115785767331,0.0,0.0
5476,2736.1276992496,0.0,0.0,0.0,0.00038856066007074636,0.0,0.0
5477,2736.6280341959,1.0,1.0,1.0,0.00038860975258697537,2573.2756147857826,2573.2756147857826
5478,2737.1283692764,0.0,0.0,0.0,0.00038865885611917203,0.0,0.0
5479,2737.6287044911,0.0,0.0,0.0,0.0003887079706610068,0.0,0.0
5480,2738.12903984,0.0,-0.1729618522558655,0.1729618522558655,0.0003887570962062439,-444.90982658257525,444.90982658257525
5481,2738.6293753231002,1.0,0.75,1.0177106955131567,0.000388806232748556,1928.9814226950184,2617.526700430541
5482,2739.1297109404,2.0,1.9217487074485078,1.41637680889867,0.00038885538028170843,4942.065366451369,3642.425643879655
5483,2739.6300466918997,3.0,3.0,1.7320508075688772,0.00038890453879941614,7713.975283655146,4453.665706540418
5484,2740.1303825776,1.0,0.8294650582833614,1.0144368715431717,0.0003889537082954105,2132.554698908751,2608.1172383956464
5485,2740.6307185975,1.0,0.9199278260052334,1.003200654429735,0.0003890028887634424,2364.835461580989,2578.9028395616724
5486,2741.1310547516,1.0,1.0,1.0,0.00038905208019722855,2570.349963154171,2570.349963154171
5487,2741.6313910399,0.0,-0.16871312889266443,0.16871312889266443,0.0003891012825905436,-433.59694876720175,433.59694876720175
5488,2742.1317274624,1.0,0.9181055474926323,1.0033477469708503,0.0003891504959371283,2359.255756006958,2578.3026295640457
5489,2742.6320640191,0.0,0.0,0.0,0.00038919972023073086,0.0,0.0
5490,2743.13240071,0.0,0.0,0.0,0.0003892489554650986,0.0,0.0
5491,2743.6327375350997,3.0,3.0,1.7320508075688772,0.00038929820163400403,7706.174822817263,4449.162108375863
5492,2744.1330744944,0.0,0.0,0.0,0.00038934745873122587,0.0,0.0
5493,2744.6334115879,1.0,1.0,1.0,0.000389396726750508,2568.0750024401573,2568.0750024401573
5494,2745.1337488156,0.0,0.0,0.0,0.00038944600568564233,0.0,0.0
5495,2745.6340861775,1.0,0.8361518686859457,1.0133342045619045,0.0003894952955303747,2146.75729920527,2601.6596764847955
5496,2746.1344236736,2.0,1.586760691903569,1.4355561852728682,0.00038954459627853276,4073.3736446673774,3685.216529730564
5497,2746.6347613038997,1.0,0.825260659306847,1.007604544746072,0.0003895939079238405,2118.258634239662,2586.2944061821495
5498,2747.1350990684,0.0,0.0,0.0,0.00038964323046015016,0.0,0.0
5499,2747.6354369671003,0.0,0.0,0.0,0.0003896925638812107,0.0,0.0
5500,2748.1357749999997,1.0,1.0,1.0,0.00038974190818081726,2565.8005439231824,2565.8005439231824
5501,2748.6361131670997,0.0,0.0,0.0,0.0003897912633527959,0.0,0.0
5502,2749.1364514684,0.0,0.0,0.0,0.0003898406293909316,0.0,0.0
5503,2749.6367899039,2.0,1.84102680071163,1.4231206828979686,0.000389890006289028,4721.913285838019,3650.056836396571
5504,2750.1371284736,0.0,-0.40836313428005244,0.24198156904396576,0.0003899393940409012,-1047.2477018754837,620.5619969204344
5505,2750.6374671774997,2.0,1.8155058280989438,1.420217958530566,0.00038998879264037306,4655.276926824681,3641.6891596169935
5506,2751.1378060156,2.0,2.0,1.4142135623730951,0.000390038202081244,5127.70284892095,3625.833456381583
5507,2751.6381449879,0.0,-0.15653200792459643,0.15653200792459643,0.0003900876223573434,-401.2739675733772,401.2739675733772
5508,2752.1384840944,2.0,1.9059213220307898,1.4173393375082888,0.0003901370534625067,4885.260974612745,3632.926749533928
5509,2752.6388233351,1.0,1.0,1.0,0.00039018649539055415,2562.877013462646,2562.877013462646
5510,2753.1391627099997,1.0,1.0,1.0,0.00039023594813531625,2562.5522322542283,2562.5522322542283
5511,2753.6395022191,2.0,2.0,1.4142135623730951,0.0003902854116906432,5124.454924759742,3623.536827182413
5512,2754.1398418624,0.0,0.0,0.0,0.0003903348860503567,0.0,0.0
5513,2754.6401816399,2.0,2.0,1.4142135623730951,0.0003903843712083073,5123.155913771992,3622.618287704139
5514,2755.1405215515997,1.0,1.0,1.0,0.00039043386715834674,2561.2532213923796,2561.2532213923796
5515,2755.6408615975,4.0,4.0,2.0,0.0003904833738943396,10243.71398993893,5121.856994969465
5516,2756.1412017776,2.0,2.0,1.4142135623730951,0.00039053289141012027,5121.207570451957,3621.2406009304627
5517,2756.6415420919,0.0,-0.150418164121495,0.150418164121495,0.00039058241969956096,-385.11247955603795,385.11247955603795
5518,2757.1418825404,1.0,0.8998059260427642,1.0050068917455979,0.00039063195875652177,2303.4621358351455,2572.7718104396363
5519,2757.6422231231,1.0,1.0,1.0,0.0003906815085748635,2559.629718969351,2559.629718969351
5520,2758.14256384,0.0,0.0,0.0,0.0003907310691484647,0.0,0.0
5521,2758.6429046911,1.0,1.0,1.0,0.0003907806404711883,2558.9804008567016,2558.9804008567016
5522,2759.1432456764,1.0,1.0,1.0,0.0003908302225369376,2558.6557598049862,2558.6557598049862
5523,2759.6435867959,1.0,1.0,1.0,0.0003908798153395641,2558.331130839495,2558.331130839495
5524,2760.1439280495997,1.0,1.0,1.0,0.0003909294188729679,2558.006514022289,2558.006514022289
5525,2760.6442694375,1.0,0.8544840865354831,1.010531979242326,0.0003909790331310477,2185.498490015137,2584.6193621938223
5526,2761.1446109596,1.0,0.75,1.0158947847744118,0.00039102865810768756,1918.017987810636,2598.005961227115
5527,2761.6449526159,0.0,-0.10571120134057832,0.10571120134057832,0.0003910782937967702,-270.30700250398644,270.30700250398644
5528,2762.1452944064,0.0,0.0,0.0,0.0003911279401922328,0.0,0.0
5529,2762.6456363311,0.0,0.0,0.0,0.00039117759728793736,0.0,0.0
5530,2763.14597839,0.0,0.0,0.0,0.00039122726507780976,0.0,0.0
5531,2763.6463205831,0.0,0.0,0.0,0.0003912769435557768,0.0,0.0
5532,2764.1466629103998,0.0,0.0,0.0,0.000391326632715738,0.0,0.0
5533,2764.6470053719,0.0,0.0,0.0,0.0003913763325516151,0.0,0.0
5534,2765.1473479676,0.0,0.0,0.0,0.00039142604305730864,0.0,0.0
5535,2765.6476906975,0.0,0.0,0.0,0.00039147576422678235,0.0,0.0
5536,2766.1480335616,1.0,1.0,1.0,0.0003915254960539616,2554.1120823001934,2554.1120823001934
5537,2766.6483765599,1.0,1.0,1.0,0.0003915752385327483,2553.787629031522,2553.787629031522
5538,2767.1487196924,1.0,0.8624714303677026,1.0094127537658248,0.00039162499165712553,2202.289048812317,2577.49830901901
5539,2767.6490629591,1.0,0.6130869278983995,1.0248312211706345,0.0003916747554210152,1565.2959998389124,2616.5363148539736
5540,2768.1494063600003,1.0,0.6362974193636439,1.0219753129170601,0.0003917245298183376,1624.349181448318,2608.9132416369266
5541,2768.6497498951,0.0,-0.11431838858163271,0.11431838858163268,0.00039177431484307333,-291.79653757399427,291.7965375739942
5542,2769.1500935644,1.0,1.0,1.0,0.00039182411048915687,2552.1655590606474,2552.1655590606474
5543,2769.6504373679,1.0,1.0,1.0,0.0003918739167505518,2551.841184766967,2551.841184766967
5544,2770.1507813056,0.0,-0.1338332563452515,0.1338332563452515,0.00039192373362122857,-341.47780515531,341.47780515531
5545,2770.6511253775,0.0,-0.1167831724236813,0.1167831724236813,0.0003919735610951184,-297.9363508533732,297.9363508533732
5546,2771.1514695836,0.0,0.0,0.0,0.0003920233991662331,0.0,0.0
5547,2771.6518139239,0.0,0.0,0.0,0.00039207324782850424,0.0,0.0
5548,2772.1521583984,2.0,2.0,1.4142135623730951,0.0003921231070759399,5100.439030267791,3606.555025330894
5549,2772.6525030071,0.0,0.0,0.0,0.0003921729769024852,0.0,0.0
5550,2773.1528477499996,1.0,1.0,1.0,0.0003922228573021489,2549.5709425971827,2549.5709425971827
5551,2773.6531926271,0.0,0.0,0.0,0.00039227274826889464,0.0,0.0
5552,2774.1535376384,0.0,0.0,0.0,0.00039232264979671575,0.0,0.0
5553,2774.6538827839,1.0,1.0,1.0,0.0003923725618796292,2548.5981874205995,2548.5981874205995
5554,2775.1542280636004,0.0,0.0,0.0,0.0003924224845116055,0.0,0.0
5555,2775.6545734775,1.0,1.0,1.0,0.00039247241768663473,2547.9497537542597,2547.9497537542597
5556,2776.1549190256,0.0,0.0,0.0,0.0003925223613987648,0.0,0.0
5557,2776.6552647079,1.0,1.0,1.0,0.00039257231564196807,2547.3013764730554,2547.3013764730554
5558,2777.1556105244003,0.0,0.0,0.0,0.0003926222804102599,0.0,0.0
5559,2777.6559564750996,0.0,0.0,0.0,0.0003926722556976608,0.0,0.0
5560,2778.15630256,0.0,0.0,0.0,0.0003927222414981926,0.0,0.0
5561,2778.6566487791,0.0,0.0,0.0,0.00039277223780587157,0.0,0.0
5562,2779.1569951324,0.0,-0.12271379248515228,0.1227137924851523,0.00039282224461472,-312.3901310769963,312.39013107699634
5563,2779.6573416199003,1.0,0.8720945700908115,1.0081467150173404,0.00039287226191877394,2219.791659079043,2566.0928824386538
5564,2780.1576882415998,1.0,1.0,1.0,0.0003929222897120626,2545.0325068929283,2545.0325068929283
5565,2780.6580349974997,1.0,1.0,1.0,0.0003929723279886169,2544.7084407148554,2544.7084407148554
5566,2781.1583818876,0.0,-0.12023597172449066,0.12023597172449066,0.00039302237674249113,-305.92652947918396,305.92652947918396
5567,2781.6587289119,0.0,-0.13038387145736774,0.13038387145736774,0.0003930724359677348,-331.70443797811924,331.70443797811924
5568,2782.1590760704,2.0,1.8810038698352138,1.4192110762653296,0.00039312250565835686,4784.777881604928,3610.0987754150487
5569,2782.6594233631,0.0,-0.131624023408061,0.131624023408061,0.0003931725858084321,-334.77416320219487,334.77416320219487
5570,2783.15977079,0.0,0.0,0.0,0.0003932226764120507,0.0,0.0
5571,2783.6601183511,0.0,-0.35140561158467476,0.20288412444315704,0.00039327277746320234,-893.5416629938364,515.8865196616373
5572,2784.1604660464,0.0,-0.40045624588547135,0.23120352136064384,0.00039332288895597896,-1018.1361347884607,587.8211714918028
5573,2784.6608138758997,0.0,0.0,0.0,0.00039337301088447515,0.0,0.0
5574,2785.1611618396,0.0,0.0,0.0,0.0003934231432427266,0.0,0.0
5575,2785.6615099375,0.0,0.0,0.0,0.0003934732860248113,0.0,0.0
5576,2786.1618581696002,1.0,1.0,1.0,0.00039352343922480774,2541.144695141605,2541.144695141605
5577,2786.6622065358997,2.0,2.0,1.4142135623730951,0.0003935736028367945,5081.6416181990535,3593.2632477883317
5578,2787.1625550363997,2.0,1.887212389288672,1.4187040019433126,0.0003936237768548689,4794.457297188368,3604.213173500431
5579,2787.6629036711,1.0,0.8621659052076057,1.00945442576039,0.0003936739612730817,2190.0506256992267,2564.1889610782687
5580,2788.16325244,0.0,0.0,0.0,0.0003937241560855665,0.0,0.0
5581,2788.6636013431003,0.0,0.0,0.0,0.00039377436128638677,0.0,0.0
5582,2789.1639503804,1.0,1.0,1.0,0.00039382457686965976,2539.2016109013944,2539.2016109013944
5583,2789.6642995519,0.0,0.0,0.0,0.00039387480282947977,0.0,0.0
5584,2790.1646488576002,0.0,0.0,0.0,0.0003939250391599475,0.0,0.0
5585,2790.6649982975,1.0,1.0,1.0,0.0003939752858551529,2538.2302796720487,2538.2302796720487
5586,2791.1653478716,0.0,0.0,0.0,0.00039402554290925596,0.0,0.0
5587,2791.6656975798996,2.0,1.892813325658689,1.4182697145311787,0.0003940758103163421,4803.1705476650395,3598.976839996017
5588,2792.1660474224,1.0,0.8565635721351695,1.0102346305876784,0.0003941260880705144,2173.3237105124567,2563.2270006113727
5589,2792.6663973991,0.0,0.0,0.0,0.00039417637616594116,0.0,0.0
5590,2793.1667475100003,0.0,0.0,0.0,0.00039422667459670317,0.0,0.0
5591,2793.6670977551,1.0,0.895306665604632,1.0054654117704995,0.0003942769833569637,2270.755594155631,2550.14990530195
5592,2794.1674481344,0.0,-0.1459303885567128,0.1459303885567128,0.0003943273024408348,-370.07426991086504,370.07426991086504
5593,2794.6677986479,1.0,1.0,1.0,0.0003943776318424631,2535.6407647365177,2535.6407647365177
5594,2795.1681492956,1.0,1.0,1.0,0.00039442797155598506,2535.3171481603713,2535.3171481603713
5595,2795.6685000774996,0.0,0.0,0.0,0.00039447832157553175,0.0,0.0
5596,2796.1688509936,3.0,3.0,1.7320508075688772,0.0003945286818952921,7604.009892482798,4390.17715834552
5597,2796.6692020439,0.0,0.0,0.0,0.0003945790525093701,0.0,0.0
5598,2797.1695532284,0.0,0.0,0.0,0.0003946294334119501,0.0,0.0
5599,2797.6699045471,2.0,2.0,1.4142135623730951,0.00039467982459717184,5067.398623786486,3583.1919298548028
5600,2798.170256,0.0,0.0,0.0,0.0003947302260592214,0.0,0.0
5601,2798.6706075870998,0.0,0.0,0.0,0.00039478063779224514,0.0,0.0
5602,2799.1709593084,0.0,0.0,0.0,0.0003948310597904012,0.0,0.0
5603,2799.6713111639,0.0,0.0,0.0,0.0003948814920478725,0.0,0.0
5604,2800.1716631535996,0.0,0.0,0.0,0.000394931934558842,0.0,0.0
5605,2800.6720152774997,0.0,-0.09594709134512769,0.09594709134512769,0.0003949823873174987,-242.91486006945047,242.91486006945047
5606,2801.1723675355997,0.0,-0.15467880416491997,0.15467880416491997,0.00039503285031799816,-391.55934510359026,391.55934510359026
5607,2801.6727199279,1.0,1.0,1.0,0.0003950833235545423,2531.111642483557,2531.111642483557
5608,2802.1730724544,0.0,-0.09406893927681924,0.09406893927681924,0.00039513380702132253,-238.06856716702808,238.06856716702808
5609,2802.6734251150997,0.0,-0.1565574217707344,0.1565574217707344,0.0003951843007125312,-396.16305983931005,396.16305983931005
5610,2803.17377791,1.0,1.0,1.0,0.00039523480462236017,2530.141547011484,2530.141547011484
5611,2803.6741308391,1.0,1.0,1.0,0.000395285318744997,2529.818216307475,2529.818216307475
5612,2804.1744839024,2.0,1.9084374359816723,1.4171745492809313,0.00039533584307468187,4827.382766862235,3584.735798957689
5613,2804.6748370999003,0.0,-0.25,0.1832232766651687,0.00039538637760558006,-632.292901728114,463.4031090670102
5614,2805.1751904315997,1.0,0.75,1.0166892386228843,0.00039543692233195055,1896.636246249182,2571.0528815248613
5615,2805.6755438975,1.0,0.75,1.0167324337684158,0.00039548747724796546,1896.3938004281229,2570.8334454568276
5616,2806.1758974976,0.0,-0.25,0.18394094735879948,0.0003955380423478561,-632.0504559208426,465.0398385625637
5617,2806.6762512319,0.0,-0.16157389653622825,0.16157389653622825,0.00039558861762584787,-408.4391950049651,408.4391950049651
5618,2807.1766051003997,0.0,0.0,0.0,0.0003956392030761736,0.0,0.0
5619,2807.6769591030998,0.0,0.0,0.0,0.0003956897986930249,0.0,0.0
5620,2808.17731324,0.0,0.0,0.0,0.0003957404044706823,0.0,0.0
5621,2808.6776675111,0.0,0.0,0.0,0.00039579102040335044,0.0,0.0
5622,2809.1780219164,1.0,1.0,1.0,0.0003958416464852698,2526.2627337955264,2526.2627337955264
5623,2809.6783764559,0.0,0.0,0.0,0.0003958922827106937,0.0,0.0
5624,2810.1787311296,1.0,1.0,1.0,0.00039594292907387435,2525.616513316801,2525.616513316801
5625,2810.6790859375,0.0,0.0,0.0,0.00039599358556903215,0.0,0.0
5626,2811.1794408796,2.0,2.0,1.4142135623730951,0.0003960442521904438,5049.940729952244,3570.847334739375
5627,2811.6797959559,0.0,0.0,0.0,0.00039609492893237665,0.0,0.0
5628,2812.1801511664,0.0,0.0,0.0,0.0003961456157890512,0.0,0.0
5629,2812.6805065111,2.0,2.0,1.4142135623730951,0.000396196312754765,5048.002557353296,3569.47683975155
5630,2813.1808619900003,0.0,-0.0802531506742272,0.0802531506742272,0.00039624701982376314,-202.53313377579724,202.53313377579724
5631,2813.6812176031003,0.0,-0.25,0.18806402114100745,0.0003962977369903206,-630.8388281462887,474.55234685228805
5632,2814.1815733504,1.0,0.6710065542453683,1.020648406915552,0.00039634846424873015,1692.9712482101993,2575.128955905427
5633,2814.6819292319,0.0,-0.42163663945847096,0.25506683101602207,0.00039639920159323345,-1063.6667222431365,643.4594973724489
5634,2815.1822852476002,0.0,-0.17226687983978686,0.17226687983978686,0.0003964499490181366,-434.5236523965503,434.5236523965503
5635,2815.6826413975,0.0,-0.07710272461080296,0.07710272461080296,0.00039650070651772224,-194.45797534122863,194.45797534122863
5636,2816.1829976815998,1.0,0.8264721738937851,1.0149442873543102,0.00039655147408626843,2084.148535314709,2559.4263385174368
5637,2816.6833540999,0.0,0.0,0.0,0.00039660225171806585,0.0,0.0
5638,2817.1837106524,1.0,1.0,1.0,0.0003966530394074224,2521.0950141563126,2521.0950141563126
5639,2817.6840673391002,1.0,1.0,1.0,0.00039670383714860607,2520.772189116482,2520.772189116482
5640,2818.18442416,1.0,1.0,1.0,0.0003967546449359442,2520.4493829214007,2520.4493829214007
5641,2818.6847811150997,1.0,1.0,1.0,0.0003968054627637348,2520.1265956245625,2520.1265956245625
5642,2819.1851382044,0.0,-0.07268561109736005,0.07268561109736005,0.0003968562906262888,-183.15348103126468,183.15348103126468
5643,2819.6854954279,0.0,-0.1779460257807584,0.1779460257807584,0.00039690712851791143,-448.33164484907496,448.33164484907496
5644,2820.1858527856,1.0,1.0,1.0,0.00039695797643291437,2519.1583476569826,2519.1583476569826
5645,2820.6862102775,0.0,0.0,0.0,0.0003970088343656278,0.0,0.0
5646,2821.1865679036,0.0,0.0,0.0,0.0003970597023103646,0.0,0.0
5647,2821.6869256639,0.0,0.0,0.0,0.0003971105802614381,0.0,0.0
5648,2822.1872835584,0.0,0.0,0.0,0.0003971614682132038,0.0,0.0
5649,2822.6876415871,0.0,0.0,0.0,0.000397212366159976,0.0,0.0
5650,2823.18799975,1.0,1.0,1.0,0.0003972632740960992,2517.2223691588893,2517.2223691588893
5651,2823.6883580471,0.0,0.0,0.0,0.00039731419201588915,0.0,0.0
5652,2824.1887164784002,0.0,-0.06636225997696141,0.06636225997696141,0.0003973651199137207,-167.00575025651608,167.00575025651608
5653,2824.6890750439,1.0,0.8157290714753818,1.0168361594176936,0.00039741605778391133,2052.5820622953324,2558.6187057659913
5654,2825.1894337435997,1.0,1.0,1.0,0.00039746700562080724,2515.9321046990835,2515.9321046990835
5655,2825.6897925774997,0.0,0.0,0.0,0.0003975179634188027,0.0,0.0
5656,2826.1901515455997,0.0,0.0,0.0,0.00039756893117220477,0.0,0.0
5657,2826.6905106479003,1.0,0.9368052341268841,1.0019947996041485,0.000397619908875397,2356.032012522926,2519.981462794776
5658,2827.1908698844,1.0,0.8125608015752748,1.0174150839780702,0.0003976708965227342,2043.2996447071455,2558.434858759915
5659,2827.6912292550996,0.0,0.0,0.0,0.0003977218941085951,0.0,0.0
5660,2828.19158876,0.0,-0.06129240750642256,0.06129240750642256,0.0003977729016273302,-154.08894687312525,154.08894687312525
5661,2828.6919483991,0.0,-0.18934202226387178,0.18934202226387178,0.00039782391907331946,-475.9442888826798,475.9442888826798
5662,2829.1923081724003,0.0,0.0,0.0,0.0003978749464409375,0.0,0.0
5663,2829.6926680798997,0.0,-0.05938865272548672,0.05938865272548672,0.0003979259837245709,-149.24547567769102,149.24547567769102
5664,2830.1930281216,0.0,-0.19124624251357497,0.19124624251357497,0.00039797703091859574,-480.54593018131607,480.54593018131607
5665,2830.6933882975,0.0,0.0,0.0,0.00039802808801740655,0.0,0.0
5666,2831.1937486076,0.0,0.0,0.0,0.0003980791550153737,0.0,0.0
5667,2831.6941090519003,0.0,0.0,0.0,0.0003981302319068927,0.0,0.0
5668,2832.1944696304,0.0,0.0,0.0,0.00039818131868638186,0.0,0.0
5669,2832.6948303431,0.0,-0.05557695396594398,0.05557695396594398,0.00039823241534821507,-139.559091183844,139.559091183844
5670,2833.19519119,0.0,-0.19505887220000234,0.19505887220000234,0.0003982835218868117,-489.74878818972627,489.74878818972627
5671,2833.6955521711,0.0,0.0,0.0,0.0003983346382965691,0.0,0.0
5672,2834.1959132864,0.0,0.0,0.0,0.000398385764571909,0.0,0.0
5673,2834.6962745358996,0.0,0.0,0.0,0.00039843690070722344,0.0,0.0
5674,2835.1966359196,0.0,-0.0523962716100483,0.0523962716100483,0.00039848804669694705,-131.4876871322969,131.4876871322969
5675,2835.6969974375,0.0,-0.25,0.20488604630323817,0.00039853920253548464,-627.2908622527311,514.092578596445
5676,2836.1973590896,0.0,-0.19887708739443766,0.19887708739443766,0.00039859036821727784,-498.95106167248537,498.95106167248537
5677,2836.6977208759,1.0,1.0,1.0,0.00039864154373674436,2508.51928433325,2508.51928433325
5678,2837.1980827964,0.0,0.0,0.0,0.00039869272908830326,0.0,0.0
5679,2837.6984448511,1.0,1.0,1.0,0.0003987439242663972,2507.875202963366,2507.875202963366
5680,2838.1988070400002,0.0,-0.04857433279391709,0.04857433279391709,0.0003987951292654459,-121.80272332660576,121.80272332660576
5681,2838.6991693631,0.0,-0.25,0.20767155221277522,0.0003988463440799342,-626.8078013268604,520.6805961625037
5682,2839.1995318204,1.0,0.7972991119932242,1.0203370276524983,0.00039889756870424824,1998.7565093041717,2557.8923204944363
5683,2839.6998944119,0.0,0.0,0.0,0.00039894880313286765,0.0,0.0
5684,2840.2002571376,0.0,0.0,0.0,0.0003990000473602268,0.0,0.0
5685,2840.7006199975003,1.0,1.0,1.0,0.0003990513013807888,2505.9434627573482,2505.9434627573482
5686,2841.2009829915996,1.0,0.955253191380916,1.0010006378027902,0.0003991025651890351,2393.5030107572975,2508.128799745163
5687,2841.7013461199,1.0,0.7941083449087256,1.0209756968881405,0.0003991538387793551,1989.4794130933917,2557.8501261828455
5688,2842.2017093824,1.0,1.0,1.0,0.00039920512214627765,2504.9778785994076,2504.9778785994076
5689,2842.7020727791,0.0,0.0,0.0,0.00039925641528424006,0.0,0.0
5690,2843.2024363100004,0.0,0.0,0.0,0.0003993077181877194,0.0,0.0
5691,2843.7027999751,1.0,1.0,1.0,0.0003993590308511834,2504.0124868808557,2504.0124868808557
5692,2844.2031637744,0.0,0.0,0.0,0.0003994103532690992,0.0,0.0
5693,2844.7035277079,1.0,1.0,1.0,0.00039946168543596996,2503.3689999795756,2503.3689999795756
5694,2845.2038917756004,0.0,0.0,0.0,0.0003995130273462523,0.0,0.0
5695,2845.7042559775,0.0,-0.07799010001401614,0.05514732858532787,0.00039956437899446806,-195.18781982088527,138.01863100036599
5696,2846.2046203136,2.0,1.5767103799964761,1.4455404010962005,0.0003996157403750518,3945.56625451411,3617.3259835548915
5697,2846.7049847839,0.0,-0.03771517484701422,0.03771517484701422,0.00039966711148254984,-94.36647090402616,94.36647090402616
5698,2847.2053493884,0.0,-0.21292499544563714,0.21292499544563714,0.0003997184923114153,-532.6873775951054,532.6873775951054
5699,2847.7057141271002,0.0,0.0,0.0,0.0003997698828561952,0.0,0.0
5700,2848.206079,1.0,1.0,1.0,0.0003998212831113384,2501.1174798354336,2501.1174798354336
5701,2848.7064440071,0.0,0.0,0.0,0.00039987269307139884,0.0,0.0
5702,2849.2068091484,0.0,0.0,0.0,0.00039992411273084946,0.0,0.0
5703,2849.7071744239,0.0,0.0,0.0,0.00039997554208421075,0.0,0.0
5704,2850.2075398335996,0.0,0.0,0.0,0.0004000269811260204,0.0,0.0
5705,2850.7079053775,2.0,1.9674105314299903,1.414589012208732,0.00040007842985075357,4917.562119417233,3535.7792539238726
5706,2851.2082710556,0.0,-0.2180519428420014,0.2180519428420014,0.0004001298882529787,-544.9528996547739,544.9528996547739
5707,2851.7086368679,0.0,0.0,0.0,0.0004001813563271947,0.0,0.0
5708,2852.2090028144003,0.0,0.0,0.0,0.000400232834067948,0.0,0.0
5709,2852.7093688951,1.0,1.0,1.0,0.00040028432146974426,2498.2242530215754,2498.2242530215754
5710,2853.20973511,0.0,0.0,0.0,0.00040033581852713744,0.0,0.0
5711,2853.7101014591,1.0,1.0,1.0,0.00040038732523466314,2497.5815590913367,2497.5815590913367
5712,2854.2104679424,1.0,1.0,1.0,0.0004004388415868582,2497.2602458772535,2497.2602458772535
5713,2854.7108345599,1.0,1.0,1.0,0.00040049036757827184,2496.9389552285797,2496.9389552285797
5714,2855.2112013116,1.0,1.0,1.0,0.0004005419032034593,2496.6176871937414,2496.6176871937414
5715,2855.7115681975,2.0,2.0,1.4142135623730951,0.00040059344845694777,4992.592883642585,3530.2962837273717
5716,2856.2119352176,0.0,-0.02552541051384731,0.02552541051384731,0.00040064500333332795,-63.710792101432304,63.710792101432304
5717,2856.7123023719,0.0,-0.2251177073936087,0.2251177073936087,0.0004006965678271167,-561.8159112626522,561.8159112626522
5718,2857.2126696604,1.0,1.0,1.0,0.0004007481419329003,2495.332842160591,2495.332842160591
5719,2857.7130370831,0.0,0.0,0.0,0.0004007997256452434,0.0,0.0
5720,2858.21340464,1.0,1.0,1.0,0.0004008513189587152,2494.6905565826337,2494.6905565826337
5721,2858.7137723311002,2.0,2.0,1.4142135623730951,0.000400902921867864,4988.738896393456,3527.5711032089066
5722,2859.2141401564,0.0,-0.02166437607452013,0.021664376074520125,0.0004009545343672904,-54.03200167995779,54.03200167995778
5723,2859.7145081158997,0.0,-0.22897967262788527,0.22897967262788527,0.0004010061564515603,-571.0128608849549,571.0128608849549
5724,2860.2148762096,0.0,0.0,0.0,0.0004010577881152576,0.0,0.0
5725,2860.7152444375,1.0,1.0,1.0,0.00040110942935295567,2493.0852451240967,2493.0852451240967
5726,2861.2156127996,0.0,0.0,0.0,0.0004011610801592567,0.0,0.0
5727,2861.7159812959,0.0,0.0,0.0,0.0004012127405287357,0.0,0.0
5728,2862.2163499263997,1.0,1.0,1.0,0.00040126441045599566,2492.122336151375,2492.122336151375
5729,2862.7167186911,0.0,0.0,0.0,0.00040131608993564105,0.0,0.0
5730,2863.21708759,1.0,1.0,1.0,0.000401367778962259,2491.4805134221574,2491.4805134221574
5731,2863.7174566230997,0.0,0.0,0.0,0.0004014194775304555,0.0,0.0
5732,2864.2178257903997,2.0,2.0,1.4142135623730951,0.00040147118563484217,4981.677568808384,3522.5779905893223
5733,2864.7181950919,1.0,1.0,1.0,0.0004015229032700075,2490.5179551552046,2490.5179551552046
5734,2865.2185645276,0.0,0.0,0.0,0.0004015746304305881,0.0,0.0
5735,2865.7189340975,0.0,0.0,0.0,0.0004016263671111801,0.0,0.0
5736,2866.2193038016,0.0,0.0,0.0,0.00040167811330643713,0.0,0.0
5737,2866.7196736399,2.0,2.0,1.4142135623730951,0.00040172986901094526,4978.469748649706,3520.309719202294
5738,2867.2200436124,0.0,-0.011340981354892941,0.011340981354892941,0.00040178163421933697,-28.22672912097763,28.22672912097763
5739,2867.7204137191,1.0,0.7606944506071907,1.0282349663234538,0.0004018334089262567,1893.0592472135413,2558.8588292621343
5740,2868.2207839599996,1.0,1.0,1.0,0.00040188519312632065,2488.2728129913453,2488.2728129913453
5741,2868.7211543351,0.0,0.0,0.0,0.00040193698681417414,0.0,0.0
5742,2869.2215248444,1.0,0.9912460723810868,1.000038314890363,0.0004019887899844637,2465.8550115773055,2487.7268715105542
5743,2869.7218954879,0.0,-0.24189322362388105,0.24189322362388105,0.0004020406026318068,-601.6636678992583,601.6636678992583
5744,2870.2222662656,0.0,0.0,0.0,0.0004020924247508452,0.0,0.0
5745,2870.7226371775,1.0,1.0,1.0,0.00040214425633625003,2486.669856012707,2486.669856012707
5746,2871.2230082236,1.0,1.0,1.0,0.0004021960973826863,2486.3493368224013,2486.3493368224013
5747,2871.7233794039,0.0,-0.005516620182387257,0.005516620182387257,0.00040224794788475766,-13.714476882720469,13.714476882720469
5748,2872.2237507184,0.0,-0.25,0.24517965185601273,0.0004022998078371471,-621.4270927546681,609.4451130219347
5749,2872.7241221670997,1.0,0.754220611357979,1.0297608984037243,0.00040235167723454054,1874.530799876163,2559.355302012204
5750,2873.22449375,0.0,0.0,0.0,0.0004024035560715704,0.0,0.0
5751,2873.7248654671,0.0,0.0,0.0,0.00040245544434290543,0.0,0.0
5752,2874.2252373184,1.0,1.0,1.0,0.00040250734204322624,2484.4267310100586,2484.4267310100586
5753,2874.7256093039,0.0,0.0,0.0,0.000402559249167202,0.0,0.0
5754,2875.2259814236,2.0,1.999022125298917,1.414213900454571,0.00040261116570949185,4965.143283535588,3512.604768331267
5755,2875.7263536775,0.0,-0.24967113798623333,0.24967113798623333,0.00040266309166480063,-620.0497218505282,620.0497218505282
5756,2876.2267260656,1.0,0.9996796939227907,1.0000000512979903,0.0004027150270278,2482.350115665739,2483.145609634673
5757,2876.7270985879,1.0,0.7509696295792047,1.030541666014489,0.0004027669717932016,1864.5263444411369,2558.6548505362916
5758,2877.2274712443996,0.0,-0.0016191081982596667,0.0016191081982596667,0.00040281892595565535,-4.019444206645612,4.019444206645612
5759,2877.7278440350997,0.0,0.0,0.0,0.00040287088950987363,0.0,0.0
5760,2878.22821696,2.0,1.7529185307852038,1.435635487311923,0.0004029228624505363,4350.506496762506,3563.0529342031687
5761,2878.7285900191,0.0,-0.0035684747524875327,0.0035684747524875327,0.0004029748447723457,-8.855328809676658,8.855328809676658
5762,2879.2289632124002,0.0,0.0,0.0,0.0004030268364700229,0.0,0.0
5763,2879.7293365398996,0.0,0.0,0.0,0.0004030788375382546,0.0,0.0
5764,2880.2297100016,1.0,0.5110384746896819,1.0580839695491546,0.0004031308479717623,1267.6739506808422,2624.6663456111132
5765,2880.7300835975,1.0,0.9876603964580235,1.0000380657293935,0.0004031828677652391,2449.658642323829,2480.358531284828
5766,2881.2304573276,0.0,0.0,0.0,0.0004032348969134083,0.0,0.0
5767,2881.7308311919,0.0,0.0,0.0,0.00040328693541099924,0.0,0.0
5768,2882.2312051904,0.0,0.0,0.0,0.0004033389832527065,0.0,0.0
5769,2882.7315793231,1.0,1.0,1.0,0.0004033910404332722,2478.984161189909,2478.984161189909
5770,2883.23195359,2.0,1.7594249505985815,1.4345300116743795,0.0004034431069474157,4361.023699006718,3555.718233801314
5771,2883.7323279911,1.0,0.9899235542995282,1.0000507660903792,0.00040349518278988547,2453.3714317353256,2478.470149694803
5772,2884.2327025264,0.0,-0.47854380817235326,0.3383815718535055,0.00040354726795539017,-1185.8432609318359,838.51781122927
5773,2884.7330771959,0.0,-0.022759802475119217,0.01609361066862317,0.00040359936243866256,-56.392067464125795,39.87521330901263
5774,2885.2334519996,0.0,-0.23796813832830155,0.23796813832830152,0.00040365146623446416,-589.5386446833215,589.5386446833215
5775,2885.7338269375,0.0,-0.25,0.2376547452673758,0.000403703579337523,-619.2662458188993,588.6862476110985
5776,2886.2342020096003,0.0,-0.01333624786955187,0.01333624786955187,0.0004037557017425844,-33.03048802033868,33.03048802033868
5777,2886.7345772158997,1.0,1.0,1.0,0.00040380783344440025,2476.4254607697912,2476.4254607697912
5778,2887.2349525564,0.0,0.0,0.0,0.0004038599744377116,0.0,0.0
5779,2887.7353280311,0.0,0.0,0.0,0.0004039121247172945,0.0,0.0
5780,2888.2357036400003,0.0,0.0,0.0,0.0004039642842778907,0.0,0.0
5781,2888.7360793831,0.0,-0.23340007223398745,0.23340007223398745,0.00040401645311427206,-577.6994239587875,577.6994239587875
5782,2889.2364552604,1.0,0.9827468709319538,1.0001488241570045,0.00040406863122120995,2432.1285915261824,2475.195417011885
5783,2889.7368312719,1.0,1.0,1.0,0.00040412081859343067,2474.5075086222146,2474.5075086222146
5784,2890.2372074176,2.0,2.0,1.4142135623730951,0.0004041730152257423,4948.37588027232,3499.0301408005084
5785,2890.7375836975,2.0,1.7692136636118865,1.432920909563207,0.0004042252211129006,4376.801770906182,3544.8577543433157
5786,2891.2379601116,1.0,0.75,1.0263311801159827,0.00040427743624970843,1855.161660659069,2538.6803419868647
5787,2891.7383366599,0.0,-0.02052146216892567,0.02052146216892567,0.0004043296606309118,-50.75428336596478,50.75428336596478
5788,2892.2387133424,0.0,0.0,0.0,0.0004043818942513086,0.0,0.0
5789,2892.7390901591,0.0,0.0,0.0,0.0004044341371056631,0.0,0.0
5790,2893.2394671099996,0.0,-0.22751567671273148,0.22751567671273148,0.0004044863891887918,-562.480426520705,562.480426520705
5791,2893.7398441951,1.0,0.9768610794664654,1.0002676689983823,0.00040453865049550606,2414.753394440656,2472.6133529470853
5792,2894.2402214144,0.0,0.0,0.0,0.00040459092102054285,0.0,0.0
5793,2894.7405987679,1.0,1.0,1.0,0.00040464320075874307,2471.312994077025,2471.312994077025
5794,2895.2409762556003,1.0,0.7751036428884772,1.0249772541095894,0.00040469548970489106,1915.2762079302943,2532.7123236708553
5795,2895.7413538775,0.0,-0.02575886054420315,0.02575886054420312,0.00040474778785380016,-63.64175745293403,63.641757452933966
5796,2896.2417316336,0.0,0.0,0.0,0.00040480009520026686,0.0,0.0
5797,2896.7421095239,0.0,0.0,0.0,0.00040485241173910026,0.0,0.0
5798,2897.2424875484003,1.0,1.0,1.0,0.0004049047374651212,2469.7167196917294,2469.7167196917294
5799,2897.7428657070996,0.0,0.0,0.0,0.00040495707237314486,0.0,0.0
5800,2898.243244,0.0,-0.22096272466856282,0.22096272466856282,0.00040500941645799305,-545.5742896078583,545.5742896078583
5801,2898.7436224271,0.0,-0.02969342358790439,0.029693423587904416,0.000405061769714483,-73.30591482092836,73.30591482092844
5802,2899.2440009884,2.0,2.0,1.4142135623730951,0.0004051141321374485,4936.880353809611,3490.9015760854177
5803,2899.7443796839,1.0,0.7810061853963757,1.023698339763549,0.0004051665037217018,1927.6178514816916,2526.6114803673418
5804,2900.2447585135997,1.0,0.75,1.024047687464011,0.00040521888446209536,1850.851549022898,2527.1469981547752
5805,2900.7451374775,0.0,-0.032319567596829524,0.032319567596829524,0.000405271274353431,-79.74798521901681,79.74798521901681
5806,2901.2455165756,0.0,0.0,0.0,0.0004053236733905918,0.0,0.0
5807,2901.7458958079,0.0,-0.4327328596297574,0.3059883394864479,0.00040537608156838474,-1067.4849338804852,754.8258355613646
5808,2902.2462751743997,1.0,0.9314183917517527,1.0011751687366992,0.00040542849888167165,2297.3678326041813,2469.424748132721
5809,2902.7466546750998,0.0,0.0,0.0,0.0004054809253252902,0.0,0.0
5810,2903.24703431,0.0,-0.4287885254226137,0.3031992740213105,0.00040553336089408455,-1057.344639852214,747.6555648907485
5811,2903.7474140791,1.0,0.927473126973138,1.0013141733020299,0.0004055858055829119,2286.749472507216,2468.8097056624833
5812,2904.2477939824003,0.0,0.0,0.0,0.0004056382593866402,0.0,0.0
5813,2904.7481740199,0.0,0.0,0.0,0.0004056907223001151,0.0,0.0
5814,2905.2485541916,0.0,0.0,0.0,0.00040574319431819567,0.0,0.0
5815,2905.7489344975,0.0,0.0,0.0,0.0004057956754357685,0.0,0.0
5816,2906.2493149376,0.0,0.0,0.0,0.0004058481656476873,0.0,0.0
5817,2906.7496955119,0.0,0.0,0.0,0.0004059006649488056,0.0,0.0
5818,2907.2500762204,0.0,0.0,0.0,0.00040595317333401865,0.0,0.0
5819,2907.7504570631,0.0,-0.2084693863176957,0.2084693863176957,0.0004060056907982152,-513.4641977747671,513.4641977747671
5820,2908.25083804,1.0,0.9578102912567219,1.000889590076669,0.0004060582173362394,2358.800414236169,2464.891848864803
5821,2908.7512191511,1.0,0.7928489588951442,1.0212304117244186,0.0004061107529430168,1952.2973798391206,2514.659866363381
5822,2909.2516003963997,0.0,-0.25,0.21102552791314802,0.000406163297613386,-615.5159795801321,519.5583381195032
5823,2909.7519817759,0.0,-0.04416792446993262,0.04416792446993262,0.00040621585134227356,-108.73018451640172,108.73018451640172
5824,2910.2523632896,1.0,1.0,1.0,0.00040626841412455935,2461.4268922550455,2461.4268922550455
5825,2910.7527449375,0.0,0.0,0.0,0.00040632098595514836,0.0,0.0
5826,2911.2531267195995,0.0,0.0,0.0,0.0004063735668289156,0.0,0.0
5827,2911.7535086359,0.0,0.0,0.0,0.0004064261567407838,0.0,0.0
5828,2912.2538906864,0.0,0.0,0.0,0.00040647875568564746,0.0,0.0
5829,2912.7542728711,0.0,0.0,0.0,0.00040653136365840646,0.0,0.0
5830,2913.25465519,1.0,0.798789189280537,1.0200420532264263,0.0004065839806539965,1964.6351732689332,2508.810237889041
5831,2913.7550376431,0.0,-0.25,0.2065565489785903,0.00040663660666729614,-614.7995431324907,507.96348777224506
5832,2914.2554202304,1.0,0.9498890535587305,1.0012547662574394,0.00040668924169325326,2335.6630964808937,2461.965214739167
5833,2914.7558029519,1.0,1.0,1.0,0.00040674188572676446,2458.5616458290365,2458.5616458290365
5834,2915.2561858076,0.0,0.0,0.0,0.0004067945387627677,0.0,0.0
5835,2915.7565687974998,2.0,2.0,1.4142135623730951,0.00040684720079617776,4915.850462006643,3476.0311969839204
5836,2916.2569519216,0.0,0.0,0.0,0.00040689987182192705,0.0,0.0
5837,2916.7573351799,0.0,0.0,0.0,0.00040695255183494376,0.0,0.0
5838,2917.2577185724,0.0,0.0,0.0,0.00040700524083016744,0.0,0.0
5839,2917.7581020991,0.0,0.0,0.0,0.00040705793880252633,0.0,0.0
5840,2918.25848576,0.0,-0.19459582151512592,0.19459582151512594,0.0004071106457469613,-477.9924660483492,477.9924660483493
5841,2918.7588695551,0.0,-0.05606653036602624,0.05606653036602624,0.000407163361658425,-137.70033270592072,137.70033270592072
5842,2919.2592534844,2.0,2.0,1.4142135623730951,0.00040721608653186486,4911.397329691441,3472.88235692632
5843,2919.7596375479,0.0,0.0,0.0,0.00040726882036222316,0.0,0.0
5844,2920.2600217455997,0.0,0.0,0.0,0.0004073215631444362,0.0,0.0
5845,2920.7604060774997,0.0,0.0,0.0,0.00040737431487348824,0.0,0.0
5846,2921.2607905436,0.0,0.0,0.0,0.00040742707554431703,0.0,0.0
5847,2921.7611751439,0.0,0.0,0.0,0.000407479845151884,0.0,0.0
5848,2922.2615598784,1.0,1.0,1.0,0.0004075326236911681,2453.791284100507,2453.791284100507
5849,2922.7619447470997,0.0,0.0,0.0,0.000407585411157115,0.0,0.0
5850,2923.26232975,0.0,0.0,0.0,0.00040763820754471036,0.0,0.0
5851,2923.7627148871,0.0,0.0,0.0,0.0004076910128489238,0.0,0.0
5852,2924.2631001584,0.0,-0.186637363614241,0.186637363614241,0.0004077438270647308,-457.73191701713154,457.73191701713154
5853,2924.7634855639003,1.0,0.935973150775395,1.0020476223322075,0.00040779665018710694,2295.1957804115063,2457.2237704072454
5854,2925.2638711035997,0.0,0.0,0.0,0.0004078494822110352,0.0,0.0
5855,2925.7642567775,0.0,0.0,0.0,0.0004079023231314922,0.0,0.0
5856,2926.2646425856,0.0,-0.1839795817973793,0.18397958179737928,0.00040795517294347854,-450.9798968105482,450.97989681054815
5857,2926.7650285279,0.0,-0.06668525134762265,0.06668525134762265,0.0004080080316419841,-163.44102609758707,163.44102609758707
5858,2927.2654146043997,1.0,0.8173502395681538,1.0165436217820714,0.000408060899221987,2003.0104357622158,2491.156647746019
5859,2927.7658008150997,2.0,1.9319846171364894,1.4158481882977674,0.00040811377567848985,4733.936299808948,3469.248706304798
5860,2928.26618716,0.0,-0.18131931876643523,0.18131931876643523,0.00040816666100650047,-444.2286352327721,444.2286352327721
5861,2928.7665736391,1.0,0.9306538653222625,1.0024015594534672,0.00040821955520099925,2279.787563983864,2455.5451758304534
5862,2929.2669602524,0.0,0.0,0.0,0.00040827245825703616,0.0,0.0
5863,2929.7673469999,0.0,0.0,0.0,0.000408325370169557,0.0,0.0
5864,2930.2677338815997,0.0,0.0,0.0,0.0004083782909336247,0.0,0.0
5865,2930.7681208975,1.0,1.0,1.0,0.0004084312205442381,2448.3926538903943,2448.3926538903943
5866,2931.2685080476003,0.0,0.0,0.0,0.0004084841589964025,0.0,0.0
5867,2931.7688953319,1.0,1.0,1.0,0.000408537106285131,2447.7580729278197,2447.7580729278197
5868,2932.2692827503997,0.0,0.0,0.0,0.00040859006240547506,0.0,0.0
5869,2932.7696703031,1.0,1.0,1.0,0.00040864302735243627,2447.123609275596,2447.123609275596
5870,2933.27005799,0.0,0.0,0.0,0.0004086960011210575,0.0,0.0
5871,2933.7704458111,0.0,-0.17399080188919752,0.17399080188919752,0.00040874898370634583,-425.66662872536045,425.66662872536045
5872,2934.2708337664,2.0,1.923323642655837,1.4162906706518863,0.00040880197510337443,4704.780700165363,3464.4907728093694
5873,2934.7712218559,1.0,1.0,1.0,0.0004088549753071453,2445.8550351472845,2445.8550351472845
5874,2935.2716100796,0.0,-0.17198885898224175,0.17198885898224175,0.00040890798431270325,-420.6052842703045,420.6052842703045
5875,2935.7719984375003,0.0,-0.07867876545731944,0.07867876545731947,0.0004089610021151045,-192.38696367233285,192.3869636723329
5876,2936.2723869295996,0.0,0.0,0.0,0.0004090140287094057,0.0,0.0
5877,2936.7727755559,0.0,0.0,0.0,0.00040906706409062895,0.0,0.0
5878,2937.2731643164,0.0,-0.1693174308174136,0.1693174308174136,0.00040912010825383836,-413.85751372641084,413.85751372641084
5879,2937.7735532111,0.0,-0.08135081389180021,0.08135081389180021,0.0004091731611940741,-198.81757066958474,198.81757066958474
5880,2938.27394224,0.0,0.0,0.0,0.00040922622290641837,0.0,0.0
5881,2938.7743314031,0.0,0.0,0.0,0.000409279293385907,0.0,0.0
5882,2939.2747207004,1.0,1.0,1.0,0.00040933237262761696,2443.0024764001078,2443.0024764001078
5883,2939.7751101319,0.0,0.0,0.0,0.00040938546062660816,0.0,0.0
5884,2940.2754996976,0.0,0.0,0.0,0.00040943855737797616,0.0,0.0
5885,2940.7758893974997,0.0,0.0,0.0,0.00040949166287673554,0.0,0.0
5886,2941.2762792316,0.0,0.0,0.0,0.00040954477711801715,0.0,0.0
5887,2941.7766691999,0.0,-0.1632976460823867,0.1632976460823867,0.0004095979000968656,-398.6779376646426,398.6779376646426
5888,2942.2770593024,0.0,-0.08737199420858896,0.08737199420858896,0.0004096510318083724,-213.28395982036741,213.28395982036741
5889,2942.7774495391,0.0,0.0,0.0,0.00040970417224760647,0.0,0.0
5890,2943.27783991,1.0,1.0,1.0,0.0004097573214096946,2440.468901347959,2440.468901347959
5891,2943.7782304151,0.0,0.0,0.0,0.0004098104792896891,0.0,0.0
5892,2944.2786210544,0.0,0.0,0.0,0.0004098636458826776,0.0,0.0
5893,2944.7790118279,0.0,0.0,0.0,0.0004099168211837827,0.0,0.0
5894,2945.2794027356,2.0,2.0,1.4142135623730951,0.00040997000518807583,4878.405675270048,3449.5537343623896
5895,2945.7797937775,0.0,0.0,0.0,0.00041002319789068,0.0,0.0
5896,2946.2801849536,1.0,1.0,1.0,0.0004100763992866912,2438.5699877863085,2438.5699877863085
5897,2946.7805762639,0.0,0.0,0.0,0.00041012960937118726,0.0,0.0
5898,2947.2809677084,1.0,0.8440769254931219,1.0120830030998829,0.0004101828281393277,2057.806586692148,2467.3948631416292
5899,2947.7813592871,0.0,-0.0947482714500344,0.0947482714500344,0.0004102360555861752,-230.96037064477707,230.96037064477707
5900,2948.281751,1.0,1.0,1.0,0.0004102892917068901,2437.304653601338,2437.304653601338
5901,2948.7821428471,0.0,0.0,0.0,0.00041034253649654674,0.0,0.0
5902,2949.2825348284,0.0,0.0,0.0,0.00041039578995030686,0.0,0.0
5903,2949.7829269439,0.0,0.0,0.0,0.0004104490520632689,0.0,0.0
5904,2950.2833191935997,2.0,2.0,1.4142135623730951,0.00041050232283054375,4872.0796175022,3445.0805360165664
5905,2950.7837115775,0.0,0.0,0.0,0.00041055560224729983,0.0,0.0
5906,2951.2841040956,0.0,0.0,0.0,0.00041060889030863733,0.0,0.0
5907,2951.7844967479,0.0,0.0,0.0,0.00041066218700970856,0.0,0.0
5908,2952.2848895344,0.0,0.0,0.0,0.0004107154923456494,0.0,0.0
5909,2952.7852824551,0.0,0.0,0.0,0.0004107688063115723,0.0,0.0
5910,2953.28567551,1.0,1.0,1.0,0.0004108221289026604,2434.143464158277,2434.143464158277
5911,2953.7860686991003,1.0,1.0,1.0,0.0004108754601140503,2433.827514844574,2433.827514844574
5912,2954.2864620224,1.0,1.0,1.0,0.0004109287999408743,2433.511596519599,2433.511596519599
5913,2954.7868554798997,1.0,1.0,1.0,0.0004109821483782928,2433.1957092198068,2433.1957092198068
5914,2955.2872490716,0.0,0.0,0.0,0.00041103550542145043,0.0,0.0
5915,2955.7876427975,1.0,0.8555108943657265,1.01038463054769,0.00041108887106552574,2081.0850270606375,2457.8253065543076
5916,2956.2880366576,1.0,0.75,1.0158533446139122,0.0004111422453056592,1824.1861753768958,2470.8075032734405
5917,2956.7884306519,0.0,-0.1068590131900945,0.1068590131900945,0.00041119562813703045,-259.87390399608984,259.87390399608984
5918,2957.2888247804,0.0,0.0,0.0,0.00041124901955477954,0.0,0.0
5919,2957.7892190431,0.0,0.0,0.0,0.0004113024195541112,0.0,0.0
5920,2958.2896134400003,3.0,3.0,1.7320508075688772,0.00041135582813017795,7292.956109644854,4210.590173091582
5921,2958.7900079711,0.0,-0.14044288855831233,0.14044288855831233,0.00041140924527814475,-341.3702783061231,341.3702783061231
5922,2959.2904026364,0.0,-0.1102320236277938,0.1102320236277938,0.0004114626709931938,-267.9028534027506,267.9028534027506
5923,2959.7907974359,0.0,0.0,0.0,0.00041151610527050863,0.0,0.0
5924,2960.2911923696,0.0,0.0,0.0,0.00041156954810526666,0.0,0.0
5925,2960.7915874375003,1.0,1.0,1.0,0.00041162299949266934,2429.4074948010993,2429.4074948010993
5926,2961.2919826395996,1.0,1.0,1.0,0.00041167645942788943,2429.0920141261154,2429.0920141261154
5927,2961.7923779759,0.0,0.0,0.0,0.0004117299279061119,0.0,0.0
5928,2962.2927734464,0.0,0.0,0.0,0.0004117834049225392,0.0,0.0
5929,2962.7931690511,0.0,0.0,0.0,0.0004118368904723806,0.0,0.0
5930,2963.2935647900003,0.0,-0.2687261943463009,0.19001811430472346,0.00041189038455082254,-652.4216258152129,461.3317558066894
5931,2963.7939606631,0.0,-0.23262642086916013,0.16449171967973894,0.0004119438871530806,-564.7041456952483,399.3061307852662
5932,2964.2943566704,0.0,0.0,0.0,0.0004119973982743242,0.0,0.0
5933,2964.7947528119003,0.0,0.0,0.0,0.0004120509179097819,0.0,0.0
5934,2965.2951490876003,0.0,0.0,0.0,0.00041210444605467025,0.0,0.0
5935,2965.7955454975,0.0,0.0,0.0,0.00041215798270421305,0.0,0.0
5936,2966.2959420416,0.0,0.0,0.0,0.00041221152785361634,0.0,0.0
5937,2966.7963387199,0.0,0.0,0.0,0.0004122650814980641,0.0,0.0
5938,2967.2967355324,1.0,1.0,1.0,0.0004123186436328212,2425.3087155828975,2425.3087155828975
5939,2967.7971324791,0.0,0.0,0.0,0.000412372214253107,0.0,0.0
5940,2968.29752956,0.0,0.0,0.0,0.00041242579335413007,0.0,0.0
5941,2968.7979267750998,0.0,0.0,0.0,0.0004124793809311445,0.0,0.0
5942,2969.2983241244,0.0,0.0,0.0,0.0004125329769793659,0.0,0.0
5943,2969.7987216079,0.0,0.0,0.0,0.00041258658149400946,0.0,0.0
5944,2970.2991192256,0.0,0.0,0.0,0.000412640194470372,0.0,0.0
5945,2970.7995169775,0.0,0.0,0.0,0.0004126938159036351,0.0,0.0
5946,2971.2999148636,0.0,0.0,0.0,0.00041274744578907876,0.0,0.0
5947,2971.8003128839,1.0,1.0,1.0,0.00041280108412192624,2422.474258097241,2422.474258097241
5948,2972.3007110384,0.0,0.0,0.0,0.0004128547308974467,0.0,0.0
5949,2972.8011093270998,0.0,0.0,0.0,0.00041290838611087653,0.0,0.0
5950,2973.30150775,1.0,1.0,1.0,0.00041296204975748547,2421.530018526536,2421.530018526536
5951,2973.8019063071,1.0,0.8798719214259842,1.007189532939002,0.00041301572183253887,2130.3593904900713,2438.6227441176597
5952,2974.3023049984004,0.0,-0.13055148488562873,0.13055148488562873,0.00041306940233124505,-316.05217948565945,316.05217948565945
5953,2974.8027038238997,0.0,0.0,0.0,0.0004131230912489215,0.0,0.0
5954,2975.3031027836,0.0,0.0,0.0,0.00041317678858081227,0.0,0.0
5955,2975.8035018775,0.0,0.0,0.0,0.00041323049432220134,0.0,0.0
5956,2976.3039011056003,0.0,0.0,0.0,0.00041328420846832163,0.0,0.0
5957,2976.8043004679002,0.0,0.0,0.0,0.0004133379310145049,0.0,0.0
5958,2977.3046999644,0.0,0.0,0.0,0.0004133916619559788,0.0,0.0
5959,2977.8050995951,0.0,-0.1146872299105932,0.1146872299105932,0.000413445401288035,-277.3938942198901,277.3938942198901
5960,2978.30549936,0.0,-0.13599357382557298,0.135993573825573,0.000413499149005961,-328.8847731669999,328.884773167
5961,2978.8058992591,0.0,0.0,0.0,0.000413552905105049,0.0,0.0
5962,2979.3062992923997,0.0,0.0,0.0,0.000413606669580598,0.0,0.0
5963,2979.8066994599,0.0,0.0,0.0,0.0004136604424278385,0.0,0.0
5964,2980.3070997616,0.0,0.0,0.0,0.0004137142236421335,0.0,0.0
5965,2980.8075001975,0.0,0.0,0.0,0.0004137680132187495,0.0,0.0
5966,2981.3079007676,1.0,1.0,1.0,0.0004138218111529868,2416.499017327793,2416.499017327793
5967,2981.8083014719,0.0,0.0,0.0,0.000413875617440118,0.0,0.0
5968,2982.3087023104,1.0,1.0,1.0,0.00041392943207552017,2415.8707318438596,2415.8707318438596
5969,2982.8091032831,0.0,0.0,0.0,0.0004139832550544022,0.0,0.0
5970,2983.3095043900003,1.0,1.0,1.0,0.000414037086372172,2415.2425782967525,2415.2425782967525
5971,2983.8099056311,0.0,0.0,0.0,0.00041409092602406243,0.0,0.0
5972,2984.3103070064,1.0,1.0,1.0,0.0004141447740054409,2414.6145569540918,2414.6145569540918
5973,2984.8107085159,0.0,0.0,0.0,0.00041419863031158803,0.0,0.0
5974,2985.3111101596,0.0,0.0,0.0,0.00041425249493784905,0.0,0.0
5975,2985.8115119375,0.0,-0.10377576643920607,0.10377576643920607,0.0004143063678795458,-250.48074199375455,250.48074199375455
5976,2986.3119138496,0.0,-0.14690751777052613,0.14690751777052613,0.0004143602491320012,-354.5405672437617,354.5405672437617
5977,2986.8123158958997,0.0,0.0,0.0,0.0004144141386905381,0.0,0.0
5978,2987.3127180764,1.0,1.0,1.0,0.00041446803655049145,2412.731288817196,2412.731288817196
5979,2987.8131203911003,0.0,0.0,0.0,0.00041452194270717995,0.0,0.0
5980,2988.3135228399997,0.0,-0.10035779513443004,0.10035779513443002,0.0004145758571559504,-242.07341889829004,242.07341889829
5981,2988.8139254231,1.0,0.8496737357987598,1.011235870461833,0.0004146297798921743,2049.2347076944643,2438.888665268587
5982,2989.3143281404,1.0,1.0,1.0,0.0004146837109111308,2411.476442618953,2411.476442618953
5983,2989.8147309919,0.0,0.0,0.0,0.00041473765020819754,0.0,0.0
5984,2990.3151339776,0.0,0.0,0.0,0.00041479159777874086,0.0,0.0
5985,2990.8155370974996,0.0,0.0,0.0,0.0004148455536180933,0.0,0.0
5986,2991.3159403515997,0.0,0.0,0.0,0.0004148995177215934,0.0,0.0
5987,2991.8163437399,0.0,-0.0955661242950401,0.09556612429504009,0.0004149534900846265,-230.30562841042774,230.30562841042772
5988,2992.3167472624,1.0,0.8448809798002294,1.011959441098178,0.0004150074707025203,2035.8211344244567,2438.412589019527
5989,2992.8171509190997,1.0,1.0,1.0,0.00041506145957062655,2409.2817507905493,2409.2817507905493
5990,2993.31755471,0.0,0.0,0.0,0.00041511545668436055,0.0,0.0
5991,2993.8179586351,0.0,0.0,0.0,0.0004151694620390456,0.0,0.0
5992,2994.3183626944,0.0,0.0,0.0,0.00041522347563009243,0.0,0.0
5993,2994.8187668879,0.0,0.0,0.0,0.0004152774974528022,0.0,0.0
5994,2995.3191712156,0.0,0.0,0.0,0.0004153315275025979,0.0,0.0
5995,2995.8195756775,0.0,0.0,0.0,0.0004153855657748567,0.0,0.0
5996,2996.3199802736,0.0,-0.08939424311682907,0.08939424311682907,0.00041543961226496164,-215.17987326594812,215.17987326594812
5997,2996.8203850039,1.0,0.8387077034471848,1.0129240864582505,0.00041549366696826806,2018.5811965967662,2437.880928124012
5998,2997.3207898684,1.0,1.0,1.0,0.00041554772988017187,2406.462430412896,2406.462430412896
5999,2997.8211948671,1.0,1.0,1.0,0.00041560180099608,2406.1493419982367,2406.1493419982367
6000,2998.3215999999998,1.0,1.0,1.0,0.00041565588031134993,2405.8362875822736,2405.8362875822736
6001,2998.8220052671,1.0,0.9140400054007379,1.0036877605468273,0.00041570996782138353,2198.7445001402275,2414.394260996113
6002,2999.3224106684,0.0,-0.16472732015283265,0.16472732015283267,0.0004157640635216021,-396.2038439723731,396.20384397237314
6003,2999.8228162039,0.0,0.0,0.0,0.00041581816740738584,0.0,0.0
6004,3000.3232218736,0.0,0.0,0.0,0.0004158736998361788,0.0,0.0
6005,3000.8236276775,0.0,0.0,0.0,0.00041593001924387257,0.0,0.0
6006,3001.3240336156,1.0,1.0,1.0,0.0004159863470521394,2403.925049671548,2403.925049671548
6007,3001.8244396879004,0.0,0.0,0.0,0.0004160426832565026,0.0,0.0
6008,3002.3248458944,1.0,1.0,1.0,0.0004160990278524853,2403.2740599300755,2403.2740599300755
6009,3002.8252522351,0.0,0.0,0.0,0.0004161553808355712,0.0,0.0
6010,3003.32565871,1.0,1.0,1.0,0.0004162117422013414,2402.623229010806,2402.623229010806
6011,3003.8260653191,1.0,1.0,1.0,0.0004162681119452974,2402.2978731827816,2402.2978731827816
6012,3004.3264720623997,0.0,0.0,0.0,0.0004163244900629351,0.0,0.0
6013,3004.8268789399,0.0,0.0,0.0,0.00041638087654982523,0.0,0.0
6014,3005.3272859516,0.0,0.0,0.0,0.0004164372714014701,0.0,0.0
6015,3005.8276930975003,0.0,0.0,0.0,0.00041649367461341264,0.0,0.0
6016,3006.3281003776,0.0,0.0,0.0,0.0004165500861811954,0.0,0.0
6017,3006.8285077919,0.0,0.0,0.0,0.00041660650610036786,0.0,0.0
6018,3007.3289153404,0.0,-0.0742545620172806,0.07425456201728059,0.00041666293436644515,-178.21254518400593,178.2125451840059
6019,3007.8293230231,0.0,-0.25,0.1911575221240884,0.0004167193709750112,-599.9241153946534,458.7200294453105
6020,3008.32973084,0.0,-0.25,0.19153102626060184,0.0004167758159215812,-599.8428662354031,459.55407906067063
6021,3008.8301387910997,0.0,-0.17781575287299017,0.17781575287299017,0.00041683226920171193,-426.5882610612909,426.5882610612909
6022,3009.3305468763997,0.0,0.0,0.0,0.0004168887308109594,0.0,0.0
6023,3009.8309550959,0.0,0.0,0.0,0.0004169452007448685,0.0,0.0
6024,3010.3313634496003,0.0,0.0,0.0,0.0004170016789990199,0.0,0.0
6025,3010.8317719375,0.0,0.0,0.0,0.00041705816556893556,0.0,0.0
6026,3011.3321805595997,0.0,0.0,0.0,0.00041711466045021985,0.0,0.0
6027,3011.8325893159,0.0,0.0,0.0,0.00041717116363843015,0.0,0.0
6028,3012.3329982064,0.0,0.0,0.0,0.0004172276751290956,0.0,0.0
6029,3012.8334072311,1.0,1.0,1.0,0.00041728419491780984,2396.4483011319526,2396.4483011319526
6030,3013.33381639,3.0,3.0,1.7320508075688772,0.0004173407230001544,7188.371119007455,4150.208000593885
6031,3013.8342256830997,0.0,0.0,0.0,0.0004173972593716883,0.0,0.0
6032,3014.3346351104,0.0,0.0,0.0,0.00041745380402799975,0.0,0.0
6033,3014.8350446719,2.0,2.0,1.4142135623730951,0.00041751035696467126,4790.300328212541,3387.2538459992325
6034,3015.3354543676,0.0,-0.06319676197945975,0.06319676197945974,0.0004175669181772917,-151.34523169440234,151.3452316944023
6035,3015.8358641974996,1.0,0.8125043319422762,1.0174254889378445,0.0004176234876613984,1945.542709994894,2436.2266946124323
6036,3016.3362741615997,0.0,0.0,0.0,0.0004176800654126205,0.0,0.0
6037,3016.8366842599,0.0,0.0,0.0,0.0004177366514265482,0.0,0.0
6038,3017.3370944924,0.0,0.0,0.0,0.00041779324569876533,0.0,0.0
6039,3017.8375048590997,0.0,0.0,0.0,0.00041784984822486765,0.0,0.0
6040,3018.33791536,0.0,-0.0590398567425852,0.059039856742585196,0.0004179064590004174,-141.27529132667996,141.27529132667996
6041,3018.8383259951,0.0,-0.19165350329737096,0.19165350329737096,0.0004179630780210801,-458.5417070923783,458.5417070923783
6042,3019.3387367644,0.0,0.0,0.0,0.0004180197052823942,0.0,0.0
6043,3019.8391476679003,0.0,-0.05695931162573019,0.05695931162573019,0.0004180763407800153,-136.24141351663144,136.24141351663144
6044,3020.3395587055998,0.0,-0.1937345134106614,0.1937345134106614,0.00041813298450950597,-463.33229041455104,463.33229041455104
6045,3020.8399698774997,0.0,0.0,0.0,0.00041818963646651585,0.0,0.0
6046,3021.3403811836,0.0,-0.054877371524207845,0.05487737152420785,0.00041824629664662013,-131.20826643104556,131.20826643104556
6047,3021.8407926239,0.0,-0.25,0.20317497851076174,0.0004183029650454339,-597.6529474823261,485.71249904646004
6048,3022.3412041983997,0.0,-0.196511363529279,0.196511363529279,0.0004183596416586132,-469.7187394802168,469.7187394802168
6049,3022.8416159071,0.0,-0.05279403644949624,0.05279403644949624,0.00041841632648174026,-126.17585191623773,126.17585191623773
6050,3023.34202775,0.0,-0.197900718567251,0.197900718567251,0.00041847301951046593,-472.9115363249877,472.9115363249877
6051,3023.8424397271,0.0,0.0,0.0,0.0004185297207403836,0.0,0.0
6052,3024.3428518384003,0.0,0.0,0.0,0.00041858643016710455,0.0,0.0
6053,3024.8432640838996,0.0,0.0,0.0,0.000418643147786304,0.0,0.0
6054,3025.3436764636,1.0,1.0,1.0,0.00041869987359358747,2388.345598046809,2388.345598046809
6055,3025.8440889775,0.0,-0.04862318142643558,0.04862318142643558,0.0004187566075846142,-116.11322793661412,116.11322793661412
6056,3026.3445016256,0.0,-0.20207250355635745,0.20207250355635745,0.0004188133497549839,-482.48821026019067,482.48821026019067
6057,3026.8449144079,1.0,1.0,1.0,0.00041887010010033867,2387.374987521081,2387.374987521081
6058,3027.3453273244,0.0,0.0,0.0,0.0004189268586163377,0.0,0.0
6059,3027.8457403751,0.0,0.0,0.0,0.0004189836252986457,0.0,0.0
6060,3028.34615356,0.0,-0.04514320658806232,0.04514320658806232,0.00041904040014283046,-107.72996248732866,107.72996248732866
6061,3028.8465668791,1.0,0.794446746645094,1.0209075080362502,0.0004190971831446268,1895.6146177936425,2435.968431894575
6062,3029.3469803323997,0.0,0.0,0.0,0.0004191539742996316,0.0,0.0
6063,3029.8473939199,0.0,0.0,0.0,0.0004192107736035108,0.0,0.0
6064,3030.3478076416,0.0,0.0,0.0,0.0004192675810519312,0.0,0.0
6065,3030.8482214975,0.0,0.0,0.0,0.00041932439664053677,0.0,0.0
6066,3031.3486354876,0.0,0.0,0.0,0.0004193812203649827,0.0,0.0
6067,3031.8490496118998,0.0,0.0,0.0,0.0004194380522209481,0.0,0.0
6068,3032.3494638704,1.0,1.0,1.0,0.00041949489220410077,2383.819251638136,2383.819251638136
6069,3032.8498782631,1.0,1.0,1.0,0.0004195517403100857,2383.496250691064,2383.496250691064
6070,3033.3502927900004,0.0,0.0,0.0,0.0004196085965345939,0.0,0.0
6071,3033.8507074511,0.0,0.0,0.0,0.00041966546087325373,0.0,0.0
6072,3034.3511222464,0.0,0.0,0.0,0.0004197223333218036,0.0,0.0
6073,3034.8515371759,1.0,0.9639228618321221,1.0006505683296163,0.0004197792138758885,2296.261534562582,2383.7544481787218
6074,3035.3519522396,0.0,-0.21462133662291072,0.21462133662291072,0.0004198361025311904,-511.20267011093006,511.20267011093006
6075,3035.8523674374997,0.0,-0.06936006720168221,0.04904497386186414,0.00041989299928338406,-165.1851002994965,116.803504572754
6076,3036.3527827696,0.0,-0.43203750232012045,0.305496647617456,0.0004199499041281687,-1028.7834288640834,727.4597389221416
6077,3036.8531982359,0.0,0.0,0.0,0.0004200068170612144,0.0,0.0
6078,3037.3536138364,1.0,1.0,1.0,0.0004200637380782322,2380.591108803972,2380.591108803972
6079,3037.8540295711,0.0,-0.031883964651049986,0.031883964651049986,0.00042012066717486934,-75.89239745203663,75.89239745203663
6080,3038.35444544,1.0,0.7811845599541543,1.023660195964685,0.00042017760434687255,1859.1770524476997,2436.255967416137
6081,3038.8548614430997,0.0,-0.030485000274317286,0.030485000274317286,0.00042023454958990084,-72.54282234544264,72.54282234544264
6082,3039.3552775804,0.0,-0.22021471438764884,0.22021471438764884,0.00042029150289968375,-523.9570937512154,523.9570937512154
6083,3039.8556938519,0.0,0.0,0.0,0.00042034846427188815,0.0,0.0
6084,3040.3561102575995,0.0,0.0,0.0,0.00042040543370223737,0.0,0.0
6085,3040.8565267975,0.0,0.0,0.0,0.00042046241118644424,0.0,0.0
6086,3041.3569434716,0.0,-0.02698487714684041,0.026984877146840412,0.00042051939672018736,-64.17035065993896,64.17035065993898
6087,3041.8573602799,0.0,-0.223715612421447,0.223715612421447,0.00042057639029921524,-531.9262269151309,531.9262269151309
6088,3042.3577772224003,0.0,0.0,0.0,0.0004206333919192236,0.0,0.0
6089,3042.8581942991,0.0,-0.024882943501995172,0.024882943501995172,0.00042069040157590896,-59.1478755131648,59.1478755131648
6090,3043.3586115099997,1.0,0.7741819889947579,1.0251798740193663,0.00042074741926499193,1840.0160132822311,2436.5684186732833
6091,3043.8590288551,1.0,1.0,1.0,0.0004208044449822215,2376.4007531865514,2376.4007531865514
6092,3044.3594463344,0.0,-0.02277961504471195,0.02277961504471195,0.00042086147872330586,-54.126158359312186,54.126158359312186
6093,3044.8598639479,0.0,-0.22792180439751475,0.22792180439751475,0.0004209185204839609,-541.4867564759477,541.4867564759477
6094,3045.3602816956,0.0,-0.021376621182702598,0.021376621182702598,0.00042097557025993067,-50.778768871323436,50.778768871323436
6095,3045.8606995775,1.0,0.770674891785966,1.0259580913747786,0.0004210326280469247,1830.4398292383012,2436.766233852152
6096,3046.3611175936,0.0,0.0,0.0,0.0004210896938406879,0.0,0.0
6097,3046.8615357439003,0.0,-0.019270968063124057,0.019270968063124057,0.00042114676763694767,-45.75831881900307,45.75831881900307
6098,3047.3619540284,0.0,-0.23143122626279755,0.23143122626279755,0.0004212038494314552,-549.4518309250628,549.4518309250628
6099,3047.8623724471,0.0,0.0,0.0,0.0004212609392199102,0.0,0.0
6100,3048.362791,0.0,0.0,0.0,0.00042131803699810424,0.0,0.0
6101,3048.8632096871,0.0,0.0,0.0,0.0004213751427617433,0.0,0.0
6102,3049.3636285084003,0.0,0.0,0.0,0.00042143225650661343,0.0,0.0
6103,3049.8640474638996,0.0,0.0,0.0,0.00042148937822840437,0.0,0.0
6104,3050.3644665536,1.0,1.0,1.0,0.00042154650792290856,2372.2174925070844,2372.2174925070844
6105,3050.8648857775,0.0,-0.013649074169721007,0.013649074169721007,0.00042160364558587946,-32.37418440904048,32.37418440904048
6106,3051.3653051356,0.0,-0.23705435994772206,0.23705435994772206,0.0004216607912130584,-562.1920863586823,562.1920863586823
6107,3051.8657246279,0.0,0.0,0.0,0.00042171794480022764,0.0,0.0
6108,3052.3661442544,1.0,1.0,1.0,0.00042177510634309497,2370.9317713657224,2370.9317713657224
6109,3052.8665640151,0.0,-0.0108344078689788,0.010834407868978798,0.0004218322758374665,-25.684160481720312,25.68416048172031
6110,3053.3669839100003,0.0,-0.25,0.240083467165092,0.00042188945327909633,-592.5722912883894,569.0672409539173
6111,3053.8674039391003,0.0,-0.2405738551079946,0.2405738551079946,0.00042194663866377315,-570.152320373608,570.152320373608
6112,3054.3678241024,0.0,-0.008721780947926106,0.008721780947926106,0.00042200383198720624,-20.667539692365924,20.667539692365924
6113,3054.8682443999,0.0,-0.24198273796540157,0.24198273796540157,0.0004220610332452257,-573.3358896100813,573.3358896100813
6114,3055.3686648316,0.0,0.0,0.0,0.00042211824243356956,0.0,0.0
6115,3055.8690853975,0.0,-0.013215518600606308,0.009344782819385677,0.0004221754595480332,-31.30337944027916,22.13483187627695
6116,3056.3695060975997,0.0,-0.48819444903922965,0.3452056054532697,0.0004222326845844138,-1156.2213605508518,817.5719645982435
6117,3056.8699269319,0.0,0.0,0.0,0.0004222899175384385,0.0,0.0
6118,3057.3703479004,1.0,1.0,1.0,0.0004223471584059554,2367.7204406305277,2367.7204406305277
6119,3057.8707690031,0.0,0.0,0.0,0.0004224044071826874,0.0,0.0
6120,3058.37119024,0.0,0.0,0.0,0.0004224616638644832,0.0,0.0
6121,3058.8716116111,1.0,1.0,1.0,0.0004225189284470776,2366.7578720683387,2366.7578720683387
6122,3059.3720331164,0.0,-0.0016696182487347137,0.0016696182487347135,0.0004225762009262735,-3.9510465688199288,3.9510465688199283
6123,3059.8724547559,0.0,-0.24903645033825358,0.24903645033825358,0.00042263348129791575,-589.2492226916281,589.2492226916281
6124,3060.3728765296,1.0,0.9997426738901465,1.000000033108363,0.00042269076955774536,2365.1869070530247,2365.795766381762
6125,3060.8732984374997,0.0,-0.24955094719232218,0.24955094719232218,0.00042274806570158325,-590.3065381935527,590.3065381935527
6126,3061.3737204796,0.0,-0.25,0.24884709623149798,0.00042280536972526343,-591.2886115009576,588.5618160270704
6127,3061.8741426559,0.0,-0.0018622759939658229,0.0018622759939657951,0.00042286268162453343,-4.4039733816458355,4.40397338164577
6128,3062.3745649664,0.0,0.0,0.0,0.00042292000139523286,0.0,0.0
6129,3062.8749874111004,0.0,0.0,0.0,0.00042297732903315033,0.0,0.0
6130,3063.3754099899998,0.0,0.0,0.0,0.000423034664534114,0.0,0.0
6131,3063.8758327031,0.0,0.0,0.0,0.0004230920078939191,0.0,0.0
6132,3064.3762555504,1.0,1.0,1.0,0.0004231493591084292,2363.231748966815,2363.231748966815
6133,3064.8766785319003,1.0,1.0,1.0,0.00042320671817339936,2362.911449790059,2362.911449790059
6134,3065.3771016476,0.0,0.0,0.0,0.00042326408508471105,0.0,0.0
6135,3065.8775248975,1.0,1.0,1.0,0.0004233214598381083,2362.2709805036393,2362.2709805036393
6136,3066.3779482816,0.0,-0.2417705490195445,0.24177054901954453,0.0004233788424294904,-571.0501441975316,571.0501441975317
6137,3066.8783717999,0.0,-0.008937689672559451,0.008937689672559451,0.0004234362328546654,-21.107522169996027,21.107522169996027
6138,3067.3787954524,2.0,2.0,1.4142135623730951,0.0004234936311094413,4722.621199191423,3339.397474923601
6139,3067.8792192390997,0.0,0.0,0.0,0.0004235510371896718,0.0,0.0
6140,3068.37964316,0.0,0.0,0.0,0.00042360845109119474,0.0,0.0
6141,3068.8800672151,0.0,0.0,0.0,0.0004236658728098127,0.0,0.0
6142,3069.3804914044,1.0,0.7624812075147044,1.0278205956214699,0.000423723302341404,1799.4790546127554,2425.6881553172884
6143,3069.8809157278997,0.0,-0.013190375956898065,0.013190375956898065,0.00042378073968178415,-31.125472966993932,31.125472966993932
6144,3070.3813401856,0.0,0.0,0.0,0.0004238381848268312,0.0,0.0
6145,3070.8817647775,0.0,0.0,0.0,0.0004238956377723496,0.0,0.0
6146,3071.3821895036,0.0,0.0,0.0,0.00042395309851419493,0.0,0.0
6147,3071.8826143639003,0.0,-0.233971400710116,0.233971400710116,0.0004240105670482413,-551.8055890420678,551.8055890420678
6148,3072.3830393584,0.0,-0.016738542512359567,0.016738542512359567,0.00042406804337029953,-39.47136025466399,39.47136025466399
6149,3072.8834644871,0.0,0.0,0.0,0.0004241255274762837,0.0,0.0
6150,3073.38388975,1.0,1.0,1.0,0.00042418301936199965,2357.4729641560584,2357.4729641560584
6151,3073.8843151471,0.0,0.0,0.0,0.000424240519023339,0.0,0.0
6152,3074.3847406784,1.0,1.0,1.0,0.0004242980264561539,2356.8339649190852,2356.8339649190852
6153,3074.8851663439,0.0,0.0,0.0,0.0004243555416562907,0.0,0.0
6154,3075.3855921435998,0.0,0.0,0.0,0.0004244130646196197,0.0,0.0
6155,3075.8860180775,1.0,1.0,1.0,0.0004244705953420622,2355.875792041953,2355.875792041953
6156,3076.3864441456003,0.0,0.0,0.0,0.0004245281338194024,0.0,0.0
6157,3076.8868703478997,0.0,-0.22686499556794174,0.22686499556794174,0.00042458568004760314,-534.3208832255162,534.3208832255162
6158,3077.3872966844,0.0,-0.25,0.2274072607986253,0.00042464323402245413,-588.7295027212905,535.525454260742
6159,3077.8877231551,0.0,-0.024558144886714317,0.024558144886714317,0.00042470079573989604,-57.82457940520253,57.82457940520253
6160,3078.38814976,1.0,1.0,1.0,0.00042475836519577126,2354.2797080384744,2354.2797080384744
6161,3078.8885764990996,0.0,0.0,0.0,0.0004248159423859975,0.0,0.0
6162,3079.3890033723997,0.0,0.0,0.0,0.0004248735273064411,0.0,0.0
6163,3079.8894303798997,0.0,0.0,0.0,0.00042493111995297396,0.0,0.0
6164,3080.3898575216,0.0,0.0,0.0,0.0004249887203215142,0.0,0.0
6165,3080.8902847975,0.0,0.0,0.0,0.00042504632840793523,0.0,0.0
6166,3081.3907122076,0.0,0.0,0.0,0.00042510394420810973,0.0,0.0
6167,3081.8911397519,1.0,1.0,1.0,0.0004251615677179798,2352.0470238347716,2352.0470238347716
6168,3082.3915674304,0.0,-0.2190300530766679,0.2190300530766679,0.000425219198933419,-515.099162093487,515.099162093487
6169,3082.8919952431,0.0,-0.031683144109916184,0.031683144109916184,0.00042527683785031244,-74.50004629941289,74.50004629941289
6170,3083.39242319,2.0,2.0,1.4142135623730951,0.00042533448446460903,4702.181631281333,3324.9445178498527
6171,3083.8928512711,0.0,0.0,0.0,0.0004253921387721545,0.0,0.0
6172,3084.3932794864,0.0,0.0,0.0,0.00042544980076891477,0.0,0.0
6173,3084.8937078359,1.0,1.0,1.0,0.0004255074704507362,2350.1350021909348,2350.1350021909348
6174,3085.3941363196,0.0,0.0,0.0,0.00042556514781358633,0.0,0.0
6175,3085.8945649374996,0.0,0.0,0.0,0.0004256228328533512,0.0,0.0
6176,3086.3949936895997,0.0,0.0,0.0,0.0004256805255659645,0.0,0.0
6177,3086.8954225759,0.0,0.0,0.0,0.0004257382259473133,0.0,0.0
6178,3087.3958515964,0.0,0.0,0.0,0.00042579593399335415,0.0,0.0
6179,3087.8962807511,1.0,1.0,1.0,0.00042585364969999787,2348.2245618993106,2348.2245618993106
6180,3088.39671004,0.0,0.0,0.0,0.0004259113730631501,0.0,0.0
6181,3088.8971394631,0.0,0.0,0.0,0.00042596910407876226,0.0,0.0
6182,3089.3975690204,0.0,0.0,0.0,0.00042602684274275175,0.0,0.0
6183,3089.8979987119,0.0,0.0,0.0,0.0004260845890510707,0.0,0.0
6184,3090.3984285375996,0.0,0.0,0.0,0.0004261423429996024,0.0,0.0
6185,3090.8988584975,2.0,1.7931153714868597,1.4292659827740324,0.00042620010458434027,4207.214761797465,3353.5092258317277
6186,3091.3992885916,0.0,-0.25,0.2107765340588202,0.0004262578738011966,-586.4994299591474,494.48126829705143
6187,3091.8997188199,1.0,0.9554528111455446,1.000991734249007,0.00042631565064611866,2241.186336221699,2348.006067175616
6188,3092.4001491824,0.0,0.0,0.0,0.00042637343511504276,0.0,0.0
6189,3092.9005796791,0.0,-0.20402037402310624,0.20402037402310624,0.0004264312272038999,-478.4367583979797,478.4367583979797
6190,3093.40101031,0.0,-0.04669607694493014,0.04669607694493014,0.00042648902690869554,-109.48951555306256,109.48951555306256
6191,3093.9014410751,0.0,0.0,0.0,0.00042654683422529765,0.0,0.0
6192,3094.4018719744,0.0,0.0,0.0,0.00042660464914970656,0.0,0.0
6193,3094.9023030078997,0.0,-0.2011536405281271,0.2011536405281271,0.0004266624716778774,-471.4584803699223,471.4584803699223
6194,3095.4027341756,0.0,-0.04956343018687387,0.04956343018687387,0.0004267203018057648,-116.14968863008123,116.14968863008123
6195,3095.9031654775,0.0,0.0,0.0,0.000426778139529301,0.0,0.0
6196,3096.4035969136003,0.0,0.0,0.0,0.00042683598484446485,0.0,0.0
6197,3096.9040284839,0.0,0.0,0.0,0.00042689383774724025,0.0,0.0
6198,3097.4044601883998,0.0,0.0,0.0,0.0004269516982335609,0.0,0.0
6199,3097.9048920271,0.0,0.0,0.0,0.00042700956629941123,0.0,0.0
6200,3098.405324,0.0,0.0,0.0,0.00042706744194073075,0.0,0.0
6201,3098.9057561071,0.0,-0.19541273662899222,0.19541273662899222,0.00042712532515355684,-457.50679044549497,457.50679044549497
6202,3099.4061883483996,0.0,-0.05530557356070989,0.05530557356070989,0.00042718321593378326,-129.46569878644925,129.46569878644925
6203,3099.9066207239,0.0,0.0,0.0,0.000427241114277459,0.0,0.0
6204,3100.4070532336,0.0,0.0,0.0,0.0004272990201805018,0.0,0.0
6205,3100.9074858775,0.0,0.0,0.0,0.0004273569336389264,0.0,0.0
6206,3101.4079186556,0.0,-0.19181963636111451,0.19181963636111454,0.0004274148546487198,-448.7902895157111,448.79028951571115
6207,3101.9083515679,0.0,-0.05889944848665912,0.05889944848665912,0.00042747278320584054,-137.78525978880234,137.78525978880234
6208,3102.4087846144,0.0,0.0,0.0,0.00042753071930629315,0.0,0.0
6209,3102.9092177951,0.0,-0.1896619170276766,0.1896619170276766,0.000427588662946065,-443.5616129784996,443.5616129784996
6210,3103.40965111,0.0,-0.06105763260978625,0.06105763260978625,0.00042764661412114365,-142.7759056043639,142.7759056043639
6211,3103.9100845590997,0.0,0.0,0.0,0.00042770457282753497,0.0,0.0
6212,3104.4105181423997,0.0,0.0,0.0,0.0004277625390612269,0.0,0.0
6213,3104.9109518599,0.0,0.0,0.0,0.00042782051281821994,0.0,0.0
6214,3105.4113857116,0.0,0.0,0.0,0.00042787849409449034,0.0,0.0
6215,3105.9118196975,0.0,0.0,0.0,0.00042793648288609755,0.0,0.0
6216,3106.4122538176,0.0,0.0,0.0,0.000427994479188978,0.0,0.0
6217,3106.9126880719,0.0,0.0,0.0,0.0004280524829991966,0.0,0.0
6218,3107.4131224604,0.0,0.0,0.0,0.0004281104943126971,0.0,0.0
6219,3107.9135569831,0.0,-0.18245944889333923,0.18245944889333923,0.0004281685131255674,-426.13934303905717,426.13934303905717
6220,3108.41399164,0.0,-0.06826165001660928,0.06826165001660928,0.00042822653943376895,-159.40546353542123,159.40546353542123
6221,3108.9144264311,0.0,0.0,0.0,0.00042828457323334373,0.0,0.0
6222,3109.4148613564,0.0,0.0,0.0,0.0004283426145202718,0.0,0.0
6223,3109.9152964159002,0.0,0.0,0.0,0.0004284006632906526,0.0,0.0
6224,3110.4157316096002,0.0,0.0,0.0,0.0004284587195404092,0.0,0.0
6225,3110.9161669375,0.0,0.0,0.0,0.0004285167832656191,0.0,0.0
6226,3111.4166023996,0.0,0.0,0.0,0.00042857485446231463,0.0,0.0
6227,3111.9170379959,0.0,0.0,0.0,0.00042863293312649873,0.0,0.0
6228,3112.4174737264,0.0,0.0,0.0,0.0004286910192542216,0.0,0.0
6229,3112.9179095911,0.0,0.0,0.0,0.0004287491128414989,0.0,0.0
6230,3113.4183455899997,0.0,0.0,0.0,0.0004288072138843867,0.0,0.0
6231,3113.9187817231,0.0,-0.17379603701849974,0.17379603701849974,0.00042886532237890103,-405.2461879045365,405.2461879045365
6232,3114.4192179904,0.0,-0.25,0.18939916012506378,0.00042892343832110977,-582.8546021605835,441.56868849697076
6233,3114.9196543919,1.0,0.75,1.017710193810538,0.0004289815617070411,1748.3268908237783,2372.3867985392567
6234,3115.4200909275996,0.0,-0.07837330168742826,0.07837330168742826,0.00042903969253271193,-182.67144754084197,182.67144754084197
6235,3115.9205275975,0.0,0.0,0.0,0.0004290978307942077,0.0,0.0
6236,3116.4209644016,0.0,0.0,0.0,0.00042915597648755826,0.0,0.0
6237,3116.9214013399,0.0,0.0,0.0,0.00042921412960880326,0.0,0.0
6238,3117.4218384123997,0.0,0.0,0.0,0.00042927229015403553,0.0,0.0
6239,3117.9222756190998,0.0,0.0,0.0,0.00042933045811926167,0.0,0.0
6240,3118.42271296,0.0,-0.1672838380949006,0.1672838380949006,0.00042938863350055166,-389.58608832081643,389.58608832081643
6241,3118.9231504351,0.0,-0.08344051415205361,0.08344051415205361,0.00042944681629398753,-194.29766617464577,194.29766617464577
6242,3119.4235880444003,1.0,1.0,1.0,0.00042950500649561617,2328.2615682623173,2328.2615682623173
6243,3119.9240257878996,0.0,0.0,0.0,0.00042956320410149747,0.0,0.0
6244,3120.4244636656,1.0,1.0,1.0,0.0004296214091076962,2327.63074372144,2327.63074372144
6245,3120.9249016775,0.0,0.0,0.0,0.0004296796215102723,0.0,0.0
6246,3121.4253398236,0.0,0.0,0.0,0.0004297378413053094,0.0,0.0
6247,3121.9257781039,0.0,0.0,0.0,0.0004297960684888837,0.0,0.0
6248,3122.4262165184,0.0,-0.16148468248646158,0.16148468248646158,0.0004298543030570453,-375.6730625656461,375.6730625656461
6249,3122.9266550671,0.0,-0.08924090907904392,0.08924090907904392,0.00042991254500589454,-207.57921608875205,207.57921608875205
6250,3123.42709375,0.0,0.0,0.0,0.00042997079433149295,0.0,0.0
6251,3123.9275325671,0.0,-0.3186148861034051,0.22529474655069726,0.0004300290510299529,-740.9147948035087,523.9058756870004
6252,3124.4279715183998,0.0,-0.18283722650317547,0.12928544271373613,0.00043008731509730757,-425.1165288653268,300.60278035515927
6253,3124.9284106039,0.0,0.0,0.0,0.0004301455865296814,0.0,0.0
6254,3125.4288498236,0.0,0.0,0.0,0.00043020386532313106,0.0,0.0
6255,3125.9292891775,0.0,0.0,0.0,0.000430262151473765,0.0,0.0
6256,3126.4297286656,0.0,0.0,0.0,0.00043032044497766755,0.0,0.0
6257,3126.9301682879,0.0,0.0,0.0,0.0004303787458309428,0.0,0.0
6258,3127.4306080444,1.0,1.0,1.0,0.00043043705402967596,2323.2200635102763,2323.2200635102763
6259,3127.9310479351,0.0,0.0,0.0,0.00043049536956995903,0.0,0.0
6260,3128.43148796,0.0,-0.15276735953763107,0.15276735953763104,0.00043055369244790774,-354.81604784080264,354.8160478408026
6261,3128.9319281190997,0.0,-0.09796009095603209,0.09796009095603211,0.00043061202265959656,-227.49037602573068,227.49037602573077
6262,3129.4323684123997,1.0,1.0,1.0,0.0004306703602011642,2321.961510267167,2321.961510267167
6263,3129.9328088399,0.0,0.0,0.0,0.0004307287050687034,0.0,0.0
6264,3130.4332494016003,0.0,0.0,0.0,0.00043078705725829643,0.0,0.0
6265,3130.9336900975004,0.0,-0.1491285579951979,0.1491285579951979,0.00043084541676608227,-346.1300786591954,346.1300786591954
6266,3131.4341309275997,0.0,-0.10159966703426548,0.10159966703426548,0.0004309037835881884,-235.7827220458188,235.7827220458188
6267,3131.9345718919,0.0,-0.14767195303085504,0.14767195303085504,0.0004309621577206868,-342.65642675421054,342.65642675421054
6268,3132.4350129904,1.0,0.8969434181904297,1.0052963041085314,0.0004310205391596997,2080.9760480070727,2332.3628754871324
6269,3132.9354542231004,0.0,0.0,0.0,0.0004310789279013785,0.0,0.0
6270,3133.4358955899997,0.0,0.0,0.0,0.00043113732394181847,0.0,0.0
6271,3133.9363370911,0.0,0.0,0.0,0.0004311957272771483,0.0,0.0
6272,3134.4367787264,0.0,0.0,0.0,0.000431254137903504,0.0,0.0
6273,3134.9372204959,0.0,-0.1432984204203381,0.1432984204203381,0.0004313125558169974,-332.23799884262706,332.23799884262706
6274,3135.4376623996,0.0,-0.10743104384430147,0.10743104384430147,0.00043137098101376424,-249.04559780963464,249.04559780963464
6275,3135.9381044375,0.0,0.0,0.0,0.0004314294134899119,0.0,0.0
6276,3136.4385466096,1.0,1.0,1.0,0.00043148785324161173,2317.562342687894,2317.562342687894
6277,3136.9389889159,0.0,0.0,0.0,0.0004315463002649879,0.0,0.0
6278,3137.4394313564003,0.0,-0.13964955007581648,0.13964955007581648,0.00043160475455617734,-323.55887788914475,323.55887788914475
6279,3137.9398739310996,0.0,-0.11108068869789967,0.11108068869789967,0.00043166321611130565,-257.33183776598923,257.33183776598923
6280,3138.4403166399998,0.0,0.0,0.0,0.00043172168492650937,0.0,0.0
6281,3138.9407594831,0.0,0.0,0.0,0.00043178016099796733,0.0,0.0
6282,3139.4412024604003,0.0,0.0,0.0,0.0004318386443218103,0.0,0.0
6283,3139.9416455719,0.0,0.0,0.0,0.0004318971348941767,0.0,0.0
6284,3140.4420888175996,0.0,-0.13526579393603677,0.13526579393603674,0.00043195563271121614,-313.147424625595,313.14742462559497
6285,3140.9425321975,0.0,-0.25,0.1772902089146492,0.00043201413776907836,-578.6847654824455,410.38057187243015
6286,3141.4429757116,0.0,-0.11619669730210438,0.11619669730210438,0.00043207265006394785,-268.9286102346607,268.9286102346607
6287,3141.9434193599,0.0,-0.1330718247321225,0.1330718247321225,0.0004321311695919347,-307.94312953121016,307.94312953121016
6288,3142.4438631423996,0.0,-0.3823401918689744,0.2210694081442832,0.0004321896963492306,-884.6582764435565,511.5101308793077
6289,3142.9443070591,0.0,-0.23678319178088142,0.167431000579256,0.0004322482303319791,-547.7944735575322,387.3491869490458
6290,3143.4447511099997,0.0,0.0,0.0,0.00043230677153636076,0.0,0.0
6291,3143.9451952951,0.0,0.0,0.0,0.00043236531995853274,0.0,0.0
6292,3144.4456396144,1.0,1.0,1.0,0.0004324238755946406,2312.545759932581,2312.545759932581
6293,3144.9460840679,0.0,0.0,0.0,0.0004324824384408821,0.0,0.0
6294,3145.4465286556,0.0,-0.12794714187403908,0.12794714187403908,0.0004325410084934263,-295.8034946089594,295.8034946089594
6295,3145.9469733775,0.0,-0.1227855752575995,0.12278557525759953,0.000432599585748414,-283.8319298091229,283.831929809123
6296,3146.4474182336003,0.0,0.0,0.0,0.0004326581702020492,0.0,0.0
6297,3146.9478632238997,0.0,0.0,0.0,0.0004327167618505198,0.0,0.0
6298,3147.4483083483997,0.0,0.0,0.0,0.00043277536068997777,0.0,0.0
6299,3147.9487536071,0.0,0.0,0.0,0.00043283396671662275,0.0,0.0
6300,3148.449199,0.0,0.0,0.0,0.00043289257992661914,0.0,0.0
6301,3148.9496445271,0.0,0.0,0.0,0.0004329512003161734,0.0,0.0
6302,3149.4500901884,0.0,0.0,0.0,0.000433009827881432,0.0,0.0
6303,3149.9505359839,0.0,-0.12134711154497585,0.12134711154497585,0.0004330684626186422,-280.2030672268867,280.2030672268867
6304,3150.4509819136,0.0,-0.1293869996164943,0.1293869996164943,0.0004331271045239696,-298.72755194736123,298.72755194736123
6305,3150.9514279775003,0.0,0.0,0.0,0.00043318575359361426,0.0,0.0
6306,3151.4518741755996,0.0,0.0,0.0,0.0004332444098237543,0.0,0.0
6307,3151.9523205079,0.0,-0.11840973755962524,0.11840973755962524,0.00043330307321060767,-273.27232341616,273.27232341616
6308,3152.4527669743998,1.0,0.8676750068399247,1.0087169592183993,0.0004333617437503701,2002.1956699060465,2327.65576049429
6309,3152.9532135751,0.0,0.0,0.0,0.00043342042143921437,0.0,0.0
6310,3153.45366031,0.0,0.0,0.0,0.00043347910627338225,0.0,0.0
6311,3153.9541071791,0.0,0.0,0.0,0.0004335377982490813,0.0,0.0
6312,3154.4545541824,0.0,0.0,0.0,0.00043359649736249663,0.0,0.0
6313,3154.9550013199,1.0,1.0,1.0,0.00043365520360982433,2305.9794778797054,2305.9794778797054
6314,3155.4554485916,0.0,0.0,0.0,0.00043371391698730246,0.0,0.0
6315,3155.9558959974997,0.0,0.0,0.0,0.00043377263749115575,0.0,0.0
6316,3156.4563435376,0.0,0.0,0.0,0.000433831365117565,0.0,0.0
6317,3156.9567912119,0.0,0.0,0.0,0.0004338900998627908,0.0,0.0
6318,3157.4572390204003,0.0,0.0,0.0,0.00043394884172301933,0.0,0.0
6319,3157.9576869631,0.0,0.0,0.0,0.0004340075906945061,0.0,0.0
6320,3158.45813504,0.0,0.0,0.0,0.000434066346773415,0.0,0.0
6321,3158.9585832510998,0.0,0.0,0.0,0.0004341251099560648,0.0,0.0
6322,3159.4590315964,0.0,0.0,0.0,0.0004341838802385914,0.0,0.0
6323,3159.9594800759,0.0,0.0,0.0,0.0004342426576172795,0.0,0.0
6324,3160.4599286896,0.0,-0.10589825077567394,0.10589825077567394,0.00043430144208836315,-243.8358257952269,243.8358257952269
6325,3160.9603774375,0.0,-0.14483911299161478,0.14483911299161478,0.00043436023364804715,-333.4538978744883,333.4538978744883
6326,3161.4608263196,0.0,0.0,0.0,0.00043441903229257705,0.0,0.0
6327,3161.9612753359,0.0,0.0,0.0,0.00043447783801818735,0.0,0.0
6328,3162.4617244864003,0.0,0.0,0.0,0.0004345366508211703,0.0,0.0
6329,3162.9621737711,0.0,0.0,0.0,0.0004345954706977027,0.0,0.0
6330,3163.4626231899997,1.0,1.0,1.0,0.00043465429764405424,2300.67896583624,2300.67896583624
6331,3163.9630727431,0.0,-0.10073345190884662,0.10073345190884662,0.0004347131316564543,-231.7239682293619,231.7239682293619
6332,3164.4635224304,0.0,-0.1500049960196571,0.1500049960196571,0.0004347719727312131,-345.01993097055947,345.01993097055947
6333,3164.9639722519,2.0,2.0,1.4142135623730951,0.00043483082086450314,4599.489971809557,3252.33054906606
6334,3165.4644222076,0.0,0.0,0.0,0.0004348896760526118,0.0,0.0
6335,3165.9648722975,0.0,0.0,0.0,0.00043494853829181596,0.0,0.0
6336,3166.4653225216002,0.0,0.0,0.0,0.0004350074075783343,0.0,0.0
6337,3166.9657728799,0.0,0.0,0.0,0.0004350662839084434,0.0,0.0
6338,3167.4662233724,0.0,0.0,0.0,0.0004351251672784095,0.0,0.0
6339,3167.9666739991,0.0,0.0,0.0,0.0004351840576844863,0.0,0.0
6340,3168.46712476,0.0,0.0,0.0,0.0004352429551229571,0.0,0.0
6341,3168.9675756551,0.0,0.0,0.0,0.00043530185959003075,0.0,0.0
6342,3169.4680266844002,0.0,0.0,0.0,0.0004353607710820658,0.0,0.0
6343,3169.9684778479,0.0,0.0,0.0,0.0004354196895952595,0.0,0.0
6344,3170.4689291455998,0.0,0.0,0.0,0.000435478615125931,0.0,0.0
6345,3170.9693805775,0.0,0.0,0.0,0.0004355375476703183,0.0,0.0
6346,3171.4698321436003,0.0,-0.08964047092242995,0.08964047092242995,0.00043559648722474016,-205.78786457518228,205.78786457518228
6347,3171.9702838439,0.0,-0.16110030014099863,0.16110030014099863,0.0004356554337854418,-369.788341077687,369.788341077687
6348,3172.4707356783997,0.0,0.0,0.0,0.0004357143873486962,0.0,0.0
6349,3172.9711876471,0.0,0.0,0.0,0.00043577334791082957,0.0,0.0
6350,3173.47163975,0.0,0.0,0.0,0.00043583231546809786,0.0,0.0
6351,3173.9720919871,0.0,0.0,0.0,0.00043589129001678114,0.0,0.0
6352,3174.4725443584,0.0,0.0,0.0,0.000435950271553177,0.0,0.0
6353,3174.9729968639,0.0,0.0,0.0,0.00043600926007359483,0.0,0.0
6354,3175.4734495036,0.0,-0.08370996601618966,0.08370996601618966,0.00043606825557432024,-191.96528283385388,191.96528283385388
6355,3175.9739022775,0.0,-0.25,0.18650304407147789,0.0004361272580516233,-573.2271840032712,427.634459044525
6356,3176.4743551856,0.0,-0.16777420891274308,0.16777420891274308,0.0004361862675018189,-384.63890638657824,384.63890638657824
6357,3176.9748082278998,0.0,0.0,0.0,0.00043624528392121757,0.0,0.0
6358,3177.4752614044,0.0,0.0,0.0,0.00043630430730610617,0.0,0.0
6359,3177.9757147151,0.0,0.0,0.0,0.000436363337652784,0.0,0.0
6360,3178.4761681600003,0.0,0.0,0.0,0.00043642237495756717,0.0,0.0
6361,3178.9766217390998,0.0,0.0,0.0,0.00043648141921678396,0.0,0.0
6362,3179.4770754523997,0.0,0.0,0.0,0.0004365404704266822,0.0,0.0
6363,3179.9775292999,0.0,0.0,0.0,0.0004365995285836307,0.0,0.0
6364,3180.4779832816002,0.0,0.0,0.0,0.0004366585936839295,0.0,0.0
6365,3180.9784373975,0.0,0.0,0.0,0.00043671766572385586,0.0,0.0
6366,3181.4788916476,0.0,0.0,0.0,0.0004367767446997678,0.0,0.0
6367,3181.9793460319,0.0,0.0,0.0,0.0004368358306079777,0.0,0.0
6368,3182.4798005504,1.0,1.0,1.0,0.00043689492344480327,2288.879880121424,2288.879880121424
6369,3182.9802552031,1.0,1.0,1.0,0.0004369540232065463,2288.570300054897,2288.570300054897
6370,3183.48070999,0.0,0.0,0.0,0.0004370131298895533,0.0,0.0
6371,3183.9811649110998,0.0,0.0,0.0,0.0004370722434901667,0.0,0.0
6372,3184.4816199664,0.0,0.0,0.0,0.00043713136400468804,0.0,0.0
6373,3184.9820751559,0.0,0.0,0.0,0.00043719049142947703,0.0,0.0
6374,3185.4825304796,0.0,0.0,0.0,0.0004372496257608127,0.0,0.0
6375,3185.9829859375,0.0,0.0,0.0,0.0004373087669950838,0.0,0.0
6376,3186.4834415296,0.0,0.0,0.0,0.0004373679151286049,0.0,0.0
6377,3186.9838972559,0.0,0.0,0.0,0.0004374270701577184,0.0,0.0
6378,3187.4843531164,0.0,0.0,0.0,0.00043748623207876805,0.0,0.0
6379,3187.9848091111,0.0,0.0,0.0,0.0004375454008880914,0.0,0.0
6380,3188.48526524,0.0,0.0,0.0,0.00043760457658202694,0.0,0.0
6381,3188.9857215031,0.0,0.0,0.0,0.0004376637591569069,0.0,0.0
6382,3189.4861779004,0.0,0.0,0.0,0.00043772294860915003,0.0,0.0
6383,3189.9866344319,0.0,0.0,0.0,0.00043778214493503175,0.0,0.0
6384,3190.4870910975997,0.0,0.0,0.0,0.0004378413481309316,0.0,0.0
6385,3190.9875478975,0.0,0.0,0.0,0.0004379005581932112,0.0,0.0
6386,3191.4880048316,0.0,0.0,0.0,0.0004379597751182217,0.0,0.0
6387,3191.9884618999004,0.0,0.0,0.0,0.00043801899890230243,0.0,0.0
6388,3192.4889191024,0.0,0.0,0.0,0.0004380782295418508,0.0,0.0
6389,3192.9893764391,0.0,0.0,0.0,0.00043813746703319544,0.0,0.0
6390,3193.48983391,0.0,0.0,0.0,0.00043819671137271596,0.0,0.0
6391,3193.9902915151,0.0,0.0,0.0,0.0004382559625567825,0.0,0.0
6392,3194.4907492544,0.0,0.0,0.0,0.0004383152205817468,0.0,0.0
6393,3194.9912071279,0.0,0.0,0.0,0.0004383744854440123,0.0,0.0
6394,3195.4916651355998,0.0,0.0,0.0,0.0004384337571398979,0.0,0.0
6395,3195.9921232775,0.0,0.0,0.0,0.0004384930356658362,0.0,0.0
6396,3196.4925815536003,1.0,1.0,1.0,0.0004385523210181574,2280.2296375455667,2280.2296375455667
6397,3196.9930399638997,0.0,-0.10332738627956453,0.07306349552056192,0.0004386116131932611,-235.57831842914842,166.57902646177467
6398,3197.4934985084,0.0,-0.3981699517651677,0.28154867295787067,0.00043867091218752284,-907.6734761819771,641.8220701114424
6399,3197.9939571871,0.0,0.0,0.0,0.00043873021799731944,0.0,0.0
6400,3198.494416,0.0,0.0,0.0,0.00043878953061905133,0.0,0.0
6401,3198.9948749470996,0.0,0.0,0.0,0.0004388488500490777,0.0,0.0
6402,3199.4953340284,0.0,0.0,0.0,0.0004389081762838158,0.0,0.0
6403,3199.9957932439,1.0,1.0,1.0,0.00043896750931962593,2278.072929702569,2278.072929702569
6404,3200.4962525936,0.0,-0.046419758122100724,0.04641975812210073,0.00043902684915293234,-105.73330130415482,105.73330130415484
6405,3200.9967120775,0.0,-0.20432999484985978,0.20432999484985978,0.0004390861957800779,-465.35280957044966,465.35280957044966
6406,3201.4971716955997,0.0,0.0,0.0,0.0004391455491975384,0.0,0.0
6407,3201.9976314479,0.0,0.0,0.0,0.0004392049094016234,0.0,0.0
6408,3202.4980913344,1.0,1.0,1.0,0.00043926427638876244,2276.5338629881417,2276.5338629881417
6409,3202.9985513551,0.0,0.0,0.0,0.0004393236501554153,0.0,0.0
6410,3203.4990115100004,0.0,0.0,0.0,0.0004393830306978749,0.0,0.0
6411,3203.9994717991,0.0,0.0,0.0,0.00043944241801264036,0.0,0.0
6412,3204.4999322224,0.0,0.0,0.0,0.00043950181209608555,0.0,0.0
6413,3205.0003927799,0.0,0.0,0.0,0.00043956121294461354,0.0,0.0
6414,3205.5008534716003,0.0,-0.03891526027945851,0.038915260279458505,0.000439620620554643,-88.52009769323709,88.52009769323708
6415,3206.0013142975,0.0,-0.2118360411568252,0.2118360411568252,0.0004396800349225842,-481.79590686696474,481.79590686696474
6416,3206.5017752576,0.0,-0.07482500512590673,0.05290926852684683,0.0004397394560448506,-170.15758785646713,120.31958424365364
6417,3207.0022363519,0.0,-0.4266782171217197,0.3017070607113541,0.00043979888391784065,-970.1666664561795,686.0114287323121
6418,3207.5026975804003,0.0,0.0,0.0,0.00043985831853799183,0.0,0.0
6419,3208.0031589431,0.0,-0.03515720466162556,0.03515720466162556,0.00043991775990175346,-79.91767522519935,79.91767522519935
6420,3208.50362044,0.0,-0.21559487099105304,0.21559487099105304,0.00043997720800550836,-490.0137258663496,490.0137258663496
6421,3209.0040820711,0.0,0.0,0.0,0.0004400366628456705,0.0,0.0
6422,3209.5045438364,0.0,0.0,0.0,0.0004400961244186965,0.0,0.0
6423,3210.0050057359003,0.0,0.0,0.0,0.0004401555927210028,0.0,0.0
6424,3210.5054677696,0.0,-0.03139527798207826,0.03139527798207826,0.00044021506774902816,-71.31804493338488,71.31804493338488
6425,3211.0059299375,0.0,-0.21935757187663535,0.21935757187663535,0.00044027454949919527,-498.22905304463046,498.22905304463046
6426,3211.5063922396,0.0,0.0,0.0,0.00044033403796790954,0.0,0.0
6427,3212.0068546759003,0.0,0.0,0.0,0.0004403935331516853,0.0,0.0
6428,3212.5073172464004,2.0,2.0,1.4142135623730951,0.00044045303504688195,4540.779245140448,3210.8157961099437
6429,3213.0077799511,0.0,-0.027629480292615725,0.027629480292615725,0.000440512543649952,-62.721211213842665,62.721211213842665
6430,3213.5082427899997,0.0,-0.25,0.22473694662438384,0.00044057205895739286,-567.4440648633534,510.10258607007546
6431,3214.0087057631,0.0,-0.2238779226543707,0.2238779226543707,0.0004406315809655827,-508.08415085403874,508.08415085403874
6432,3214.5091688704,0.0,0.0,0.0,0.0004406911096709963,0.0,0.0
6433,3215.0096321119,0.0,0.0,0.0,0.00044075064507007554,0.0,0.0
6434,3215.5100954875998,0.0,0.0,0.0,0.00044081018715927276,0.0,0.0
6435,3216.0105589975,0.0,0.0,0.0,0.00044086973593502964,0.0,0.0
6436,3216.5110226416,0.0,0.0,0.0,0.00044092929139381105,0.0,0.0
6437,3217.0114864199004,1.0,1.0,1.0,0.0004409888535320534,2267.631011511076,2267.631011511076
6438,3217.5119503324,0.0,0.0,0.0,0.0004410484223462331,0.0,0.0
6439,3218.0124143791,1.0,1.0,1.0,0.0004411079978327985,2267.018519077156,2267.018519077156
6440,3218.51287856,0.0,-0.01933109967579646,0.01933109967579646,0.0004411675799882094,-43.81804228749788,43.81804228749788
6441,3219.0133428751,0.0,-0.23142422757291267,0.23142422757291267,0.0004412271688089256,-524.5013089235479,524.5013089235479
6442,3219.5138073243997,1.0,1.0,1.0,0.0004412867642914193,2266.1001437596137,2266.1001437596137
6443,3220.0142719079,0.0,0.0,0.0,0.00044134636643217937,0.0,0.0
6444,3220.5147366256,0.0,0.0,0.0,0.00044140597522760366,0.0,0.0
6445,3221.0152014775,0.0,0.0,0.0,0.00044146559067422697,0.0,0.0
6446,3221.5156664636,0.0,0.0,0.0,0.0004415252127685113,0.0,0.0
6447,3222.0161315839,0.0,0.0,0.0,0.0004415848415069061,0.0,0.0
6448,3222.5165968384,0.0,0.0,0.0,0.0004416444768859011,0.0,0.0
6449,3223.0170622271,1.0,1.0,1.0,0.00044170411890195297,2263.9589653044973,2263.9589653044973
6450,3223.51752775,0.0,0.0,0.0,0.00044176376755159804,0.0,0.0
6451,3224.0179934070998,0.0,0.0,0.0,0.00044182342283125817,0.0,0.0
6452,3224.5184591984,0.0,-0.020513907560278107,0.014505523144506633,0.00044188308473742455,-46.423835328450885,32.82660876943523
6453,3225.0189251239,0.0,-0.4810004628832869,0.34011868905864046,0.00044194275326661674,-1088.3773052685565,769.5989730449376
6454,3225.5193911836,0.0,0.0,0.0,0.0004420024284152748,0.0,0.0
6455,3226.0198573775,1.0,1.0,1.0,0.0004420621101799477,2262.1255632900447,2262.1255632900447
6456,3226.5203237056,0.0,0.0,0.0,0.00044212179855704706,0.0,0.0
6457,3227.0207901679,0.0,0.0,0.0,0.000442181493543145,0.0,0.0
6458,3227.5212567644,0.0,-0.00571152003227575,0.00571152003227575,0.00044224119513467666,-12.914943463230305,12.914943463230305
6459,3228.0217234951,0.0,-0.24504659415332952,0.24504659415332952,0.0004423009033281629,-554.0268905386306,554.0268905386306
6460,3228.52219036,0.0,0.0,0.0,0.00044236061812009085,0.0,0.0
6461,3229.0226573591,0.0,0.0,0.0,0.00044242033950697636,0.0,0.0
6462,3229.5231244924,1.0,1.0,1.0,0.00044248006748528947,2259.988807367567,2259.988807367567
6463,3230.0235917599002,0.0,-0.0019194008489405365,0.0019194008489405367,0.00044253980205159765,-4.337238910584466,4.337238910584467
6464,3230.5240591616002,0.0,-0.2511605125376455,0.2488448996849792,0.00044259954320233767,-567.4667233509222,562.2348768923557
6465,3231.0245266975,0.0,-0.49919706119509016,0.3529856271194442,0.000442659290934049,-1127.722994680043,797.4205768382593
6466,3231.5249943676,1.0,0.9992845422502521,1.0000001279699398,0.0004427190452432251,2257.152821833666,2258.769164585071
6467,3232.0254621719,0.0,-0.2488829176662397,0.2488829176662397,0.0004427788061264119,-562.0931133618542,562.0931133618542
6468,3232.5259301104,0.0,-0.25,0.24813050573653594,0.0004428385735800923,-564.5398005392697,560.3181848648484
6469,3233.0263981831,0.0,-0.0026362537190351976,0.0026362537190351976,0.0004428983476007781,-5.952277160924242,5.952277160924242
6470,3233.5268663899997,0.0,0.0,0.0,0.0004429581281849808,0.0,0.0
6471,3234.0273347311,1.0,1.0,1.0,0.00044301791532926424,2257.245058039628,2257.245058039628
6472,3234.5278032064,0.0,0.0,0.0,0.0004430777090300721,0.0,0.0
6473,3235.0282718159,0.0,0.0,0.0,0.00044313750928400854,0.0,0.0
6474,3235.5287405596,0.0,0.0,0.0,0.0004431973160875348,0.0,0.0
6475,3236.0292094375,1.0,1.0,1.0,0.0004432571294372322,2256.026882792882,2256.026882792882
6476,3236.5296784496,0.0,0.0,0.0,0.00044331694932955715,0.0,0.0
6477,3237.0301475959,0.0,0.0,0.0,0.0004433767757611085,0.0,0.0
6478,3237.5306168763996,0.0,-0.24051981141168957,0.2405198114116896,0.0004434366087283714,-542.399537335044,542.3995373350441
6479,3238.0310862910997,0.0,-0.010241399892397446,0.010241399892397446,0.0004434964482279222,-23.092405662590952,23.092405662590952
6480,3238.53155584,0.0,0.0,0.0,0.0004435562942562351,0.0,0.0
6481,3239.0320255231,0.0,0.0,0.0,0.00044361614680990443,0.0,0.0
6482,3239.5324953404,0.0,0.0,0.0,0.00044367600588543276,0.0,0.0
6483,3240.0329652919,0.0,0.0,0.0,0.00044373587147938085,0.0,0.0
6484,3240.5334353775997,1.0,0.7640497786702858,1.0274592483137912,0.0004437957435882692,1721.6248459091391,2315.1624664228752
6485,3241.0339055975,0.0,-0.014811918874386903,0.014811918874386903,0.00044385562220866426,-33.371029076260214,33.371029076260214
6486,3241.5343759516,0.0,0.0,0.0,0.0004439155073371035,0.0,0.0
6487,3242.0348464399003,0.0,-0.23366333627181915,0.23366333627181915,0.0004439753989701431,-526.2979363582548,526.2979363582548
6488,3242.5353170624,0.0,-0.01709926837725745,0.01709926837725745,0.0004440352971043269,-38.5088043422817,38.5088043422817
6489,3243.0357878191,0.0,0.0,0.0,0.00044409520173618834,0.0,0.0
6490,3243.53625871,1.0,1.0,1.0,0.0004441551128623171,2251.4656952963824,2251.4656952963824
6491,3244.0367297351,0.0,0.0,0.0,0.00044421503047921884,0.0,0.0
6492,3244.5372008943996,1.0,1.0,1.0,0.00044427495458349464,2250.8583697622444,2250.8583697622444
6493,3245.0376721878997,0.0,0.0,0.0,0.00044433488517168514,0.0,0.0
6494,3245.5381436156,0.0,0.0,0.0,0.0004443948222403751,0.0,0.0
6495,3246.0386151775,1.0,1.0,1.0,0.0004444547657860932,2249.9477494213193,2249.9477494213193
6496,3246.5390868736004,0.0,-0.22679432116247258,0.22679432116247258,0.00044451471580538525,-510.20655357058257,510.20655357058257
6497,3247.0395587038997,0.0,-0.023969676798026307,0.023969676798026307,0.00044457467229488864,-53.91597473219774,53.91597473219774
6498,3247.5400306684,0.0,0.0,0.0,0.00044463463525111024,0.0,0.0
6499,3248.0405027671,0.0,-0.2245018628514227,0.2245018628514227,0.00044469460467065847,-504.8450340828604,504.8450340828604
6500,3248.5409750000003,0.0,-0.026262599538028703,0.026262599538028703,0.0004447545805500749,-59.04964375082315,59.04964375082315
6501,3249.0414473671,0.0,0.0,0.0,0.00044481456288594047,0.0,0.0
6502,3249.5419198684,0.0,0.0,0.0,0.00044487455167484225,0.0,0.0
6503,3250.0423925039,0.0,0.0,0.0,0.0004449345469133562,0.0,0.0
6504,3250.5428652736,0.0,-0.22067800281673405,0.22067800281673405,0.00044499454859803537,-495.9116993949358,495.9116993949358
6505,3251.0433381775,0.0,-0.030087233614106007,0.030087233614106007,0.00044505455672549026,-67.60347278651462,67.60347278651462
6506,3251.5438112156,0.0,-0.21914737514795474,0.21914737514795474,0.00044511457129230327,-492.33925214288786,492.33925214288786
6507,3252.0442843879,0.0,-0.03161817089616342,0.03161817089616342,0.00044517459229503924,-71.02420363471349,71.02420363471349
6508,3252.5447576944002,0.0,-0.2176161282533331,0.21761612825333307,0.00044523461973028117,-488.76731190661417,488.7673119066141
6509,3253.0452311351,0.0,-0.03314972740303099,0.03314972740303099,0.00044529465359465756,-74.44447656271771,74.44447656271771
6510,3253.54570471,0.0,0.0,0.0,0.0004453546938846995,0.0,0.0
6511,3254.0461784190998,0.0,0.0,0.0,0.00044541474059706473,0.0,0.0
6512,3254.5466522624,0.0,0.0,0.0,0.0004454747937282854,0.0,0.0
6513,3255.0471262399,0.0,0.0,0.0,0.0004455348532749901,0.0,0.0
6514,3255.5476003516,0.0,0.0,0.0,0.0004455949192337691,0.0,0.0
6515,3256.0480745974996,0.0,0.0,0.0,0.00044565499160120016,0.0,0.0
6516,3256.5485489775997,0.0,0.0,0.0,0.00044571507037391927,0.0,0.0
6517,3257.0490234919002,0.0,0.0,0.0,0.0004457751555485164,0.0,0.0
6518,3257.5494981404,0.0,0.0,0.0,0.0004458352471215871,0.0,0.0
6519,3258.0499729230996,1.0,1.0,1.0,0.000445895345089751,2242.678716008388,2242.678716008388
6520,3258.55044784,0.0,0.0,0.0,0.00044595544944958713,0.0,0.0
6521,3259.0509228911,0.0,0.0,0.0,0.00044601556019772644,0.0,0.0
6522,3259.5513980764,0.0,0.0,0.0,0.00044607567733080607,0.0,0.0
6523,3260.0518733959,0.0,0.0,0.0,0.0004461358008453995,0.0,0.0
6524,3260.5523488495996,0.0,0.0,0.0,0.00044619593073809833,0.0,0.0
6525,3261.0528244375,1.0,1.0,1.0,0.00044625606700559174,2240.8658927822926,2240.8658927822926
6526,3261.5533001596,0.0,0.0,0.0,0.00044631620964444865,0.0,0.0
6527,3262.0537760159,0.0,0.0,0.0,0.0004463763586513125,0.0,0.0
6528,3262.5542520063996,1.0,1.0,1.0,0.00044643651402279284,2239.960147948259,2239.960147948259
6529,3263.0547281310996,0.0,0.0,0.0,0.0004464966757555105,0.0,0.0
6530,3263.5552043899997,0.0,0.0,0.0,0.0004465568438460926,0.0,0.0
6531,3264.0556807831,1.0,1.0,1.0,0.00044661701829117734,2239.054847990674,2239.054847990674
6532,3264.5561573104,0.0,0.0,0.0,0.00044667719908738723,0.0,0.0
6533,3265.0566339719,0.0,0.0,0.0,0.00044673738623134904,0.0,0.0
6534,3265.5571107676,0.0,0.0,0.0,0.0004467975797196906,0.0,0.0
6535,3266.0575876975,1.0,1.0,1.0,0.0004468577795490687,2237.8484738681645,2237.8484738681645
6536,3266.5580647616002,0.0,0.0,0.0,0.00044691798571610565,0.0,0.0
6537,3267.0585419598997,0.0,0.0,0.0,0.00044697819821744143,0.0,0.0
6538,3267.5590192924,0.0,0.0,0.0,0.0004470384170496872,0.0,0.0
6539,3268.0594967591,0.0,0.0,0.0,0.0004470986422095344,0.0,0.0
6540,3268.55997436,0.0,0.0,0.0,0.0004471588736936179,0.0,0.0
6541,3269.0604520951,0.0,0.0,0.0,0.0004472191114985612,0.0,0.0
6542,3269.5609299643997,0.0,0.0,0.0,0.00044727935562099324,0.0,0.0
6543,3270.0614079679,0.0,0.0,0.0,0.0004473396060575955,0.0,0.0
6544,3270.5618861056,0.0,0.0,0.0,0.00044739986280504303,0.0,0.0
6545,3271.0623643775,0.0,0.0,0.0,0.0004474601258599259,0.0,0.0
6546,3271.5628427835995,0.0,0.0,0.0,0.00044752039521893085,0.0,0.0
6547,3272.0633213239,0.0,0.0,0.0,0.0004475806708787291,0.0,0.0
6548,3272.5637999984,0.0,0.0,0.0,0.00044764095283595013,0.0,0.0
6549,3273.0642788071,0.0,0.0,0.0,0.0004477012410872426,0.0,0.0
6550,3273.5647577500004,0.0,0.0,0.0,0.0004477615356293285,0.0,0.0
6551,3274.0652368271,0.0,0.0,0.0,0.00044782183645881025,0.0,0.0
6552,3274.5657160384,0.0,0.0,0.0,0.00044788214357238757,0.0,0.0
6553,3275.0661953839,0.0,0.0,0.0,0.0004479424569666865,0.0,0.0
6554,3275.5666748636,0.0,-0.18222655085078868,0.1822265508507887,0.0004480027766384299,-406.75317286673527,406.7531728667353
6555,3276.0671544774996,0.0,-0.0685464254214786,0.0685464254214786,0.00044806310258424417,-152.98386550048627,152.98386550048627
6556,3276.5676342255997,0.0,0.0,0.0,0.0004481234348008014,0.0,0.0
6557,3277.0681141079,0.0,-0.17990715767601784,0.17990715767601784,0.00044818377328480734,-401.413813707379,401.413813707379
6558,3277.5685941244,0.0,-0.07086628295355374,0.07086628295355371,0.0004482441180329122,-158.09751896922918,158.0975189692291
6559,3278.0690742751003,1.0,1.0,1.0,0.00044830446904181186,2230.6268820771747,2230.6268820771747
6560,3278.5695545599997,0.0,0.0,0.0,0.00044836482630816103,0.0,0.0
6561,3279.0700349791,0.0,0.0,0.0,0.0004484251898286617,0.0,0.0
6562,3279.5705155324,0.0,0.0,0.0,0.00044848555959998716,0.0,0.0
6563,3280.0709962199003,0.0,0.0,0.0,0.00044854593561881084,0.0,0.0
6564,3280.5714770416002,0.0,0.0,0.0,0.0004486063178818346,0.0,0.0
6565,3281.0719579975,0.0,0.0,0.0,0.0004486667063857498,0.0,0.0
6566,3281.5724390876,0.0,0.0,0.0,0.0004487271011272125,0.0,0.0
6567,3282.0729203119,0.0,0.0,0.0,0.0004487875021029551,0.0,0.0
6568,3282.5734016704,0.0,0.0,0.0,0.00044884790930964515,0.0,0.0
6569,3283.0738831630997,0.0,0.0,0.0,0.000448908322743975,0.0,0.0
6570,3283.57436479,0.0,-0.1698403563769304,0.1698403563769304,0.00044896874240267054,-378.28993499196474,378.28993499196474
6571,3284.0748465511,0.0,-0.25,0.1874391406671534,0.0004490291682823896,-556.7567045951405,417.43199307995724
6572,3284.5753284464,0.0,-0.08171070400807906,0.08171070400807906,0.0004490896003798356,-181.9474419781018,181.9474419781018
6573,3285.0758104759,0.0,0.0,0.0,0.00044915003869175867,0.0,0.0
6574,3285.5762926395996,0.0,-0.1667376164898949,0.1667376164898949,0.00044921048321483367,-371.17926388675374,371.17926388675374
6575,3286.0767749375,0.0,-0.08403845542860675,0.08403845542860675,0.00044927093394572543,-187.05518002364045,187.05518002364045
6576,3286.5772573696,0.0,-0.16518531787469118,0.16518531787469118,0.0004493313908812065,-367.62470022567953,367.62470022567953
6577,3287.0777399359004,0.0,-0.08559106359941965,0.08559106359941965,0.0004493918540179074,-190.4597576350572,190.4597576350572
6578,3287.5782226364,0.0,0.0,0.0,0.00044945232335263024,0.0,0.0
6579,3288.0787054711,0.0,0.0,0.0,0.00044951279888203393,0.0,0.0
6580,3288.57918844,0.0,0.0,0.0,0.00044957328060282384,0.0,0.0
6581,3289.0796715431,1.0,1.0,1.0,0.00044963376851173413,2224.032245865232,2224.032245865232
6582,3289.5801547804003,0.0,0.0,0.0,0.0004496942626055045,0.0,0.0
6583,3290.0806381518996,2.0,2.0,1.4142135623730951,0.0004497547628808122,4446.867860140955,3144.4104189461814
6584,3290.5811216576,0.0,0.0,0.0,0.0004498152693343629,0.0,0.0
6585,3291.0816052975,0.0,0.0,0.0,0.000449875781962937,0.0,0.0
6586,3291.5820890716,0.0,-0.15741453820981077,0.15741453820981077,0.00044993630076323567,-349.85960888860365,349.85960888860365
6587,3292.0825729799,0.0,-0.25,0.18235062395240906,0.00044999682573196504,-555.5594744326249,405.2264672218464
6588,3292.5830570223998,0.0,-0.09414147501759582,0.09414147501759582,0.0004500573568658775,-209.17661622772027,209.17661622772027
6589,3293.0835411991,0.0,0.0,0.0,0.0004501178941616569,0.0,0.0
6590,3293.58402551,0.0,0.0,0.0,0.0004501784376161081,0.0,0.0
6591,3294.0845099551,0.0,-0.15352334434825798,0.15352334434825798,0.00045023898722590356,-340.9818978453524,340.9818978453524
6592,3294.5849945344,0.0,-0.09725535873995614,0.09725535873995611,0.00045029954298780194,-215.9792525985101,215.97925259851004
6593,3295.0854792479,0.0,0.0,0.0,0.0004503601048985514,0.0,0.0
6594,3295.5859640956,0.0,-0.15118677077157955,0.15118677077157952,0.0004504206729548651,-335.65682005614644,335.6568200561464
6595,3296.0864490775,0.0,-0.09959239662788097,0.09959239662788097,0.00045048124715347436,-221.08000556558318,221.08000556558318
6596,3296.5869341936,0.0,0.0,0.0,0.0004505418274911383,0.0,0.0
6597,3297.0874194438998,0.0,0.0,0.0,0.0004506024139645884,0.0,0.0
6598,3297.5879048284,0.0,0.0,0.0,0.00045066300657057857,0.0,0.0
6599,3298.0883903471,0.0,0.0,0.0,0.0004507236053058868,0.0,0.0
6600,3298.5888760000003,0.0,0.0,0.0,0.0004507842101672042,0.0,0.0
6601,3299.0893617870997,0.0,0.0,0.0,0.00045084482115130895,0.0,0.0
6602,3299.5898477083997,0.0,0.0,0.0,0.0004509054382549387,0.0,0.0
6603,3300.0903337639,0.0,0.0,0.0,0.00045096606147485485,0.0,0.0
6604,3300.5908199536,0.0,0.0,0.0,0.0004510266908078346,0.0,0.0
6605,3301.0913062775,0.0,0.0,0.0,0.00045108732625057725,0.0,0.0
6606,3301.5917927356,0.0,0.0,0.0,0.00045114796779990716,0.0,0.0
6607,3302.0922793279,0.0,0.0,0.0,0.00045120861545254524,0.0,0.0
6608,3302.5927660544003,0.0,0.0,0.0,0.00045126926920525983,0.0,0.0
6609,3303.0932529151,0.0,0.0,0.0,0.00045132992905482926,0.0,0.0
6610,3303.59373991,0.0,0.0,0.0,0.0004513905949979824,0.0,0.0
6611,3304.0942270391,0.0,0.0,0.0,0.00045145126703150434,0.0,0.0
6612,3304.5947143024,0.0,0.0,0.0,0.0004515119451521797,0.0,0.0
6613,3305.0952016999,0.0,0.0,0.0,0.000451572629356755,0.0,0.0
6614,3305.5956892316,0.0,0.0,0.0,0.000451633319642027,0.0,0.0
6615,3306.0961768975,0.0,0.0,0.0,0.0004516940160047588,0.0,0.0
6616,3306.5966646976,0.0,0.0,0.0,0.00045175471844169097,0.0,0.0
6617,3307.0971526319,0.0,0.0,0.0,0.00045181542694966144,0.0,0.0
6618,3307.5976407004,0.0,-0.132444037582008,0.13244403758200798,0.0004518761415254108,-293.09809793213026,293.0980979321302
6619,3308.0981289030997,0.0,-0.25,0.17702751761750943,0.0004519368621657258,-553.1746155911591,391.70851602849166
6620,3308.59861724,0.0,-0.25,0.17697204460917812,0.0004519975888673707,-553.1002955711724,391.5331607246845
6621,3309.0991057111,0.0,-0.11990507197105027,0.11990507197105027,0.00045205832162717235,-265.2424836234737,265.2424836234737
6622,3309.5995943164003,0.0,0.0,0.0,0.0004521190604418604,0.0,0.0
6623,3310.1000830558996,0.0,0.0,0.0,0.0004521798053082862,0.0,0.0
6624,3310.6005719296,0.0,0.0,0.0,0.0004522405562231969,0.0,0.0
6625,3311.1010609375,0.0,0.0,0.0,0.00045230131318339166,0.0,0.0
6626,3311.6015500796,0.0,0.0,0.0,0.0004523620761856239,0.0,0.0
6627,3312.1020393559,0.0,0.0,0.0,0.00045242284522677357,0.0,0.0
6628,3312.6025287663997,0.0,0.0,0.0,0.0004524836203035602,0.0,0.0
6629,3313.1030183110997,0.0,-0.12382382652466971,0.1238238265246697,0.0004525444014128014,-273.6169669497695,273.61696694976945
6630,3313.60350799,0.0,-0.1269607575679806,0.1269607575679806,0.00045260518855131987,-280.5110519708167,280.5110519708167
6631,3314.1039978031,0.0,0.0,0.0,0.00045266598171589856,0.0,0.0
6632,3314.6044877503996,0.0,0.0,0.0,0.00045272678090332093,0.0,0.0
6633,3315.1049778318998,1.0,1.0,1.0,0.0004527875861104053,2208.541114367401,2208.541114367401
6634,3315.6054680476,0.0,0.0,0.0,0.00045284839733397453,0.0,0.0
6635,3316.1059583975,0.0,-0.1191140006493218,0.1191140006493218,0.00045290921457080176,-262.99752095395075,262.99752095395075
6636,3316.6064488816,0.0,-0.13167151196842392,0.13167151196842392,0.0004529700378177336,-290.6848157171181,290.6848157171181
6637,3317.1069394999,0.0,0.0,0.0,0.0004530308670715657,0.0,0.0
6638,3317.6074302524,0.0,0.0,0.0,0.0004530917023291054,0.0,0.0
6639,3318.1079211391,0.0,-0.23194204332795781,0.164007791679463,0.0004531525435871604,-511.8409829323744,361.9262299206699
6640,3318.60841216,0.0,-0.38481510996209267,0.22275050312227598,0.00045321339084254377,-849.081509367374,491.4914422721997
6641,3319.1089033150997,0.0,-0.25,0.17741132773498464,0.00045327424409209775,-551.5424784409417,391.39953360980644
6642,3319.6093946043998,0.0,-0.3636121625329025,0.21075362193745736,0.0004533351033326074,-802.0825209869616,464.8958803060736
6643,3320.1098860279,0.0,-0.3871744333449747,0.22441759917185058,0.00045339596856092704,-853.9432641491308,494.9704336457802
6644,3320.6103775856,0.0,-0.13796118397274137,0.13796118397274137,0.0004534568397738469,-304.2432528783708,304.2432528783708
6645,3321.1108692775,0.0,0.0,0.0,0.00045351771696819967,0.0,0.0
6646,3321.6113611036,1.0,1.0,1.0,0.0004535786001408274,2204.6895503657342,2204.6895503657342
6647,3322.1118530639,0.0,0.0,0.0,0.0004536394892885624,0.0,0.0
6648,3322.6123451584,0.0,-0.10889026602600255,0.10889026602600255,0.0004537003844082016,-240.00479119725014,240.00479119725014
6649,3323.1128373871,0.0,-0.25,0.17838451356304688,0.0004537612854965836,-550.9504842979433,393.1241365552548
6650,3323.61332975,0.0,-0.1426849374626347,0.1426849374626347,0.00045382219255056294,-314.4071396348413,314.4071396348413
6651,3324.1138222471,0.0,0.0,0.0,0.00045388310556692714,0.0,0.0
6652,3324.6143148784,0.0,0.0,0.0,0.0004539440245425936,0.0,0.0
6653,3325.1148076439,0.0,0.0,0.0,0.0004540049494742929,0.0,0.0
6654,3325.6153005436,0.0,0.0,0.0,0.0004540658803589607,0.0,0.0
6655,3326.1157935775,0.0,0.0,0.0,0.0004541268171933962,0.0,0.0
6656,3326.6162867456,0.0,0.0,0.0,0.00045418775997440333,0.0,0.0
6657,3327.1167800479,1.0,1.0,1.0,0.000454248708698885,2201.43718815255,2201.43718815255
6658,3327.6172734844,0.0,-0.10100805873857943,0.10100805873857943,0.0004543096633636692,-222.33306241105365,222.33306241105365
6659,3328.1177670551,0.0,-0.25,0.18021708359426178,0.00045437062396558374,-550.211626398929,396.6301386770821
6660,3328.61826076,0.0,-0.1505702396555431,0.1505702396555431,0.0004544315905014968,-331.3375275899688,331.3375275899688
6661,3329.1187545990997,0.0,-0.09864037903304779,0.09864037903304779,0.0004544925629682772,-217.03408827821175,217.03408827821175
6662,3329.6192485724,0.0,-0.15214915702057136,0.15214915702057136,0.0004545535413627194,-334.72219040344277,334.72219040344277
6663,3330.1197426799,0.0,0.0,0.0,0.000454614525681709,0.0,0.0
6664,3330.6202369216,0.0,-0.09627130664639776,0.09627130664639777,0.00045467551592213263,-211.73628945281737,211.73628945281743
6665,3331.1207312975,0.0,-0.15451869363204734,0.15451869363204734,0.00045473651208077353,-339.79829973406805,339.79829973406805
6666,3331.6212258076,0.0,0.0,0.0,0.0004547975141545585,0.0,0.0
6667,3332.1217204519003,0.0,0.0,0.0,0.0004548585221403226,0.0,0.0
6668,3332.6222152304003,0.0,0.0,0.0,0.00045491953603491256,0.0,0.0
6669,3333.1227101431,0.0,0.0,0.0,0.00045498055583522145,0.0,0.0
6670,3333.62320519,0.0,0.0,0.0,0.0004550415815380964,0.0,0.0
6671,3334.1237003711,0.0,0.0,0.0,0.00045510261314038437,0.0,0.0
6672,3334.6241956864,0.0,0.0,0.0,0.0004551636506389853,0.0,0.0
6673,3335.1246911359,0.0,-0.08915573350989224,0.08915573350989224,0.00045522469403076895,-195.84994987962173,195.84994987962173
6674,3335.6251867195997,1.0,0.8383643405800056,1.0129788183353767,0.000455285743312578,1841.4025760618288,2224.9298011510823
6675,3336.1256824375,1.0,1.0,1.0,0.0004553467984813287,2196.1283209527264,2196.1283209527264
6676,3336.6261782896,0.0,-0.08678109050978924,0.08678109050978924,0.00045540785953385854,-190.5568573160237,190.5568573160237
6677,3337.1266742759003,0.0,-0.1640107666295654,0.16401076662956543,0.0004554689264670381,-360.0921096895832,360.09210968958325
6678,3337.6271703964,0.0,-0.08519722149481504,0.08519722149481505,0.000455529999277785,-187.0287832412575,187.02878324125754
6679,3338.1276666511,0.0,-0.16559494511589964,0.16559494511589962,0.0004555910779629534,-363.4727568773089,363.4727568773088
6680,3338.62816304,0.0,-0.08361273353855095,0.08361273353855095,0.0004556521625194213,-183.5012327742154,183.5012327742154
6681,3339.1286595631,0.0,-0.16717974254149343,0.16717974254149343,0.0004557132529440834,-366.8529310074873,366.8529310074873
6682,3339.6291562203996,0.0,0.0,0.0,0.0004557743492338117,0.0,0.0
6683,3340.1296530119,0.0,0.0,0.0,0.0004558354513854956,0.0,0.0
6684,3340.6301499376,0.0,0.0,0.0,0.00045589655939603065,0.0,0.0
6685,3341.1306469975,0.0,0.0,0.0,0.0004559576732623123,0.0,0.0
6686,3341.6311441916,0.0,0.0,0.0,0.000456018792981225,0.0,0.0
6687,3342.1316415199,0.0,0.0,0.0,0.0004560799185496416,0.0,0.0
6688,3342.6321389823997,0.0,0.0,0.0,0.00045614104996448087,0.0,0.0
6689,3343.1326365791,1.0,1.0,1.0,0.0004562021872226165,2192.010533943412,2192.010533943412
6690,3343.63313431,1.0,1.0,1.0,0.00045626333032096746,2191.716786217578,2191.716786217578
6691,3344.1336321750996,0.0,0.0,0.0,0.000456324479256425,0.0,0.0
6692,3344.6341301744,1.0,0.9259071917812308,1.0027411152584416,0.0004563856340258966,2028.7825092423752,2197.1355811816443
6693,3345.1346283079,0.0,-0.25,0.19130105933010552,0.00045644679462626843,-547.7089617962946,419.10921838489384
6694,3345.6351265756,0.0,-0.17749601223388256,0.17749601223388256,0.0004565079610544544,-388.8125232775733,388.8125232775733
6695,3346.1356249775004,0.0,0.0,0.0,0.00045656913330734594,0.0,0.0
6696,3346.6361235135996,1.0,0.9290854516016972,1.0025112833153227,0.00045663031138188086,2034.6556688057906,2195.4549628592667
6697,3347.1366221839,0.0,-0.17988040337744055,0.17988040337744055,0.00045669149527493853,-393.8772787287149,393.8772787287149
6698,3347.6371209884,0.0,0.0,0.0,0.00045675268498345255,0.0,0.0
6699,3348.1376199271,1.0,1.0,1.0,0.00045681388050431413,2189.075338288798,2189.075338288798
6700,3348.6381189999997,0.0,-0.06773381293211483,0.06773381293211483,0.0004568750818344326,-148.25455715411715,148.25455715411715
6701,3349.1386182070996,0.0,-0.18306175775111114,0.18306175775111114,0.00045693628897075294,-400.62862628717227,400.62862628717227
6702,3349.6391175484,0.0,0.0,0.0,0.00045699750191015575,0.0,0.0
6703,3350.1396170239,0.0,0.0,0.0,0.0004570587206495849,0.0,0.0
6704,3350.6401166336,0.0,0.0,0.0,0.00045711994518597465,0.0,0.0
6705,3351.1406163775,0.0,0.0,0.0,0.0004571811755161943,0.0,0.0
6706,3351.6411162556,0.0,0.0,0.0,0.0004572424116372179,0.0,0.0
6707,3352.1416162679,0.0,0.0,0.0,0.0004573036535459443,0.0,0.0
6708,3352.6421164144,0.0,0.0,0.0,0.000457364901239313,0.0,0.0
6709,3353.1426166950996,0.0,0.0,0.0,0.0004574261547142295,0.0,0.0
6710,3353.64311711,0.0,-0.059771143488722575,0.059771143488722575,0.0004574874139676451,-130.65090243761279,130.65090243761279
6711,3354.1436176591,0.0,-0.1910259744337323,0.1910259744337323,0.00045754867899647645,-417.49869074630936,417.49869074630936
6712,3354.6441183424,0.0,0.0,0.0,0.00045760994979767556,0.0,0.0
6713,3355.1446191599002,0.0,0.0,0.0,0.00045767122636815414,0.0,0.0
6714,3355.6451201115997,0.0,0.0,0.0,0.0004577325087048636,0.0,0.0
6715,3356.1456211975,1.0,1.0,1.0,0.00045779379680473337,2184.389581029073,2184.389581029073
6716,3356.6461224176,0.0,0.0,0.0,0.0004578550906647101,0.0,0.0
6717,3357.1466237719,0.0,0.0,0.0,0.0004579163902817231,0.0,0.0
6718,3357.6471252603997,0.0,0.0,0.0,0.00045797769565272513,0.0,0.0
6719,3358.1476268830997,0.0,-0.052591512239942635,0.052591512239942635,0.0004580390067746458,-114.81885049545036,114.81885049545036
6720,3358.64812864,0.0,-0.19820699816273896,0.19820699816273896,0.0004581003236444556,-432.67159600736915,432.67159600736915
6721,3359.1486305311,0.0,0.0,0.0,0.0004581616462591012,0.0,0.0
6722,3359.6491325564,0.0,0.0,0.0,0.0004582229746154675,0.0,0.0
6723,3360.1496347159,1.0,0.9506034576768373,1.0012192658920842,0.00045828430871058806,2074.2657769615116,2184.712081260382
6724,3360.6501370096,0.0,-0.25,0.2071827950988412,0.00045834564854138756,-545.4398897329677,452.02304365311994
6725,3361.1506394375,2.0,1.75,1.4293950670659115,0.00045840699410478,3817.568279946434,3118.1790100244166
6726,3361.6511419996,0.0,-0.20300130964118038,0.20300130964118038,0.0004584683453977821,-442.7815173696448,442.7815173696448
6727,3362.1516446959004,0.0,0.0,0.0,0.0004585297024173021,0.0,0.0
6728,3362.6521475264,0.0,-0.04539934880442826,0.04539934880442826,0.00045859106516032836,-98.9974560201171,98.9974560201171
6729,3363.1526504911,0.0,-0.20540055404481794,0.20540055404481794,0.00045865243362379826,-447.8348723061485,447.8348723061485
6730,3363.65315359,0.0,0.0,0.0,0.0004587138078046719,0.0,0.0
6731,3364.1536568231,0.0,-0.042999176114287045,0.042999176114287045,0.00045877518769994415,-93.72602805714526,93.72602805714526
6732,3364.6541601903996,0.0,-0.25,0.21204262406685487,0.0004588365733065582,-544.8563051510931,462.1310427344352
6733,3365.1546636918997,0.0,-0.20860171258021365,0.20860171258021365,0.00045889796462148094,-454.571012866177,454.571012866177
6734,3365.6551673276,0.0,-0.04059761100370504,0.040597611003705035,0.00045895936164166713,-88.455785842324,88.45578584232399
6735,3366.1556710975,0.0,-0.25,0.21393732128636883,0.00045902076436410644,-544.6376709043469,466.07329753969157
6736,3366.6561750016003,0.0,-0.2110042059644637,0.2110042059644637,0.0004590821727857608,-459.62186831186915,459.62186831186915
6737,3367.1566790398997,1.0,1.0,1.0,0.00045914358690360196,2177.96791357548,2177.96791357548
6738,3367.6571832124,0.0,0.0,0.0,0.00045920500671458653,0.0,0.0
6739,3368.1576875191,0.0,0.0,0.0,0.00045926643221572166,0.0,0.0
6740,3368.6581919600003,0.0,0.0,0.0,0.0004593278634039635,0.0,0.0
6741,3369.1586965351,0.0,0.0,0.0,0.0004593893002763028,0.0,0.0
6742,3369.6592012444,1.0,1.0,1.0,0.00045945074282971324,2176.511879904896,2176.511879904896
6743,3370.1597060879,0.0,0.0,0.0,0.0004595121910611741,0.0,0.0
6744,3370.6602110656,0.0,0.0,0.0,0.00045957364496768274,0.0,0.0
6745,3371.1607161775,0.0,0.0,0.0,0.00045963510454619555,0.0,0.0
6746,3371.6612214235997,0.0,0.0,0.0,0.0004596965697937212,0.0,0.0
6747,3372.1617268039,0.0,0.0,0.0,0.00045975804070723456,0.0,0.0
6748,3372.6622323184,0.0,0.0,0.0,0.00045981951728373303,0.0,0.0
6749,3373.1627379671,0.0,0.0,0.0,0.00045988099952022523,0.0,0.0
6750,3373.6632437499998,0.0,0.0,0.0,0.00045994248741366907,0.0,0.0
6751,3374.1637496671,0.0,0.0,0.0,0.00046000398096107995,0.0,0.0
6752,3374.6642557184,0.0,0.0,0.0,0.00046006548015942747,0.0,0.0
6753,3375.1647619039,0.0,-0.05071072851888069,0.03585790001461059,0.0004601269850057666,-110.21029014032975,77.93044351476406
6754,3375.6652682236004,0.0,-0.4508968126418599,0.3188321938344594,0.0004601884954970393,-979.8089631833502,692.8295621343074
6755,3376.1657746775,0.0,0.0,0.0,0.0004602500116302551,0.0,0.0
6756,3376.6662812656,0.0,0.0,0.0,0.0004603115334024299,0.0,0.0
6757,3377.1667879879,0.0,0.0,0.0,0.0004603730608105971,0.0,0.0
6758,3377.6672948444,0.0,0.0,0.0,0.0004604345938516702,0.0,0.0
6759,3378.1678018351,0.0,0.0,0.0,0.0004604961325227625,0.0,0.0
6760,3378.6683089599996,0.0,0.0,0.0,0.00046055767682082226,0.0,0.0
6761,3379.1688162191,0.0,0.0,0.0,0.0004606192267428488,0.0,0.0
6762,3379.6693236124,0.0,0.0,0.0,0.00046068078228588753,0.0,0.0
6763,3380.1698311399,0.0,0.0,0.0,0.00046074234344693256,0.0,0.0
6764,3380.6703388016,0.0,-0.016505379229211865,0.016505379229211865,0.00046080391022301304,-35.8186613937886,35.8186613937886
6765,3381.1708465975,0.0,-0.2343000930710493,0.2343000930710493,0.0004608654826111058,-508.39149797807664,508.39149797807664
6766,3381.6713545276,0.0,0.0,0.0,0.0004609270606082914,0.0,0.0
6767,3382.1718625919,0.0,0.0,0.0,0.00046098864421154783,0.0,0.0
6768,3382.6723707904,0.0,0.0,0.0,0.000461050233417898,0.0,0.0
6769,3383.1728791231,0.0,0.0,0.0,0.00046111182822434327,0.0,0.0
6770,3383.67338759,0.0,0.0,0.0,0.00046117342862796445,0.0,0.0
6771,3384.1738961911,0.0,0.0,0.0,0.00046123503462573414,0.0,0.0
6772,3384.6744049264003,0.0,-0.010057269269368948,0.010057269269368948,0.0004612966462147164,-21.80217296591327,21.80217296591327
6773,3385.1749137959,0.0,-0.24074944061413625,0.24074944061413625,0.0004613582633919133,-521.8275247616517,521.8275247616517
6774,3385.6754227996,0.0,0.0,0.0,0.00046141988615434865,0.0,0.0
6775,3386.1759319375,0.0,0.0,0.0,0.00046148151449908154,0.0,0.0
6776,3386.6764412096,0.0,0.0,0.0,0.0004615431484231203,0.0,0.0
6777,3387.1769506159,0.0,-0.0060221728969929505,0.0060221728969929505,0.00046160478792352884,-13.04616644918901,13.04616644918901
6778,3387.6774601564,0.0,-0.24478531046207955,0.24478531046207955,0.00046166643299729867,-530.221157455283,530.221157455283
6779,3388.1779698310997,0.0,0.0,0.0,0.0004617280836415124,0.0,0.0
6780,3388.67847964,0.0,0.0,0.0,0.0004617897398531605,0.0,0.0
6781,3389.1789895831002,0.0,0.0,0.0,0.00046185140162932083,0.0,0.0
6782,3389.6794996604,0.0,0.0,0.0,0.0004619130689670244,0.0,0.0
6783,3390.1800098719,0.0,0.0,0.0,0.00046197474186330845,0.0,0.0
6784,3390.6805202176,1.0,1.0,1.0,0.00046203642031523914,2164.3315462398355,2164.3315462398355
6785,3391.1810306975003,0.0,0.0,0.0,0.0004620981043198484,0.0,0.0
6786,3391.6815413115996,0.0,0.0,0.0,0.0004621597938741689,0.0,0.0
6787,3392.1820520599,0.0,0.0,0.0,0.0004622214889752837,0.0,0.0
6788,3392.6825629423997,0.0,-0.24713134528996575,0.24713134528996575,0.0004622831896202028,-534.5886479086575,534.5886479086575
6789,3393.1830739591,0.0,-0.003677840401108079,0.003677840401108051,0.00046234489580602675,-7.954755063741612,7.954755063741551
6790,3393.68358511,0.0,0.0,0.0,0.00046240660752975475,0.0,0.0
6791,3394.1840963951,1.0,1.0,1.0,0.0004624683247884703,2162.310252182985,2162.310252182985
6792,3394.6846078144,0.0,0.0,0.0,0.0004625300475792587,0.0,0.0
6793,3395.1851193679,0.0,0.0,0.0,0.00046259177589912977,0.0,0.0
6794,3395.6856310556,0.0,0.0,0.0,0.00046265350974517987,0.0,0.0
6795,3396.1861428774996,0.0,0.0,0.0,0.0004627152491144311,0.0,0.0
6796,3396.6866548335997,0.0,-0.24065352847653754,0.24065352847653754,0.00046277699400399107,-520.020510082794,520.020510082794
6797,3397.1871669239,0.0,-0.010156894719208748,0.010156894719208748,0.000462838744410877,-21.94478064306592,21.94478064306592
6798,3397.6876791484,0.0,0.0,0.0,0.00046290050033220864,0.0,0.0
6799,3398.1881915071003,0.0,0.0,0.0,0.00046296226176499686,0.0,0.0
6800,3398.6887039999997,0.0,0.0,0.0,0.00046302402870639043,0.0,0.0
6801,3399.1892166271,0.0,0.0,0.0,0.0004630858011533608,0.0,0.0
6802,3399.6897293884,0.0,0.0,0.0,0.00046314757910306836,0.0,0.0
6803,3400.1902422839003,0.0,0.0,0.0,0.00046320936255252496,0.0,0.0
6804,3400.6907553136,0.0,0.0,0.0,0.00046327115149884,0.0,0.0
6805,3401.1912684774998,0.0,0.0,0.0,0.0004633329459390542,0.0,0.0
6806,3401.6917817756,0.0,0.0,0.0,0.000463394745870294,0.0,0.0
6807,3402.1922952079,0.0,0.0,0.0,0.00046345655128960056,0.0,0.0
6808,3402.6928087744,0.0,0.0,0.0,0.0004635183621941008,0.0,0.0
6809,3403.1933224750996,0.0,0.0,0.0,0.0004635801785808078,0.0,0.0
6810,3403.69383631,0.0,0.0,0.0,0.00046364200044686575,0.0,0.0
6811,3404.1943502791,0.0,0.0,0.0,0.0004637038277893221,0.0,0.0
6812,3404.6948643824003,0.0,0.0,0.0,0.00046376566060531,0.0,0.0
6813,3405.1953786199,0.0,0.0,0.0,0.00046382749889184314,0.0,0.0
6814,3405.6958929916,0.0,-0.22604224429963224,0.22604224429963224,0.0004638893426460894,-487.2762176648763,487.2762176648763
6815,3406.1964074975,0.0,-0.02477096318465488,0.02477096318465488,0.0004639511918651078,-53.39131274795163,53.39131274795163
6816,3406.6969221376,0.0,0.0,0.0,0.0004640130465459754,0.0,0.0
6817,3407.1974369119002,0.0,0.0,0.0,0.0004640749066858209,0.0,0.0
6818,3407.6979518204,0.0,-0.2227884862915963,0.2227884862915963,0.000464136772281732,-480.00610939820825,480.00610939820825
6819,3408.1984668631,0.0,-0.028025339905296154,0.028025339905296154,0.0004641986433307752,-60.37359287438948,60.37359287438948
6820,3408.69898204,0.0,0.0,0.0,0.0004642605198300671,0.0,0.0
6821,3409.1994973511,1.0,1.0,1.0,0.00046432240177672596,2153.675972069209,2153.675972069209
6822,3409.7000127964,0.0,0.0,0.0,0.000464384289167812,0.0,0.0
6823,3410.2005283759,0.0,0.0,0.0,0.00046444618200048866,0.0,0.0
6824,3410.7010440896,0.0,0.0,0.0,0.0004645080802718341,0.0,0.0
6825,3411.2015599375,0.0,0.0,0.0,0.00046456998397893193,0.0,0.0
6826,3411.7020759196002,0.0,0.0,0.0,0.0004646318931189234,0.0,0.0
6827,3412.2025920358997,0.0,0.0,0.0,0.00046469380768890417,0.0,0.0
6828,3412.7031082864,0.0,0.0,0.0,0.00046475572768595795,0.0,0.0
6829,3413.2036246711,0.0,0.0,0.0,0.0004648176531072562,0.0,0.0
6830,3413.70414119,0.0,0.0,0.0,0.00046487958394987616,0.0,0.0
6831,3414.2046578431,0.0,0.0,0.0,0.00046494152021091527,0.0,0.0
6832,3414.7051746303996,0.0,0.0,0.0,0.00046500346188752613,0.0,0.0
6833,3415.2056915518997,0.0,0.0,0.0,0.0004650654089768172,0.0,0.0
6834,3415.7062086076,0.0,-0.20974870612173785,0.20974870612173785,0.0004651273614758851,-450.94897332246586,450.94897332246586
6835,3416.2067257975,0.0,-0.041067594859106354,0.041067594859106354,0.00046518931938187167,-88.28146551962034,88.28146551962034
6836,3416.7072431215997,0.0,0.0,0.0,0.0004652512826919317,0.0,0.0
6837,3417.2077605799,0.0,0.0,0.0,0.00046531325140312734,0.0,0.0
6838,3417.7082781724,0.0,-0.20648257417719218,0.20648257417719218,0.00046537522551263653,-443.6905165068472,443.6905165068472
6839,3418.2087958991,0.0,-0.04433434548296447,0.04433434548296447,0.00046543720501753883,-95.25311901375362,95.25311901375362
6840,3418.70931376,1.0,1.0,1.0,0.0004654991899150063,2148.231450590894,2148.231450590894
6841,3419.2098317551,0.0,0.0,0.0,0.00046556118020213134,0.0,0.0
6842,3419.7103498844,1.0,1.0,1.0,0.0004656231758760911,2147.6594203423288,2147.6594203423288
6843,3420.2108681479,0.0,0.0,0.0,0.00046568517693397775,0.0,0.0
6844,3420.7113865456,1.0,1.0,1.0,0.0004657471833729417,2147.087595373092,2147.087595373092
6845,3421.2119050775,0.0,0.0,0.0,0.0004658091951901259,0.0,0.0
6846,3421.7124237436,0.0,0.0,0.0,0.00046587121238264643,0.0,0.0
6847,3422.2129425438998,0.0,0.0,0.0,0.000465933234947659,0.0,0.0
6848,3422.7134614784,0.0,0.0,0.0,0.0004659952628823253,0.0,0.0
6849,3423.2139805471,0.0,-0.19748795119691245,0.19748795119691245,0.000466057296183738,-423.741786286841,423.741786286841
6850,3423.71449975,0.0,-0.053330669797908015,0.053330669797908015,0.000466119334849059,-114.41419784737703,114.41419784737703
6851,3424.2150190871,0.0,0.0,0.0,0.0004661813788754512,0.0,0.0
6852,3424.7155385584,0.0,0.0,0.0,0.00046624342826004155,0.0,0.0
6853,3425.2160581639,0.0,-0.194212539234241,0.19421253923424103,0.0004663054830000036,-416.4920772210597,416.49207722105973
6854,3425.7165779036,0.0,-0.05660670041502924,0.05660670041502924,0.0004663675430924548,-121.37787299620736,121.37787299620736
6855,3426.2170977775,0.0,0.0,0.0,0.0004664296085345865,0.0,0.0
6856,3426.7176177856,0.0,0.0,0.0,0.0004664916793234918,0.0,0.0
6857,3427.2181379279,0.0,0.0,0.0,0.0004665537554563628,0.0,0.0
6858,3427.7186582044,0.0,0.0,0.0,0.0004666158369303628,0.0,0.0
6859,3428.2191786150997,0.0,0.0,0.0,0.0004666779237426031,0.0,0.0
6860,3428.71969916,0.0,0.0,0.0,0.00046674001589031,0.0,0.0
6861,3429.2202198391,0.0,0.0,0.0,0.00046680211337058413,0.0,0.0
6862,3429.7207406524003,0.0,0.0,0.0,0.0004668642161806235,0.0,0.0
6863,3430.2212615998997,0.0,0.0,0.0,0.0004669263243175462,0.0,0.0
6864,3430.7217826816,1.0,1.0,1.0,0.0004669884377785731,2141.380640507762,2141.380640507762
6865,3431.2223038975,0.0,0.0,0.0,0.00046705055656082845,0.0,0.0
6866,3431.7228252476,0.0,-0.18355036022775756,0.18355036022775756,0.0004671126806614988,-392.94664398282623,392.94664398282623
6867,3432.2233467319,0.0,-0.06727089000331973,0.06727089000331976,0.0004671748100777494,-143.99511393202943,143.99511393202948
6868,3432.7238683503997,0.0,0.0,0.0,0.00046723694480673274,0.0,0.0
6869,3433.2243901030997,0.0,0.0,0.0,0.00046729908484561915,0.0,0.0
6870,3433.72491199,2.0,2.0,1.4142135623730951,0.00046736123019162516,4279.3451206467635,3025.953953846891
6871,3434.2254340111,0.0,0.0,0.0,0.0004674233808418758,0.0,0.0
6872,3434.7259561663996,0.0,0.0,0.0,0.0004674855367935754,0.0,0.0
6873,3435.2264784558997,0.0,0.0,0.0,0.00046754769804389,0.0,0.0
6874,3435.7270008796,0.0,0.0,0.0,0.0004676098645899901,0.0,0.0
6875,3436.2275234375,0.0,0.0,0.0,0.0004676720364290589,0.0,0.0
6876,3436.7280461296,0.0,-0.17533089839055116,0.17533089839055113,0.00046773421355830134,-374.85155737639195,374.8515573763919
6877,3437.2285689559,0.0,-0.07549189839442141,0.07549189839442141,0.00046779639597484995,-161.37768277821462,161.37768277821462
6878,3437.7290919163997,0.0,0.0,0.0,0.00046785858367594984,0.0,0.0
6879,3438.2296150111,0.0,-0.17286204407704073,0.17286204407704073,0.0004679207766587618,-369.4258786954932,369.4258786954932
6880,3438.73013824,0.0,-0.07796121666592207,0.07796121666592207,0.00046798297492044595,-166.58985656299777,166.58985656299777
6881,3439.2306616031,1.0,1.0,1.0,0.0004680451784582262,2136.5458849380107,2136.5458849380107
6882,3439.7311851003997,0.0,0.0,0.0,0.0004681073872692689,0.0,0.0
6883,3440.2317087318997,0.0,-0.33913614639109846,0.23980546885861942,0.000468169601350781,-724.3873703303456,512.2192217664783
6884,3440.7322324976,0.0,-0.16251161230473532,0.11491306308223753,0.0004682318206999403,-347.07511348076144,245.41916632333695
6885,3441.2327563975,0.0,0.0,0.0,0.0004682940453139425,0.0,0.0
6886,3441.7332804315997,0.0,-0.16709597120138128,0.16709597120138128,0.00046835627519000047,-356.7710737591689,356.7710737591689
6887,3442.2338045999,0.0,-0.0837283720958277,0.0837283720958277,0.0004684185103253102,-178.74693303148825,178.74693303148825
6888,3442.7343289024,0.0,0.0,0.0,0.00046848075071704437,0.0,0.0
6889,3443.2348533391,0.0,0.0,0.0,0.000468542996362428,0.0,0.0
6890,3443.7353779100004,0.0,0.0,0.0,0.00046860524725866865,0.0,0.0
6891,3444.2359026151,0.0,0.0,0.0,0.00046866750340292837,0.0,0.0
6892,3444.7364274543997,0.0,0.0,0.0,0.0004687297647924493,0.0,0.0
6893,3445.2369524279,0.0,0.0,0.0,0.0004687920314244172,0.0,0.0
6894,3445.7374775356,1.0,1.0,1.0,0.0004688543032960285,2132.8587430466923,2132.8587430466923
6895,3446.2380027775,0.0,0.0,0.0,0.0004689165804045425,0.0,0.0
6896,3446.7385281536,0.0,0.0,0.0,0.0004689788627471118,0.0,0.0
6897,3447.2390536639,0.0,0.0,0.0,0.00046904115032098397,0.0,0.0
6898,3447.7395793084,0.0,0.0,0.0,0.0004691034431233627,0.0,0.0
6899,3448.2401050871003,0.0,0.0,0.0,0.0004691657411514565,0.0,0.0
6900,3448.7406309999997,0.0,0.0,0.0,0.0004692280444024861,0.0,0.0
6901,3449.2411570471,0.0,0.0,0.0,0.0004692903528736552,0.0,0.0
6902,3449.7416832284002,0.0,0.0,0.0,0.000469352666562179,0.0,0.0
6903,3450.2422095439,0.0,0.0,0.0,0.00046941498546532385,0.0,0.0
6904,3450.7427359935996,0.0,-0.15223413089477905,0.15223413089477908,0.0004694773095802536,-324.2630214245866,324.26302142458667
6905,3451.2432625775,0.0,-0.0985929960205223,0.0985929960205223,0.0004695396389042182,-209.97800366889655,209.97800366889655
6906,3451.7437892956,0.0,0.0,0.0,0.00046960197343443895,0.0,0.0
6907,3452.2443161479,0.0,0.0,0.0,0.00046966431316814914,0.0,0.0
6908,3452.7448431344,0.0,0.0,0.0,0.00046972665810256426,0.0,0.0
6909,3453.2453702550997,0.0,0.0,0.0,0.00046978900823491185,0.0,0.0
6910,3453.74589751,0.0,0.0,0.0,0.0004698513635624257,0.0,0.0
6911,3454.2464248991,0.0,0.0,0.0,0.00046991372408232727,0.0,0.0
6912,3454.7469524224,0.0,0.0,0.0,0.00046997608979185075,0.0,0.0
6913,3455.2474800798996,0.0,0.0,0.0,0.00047003846068826915,0.0,0.0
6914,3455.7480078716,0.0,0.0,0.0,0.0004701008367687659,0.0,0.0
6915,3456.2485357975,0.0,0.0,0.0,0.00047016321803059765,0.0,0.0
6916,3456.7490638576,0.0,0.0,0.0,0.0004702256044710096,0.0,0.0
6917,3457.2495920519,0.0,0.0,0.0,0.000470287996087225,0.0,0.0
6918,3457.7501203804,0.0,-0.14064028185034783,0.14064028185034783,0.00047035039287649536,-299.01172398356465,299.01172398356465
6919,3458.2506488431,0.0,-0.25,0.17801328840576625,0.00047041279483605545,-531.4481296945336,378.4193167360723
6920,3458.75117744,0.0,-0.11101845650366926,0.11101845650366926,0.0004704752019631681,-235.97089929590064,235.97089929590064
6921,3459.2517061711,0.0,0.0,0.0,0.0004705376142550578,0.0,0.0
6922,3459.7522350363997,0.0,0.0,0.0,0.0004706000317089698,0.0,0.0
6923,3460.2527640359,1.0,1.0,1.0,0.00047066245432216865,2124.6649075507084,2124.6649075507084
6924,3460.7532931696,0.0,-0.13566221116783947,0.13566221116783947,0.00047072488209189513,-288.1985132482447,288.1985132482447
6925,3461.2538224375003,0.0,-0.1151680084993221,0.1151680084993221,0.0004707873150154131,-244.6285293297497,244.6285293297497
6926,3461.7543518396,0.0,0.0,0.0,0.00047084975308994703,0.0,0.0
6927,3462.2548813759,0.0,0.0,0.0,0.00047091219631276653,0.0,0.0
6928,3462.7554110464,0.0,0.0,0.0,0.00047097464468113674,0.0,0.0
6929,3463.2559408511,0.0,0.0,0.0,0.0004710370981922982,0.0,0.0
6930,3463.75647079,0.0,0.0,0.0,0.00047109955684351693,0.0,0.0
6931,3464.2570008630996,0.0,0.0,0.0,0.0004711620206320397,0.0,0.0
6932,3464.7575310703996,0.0,0.0,0.0,0.0004712244895551432,0.0,0.0
6933,3465.2580614119,0.0,0.0,0.0,0.00047128696361008155,0.0,0.0
6934,3465.7585918876002,0.0,0.0,0.0,0.0004713494427940961,0.0,0.0
6935,3466.2591224975004,0.0,0.0,0.0,0.0004714119271044933,0.0,0.0
6936,3466.7596532415996,0.0,0.0,0.0,0.00047147441653851006,0.0,0.0
6937,3467.2601841199,0.0,0.0,0.0,0.0004715369110934398,0.0,0.0
6938,3467.7607151324,1.0,1.0,1.0,0.00047159941076652047,2120.4437010950383,2120.4437010950383
6939,3468.2612462791003,0.0,-0.12319267985512102,0.12319267985512102,0.0004716619155550407,-261.18852464513856,261.18852464513856
6940,3468.7617775599997,0.0,-0.12763985926780586,0.12763985926780586,0.000471724425456272,-270.58140808449156,270.58140808449156
6941,3469.2623089751,0.0,0.0,0.0,0.0004717869404674751,0.0,0.0
6942,3469.7628405244,0.0,0.0,0.0,0.0004718494605859334,0.0,0.0
6943,3470.2633722079,0.0,0.0,0.0,0.0004719119858089251,0.0,0.0
6944,3470.7639040256004,0.0,0.0,0.0,0.00047197451613372816,0.0,0.0
6945,3471.2644359775,0.0,0.0,0.0,0.00047203705155760884,0.0,0.0
6946,3471.7649680636,0.0,0.0,0.0,0.00047209959207785785,0.0,0.0
6947,3472.2655002839,0.0,0.0,0.0,0.00047216213769174666,0.0,0.0
6948,3472.7660326384002,0.0,0.0,0.0,0.0004722246883965779,0.0,0.0
6949,3473.2665651271,0.0,0.0,0.0,0.0004722872441896122,0.0,0.0
6950,3473.7670977499997,0.0,-0.11402624508669162,0.11402624508669162,0.00047234980506815813,-241.40212161247342,241.40212161247342
6951,3474.2676305071,0.0,-0.13680799491050127,0.13680799491050127,0.00047241237102947664,-289.59443761468515,289.59443761468515
6952,3474.7681633984002,0.0,0.0,0.0,0.0004724749420708699,0.0,0.0
6953,3475.2686964239,0.0,0.0,0.0,0.00047253751818963436,0.0,0.0
6954,3475.7692295836,0.0,-0.1106883573642103,0.1106883573642103,0.0004726000993830441,-234.2114559618342,234.2114559618342
6955,3476.2697628775,0.0,-0.1401465011206326,0.1401465011206326,0.00047266268564841787,-296.504262714062,296.504262714062
6956,3476.7702963056,0.0,0.0,0.0,0.0004727252769830073,0.0,0.0
6957,3477.2708298679,0.0,0.0,0.0,0.0004727878733841609,0.0,0.0
6958,3477.7713635643995,0.0,-0.10734799570113598,0.10734799570113598,0.0004728504748491127,-227.02313185873587,227.02313185873587
6959,3478.2718973951,0.0,-0.14348748126440955,0.14348748126440955,0.0004729130813752283,-303.4119522495526,303.4119522495526
6960,3478.77243136,0.0,0.0,0.0,0.0004729756929597654,0.0,0.0
6961,3479.2729654591,1.0,1.0,1.0,0.0004730383096000217,2113.9936865695963,2113.9936865695963
6962,3479.7734996924,0.0,0.0,0.0,0.00047310093129331667,0.0,0.0
6963,3480.2740340599,0.0,0.0,0.0,0.00047316355803692583,0.0,0.0
6964,3480.7745685616,0.0,-0.10233281462736661,0.10233281462736661,0.00047322618982819866,-216.24503636309265,216.24503636309265
6965,3481.2751031975,0.0,-0.14850359004727876,0.14850359004727876,0.00047328882666441014,-313.7694821445185,313.7694821445185
6966,3481.7756379676002,0.0,0.0,0.0,0.00047335146854285296,0.0,0.0
6967,3482.2761728719,0.0,-0.09982313675384163,0.09982313675384163,0.0004734141154608875,-210.85796450462792,210.85796450462792
6968,3482.7767079103996,1.0,0.848986268230117,1.0113382951233807,0.00047347676741577347,1793.0896015529268,2135.9829345867265
6969,3483.2772430831,0.0,0.0,0.0,0.00047353942440485954,0.0,0.0
6970,3483.77777839,0.0,0.0,0.0,0.0004736020864254285,0.0,0.0
6971,3484.2783138311,0.0,0.0,0.0,0.00047366475347480663,0.0,0.0
6972,3484.7788494064,1.0,1.0,1.0,0.00047372742555031635,2110.918528388613,2110.918528388613
6973,3485.2793851159,0.0,0.0,0.0,0.0004737901026492565,0.0,0.0
6974,3485.7799209596,0.0,0.0,0.0,0.00047385278476896637,0.0,0.0
6975,3486.2804569375003,0.0,0.0,0.0,0.0004739154719067565,0.0,0.0
6976,3486.7809930496,0.0,0.0,0.0,0.00047397816405995026,0.0,0.0
6977,3487.2815292959,0.0,-0.09144749387213105,0.09144749387213105,0.0004740408612258745,-192.9105723832475,192.9105723832475
6978,3487.7820656763997,0.0,-0.15939092078740286,0.15939092078740286,0.0004741035634018179,-336.1943108879651,336.1943108879651
6979,3488.2826021911,0.0,0.0,0.0,0.00047416627058513816,0.0,0.0
6980,3488.78313884,0.0,0.0,0.0,0.00047422898277318595,0.0,0.0
6981,3489.2836756231,0.0,0.0,0.0,0.0004742916999632336,0.0,0.0
6982,3489.7842125404,0.0,0.0,0.0,0.00047435442215264327,0.0,0.0
6983,3490.2847495919,1.0,1.0,1.0,0.0004744171493387276,2107.849603231803,2107.849603231803
6984,3490.7852867776,0.0,0.0,0.0,0.0004744798815188551,0.0,0.0
6985,3491.2858240975,0.0,0.0,0.0,0.0004745426186903159,0.0,0.0
6986,3491.7863615516,0.0,0.0,0.0,0.0004746053608504668,0.0,0.0
6987,3492.2868991399,0.0,0.0,0.0,0.0004746681079966492,0.0,0.0
6988,3492.7874368624,0.0,0.0,0.0,0.00047473086012617,0.0,0.0
6989,3493.2879747191,0.0,0.0,0.0,0.0004747936172363881,0.0,0.0
6990,3493.78851271,0.0,0.0,0.0,0.00047485637932464934,0.0,0.0
6991,3494.2890508350997,1.0,1.0,1.0,0.0004749191463882731,2105.6215728612547,2105.6215728612547
6992,3494.7895890944,0.0,0.0,0.0,0.0004749819184246349,0.0,0.0
6993,3495.2901274879,0.0,0.0,0.0,0.0004750446954310536,0.0,0.0
6994,3495.7906660156,0.0,0.0,0.0,0.00047510747740488315,0.0,0.0
6995,3496.2912046775,0.0,0.0,0.0,0.0004751702643434704,0.0,0.0
6996,3496.7917434736,0.0,0.0,0.0,0.00047523305624416935,0.0,0.0
6997,3497.2922824039,0.0,0.0,0.0,0.0004752958531042989,0.0,0.0
6998,3497.7928214684002,0.0,0.0,0.0,0.0004753586549212648,0.0,0.0
6999,3498.2933606671,0.0,0.0,0.0,0.0004754214616923408,0.0,0.0
7000,3498.7938999999997,0.0,0.0,0.0,0.00047548427341495493,0.0,0.0
7001,3499.2944394671,0.0,0.0,0.0,0.0004755470900864275,0.0,0.0
7002,3499.7949790684,0.0,0.0,0.0,0.0004756099117041295,0.0,0.0
7003,3500.2955188039,0.0,0.0,0.0,0.0004756727382653872,0.0,0.0
7004,3500.7960586736,0.0,0.0,0.0,0.0004757355697675954,0.0,0.0
7005,3501.2965986775,0.0,0.0,0.0,0.00047579840620809655,0.0,0.0
7006,3501.7971388156,1.0,1.0,1.0,0.00047586124758424624,2101.4529026614223,2101.4529026614223
7007,3502.2976790879,0.0,0.0,0.0,0.00047592409389342756,0.0,0.0
7008,3502.7982194943997,0.0,0.0,0.0,0.0004759869451329673,0.0,0.0
7009,3503.2987600351,0.0,0.0,0.0,0.0004760498013003004,0.0,0.0
7010,3503.79930071,0.0,0.0,0.0,0.0004761126623927022,0.0,0.0
7011,3504.2998415191,0.0,-0.06285466096777417,0.06285466096777417,0.00047617552840760805,-131.998931524197,131.998931524197
7012,3504.8003824624,0.0,-0.187989010244925,0.187989010244925,0.0004762383993423515,-394.73719570812295,394.73719570812295
7013,3505.3009235399,0.0,0.0,0.0,0.00047630127519433265,0.0,0.0
7014,3505.8014647515997,0.0,0.0,0.0,0.00047636415596092,0.0,0.0
7015,3506.3020060975,0.0,0.0,0.0,0.00047642704163944067,0.0,0.0
7016,3506.8025475776003,0.0,-0.05863475893583876,0.05863475893583876,0.00047648993222734135,-123.0556093006035,123.0556093006035
7017,3507.3030891918997,1.0,0.8077903147407633,1.0183047496243227,0.0004765528277219223,1695.0698175525768,2136.8139907849272
7018,3507.8036309403997,0.0,0.0,0.0,0.0004766157281206248,0.0,0.0
7019,3508.3041728231,0.0,0.0,0.0,0.00047667863342080015,0.0,0.0
7020,3508.80471484,1.0,1.0,1.0,0.00047674154361981,2097.5726017229076,2097.5726017229076
7021,3509.3052569911,0.0,0.0,0.0,0.0004768044587150691,0.0,0.0
7022,3509.8057992763997,0.0,0.0,0.0,0.00047686737870393357,0.0,0.0
7023,3510.3063416959,0.0,0.0,0.0,0.0004769303035838123,0.0,0.0
7024,3510.8068842496,0.0,0.0,0.0,0.00047699323335207306,0.0,0.0
7025,3511.3074269375,0.0,0.0,0.0,0.00047705616800611977,0.0,0.0
7026,3511.8079697596,0.0,0.0,0.0,0.000477119107543298,0.0,0.0
7027,3512.3085127158997,0.0,0.0,0.0,0.0004771820519610394,0.0,0.0
7028,3512.8090558064,0.0,0.0,0.0,0.00047724500125673045,0.0,0.0
7029,3513.3095990311,0.0,0.0,0.0,0.00047730795542774034,0.0,0.0
7030,3513.8101423900002,0.0,0.0,0.0,0.00047737091447148315,0.0,0.0
7031,3514.3106858830997,1.0,1.0,1.0,0.000477433878385347,2094.53087699168,2094.53087699168
7032,3514.8112295103997,0.0,0.0,0.0,0.0004774968471667177,0.0,0.0
7033,3515.3117732719,0.0,0.0,0.0,0.0004775598208130161,0.0,0.0
7034,3515.8123171676,0.0,0.0,0.0,0.0004776227993216011,0.0,0.0
7035,3516.3128611975,1.0,0.9574361161453446,1.0009054322006612,0.000477685782689894,2004.3219849540653,2095.3217961909345
7036,3516.8134053616,0.0,-0.25,0.2124200601113879,0.00047774877091531575,-523.2875838090104,444.6271200330117
7037,3517.3139496599,0.0,-0.20913103359848748,0.20913103359848748,0.0004778117639952433,-437.68498257520804,437.68498257520804
7038,3517.8144940924,0.0,0.0,0.0,0.0004778747619270974,0.0,0.0
7039,3518.3150386591,0.0,0.0,0.0,0.00047793776470826633,0.0,0.0
7040,3518.81558336,0.0,-0.03832543082054814,0.03832543082054814,0.0004780007723361485,-80.17859601615083,80.17859601615083
7041,3519.3161281950997,0.0,-0.21252272354503504,0.21252272354503504,0.00047806378480816077,-444.5488871957054,444.5488871957054
7042,3519.8166731644,0.0,0.0,0.0,0.00047812680212174814,0.0,0.0
7043,3520.3172182679,0.0,0.0,0.0,0.00047818982427425287,0.0,0.0
7044,3520.8177635056004,0.0,0.0,0.0,0.0004782528512631605,0.0,0.0
7045,3521.3183088775,0.0,0.0,0.0,0.00047831588308580244,0.0,0.0
7046,3521.8188543836,1.0,1.0,1.0,0.0004783789197396462,2090.3931146134987,2090.3931146134987
7047,3522.3194000239,0.0,0.0,0.0,0.0004784419612221215,0.0,0.0
7048,3522.8199457984,1.0,1.0,1.0,0.0004785050075306046,2089.8422885073805,2089.8422885073805
7049,3523.3204917071,0.0,0.0,0.0,0.00047856805866252483,0.0,0.0
7050,3523.82103775,0.0,0.0,0.0,0.0004786311146152999,0.0,0.0
7051,3524.3215839271,0.0,0.0,0.0,0.00047869417538635853,0.0,0.0
7052,3524.8221302384,0.0,-0.02813737589689562,0.02813737589689562,0.00047875724097312395,-58.771697822686654,58.771697822686654
7053,3525.3226766839,0.0,-0.2227126334644024,0.2227126334644024,0.0004788203113730146,-465.12779047692266,465.12779047692266
7054,3525.8232232635996,0.0,0.0,0.0,0.0004788833865834485,0.0,0.0
7055,3526.3237699775,0.0,0.0,0.0,0.00047894646660187753,0.0,0.0
7056,3526.8243168256,0.0,0.0,0.0,0.00047900955142568053,0.0,0.0
7057,3527.3248638079003,0.0,0.0,0.0,0.0004790726410523267,0.0,0.0
7058,3527.8254109244,0.0,0.0,0.0,0.0004791357354792294,0.0,0.0
7059,3528.3259581751,0.0,0.0,0.0,0.0004791988347038183,0.0,0.0
7060,3528.82650556,0.0,-0.021332972778988737,0.021332972778988737,0.0004792619387235293,-44.51213638163543,44.51213638163543
7061,3529.3270530791,0.0,-0.22951827321355056,0.22951827321355056,0.00047932504753581573,-478.83638544134436,478.83638544134436
7062,3529.8276007324002,0.0,0.0,0.0,0.0004793881611380732,0.0,0.0
7063,3530.3281485199,0.0,0.0,0.0,0.00047945127952775027,0.0,0.0
7064,3530.8286964415997,0.0,0.0,0.0,0.00047951440270230564,0.0,0.0
7065,3531.3292444975,0.0,0.0,0.0,0.0004795775306591529,0.0,0.0
7066,3531.8297926876003,0.0,0.0,0.0,0.0004796406633957465,0.0,0.0
7067,3532.3303410118997,1.0,1.0,1.0,0.00047970380090952734,2084.619713464812,2084.619713464812
7068,3532.8308894704,0.0,0.0,0.0,0.0004797669431979224,0.0,0.0
7069,3533.3314380631,0.0,0.0,0.0,0.0004798300902583855,0.0,0.0
7070,3533.83198679,0.0,-0.012813556938327041,0.01281355693832704,0.00047989324208835897,-26.700848885819028,26.700848885819024
7071,3534.3325356511,0.0,-0.23803923480547454,0.23803923480547454,0.00047995639868531466,-495.9601235810295,495.9601235810295
7072,3534.8330846463996,0.0,0.0,0.0,0.0004800195600466496,0.0,0.0
7073,3535.3336337759,0.0,0.0,0.0,0.00048008272616985884,0.0,0.0
7074,3535.8341830396,0.0,0.0,0.0,0.0004801458970523683,0.0,0.0
7075,3536.3347324375,1.0,0.9914519475059371,1.0000365339333566,0.00048020907269163846,2064.62560556949,2082.5023740763854
7076,3536.8352819695997,0.0,-0.24230551211008955,0.24230551211008955,0.00048027225308512443,-504.5169912556719,504.5169912556719
7077,3537.3358316359,0.0,-0.0068407687148985,0.0068407687148985,0.0004803354382302528,-14.241649002835642,14.241649002835642
7078,3537.8363814363997,0.0,-0.24401310503057502,0.24401310503057502,0.00048039862812451284,-507.9388048696303,507.9388048696303
7079,3538.3369313711,0.0,0.0,0.0,0.0004804618227653545,0.0,0.0
7080,3538.8374814400004,0.0,0.0,0.0,0.00048052502215023286,0.0,0.0
7081,3539.3380316431,0.0,0.0,0.0,0.00048058822627658655,0.0,0.0
7082,3539.8385819804,0.0,0.0,0.0,0.0004806514351418826,0.0,0.0
7083,3540.3391324519,0.0,0.0,0.0,0.00048071464874361154,0.0,0.0
7084,3540.8396830576003,1.0,0.9991395934574704,1.0000003701496407,0.000480777867079223,2078.1730230789335,2079.9634064370516
7085,3541.3402337975,0.0,-0.24999454918414327,0.24999454918414327,0.0004808410901461561,-519.9109525106416,519.9109525106416
7086,3541.8407846716,0.0,-0.0008496602352603133,0.0008496602352603133,0.0004809043179419071,-1.766796852431156,1.766796852431156
7087,3542.3413356799,1.0,1.0,1.0,0.0004809675504639265,2079.142343460449,2079.142343460449
7088,3542.8418868224,1.0,1.0,1.0,0.0004810307877096935,2078.8690153519015,2078.8690153519015
7089,3543.3424380991,0.0,0.0,0.0,0.00048109402967665935,0.0,0.0
7090,3543.84298951,0.0,0.0,0.0,0.00048115727636230296,0.0,0.0
7091,3544.3435410551,0.0,-0.4897449319822228,0.34630196245637423,0.0004812205277641214,-1017.7141325572874,719.6325644406428
7092,3544.8440927344,0.0,-0.01196714491938694,0.008462049323940646,0.0004812837838795318,-24.865049104547406,17.582244836361966
7093,3545.3446445479003,0.0,0.0,0.0,0.0004813470447060593,0.0,0.0
7094,3545.8451964956,1.0,1.0,1.0,0.00048141031024117237,2077.2301272464015,2077.2301272464015
7095,3546.3457485774998,0.0,-0.2414473848040641,0.2414473848040641,0.0004814735804823119,-501.47587446479685,501.47587446479685
7096,3546.8463007935998,0.0,-0.009409271901390098,0.00940927190139007,0.00048153685542699727,-19.540086693980122,19.54008669398006
7097,3547.3468531439003,1.0,0.7602660831691425,1.0283347465096493,0.0004816001350726749,1578.625145224297,2135.245967807859
7098,3547.8474056284003,0.0,-0.011123048999657215,0.011123048999657187,0.00048166341941687093,-23.092990979309594,23.092990979309537
7099,3548.3479582471,0.0,0.0,0.0,0.00048172670845702024,0.0,0.0
7100,3548.8485109999997,0.0,0.0,0.0,0.00048179000219060935,0.0,0.0
7101,3549.3490638871,0.0,0.0,0.0,0.0004818533006151473,0.0,0.0
7102,3549.8496169084,0.0,-0.23544754206432478,0.23544754206432478,0.0004819166037281208,-488.5649098680057,488.5649098680057
7103,3550.3501700639,0.0,-0.015410196571401386,0.015410196571401413,0.0004819799115269717,-31.97269471787732,31.972694717877378
7104,3550.8507233535997,0.0,0.0,0.0,0.00048204322400926023,0.0,0.0
7105,3551.3512767775,0.0,-0.23287386247886413,0.2328738624788641,0.00048210654117241596,-483.0340237918103,483.0340237918102
7106,3551.8518303356,0.0,-0.01798433983472747,0.017984339834727497,0.0004821698630139389,-37.29876380558352,37.298763805583576
7107,3552.3523840279,0.0,0.0,0.0,0.0004822331895313549,0.0,0.0
7108,3552.8529378544,0.0,0.0,0.0,0.0004822965207221233,0.0,0.0
7109,3553.3534918151,0.0,0.0,0.0,0.00048235985658374883,0.0,0.0
7110,3553.85404591,0.0,0.0,0.0,0.00048242319711371874,0.0,0.0
7111,3554.3546001391,0.0,0.0,0.0,0.0004824865423095554,0.0,0.0
7112,3554.8551545023997,0.0,0.0,0.0,0.00048254989216874034,0.0,0.0
7113,3555.3557089999,0.0,0.0,0.0,0.00048261324668876816,0.0,0.0
7114,3555.8562636316,0.0,0.0,0.0,0.00048267660586714316,0.0,0.0
7115,3556.3568183975,0.0,0.0,0.0,0.00048273996970136525,0.0,0.0
7116,3556.8573732976,0.0,0.0,0.0,0.0004828033381889343,0.0,0.0
7117,3557.3579283319,0.0,0.0,0.0,0.0004828667113273611,0.0,0.0
7118,3557.8584835004,0.0,0.0,0.0,0.0004829300891141633,0.0,0.0
7119,3558.3590388031,0.0,0.0,0.0,0.00048299347154682364,0.0,0.0
7120,3558.85959424,0.0,0.0,0.0,0.00048305685862287613,0.0,0.0
7121,3559.3601498111,0.0,-0.219124078668628,0.219124078668628,0.00048312025033980506,-453.5601198966633,453.5601198966633
7122,3559.8607055164,0.0,-0.25,0.22055866533147708,0.00048318364669512685,-517.4016167764507,456.46964014624945
7123,3560.3612613559,0.0,-0.032597426284756675,0.0325974262847567,0.00048324704768636513,-67.45499313616689,67.45499313616695
7124,3560.8618173296,0.0,0.0,0.0,0.00048331045331103246,0.0,0.0
7125,3561.3623734375,0.0,0.0,0.0,0.0004833738635666463,0.0,0.0
7126,3561.8629296796,0.0,0.0,0.0,0.00048343727845067905,0.0,0.0
7127,3562.3634860559,0.0,-0.2139577091943356,0.2139577091943356,0.0004835006979606946,-442.51789107392136,442.51789107392136
7128,3562.8640425664,0.0,-0.03690389331159097,0.03690389331159094,0.00048356412209420526,-76.31644207136102,76.31644207136097
7129,3563.3645992111,0.0,-0.21223434963303575,0.21223434963303575,0.00048362755084871287,-438.83841865623236,438.83841865623236
7130,3563.8651559900004,0.0,-0.038627561971088464,0.038627561971088464,0.00048369098422175265,-79.85999994033236,79.85999994033236
7131,3564.3657129031,0.0,0.0,0.0,0.00048375442221084867,0.0,0.0
7132,3564.8662699504,0.0,0.0,0.0,0.0004838178648135084,0.0,0.0
7133,3565.3668271319,0.0,0.0,0.0,0.0004838813120272568,0.0,0.0
7134,3565.8673844476,0.0,0.0,0.0,0.00048394476384963495,0.0,0.0
7135,3566.3679418975,0.0,0.0,0.0,0.00048400822027815674,0.0,0.0
7136,3566.8684994816,0.0,0.0,0.0,0.0004840716813103581,0.0,0.0
7137,3567.3690571999,0.0,0.0,0.0,0.0004841351469437756,0.0,0.0
7138,3567.8696150524,0.0,-0.20447158147792333,0.20447158147792333,0.0004841986171759061,-422.28865226940576,422.28865226940576
7139,3568.3701730391003,0.0,-0.25,0.2088265381585124,0.0004842620920043256,-516.249370181482,431.226275206045
7140,3568.8707311599997,0.0,-0.0472551781213513,0.0472551781213513,0.00048432557142652044,-97.56903394996692,97.56903394996692
7141,3569.3712894151,0.0,0.0,0.0,0.0004843890554400719,0.0,0.0
7142,3569.8718478044,0.0,0.0,0.0,0.00048445254404248366,0.0,0.0
7143,3570.3724063279,0.0,0.0,0.0,0.0004845160372312869,0.0,0.0
7144,3570.8729649855995,0.0,0.0,0.0,0.00048457953500405837,0.0,0.0
7145,3571.3735237775,0.0,0.0,0.0,0.0004846430373582849,0.0,0.0
7146,3571.8740827036,0.0,0.0,0.0,0.000484706544291566,0.0,0.0
7147,3572.3746417639,1.0,1.0,1.0,0.0004847700558013881,2062.833683790286,2062.833683790286
7148,3572.8752009584,0.0,0.0,0.0,0.0004848335718853291,0.0,0.0
7149,3573.3757602870996,0.0,0.0,0.0,0.00048489709254090325,0.0,0.0
7150,3573.8763197499998,0.0,0.0,0.0,0.0004849606177656891,0.0,0.0
7151,3574.3768793471,0.0,0.0,0.0,0.00048502414755721305,0.0,0.0
7152,3574.8774390784,0.0,0.0,0.0,0.0004850876819130361,0.0,0.0
7153,3575.3779989439,1.0,1.0,1.0,0.00048515122083069056,2061.2129931112404,2061.2129931112404
7154,3575.8785589435997,0.0,0.0,0.0,0.00048521476430773806,0.0,0.0
7155,3576.3791190775,0.0,0.0,0.0,0.00048527831234171094,0.0,0.0
7156,3576.8796793456,0.0,0.0,0.0,0.00048534186493016506,0.0,0.0
7157,3577.3802397479003,0.0,0.0,0.0,0.00048540542207067914,0.0,0.0
7158,3577.8808002844,0.0,0.0,0.0,0.00048546898376080927,0.0,0.0
7159,3578.3813609551,0.0,0.0,0.0,0.0004855325499980771,0.0,0.0
7160,3578.88192176,0.0,-0.18544322664688026,0.18544322664688026,0.0004855961207800672,-381.8877843360489,381.8877843360489
7161,3579.3824826991,0.0,-0.06542347577246616,0.06542347577246616,0.00048565969610431324,-134.7105314631957,134.7105314631957
7162,3579.8830437723996,0.0,0.0,0.0,0.00048572327596840587,0.0,0.0
7163,3580.3836049798997,0.0,0.0,0.0,0.0004857868603698899,0.0,0.0
7164,3580.8841663216,0.0,-0.18197548975606997,0.18197548975606997,0.0004858504493063393,-374.55041981721104,374.55041981721104
7165,3581.3847277975,0.0,-0.06889183080390215,0.06889183080390215,0.00048591404277528207,-141.7778140562243,141.7778140562243
7166,3581.8852894076003,0.0,0.0,0.0,0.00048597764077432164,0.0,0.0
7167,3582.3858511518997,0.0,0.0,0.0,0.0004860412433010078,0.0,0.0
7168,3582.8864130304,0.0,0.0,0.0,0.00048610485035291575,0.0,0.0
7169,3583.3869750431,1.0,1.0,1.0,0.0004861684619275967,2056.900186480888,2056.900186480888
7170,3583.88753719,0.0,0.0,0.0,0.0004862320780226591,0.0,0.0
7171,3584.3880994711,0.0,0.0,0.0,0.00048629569863562047,0.0,0.0
7172,3584.8886618864,0.0,0.0,0.0,0.00048635932376406163,0.0,0.0
7173,3585.3892244359,0.0,0.0,0.0,0.0004864229534055914,0.0,0.0
7174,3585.8897871196,0.0,0.0,0.0,0.0004864865875577671,0.0,0.0
7175,3586.3903499375,0.0,0.0,0.0,0.00048655022621815845,0.0,0.0
7176,3586.8909128896,0.0,0.0,0.0,0.00048661386938434007,0.0,0.0
7177,3587.3914759759,0.0,0.0,0.0,0.0004866775170538992,0.0,0.0
7178,3587.8920391964,0.0,-0.16981893945741305,0.16981893945741305,0.00048674116922442176,-348.88961566165494,348.88961566165494
7179,3588.3926025511,0.0,-0.08105054454337321,0.08105054454337321,0.0004868048258934559,-166.49494876024968,166.49494876024968
7180,3588.89316604,0.0,0.0,0.0,0.00048686848705861013,0.0,0.0
7181,3589.3937296630997,0.0,0.0,0.0,0.000486932152717455,0.0,0.0
7182,3589.8942934204,1.0,0.8336599237136387,1.0137401151078873,0.00048699582286760044,1711.8420416930062,2081.619733694293
7183,3590.3948573119,0.0,-0.08453002582523547,0.08453002582523547,0.00048705949750660517,-173.55174523434712,173.55174523434712
7184,3590.8954213376,0.0,0.0,0.0,0.00048712317663203924,0.0,0.0
7185,3591.3959854974996,0.0,0.0,0.0,0.0004871868602415138,0.0,0.0
7186,3591.8965497915997,0.0,0.0,0.0,0.00048725054833264367,0.0,0.0
7187,3592.3971142199,0.0,0.0,0.0,0.00048731424090296644,0.0,0.0
7188,3592.8976787824,0.0,0.0,0.0,0.0004873779379501207,0.0,0.0
7189,3593.3982434790996,0.0,0.0,0.0,0.00048744163947166597,0.0,0.0
7190,3593.89880831,0.0,0.0,0.0,0.0004875053454652075,0.0,0.0
7191,3594.3993732751,0.0,0.0,0.0,0.0004875690559283335,0.0,0.0
7192,3594.8999383744,0.0,0.0,0.0,0.0004876327708586493,0.0,0.0
7193,3595.4005036079,0.0,0.0,0.0,0.00048769649025373754,0.0,0.0
7194,3595.9010689755996,0.0,0.0,0.0,0.00048776021411120376,0.0,0.0
7195,3596.4016344775,0.0,0.0,0.0,0.0004878239424286539,0.0,0.0
7196,3596.9022001136,0.0,0.0,0.0,0.00048788767520368826,0.0,0.0
7197,3597.4027658839,0.0,0.0,0.0,0.00048795141243389544,0.0,0.0
7198,3597.9033317884,1.0,1.0,1.0,0.0004880151541168925,2049.1166955862063,2049.1166955862063
7199,3598.4038978270996,0.0,0.0,0.0,0.0004880789002502804,0.0,0.0
7200,3598.9044639999997,0.0,0.0,0.0,0.0004881426508316484,0.0,0.0
7201,3599.4050303071,0.0,0.0,0.0,0.0004882064058586256,0.0,0.0
7202,3599.9055967484,0.0,0.0,0.0,0.00048827016532882405,0.0,0.0
7203,3600.4061633239,1.0,1.0,1.0,0.0004883339292398275,2047.7790710890501,2047.7790710890501
7204,3600.9067300336,0.0,0.0,0.0,0.0004883976975892771,0.0,0.0
7205,3601.4072968775,0.0,0.0,0.0,0.0004884614703747395,0.0,0.0
7206,3601.9078638556,0.0,0.0,0.0,0.0004885252475938617,0.0,0.0
7207,3602.4084309679,0.0,0.0,0.0,0.0004885890292442627,0.0,0.0
7208,3602.9089982143996,0.0,0.0,0.0,0.0004886528153235089,0.0,0.0
7209,3603.4095655951,0.0,0.0,0.0,0.0004887166058292931,0.0,0.0
7210,3603.91013311,1.0,1.0,1.0,0.0004887804007591779,2045.9085479834941,2045.9085479834941
7211,3604.4107007591,0.0,-0.14104437871459344,0.14104437871459344,0.0004888442001107587,-288.52623940845905,288.52623940845905
7212,3604.9112685423997,0.0,-0.1098302045041315,0.10983020450413147,0.0004889080038817229,-224.64390771295643,224.64390771295638
7213,3605.4118364599,0.0,0.0,0.0,0.0004889718120696503,0.0,0.0
7214,3605.9124045116,0.0,0.0,0.0,0.0004890356246721762,0.0,0.0
7215,3606.4129726975,0.0,0.0,0.0,0.0004890994416869038,0.0,0.0
7216,3606.9135410176,0.0,0.0,0.0,0.0004891632631115088,0.0,0.0
7217,3607.4141094719,0.0,0.0,0.0,0.0004892270889435436,0.0,0.0
7218,3607.9146780604,0.0,0.0,0.0,0.0004892909191806945,0.0,0.0
7219,3608.4152467831,0.0,0.0,0.0,0.0004893547538205372,0.0,0.0
7220,3608.9158156400003,0.0,0.0,0.0,0.0004894185928607589,0.0,0.0
7221,3609.4163846311,0.0,0.0,0.0,0.0004894824362989287,0.0,0.0
7222,3609.9169537564,0.0,0.0,0.0,0.0004895462841327411,0.0,0.0
7223,3610.4175230159,0.0,0.0,0.0,0.0004896101363597703,0.0,0.0
7224,3610.9180924096,0.0,0.0,0.0,0.0004896739929776989,0.0,0.0
7225,3611.4186619375,0.0,0.0,0.0,0.000489737853984137,0.0,0.0
7226,3611.9192315995997,0.0,0.0,0.0,0.000489801719376721,0.0,0.0
7227,3612.4198013959,0.0,0.0,0.0,0.0004898655891530843,0.0,0.0
7228,3612.9203713264,0.0,0.0,0.0,0.0004899294633108806,0.0,0.0
7229,3613.4209413911003,0.0,0.0,0.0,0.0004899933418477204,0.0,0.0
7230,3613.9215115899997,0.0,0.0,0.0,0.0004900572247612808,0.0,0.0
7231,3614.4220819231,0.0,0.0,0.0,0.0004901211120491548,0.0,0.0
7232,3614.9226523904,0.0,0.0,0.0,0.0004901850037090658,0.0,0.0
7233,3615.4232229919003,0.0,0.0,0.0,0.0004902488997385785,0.0,0.0
7234,3615.9237937276002,0.0,0.0,0.0,0.0004903128001353596,0.0,0.0
7235,3616.4243645975,1.0,1.0,1.0,0.0004903767048970934,2039.2485817813308,2039.2485817813308
7236,3616.9249356016,0.0,0.0,0.0,0.0004904406140213901,0.0,0.0
7237,3617.4255067399,1.0,1.0,1.0,0.0004905045275059058,2038.7171655371922,2038.7171655371922
7238,3617.9260780124,0.0,0.0,0.0,0.0004905684453482961,0.0,0.0
7239,3618.4266494190997,0.0,-0.11649764338311178,0.11649764338311178,0.0004906323675462004,-237.4438603913383,237.4438603913383
7240,3618.92722096,0.0,-0.13438126609147832,0.13438126609147832,0.0004906962940972576,-273.8583268469591,273.8583268469591
7241,3619.4277926351,0.0,0.0,0.0,0.0004907602249991866,0.0,0.0
7242,3619.9283644444,0.0,0.0,0.0,0.0004908241602495761,0.0,0.0
7243,3620.4289363879,0.0,-0.11298107846727849,0.11298107846727849,0.0004908880998461163,-230.156482715095,230.156482715095
7244,3620.9295084655996,0.0,-0.13789844901784817,0.13789844901784817,0.0004909520437864125,-280.87967198246463,280.87967198246463
7245,3621.4300806775,1.0,1.0,1.0,0.0004910159920681902,2036.5935451265796,2036.5935451265796
7246,3621.9306530236,0.0,0.0,0.0,0.0004910799446890829,0.0,0.0
7247,3622.4312255039,0.0,0.0,0.0,0.0004911439016467428,0.0,0.0
7248,3622.9317981184,0.0,0.0,0.0,0.0004912078629388431,0.0,0.0
7249,3623.4323708671,0.0,0.0,0.0,0.0004912718285630305,0.0,0.0
7250,3623.93294375,0.0,0.0,0.0,0.0004913357985169729,0.0,0.0
7251,3624.4335167671,0.0,0.0,0.0,0.0004913997727983678,0.0,0.0
7252,3624.9340899184003,0.0,0.0,0.0,0.000491463751404833,0.0,0.0
7253,3625.4346632038996,0.0,-0.1041788511005442,0.1041788511005442,0.000491527734334066,-211.94908002839009,211.94908002839009
7254,3625.9352366236,0.0,-0.1467022213806073,0.1467022213806073,0.0004915917215837244,-298.4228882211191,298.4228882211191
7255,3626.4358101775,0.0,0.0,0.0,0.0004916557131514719,0.0,0.0
7256,3626.9363838656,0.0,0.0,0.0,0.0004917197090349947,0.0,0.0
7257,3627.4369576879,0.0,0.0,0.0,0.0004917837092319509,0.0,0.0
7258,3627.9375316443998,0.0,0.0,0.0,0.0004918477137400272,0.0,0.0
7259,3628.4381057350997,0.0,0.0,0.0,0.0004919117225568989,0.0,0.0
7260,3628.93867996,0.0,-0.09800809930127412,0.09800809930127412,0.0004919757356802185,-199.2132786096972,199.2132786096972
7261,3629.4392543191,0.0,-0.15287405465298842,0.15287405465298842,0.0004920397531076791,-310.6945194721556,310.6945194721556
7262,3629.9398288124,0.0,0.0,0.0,0.0004921037748369498,0.0,0.0
7263,3630.4404034399,0.0,0.0,0.0,0.000492167800865736,0.0,0.0
7264,3630.9409782016,0.0,-0.18895711303814064,0.13361285598270226,0.0004922318311916959,-383.87828877436567,271.4429411426417
7265,3631.4415530975,0.0,-0.3128084308211064,0.22118896264592736,0.0004922958658125047,-635.4073892228099,449.3008737354889
7266,3631.9421281275995,0.0,0.0,0.0,0.0004923599047258567,0.0,0.0
7267,3632.4427032918998,0.0,0.0,0.0,0.000492423947929411,0.0,0.0
7268,3632.9432785904,0.0,0.0,0.0,0.0004924879954208885,0.0,0.0
7269,3633.4438540231,1.0,1.0,1.0,0.0004925520471979663,2030.2422976187133,2030.2422976187133
7270,3633.9444295900003,0.0,0.0,0.0,0.000492616103258304,0.0,0.0
7271,3634.4450052910997,0.0,0.0,0.0,0.0004926801635996345,0.0,0.0
7272,3634.9455811263997,0.0,0.0,0.0,0.0004927442282195893,0.0,0.0
7273,3635.4461570959,0.0,0.0,0.0,0.0004928082971159024,0.0,0.0
7274,3635.9467331996,0.0,0.0,0.0,0.0004928723702862672,0.0,0.0
7275,3636.4473094375,0.0,0.0,0.0,0.0004929364477283442,0.0,0.0
7276,3636.9478858096,0.0,-0.0838750969267517,0.0838750969267517,0.0004930005294398558,-170.1318597406986,170.1318597406986
7277,3637.4484623159,0.0,-0.25,0.18649289808202404,0.0004930646154184851,-507.03293682474913,378.2321672459491
7278,3637.9490389564,0.0,-0.16789430919387963,0.16789430919387963,0.0004931287056619203,-340.46752352110036,340.46752352110036
7279,3638.4496157311,0.0,0.0,0.0,0.0004931928001678624,0.0,0.0
7280,3638.95019264,0.0,0.0,0.0,0.0004932568989340337,0.0,0.0
7281,3639.4507696830997,0.0,-0.07945042297016286,0.07945042297016286,0.0004933210019581129,-161.0521803345175,161.0521803345175
7282,3639.9513468604,0.0,-0.25,0.18857999326216446,0.0004933851092377825,-506.7035776296904,382.21662902128656
7283,3640.4519241719,0.0,-0.17232052801879688,0.17232052801879688,0.0004934492207707775,-349.2163342554859,349.2163342554859
7284,3640.9525016176003,0.0,0.0,0.0,0.0004935133365547707,0.0,0.0
7285,3641.4530791975,0.0,-0.07590790305061983,0.07590790305061983,0.000493577456587513,-153.79126829541718,153.79126829541718
7286,3641.9536569116,0.0,-0.1749781131416856,0.1749781131416856,0.0004936415808666387,-354.4638861955135,354.4638861955135
7287,3642.4542347599,0.0,0.0,0.0,0.0004937057093899216,0.0,0.0
7288,3642.9548127424,0.0,0.0,0.0,0.000493769842155029,0.0,0.0
7289,3643.4553908590997,0.0,0.0,0.0,0.0004938339791596963,0.0,0.0
7290,3643.95596911,0.0,0.0,0.0,0.0004938981204015853,0.0,0.0
7291,3644.4565474951,0.0,-0.07058948864256709,0.07058948864256709,0.0004939622658784486,-142.90461745500482,142.90461745500482
7292,3644.9571260144003,1.0,0.8197025455515708,1.0161236007890888,0.0004940264155880044,1659.2281701696809,2056.8203819216214
7293,3645.4577046679,0.0,0.0,0.0,0.0004940905695279549,0.0,0.0
7294,3645.9582834556,0.0,0.0,0.0,0.0004941547276959789,0.0,0.0
7295,3646.4588623775,1.0,0.9329592106101318,1.0022447143497524,0.0004942188900898295,1887.744943218493,2027.9368806958873
7296,3646.9594414336,0.0,-0.18384677162523588,0.18384677162523588,0.0004942830567072144,-371.94633546611004,371.94633546611004
7297,3647.4600206239,1.0,1.0,1.0,0.0004943472275458528,2022.8696435993377,2022.8696435993377
7298,3647.9605999483997,0.0,-0.06437764290430113,0.06437764290430113,0.0004944114026034636,-130.21067589724342,130.21067589724342
7299,3648.4611794070997,0.0,-0.313489618450162,0.20699755005255607,0.0004944755818777726,-633.9840225470471,418.62036799973464
7300,3648.961759,0.0,-0.37479712096554463,0.26502158580393137,0.0004945397653664535,-757.8705439143409,535.8954008633676
7301,3649.4623387271,0.0,0.0,0.0,0.0004946039530672935,0.0,0.0
7302,3649.9629185884,0.0,0.0,0.0,0.0004946681449779788,0.0,0.0
7303,3650.4634985838998,0.0,0.0,0.0,0.0004947323410962744,0.0,0.0
7304,3650.9640787136,1.0,1.0,1.0,0.0004947965414198436,2021.0327200963243,2021.0327200963243
7305,3651.4646589775,0.0,0.0,0.0,0.0004948607459464516,0.0,0.0
7306,3651.9652393756,0.0,0.0,0.0,0.0004949249546738186,0.0,0.0
7307,3652.4658199079,0.0,0.0,0.0,0.0004949891675996644,0.0,0.0
7308,3652.9664005744,0.0,0.0,0.0,0.0004950533847217217,0.0,0.0
7309,3653.4669813750997,0.0,-0.054600877644124066,0.054600877644124066,0.000495117606037744,-110.27860245382128,110.27860245382128
7310,3653.96756231,0.0,-0.19628884605371472,0.19628884605371472,0.0004951818315454409,-396.3975120838052,396.3975120838052
7311,3654.4681433791,0.0,0.0,0.0,0.0004952460612425157,0.0,0.0
7312,3654.9687245824,0.0,0.0,0.0,0.000495310295126775,0.0,0.0
7313,3655.4693059199,0.0,0.0,0.0,0.0004953745331959045,0.0,0.0
7314,3655.9698873916,0.0,0.0,0.0,0.0004954387754476543,0.0,0.0
7315,3656.4704689975,0.0,-0.0985204367016072,0.06966446887716649,0.0004955030218797452,-198.82913393314757,140.59342890157694
7316,3656.9710507376,0.0,-0.4032608643730216,0.28514849178531226,0.0004955672724899269,-813.7358674774441,575.3981499880186
7317,3657.4716326119,0.0,0.0,0.0,0.0004956315272759315,0.0,0.0
7318,3657.9722146204,0.0,0.0,0.0,0.0004956957862355492,0.0,0.0
7319,3658.4727967631,0.0,0.0,0.0,0.0004957600493664554,0.0,0.0
7320,3658.97337904,0.0,0.0,0.0,0.0004958243166664233,0.0,0.0
7321,3659.4739614511,0.0,-0.08782799611835083,0.062103771633311655,0.0004958885881331969,-177.1123559204795,125.23734790329644
7322,3659.9745439964,0.0,-0.45697757930246813,0.2958553115130678,0.0004959528637645037,-921.4133291494765,596.5391736371756
7323,3660.4751266759,0.0,-0.25,0.21209584025967276,0.0004960171435581225,-504.0148374845544,427.5978018385159
7324,3660.9757094896,0.0,-0.20876119743313137,0.20876119743313137,0.0004960814275117688,-420.82042555035747,420.82042555035747
7325,3661.4762924374995,0.0,0.0,0.0,0.000496145715623206,0.0,0.0
7326,3661.9768755196,0.0,0.0,0.0,0.0004962100078901892,0.0,0.0
7327,3662.4774587358997,0.0,0.0,0.0,0.0004962743043104749,0.0,0.0
7328,3662.9780420864,0.0,0.0,0.0,0.0004963386048817686,0.0,0.0
7329,3663.4786255711,0.0,0.0,0.0,0.0004964029096018608,0.0,0.0
7330,3663.97920919,0.0,0.0,0.0,0.0004964672184685198,0.0,0.0
7331,3664.4797929430997,0.0,-0.03499127337458358,0.03499127337458358,0.0004965315314794903,-70.4714024310235,70.4714024310235
7332,3664.9803768304,0.0,-0.21590184866107967,0.21590184866107967,0.0004965958486325017,-434.76370021138575,434.76370021138575
7333,3665.4809608519,0.0,-0.06640974967568096,0.04695878433257514,0.0004966601699253387,-133.71265444068953,94.54912468546512
7334,3665.9815450076,0.0,-0.43537711225570247,0.30785810844942396,0.0004967244953557471,-876.4961589902899,619.7763777059963
7335,3666.4821292975,1.0,1.0,1.0,0.0004967888249214786,2012.9277267016982,2012.9277267016982
7336,3666.9827137216,0.0,0.0,0.0,0.0004968531586203302,0.0,0.0
7337,3667.4832982799,0.0,-0.0296302241906134,0.029630224190613404,0.0004969174964500249,-59.628055768395186,59.62805576839519
7338,3667.9838829724004,1.0,0.7787361753703008,1.024186350275067,0.0004969818384083546,1566.9308517677407,2060.812430400172
7339,3668.4844677991,0.0,0.0,0.0,0.0004970461844930597,0.0,0.0
7340,3668.9850527599997,0.0,0.0,0.0,0.0004971105347019033,0.0,0.0
7341,3669.4856378551,0.0,0.0,0.0,0.0004971748890326722,0.0,0.0
7342,3669.9862230844,0.0,0.0,0.0,0.0004972392474831232,0.0,0.0
7343,3670.4868084479,0.0,0.0,0.0,0.0004973036100510041,0.0,0.0
7344,3670.9873939455997,0.0,0.0,0.0,0.0004973679767341463,0.0,0.0
7345,3671.4879795775,0.0,0.0,0.0,0.0004974323475302452,0.0,0.0
7346,3671.9885653436,1.0,0.9784217758159229,1.0002327827855566,0.0004974967224371223,1966.6898929963982,2010.5314018666206
7347,3672.4891512439003,0.0,-0.22931721478541392,0.22931721478541392,0.0004975611014525352,-460.8825209928305,460.8825209928305
7348,3672.9897372784,1.0,1.0,1.0,0.000497625484574237,2009.5433835258443,2009.5433835258443
7349,3673.4903234471,0.0,0.0,0.0,0.0004976898718000259,0.0,0.0
7350,3673.99090975,0.0,0.0,0.0,0.000497754263127684,0.0,0.0
7351,3674.4914961871,0.0,0.0,0.0,0.0004978186585549805,0.0,0.0
7352,3674.9920827583996,0.0,0.0,0.0,0.0004978830580796805,0.0,0.0
7353,3675.4926694639,0.0,0.0,0.0,0.0004979474616995769,0.0,0.0
7354,3675.9932563036,0.0,-0.014410387598322432,0.014410387598322433,0.0004980118694124572,-28.935831620486216,28.93583162048622
7355,3676.4938432775,0.0,-0.23648628703133287,0.23648628703133287,0.0004980762812160691,-474.79933486080506,474.79933486080506
7356,3676.9944303856,0.0,0.0,0.0,0.0004981406971082349,0.0,0.0
7357,3677.4950176279,0.0,0.0,0.0,0.0004982051170867359,0.0,0.0
7358,3677.9956050043997,0.0,0.0,0.0,0.0004982695411493091,0.0,0.0
7359,3678.4961925151,0.0,0.0,0.0,0.0004983339692937939,0.0,0.0
7360,3678.99678016,0.0,0.0,0.0,0.0004983984015179613,0.0,0.0
7361,3679.4973679391,0.0,0.0,0.0,0.0004984628378195934,0.0,0.0
7362,3679.9979558523996,0.0,0.0,0.0,0.0004985272781964508,0.0,0.0
7363,3680.4985438999,0.0,0.0,0.0,0.000498591722646372,0.0,0.0
7364,3680.9991320816002,0.0,0.0,0.0,0.0004986561711671177,0.0,0.0
7365,3681.4997203975,0.0,0.0,0.0,0.0004987206237565219,0.0,0.0
7366,3682.0003088475996,0.0,0.0,0.0,0.0004987850804123223,0.0,0.0
7367,3682.5008974319,0.0,0.0,0.0,0.0004988495411323583,0.0,0.0
7368,3683.0014861504,1.0,1.0,1.0,0.0004989140059143678,2004.3534319452183,2004.3534319452183
7369,3683.5020750031,0.0,0.0,0.0,0.0004989784747562025,0.0,0.0
7370,3684.00266399,0.0,-4.505907431618286e-05,4.505907431618286e-05,0.000499042947655663,-0.09029097501097919,0.09029097501097919
7371,3684.5032531110996,1.0,0.7508540875579051,1.0305695928400973,0.0004991074246105036,1504.3937447812182,2064.8252100123323
7372,3685.0038423664,0.0,-0.001753388679084894,0.001753388679084894,0.0004991719056185483,-3.51259487833592,3.51259487833592
7373,3685.5044317559,0.0,0.0,0.0,0.0004992363906776092,0.0,0.0
7374,3686.0050212796,0.0,-0.24644754573223182,0.24644754573223182,0.0004993008797854696,-493.58524230544293,493.58524230544293
7375,3686.5056109374996,0.0,-0.00445221873422097,0.00445221873422097,0.0004993653729399194,-8.915753825719577,8.915753825719577
7376,3687.0062007295996,0.0,0.0,0.0,0.0004994298701388048,0.0,0.0
7377,3687.5067906558997,0.0,0.0,0.0,0.0004994943713799102,0.0,0.0
7378,3688.0073807164,0.0,0.0,0.0,0.000499558876661014,0.0,0.0
7379,3688.5079709111,0.0,0.0,0.0,0.0004996233859799686,0.0,0.0
7380,3689.00856124,0.0,0.0,0.0,0.0004996878993345812,0.0,0.0
7381,3689.5091517031,0.0,0.0,0.0,0.0004997524167226077,0.0,0.0
7382,3690.0097423004,1.0,0.7607548945064792,1.0282209006349783,0.0004998169381419062,1522.0670538590039,2057.1949891443046
7383,3690.5103330319002,0.0,-0.011655894541245937,0.011655894541245937,0.0004998814635902622,-23.317316984572013,23.317316984572013
7384,3691.0109238975997,0.0,0.0,0.0,0.0004999459930655277,0.0,0.0
7385,3691.5115148974996,0.0,0.0,0.0,0.0005000105265654711,0.0,0.0
7386,3692.0121060316,0.0,0.0,0.0,0.0005000750640879281,0.0,0.0
7387,3692.5126972999,0.0,0.0,0.0,0.0005001396056307127,0.0,0.0
7388,3693.0132887024,0.0,-0.23383678862836843,0.23383678862836843,0.0005002041511916545,-467.48270295496457,467.48270295496457
7389,3693.5138802390998,0.0,-0.25,0.23355913350035656,0.0005002687007685458,-499.73144355410096,466.8673717575127
7390,3694.01447191,1.0,0.75,1.0267239318973518,0.0005003332543592051,1499.0009028293596,2052.080134494187
7391,3694.5150637151,0.0,-0.25,0.2318995154324863,0.000500397811961475,-499.60250429561665,463.43031462004063
7392,3695.0156556544002,0.0,-0.019771844797055516,0.019771844797055488,0.0005004623735731687,-39.507155464835016,39.50715546483496
7393,3695.5162477278996,0.0,0.0,0.0,0.0005005269391921067,0.0,0.0
7394,3696.0168399356,0.0,0.0,0.0,0.0005005915088161089,0.0,0.0
7395,3696.5174322775,0.0,0.0,0.0,0.000500656082443017,0.0,0.0
7396,3697.0180247536,0.0,0.0,0.0,0.0005007206600706238,0.0,0.0
7397,3697.5186173639004,0.0,0.0,0.0,0.0005007852416967879,0.0,0.0
7398,3698.0192101084,0.0,0.0,0.0,0.0005008498273192967,0.0,0.0
7399,3698.5198029871,0.0,0.0,0.0,0.000500914416936026,0.0,0.0
7400,3699.020396,0.0,-0.22300347523357317,0.22300347523357317,0.0005009790105447801,-445.1353660327451,445.1353660327451
7401,3699.5209891471,0.0,-0.027900304734169712,0.027900304734169712,0.0005010436081433853,-55.68438411489602,55.68438411489602
7402,3700.0215824283996,1.0,0.7788042391389739,1.0241716480272671,0.0005011082097297005,1554.1637993898835,2043.813348377806
7403,3700.5221758438997,0.0,-0.029708327979998422,0.029708327979998395,0.0005011728153015258,-59.27761257785839,59.277612577858335
7404,3701.0227693936,0.0,0.0,0.0,0.0005012374248566912,0.0,0.0
7405,3701.5233630775,0.0,0.0,0.0,0.0005013020383930644,0.0,0.0
7406,3702.0239568956003,0.0,0.0,0.0,0.0005013666559084771,0.0,0.0
7407,3702.5245508478997,1.0,1.0,1.0,0.000501431277400728,1994.2912320581702,1994.2912320581702
7408,3703.0251449344,0.0,0.0,0.0,0.0005014959028677062,0.0,0.0
7409,3703.5257391551,0.0,0.0,0.0,0.0005015605323072103,0.0,0.0
7410,3704.0263335100003,0.0,0.0,0.0,0.0005016251657170953,0.0,0.0
7411,3704.5269279991,0.0,0.0,0.0,0.0005016898030952057,0.0,0.0
7412,3705.0275226224,0.0,0.0,0.0,0.0005017544444393923,0.0,0.0
7413,3705.5281173799,0.0,0.0,0.0,0.0005018190897475035,0.0,0.0
7414,3706.0287122716,0.0,0.0,0.0,0.0005018837390173336,0.0,0.0
7415,3706.5293072975,0.0,0.0,0.0,0.0005019483922467665,0.0,0.0
7416,3707.0299024575997,0.0,0.0,0.0,0.0005020130494336586,0.0,0.0
7417,3707.5304977519,0.0,0.0,0.0,0.0005020777105758315,0.0,0.0
7418,3708.0310931804,0.0,0.0,0.0,0.0005021423756711358,0.0,0.0
7419,3708.5316887431,0.0,0.0,0.0,0.000502207044717434,0.0,0.0
7420,3709.03228444,0.0,0.0,0.0,0.000502271717712587,0.0,0.0
7421,3709.5328802710997,0.0,0.0,0.0,0.0005023363946544299,0.0,0.0
7422,3710.0334762364,0.0,0.0,0.0,0.0005024010755407953,0.0,0.0
7423,3710.5340723359,0.0,-0.2021774641953508,0.2021774641953508,0.0005024657603695691,-402.37062928754995,402.37062928754995
7424,3711.0346685696,0.0,-0.04872986771412899,0.04872986771412899,0.000502530449138602,-96.96898525782443,96.96898525782443
7425,3711.5352649375,0.0,0.0,0.0,0.000502595141845745,0.0,0.0
7426,3712.0358614396,1.0,1.0,1.0,0.0005026598384888668,1989.4169444813297,1989.4169444813297
7427,3712.5364580759,0.0,0.0,0.0,0.0005027245390657791,0.0,0.0
7428,3713.0370548464,0.0,0.0,0.0,0.0005027892435744007,0.0,0.0
7429,3713.5376517511,0.0,0.0,0.0,0.0005028539520125611,0.0,0.0
7430,3714.0382487899997,0.0,0.0,0.0,0.000502918664378117,0.0,0.0
7431,3714.5388459631,0.0,0.0,0.0,0.0005029833806689494,0.0,0.0
7432,3715.0394432704,0.0,0.0,0.0,0.0005030481008829039,0.0,0.0
7433,3715.5400407119,0.0,-0.3861943918417149,0.2730806733274913,0.0005031128250178434,-767.6099130011605,542.7821747891364
7434,3716.0406382876,0.0,-0.11562336048633609,0.08175806226346496,0.0005031775530716493,-229.78640398506025,162.48352448230762
7435,3716.5412359975,0.0,0.0,0.0,0.0005032422850421729,0.0,0.0
7436,3717.0418338416,0.0,-0.19037010415989375,0.19037010415989375,0.0005033070209273006,-378.23852289831547,378.23852289831547
7437,3717.5424318199002,0.0,-0.06053923527214006,0.06053923527214006,0.0005033717607248619,-120.26744445290846,120.26744445290846
7438,3718.0430299324003,0.0,0.0,0.0,0.0005034365044327776,0.0,0.0
7439,3718.5436281791,0.0,0.0,0.0,0.0005035012520488659,0.0,0.0
7440,3719.04422656,0.0,0.0,0.0,0.0005035660035710531,0.0,0.0
7441,3719.5448250751,0.0,0.0,0.0,0.0005036307589971636,0.0,0.0
7442,3720.0454237244003,0.0,0.0,0.0,0.000503695518325124,0.0,0.0
7443,3720.5460225078996,0.0,0.0,0.0,0.0005037602815527415,0.0,0.0
7444,3721.0466214256,0.0,0.0,0.0,0.0005038250486779208,0.0,0.0
7445,3721.5472204775,0.0,0.0,0.0,0.0005038898196985652,0.0,0.0
7446,3722.0478196636,0.0,0.0,0.0,0.0005039545946125112,0.0,0.0
7447,3722.5484189839003,0.0,0.0,0.0,0.0005040193734176685,0.0,0.0
7448,3723.0490184384,0.0,0.0,0.0,0.0005040841561118963,0.0,0.0
7449,3723.5496180270998,0.0,0.0,0.0,0.0005041489426930936,0.0,0.0
7450,3724.0502177500002,0.0,0.0,0.0,0.0005042137331591193,0.0,0.0
7451,3724.5508176071003,0.0,0.0,0.0,0.0005042785275078669,0.0,0.0
7452,3725.0514175984,0.0,0.0,0.0,0.0005043433257372463,0.0,0.0
7453,3725.5520177239,0.0,0.0,0.0,0.0005044081278451062,0.0,0.0
7454,3726.0526179836,0.0,0.0,0.0,0.000504472933829323,0.0,0.0
7455,3726.5532183775,0.0,0.0,0.0,0.0005045377436878189,0.0,0.0
7456,3727.0538189056,0.0,0.0,0.0,0.0005046025574184647,0.0,0.0
7457,3727.5544195679,0.0,-0.171241548028513,0.171241548028513,0.0005046673750191658,-339.3156691018708,339.3156691018708
7458,3728.0550203643998,0.0,-0.0796710341775681,0.0796710341775681,0.0005047321964877877,-157.84813160714583,157.84813160714583
7459,3728.5556212951,0.0,0.0,0.0,0.0005047970218222364,0.0,0.0
7460,3729.05622236,0.0,0.0,0.0,0.000504861851020382,0.0,0.0
7461,3729.5568235591,0.0,0.0,0.0,0.0005049266840801598,0.0,0.0
7462,3730.0574248924,0.0,-0.16667709287043236,0.1666770928704324,0.0005049915209994122,-330.05919097526066,330.0591909752607
7463,3730.5580263599,0.0,-0.08423626139753757,0.08423626139753757,0.0005050563617760797,-166.7858634654409,166.7858634654409
7464,3731.0586279616,0.0,0.0,0.0,0.0005051212064080279,0.0,0.0
7465,3731.5592296975,0.0,0.0,0.0,0.0005051860548931687,0.0,0.0
7466,3732.0598315675998,0.0,0.0,0.0,0.0005052509072293855,0.0,0.0
7467,3732.5604335719,0.0,0.0,0.0,0.0005053157634146011,0.0,0.0
7468,3733.0610357104,0.0,0.0,0.0,0.0005053806234467051,0.0,0.0
7469,3733.5616379831,0.0,0.0,0.0,0.0005054454873235923,0.0,0.0
7470,3734.0622403899997,0.0,0.0,0.0,0.0005055103550431576,0.0,0.0
7471,3734.5628429311,0.0,0.0,0.0,0.0005055752266033475,0.0,0.0
7472,3735.0634456064,0.0,0.0,0.0,0.0005056401020020063,0.0,0.0
7473,3735.5640484159,0.0,0.0,0.0,0.000505704981237063,0.0,0.0
7474,3736.0646513596002,0.0,0.0,0.0,0.0005057698643064248,0.0,0.0
7475,3736.5652544375,0.0,0.0,0.0,0.0005058347512080435,0.0,0.0
7476,3737.0658576496,0.0,0.0,0.0,0.0005058996419397414,0.0,0.0
7477,3737.5664609959,0.0,-0.15296056586231926,0.15296056586231926,0.0005059645364994877,-302.31479644912656,302.31479644912656
7478,3738.0670644764,0.0,-0.09795510453021533,0.0979551045302153,0.0005060294348851609,-193.57590246196924,193.57590246196918
7479,3738.5676680910997,0.0,0.0,0.0,0.0005060943370947139,0.0,0.0
7480,3739.06827184,0.0,0.0,0.0,0.0005061592431260204,0.0,0.0
7481,3739.5688757231,0.0,0.0,0.0,0.0005062241529769983,0.0,0.0
7482,3740.0694797404,0.0,-0.1483806698534689,0.1483806698534689,0.0005062890666455781,-293.07500325173146,293.07500325173146
7483,3740.5700838919,0.0,-0.10253577255991161,0.10253577255991161,0.0005063539841296681,-202.4982043661654,202.4982043661654
7484,3741.0706881776,0.0,-0.14654763062370374,0.14654763062370374,0.000506418905427147,-289.38025230336893,289.38025230336893
7485,3741.5712925975,0.0,-0.10436912059517772,0.10436912059517772,0.0005064838305360243,-206.066046540363,206.066046540363
7486,3742.0718971516,0.0,0.0,0.0,0.0005065487594541406,0.0,0.0
7487,3742.5725018399003,1.0,1.0,1.0,0.0005066136921794207,1973.8905904774542,1973.8905904774542
7488,3743.0731066624,1.0,1.0,1.0,0.0005066786287098228,1973.6376143322686,1973.6376143322686
7489,3743.5737116191,0.0,0.0,0.0,0.000506743569043228,0.0,0.0
7490,3744.07431671,0.0,0.0,0.0,0.0005068085131775834,0.0,0.0
7491,3744.5749219351,0.0,-0.14012712966165428,0.14012712966165428,0.0005068734611108204,-276.4538694816723,276.4538694816723
7492,3745.0755272944,0.0,-0.1107907023632187,0.1107907023632187,0.0005069384128408411,-218.54864330038973,218.54864330038973
7493,3745.5761327879,0.0,0.0,0.0,0.0005070033683655833,0.0,0.0
7494,3746.0767384155997,0.0,0.0,0.0,0.0005070683276829493,0.0,0.0
7495,3746.5773441775,0.0,0.0,0.0,0.0005071332907908931,0.0,0.0
7496,3747.0779500736003,0.0,0.0,0.0,0.0005071982576873459,0.0,0.0
7497,3747.5785561038997,0.0,0.0,0.0,0.0005072632283702231,0.0,0.0
7498,3748.0791622683996,0.0,0.0,0.0,0.0005073282028374448,0.0,0.0
7499,3748.5797685671,0.0,0.0,0.0,0.000507393181086976,0.0,0.0
7500,3749.080375,0.0,0.0,0.0,0.0005074581631167206,0.0,0.0
7501,3749.5809815671,0.0,0.0,0.0,0.0005075231489246224,0.0,0.0
7502,3750.0815882683996,0.0,0.0,0.0,0.0005075881385086069,0.0,0.0
7503,3750.5821951038997,0.0,0.0,0.0,0.000507653131866612,0.0,0.0
7504,3751.0828020736,0.0,0.0,0.0,0.0005077181289965867,0.0,0.0
7505,3751.5834091775,0.0,0.0,0.0,0.0005077831298964642,0.0,0.0
7506,3752.0840164155998,0.0,0.0,0.0,0.0005078481345641816,0.0,0.0
7507,3752.5846237879,0.0,0.0,0.0,0.0005079131429976545,0.0,0.0
7508,3753.0852312944,0.0,0.0,0.0,0.0005079781551948553,0.0,0.0
7509,3753.5858389351,0.0,0.0,0.0,0.000508043171153705,0.0,0.0
7510,3754.08644671,0.0,0.0,0.0,0.0005081081908721822,0.0,0.0
7511,3754.5870546191,0.0,0.0,0.0,0.0005081732143481907,0.0,0.0
7512,3755.0876626624,0.0,0.0,0.0,0.0005082382415796581,0.0,0.0
7513,3755.5882708399,0.0,0.0,0.0,0.0005083032725645906,0.0,0.0
7514,3756.0888791516,2.0,1.8810220691841495,1.4192095504263003,0.0005083683073008938,3700.1167109947464,2791.6955680447177
7515,3756.5894875974996,0.0,-0.25,0.1770492108407141,0.000508433345786517,-491.70653748774964,348.2250177097043
7516,3757.0900961775997,0.0,-0.25,0.17712627170594353,0.0005084983880194165,-491.6436431071911,348.332022046017
7517,3757.5907048919,0.0,-0.13378668166053814,0.13378668166053814,0.0005085634339975595,-263.06783523327425,263.06783523327425
7518,3758.0913137404,0.0,0.0,0.0,0.000508628483718857,0.0,0.0
7519,3758.5919227231,0.0,-0.11436947141001273,0.11436947141001273,0.0005086935371812818,-224.82981019130813,224.82981019130813
7520,3759.09253184,0.0,-0.13655268363708042,0.13655268363708042,0.0005087585943827845,-268.40368918532636,268.40368918532636
7521,3759.5931410911,0.0,0.0,0.0,0.000508823655321305,0.0,0.0
7522,3760.0937504764,0.0,0.0,0.0,0.0005088887199948328,0.0,0.0
7523,3760.5943599959,0.0,0.0,0.0,0.0005089537884012972,0.0,0.0
7524,3761.0949696496,0.0,0.0,0.0,0.000509018860538637,0.0,0.0
7525,3761.5955794375,0.0,0.0,0.0,0.0005090839364048602,0.0,0.0
7526,3762.0961893596,1.0,1.0,1.0,0.0005091490159978779,1964.0615391156289,1964.0615391156289
7527,3762.5967994159,0.0,0.0,0.0,0.0005092140993156704,0.0,0.0
7528,3763.0974096064,0.0,0.0,0.0,0.0005092791863561771,0.0,0.0
7529,3763.5980199310998,0.0,0.0,0.0,0.0005093442771174001,0.0,0.0
7530,3764.09863039,0.0,-0.10421727463923944,0.10421727463923944,0.0005094093715972579,-204.58452562909312,204.58452562909312
7531,3764.5992409831,0.0,-0.14670657864927517,0.14670657864927517,0.0005094744697937521,-287.95668349910767,287.95668349910767
7532,3765.0998517104,0.0,0.0,0.0,0.0005095395717047892,0.0,0.0
7533,3765.6004625719,0.0,0.0,0.0,0.0005096046773284119,0.0,0.0
7534,3766.1010735676,0.0,0.0,0.0,0.0005096697866625381,0.0,0.0
7535,3766.6016846975,0.0,0.0,0.0,0.0005097348997051248,0.0,0.0
7536,3767.1022959616,0.0,0.0,0.0,0.0005098000164541811,0.0,0.0
7537,3767.6029073599,0.0,0.0,0.0,0.0005098651369076253,0.0,0.0
7538,3768.1035188923997,0.0,0.0,0.0,0.000509930261063477,0.0,0.0
7539,3768.6041305590998,0.0,0.0,0.0,0.0005099953889196718,0.0,0.0
7540,3769.10474236,0.0,0.0,0.0,0.0005100605204742015,0.0,0.0
7541,3769.6053542951,0.0,0.0,0.0,0.0005101256557250246,0.0,0.0
7542,3770.1059663644,0.0,0.0,0.0,0.0005101907946701215,0.0,0.0
7543,3770.6065785678998,0.0,0.0,0.0,0.0005102559373074734,0.0,0.0
7544,3771.1071909056,0.0,0.0,0.0,0.0005103210836350612,0.0,0.0
7545,3771.6078033775,0.0,0.0,0.0,0.0005103862336508323,0.0,0.0
7546,3772.1084159836,0.0,0.0,0.0,0.0005104513873527903,0.0,0.0
7547,3772.6090287239,0.0,0.0,0.0,0.000510516544738905,0.0,0.0
7548,3773.1096415984,0.0,0.0,0.0,0.0005105817058071524,0.0,0.0
7549,3773.6102546071,0.0,0.0,0.0,0.0005106468705555249,0.0,0.0
7550,3774.11086775,1.0,1.0,1.0,0.0005107120389819989,1958.05057189037,1958.05057189037
7551,3774.6114810271,0.0,-0.08478393567237766,0.08478393567237766,0.0005107772110845502,-165.99005169465784,165.99005169465784
7552,3775.1120944383997,0.0,-0.1661431595752334,0.1661431595752334,0.0005108423868611832,-325.23369995994733,325.23369995994733
7553,3775.6127079839,0.0,-0.08292959080286165,0.08292959080286165,0.0005109075663098457,-162.3181887906668,162.3181887906668
7554,3776.1133216636,0.0,-0.16799781319292473,0.16799781319292473,0.0005109727494285533,-328.78037699819646,328.78037699819646
7555,3776.6139354775,0.0,0.0,0.0,0.0005110379362152825,0.0,0.0
7556,3777.1145494255998,0.0,-0.08014691569459971,0.08014691569459971,0.0005111031266679983,-156.81163255074634,156.81163255074634
7557,3777.6151635079,0.0,-0.25,0.18825990286304586,0.0005111683207847344,-489.0756915769066,368.29336875578167
7558,3778.1157777244,0.0,-0.17170897290890583,0.17170897290890583,0.0005112335185634606,-335.8718993844517,335.8718993844517
7559,3778.6163920751,1.0,1.0,1.0,0.0005112987200021489,1955.803840063979,1955.803840063979
7560,3779.11700656,0.0,0.0,0.0,0.0005113639250988207,0.0,0.0
7561,3779.6176211791,0.0,0.0,0.0,0.0005114291338514364,0.0,0.0
7562,3780.1182359324,0.0,0.0,0.0,0.000511494346258023,0.0,0.0
7563,3780.6188508199,0.0,0.0,0.0,0.0005115595623165759,0.0,0.0
7564,3781.1194658416002,0.0,0.0,0.0,0.0005116247820250312,0.0,0.0
7565,3781.6200809975,0.0,0.0,0.0,0.000511690005381429,0.0,0.0
7566,3782.1206962876,0.0,0.0,0.0,0.0005117552323837972,0.0,0.0
7567,3782.6213117119,0.0,-0.13986377402055353,0.09889862305227629,0.0005118204630300682,-273.26725702316605,193.22913051732795
7568,3783.1219272704,0.0,-0.3619953563577466,0.2559693712386034,0.0005118856973182933,-707.1800565129992,500.05181348022757
7569,3783.6225429631,0.0,0.0,0.0,0.0005119509352464435,0.0,0.0
7570,3784.1231587899997,1.0,1.0,1.0,0.0005120161768125309,1953.0632923071473,1953.0632923071473
7571,3784.6237747511,0.0,-0.06621270004814656,0.06621270004814656,0.0005120814220145446,-129.30111736462473,129.30111736462473
7572,3785.1243908464,0.0,-0.18471748260997495,0.18471748260997495,0.0005121466708504905,-360.6730124853218,360.6730124853218
7573,3785.6250070759,2.0,2.0,1.4142135623730951,0.0005122119233183859,3904.6338223501675,2760.9930538341528
7574,3786.1256234395996,0.0,0.0,0.0,0.0005122771794162491,0.0,0.0
7575,3786.6262399375,0.0,0.0,0.0,0.000512342439142057,0.0,0.0
7576,3787.1268565696,0.0,-0.06156024309994926,0.06156024309994926,0.0005124077024938058,-120.13918370146557,120.13918370146557
7577,3787.6274733359,1.0,0.75,1.019576959806568,0.0005124729694695415,1463.4918223615223,1989.523390593513
7578,3788.1280902364,0.0,-0.190301820233843,0.190301820233843,0.000512538240067247,-371.29292091234925,371.29292091234925
7579,3788.6287072710998,0.0,0.0,0.0,0.0005126035142849295,0.0,0.0
7580,3789.12932444,0.0,0.0,0.0,0.0005126687921206193,0.0,0.0
7581,3789.6299417431,0.0,0.0,0.0,0.0005127340735722941,0.0,0.0
7582,3790.1305591804003,0.0,0.0,0.0,0.0005127993586380121,0.0,0.0
7583,3790.6311767518996,0.0,0.0,0.0,0.000512864647315752,0.0,0.0
7584,3791.1317944576,1.0,1.0,1.0,0.0005129299396035371,1949.5839934259593,1949.5839934259593
7585,3791.6324122974997,0.0,0.0,0.0,0.0005129952354993925,0.0,0.0
7586,3792.1330302716,0.0,0.0,0.0,0.0005130605350013195,0.0,0.0
7587,3792.6336483799,0.0,0.0,0.0,0.0005131258381073366,0.0,0.0
7588,3793.1342666224,0.0,0.0,0.0,0.0005131911448154971,0.0,0.0
7589,3793.6348849991,0.0,0.0,0.0,0.0005132564551237687,0.0,0.0
7590,3794.13550351,0.0,0.0,0.0,0.0005133217690301867,0.0,0.0
7591,3794.6361221551,0.0,0.0,0.0,0.0005133870865327878,0.0,0.0
7592,3795.1367409343998,0.0,0.0,0.0,0.0005134524076295736,0.0,0.0
7593,3795.6373598479,0.0,0.0,0.0,0.0005135177323186037,0.0,0.0
7594,3796.1379788956,0.0,0.0,0.0,0.0005135830605978623,0.0,0.0
7595,3796.6385980775,0.0,0.0,0.0,0.0005136483924653638,0.0,0.0
7596,3797.1392173936,0.0,0.0,0.0,0.0005137137279191902,0.0,0.0
7597,3797.6398368439,0.0,0.0,0.0,0.0005137790669573035,0.0,0.0
7598,3798.1404564284,0.0,0.0,0.0,0.000513844409577786,0.0,0.0
7599,3798.6410761471,0.0,0.0,0.0,0.0005139097557786297,0.0,0.0
7600,3799.141696,0.0,0.0,0.0,0.0005139751055578927,0.0,0.0
7601,3799.6423159871,0.0,0.0,0.0,0.0005140404589135735,0.0,0.0
7602,3800.1429361083997,0.0,0.0,0.0,0.0005141058158437366,0.0,0.0
7603,3800.6435563638997,0.0,0.0,0.0,0.0005141711763464017,0.0,0.0
7604,3801.1441767536,0.0,0.0,0.0,0.0005142365404195956,0.0,0.0
7605,3801.6447972775,1.0,1.0,1.0,0.0005143019080613431,1944.3832199057786,1944.3832199057786
7606,3802.1454179355997,0.0,0.0,0.0,0.0005143672792696877,0.0,0.0
7607,3802.6460387279,0.0,0.0,0.0,0.0005144326540426724,0.0,0.0
7608,3803.1466596544,0.0,0.0,0.0,0.0005144980323783515,0.0,0.0
7609,3803.6472807151,0.0,0.0,0.0,0.0005145634142747232,0.0,0.0
7610,3804.14790191,0.0,0.0,0.0,0.0005146287997298524,0.0,0.0
7611,3804.6485232390996,0.0,0.0,0.0,0.0005146941887417775,0.0,0.0
7612,3805.1491447024,0.0,0.0,0.0,0.000514759581308508,0.0,0.0
7613,3805.6497662999,0.0,0.0,0.0,0.0005148249774281379,0.0,0.0
7614,3806.1503880316,1.0,1.0,1.0,0.000514890377098666,1942.1609812070244,1942.1609812070244
7615,3806.6510098975,0.0,0.0,0.0,0.0005149557803181699,0.0,0.0
7616,3807.1516318976,0.0,0.0,0.0,0.0005150211870846584,0.0,0.0
7617,3807.6522540319,1.0,1.0,1.0,0.0005150865973961935,1941.421122302706,1941.421122302706
7618,3808.1528763004,1.0,1.0,1.0,0.0005151520112508526,1941.1746012053347,1941.1746012053347
7619,3808.6534987031,0.0,0.0,0.0,0.0005152174286466345,0.0,0.0
7620,3809.1541212399998,0.0,0.0,0.0,0.0005152828495816052,0.0,0.0
7621,3809.6547439111,0.0,-0.019514476641709255,0.019514476641709255,0.0005153482740538328,-37.86657998911003,37.86657998911003
7622,3810.1553667164,0.0,-0.23142342382087017,0.23142342382087017,0.0005154137020613321,-449.00518339990066,449.00518339990066
7623,3810.6559896559,0.0,0.0,0.0,0.0005154791336021703,0.0,0.0
7624,3811.1566127295996,0.0,0.0,0.0,0.0005155445686744036,0.0,0.0
7625,3811.6572359375,0.0,0.0,0.0,0.0005156100072760934,0.0,0.0
7626,3812.1578592796,0.0,0.0,0.0,0.000515675449405278,0.0,0.0
7627,3812.6584827559,0.0,0.0,0.0,0.0005157408950600135,0.0,0.0
7628,3813.1591063664,0.0,-0.01294593216242873,0.01294593216242873,0.0005158063442383789,-25.098435308205115,25.098435308205115
7629,3813.6597301110996,0.0,-0.23799304871048543,0.23799304871048543,0.0005158717969383849,-461.34146143079624,461.34146143079624
7630,3814.1603539899997,0.0,0.0,0.0,0.0005159372531581157,0.0,0.0
7631,3814.6609780031,0.0,0.0,0.0,0.0005160027128956451,0.0,0.0
7632,3815.1616021504,0.0,0.0,0.0,0.0005160681761490067,0.0,0.0
7633,3815.6622264319,0.0,0.0,0.0,0.0005161336429162681,0.0,0.0
7634,3816.1628508475997,0.0,-0.007309731794071448,0.007309731794071448,0.0005161991131954911,-14.160682587812119,14.160682587812119
7635,3816.6634753975,0.0,-0.24363017512844035,0.24363017512844035,0.000516264586984739,-471.9095232763702,471.9095232763702
7636,3817.1641000816,0.0,0.0,0.0,0.0005163300642820902,0.0,0.0
7637,3817.6647248999,0.0,0.0,0.0,0.0005163955450855733,0.0,0.0
7638,3818.1653498523997,1.0,1.0,1.0,0.0005164610293932795,1936.2545150304277,1936.2545150304277
7639,3818.6659749391,0.0,0.0,0.0,0.0005165265172032824,0.0,0.0
7640,3819.16660016,0.0,0.0,0.0,0.0005165920085136164,0.0,0.0
7641,3819.6672255151,0.0,0.0,0.0,0.0005166575033224012,0.0,0.0
7642,3820.1678510044,0.0,0.0,0.0,0.000516723001627654,0.0,0.0
7643,3820.6684766279,0.0,0.0,0.0,0.0005167885034274489,0.0,0.0
7644,3821.1691023856,0.0,0.0,0.0,0.0005168540087198831,0.0,0.0
7645,3821.6697282775,0.0,0.0,0.0,0.0005169195175030142,0.0,0.0
7646,3822.1703543036,0.0,0.0,0.0,0.0005169850297749219,0.0,0.0
7647,3822.6709804639,0.0,0.0,0.0,0.0005170505455336524,0.0,0.0
7648,3823.1716067584,0.0,0.0,0.0,0.0005171160647773203,0.0,0.0
7649,3823.6722331871,0.0,0.0,0.0,0.0005171815875039719,0.0,0.0
7650,3824.17285975,0.0,0.0,0.0,0.0005172471137116992,0.0,0.0
7651,3824.6734864470995,0.0,0.0,0.0,0.0005173126433985594,0.0,0.0
7652,3825.1741132784,0.0,-0.24036778489080976,0.2403677848908098,0.000517378176562651,-464.5881789753126,464.58817897531264
7653,3825.6747402439,0.0,-0.010574900932326298,0.010574900932326325,0.0005174437132020374,-20.4368140196097,20.436814019609752
7654,3826.1753673436,0.0,0.0,0.0,0.0005175092533148273,0.0,0.0
7655,3826.6759945775,0.0,-0.2375392644233194,0.2375392644233194,0.0005175747968990677,-458.9467374502819,458.9467374502819
7656,3827.1766219456,0.0,-0.013403884397515636,0.013403884397515636,0.000517640343952851,-25.894203483367832,25.894203483367832
7657,3827.6772494479,0.0,0.0,0.0,0.0005177058944742525,0.0,0.0
7658,3828.1778770844,0.0,-0.23470935496688144,0.23470935496688144,0.0005177714484613478,-453.30687055913,453.30687055913
7659,3828.6785048551,1.0,0.9837657431525269,1.0001317668664413,0.0005178370059122631,1899.7594453865775,1931.3640304723474
7660,3829.17913276,0.0,0.0,0.0,0.0005179025668250629,0.0,0.0
7661,3829.6797607990998,0.0,-0.23187805653288676,0.23187805653288676,0.0005179681311978057,-447.66857759504774,447.66857759504774
7662,3830.1803889724,0.0,-0.4809339817286974,0.32714602379803176,0.000518033699028618,-928.3835832118885,631.5149466366262
7663,3830.6810172799,0.0,-0.04002049480996728,0.028298763266568893,0.0005180992703155704,-77.24483917066915,54.620349589244405
7664,3831.1816457216,0.0,0.0,0.0,0.0005181648450567386,0.0,0.0
7665,3831.6822742974996,0.0,0.0,0.0,0.0005182304232502269,0.0,0.0
7666,3832.1829030076,0.0,0.0,0.0,0.0005182960048941395,0.0,0.0
7667,3832.6835318519,0.0,0.0,0.0,0.0005183615899865248,0.0,0.0
7668,3833.1841608304003,0.0,0.0,0.0,0.0005184271785255318,0.0,0.0
7669,3833.6847899430995,0.0,0.0,0.0,0.0005184927705092035,0.0,0.0
7670,3834.1854191899997,0.0,0.0,0.0,0.0005185583659356607,0.0,0.0
7671,3834.6860485711,0.0,-0.22243036372458716,0.22243036372458716,0.000518623964803015,-428.88562584853014,428.88562584853014
7672,3835.1866780864,0.0,-0.028515254353216474,0.028515254353216474,0.0005186895671093137,-54.975569514793975,54.975569514793975
7673,3835.6873077359,0.0,0.0,0.0,0.0005187551728526847,0.0,0.0
7674,3836.1879375196,1.0,1.0,1.0,0.0005188207820312275,1927.447848339681,1927.447848339681
7675,3836.6885674375,0.0,0.0,0.0,0.0005188863946430357,0.0,0.0
7676,3837.1891974896,0.0,0.0,0.0,0.0005189520106862081,0.0,0.0
7677,3837.6898276759002,0.0,0.0,0.0,0.0005190176301588398,0.0,0.0
7678,3838.1904579964003,0.0,0.0,0.0,0.0005190832530590524,0.0,0.0
7679,3838.6910884511,0.0,-0.21486109802311124,0.21486109802311124,0.0005191488793849232,-413.87183244558713,413.87183244558713
7680,3839.19171904,0.0,-0.03608575464364128,0.03608575464364128,0.0005192145091345799,-69.50066688966098,69.50066688966098
7681,3839.6923497631,0.0,0.0,0.0,0.0005192801423061059,0.0,0.0
7682,3840.1929806204002,0.0,0.0,0.0,0.0005193457788976007,0.0,0.0
7683,3840.6936116119,0.0,0.0,0.0,0.000519411418907199,0.0,0.0
7684,3841.1942427376,0.0,-0.21012529147539677,0.21012529147539677,0.0005194770623329715,-404.4938780005494,404.4938780005494
7685,3841.6948739975,1.0,0.9591776672040188,1.000832884579092,0.0005195427091730649,1846.1959917226113,1926.3726868038955
7686,3842.1955053916,0.0,0.0,0.0,0.0005196083594255727,0.0,0.0
7687,3842.6961369199003,0.0,-0.20728195570219093,0.2072819557021909,0.0005196740130885848,-398.86919584500595,398.8691958450059
7688,3843.1967685823997,0.0,-0.04366613152750948,0.04366613152750948,0.0005197396701602578,-84.01539084758598,84.01539084758598
7689,3843.6974003791,1.0,0.7946143730750721,1.0208737707216038,0.0005198053306386241,1528.6768454236937,1963.9540238407624
7690,3844.19803231,0.0,-0.04556276894113309,0.04556276894113309,0.0005198709945218807,-87.64245249542464,87.64245249542464
7691,3844.6986643751,0.0,0.0,0.0,0.0005199366618081113,0.0,0.0
7692,3845.1992965744,0.0,0.0,0.0,0.0005200023324954052,0.0,0.0
7693,3845.6999289079,0.0,0.0,0.0,0.0005200680065819031,0.0,0.0
7694,3846.2005613756,0.0,-0.2006421044227135,0.2006421044227135,0.0005201336840657226,-385.7510301089459,385.7510301089459
7695,3846.7011939775,0.0,-0.050307063027382526,0.050307063027382526,0.0005201993649449763,-96.70727497466999,96.70727497466999
7696,3847.2018267136,0.0,0.0,0.0,0.000520265049217753,0.0,0.0
7697,3847.7024595839,0.0,0.0,0.0,0.0005203307368822061,0.0,0.0
7698,3848.2030925884,0.0,0.0,0.0,0.000520396427936447,0.0,0.0
7699,3848.7037257271,0.0,0.0,0.0,0.0005204621223786001,0.0,0.0
7700,3849.2043590000003,0.0,0.0,0.0,0.0005205278202067664,0.0,0.0
7701,3849.7049924071,0.0,0.0,0.0,0.0005205935214190875,0.0,0.0
7702,3850.2056259483998,0.0,0.0,0.0,0.0005206592260136985,0.0,0.0
7703,3850.7062596238998,0.0,0.0,0.0,0.0005207249339886838,0.0,0.0
7704,3851.2068934336003,0.0,0.0,0.0,0.0005207906453422019,0.0,0.0
7705,3851.7075273775004,0.0,0.0,0.0,0.0005208563600723773,0.0,0.0
7706,3852.2081614556,0.0,0.0,0.0,0.0005209220781773002,0.0,0.0
7707,3852.7087956678997,0.0,0.0,0.0,0.0005209877996551407,0.0,0.0
7708,3853.2094300144,0.0,0.0,0.0,0.0005210535245040115,0.0,0.0
7709,3853.7100644951,0.0,0.0,0.0,0.0005211192527220036,0.0,0.0
7710,3854.21069911,0.0,0.0,0.0,0.0005211849843073271,0.0,0.0
7711,3854.7113338591,0.0,0.0,0.0,0.0005212507192580609,0.0,0.0
7712,3855.2119687424,0.0,0.0,0.0,0.0005213164575723361,0.0,0.0
7713,3855.7126037599,2.0,2.0,1.4142135623730951,0.0005213821992483164,3835.957581373945,2712.431618133464
7714,3856.2132389116,0.0,0.0,0.0,0.0005214479442841108,0.0,0.0
7715,3856.7138741975,0.0,0.0,0.0,0.0005215136926778385,0.0,0.0
7716,3857.2145096176,0.0,-0.17972477425676314,0.17972477425676314,0.0005215794444276586,-344.57794718881104,344.57794718881104
7717,3857.7151451719,0.0,-0.0712277880408009,0.0712277880408009,0.0005216451995317304,-136.5445097639939,136.5445097639939
7718,3858.2157808604,0.0,-0.1778194953550586,0.1778194953550586,0.000521710957988133,-340.8391037841749,340.8391037841749
7719,3858.7164166831,0.0,-0.07313337555531207,0.07313337555531205,0.0005217767197950332,-140.16220498308294,140.1622049830829
7720,3859.21705264,0.0,0.0,0.0,0.0005218424849506119,0.0,0.0
7721,3859.7176887310998,0.0,0.0,0.0,0.000521908253452927,0.0,0.0
7722,3860.2183249564,0.0,0.0,0.0,0.0005219740253001832,0.0,0.0
7723,3860.7189613159003,0.0,0.0,0.0,0.0005220398004904843,0.0,0.0
7724,3861.2195978095997,0.0,0.0,0.0,0.0005221055790220062,0.0,0.0
7725,3861.7202344375,0.0,0.0,0.0,0.0005221713608928583,0.0,0.0
7726,3862.2208711996,0.0,0.0,0.0,0.0005222371461012224,0.0,0.0
7727,3862.7215080959,0.0,0.0,0.0,0.0005223029346452144,0.0,0.0
7728,3863.2221451264,0.0,0.0,0.0,0.0005223687265229938,0.0,0.0
7729,3863.7227822911,0.0,0.0,0.0,0.0005224345217326919,0.0,0.0
7730,3864.22341959,0.0,-0.16637486034828247,0.16637486034828247,0.0005225003202724809,-318.4205901759427,318.4205901759427
7731,3864.7240570231,0.0,-0.0845798622029156,0.0845798622029156,0.0005225661221404812,-161.85485170081125,161.85485170081125
7732,3865.2246945904003,0.0,0.0,0.0,0.0005226319273348586,0.0,0.0
7733,3865.7253322918996,0.0,0.0,0.0,0.0005226977358537797,0.0,0.0
7734,3866.2259701276,0.0,0.0,0.0,0.000522763547695354,0.0,0.0
7735,3866.7266080975,0.0,0.0,0.0,0.0005228293628577756,0.0,0.0
7736,3867.2272462016,0.0,0.0,0.0,0.000522895181339177,0.0,0.0
7737,3867.7278844398998,0.0,0.0,0.0,0.0005229610031377019,0.0,0.0
7738,3868.2285228123997,0.0,-0.15873275954113406,0.15873275954113406,0.0005230268282515281,-303.48875232992464,303.48875232992464
7739,3868.7291613191,0.0,-0.0922231974041105,0.0922231974041105,0.0005230926566788061,-176.3037508300144,176.3037508300144
7740,3869.22979996,0.0,0.0,0.0,0.0005231584884176951,0.0,0.0
7741,3869.7304387351,0.0,-0.15586442581301926,0.1558644258130193,0.0005232243234663121,-297.8921636907704,297.8921636907705
7742,3870.2310776443996,0.0,-0.09509199402372387,0.09509199402372387,0.0005232901618228853,-181.71943782101727,181.71943782101727
7743,3870.7317166878997,0.0,0.0,0.0,0.0005233560034855202,0.0,0.0
7744,3871.2323558656,0.0,0.0,0.0,0.0005234218484524058,0.0,0.0
7745,3871.7329951775,0.0,0.0,0.0,0.0005234876967216635,0.0,0.0
7746,3872.2336346235998,0.0,0.0,0.0,0.0005235535482915062,0.0,0.0
7747,3872.7342742039,0.0,-0.15012359235889303,0.15012359235889303,0.000523619403160067,-286.7036466809486,286.7036466809486
7748,3873.2349139184,0.0,-0.10083375324871596,0.10083375324871599,0.0005236852613255069,-192.54647914568815,192.5464791456882
7749,3873.7355537671,0.0,0.0,0.0,0.0005237511227860054,0.0,0.0
7750,3874.23619375,0.0,0.0,0.0,0.0005238169875397284,0.0,0.0
7751,3874.7368338671,0.0,-0.14629328416808351,0.14629328416808351,0.0005238828555848333,-279.2480849650442,279.2480849650442
7752,3875.2374741184,0.0,-0.10466467861189194,0.10466467861189194,0.0005239487269194815,-199.76129959750128,199.76129959750128
7753,3875.7381145039,0.0,0.0,0.0,0.0005240146015418579,0.0,0.0
7754,3876.2387550236,0.0,0.0,0.0,0.0005240804794501182,0.0,0.0
7755,3876.7393956775004,0.0,0.0,0.0,0.0005241463606424359,0.0,0.0
7756,3877.2400364656,0.0,0.0,0.0,0.0005242122451169562,0.0,0.0
7757,3877.7406773878997,0.0,0.0,0.0,0.0005242781328718978,0.0,0.0
7758,3878.2413184444,0.0,0.0,0.0,0.0005243440239054009,0.0,0.0
7759,3878.7419596351,0.0,0.0,0.0,0.0005244099182156554,0.0,0.0
7760,3879.24260096,0.0,-0.13766606466858577,0.13766606466858577,0.0005244758158008297,-262.483150835814,262.483150835814
7761,3879.7432424190997,0.0,-0.11329328672522365,0.11329328672522365,0.0005245417166590975,-215.9852746256473,215.9852746256473
7762,3880.2438840124,0.0,0.0,0.0,0.0005246076207886275,0.0,0.0
7763,3880.7445257399,0.0,0.0,0.0,0.0005246735281876098,0.0,0.0
7764,3881.2451676016003,0.0,0.0,0.0,0.0005247394388541906,0.0,0.0
7765,3881.7458095975,0.0,0.0,0.0,0.0005248053527865834,0.0,0.0
7766,3882.2464517276,0.0,0.0,0.0,0.0005248712699829684,0.0,0.0
7767,3882.7470939919,0.0,0.0,0.0,0.0005249371904415024,0.0,0.0
7768,3883.2477363904,0.0,0.0,0.0,0.000525003114160377,0.0,0.0
7769,3883.7483789230996,0.0,-0.12902634777847513,0.12902634777847513,0.0005250690411377946,-245.73215647771272,245.73215647771272
7770,3884.2490215899998,0.0,-0.12193439219555785,0.12193439219555785,0.0005251349713718903,-232.1962901785231,232.1962901785231
7771,3884.7496643911,0.0,-0.127104713545698,0.127104713545698,0.000525200904860867,-242.0116042628864,242.0116042628864
7772,3885.2503073264,2.0,1.8761436650027599,1.419626849463953,0.0005252668416029443,3571.791547468287,2702.6774527242414
7773,3885.7509503959,0.0,0.0,0.0,0.0005253327815962516,0.0,0.0
7774,3886.2515935996,0.0,0.0,0.0,0.0005253987248390206,0.0,0.0
7775,3886.7522369375,0.0,0.0,0.0,0.000525464671329403,0.0,0.0
7776,3887.2528804096,0.0,0.0,0.0,0.0005255306210656078,0.0,0.0
7777,3887.7535240159,0.0,0.0,0.0,0.0005255965740458154,0.0,0.0
7778,3888.2541677564,0.0,0.0,0.0,0.0005256625302682297,0.0,0.0
7779,3888.7548116311,0.0,0.0,0.0,0.0005257284897310198,0.0,0.0
7780,3889.25545564,1.0,1.0,1.0,0.0005257944524324173,1901.8838927908516,1901.8838927908516
7781,3889.7560997831,0.0,-0.11748728539313062,0.11748728539313062,0.0005258604183705638,-223.41914563027552,223.41914563027552
7782,3890.2567440604003,0.0,-0.25,0.17718256579740868,0.0005259263875436513,-475.351695448539,336.8961322228821
7783,3890.7573884719,0.0,-0.25,0.17727987374901233,0.0005259923599499175,-475.2920746297604,337.0388759370803
7784,3891.2580330175997,0.0,-0.13540095153398124,0.13540095153398124,0.0005260583355875212,-257.3877123014513,257.3877123014513
7785,3891.7586776975,0.0,0.0,0.0,0.0005261243144546883,0.0,0.0
7786,3892.2593225116,0.0,0.0,0.0,0.0005261902965495668,0.0,0.0
7787,3892.7599674598996,0.0,-0.11170942302941932,0.11170942302941933,0.0005262562818704052,-212.27190416119092,212.27190416119095
7788,3893.2606125424,0.0,-0.13925409400505045,0.13925409400505045,0.0005263222704153683,-264.5795206331522,264.5795206331522
7789,3893.7612577591,0.0,0.0,0.0,0.0005263882621826661,0.0,0.0
7790,3894.2619031100003,0.0,0.0,0.0,0.0005264542571705135,0.0,0.0
7791,3894.7625485951003,0.0,0.0,0.0,0.0005265202553770979,0.0,0.0
7792,3895.2631942144,0.0,0.0,0.0,0.0005265862568006076,0.0,0.0
7793,3895.7638399679,0.0,0.0,0.0,0.0005266522614392512,0.0,0.0
7794,3896.2644858556,0.0,0.0,0.0,0.0005267182692912451,0.0,0.0
7795,3896.7651318775,0.0,0.0,0.0,0.0005267842803547998,0.0,0.0
7796,3897.2657780336,0.0,0.0,0.0,0.0005268502946280799,0.0,0.0
7797,3897.7664243238996,0.0,0.0,0.0,0.0005269163121093242,0.0,0.0
7798,3898.2670707484,0.0,0.0,0.0,0.0005269823327967261,0.0,0.0
7799,3898.7677173071,1.0,1.0,1.0,0.0005270483566885018,1897.359108153,1897.359108153
7800,3899.268364,0.0,0.0,0.0,0.000527114383782867,0.0,0.0
7801,3899.7690108271,0.0,-0.09820614546643502,0.09820614546643502,0.0005271804140779877,-186.28564879101717,186.28564879101717
7802,3900.2696577884,0.0,-0.25,0.18108335972256082,0.0005272464475721365,-474.16156363157984,343.4510759748371
7803,3900.7703048839,0.0,-0.15372536256164426,0.15372536256164426,0.0005273124842634789,-291.52611999383896,291.52611999383896
7804,3901.2709521136003,0.0,0.0,0.0,0.0005273785241502372,0.0,0.0
7805,3901.7715994775,0.0,0.0,0.0,0.0005274445672306333,0.0,0.0
7806,3902.2722469756,0.0,-0.09337621836449439,0.0933762183644944,0.0005275106135028615,-177.01296613624982,177.01296613624984
7807,3902.7728946079,0.0,-0.25,0.18268619588124838,0.0005275766629651608,-473.8647812716255,346.27421701045233
7808,3903.2735423744,0.0,-0.15855683236772017,0.15855683236772017,0.0005276427156157142,-300.5003720798037,300.5003720798037
7809,3903.7741902751,0.0,0.0,0.0,0.0005277087714527725,0.0,0.0
7810,3904.2748383099997,0.0,0.0,0.0,0.0005277748304745241,0.0,0.0
7811,3904.7754864791,0.0,0.0,0.0,0.0005278408926792145,0.0,0.0
7812,3905.2761347824,0.0,0.0,0.0,0.0005279069580650385,0.0,0.0
7813,3905.7767832199,0.0,-0.0866078411016138,0.0866078411016138,0.0005279730266302291,-164.03838213930277,164.03838213930277
7814,3906.2774317915996,0.0,-0.16435968700716835,0.16435968700716835,0.0005280390983729819,-311.26423689761026,311.26423689761026
7815,3906.7780804975,0.0,0.0,0.0,0.0005281051732915471,0.0,0.0
7816,3907.2787293376,0.0,0.0,0.0,0.0005281712513841202,0.0,0.0
7817,3907.7793783119,0.0,0.0,0.0,0.0005282373326489408,0.0,0.0
7818,3908.2800274204,0.0,0.0,0.0,0.0005283034170842434,0.0,0.0
7819,3908.7806766630997,0.0,0.0,0.0,0.0005283695046882232,0.0,0.0
7820,3909.28132604,0.0,-0.07983190475962283,0.07983190475962283,0.0005284355954591316,-151.07215608793504,151.07215608793504
7821,3909.7819755511,0.0,-0.17113670320568053,0.17113670320568053,0.0005285016893951802,-323.8148650036108,323.8148650036108
7822,3910.2826251964,0.0,0.0,0.0,0.0005285677864945816,0.0,0.0
7823,3910.7832749758995,0.0,0.0,0.0,0.0005286338867555982,0.0,0.0
7824,3911.2839248896,0.0,0.0,0.0,0.0005286999901764147,0.0,0.0
7825,3911.7845749375,0.0,0.0,0.0,0.0005287660967552937,0.0,0.0
7826,3912.2852251196,0.0,0.0,0.0,0.0005288322064904594,0.0,0.0
7827,3912.7858754359,0.0,0.0,0.0,0.0005288983193801577,0.0,0.0
7828,3913.2865258864,0.0,0.0,0.0,0.0005289644354225787,0.0,0.0
7829,3913.7871764711,0.0,0.0,0.0,0.00052903055461598,0.0,0.0
7830,3914.28782719,0.0,0.0,0.0,0.0005290966769586027,0.0,0.0
7831,3914.7884780431,0.0,0.0,0.0,0.0005291628024486423,0.0,0.0
7832,3915.2891290303996,0.0,-0.06819842786690943,0.06819842786690943,0.0005292289310843966,-128.86375604442108,128.86375604442108
7833,3915.7897801519,0.0,-0.25,0.19474397342648697,0.0005292950628640446,-472.3263403350794,367.93083308337816
7834,3916.2904314076,1.0,0.8162573554051682,1.0167405566036514,0.0005293611977858554,1541.9667305033038,1920.6933958445468
7835,3916.7910827975,0.0,0.0,0.0,0.0005294273358480425,0.0,0.0
7836,3917.2917343216,0.0,0.0,0.0,0.0005294934770488692,0.0,0.0
7837,3917.7923859799,0.0,0.0,0.0,0.0005295596213865663,0.0,0.0
7838,3918.2930377723997,0.0,0.0,0.0,0.000529625768859346,0.0,0.0
7839,3918.7936896991,0.0,0.0,0.0,0.0005296919194655017,0.0,0.0
7840,3919.29434176,0.0,0.0,0.0,0.0005297580732032407,0.0,0.0
7841,3919.7949939551004,0.0,0.0,0.0,0.0005298242300707935,0.0,0.0
7842,3920.2956462844,0.0,0.0,0.0,0.0005298903900664408,0.0,0.0
7843,3920.7962987479,1.0,1.0,1.0,0.0005299565531883967,1886.9471355409494,1886.9471355409494
7844,3921.2969513456,0.0,0.0,0.0,0.0005300227194349201,0.0,0.0
7845,3921.7976040775,0.0,0.0,0.0,0.0005300888888042525,0.0,0.0
7846,3922.2982569436,0.0,0.0,0.0,0.0005301550612946248,0.0,0.0
7847,3922.7989099439,0.0,0.0,0.0,0.0005302212369043132,0.0,0.0
7848,3923.2995630784,0.0,0.0,0.0,0.0005302874156315481,0.0,0.0
7849,3923.8002163471,0.0,0.0,0.0,0.0005303535974745721,0.0,0.0
7850,3924.30086975,0.0,0.0,0.0,0.0005304197824316555,0.0,0.0
7851,3924.8015232871,0.0,0.0,0.0,0.0005304859705010408,0.0,0.0
7852,3925.3021769583997,0.0,0.0,0.0,0.0005305521616809925,0.0,0.0
7853,3925.8028307639,0.0,0.0,0.0,0.0005306183559697315,0.0,0.0
7854,3926.3034847036,0.0,0.0,0.0,0.0005306845533655107,0.0,0.0
7855,3926.8041387774997,0.0,0.0,0.0,0.0005307507538666243,0.0,0.0
7856,3927.3047929855998,0.0,0.0,0.0,0.0005308169574712973,0.0,0.0
7857,3927.8054473279,0.0,0.0,0.0,0.0005308831641777899,0.0,0.0
7858,3928.3061018044,0.0,0.0,0.0,0.0005309493739843559,0.0,0.0
7859,3928.8067564151,1.0,1.0,1.0,0.0005310155868892555,1883.1838926953235,1883.1838926953235
7860,3929.30741116,0.0,0.0,0.0,0.0005310818028907543,0.0,0.0
7861,3929.8080660390997,0.0,0.0,0.0,0.0005311480219870839,0.0,0.0
7862,3930.3087210524,0.0,-0.03901755397260826,0.03901755397260826,0.0005312142441765489,-73.44975101917784,73.44975101917784
7863,3930.8093761999003,0.0,-0.21195753270956916,0.21195753270956916,0.0005312804694573764,-398.9560032689553,398.9560032689553
7864,3931.3100314815997,0.0,0.0,0.0,0.0005313466978278378,0.0,0.0
7865,3931.8106868974996,0.0,0.0,0.0,0.0005314129292861705,0.0,0.0
7866,3932.3113424476,0.0,0.0,0.0,0.0005314791638306908,0.0,0.0
7867,3932.8119981319,0.0,0.0,0.0,0.0005315454014596035,0.0,0.0
7868,3933.3126539504,1.0,1.0,1.0,0.0005316116421712195,1881.0724233122112,1881.0724233122112
7869,3933.8133099030997,0.0,-0.032188708038359444,0.032188708038359444,0.0005316778859637878,-60.54174696397245,60.54174696397245
7870,3934.31396599,1.0,0.7812125416407061,1.0236542150234715,0.0005317441328355468,1469.1512202962335,1925.0879357423175
7871,3934.8146222111,0.0,0.0,0.0,0.0005318103827848191,0.0,0.0
7872,3935.3152785664,0.0,0.0,0.0,0.0005318766358098315,0.0,0.0
7873,3935.8159350559,1.0,1.0,1.0,0.0005319428919088728,1879.901048045793,1879.901048045793
7874,3936.3165916795997,0.0,0.0,0.0,0.0005320091510801765,0.0,0.0
7875,3936.8172484375,0.0,0.0,0.0,0.0005320754133220702,0.0,0.0
7876,3937.3179053296,0.0,0.0,0.0,0.0005321416786327701,0.0,0.0
7877,3937.8185623559,0.0,0.0,0.0,0.0005322079470105826,0.0,0.0
7878,3938.3192195163997,0.0,0.0,0.0,0.0005322742184537691,0.0,0.0
7879,3938.8198768110997,0.0,0.0,0.0,0.0005323404929605956,0.0,0.0
7880,3939.32053424,0.0,-0.021442394343638562,0.02144239434363856,0.0005324067705293463,-40.27445842268202,40.27445842268201
7881,3939.8211918031,0.0,-0.22953546870896208,0.22953546870896208,0.0005324730511582885,-431.07433927342163,431.07433927342163
7882,3940.3218495004,0.0,0.0,0.0,0.000532539334845712,0.0,0.0
7883,3940.8225073319,0.0,0.0,0.0,0.0005326056215898887,0.0,0.0
7884,3941.3231652976,1.0,1.0,1.0,0.0005326719113890806,1877.3281988761896,1877.3281988761896
7885,3941.8238233975,0.0,0.0,0.0,0.0005327382042415947,0.0,0.0
7886,3942.3244816316,0.0,0.0,0.0,0.000532804500145681,0.0,0.0
7887,3942.8251399999,0.0,-0.014594113973200566,0.014594113973200566,0.0005328707990996298,-27.38771574246449,27.38771574246449
7888,3943.3257985023997,0.0,-0.23638482874316344,0.23638482874316344,0.0005329371011017306,-443.5510837104221,443.5510837104221
7889,3943.8264571391,0.0,0.0,0.0,0.0005330034061502345,0.0,0.0
7890,3944.32711591,0.0,0.0,0.0,0.0005330697142434766,0.0,0.0
7891,3944.8277748151,0.0,0.0,0.0,0.0005331360253796853,0.0,0.0
7892,3945.3284338544,0.0,0.0,0.0,0.0005332023395571897,0.0,0.0
7893,3945.8290930279,0.0,-0.008718144144758536,0.008718144144758537,0.0005332686567742185,-16.34850283062806,16.348502830628064
7894,3946.3297523356,0.0,-0.25,0.2423852797140445,0.0005333349770291357,-468.74855534993856,454.4709988161965
7895,3946.8304117775,0.0,-0.2432417463406109,0.2432417463406109,0.0005334013003201754,-456.02016004573755,456.02016004573755
7896,3947.3310713536,1.0,0.9942219229332714,1.0000166929479672,0.0005334676266456048,1863.696826712517,1874.5592853234223
7897,3947.8317310639,0.0,-0.24520225375846608,0.24520225375846608,0.0005335339560037779,-459.5813462278113,459.5813462278113
7898,3948.3323909084,0.0,0.0,0.0,0.0005336002883929221,0.0,0.0
7899,3948.8330508871,0.0,0.0,0.0,0.0005336666238113622,0.0,0.0
7900,3949.3337109999998,0.0,0.0,0.0,0.0005337329622573843,0.0,0.0
7901,3949.8343712470996,0.0,0.0,0.0,0.0005337993037292444,0.0,0.0
7902,3950.3350316284,0.0,0.0,0.0,0.0005338656482252733,0.0,0.0
7903,3950.8356921439,0.0,0.0,0.0,0.0005339319957437677,0.0,0.0
7904,3951.3363527936003,0.0,0.0,0.0,0.0005339983462829848,0.0,0.0
7905,3951.8370135775,0.0,0.0,0.0,0.0005340646998412612,0.0,0.0
7906,3952.3376744956,0.0,-0.24596782481897594,0.24596782481897594,0.0005341310564168537,-460.5008861851584,460.5008861851584
7907,3952.8383355479,0.0,-0.005014049185277231,0.005014049185277258,0.0005341974160080939,-9.386135228331506,9.386135228331558
7908,3953.3389967344,0.0,0.0,0.0,0.0005342637786132439,0.0,0.0
7909,3953.8396580551,0.0,0.0,0.0,0.0005343301442306238,0.0,0.0
7910,3954.34031951,0.0,0.0,0.0,0.0005343965128585193,0.0,0.0
7911,3954.8409810990997,0.0,0.0,0.0,0.0005344628844952454,0.0,0.0
7912,3955.3416428224,0.0,-0.2400742673770927,0.24007426737709267,0.0005345292591390923,-449.1321349999699,449.1321349999699
7913,3955.8423046799003,0.0,-0.010908531990724835,0.010908531990724862,0.0005345956367883642,-20.405202063112434,20.405202063112483
7914,3956.3429666715997,0.0,0.0,0.0,0.0005346620174413637,0.0,0.0
7915,3956.8436287975,0.0,0.0,0.0,0.000534728401096348,0.0,0.0
7916,3957.3442910576,0.0,0.0,0.0,0.0005347947877516892,0.0,0.0
7917,3957.8449534519,0.0,0.0,0.0,0.0005348611774056617,0.0,0.0
7918,3958.3456159804,0.0,0.0,0.0,0.0005349275700565801,0.0,0.0
7919,3958.8462786430996,0.0,0.0,0.0,0.000534993965702708,0.0,0.0
7920,3959.34694144,0.0,0.0,0.0,0.0005350603643424059,0.0,0.0
7921,3959.8476043711,0.0,0.0,0.0,0.0005351267659739768,0.0,0.0
7922,3960.3482674364,0.0,0.0,0.0,0.0005351931705956903,0.0,0.0
7923,3960.8489306358997,0.0,-0.2292549919778563,0.2292549919778563,0.0005352595782058615,-428.3061925697751,428.3061925697751
7924,3961.3495939696,0.0,-0.02172950385123326,0.02172950385123326,0.0005353259888028454,-40.591161844817506,40.591161844817506
7925,3961.8502574374997,0.0,0.0,0.0,0.0005353924023848827,0.0,0.0
7926,3962.3509210396,0.0,-0.2263010418267341,0.2263010418267341,0.0005354588189503569,-422.63015159661563,422.63015159661563
7927,3962.8515847759004,0.0,-0.4753160833350267,0.319599703630646,0.0005355252384975149,-887.5699017820098,596.7967159257034
7928,3963.3522486464,0.0,-0.051338058754468285,0.03630148947823789,0.0005355916610247011,-95.85298370076866,67.77829477177707
7929,3963.8529126511,0.0,0.0,0.0,0.0005356580865302468,0.0,0.0
7930,3964.35357679,0.0,0.0,0.0,0.0005357245150124448,0.0,0.0
7931,3964.8542410631003,0.0,0.0,0.0,0.0005357909464696055,0.0,0.0
7932,3965.3549054704,0.0,0.0,0.0,0.0005358573809000383,0.0,0.0
7933,3965.8555700119,0.0,0.0,0.0,0.000535923818302076,0.0,0.0
7934,3966.3562346876,0.0,0.0,0.0,0.0005359902586740336,0.0,0.0
7935,3966.8568994975,0.0,-0.21743086351214633,0.21743086351214633,0.0005360567020142274,-405.61168752326415,405.61168752326415
7936,3967.3575644416,0.0,-0.03355548294518754,0.03355548294518751,0.0005361231483209727,-62.58913283314925,62.5891328331492
7937,3967.8582295199,0.0,0.0,0.0,0.0005361895975926088,0.0,0.0
7938,3968.3588947324,0.0,0.0,0.0,0.0005362560498274336,0.0,0.0
7939,3968.8595600791,0.0,0.0,0.0,0.000536322505023746,0.0,0.0
7940,3969.36022556,0.0,0.0,0.0,0.0005363889631799303,0.0,0.0
7941,3969.8608911751,0.0,0.0,0.0,0.0005364554242942521,0.0,0.0
7942,3970.3615569244,0.0,0.0,0.0,0.0005365218883650609,0.0,0.0
7943,3970.8622228079,0.0,0.0,0.0,0.0005365883553906895,0.0,0.0
7944,3971.3628888256,0.0,0.0,0.0,0.0005366548253694322,0.0,0.0
7945,3971.8635549775004,0.0,0.0,0.0,0.0005367212982996559,0.0,0.0
7946,3972.3642212635996,0.0,0.0,0.0,0.000536787774179643,0.0,0.0
7947,3972.8648876838997,0.0,0.0,0.0,0.0005368542530077552,0.0,0.0
7948,3973.3655542384,0.0,0.0,0.0,0.000536920734782292,0.0,0.0
7949,3973.8662209271,0.0,0.0,0.0,0.0005369872195016094,0.0,0.0
7950,3974.36688775,0.0,0.0,0.0,0.0005370537071640247,0.0,0.0
7951,3974.8675547070998,0.0,0.0,0.0,0.0005371201977678873,0.0,0.0
7952,3975.3682217984,0.0,0.0,0.0,0.0005371866913114868,0.0,0.0
7953,3975.8688890239,0.0,-0.39930606502387705,0.2823520263473,0.0005372531877931905,-743.2362880228928,525.5474192849056
7954,3976.3695563836,0.0,-0.10267217955335045,0.07260019440137694,0.0005373196872113262,-191.08210995620897,135.11545571346895
7955,3976.8702238775,0.0,0.0,0.0,0.0005373861895642057,0.0,0.0
7956,3977.3708915056,0.0,0.0,0.0,0.0005374526948501906,0.0,0.0
7957,3977.8715592679,0.0,-0.19569561810539118,0.19569561810539116,0.0005375192030676158,-364.07186383027545,364.0718638302754
7958,3978.3722271644,0.0,-0.055294121016586206,0.055294121016586206,0.0005375857142147862,-102.85638095378047,102.85638095378047
7959,3978.8728951950998,0.0,0.0,0.0,0.0005376522282900763,0.0,0.0
7960,3979.37356336,0.0,-0.19272593811808472,0.19272593811808472,0.0005377187452917855,-358.4140218386932,358.4140218386932
7961,3979.8742316591,0.0,-0.058264263624291684,0.05826426362429171,0.0005377852652182883,-108.34113054518531,108.34113054518537
7962,3980.3749000924,0.0,-0.19074538042699646,0.19074538042699646,0.0005378517880678907,-354.6430162707194,354.6430162707194
7963,3980.8755686599,0.0,-0.060245129727014624,0.060245129727014624,0.000537918313838961,-111.99679984320161,111.99679984320161
7964,3981.3762373615996,0.0,0.0,0.0,0.0005379848425298275,0.0,0.0
7965,3981.8769061975,0.0,0.0,0.0,0.0005380513741388195,0.0,0.0
7966,3982.3775751676,0.0,0.0,0.0,0.0005381179086643168,0.0,0.0
7967,3982.8782442719003,0.0,0.0,0.0,0.0005381844461046254,0.0,0.0
7968,3983.3789135104,0.0,0.0,0.0,0.0005382509864581031,0.0,0.0
7969,3983.8795828831,0.0,-0.18380857105256057,0.18380857105256057,0.0005383175297230955,-341.4500938639498,341.4500938639498
7970,3984.38025239,0.0,-0.06718301852934741,0.06718301852934738,0.0005383840758979155,-124.7864146377282,124.78641463772814
7971,3984.8809220311,0.0,0.0,0.0,0.0005384506249809702,0.0,0.0
7972,3985.3815918064,0.0,0.0,0.0,0.0005385171769705735,0.0,0.0
7973,3985.8822617159,0.0,0.0,0.0,0.0005385837318650704,0.0,0.0
7974,3986.3829317596,0.0,0.0,0.0,0.000538650289662796,0.0,0.0
7975,3986.8836019375,0.0,0.0,0.0,0.0005387168503621484,0.0,0.0
7976,3987.3842722496,0.0,0.0,0.0,0.0005387834139614231,0.0,0.0
7977,3987.8849426958996,0.0,0.0,0.0,0.000538849980458977,0.0,0.0
7978,3988.3856132764,0.0,0.0,0.0,0.0005389165498532034,0.0,0.0
7979,3988.8862839911,0.0,0.0,0.0,0.0005389831221424252,0.0,0.0
7980,3989.38695484,0.0,0.0,0.0,0.0005390496973249952,0.0,0.0
7981,3989.8876258231003,0.0,0.0,0.0,0.0005391162753992826,0.0,0.0
7982,3990.3882969404,0.0,0.0,0.0,0.0005391828563635893,0.0,0.0
7983,3990.8889681919,0.0,0.0,0.0,0.0005392494402163407,0.0,0.0
7984,3991.3896395776,0.0,0.0,0.0,0.0005393160269558623,0.0,0.0
7985,3991.8903110975,0.0,0.0,0.0,0.0005393826165804831,0.0,0.0
7986,3992.3909827516,0.0,0.0,0.0,0.0005394492090886242,0.0,0.0
7987,3992.8916545398997,0.0,0.0,0.0,0.0005395158044786161,0.0,0.0
7988,3993.3923264624,0.0,0.0,0.0,0.000539582402748788,0.0,0.0
7989,3993.8929985191,1.0,1.0,1.0,0.0005396490038975165,1853.056325088497,1853.056325088497
7990,3994.39367071,0.0,0.0,0.0,0.0005397156079231652,0.0,0.0
7991,3994.8943430350996,0.0,0.0,0.0,0.0005397822148241043,0.0,0.0
7992,3995.3950154944,0.0,-0.16096299820575732,0.1609629982057573,0.0005398488245986871,-298.1630983922472,298.16309839224715
7993,3995.8956880879,0.0,-0.09003213792568138,0.09003213792568138,0.0005399154372452836,-166.7522943686083,166.7522943686083
7994,3996.3963608156,0.0,0.0,0.0,0.0005399820527622358,0.0,0.0
7995,3996.8970336775,0.0,0.0,0.0,0.0005400486711479418,0.0,0.0
7996,3997.3977066735997,0.0,-0.15698152852462993,0.15698152852462993,0.0005401152924007383,-290.6444804161508,290.6444804161508
7997,3997.8983798039,0.0,-0.09401422437571427,0.09401422437571427,0.0005401819165190179,-174.0417838893064,174.0417838893064
7998,3998.3990530684,1.0,1.0,1.0,0.000540248543501118,1850.9999000079313,1850.9999000079313
7999,3998.8997264671,0.0,0.0,0.0,0.000540315173345414,0.0,0.0
8000,3999.4004,0.0,-0.15299759177773686,0.15299759177773686,0.0005403818060503047,-283.1286880215471,283.1286880215471
8001,3999.9010736671,0.0,-0.09799877788495134,0.09799877788495134,0.0005404484416140937,-181.32863440640133,181.32863440640133
8002,4000.4017474684,0.0,0.0,0.0,0.0005405166217408002,0.0,0.0
8003,4000.9024214039,0.0,0.0,0.0,0.0005405851845739928,0.0,0.0
8004,4001.4030954736004,0.0,0.0,0.0,0.0005406537505065325,0.0,0.0
8005,4001.9037696775,0.0,-0.1480142015728752,0.1480142015728752,0.0005407223195367586,-273.73421851659504,273.73421851659504
8006,4002.4044440156,0.0,-0.10298293903350553,0.10298293903350553,0.0005407908916630881,-190.4302395271549,190.4302395271549
8007,4002.9051184879,0.0,0.0,0.0,0.0005408594668838878,0.0,0.0
8008,4003.4057930944,0.0,-0.14502231719180772,0.14502231719180772,0.0005409280451974911,-268.0990909592431,268.0990909592431
8009,4003.9064678350996,0.0,-0.10597528597603245,0.10597528597603245,0.0005409966266023214,-195.88899591038174,195.88899591038174
8010,4004.40714271,0.0,0.0,0.0,0.0005410652110967514,0.0,0.0
8011,4004.9078177191,0.0,0.0,0.0,0.0005411337986791253,0.0,0.0
8012,4005.4084928624,0.0,0.0,0.0,0.0005412023893478443,0.0,0.0
8013,4005.9091681399,0.0,0.0,0.0,0.0005412709831012979,0.0,0.0
8014,4006.4098435516,0.0,0.0,0.0,0.0005413395799378704,0.0,0.0
8015,4006.9105190975,0.0,0.0,0.0,0.0005414081798559118,0.0,0.0
8016,4007.4111947776,0.0,0.0,0.0,0.0005414767828538118,0.0,0.0
8017,4007.9118705919,0.0,0.0,0.0,0.0005415453889299663,0.0,0.0
8018,4008.4125465404,0.0,0.0,0.0,0.0005416139980827422,0.0,0.0
8019,4008.9132226231,0.0,0.0,0.0,0.0005416826103105469,0.0,0.0
8020,4009.41389884,0.0,0.0,0.0,0.0005417512256117527,0.0,0.0
8021,4009.9145751911,0.0,0.0,0.0,0.0005418198439847274,0.0,0.0
8022,4010.4152516764,0.0,0.0,0.0,0.0005418884654278837,0.0,0.0
8023,4010.9159282959,0.0,0.0,0.0,0.0005419570899396057,0.0,0.0
8024,4011.4166050496,0.0,0.0,0.0,0.0005420257175182721,0.0,0.0
8025,4011.9172819375,0.0,0.0,0.0,0.0005420943481622509,0.0,0.0
8026,4012.4179589596,0.0,0.0,0.0,0.0005421629818699606,0.0,0.0
8027,4012.9186361159,0.0,0.0,0.0,0.0005422316186398133,0.0,0.0
8028,4013.4193134064,0.0,0.0,0.0,0.0005423002584701261,0.0,0.0
8029,4013.9199908310998,0.0,0.0,0.0,0.000542368901359346,0.0,0.0
8030,4014.42066839,0.0,0.0,0.0,0.0005424375473058461,0.0,0.0
8031,4014.9213460831,0.0,0.0,0.0,0.0005425061963080336,0.0,0.0
8032,4015.4220239103997,0.0,0.0,0.0,0.0005425748483642825,0.0,0.0
8033,4015.9227018719,0.0,0.0,0.0,0.0005426435034729824,0.0,0.0
8034,4016.4233799676,0.0,0.0,0.0,0.0005427121616325585,0.0,0.0
8035,4016.9240581975,0.0,0.0,0.0,0.0005427808228413948,0.0,0.0
8036,4017.4247365615997,0.0,0.0,0.0,0.00054284948709786,0.0,0.0
8037,4017.9254150599,0.0,0.0,0.0,0.0005429181544003946,0.0,0.0
8038,4018.4260936923997,0.0,0.0,0.0,0.0005429868247473559,0.0,0.0
8039,4018.9267724591,0.0,0.0,0.0,0.0005430554981371684,0.0,0.0
8040,4019.4274513600003,0.0,0.0,0.0,0.0005431241745682116,0.0,0.0
8041,4019.9281303950997,0.0,0.0,0.0,0.0005431928540388983,0.0,0.0
8042,4020.4288095643997,0.0,0.0,0.0,0.0005432615365476255,0.0,0.0
8043,4020.9294888679,0.0,0.0,0.0,0.0005433302220927943,0.0,0.0
8044,4021.4301683056,0.0,0.0,0.0,0.0005433989106728248,0.0,0.0
8045,4021.9308478774997,0.0,0.0,0.0,0.0005434676022860958,0.0,0.0
8046,4022.4315275835997,0.0,0.0,0.0,0.0005435362969309879,0.0,0.0
8047,4022.9322074239,0.0,0.0,0.0,0.0005436049946059751,0.0,0.0
8048,4023.4328873984,0.0,0.0,0.0,0.0005436736953093761,0.0,0.0
8049,4023.9335675071,0.0,0.0,0.0,0.0005437423990396777,0.0,0.0
8050,4024.43424775,0.0,0.0,0.0,0.0005438111057952198,0.0,0.0
8051,4024.9349281270997,0.0,0.0,0.0,0.0005438798155744561,0.0,0.0
8052,4025.4356086384,0.0,0.0,0.0,0.0005439485283757827,0.0,0.0
8053,4025.9362892839,0.0,0.0,0.0,0.0005440172441975798,0.0,0.0
8054,4026.4369700636,0.0,0.0,0.0,0.0005440859630382781,0.0,0.0
8055,4026.9376509774997,0.0,0.0,0.0,0.0005441546848962972,0.0,0.0
8056,4027.4383320255997,0.0,0.0,0.0,0.0005442234097700612,0.0,0.0
8057,4027.9390132079,0.0,0.0,0.0,0.0005442921376579175,0.0,0.0
8058,4028.4396945244002,0.0,0.0,0.0,0.00054436086855833,0.0,0.0
8059,4028.9403759751,0.0,0.0,0.0,0.0005444296024697188,0.0,0.0
8060,4029.44105756,0.0,0.0,0.0,0.0005444983393904409,0.0,0.0
8061,4029.9417392791,0.0,0.0,0.0,0.000544567079318978,0.0,0.0
8062,4030.4424211324,0.0,0.0,0.0,0.0005446358222536995,0.0,0.0
8063,4030.9431031198997,0.0,0.0,0.0,0.0005447045681930358,0.0,0.0
8064,4031.4437852416,0.0,0.0,0.0,0.0005447733171354072,0.0,0.0
8065,4031.9444674974998,0.0,0.0,0.0,0.0005448420690792103,0.0,0.0
8066,4032.4451498876,0.0,0.0,0.0,0.0005449108240228937,0.0,0.0
8067,4032.9458324119,0.0,0.0,0.0,0.0005449795819648486,0.0,0.0
8068,4033.4465150704,0.0,0.0,0.0,0.0005450483429035122,0.0,0.0
8069,4033.9471978631,0.0,0.0,0.0,0.0005451171068372929,0.0,0.0
8070,4034.44788079,0.0,0.0,0.0,0.0005451858737646046,0.0,0.0
8071,4034.9485638511,0.0,0.0,0.0,0.0005452546436838906,0.0,0.0
8072,4035.4492470463997,0.0,0.0,0.0,0.0005453234165935484,0.0,0.0
8073,4035.9499303759,0.0,0.0,0.0,0.0005453921924920082,0.0,0.0
8074,4036.4506138396,0.0,0.0,0.0,0.0005454609713777362,0.0,0.0
8075,4036.9512974375,0.0,0.0,0.0,0.0005455297532490568,0.0,0.0
8076,4037.4519811696,0.0,0.0,0.0,0.000545598538104491,0.0,0.0
8077,4037.9526650359,0.0,0.0,0.0,0.0005456673259424365,0.0,0.0
8078,4038.4533490363997,0.0,0.0,0.0,0.00054573611676128,0.0,0.0
8079,4038.9540331711,0.0,0.0,0.0,0.0005458049105594985,0.0,0.0
8080,4039.45471744,0.0,0.0,0.0,0.0005458737073355,0.0,0.0
8081,4039.9554018431004,0.0,0.0,0.0,0.0005459425070876945,0.0,0.0
8082,4040.4560863804,0.0,0.0,0.0,0.0005460113098145586,0.0,0.0
8083,4040.9567710519,0.0,0.0,0.0,0.0005460801155144731,0.0,0.0
8084,4041.4574558576,0.0,0.0,0.0,0.0005461489241858747,0.0,0.0
8085,4041.9581407975,0.0,0.0,0.0,0.0005462177358272187,0.0,0.0
8086,4042.4588258716,0.0,0.0,0.0,0.0005462865504369141,0.0,0.0
8087,4042.9595110799,0.0,0.0,0.0,0.0005463553680134151,0.0,0.0
8088,4043.4601964224,0.0,0.0,0.0,0.0005464241885551476,0.0,0.0
8089,4043.9608818991,0.0,0.0,0.0,0.0005464930120605219,0.0,0.0
8090,4044.4615675100004,0.0,0.0,0.0,0.0005465618385280137,0.0,0.0
8091,4044.9622532550998,0.0,0.0,0.0,0.0005466306679560226,0.0,0.0
8092,4045.4629391344,0.0,0.0,0.0,0.0005466995003429851,0.0,0.0
8093,4045.9636251479,0.0,0.0,0.0,0.0005467683356873733,0.0,0.0
8094,4046.4643112956,0.0,0.0,0.0,0.0005468371739875741,0.0,0.0
8095,4046.9649975774996,0.0,0.0,0.0,0.0005469060152420758,0.0,0.0
8096,4047.4656839935997,0.0,0.0,0.0,0.0005469748594492878,0.0,0.0
8097,4047.9663705438998,0.0,0.0,0.0,0.0005470437066076484,0.0,0.0
8098,4048.4670572284,0.0,0.0,0.0,0.000547112556715595,0.0,0.0
8099,4048.9677440471,0.0,0.0,0.0,0.000547181409771583,0.0,0.0
8100,4049.468431,0.0,0.0,0.0,0.0005472502657740499,0.0,0.0
8101,4049.9691180871,0.0,0.0,0.0,0.0005473191247214508,0.0,0.0
8102,4050.4698053084,0.0,0.0,0.0,0.0005473879866121839,0.0,0.0
8103,4050.9704926639,0.0,0.0,0.0,0.000547456851444749,0.0,0.0
8104,4051.4711801535996,0.0,0.0,0.0,0.0005475257192175394,0.0,0.0
8105,4051.9718677775,0.0,0.0,0.0,0.0005475945899290221,0.0,0.0
8106,4052.4725555356,0.0,0.0,0.0,0.000547663463577662,0.0,0.0
8107,4052.9732434279,0.0,0.0,0.0,0.0005477323401618871,0.0,0.0
8108,4053.4739314544004,0.0,0.0,0.0,0.000547801219680141,0.0,0.0
8109,4053.9746196151,0.0,0.0,0.0,0.0005478701021308729,0.0,0.0
8110,4054.47530791,0.0,0.0,0.0,0.0005479389875125267,0.0,0.0
8111,4054.9759963391,0.0,0.0,0.0,0.0005480078758235577,0.0,0.0
8112,4055.4766849024,0.0,0.0,0.0,0.0005480767670624327,0.0,0.0
8113,4055.9773735998997,0.0,0.0,0.0,0.0005481456612275783,0.0,0.0
8114,4056.4780624316,0.0,0.0,0.0,0.0005482145583174505,0.0,0.0
8115,4056.9787513974998,0.0,0.0,0.0,0.0005482834583304815,0.0,0.0
8116,4057.4794404976,0.0,0.0,0.0,0.0005483523612651889,0.0,0.0
8117,4057.9801297319,0.0,0.0,0.0,0.0005484212671199606,0.0,0.0
8118,4058.4808191004,0.0,0.0,0.0,0.000548490175893263,0.0,0.0
8119,4058.9815086031,0.0,0.0,0.0,0.0005485590875835685,0.0,0.0
8120,4059.48219824,0.0,0.0,0.0,0.0005486280021893106,0.0,0.0
8121,4059.9828880111,0.0,0.0,0.0,0.000548696919708978,0.0,0.0
8122,4060.4835779163996,0.0,0.0,0.0,0.0005487658401409933,0.0,0.0
8123,4060.9842679558997,0.0,0.0,0.0,0.0005488347634838394,0.0,0.0
8124,4061.4849581296,0.0,0.0,0.0,0.0005489036897359614,0.0,0.0
8125,4061.9856484375,0.0,0.0,0.0,0.0005489726188957976,0.0,0.0
8126,4062.4863388796,0.0,0.0,0.0,0.0005490415509618546,0.0,0.0
8127,4062.9870294558996,0.0,0.0,0.0,0.0005491104859325543,0.0,0.0
8128,4063.4877201664,0.0,0.0,0.0,0.0005491794238063527,0.0,0.0
8129,4063.9884110111,0.0,0.0,0.0,0.0005492483645817504,0.0,0.0
8130,4064.48910199,0.0,0.0,0.0,0.0005493173082571982,0.0,0.0
8131,4064.9897931030996,0.0,0.0,0.0,0.0005493862548311285,0.0,0.0
8132,4065.4904843504,0.0,0.0,0.0,0.0005494552043020267,0.0,0.0
8133,4065.9911757319,0.0,0.0,0.0,0.000549524156668353,0.0,0.0
8134,4066.4918672476,0.0,0.0,0.0,0.0005495931119285643,0.0,0.0
8135,4066.9925588975,0.0,0.0,0.0,0.0005496620700811728,0.0,0.0
8136,4067.4932506816,0.0,0.0,0.0,0.0005497310311245614,0.0,0.0
8137,4067.9939425999,0.0,0.0,0.0,0.0005497999950572761,0.0,0.0
8138,4068.4946346524,0.0,0.0,0.0,0.0005498689618777389,0.0,0.0
8139,4068.9953268391,0.0,0.0,0.0,0.0005499379315844354,0.0,0.0
8140,4069.49601916,0.0,0.0,0.0,0.000550006904175832,0.0,0.0
8141,4069.9967116150997,0.0,0.0,0.0,0.0005500758796503853,0.0,0.0
8142,4070.4974042044,0.0,0.0,0.0,0.0005501448580065791,0.0,0.0
8143,4070.9980969279,0.0,0.0,0.0,0.0005502138392428879,0.0,0.0
8144,4071.4987897856,0.0,0.0,0.0,0.000550282823357767,0.0,0.0
8145,4071.9994827775,0.0,0.0,0.0,0.0005503518103496956,0.0,0.0
8146,4072.5001759036,0.0,0.0,0.0,0.0005504208002171697,0.0,0.0
8147,4073.0008691639,0.0,0.0,0.0,0.000550489792958623,0.0,0.0
8148,4073.5015625584,0.0,0.0,0.0,0.0005505587885725629,0.0,0.0
8149,4074.0022560871,0.0,0.0,0.0,0.0005506277870574399,0.0,0.0
8150,4074.50294975,0.0,0.0,0.0,0.0005506967884117561,0.0,0.0
8151,4075.0036435470997,0.0,0.0,0.0,0.0005507657926339396,0.0,0.0
8152,4075.5043374784,0.0,0.0,0.0,0.0005508347997225147,0.0,0.0
8153,4076.0050315439003,0.0,0.0,0.0,0.0005509038096759718,0.0,0.0
8154,4076.5057257435997,0.0,0.0,0.0,0.0005509728224927506,0.0,0.0
8155,4077.0064200775,0.0,0.0,0.0,0.000551041838171325,0.0,0.0
8156,4077.5071145456,0.0,0.0,0.0,0.0005511108567102078,0.0,0.0
8157,4078.0078091479,0.0,0.0,0.0,0.0005511798781078789,0.0,0.0
8158,4078.5085038844,0.0,0.0,0.0,0.000551248902362783,0.0,0.0
8159,4079.0091987551,0.0,0.0,0.0,0.000551317929473411,0.0,0.0
8160,4079.50989376,0.0,0.0,0.0,0.0005513869594382878,0.0,0.0
8161,4080.0105888991,0.0,0.0,0.0,0.0005514559922558246,0.0,0.0
8162,4080.5112841724003,0.0,0.0,0.0,0.0005515250279245807,0.0,0.0
8163,4081.0119795798996,0.0,0.0,0.0,0.0005515940664429951,0.0,0.0
8164,4081.5126751216,0.0,0.0,0.0,0.0005516631078095761,0.0,0.0
8165,4082.0133707975,0.0,0.0,0.0,0.0005517321520227982,0.0,0.0
8166,4082.5140666076,0.0,0.0,0.0,0.0005518011990811282,0.0,0.0
8167,4083.0147625519003,0.0,0.0,0.0,0.000551870248983081,0.0,0.0
8168,4083.5154586303997,0.0,0.0,0.0,0.0005519393017271526,0.0,0.0
8169,4084.0161548430997,0.0,0.0,0.0,0.0005520083573118003,0.0,0.0
8170,4084.51685119,0.0,0.0,0.0,0.0005520774157355378,0.0,0.0
8171,4085.0175476711,0.0,0.0,0.0,0.0005521464769968161,0.0,0.0
8172,4085.5182442863997,0.0,0.0,0.0,0.0005522155410941883,0.0,0.0
8173,4086.0189410359,0.0,0.0,0.0,0.0005522846080261072,0.0,0.0
8174,4086.5196379196,0.0,0.0,0.0,0.0005523536777910573,0.0,0.0
8175,4087.0203349375,0.0,0.0,0.0,0.0005524227503875528,0.0,0.0
8176,4087.5210320896003,0.0,0.0,0.0,0.0005524918258140901,0.0,0.0
8177,4088.0217293758997,0.0,0.0,0.0,0.0005525609040691379,0.0,0.0
8178,4088.5224267964,0.0,0.0,0.0,0.000552629985151205,0.0,0.0
8179,4089.0231243511,0.0,0.0,0.0,0.0005526990690587825,0.0,0.0
8180,4089.52382204,0.0,0.0,0.0,0.0005527681557903609,0.0,0.0
8181,4090.0245198630996,0.0,0.0,0.0,0.0005528372453444666,0.0,0.0
8182,4090.5252178204,0.0,0.0,0.0,0.0005529063377195681,0.0,0.0
8183,4091.0259159119,0.0,0.0,0.0,0.0005529754329141561,0.0,0.0
8184,4091.5266141376,0.0,0.0,0.0,0.0005530445309267681,0.0,0.0
8185,4092.0273124975,0.0,0.0,0.0,0.0005531136317558783,0.0,0.0
8186,4092.5280109916,0.0,0.0,0.0,0.0005531827353999615,0.0,0.0
8187,4093.0287096199,0.0,0.0,0.0,0.0005532518418575658,0.0,0.0
8188,4093.5294083824,0.0,0.0,0.0,0.0005533209511271479,0.0,0.0
8189,4094.0301072791003,0.0,0.0,0.0,0.0005533900632072458,0.0,0.0
8190,4094.5308063099997,0.0,0.0,0.0,0.000553459178096368,0.0,0.0
8191,4095.0315054751,0.0,0.0,0.0,0.0005535282957929717,0.0,0.0
