channel,energy_keV,raw_counts,background_adjusted_counts,background_adjusted_unc,efficiency,final_corrected_counts,final_corrected_unc
0,-1.694,0.0,0.0,0.0,nan,nan,nan
1,-1.1943999329,0.0,0.0,0.0,nan,nan,nan
2,-0.6947997316,0.0,0.0,0.0,nan,nan,nan
3,-0.19519939610000003,0.0,0.0,0.0,nan,nan,nan
4,0.3044010736,0.0,0.0,0.0,nan,nan,nan
5,0.8040016774999998,0.0,0.0,0.0,nan,nan,nan
6,1.3036024156,0.0,0.0,0.0,nan,nan,nan
7,1.8032032879,0.0,0.0,0.0,nan,nan,nan
8,2.3028042944,0.0,0.0,0.0,nan,nan,nan
9,2.8024054350999994,0.0,0.0,0.0,nan,nan,nan
10,3.3020067099999997,0.0,0.0,0.0,nan,nan,nan
11,3.8016081190999995,0.0,0.0,0.0,nan,nan,nan
12,4.3012096624,0.0,0.0,0.0,nan,nan,nan
13,4.8008113399,0.0,0.0,0.0,nan,nan,nan
14,5.3004131516,0.0,0.0,0.0,nan,nan,nan
15,5.8000150975,0.0,0.0,0.0,nan,nan,nan
16,6.2996171776,0.0,0.0,0.0,nan,nan,nan
17,6.7992193919,0.0,0.0,0.0,nan,nan,nan
18,7.298821740399999,0.0,0.0,0.0,nan,nan,nan
19,7.7984242231,0.0,0.0,0.0,nan,nan,nan
20,8.298026839999999,0.0,0.0,0.0,nan,nan,nan
21,8.7976295911,0.0,0.0,0.0,nan,nan,nan
22,9.2972324764,0.0,0.0,0.0,nan,nan,nan
23,9.796835495900002,0.0,0.0,0.0,nan,nan,nan
24,10.296438649599999,0.0,0.0,0.0,nan,nan,nan
25,10.7960419375,0.0,0.0,0.0,nan,nan,nan
26,11.2956453596,0.0,0.0,0.0,nan,nan,nan
27,11.795248915900002,0.0,0.0,0.0,nan,nan,nan
28,12.2948526064,0.0,0.0,0.0,nan,nan,nan
29,12.7944564311,0.0,0.0,0.0,nan,nan,nan
30,13.29406039,0.0,0.0,0.0,nan,nan,nan
31,13.7936644831,0.0,0.0,0.0,nan,nan,nan
32,14.2932687104,0.0,0.0,0.0,nan,nan,nan
33,14.792873071899999,0.0,0.0,0.0,nan,nan,nan
34,15.2924775676,0.0,0.0,0.0,nan,nan,nan
35,15.792082197500001,0.0,0.0,0.0,nan,nan,nan
36,16.2916869616,0.0,0.0,0.0,nan,nan,nan
37,16.7912918599,0.0,0.0,0.0,nan,nan,nan
38,17.2908968924,0.0,0.0,0.0,nan,nan,nan
39,17.790502059100003,0.0,0.0,0.0,nan,nan,nan
40,18.29010736,0.0,0.0,0.0,nan,nan,nan
41,18.7897127951,0.0,0.0,0.0,nan,nan,nan
42,19.2893183644,0.0,0.0,0.0,nan,nan,nan
43,19.788924067900002,0.0,0.0,0.0,nan,nan,nan
44,20.2885299056,0.0,0.0,0.0,nan,nan,nan
45,20.7881358775,0.0,0.0,0.0,nan,nan,nan
46,21.2877419836,0.0,0.0,0.0,nan,nan,nan
47,21.7873482239,0.0,0.0,0.0,nan,nan,nan
48,22.2869545984,0.0,0.0,0.0,nan,nan,nan
49,22.7865611071,0.0,0.0,0.0,nan,nan,nan
50,23.28616775,0.0,0.0,0.0,nan,nan,nan
51,23.7857745271,0.0,0.0,0.0,nan,nan,nan
52,24.285381438399998,0.0,0.0,0.0,nan,nan,nan
53,24.7849884839,0.0,0.0,0.0,nan,nan,nan
54,25.2845956636,0.0,0.0,0.0,nan,nan,nan
55,25.784202977499998,0.0,0.0,0.0,nan,nan,nan
56,26.2838104256,0.0,0.0,0.0,nan,nan,nan
57,26.7834180079,0.0,0.0,0.0,nan,nan,nan
58,27.2830257244,0.0,0.0,0.0,nan,nan,nan
59,27.7826335751,0.0,0.0,0.0,nan,nan,nan
60,28.28224156,0.0,0.0,0.0,nan,nan,nan
61,28.781849679100002,0.0,0.0,0.0,nan,nan,nan
62,29.281457932400002,0.0,0.0,0.0,nan,nan,nan
63,29.7810663199,0.0,0.0,0.0,nan,nan,nan
64,30.2806748416,0.0,0.0,0.0,nan,nan,nan
65,30.780283497499997,0.0,0.0,0.0,nan,nan,nan
66,31.2798922876,0.0,0.0,0.0,nan,nan,nan
67,31.779501211899998,0.0,0.0,0.0,nan,nan,nan
68,32.2791102704,0.0,0.0,0.0,nan,nan,nan
69,32.778719463099996,0.0,0.0,0.0,nan,nan,nan
70,33.278328789999996,0.0,0.0,0.0,nan,nan,nan
71,33.7779382511,0.0,0.0,0.0,nan,nan,nan
72,34.27754784639999,0.0,0.0,0.0,nan,nan,nan
73,34.77715757589999,0.0,0.0,0.0,nan,nan,nan
74,35.27676743959999,0.0,0.0,0.0,nan,nan,nan
75,35.776377437499995,0.0,0.0,0.0,nan,nan,nan
76,36.2759875696,0.0,0.0,0.0,nan,nan,nan
77,36.7755978359,0.0,0.0,0.0,nan,nan,nan
78,37.2752082364,0.0,0.0,0.0,nan,nan,nan
79,37.7748187711,0.0,0.0,0.0,nan,nan,nan
80,38.27442943999999,0.0,-1.0,1.0,nan,nan,nan
81,38.774040243099996,0.0,-68.0,8.246211251235321,nan,nan,nan
82,39.273651180399995,186.0,40.0,18.2208671582886,nan,nan,nan
83,39.77326225189999,568.0,408.0,26.981475126464083,nan,nan,nan
84,40.2728734576,572.0,413.0,27.03701166919155,nan,nan,nan
85,40.7724847975,597.0,446.0,27.349588662354684,nan,nan,nan
86,41.2720962716,546.0,394.0,26.419689627245816,nan,nan,nan
87,41.77170787989999,591.0,427.0,27.477263328068172,nan,nan,nan
88,42.27131962239999,576.0,408.0,27.27636339397171,nan,nan,nan
89,42.770931499099994,516.0,356.0,26.0,nan,nan,nan
90,43.270543509999996,588.0,422.0,27.459060435491963,nan,nan,nan
91,43.7701556551,551.0,384.0,26.795522013948524,nan,nan,nan
92,44.2697679344,589.0,431.0,27.331300737432898,nan,nan,nan
93,44.7693803479,556.0,405.0,26.58947160061666,nan,nan,nan
94,45.2689928956,617.0,455.0,27.910571473905726,nan,nan,nan
95,45.76860557749999,556.0,411.0,26.47640458974745,nan,nan,nan
96,46.268218393599994,554.0,390.0,26.795522013948524,nan,nan,nan
97,46.76783134389999,547.0,408.0,26.191601707417593,nan,nan,nan
98,47.2674444284,593.0,455.0,27.03701166919155,nan,nan,nan
99,47.767057647099996,541.0,408.0,25.96150997149434,nan,nan,nan
100,48.266670999999995,574.0,415.0,27.073972741361764,nan,nan,nan
101,48.7662844871,585.0,440.0,27.01851217221259,nan,nan,nan
102,49.265898108399995,586.0,452.0,26.832815729997478,nan,nan,nan
103,49.765511863899995,580.0,443.0,26.77685567799177,nan,nan,nan
104,50.265125753599996,552.0,386.0,26.795522013948524,nan,nan,nan
105,50.7647397775,531.0,373.0,26.248809496813376,nan,nan,nan
106,51.2643539356,572.0,422.0,26.870057685088806,nan,nan,nan
107,51.763968227899994,575.0,416.0,27.09243436828813,nan,nan,nan
108,52.2635826544,566.0,408.0,26.90724809414742,nan,nan,nan
109,52.7631972151,588.0,443.0,27.073972741361768,nan,nan,nan
110,53.262811909999996,594.0,430.0,27.53179979587241,nan,nan,nan
111,53.76242673909999,593.0,465.0,26.851443164195107,nan,nan,nan
112,54.2620417024,569.0,435.0,26.514147167125703,nan,nan,nan
113,54.761656799899995,545.0,400.0,26.267851073127396,nan,nan,nan
114,55.261272031599994,558.0,403.0,26.702059845637375,nan,nan,nan
115,55.7608873975,572.0,443.0,26.476404589747453,nan,nan,nan
116,56.2605028976,548.0,423.0,25.942243542145693,4.252797295995496e-06,99463945.85942382,6100042.333683135
117,56.76011853189999,642.0,493.0,28.124722220850465,2.6400427529619916e-05,18673940.012785,1065313.1351488903
118,57.25973430039999,619.0,465.0,27.80287754891569,4.793718230209117e-05,9700194.664543627,579985.6439977457
119,57.75935020309999,569.0,419.0,26.814175355583846,6.888087145874388e-05,6082966.012573746,389283.33494799305
120,58.25896623999999,618.0,476.0,27.568097504180443,8.92487086946913e-05,5333410.499286177,308890.7157019769
121,58.758582411099994,552.0,387.0,26.77685567799177,0.00010905733441924795,3548592.1424803953,245530.076638897
122,59.258198716399995,583.0,434.0,27.05549851693737,0.00012832283762889788,3382094.7854590197,210839.30979753024
123,59.7578151559,592.0,452.0,27.055498516937362,0.00014706077683677098,3073559.175480856,183974.94626978214
124,60.2574317296,633.0,511.0,27.477263328068172,0.00016539393715626238,3089593.2994037913,166132.22830597445
125,60.757048437499996,592.0,452.0,27.055498516937362,0.00018336462771527314,2465033.7724997937,147550.26012404577
126,61.25666527959999,605.0,441.0,27.730849247724098,0.0002008949808600233,2195176.7939253477,138036.54590577353
127,61.7562822559,624.0,483.0,27.65863337187866,0.00021799686923085188,2215628.1496341955,126876.28712038534
128,62.255899366399994,626.0,482.0,27.748873851023216,0.00023468178343481977,2053844.9680474245,118240.42516163235
129,62.75551661109999,630.0,472.0,28.071337695236398,0.00025096084659282384,1880771.4685701763,111855.44708008286
130,63.25513398999999,619.0,474.0,27.640549922170507,0.000266844828243097,1776313.2346270678,103582.85788844227
131,63.75475150309999,616.0,474.0,27.53179979587241,0.0002823441576335027,1678802.224819812,97511.49103503005
132,64.2543691504,587.0,448.0,26.94438717061496,0.0002974689364335226,1506039.6065930657,90578.82646054508
133,64.75398693189999,616.0,487.0,27.294688127912362,0.0003122289508946266,1559752.8627777905,87418.8253514133
134,65.25360484759999,633.0,458.0,28.42534080710379,0.0003266336834866578,1402182.3931661604,87025.13624338103
135,65.7532228975,582.0,427.0,27.147743920996454,0.000340692324035699,1253330.2627483245,79684.04923074173
136,66.2528410816,639.0,496.0,27.964262908219126,0.00035441378038798593,1399494.1152034663,78902.86567753072
137,66.75245939989999,657.0,512.0,28.319604517012593,0.00036780668862289057,1392035.587816484,76995.89320423825
138,67.25207785239999,609.0,482.0,27.129319932501076,0.00038087942283661493,1265492.360837678,71228.10607738892
139,67.7516964391,646.0,507.0,28.0178514522438,0.000393640104517311,1287978.5219590191,71176.31341603221
140,68.25131516,647.0,483.0,28.478061731796284,0.0004060966115310553,1189372.150087649,70126.32197158456
141,68.7509340151,714.0,534.0,29.899832775452108,0.00041825658673706615,1276728.2499144361,71486.81867441436
142,69.2505530044,661.0,504.0,28.600699292150182,0.00043012744624971495,1171745.7334898773,66493.54636984906
143,69.7501721279,633.0,461.0,28.372521918222215,0.0004417163873636401,1043656.0951506759,64232.44129012746
144,70.24979138559999,683.0,491.0,29.58039891549808,0.00045303039615801014,1083812.4862349117,65294.51261186652
145,70.74941077749999,695.0,440.0,30.822070014844883,0.0004640762547942959,948120.0459071799,66415.96008506602
146,71.2490303036,804.0,586.0,31.96873472629156,0.0004748605485219726,1234046.5044399973,67322.36406203013
147,71.7486499639,1055.0,903.0,34.741905532080416,0.0004853896724053765,1860360.9663245026,71575.28787111373
148,72.2482697584,1293.0,1097.0,38.58756276314947,0.0004956698377842695,2213166.7420066977,77849.32594575977
149,72.7478896871,1376.0,1042.0,41.352146256270665,0.0005057070784803386,2060481.342541682,81770.94609894489
150,73.24750974999999,1111.0,800.0,37.70941526992961,0.0005155072567608314,1551869.5217343147,73150.1152997829
151,73.74712994709999,1228.0,1005.0,38.09199390948182,0.0005250760690702005,1914008.3869745655,72545.66748192266
152,74.2467502784,1740.0,1587.0,43.508619835614184,0.000534419051540217,2969579.762222553,81412.92813237217
153,74.7463707439,1972.0,1828.0,46.0,0.0005435415852879113,3363128.138634908,84630.13915602065
154,75.2459913436,1521.0,1369.0,40.90232267243512,0.0005524489015111768,2478057.239783114,74038.20074680266
155,75.7456120775,897.0,758.0,32.186953878862155,0.0005611460863903922,1350806.8903694635,57359.31276988275
156,76.2452329456,734.0,598.0,29.49576240750525,0.0005696380858046823,1049789.357316678,51779.8285306695
157,76.7448539479,738.0,596.0,29.66479394838265,0.000577929709870786,1031267.2801217543,51329.41505120948
158,77.24447508440001,745.0,585.0,30.083217912982647,0.0005860256373121536,998249.8422477595,51334.30348023914
159,77.74409635509998,713.0,572.0,29.223278392404918,0.0005939304196653252,963075.7763212688,49203.201965765606
160,78.24371776,619.0,463.0,27.83882181415011,0.0006016484853308088,769552.340425864,46270.908167986636
161,78.74333929909999,665.0,493.0,28.930952282978865,0.0006091841434747463,809279.1076076938,47491.308815030236
162,79.2429609724,629.0,495.0,27.62245463386627,0.0006165415877876105,802865.5484153976,44802.25694585553
163,79.74258277989999,720.0,546.0,29.899832775452108,0.0006237249001061471,875385.9272045741,47937.53266923234
164,80.24220472159999,632.0,487.0,27.874719729532707,0.0006309466861281841,771856.0231903023,44179.19983158393
165,80.7418267975,679.0,503.0,29.24038303442689,0.000638230203877196,788116.8846982113,45814.790426391555
166,81.2414490076,701.0,546.0,29.257477676655586,0.0006453593639152306,846040.2537394938,45335.1718632514
167,81.74107135189999,696.0,486.0,30.099833886584822,0.0006523374806627351,745013.1479587124,46141.50616641746
168,82.24069383039999,669.0,458.0,29.664793948382652,0.0006591677840512779,694815.5099223893,45003.40378600021
169,82.7403164431,763.0,467.0,32.54228019054596,0.0006658534220808266,701355.5604183887,48873.03888722182
170,83.23993919,778.0,553.0,31.670175244226233,0.0006723974632871223,822430.229430925,47100.3788286195
171,83.7395620711,1030.0,850.0,34.785054261852174,0.00067880289912204,1252204.4338634755,51244.70491632103
172,84.2391850864,1278.0,1120.0,37.89459064299283,0.0006850726462508786,1634863.1143416693,55314.70399580887
173,84.73880823590001,1299.0,1104.0,38.65229618017538,0.0006912095487698852,1597200.1572674154,55919.794871125756
174,85.23843151959998,1009.0,793.0,35.0,0.0006972163803470325,1137380.0477913215,50199.62379911255
175,85.7380549375,844.0,657.0,32.109188716004645,0.0007030958462891175,934438.7446855111,45668.295276489436
176,86.23767848959999,816.0,649.0,31.352830813181768,0.0007088505855382723,915566.7121402966,44230.521146249324
177,86.7373021759,903.0,738.0,32.68026927673638,0.000714483172600413,1032914.4594322576,45739.732620705654
178,87.23692599639999,924.0,772.0,32.802438933713454,0.00071999611940839,1072228.0012208133,45559.18851433078
179,87.73654995109999,830.0,644.0,31.874754901018456,0.0007253918771223714,887795.9904303687,43941.42794576852
180,88.23617404,725.0,569.0,29.68164415931166,0.0007306728378699816,778734.298730357,40622.34507832261
181,88.7357982631,756.0,602.0,30.166206257996713,0.0007358413364281772,818111.1473325867,40995.53091760988
182,89.2354226204,702.0,548.0,29.257477676655586,0.0007408996518495131,739641.3247489369,39489.12326199633
183,89.7350471119,757.0,586.0,30.463092423455635,0.0007458500090346771,785680.7573930791,40843.45653207507
184,90.2346717376,730.0,542.0,30.298514815086232,0.0007506945802531983,721998.0192439797,40360.64148067645
185,90.7342964975,721.0,534.0,30.133038346638727,0.000755435486614674,706877.0390877575,39888.30135803341
186,91.2339213916,753.0,590.0,30.265491900843113,0.0007600747994918892,776239.3916946275,39819.09664821887
187,91.7335464199,774.0,596.0,30.854497241083024,0.0007646145418981438,779477.7202646959,40353.008673477765
188,92.2331715824,857.0,684.0,32.09361307176243,0.0007690566898198358,889401.274384907,41731.14088544095
189,92.7327968791,861.0,684.0,32.218007387174026,0.0007734031735067209,884402.8876926453,41657.45434052586
190,93.23242230999999,757.0,578.0,30.59411708155671,0.0007776558787206143,743259.3462173981,39341.459273592336
191,93.7320478751,751.0,594.0,30.133038346638724,0.0007818166479447486,759768.9324747896,38542.3339677569
192,94.23167357439999,770.0,597.0,30.708305065568176,0.0007858872815546941,759650.9245180495,39074.6940258646
193,94.7312994079,766.0,612.0,30.331501776206203,0.0007898695389525551,774811.4971132731,38400.64755051672
194,95.2309253756,779.0,580.0,31.27299154222378,0.0007937651396655968,730694.7244424801,39398.29299558141
195,95.7305514775,756.0,613.0,29.9833287011299,0.000797575764410633,768579.0207692371,37593.07897637288
196,96.2301777136,775.0,617.0,30.545048698602525,0.0008013030561253926,769995.8152954407,38119.221516887184
197,96.72980408389999,746.0,546.0,30.757112998459398,0.0008049486209681228,678304.1622499065,38210.03253781265
198,97.22943058839999,793.0,621.0,31.064449134018133,0.0008085140292862934,768075.7259687636,38421.657520822395
199,97.7290572271,839.0,686.0,31.49603149604724,0.0008120008165558062,844826.7366401762,38788.17712233498
200,98.228684,765.0,551.0,31.28897569432403,0.0008154104842915217,675733.2786550351,38372.0546854506
201,98.7283109071,806.0,659.0,30.870698080866262,0.0008187445009302305,804890.9021694387,37704.92265388286
202,99.2279379484,887.0,721.0,32.449961479175904,0.0008220043026869067,877124.3625407418,39476.63214548376
203,99.7275651239,860.0,683.0,32.202484376209235,0.0008251912943852409,827686.8704835624,39024.26576155261
204,100.2271924336,844.0,684.0,31.68595903550972,0.0008283938206361587,825694.2325749453,38249.87372693911
205,100.72681987749999,851.0,687.0,31.859064644147985,0.0008316311848585274,826087.3479833116,38309.12695940771
206,101.2264474556,838.0,644.0,32.12475680841802,0.0008348006111630031,771441.6968416098,38481.95171259325
207,101.72607516789999,849.0,657.0,32.264531609803356,0.0008379033369002002,784099.9922861663,38506.26938563711
208,102.2257030144,809.0,626.0,31.496031496047245,0.000840940573265351,744404.5630587876,37453.33796150298
209,102.7253309951,879.0,698.0,32.55764119219941,0.0008439135059509311,827098.9800234159,38579.35791122705
210,103.22495911,818.0,621.0,31.85906464414798,0.0008468232957801553,733328.9047367191,37621.85665286533
211,103.7245873591,902.0,732.0,32.7414110874898,0.000849671079322339,861509.8451789268,38534.21857503134
212,104.22421574239999,851.0,654.0,32.37282811247729,0.0008524579694903253,767193.2498807173,37975.86423156162
213,104.72384425989999,910.0,750.0,32.71085446759225,0.0008551850561210126,877003.1639723503,38250.03048575665
214,105.2234729116,866.0,692.0,32.2490309931942,0.0008578534065390207,806664.6290907087,37592.70610499966
215,105.7231016975,860.0,666.0,32.46536616149585,0.0008604640661046633,774000.9446472231,37730.066182155824
216,106.22273061759999,877.0,699.0,32.48076353782343,0.0008630180587460947,809948.2889333724,37636.250144076614
217,106.7223596719,866.0,684.0,32.37282811247729,0.0008655163874767341,790279.6641367886,37402.90603492185
218,107.2219888604,847.0,655.0,32.23352292257239,0.0008679600348978652,754643.0407675111,37137.10496631954
219,107.72161818309999,885.0,711.0,32.54228019054596,0.0008703499636874949,816912.770338541,37389.87941433463
220,108.22124763999999,841.0,669.0,31.827660925679098,0.0008726871170753539,766597.7724548372,36470.87289697079
221,108.72087723109999,873.0,677.0,32.69556544854363,0.0008749724193048831,773738.6745719812,37367.53836711612
222,109.22050695639999,855.0,675.0,32.17141588429082,0.0008772067760823692,769487.9000075324,36674.83740603247
223,109.72013681589999,865.0,685.0,32.32645975048923,0.000879391075013837,778948.0919956138,36760.04984469575
224,110.21976680959999,885.0,698.0,32.7414110874898,0.0008815261860298175,791808.5827303947,37141.73396816408
225,110.7193969375,860.0,667.0,32.449961479175904,0.0008836129617987345,754855.3822051405,36724.18002234695
226,111.21902719959999,901.0,702.0,33.166247903554,0.0008856522381288553,792636.1722781133,37448.387161111175
227,111.7186575959,855.0,673.0,32.202484376209235,0.0008876448343594966,758186.1279974899,36278.56900608877
228,112.2182881264,892.0,704.0,32.863353450309965,0.0008895915537417361,791374.4201357194,36942.07000064523
229,112.7179187911,825.0,628.0,31.96873472629156,0.0008914931838087072,704436.1206633225,35859.763492203296
230,113.21754959,855.0,668.0,32.28002478313795,0.00089335049673619,747746.8277462245,36133.66187299537
231,113.7171805231,865.0,672.0,32.526911934581186,0.0008951642496935391,750700.2209148324,36336.2499627491
232,114.2168115904,874.0,655.0,33.06055050963308,0.0008969351851852373,730264.5841290391,36859.46438014396
233,114.71644279190001,944.0,748.0,33.76388603226827,0.0008986640313835173,832346.6544537607,37571.19997368523
234,115.21607412759998,854.0,665.0,32.29551052391029,0.0009003515024522008,738600.4223781528,35869.89129906499
235,115.71570559749999,907.0,710.0,33.2264954516723,0.0009019982988620408,787141.1740972622,36836.53893093898
236,116.2153372016,875.0,699.0,32.41913015489465,0.0009036051076978286,773568.0044802825,35877.54194693621
237,116.71496893989999,921.0,747.0,33.090784215548595,0.0009051726029575027,825256.9703936026,36557.430160203585
238,117.2146008124,854.0,668.0,32.2490309931942,0.0009067014458435612,736736.4451244674,35567.41983927345
239,117.71423281909999,906.0,729.0,32.90896534380867,0.0009081922850468667,802693.4515991627,36235.680357172845
240,118.21386496,902.0,713.0,33.03028912982749,0.0009096457570232165,783821.6080216405,36311.15615590616
241,118.7134972351,893.0,714.0,32.7414110874898,0.0009110624862628241,783700.3616830127,35937.61304100554
242,119.2131296444,913.0,723.0,33.21144381083123,0.0009124430855528876,792378.1893332053,36398.373045598804
243,119.7127621879,905.0,703.0,33.27160951922825,0.0009137881562335184,769324.9197906527,36410.63773070582
244,120.2123948656,873.0,683.0,32.60368077380221,0.0009150982884471624,746367.9132861107,35628.610811990104
245,120.7120276775,873.0,683.0,32.60368077380221,0.0009163740613817055,745328.8223481305,35579.00877796835
246,121.2116606236,908.0,718.0,33.13608305156178,0.0009176160435075485,782462.3436785993,36111.05460286037
247,121.7112937039,908.0,715.0,33.18132004607411,0.0009188247928086781,778167.9440912524,36112.782660821475
248,122.2109269184,933.0,751.0,33.391615714128,0.0009200008570078889,816303.5874145498,36295.20066179859
249,122.71056026709999,899.0,713.0,32.93933818400121,0.0009211447737866611,774036.8509816158,35759.13268073323
250,123.21019374999999,928.0,747.0,33.301651610693426,0.0009222570709992421,809969.3930138638,36108.860162613804
251,123.70982736709999,855.0,660.0,32.4037034920393,0.0009233382668817745,714797.6247414723,35094.076195358546
252,124.20946111839999,883.0,679.0,32.96968304366908,0.0009243888702560231,734539.3501026694,35666.46473635889
253,124.70909500389999,896.0,697.0,33.090784215548595,0.0009254093807282667,753180.1757309657,35757.99522315976
254,125.20872902359999,880.0,694.0,32.64965543462902,0.0009264002888832464,749136.208535298,35243.572164671285
255,125.70836317749999,852.0,668.0,32.18695387886216,0.0009273620764734493,720322.7487372082,34708.076484281046
256,126.20799746559999,896.0,712.0,32.863353450309965,0.000928295216603726,766997.3810755303,35401.83431144275
257,126.70763188789999,874.0,685.0,32.60368077380221,0.0009292001739115622,737193.1465708009,35087.89783858274
258,127.20726644439998,876.0,667.0,32.93933818400121,0.0009300774047428735,717144.6124792128,35415.69552816684
259,127.7069011351,894.0,697.0,33.03028912982749,0.0009309273573236983,748715.7773553774,35481.05968739119
260,128.20653596,878.0,692.0,32.61901286060018,0.0009317504719276674,742688.1132330894,35008.31375283964
261,128.7061709191,901.0,705.0,33.12099032335839,0.0009325471810396486,755993.921094729,35516.69126964012
262,129.2058060124,950.0,763.0,33.71943060017473,0.0009333179095152741,817513.509835325,36128.558400520975
263,129.7054412399,928.0,716.0,33.76388603226827,0.0009340630747369324,766543.5229860175,36147.32981686216
264,130.2050766016,944.0,753.0,33.689761055846034,0.0009347830867658969,805534.4717512825,36040.191069784676
265,130.70471209750002,879.0,686.0,32.7414110874898,0.0009354783484909589,733314.6738314169,34999.64605306548
266,131.2043477276,846.0,642.0,32.4037034920393,0.0009361492557735992,685788.0792411407,34613.82177274934
267,131.70398349190003,903.0,682.0,33.52610922848042,0.0009367961975896971,728013.2026098444,35788.05007400805
268,132.2036193904,871.0,660.0,32.89376840679705,0.0009374195561680037,704060.4131387625,35089.69723360652
269,132.70325542310002,906.0,694.0,33.436506994600975,0.0009380197071253376,739856.5240455745,35645.847033502905
270,133.20289159,900.0,682.0,33.436506994600975,0.0009385970195987537,726616.41339065,35623.92197760754
271,133.70252789110003,877.0,667.0,32.96968304366907,0.000939151856374569,710215.2814506873,35105.80618020897
272,134.2021643264,928.0,734.0,33.49626844888845,0.0009396845740145131,781113.1738219464,35646.28959033131
273,134.7018008959,820.0,604.0,32.18695387886216,0.0009401955229788439,642419.5661837788,34234.319449728355
274,135.2014375996,853.0,642.0,32.61901286060018,0.0009406850477468468,682481.3486062472,34675.80667804818
275,135.7010744375,886.0,701.0,32.72613634390714,0.000941153486934461,744830.6888638404,34772.36901124725
276,136.20071140960002,856.0,665.0,32.357379374726875,0.0009416011734092755,706243.8097779979,34364.20884817913
277,136.7003485159,878.0,672.0,32.92415526630866,0.0009420284344029336,713354.2634792334,34950.277575407046
278,137.19998575640003,909.0,696.0,33.49626844888845,0.0009424355916209939,738512.006749317,35542.236251152935
279,137.6996231311,884.0,696.0,32.7414110874898,0.0009428229613503199,738208.5805411254,34726.9979939789
280,138.19926064,797.0,596.0,31.591137997862628,0.0009431908545641174,631897.5604099057,33493.897703728304
281,138.6988982831,870.0,674.0,32.64965543462902,0.0009435395770245444,714331.4561594347,34603.376720656306
282,139.19853606040002,794.0,581.0,31.73326330524486,0.0009438694293830876,615551.2424846105,33620.395276479816
283,139.69817397190002,925.0,745.0,33.24154027718932,0.0009441807072787027,789043.8707937837,35206.75652545091
284,140.19781201760003,835.0,619.0,32.41913015489465,0.0009444737014338739,655391.461996508,34325.074489291575
285,140.69745019750002,820.0,618.0,31.96873472629156,0.0009447486977483243,654142.2088994841,33838.34749122655
286,141.19708851160001,827.0,619.0,32.17141588429082,0.0009450059773909379,655022.3118259992,34043.61099716292
287,141.69672695990002,853.0,628.0,32.83291031876401,0.0009452458168895382,664377.4442361678,34734.78510257282
288,142.1963655424,817.0,609.0,32.01562118716424,0.000945468488218653,644125.1163721071,33862.17688490552
289,142.69600425910002,856.0,673.0,32.2335229225724,0.0009456742588854824,711661.5406167017,34085.22820591626
290,143.19564311,869.0,664.0,32.77193921634788,0.000945863392013962,702004.1219548527,34647.64520230436
291,143.69528209510003,785.0,600.0,31.144823004794873,0.0009460361464269948,634225.2378686481,32921.38796432162
292,144.1949212144,862.0,660.0,32.61901286060018,0.0009461927767268874,697532.2748532299,34473.96097594122
293,144.6945604679,841.0,666.0,31.874754901018456,0.0009463335333741538,703768.7839565147,33682.36861201459
294,145.1941998556,805.0,621.0,31.448370387032774,0.0009464586627644481,656130.0819902292,33227.41037118021
295,145.6938393775,787.0,581.0,31.51190251317746,0.0009465684073041355,613796.1033949053,33290.676373749484
296,146.1934790336,796.0,625.0,31.096623610932426,0.000946663005483887,660213.8209473297,32848.673108375435
297,146.69311882390002,762.0,559.0,31.064449134018133,0.0009467426919511223,590445.540010421,32811.92387130875
298,147.1927587484,813.0,608.0,31.906112267087632,0.000946807697580532,642157.8548143201,33698.61942252937
299,147.69239880710003,806.0,622.0,31.464265445104548,0.0009468582495433899,656909.3106597016,33230.17511890273
300,148.192039,801.0,605.0,31.575306807693888,0.0009468945713752689,638930.6880504114,33346.16942816975
301,148.69167932710002,775.0,593.0,30.93541659651604,0.0009469168830423185,626242.9265119549,32669.621959980945
302,149.19131978840002,805.0,582.0,32.0624390837628,0.0009469254010063672,614620.7498304152,33859.51950352973
303,149.6909603839,812.0,623.0,31.638584039112747,0.0009469203382883198,657922.2927307195,33412.08627570884
304,150.19060111360002,789.0,611.0,31.096623610932426,0.0009469812733787612,645208.1125321474,32837.63310332622
305,150.6902419775,812.0,602.0,31.968734726291558,0.0009471574083953173,635586.0120652108,33752.29338115328
306,151.1898829756,781.0,570.0,31.496031496047245,0.0009473201081636965,601697.351389383,33247.506544645985
307,151.6895241079,843.0,644.0,32.28002478313795,0.0009474695662715848,679705.2094604191,34069.72205995388
308,152.1891653744,764.0,582.0,30.757112998459398,0.0009476059733596715,614179.3280772167,32457.70274053062
309,152.6888067751,779.0,593.0,31.064449134018137,0.0009477295171732256,625705.9522306846,32777.75839110031
310,153.18844831,776.0,556.0,31.559467676119,0.0009478403826126727,586596.6572002502,33296.18388818481
311,153.6880899791,778.0,621.0,30.577769702841312,0.0009479387517831773,655105.6160873586,32257.115394134016
312,154.18773178240002,794.0,616.0,31.176914536239792,0.0009480248040432296,649772.0285089826,32886.18019620733
313,154.6873737199,776.0,579.0,31.192947920964443,0.0009480987160522244,610695.9013834449,32900.527543005584
314,155.18701579160003,789.0,597.0,31.32091952673165,0.0009481606618170557,629640.1275031901,33033.34633890866
315,155.68665799750002,803.0,630.0,31.240998703626616,0.0009482108127379721,664409.2131589031,32947.313280912495
316,156.18630033760002,786.0,592.0,31.304951684997057,0.0009482493376532102,624308.3717465288,33013.417929162606
317,156.68594281190002,758.0,557.0,30.967725134404045,0.0009482764028830949,587381.4831904742,32656.855153467102
318,157.1855854204,811.0,624.0,31.591137997862628,0.0009482921722729329,658025.0457033229,33313.71798856336
319,157.68522816310002,1094.0,923.0,35.566838487557476,0.0009482968072353104,973323.9561260768,37506.01944052725
320,158.18487104,2772.0,2601.0,54.249423960075376,0.0009482904667914883,2742830.483997592,57207.60237485739
321,158.68451405110002,7661.0,7485.0,88.52683209061533,0.0009482733076119176,7893293.990157581,93355.81986754085
322,159.1841571964,12657.0,12462.0,113.3666617661471,0.0009482454840560073,13142166.46378876,119554.12777842578
323,159.68380047590003,11044.0,10849.0,106.01414999895061,0.0009482071482111848,11441592.71575509,111804.84158862208
324,160.1834438896,5000.0,4796.0,72.13875518748573,0.000948158449931116,5058226.291553306,76083.0167075204
325,160.6830874375,1520.0,1314.0,41.54515615568197,0.000948099536873165,1385930.4312430907,43819.403490795936
326,161.1827311196,708.0,522.0,29.899832775452108,0.0009480305545352498,550615.1647779944,31538.891476034558
327,161.68237493590001,625.0,431.0,28.61817604250837,0.0009479516462918733,454664.54084019345,30189.489257658683
328,162.18201888640002,634.0,429.0,28.965496715920477,0.0009478629534294693,452597.07476469275,30558.73912058723
329,162.68166297110002,682.0,479.0,29.748949561287034,0.0009477646151811483,505399.75045222347,31388.542138810542
330,163.18130719,647.0,447.0,29.103264421710495,0.0009476567687607596,471689.7665222578,30710.76510092205
331,163.6809515431,625.0,446.0,28.35489375751565,0.0009475395493962257,470692.7539691532,29924.760159703572
332,164.1805960304,691.0,511.0,29.51270912674741,0.0009474130903623047,539363.457395956,31150.83528713047
333,164.6802406519,698.0,513.0,29.715315916207253,0.0009472775230127546,541551.9607901566,31369.176608033114
334,165.1798854076,613.0,405.0,28.653097563788805,0.0009471329768118365,427606.27062451007,30252.45479281967
335,165.6795302975,640.0,445.0,28.89636655359978,0.0009469795793652853,469915.096055463,30514.244639749908
336,166.1791753216,633.0,440.0,28.74021572639983,0.0009468174564506019,464714.71031961904,30354.54778594831
337,166.6788204799,624.0,446.0,28.319604517012593,0.0009466467320468861,471136.68161684443,29915.705149880516
338,167.17846577240002,643.0,442.0,29.0516780926679,0.000946467528364037,466999.6452641055,30694.849238920575
339,167.6781111991,620.0,427.0,28.513154858766505,0.0009462799658714418,451240.6638629087,30131.838237226508
340,168.17775676000002,578.0,388.0,27.712812921102035,0.0009460841633261497,410111.50491718174,29292.122197323388
341,168.6774024551,618.0,437.0,28.26658805020514,0.0009458802378004119,462003.52067426365,29883.897475157537
342,169.17704828440003,621.0,441.0,28.301943396169808,0.000945668304708905,466336.87288033654,29927.98136010458
343,169.6766942479,616.0,474.0,27.53179979587241,0.0009454484778353093,501349.37134307553,29120.3597460001
344,170.1763403456,563.0,366.0,27.568097504180447,0.0009452208693584009,387211.0867044591,29165.77320483114
345,170.6759865775,588.0,410.0,27.676705006196094,0.0009449855898776638,433869.04984771024,29287.965131594305
346,171.17563294360002,612.0,418.0,28.39013913315678,0.0009447427484385855,442448.4873695464,30050.65577912962
347,171.6752794439,652.0,487.0,28.583211855912904,0.000944492452557299,515620.84872293397,30263.03892479105
348,172.1749260784,612.0,437.0,28.053520278211074,0.0009442348082448157,462808.6109347255,29710.322086471442
349,172.67457284710002,605.0,424.0,28.035691537752374,0.0009439699200309044,449166.85479354975,29699.77214616597
350,173.17421975,644.0,453.0,28.89636655359978,0.0009436978909874457,480026.50459036196,30620.357245223724
351,173.67386678710002,623.0,428.0,28.600699292150182,0.0009434188227514602,453669.13366403634,30316.015116951847
352,174.1735139584,630.0,428.0,28.844410203711913,0.0009431328155476035,453806.709876269,30583.614235672863
353,174.67316126390003,747.0,578.0,30.265491900843113,0.0009428399682102879,613041.4699083745,32100.348862271396
354,175.1728087036,780.0,594.0,31.080540535840107,0.0009425403782055594,630211.7275133374,32975.28811976448
355,175.6724562775,772.0,574.0,31.144823004794873,0.0009422341416523071,609190.4067426706,33054.22890979002
356,176.1721039856,664.0,483.0,29.068883707497267,0.0009419213533434001,512781.66514175065,30861.264164269887
357,176.6717518279,596.0,427.0,27.65863337187866,0.0009416021067661098,453482.41781925526,29374.013899428282
358,177.1713998044,593.0,411.0,27.838821814150112,0.0009412764941225283,436641.09596526175,29575.605029956547
359,177.67104791510002,618.0,444.0,28.142494558940577,0.0009409446063493589,471866.2469649667,29908.768666124517
360,178.17069616,624.0,442.0,28.39013913315678,0.0009406065331374858,469909.55774638883,30182.80028149355
361,178.67034453910003,614.0,459.0,27.73084924772409,0.0009402623629510485,488161.62178331945,29492.67176949398
362,179.1699930524,630.0,464.0,28.213471959331766,0.0009399121830464883,493663.140418141,30017.136141256207
363,179.66964169989998,611.0,429.0,28.160255680657446,0.0009395560794908793,456598.61009303865,29971.873201987844
364,180.1692904816,609.0,432.0,28.035691537752374,0.0009391941371802318,459968.79973825795,29850.794876046286
365,180.6689393975,613.0,452.0,27.820855486487112,0.0009388264398573379,481452.14153607027,29633.651445430864
366,181.1685884476,600.0,435.0,27.65863337187866,0.0009384530701293334,463528.77287731634,29472.58019846093
367,181.66823763189998,582.0,400.0,27.640549922170507,0.0009380741094849335,426405.54296891025,29465.20924380596
368,182.1678869504,632.0,452.0,28.495613697550013,0.000937689638311447,482035.82670908363,30389.174128940725
369,182.6675364031,574.0,412.0,27.12931993250107,0.0009372997359113994,439560.56340865686,28944.124161222997
370,183.16718599,610.0,430.0,28.10693864511039,0.0009369044805188807,458958.2064564954,29999.79104544796
371,183.6668357111,655.0,441.0,29.47880594596735,0.0009365039493157508,470900.30994766566,31477.503076741752
372,184.1664855664,626.0,419.0,28.861739379323623,0.0009360982184473265,447602.6038111478,30831.95631671598
373,184.6661355559,654.0,463.0,29.068883707497264,0.0009356873630380555,494823.397525322,31066.876454454155
374,185.16578567960002,703.0,524.0,29.698484809834994,0.0009352714572067058,560265.1465115651,31753.866303728424
375,185.6654359375,768.0,580.0,30.91924966748061,0.0009348505740814024,620420.0073042864,33074.00190438168
376,186.16508632960003,731.0,572.0,29.832867780352597,0.0009344247858144664,612141.2966389066,31926.451687975692
377,186.6647368559,708.0,503.0,30.215889859476256,0.0009339941635968114,538547.2625042399,32351.261964116424
378,187.16438751639998,617.0,445.0,28.08914381037628,0.0009335587776723338,476670.5756969368,30088.243485227216
379,187.6640383111,599.0,440.0,27.531799795872406,0.000933118697351836,471537.00943803537,29505.14213680088
380,188.16368924,608.0,444.0,27.784887978899608,0.0009326739910269272,476050.5860264536,29790.568029357037
381,188.6633403031,580.0,405.0,27.477263328068172,0.0009322247261834691,434444.60184838827,29474.935127026907
382,189.1629915004,573.0,409.0,27.147743920996458,0.0009317709694149799,438949.06948731624,29135.640422497167
383,189.6626428319,561.0,398.0,26.90724809414742,0.0009313127864357192,427353.7374303737,28891.741298995476
384,190.1622942976,578.0,410.0,27.313000567495322,0.0009308502420936345,440457.5316839827,29341.99222644441
385,190.6619458975,575.0,401.0,27.367864366808018,0.0009303834003829246,431005.11018893664,29415.684281925092
386,191.1615976316,615.0,443.0,28.053520278211078,0.0009299123244565936,476388.9974884168,30167.919641891527
387,191.6612494999,547.0,391.0,26.514147167125707,0.0009294370766386689,420684.74545265693,28527.102946027015
388,192.1609015024,575.0,415.0,27.110883423451916,0.0009289577184362643,446737.2322376297,29184.195238819142
389,192.66055363910002,610.0,459.0,27.58622844826744,0.0009284743105514643,494359.3966831225,29711.35349117273
390,193.16020591,568.0,400.0,27.129319932501073,0.0009279869128929614,431040.5615021189,29234.593242189723
391,193.65985831510002,600.0,422.0,27.892651361962706,0.0009274955845874691,454988.6889086344,30073.0826383058
392,194.1595108544,610.0,445.0,27.83882181415011,0.0009270003839911006,480042.9510979276,30031.07905337973
393,194.6591635279,603.0,418.0,28.071337695236398,0.0009265013687003944,451159.6141367061,30298.21503082303
394,195.15881633560002,548.0,390.0,26.570660511172846,0.0009259985955632572,421166.9454668824,28694.061350072254
395,195.6584692775,585.0,414.0,27.495454169735037,0.0009254921206896774,447329.57822643255,29709.009461091257
396,196.15812235360002,621.0,443.0,28.266588050205137,0.0009249819994623391,478928.2388819469,30559.068248501648
397,196.6577755639,524.0,352.0,26.38181191654584,0.000924468286546914,380759.410703849,28537.281700692543
398,197.15742890840002,567.0,394.0,27.202941017470888,0.0009239510359023884,426429.5235246908,29441.972529315684
399,197.6570823871,580.0,432.0,26.981475126464083,0.0009234303007910915,467820.9060607074,29218.745695640897
400,198.15673600000002,553.0,380.0,26.94438717061496,0.0009229061337884529,411742.848040387,29195.154506136492
401,198.6563897471,573.0,408.0,27.166155414412252,0.0009223785867930424,442334.63985601446,29452.283263496473
402,199.15604362840003,537.0,382.0,26.30589287593181,0.0009218477110357542,414385.1478144897,28536.050543940146
403,199.6556976439,566.0,414.0,26.795522013948524,0.0009213135570896111,449358.4152911065,29084.04180938615
404,200.1553517936,535.0,380.0,26.267851073127396,0.0009208140106496596,412678.3428630713,28526.771714295166
405,200.65500607750002,568.0,387.0,27.367864366808018,0.0009203948978453492,420471.691994349,29734.915340009356
406,201.1546604956,563.0,384.0,27.239676943752475,0.0009199722857257577,417403.878310384,29609.23645896935
407,201.6543150479,533.0,366.0,26.457513110645905,0.0009195462223926399,398022.4061468881,28772.358002628745
408,202.1539697344,580.0,411.0,27.367864366808018,0.0009191167553567155,447168.43383024615,29776.26531918283
409,202.6536245551,573.0,419.0,26.962937525425527,0.0009186839315457319,456087.2195674648,29349.525554516913
410,203.15327951,544.0,391.0,26.40075756488817,0.0009182477973123089,425810.9860371551,28751.234298805404
411,203.6529345991,585.0,406.0,27.640549922170504,0.0009178083984418599,442358.1225550517,30115.817167390454
412,204.1525898224,539.0,383.0,26.362852652928137,0.0009173657801603012,417499.76757697924,28737.55836883459
413,204.6522451799,561.0,368.0,27.45906043549196,0.0009169199871415845,401343.63429813203,29947.06279780541
414,205.1519006716,565.0,404.0,26.94438717061496,0.0009164710635151638,440821.33750130725,29400.15047203849
415,205.6515562975,556.0,393.0,26.814175355583842,0.0009160190528734848,429030.3774437745,29272.508329897435
416,206.1512120576,585.0,450.0,26.832815729997474,0.0009155639982789812,491500.3220374341,29307.416827699744
417,206.6508679519,549.0,381.0,26.776855677991765,0.0009151059422714671,416345.236546367,29260.9352000562
418,207.1505239804,565.0,401.0,27.0,0.0009146449268749524,438421.4991166988,29519.652060226603
419,207.65018014310002,520.0,340.0,26.457513110645905,0.0009141809936046784,371917.5987890064,28941.219841294354
420,208.14983644,531.0,370.0,26.305892875931814,0.0009137141834738418,404940.63317841943,28790.067344604056
421,208.64949287110002,603.0,451.0,27.477263328068172,0.0009132445370004423,493843.63303317694,30087.520061513234
422,209.1491494364,560.0,417.0,26.514147167125703,0.0009127720942136791,456850.0753292976,29047.937963053857
423,209.6488061359,562.0,409.0,26.739483914241873,0.0009122968946606249,448318.9654527414,29310.067885508895
424,210.14846296960002,575.0,414.0,27.129319932501073,0.000911818977412527,454037.4901768438,29752.966986370553
425,210.64811993749998,575.0,433.0,26.77685567799177,0.0009113383810711818,475125.3859088589,29381.902742336395
426,211.14777703960002,542.0,369.0,26.739483914241877,0.0009108551437751388,405113.8125768705,29356.46144942121
427,211.6474342759,561.0,418.0,26.532998322843195,0.0009103693032057661,459154.3217989212,29145.313038796605
428,212.1470916464,568.0,391.0,27.294688127912362,0.0009098808965933269,429726.5735152128,29998.089013744597
429,212.6467491511,567.0,400.0,27.09243436828813,0.0009093899607229302,439855.3066079763,29791.877564549628
430,213.14640679000001,555.0,412.0,26.419689627245816,0.0009088965319402967,453296.92162040656,29067.87373348814
431,213.6460645631,573.0,420.0,26.944387170614963,0.0009084006461576281,462351.05817738536,29661.347429226178
432,214.14572247040002,525.0,378.0,25.922962793631438,0.0009079023388592253,416344.3399374376,28552.589506712262
433,214.64538051190002,543.0,393.0,26.324893162176366,0.0009074016451070876,433104.791157415,29011.29098026885
434,215.14503868760002,483.0,301.0,25.787593916455254,0.000906898599546409,331900.3912350808,28434.92528200295
435,215.6446969975,557.0,399.0,26.739483914241877,0.0009063932364110185,440206.28571754595,29500.974676422265
436,216.14435544160003,536.0,409.0,25.748786379167466,0.000905885589528749,451491.89337780065,28423.883409561964
437,216.6440140199,521.0,343.0,26.438608132804568,0.0009053756923266482,378848.25372167147,29201.809101879277
438,217.1436727324,549.0,402.0,26.381811916545836,0.0009048635778362707,444265.8648735438,29155.56837819751
439,217.64333157910002,530.0,374.0,26.19160170741759,0.0009043492786986151,413557.0280303611,28961.82075260575
440,218.14299056,514.0,359.0,25.865034312755125,0.0009038328271694153,397197.3458015469,28617.055649282094
441,218.64264967510002,537.0,403.0,25.903667693977237,0.0009033142551238676,446134.8835292524,28676.252530106678
442,219.1423089244,593.0,450.0,27.129319932501076,0.0009027935940616366,498452.8057797418,30050.41253166986
443,219.64196830790002,501.0,332.0,25.88435821108957,0.0009022708751117285,367960.45307224215,28688.012574809425
444,220.1416278256,561.0,412.0,26.645825188948454,0.0009017461290370933,456891.3430656406,29549.1428584246
445,220.64128747750001,532.0,389.0,25.98076211353316,0.000901219386239486,431637.40809347044,28828.45454750254
446,221.1409472636,523.0,393.0,25.553864678361276,0.0009006906767639055,436331.8175025537,28371.410227286728
447,221.64060718390002,517.0,361.0,25.942243542145693,0.0009001600303033202,401039.80164322176,28819.590593690467
448,222.1402672384,536.0,381.0,26.28687885618983,0.0008996274762029722,423508.63004771044,29219.737670905724
449,222.63992742710002,523.0,359.0,26.210684844162312,0.0008990930434649786,399291.2664705583,29152.360853722108
450,223.13958775,501.0,354.0,25.45584412271571,0.0008985567607525004,393965.0954309677,28329.700731868736
451,223.63924820710002,521.0,378.0,25.76819745345025,0.0008980186563942045,420926.6670670022,28694.501244458275
452,224.1389087984,523.0,389.0,25.632011235952593,0.0008974787583883911,433436.44221566874,28560.019940728376
453,224.6385695239,516.0,374.0,25.65151067676132,0.0008969370944072039,416974.6154240403,28599.007485262606
454,225.13823038360002,553.0,388.0,26.795522013948524,0.0008963936918007012,432845.5270814931,29892.582086472423
455,225.63789137749998,510.0,367.0,25.553864678361276,0.0008958485776010153,409667.4473523036,28524.75889038272
456,226.1375525056,524.0,374.0,25.96150997149434,0.0008953017785261903,417736.24153373594,28997.496256771803
457,226.6372137679,529.0,365.0,26.324893162176366,0.0008947533209842615,407933.6633235254,29421.397545882275
458,227.1368751644,526.0,391.0,25.709920264364882,0.0008942032310770547,437260.7774286906,28751.763995974
459,227.6365366951,517.0,352.0,26.115129714401192,0.0008936515346040306,393889.5490801884,29222.945077773053
460,228.13619836,518.0,379.0,25.632011235952593,0.0008930982570661262,424365.40100865776,28700.10218153943
461,228.6358601591,512.0,366.0,25.651510676761323,0.0008925434236693794,410064.08236735343,28739.790128422133
462,229.1355220924,499.0,362.0,25.219040425836983,0.0008919870593286211,405835.484062369,28272.87701328178
463,229.6351841599,465.0,324.0,24.61706725018234,0.0008914291886711467,363461.28679383575,27615.28067852366
464,230.1348463616,487.0,334.0,25.298221281347033,0.000890869836040231,374914.4785107718,28397.213889060873
465,230.6345086975,487.0,331.0,25.357444666211933,0.0008903090254986933,371781.02267872135,28481.621481943686
466,231.13417116760002,500.0,349.0,25.514701644346147,0.0008897467808322971,392246.4318146051,28676.362976530123
467,231.63383377190002,487.0,313.0,25.709920264364882,0.0008891831255531927,352008.47947409196,28914.08926408699
468,232.1334965104,516.0,380.0,25.534290669607408,0.0008886180829033785,427630.2804444711,28734.831263144362
469,232.6331593831,501.0,360.0,25.337718918639855,0.0008880516758578729,405381.81480512826,28531.806884056823
470,233.13282239,525.0,391.0,25.67099530598687,0.0008874839271281359,440571.35915155226,28925.588983968682
471,233.6324855311,502.0,361.0,25.357444666211933,0.0008869148591652051,407028.92309165467,28590.61882228384
472,234.1321488064,471.0,330.0,24.73863375370596,0.0008863444941629114,372315.73296076176,27910.85623775417
473,234.6318122159,507.0,374.0,25.298221281347036,0.0008857728540610577,422230.1443144244,28560.61931155455
474,235.1314757596,486.0,348.0,24.979991993593593,0.0008851999605485235,393131.51322821813,28219.603600201786
475,235.63113943750002,510.0,366.0,25.573423705088842,0.0008846258350662224,413734.2427633277,28908.746151613846
476,236.1308032496,524.0,387.0,25.709920264364882,0.0008840504988103038,437757.79836197005,29081.958891447466
477,236.63046719590002,498.0,260.0,27.12931993250107,0.0008834739727349275,294292.76699021546,30707.548574994405
478,237.1301312764,497.0,325.0,25.865034312755125,0.000882896277555344,368106.6601615924,29295.66583333316
479,237.62979549110003,610.0,447.0,27.802877548915685,0.0008823174337507679,506620.3872905293,31511.195954413484
480,238.12945984,791.0,628.0,30.886890422961,0.0008817374615671309,712230.1448821763,35029.5771351997
481,238.62912432310003,944.0,809.0,32.848135411313685,0.0008811563810200537,918111.7193561904,37278.440148487236
482,239.1287889404,787.0,640.0,30.56141357987225,0.0008805742118975165,726798.4814373428,34706.23278192147
483,239.6284536919,578.0,420.0,27.12931993250107,0.0008799909737626495,477277.62275125575,30829.088867243732
484,240.12811857760002,517.0,365.0,25.865034312755125,0.0008794066859564071,415052.56422179774,29411.914562174792
485,240.62778359749998,571.0,424.0,26.795522013948528,0.0008788213676002574,482464.3728881903,30490.294161960792
486,241.1274487516,603.0,464.0,27.23967694375247,0.0008782350375988454,528332.3713303533,31016.38602147736
487,241.6271140399,621.0,487.0,27.47726332806817,0.0008776477146425008,554892.3467525619,31307.85037053358
488,242.1267794624,648.0,514.0,27.964262908219126,0.0008770594172099059,586049.2344237436,31884.114530323164
489,242.6264450191,558.0,420.0,26.381811916545836,0.0008764701635705526,479194.86305045406,30100.068448504804
490,243.12611071,477.0,324.0,25.099800796022265,0.0008758799717872436,369913.69872161146,28656.66712849458
491,243.6257765351,454.0,307.0,24.515301344262525,0.0008752888597186016,350741.3542298459,28008.24101902085
492,244.1254424944,486.0,353.0,24.879710609249457,0.0008746968450214456,403568.392877129,28443.809704880623
493,244.6251085879,457.0,314.0,24.49489742783178,0.0008741039451532244,359225.01178616454,28022.865659916446
494,245.1247748156,483.0,354.0,24.73863375370596,0.0008735101773743117,405261.4487722287,28320.945072521004
495,245.62444117750002,416.0,277.0,23.55843797877949,0.0008729155587504726,317327.37172941363,26988.22095977074
496,246.1241076736,440.0,314.0,23.790754506740637,0.000872320106154996,359959.6040311923,27272.96360461676
497,246.6237743039,418.0,299.0,23.173260452512935,0.0008717238362711298,342998.5364160707,26583.25892709147
498,247.12344106839998,443.0,296.0,24.289915602982237,0.0008711267655941848,339789.8121039847,27883.330603915478
499,247.6231079671,414.0,286.0,23.280893453645632,0.0008705289104338445,328535.9010735973,26743.3891908807
500,248.122775,471.0,343.0,24.474476501040836,0.0008699302869163392,394284.46757019986,28133.8365488987
501,248.62244216710002,435.0,302.0,23.83275057562597,0.0008693309109864887,347393.60602891725,27415.050212100858
502,249.1221094684,416.0,293.0,23.2163735324878,0.000868730798410002,337273.641657766,26724.47388187418
503,249.6217769039,434.0,291.0,24.020824298928627,0.0008681299647754338,335203.2665699718,27669.617768743054
504,250.1214444736,439.0,302.0,24.0,0.0008675284254963194,348115.39440592227,27664.799555437534
505,250.6211121775,442.0,297.0,24.228082879171435,0.0008669261958132291,342589.7169036357,27947.11129526318
506,251.1207800156,414.0,292.0,23.15167380558045,0.000866323290795754,337056.6197427127,26724.057925667305
507,251.6204479879,410.0,292.0,22.978250586152114,0.0008657197253445041,337291.61003441573,26542.366904032548
508,252.1201160944,452.0,290.0,24.779023386727733,0.000865115514193047,335215.35013795586,28642.444829857013
509,252.6197843351,457.0,327.0,24.228082879171435,0.0008645106719099771,378248.6562919504,28025.1981454942
510,253.11945271,425.0,300.0,23.45207879911715,0.0008639052129006169,347260.3192110982,27146.5878998175
511,253.6191212191,441.0,310.0,23.916521486202797,0.0008632991514091054,359087.57641427976,27703.63140884068
512,254.1187898624,411.0,305.0,22.73763400180415,0.0008626925015201073,353544.2807982853,26356.59167286061
513,254.6184586399,462.0,323.0,24.515301344262525,0.0008620852771608331,374672.91062406136,28437.211484460695
514,255.1181275516,427.0,296.0,23.62202362203543,0.0008614774921026479,343595.7441877432,27420.36076227606
515,255.6177965975,410.0,272.0,23.40939982143925,0.0008608691599630144,315959.7446976564,27192.74996730629
516,256.11746577759993,417.0,274.0,23.664319132398465,0.0008602602942072355,318508.24900910025,27508.32427318535
517,256.61713509189997,407.0,291.0,22.869193252058544,0.0008596509081501728,338509.5010557065,26602.883839521885
518,257.1168045404,430.0,274.0,24.20743687382041,0.0008590410149580008,318960.3234641783,28179.605458074584
519,257.6164741231,405.0,285.0,22.9128784747792,0.0008584306276498892,332001.20175143285,26691.59013758327
520,258.11614383999995,407.0,282.0,23.065125189341593,0.0008578197590996765,328740.38748649566,26888.07869563364
521,258.6158136911,411.0,276.0,23.366642891095847,0.0008572084220376352,321975.37133843324,27258.99826736647
522,259.1154836764,415.0,277.0,23.515952032609693,0.0008565966290519213,323372.7411542383,27452.772092550822
523,259.61515379589997,451.0,320.0,24.124676163629637,0.0008559843925903721,373838.5918832223,28183.546770781373
524,260.1148240496,431.0,313.0,23.430749027719962,0.000855371724962023,365922.7805477164,27392.47550970924
525,260.6144944375,432.0,318.0,23.366642891095847,0.0008547586383386844,372034.8478935145,27337.124005568916
526,261.1141649596,429.0,316.0,23.280893453645632,0.0008541451447565644,369960.5411795223,27256.366902701066
527,261.6138356159,404.0,275.0,23.08679276123039,0.0008535312561177018,322190.89579781896,27048.561603052443
528,262.11350640639995,399.0,277.0,22.825424421026653,0.0008529169841915801,324767.8321971144,26761.601473631417
529,262.61317733109996,439.0,322.0,23.579652245103194,0.000852302340616585,377800.20616516675,27665.830681686097
530,263.11284839,432.0,327.0,23.173260452512935,0.0008516873369014743,383943.7148257475,27208.647409059322
531,263.6125195831,408.0,278.0,23.194827009486403,0.0008510719844269296,326646.87016714766,27253.660599701994
532,264.1121909104,417.0,289.0,23.345235059857508,0.0008504562944468477,339817.5801473383,27450.246664399932
533,264.6118623719,397.0,274.0,22.80350850198276,0.0008498402780899114,322413.5252989402,26832.6991434621
534,265.1115339676,421.0,300.0,23.280893453645632,0.0008492239463609404,353263.70774817135,27414.315803749952
535,265.6112056975,414.0,298.0,23.021728866442675,0.0008486073101422698,351163.60233809444,27128.83637849297
536,266.1108775616,378.0,268.0,22.090722034374522,0.0008479903801951544,316041.3210564053,26050.675279229723
537,266.61054955989994,411.0,294.0,22.978250586152118,0.00084737316716113,346954.5784473669,27117.038250259757
538,267.1102216924,423.0,289.0,23.600847442411894,0.0008467556815632999,341302.69957733445,27872.086312830477
539,267.60989395909996,425.0,308.0,23.280893453645632,0.0008461379338077302,364006.84533071355,27514.300592668857
540,268.10956636,422.0,302.0,23.280893453645632,0.0008455199341846732,357176.67649221746,27534.41109120056
541,268.60923889509996,405.0,271.0,23.2163735324878,0.0008449016928700056,320747.3748566573,27478.19507098539
542,269.1089115644,396.0,275.0,22.737634001804146,0.0008442832199263514,325720.0824434114,26931.287351402767
543,269.6085843679,427.0,312.0,23.280893453645632,0.0008436645253043737,369815.2412980005,27594.96548138782
544,270.1082573056,453.0,329.0,24.020824298928627,0.0008430456188441218,390251.71668774396,28492.911607633952
545,270.60793037749994,453.0,342.0,23.748684174075834,0.0008424265102761286,405970.1301279088,28190.80820033969
546,271.10760358359994,395.0,262.0,22.978250586152114,0.0008418072092227112,311235.1582756337,27296.333809458876
547,271.6072769239,428.0,299.0,23.600847442411894,0.0008411877251991451,355449.789675918,28056.576118992423
548,272.1069503984,365.0,244.0,22.045407685048602,0.0008405680676148095,290279.88261839736,26226.796537256654
549,272.6066240071,395.0,271.0,22.781571499789035,0.0008399482457744693,322638.9261044602,27122.58953381517
550,273.10629774999995,408.0,278.0,23.194827009486403,0.0008393282688792747,331217.2487305873,27634.988441956844
551,273.6059716271,391.0,277.0,22.472205054244235,0.0008387081460280481,330269.83380549704,26793.831871871098
552,274.1056456384,431.0,316.0,23.366642891095847,0.0008380878862183238,377048.7620646521,27880.89802434966
553,274.6053197839,432.0,318.0,23.366642891095847,0.0008374674983475132,379716.22854316863,27901.551925540745
554,275.1049940636,419.0,294.0,23.323807579381203,0.0008368469912139466,351318.70352251356,27871.053877540067
555,275.6046684775,438.0,314.0,23.706539182259394,0.0008362263735180171,375496.4085609943,28349.42777818119
556,276.1043430256,402.0,286.0,22.759613353482084,0.0008356056538632681,342266.71238727495,27237.26586609033
557,276.60401770789997,384.0,269.0,22.338307903688676,0.0008349848407573758,322161.5373951013,26752.95024928433
558,277.10369252439995,400.0,300.0,22.360679774997898,0.0008343639426132963,359555.3267323314,26799.67174152135
559,277.60336747509996,373.0,268.0,21.863211109075447,0.0008337429677501783,321441.991556687,26222.963137035433
560,278.10304256,400.0,278.0,22.847319317591726,0.0008331219243945456,333684.65270198096,27423.740329718905
561,278.6027177791,392.0,260.0,22.891046284519195,0.000832500820681176,312312.0044341344,27496.725187356675
562,279.1023931324,408.0,274.0,23.280893453645632,0.0008318796646541638,329374.56178101146,27985.890799872075
563,279.60206861989997,398.0,292.0,22.44994432064365,0.0008312584642678986,351274.6186075454,27007.17681162578
564,280.1017442416,389.0,289.0,22.11334438749598,0.0008306372273880262,347925.65330688667,26622.144611832922
565,280.6014199975,376.0,260.0,22.181073012818835,0.0008300159617924316,313246.98797180504,26723.670427877656
566,281.10109588759997,398.0,294.0,22.40535650240808,0.000829394675172183,354475.388859912,27014.107002503613
567,281.6007719119,385.0,276.0,22.226110770892866,0.0008287733751324949,333022.2812187665,26818.08011428891
568,282.1004480704,340.0,218.0,21.494185260204677,0.0008281520691935868,263236.67851518805,25954.394198561433
569,282.6001243631,371.0,269.0,21.748563170931547,0.0008275307647917156,325063.44349349436,26281.274480962078
570,283.09980078999996,379.0,281.0,21.840329667841555,0.0008269094692799864,339819.54547536466,26411.996088106902
571,283.59947735109995,377.0,274.0,21.908902300206645,0.0008262881899292874,331603.43248213263,26514.843812643117
572,284.09915404640003,379.0,278.0,21.908902300206645,0.0008256669339292204,336697.5090997544,26534.794358235456
573,284.5988308759,373.0,260.0,22.045407685048605,0.0008250457083888578,315134.05543036613,26720.2258746351
574,285.09850783959996,347.0,238.0,21.354156504062622,0.000824424520337769,288686.22187812993,25901.89396030308
575,285.5981849375,407.0,305.0,22.561028345356956,0.0008238033767267261,370233.976476131,27386.4237301384
576,286.0978621696,380.0,267.0,22.203603311174515,0.000823182284428666,324351.0034783034,26972.887695931215
577,286.5975395359,397.0,302.0,22.181073012818835,0.0008225612502394546,367145.9115197625,26965.86182045621
578,287.09721703639997,372.0,265.0,21.88606862823929,0.0008219402808787349,322407.8514763736,26627.322127151296
579,287.59689467109996,395.0,273.0,22.737634001804146,0.0008213193829907572,332392.0093129864,27684.27784938813
580,288.09657243999993,361.0,253.0,21.656407827707714,0.0008206985631451974,308273.9648409003,26387.77353857299
581,288.5962503431,373.0,267.0,21.88606862823929,0.0008200778278378528,325578.8547581507,26687.79460352224
582,289.0959283804,399.0,292.0,22.494443758403985,0.00081945718349161,356333.44350686215,27450.419877409364
583,289.59560655189995,374.0,264.0,22.0,0.0008188366364570896,322408.63225449325,26867.386021207774
584,290.09528485759995,391.0,278.0,22.44994432064365,0.0008182161930134376,339763.5030616345,27437.668078850835
585,290.5949632975,356.0,247.0,21.563858652847824,0.0008175958593690714,302105.24817310943,26374.716072422856
586,291.0946418716,344.0,229.0,21.42428528562855,0.0008169756416625695,280302.1146799166,26223.897253569885
587,291.5943205799,384.0,275.0,22.203603311174515,0.0008163555459632059,336863.0266062951,27198.44731988292
588,292.0939994224,330.0,224.0,20.8806130178211,0.0008157355782718541,274598.78662463976,25597.281244072914
589,292.59367839909993,356.0,222.0,22.135943621178654,0.0008151157445215906,272353.9589218666,27156.810268915524
590,293.09335751,386.0,227.0,23.345235059857504,0.0008144960505785282,278699.9394763968,28662.183252178602
591,293.5930367551,393.0,251.0,23.130067012440755,0.000813876502242441,308400.5980126344,28419.62748489656
592,294.09271613439995,457.0,320.0,24.372115213907882,0.0008132571052474967,393479.5010522719,29968.5241686155
593,294.59239564789993,654.0,547.0,27.58622844826744,0.0008126378652629731,673116.554595925,33946.521110409274
594,295.0920752956,844.0,755.0,30.545048698602525,0.0008120187878938897,929781.442567631,37616.184691768474
595,295.5917550775,796.0,675.0,30.28200785945344,0.000811399878681742,831895.6136604963,37320.695572017765
596,296.0914349936,575.0,456.0,26.343879744638983,0.0008107811431051163,562420.5790648,32491.97390524849
597,296.59111504389995,411.0,304.0,22.759613353482088,0.00081016258658043,375233.32357661275,28092.649216926777
598,297.0907952284,353.0,253.0,21.283796653792763,0.0008095442144624717,312521.5343154409,26291.086111862296
599,297.59047554709997,320.0,223.0,20.42057785666214,0.000808926032045223,275674.1545777491,25244.06070235174
600,298.090156,372.0,256.0,22.090722034374522,0.0008083080445622958,316710.9392541376,27329.58329808136
601,298.58983658709997,368.0,254.0,21.954498400100146,0.0008076902571877142,314476.9888452031,27181.82893098552
602,299.0895173084,368.0,278.0,21.400934559032695,0.0008070726750364708,344454.72954147216,26516.737861389756
603,299.5891981639,379.0,268.0,22.135943621178654,0.0008064553031651753,332318.4793356231,27448.4444882432
604,300.0888791536,380.0,271.0,22.113344387495978,0.0008058450354082236,336292.944787725,27441.187096590897
605,300.58856027749994,374.0,274.0,21.77154105707724,0.0008052667621429225,340259.91495147446,27036.433242495023
606,301.08824153559993,372.0,275.0,21.656407827707714,0.0008046886019416316,341747.1048259575,26912.780640179328
607,301.58792292789997,360.0,253.0,21.61018278497431,0.0008041105599393787,314633.3509400417,26874.641201831106
608,302.0876044544,346.0,245.0,21.142374511865974,0.0008035326412156066,304903.60619247175,26311.78053934586
609,302.58728611509997,360.0,267.0,21.283796653792763,0.0008029548507945341,332521.80958344054,26506.84111657358
610,303.08696790999994,347.0,239.0,21.330729007701542,0.0008023771936457973,297864.8968249521,26584.41587899595
611,303.5866498391,342.0,244.0,20.97617696340303,0.0008017996746850927,304315.4140662768,26161.36876289135
612,304.0863319024,352.0,254.0,21.213203435596427,0.0008012222987745392,317015.6402143204,26476.05223674103
613,304.58601409989996,356.0,263.0,21.189620100417088,0.0008006450707234491,328485.12982457725,26465.684827448586
614,305.08569643159996,329.0,228.0,20.73644135332772,0.0008000679952886746,284975.77873707435,25918.348784650174
615,305.5853788975,330.0,211.0,21.18962010041709,0.0007994910771752229,263917.8922990726,26503.885665972237
616,306.0850614976,328.0,240.0,20.39607805437114,0.0007989143210368064,300407.68287710176,25529.743950392254
617,306.5847442319,325.0,242.0,20.199009876724155,0.0007983377314762711,303129.8540186722,25301.334360550045
618,307.0844271004,346.0,247.0,21.095023109728988,0.0007977613130462633,309616.4177939726,26442.775257147194
619,307.58411010309993,334.0,230.0,20.928449536456352,0.0007971850702495561,288515.1874808685,26252.937137802608
620,308.08379324,341.0,223.0,21.42428528562855,0.0007966090075397115,279936.5785339595,26894.354799974484
621,308.5834765111,328.0,231.0,20.615528128088304,0.0007960331293214798,290188.92743433814,25897.82682243452
622,309.08315991639995,359.0,243.0,21.794494717703365,0.0007954574399512749,305484.60268959805,27398.693661144673
623,309.58284345589993,325.0,226.0,20.591260281974,0.0007948819437378248,284318.9504812068,25904.80315246109
624,310.0825271296,366.0,267.0,21.563858652847827,0.0007943066449424383,336142.2212694053,27148.027515759375
625,310.5822109375,364.0,262.0,21.587033144922902,0.0007937315477796448,330086.41364061827,27196.894473086864
626,311.0818948796,342.0,245.0,20.952326839756964,0.0007931566564175452,308892.32034765085,26416.378996795473
627,311.58157895589994,342.0,216.0,21.633307652783937,0.000792581974978393,272527.01527294825,27294.72576432702
628,312.0812631664,309.0,220.0,19.949937343260004,0.0007920075075389717,277775.144687217,25189.076054658915
629,312.58094751109996,298.0,201.0,19.87460691435179,0.0007914332581310774,253969.61516963484,25112.170495948696
630,313.08063199,337.0,246.0,20.688160865577203,0.0007908592307419419,311054.0921033645,26159.093883457204
631,313.58031660309996,314.0,215.0,20.322401432901575,0.0007902854293147903,272053.6049695536,25715.267774229276
632,314.0800013504,364.0,276.0,21.2602916254693,0.0007897118577491486,349494.56221495813,26921.5808485715
633,314.5796862319,310.0,233.0,19.672315572906,0.0007891385199012913,295258.68288516015,24928.849722564166
634,315.07937124759997,284.0,175.0,19.82422760159901,0.0007885654195848081,221921.98092092376,25139.610626137743
635,315.5790563975,354.0,257.0,21.236760581595302,0.0007879925605708599,326145.21108399396,26950.458220329347
636,316.0787416816,345.0,245.0,21.095023109728988,0.0007874199465887283,311142.74036540784,26790.05427931708
637,316.5784270999,352.0,255.0,21.18962010041709,0.0007868475813261418,324078.0121230424,26929.76454817896
638,317.07811265239997,343.0,246.0,20.97617696340303,0.0007862754684298093,312867.44897594425,26677.898275641764
639,317.57779833909996,358.0,260.0,21.354156504062622,0.0007857036115056485,330913.5864881166,27178.386596876557
640,318.0774841599999,310.0,208.0,20.29778313018444,0.0007851320141194139,264923.600438441,25852.70090272649
641,318.5771701151,306.0,217.0,19.87460691435179,0.0007845606797968767,276587.9116656489,25332.147565051746
642,319.0768562044,355.0,261.0,21.18962010041709,0.0007839896120243948,332912.5743465574,27027.93477799008
643,319.5765424279,414.0,312.0,22.71563338320109,0.0007834188142491782,398254.412997495,28995.51679132388
644,320.07622878559994,408.0,321.0,22.24859546128699,0.0007828482898798358,410041.1333200616,28420.060117525532
645,320.5759152775,366.0,264.0,21.633307652783937,0.000782278042286509,337475.9174223506,27654.24373864855
646,321.0756019036,349.0,253.0,21.095023109728988,0.0007817080748015448,323650.2322996089,26985.80683727037
647,321.5752886639,317.0,230.0,20.099751242241783,0.000781138390719605,294442.06395760167,25731.357568695825
648,322.07497555839996,324.0,224.0,20.591260281974,0.0007805689932983007,286970.14860081254,26379.808138375392
649,322.57466258709997,314.0,217.0,20.27313493271329,0.0007799998857582789,278205.16895209916,25991.202438452554
650,323.07434975,338.0,232.0,21.071307505705477,0.0007794310712837918,297653.00428410625,27034.215445118414
651,323.5740370471,319.0,211.0,20.66397831977182,0.0007788625530230232,270907.8760829356,26530.969090204795
652,324.0737244784,314.0,218.0,20.248456731316587,0.0007782943340883626,280099.6878068621,26016.45141748868
653,324.57341204389996,328.0,240.0,20.39607805437114,0.0007777264175568241,308591.80629860057,26225.26070085682
654,325.0730997436,303.0,200.0,20.149441679609886,0.0007771588064704295,257347.65962226782,25927.058294714905
655,325.5727875775,337.0,246.0,20.688160865577203,0.0007765915038364123,316768.8531032648,26639.695082133076
656,326.07247554559996,349.0,246.0,21.2602916254693,0.000776024512627723,317000.29573423014,27396.417612478635
657,326.57216364789997,341.0,253.0,20.71231517720798,0.000775457835783296,326258.87356524385,26709.789006498733
658,327.0718518844,338.0,251.0,20.615528128088304,0.000774891476208345,323916.32597144955,26604.406889288595
659,327.5715402551,328.0,226.0,20.736441353327724,0.0007743254367747715,291866.9454297376,26780.00795079052
660,328.07122876,363.0,269.0,21.37755832643195,0.000773759720321444,347653.1446845656,27628.16125599177
661,328.5709173991,365.0,275.0,21.33072900770154,0.0007731943296545067,355667.3781129263,27587.79803420563
662,329.0706061724,314.0,212.0,20.396078054371138,0.0007726292675477734,274387.74183750624,26398.272640001956
663,329.5702950799,315.0,201.0,20.71231517720798,0.0007720645367429559,260340.93062730468,26827.181137713294
664,330.0699841216,327.0,248.0,20.149441679609886,0.0007715001399500476,321451.65912226186,26117.22362216876
665,330.56967329749995,314.0,220.0,20.199009876724155,0.0007709360798476086,285367.36799695186,26200.628566660034
666,331.06936260759994,341.0,248.0,20.83266665599966,0.0007703723590830327,321922.24588015093,27042.33402246752
667,331.5690520519,311.0,227.0,19.87460691435179,0.0007698089802729745,294878.34750837245,25817.582573931846
668,332.0687416304,307.0,208.0,20.149441679609886,0.0007692459460034385,270394.66516612656,26193.757385781297
669,332.5684313431,343.0,261.0,20.615528128088304,0.0007686832588303377,339541.6733768198,26819.275548498088
670,333.06812118999994,315.0,221.0,20.223748416156685,0.0007681209212795533,287715.1160416946,26328.860282138266
671,333.5678111711,314.0,234.0,19.849433241279208,0.0007675589358474098,304862.58327727823,25860.467925325884
672,334.0675012864,333.0,222.0,21.071307505705477,0.0007669973050008579,289440.3911885345,27472.466159032865
673,334.56719153589995,307.0,207.0,20.174241001832016,0.0007664360311777462,270081.2482444397,26322.145855840325
674,335.06688191959995,333.0,240.0,20.639767440550294,0.0007658751167871917,313367.01603100536,26949.25972674644
675,335.5665724375,303.0,218.0,19.69771560359221,0.0007653145642098002,284850.19127407897,25738.064483236936
676,336.0662630896,333.0,214.0,21.2602916254693,0.000764754375797971,279828.4086661225,27800.156884732543
677,336.5659538759,348.0,232.0,21.54065922853802,0.0007641945538761317,303587.61237338634,28187.40217301986
678,337.06564479639997,309.0,219.0,19.97498435543818,0.0007636351007410256,286786.18857027934,26157.760867794856
679,337.5653358511,383.0,294.0,21.72556098240043,0.0007630760186620412,385282.714709725,28471.030999628972
680,338.06502704,421.0,329.0,22.64950330581225,0.0007625173098813883,431465.6149264033,29703.592314954058
681,338.5647183631,427.0,340.0,22.67156809750927,0.0007619589766143992,446218.2485344773,29754.315905884465
682,339.0644098204,367.0,279.0,21.330729007701542,0.0007614010210497949,366429.7686589964,28015.1042853757
683,339.56410141189997,330.0,233.0,20.663978319771825,0.0007608434453499652,306239.08430048573,27159.303856875595
684,340.0637931376,320.0,205.0,20.85665361461421,0.0007602862516511456,269635.28480857424,27432.63286600138
685,340.5634849975,315.0,243.0,19.672315572906005,0.0007597294420637908,319850.7080887836,25893.843891934117
686,341.06317699159996,310.0,225.0,19.87460691435179,0.0007591730186726886,296375.1272317107,26179.285124094444
687,341.5628691199,320.0,208.0,20.784609690826528,0.0007586169835372974,274183.1576589976,27398.02844106067
688,342.0625613824,309.0,210.0,20.19900987672416,0.0007580613386919955,277022.437738807,26645.61407600174
689,342.5622537791,302.0,209.0,19.87460691435179,0.0007575060861462818,275905.3739927841,26236.894036668917
690,343.06194631,288.0,196.0,19.493588689617926,0.0007569512278849858,258933.4593559587,25752.767115637547
691,343.5616389751,294.0,200.0,19.69771560359221,0.0007563967658686385,264411.4954276966,26041.51219627645
692,344.0613317744,314.0,225.0,20.07485989988473,0.0007558427020335184,297680.98493861256,26559.573633343745
693,344.5610247079,324.0,246.0,20.049937655763422,0.000755289038292093,325703.1249338275,26546.046135002303
694,345.0607177756,314.0,215.0,20.322401432901575,0.0007547357765330679,284867.9056763649,26926.511323279206
695,345.56041097749994,310.0,210.0,20.248456731316587,0.0007541829186217142,278447.0382646422,26848.203839356484
696,346.06010431359994,293.0,207.0,19.467922333931785,0.000753630466400043,274670.42433780804,25832.18593447601
697,346.55979778389997,318.0,238.0,19.94993734326,0.0007530784216871145,316036.1433100298,26491.181753111905
698,347.0594913884,263.0,182.0,18.547236990991408,0.0007525267862791567,241851.85606467625,24646.613687597215
699,347.55918512709997,290.0,209.0,19.261360284258224,0.0007519755619498286,277934.5640675812,25614.34341604752
700,348.05887899999993,302.0,207.0,19.924858845171276,0.0007514247504504642,275476.68595678755,26516.106680311925
701,348.5585730071,284.0,191.0,19.4164878389476,0.0007508743535102342,254370.12078931887,25858.50448637404
702,349.0582671484,307.0,216.0,19.949937343260004,0.0007503243728364283,287875.49467900366,26588.417044009733
703,349.5579614239,307.0,162.0,21.2602916254693,0.0007497748101145443,216064.87416568585,28355.569350511163
704,350.05765583359994,327.0,135.0,22.781571499789035,0.0007492256670086399,180186.03198553156,30406.822006975268
705,350.55735037750003,408.0,265.0,23.473389188611005,0.0007486769451614499,353957.7406685785,31353.161520886744
706,351.0570450556,717.0,614.0,28.635642126552707,0.00074812864619464,820714.46284421,38276.36098712172
707,351.5567398679,1066.0,986.0,33.85262175962152,0.0007475807717089414,1318921.028086425,45282.895227810244
708,352.05643481439995,1213.0,1129.0,36.013886210738214,0.000747033323284442,1511311.4299054095,48209.20980124134
709,352.55612989509996,872.0,777.0,31.096623610932426,0.0007464863024807139,1040876.4332552163,41657.326474166395
710,353.05582511,446.0,357.0,23.13006701244075,0.000745939710836998,478590.9569010883,31007.95771616335
711,353.55552045909997,328.0,240.0,20.39607805437114,0.0007453935498724957,321977.5647925227,27362.83143026931
712,354.05521594239997,308.0,217.0,19.97498435543818,0.0007448478210864617,291334.67784530274,26817.53747537578
713,354.55491155989995,251.0,170.0,18.2208671582886,0.0007443025259584457,228401.75072775592,24480.45858077051
714,355.0546073116,274.0,195.0,18.788294228055936,0.0007437576659484241,262182.1715966317,25261.311699016238
715,355.55430319749996,297.0,201.0,19.82422760159901,0.0007432132424970814,270447.2801435442,26673.673809945412
716,356.0539992176,276.0,194.0,18.920887928424502,0.0007426692570259602,261219.91473954153,25476.86974979108
717,356.55369537189995,300.0,231.0,19.20937271229855,0.0007421257109375459,311268.0191448588,25884.25711330075
718,357.0533916604,280.0,205.0,18.841443681416774,0.0007415826056155931,276435.82582391886,25407.07338432831
719,357.55308808309996,277.0,195.0,18.947295321496416,0.0007410399424252117,263143.7103940994,25568.5209888786
720,358.05278463999997,285.0,199.0,19.261360284258224,0.0007404977227131014,268738.1660957526,26011.370046739292
721,358.55248133109995,263.0,190.0,18.33030277982336,0.0007399559478076836,256772.04239377432,24772.154118271174
722,359.0521781564,277.0,192.0,19.026297590440446,0.0007394146190192655,259664.86875071836,25731.56805538452
723,359.5518751159,284.0,202.0,19.131126469708992,0.0007388737376403022,273389.06461219693,25892.281042234565
724,360.05157220959995,266.0,170.0,19.026297590440446,0.0007383333049454494,230248.31585046835,25769.252806286688
725,360.55126943749997,291.0,196.0,19.6468827043885,0.0007377933221917994,265657.05341129005,26629.249836556563
726,361.05096679959996,254.0,166.0,18.49324200890693,0.0007372537906190713,225159.91387526126,25083.956493974987
727,361.5506642959,296.0,211.0,19.519221295943137,0.0007367147114497048,286406.6601640069,26494.952513617216
728,362.0503619264,260.0,175.0,18.57417562100671,0.0007361760858890614,237714.86653041287,25230.615306628904
729,362.5500596911,295.0,200.0,19.748417658131498,0.0007356379151256106,271872.88187266677,26845.296105706355
730,363.04975758999996,296.0,221.0,19.261360284258224,0.0007351002003310897,300639.2868624732,26202.360270862246
731,363.5494556231,289.0,194.0,19.595917942265423,0.000734562942660567,264102.6231153688,26676.975932504218
732,364.0491537904,285.0,203.0,19.157244060668017,0.0007340261432527611,276556.9072246207,26098.857972244237
733,364.54885209189996,288.0,201.0,19.364916731037084,0.0007334898032300277,274032.4393261742,26401.071488330024
734,365.04855052759996,271.0,199.0,18.520259177452136,0.000732953923698671,271504.106282419,25267.971940165382
735,365.5482490975,255.0,162.0,18.65475810617763,0.0007324185057489748,221185.01748442033,25470.080233842786
736,366.0479478016,287.0,181.0,19.82422760159901,0.0007318835504554415,247307.10218499388,27086.58718899018
737,366.5476466399,246.0,171.0,17.91647286716892,0.0007313490588768632,233814.48013703013,24497.840873253255
738,367.04734561239997,288.0,201.0,19.364916731037084,0.0007308150320565616,275035.3936130361,26497.698982111702
739,367.5470447191,282.0,214.0,18.708286933869708,0.0007302814710224159,293037.6964109381,25617.912649046877
740,368.04674396,277.0,190.0,19.078784028338912,0.0007297483767871916,260363.7171986579,26144.332259203704
741,368.5464433351,266.0,177.0,18.841443681416774,0.0007292157503484117,242726.51806468968,25837.954915831873
742,369.0461428444,247.0,182.0,17.663521732655695,0.0007286835926888127,249765.46998736096,24240.317621916012
743,369.54584248789996,265.0,177.0,18.788294228055936,0.0007281519047762523,243081.14672087392,25802.712462627194
744,370.0455422656,243.0,160.0,18.05547008526779,0.0007276206875639717,219894.79234801576,24814.399032161065
745,370.5452421775,264.0,183.0,18.574175621006713,0.0007270899419906467,251688.2567498838,25545.911926870875
746,371.04494222359995,284.0,211.0,18.894443627691185,0.0007265596689806213,290409.73371951334,26005.35707438935
747,371.54464240389996,214.0,134.0,17.146428199482248,0.0007260298694439693,184565.40927527408,23616.698046615984
748,372.0443427184,274.0,203.0,18.57417562100671,0.0007255005442766786,279806.8197211213,25601.876893869314
749,372.54404316709997,277.0,194.0,18.973665961010276,0.0007249716943607317,267596.65447499446,26171.59553758985
750,373.04374375,275.0,206.0,18.547236990991408,0.0007244433205643347,284356.2693621468,25602.05396958216
751,373.54344446709996,254.0,166.0,18.49324200890693,0.0007239154237418833,229308.55533088956,25546.13619546365
752,374.0431453184,271.0,192.0,18.708286933869708,0.0007233880047342647,265417.72706133116,25862.036433327594
753,374.5428463039,277.0,199.0,18.841443681416774,0.0007228610643689252,275294.94920816034,26065.096890874596
754,375.04254742359996,272.0,183.0,19.0,0.0007223346034599518,253345.19365878066,26303.599341622034
755,375.54224867749997,291.0,205.0,19.416487838947596,0.0007218086228082515,284008.79890078324,26899.772634200835
756,376.04195006559996,261.0,195.0,18.083141320025124,0.0007212831232016293,270351.5356555614,25070.795001770915
757,376.5416515879,245.0,161.0,18.138357147217054,0.0007207581054149941,223375.9132091901,25165.665166919563
758,377.0413532444,275.0,189.0,19.0,0.0007202335702103859,262414.87180997635,26380.33102851614
759,377.5410550351,274.0,192.0,18.867962264113206,0.000719709518337174,266774.2958903743,26216.07993695288
760,378.04075695999995,262.0,183.0,18.46618531261939,0.0007191859505321226,254454.3589381843,25676.5100860999
761,378.5404590191,272.0,192.0,18.76166303929372,0.0007186628675195429,267162.8223435085,26106.348174143735
762,379.0401612124,263.0,187.0,18.411952639521967,0.0007181402700114129,260394.81116555145,25638.3793088631
763,379.53986353989995,276.0,208.0,18.547236990991408,0.0007176181587074354,289847.73793161387,25845.55137846352
764,380.03956600159995,244.0,157.0,18.193405398660254,0.0007170965342952641,218938.44481384056,25370.929196499404
765,380.5392685975,259.0,188.0,18.16590212458495,0.0007165753974504971,262358.99344142294,25350.998916816563
766,381.0389713276,281.0,194.0,19.18332609325088,0.0007160547488369019,270929.00412310235,26790.30636192363
767,381.5386741919,260.0,191.0,18.138357147217054,0.0007155345891064257,266933.28723426873,25349.37852531854
768,382.03837719039996,234.0,149.0,17.86057109949175,0.0007150149188993931,208387.26026773322,24979.2985116788
769,382.53808032309996,283.0,211.0,18.841443681416774,0.0007144957388445704,295313.1677750991,26370.267388698165
770,383.03778359,277.0,188.0,19.131126469708992,0.0007139770495592766,263313.78594879,26795.156064915875
771,383.53748699109997,260.0,190.0,18.16590212458495,0.0007134588516495088,266308.2805136164,25461.73767777299
772,384.03719052639997,281.0,196.0,19.131126469708992,0.0007129411457100098,274917.5036107726,26834.089440379437
773,384.53689419589995,284.0,204.0,19.078784028338912,0.0007124239323244831,286346.36028353614,26780.09982916916
774,385.0365979996,260.0,178.0,18.49324200890693,0.0007119072120655306,250032.58427955807,25977.03983817014
775,385.53630193749996,276.0,190.0,19.026297590440446,0.0007113909854948831,267082.3834910214,26745.20478665427
776,386.0360060096,277.0,210.0,18.547236990991408,0.0007108752531634865,295410.4803416252,26090.70565961301
777,386.53571021589994,248.0,172.0,18.0,0.000710360015611578,242130.74528402073,25339.26404135101
778,387.0354145564,282.0,200.0,19.078784028338912,0.0007098452733687748,281751.5415026186,26877.384049900138
779,387.5351190311,256.0,177.0,18.303005217723125,0.0007093310269542236,249530.88653123676,25803.192757990415
780,388.03482363999996,266.0,187.0,18.57417562100671,0.0007088172768766158,263819.7545409876,26204.46231623094
781,388.53452838309994,259.0,175.0,18.520259177452136,0.0007083040236344187,247069.0468508814,26147.33018516793
782,389.0342332604,280.0,170.0,19.748417658131498,0.0007077912677158445,240183.8052461669,27901.471180709526
783,389.5339382719,269.0,180.0,18.920887928424502,0.0007072790095990205,254496.45409673316,26751.660478587328
784,390.0336434176,250.0,171.0,18.138357147217054,0.000706767249752056,241946.69470039709,25663.83367873971
785,390.53334869749995,276.0,186.0,19.131126469708992,0.0007062559886331606,263360.5986973245,27088.090972133294
786,391.03305411159994,250.0,163.0,18.35755975068582,0.0007057452266906925,230961.5337596015,26011.596049705062
787,391.53275965989997,237.0,141.0,18.24828759089466,0.0007052349643633244,199933.3656511099,25875.47202423371
788,392.0324653424,259.0,178.0,18.439088914585774,0.0007047252020800416,252580.72149913412,26164.93472939753
789,392.53217115909996,265.0,198.0,18.2208671582886,0.0007042159402603236,281163.7577059196,25873.977166084867
790,393.0318771099999,236.0,165.0,17.52141546793523,0.0007037071793141799,234472.52614476092,24898.730584234316
791,393.5315831951,247.0,159.0,18.303005217723125,0.0007031989196422807,226109.56239933326,26028.204404855907
792,394.03128941439996,287.0,214.0,18.973665961010276,0.000702691161636001,304543.4633072182,27001.4296420577
793,394.5309957679,275.0,210.0,18.439088914585778,0.0007021839056775217,299066.9514097958,26259.629087901565
794,395.0307022556,261.0,175.0,18.627936010197157,0.0007016771521399737,249402.44878472286,26547.730609990238
795,395.5304088775,246.0,188.0,17.435595774162696,0.0007011709013874078,268122.93497634336,24866.399532072508
796,396.03011563359996,268.0,196.0,18.439088914585774,0.0007006651537749856,279734.1910668847,26316.549089449047
797,396.52982252389995,227.0,151.0,17.406895185529212,0.0007001599096490137,215665.01868936693,24861.313745106017
798,397.0295295484,266.0,177.0,18.841443681416774,0.0006996551693470898,252981.76552482898,26929.614054019487
799,397.5292367070999,281.0,210.0,18.76166303929372,0.0006991509331980729,300364.3276844572,26834.925262094224
800,398.02894399999997,232.0,148.0,17.776388834631177,0.0006986472015222454,211837.9629626092,25444.01351053743
801,398.5286514271,242.0,174.0,17.60681686165901,0.0006981439746314232,249232.2591366075,25219.464038136713
802,399.0283589884,250.0,175.0,18.027756377319946,0.0006976412528289577,250845.25791783296,25841.0125608496
803,399.52806668389997,271.0,219.0,17.97220075561143,0.0006971390364098483,314141.06593114353,25779.937454320898
804,400.0277745136,216.0,128.0,17.435595774162696,0.0006966378585768658,183739.65529448283,25028.205917176525
805,400.5274824775,250.0,180.0,17.88854381999832,0.0006961462290671615,258566.36505982466,25696.53195416864
806,401.02719057559995,271.0,193.0,18.681541692269406,0.0006956550817201629,277436.340323662,26854.603931125053
807,401.52689880789995,246.0,181.0,17.635192088548397,0.0006951644168643194,260370.05866387315,25368.37568311612
808,402.0266071744,245.0,179.0,17.6351920885484,0.0006946742348198555,257674.73590901023,25386.276335873605
809,402.52631567509997,241.0,154.0,18.110770276274835,0.0006941845358990167,221843.02881446274,26089.273586050345
810,403.02602430999997,220.0,155.0,16.881943016134134,0.0006936953204060378,223441.0344721289,24336.250396287374
811,403.52573307909995,257.0,185.0,18.138357147217057,0.0006932065886372286,266875.70925096166,26165.875288166495
812,404.0254419824,258.0,178.0,18.384776310850235,0.0006927183408810954,256958.69373632417,26540.045536351645
813,404.52515101989997,256.0,198.0,17.72004514666935,0.0006922305774183862,286031.86056649475,25598.47213446525
814,405.0248601916,254.0,174.0,18.275666882497067,0.0006917432985221653,251538.3963556021,26419.72379283045
815,405.52456949749995,251.0,192.0,17.60681686165901,0.0006912565044578889,277755.07175961277,25470.74312952322
816,406.02427893759995,233.0,182.0,16.852299546352718,0.0006907701954834369,263474.01956540253,24396.39066152616
817,406.5239885119,249.0,170.0,18.110770276274835,0.000690284371849237,246275.3133821914,26236.680149308602
818,407.0236982204,229.0,147.0,17.6351920885484,0.0006897990337983567,213105.54639450437,25565.695549674474
819,407.52340806309996,255.0,182.0,18.11077027627483,0.0006893141815665271,264030.5463995953,26273.607537156007
820,408.02311803999993,231.0,146.0,17.776388834631177,0.0006888298153821186,211953.65929247497,25806.648373328582
821,408.5228281511,239.0,168.0,17.60681686165901,0.0006883459354664528,244063.32825391926,25578.442400081687
822,409.02253839639997,261.0,183.0,18.411952639521967,0.0006878625420336297,266041.52547538065,26766.906924584076
823,409.5222487759,296.0,213.0,19.467922333931785,0.0006873796352907195,309872.433025913,28321.93642992936
824,410.0219592896,260.0,191.0,18.138357147217054,0.0006868972154378022,278061.98031864763,26406.217319801413
825,410.5216699375,256.0,179.0,18.24828759089466,0.0006864152826680421,260775.0796343594,26584.9086575768
826,411.02138071959996,257.0,178.0,18.330302779823363,0.0006859338371677361,259500.24675116362,26723.13536172867
827,411.52109163589995,270.0,191.0,18.681541692269406,0.0006854528791163857,278647.89224638935,27254.304798240395
828,412.0208026864,307.0,232.0,19.544820285692065,0.0006849724086867499,338699.7739730824,28533.733677191456
829,412.5205138710999,230.0,161.0,17.291616465790582,0.0006844924260449293,235210.78374858765,25261.954417382523
830,413.02022518999996,250.0,172.0,18.110770276274835,0.0006840129313504193,251457.2343836063,26477.233757144717
831,413.5199366431,221.0,157.0,16.881943016134134,0.0006835339247561847,229688.67281313305,24698.032394157894
832,414.0196482304,247.0,190.0,17.435595774162696,0.0006830554064086827,278161.9151497061,25525.887959564305
833,414.51935995189996,211.0,144.0,16.673332000533065,0.0006825773764479801,210965.0934365159,24427.021134656312
834,415.01907180759997,219.0,160.0,16.673332000533065,0.0006820998350077673,234569.7679258023,24444.122611968087
835,415.51878379749996,229.0,168.0,17.029386365926403,0.0006816227822154506,246470.63505412257,24983.59328685653
836,416.0184959216,227.0,158.0,17.204650534085253,0.0006811462181922062,231961.94264917064,25258.380762572826
837,416.51820817989994,240.0,182.0,17.262676501632072,0.0006806701430529704,267383.55113342556,25361.295302603972
838,417.0179205724,209.0,115.0,17.406895185529212,0.0006801945569066387,169069.27412502732,25591.05333728571
839,417.5176330991,221.0,144.0,17.262676501632072,0.0006797194598559853,211852.10738340465,25396.766638532874
840,418.01734575999996,226.0,149.0,17.406895185529212,0.000679244851997834,219361.25030871067,25626.83417376083
841,418.51705855509994,249.0,179.0,17.86057109949175,0.000678770733422974,263712.01819106226,26313.113132357146
842,419.0167714844,248.0,174.0,17.944358444926362,0.0006782971042164131,256524.75724632415,26455.01260934346
843,419.5164845479,241.0,177.0,17.46424919657298,0.0006778239644572587,261129.74648473208,25765.16929518242
844,420.0161977456,236.0,158.0,17.72004514666935,0.0006773513142188236,233261.52423904042,26160.789496814577
845,420.51591107749994,244.0,169.0,17.86057109949175,0.0006768791535687378,249675.29153317006,26386.646723162805
846,421.0156245435999,199.0,140.0,16.06237840420901,0.0006764074825689382,206975.82981828036,23746.600707617043
847,421.5153381439,224.0,160.0,16.97056274847714,0.000675936301275755,236708.6953282694,25106.748544865957
848,422.01505187839996,240.0,170.0,17.60681686165901,0.000675465609739945,251678.24615889796,26066.192871666186
849,422.51476574709994,217.0,144.0,17.0293863659264,0.0006749954080067514,213334.78463983815,25228.892173079894
850,423.01447974999996,230.0,157.0,17.406895185529212,0.0006745256961159915,232756.14391568303,25806.126120562087
851,423.5141938871,226.0,160.0,17.08800749063506,0.0006740564741020551,237368.83502698218,25351.002693652434
852,424.0139081584,246.0,170.0,17.944358444926362,0.0006735877419939489,252379.88965886965,26639.97179017483
853,424.51362256389996,241.0,165.0,17.804493814764857,0.0006731194998154358,245127.35115420326,26450.71762093761
854,425.01333710359995,256.0,186.0,18.05547008526779,0.0006726517475850075,276517.5303086445,26842.22578784871
855,425.5130517775,240.0,179.0,17.349351572897472,0.0006721844853159254,266295.94093631953,25810.40168569691
856,426.0127665856,212.0,141.0,16.822603841260722,0.0006717177130163258,209909.60528172503,25044.156965460064
857,426.5124815279,217.0,157.0,16.64331697709324,0.0006712514306892428,233891.49403941227,24794.460341043647
858,427.01219660439995,204.0,140.0,16.3707055437449,0.0006707856383326452,208710.4911011429,24405.27138362286
859,427.51191181509995,232.0,175.0,17.0,0.0006703203359395517,261069.2091784922,25361.008891624955
860,428.01162716,231.0,153.0,17.578395831246947,0.0006698555234979218,228407.46195694344,26242.070438494316
861,428.51134263909995,245.0,181.0,17.578395831246947,0.0006693912009908935,270394.94951840927,26260.273223230022
862,429.01105825239995,226.0,149.0,17.406895185529212,0.0006689273683966922,222744.6611388143,26022.100466976928
863,429.5107739998999,206.0,136.0,16.61324772583615,0.0006684640256888065,203451.48695153985,24852.867300850387
864,430.0104898816,228.0,163.0,17.11724276862369,0.0006680011728358566,244011.54762650825,25624.569932947998
865,430.5102058975,204.0,130.0,16.673332000533065,0.0006675388098017994,194745.23142496933,24977.32230053199
866,431.00992204759996,227.0,156.0,17.26267650163207,0.0006670769365458907,233856.0838390913,25878.089251620386
867,431.50963833189996,215.0,128.0,17.378147196982766,0.0006666155530227933,192014.72185816724,26069.219534679178
868,432.0093547504,242.0,170.0,17.72004514666935,0.0006661546591825387,255195.99338780105,26600.49720047628
869,432.5090713031,230.0,152.0,17.549928774784245,0.0006656942549706687,228333.05059347,26363.347202925037
870,433.00878799,230.0,166.0,17.146428199482248,0.0006652343403281577,249536.12574797746,25775.019658522102
871,433.50850481109995,230.0,160.0,17.320508075688775,0.0006647749151916096,240682.96854113822,26054.695626859575
872,434.0082217664,238.0,158.0,17.832554500127006,0.0006643159794931334,237838.62631236488,26843.482695889797
873,434.50793885589997,234.0,159.0,17.578395831246947,0.0006638575331605349,239509.22006265825,26479.16902826817
874,435.0076560796,237.0,178.0,17.204650534085253,0.0006633995761172598,268314.91367811407,25934.069229860695
875,435.50737343749995,227.0,151.0,17.406895185529212,0.000662942108282491,227772.5281189354,26257.036576882874
876,436.00709092959994,233.0,175.0,17.05872210923198,0.0006624851295711622,264156.8726429836,25749.592478059665
877,436.50680855589997,204.0,143.0,16.278820596099706,0.0006620286398939998,216002.739734789,24589.299639221314
878,437.00652631639997,207.0,133.0,16.76305461424021,0.0006615726391575772,201036.12532912096,25338.192092686426
879,437.50624421109995,226.0,166.0,16.911534525287763,0.0006611171272643507,251090.15203840597,25580.23960938106
880,438.00596224,222.0,156.0,16.97056274847714,0.0006606621041126907,236126.7568230169,25687.204764483402
881,438.5056804031,236.0,177.0,17.175564037317667,0.0006602075695969736,268097.5016812521,26015.40004729506
882,439.0053987004,271.0,211.0,18.193405398660254,0.0006597535236075019,319816.4048389794,27576.064011268256
883,439.50511713189996,212.0,138.0,16.911534525287763,0.0006592999660306803,209312.91841379864,25650.74381408476
884,440.00483569759996,212.0,151.0,16.522711641858304,0.0006588468967489479,229188.29965672313,25078.226403416218
885,440.5045543975,230.0,155.0,17.46424919657298,0.0006583943156409208,235421.23058749927,26525.516368670684
886,441.0042732316,230.0,155.0,17.46424919657298,0.0006579422225813194,235582.99601427774,26543.742895926487
887,441.5039921999,223.0,170.0,16.61324772583615,0.0006574906174410948,258558.82272758128,25267.65749219919
888,442.00371130239995,228.0,147.0,17.578395831246947,0.0006570395000873958,223730.84111449445,26753.94071271022
889,442.50343053909995,234.0,168.0,17.320508075688775,0.0006565888703836548,255867.87650213297,26379.533459907932
890,443.00314991,213.0,144.0,16.792855623746664,0.0006561387281896191,219465.78339814916,25593.452881649835
891,443.50286941509995,223.0,141.0,17.46424919657298,0.0006556890733613869,215040.9481084749,26634.95535626755
892,444.00258905439995,196.0,133.0,16.09347693943108,0.0006552399057514062,202979.09030354346,24561.197811930644
893,444.5023088278999,233.0,166.0,17.320508075688775,0.000654791225208566,253515.92020361175,26451.955079532097
894,445.0020287356,219.0,148.0,17.029386365926403,0.0006543430315782005,226181.05925731483,26025.16653207641
895,445.5017487775,213.0,149.0,16.64331697709324,0.0006538953247021426,227865.2169104762,25452.57069191384
896,446.00146895359995,209.0,149.0,16.401219466856727,0.0006534481044186823,228021.16800469218,25099.498117677624
897,446.50118926389996,203.0,138.0,16.370705543744897,0.0006530013705627774,211331.86884595235,25069.94055714784
898,447.0009097084,203.0,138.0,16.370705543744897,0.0006525551229658731,211476.38742423453,25087.084550558407
899,447.50063028709997,224.0,177.0,16.46207763315433,0.0006521093614560797,271426.8655870556,25244.351033999177
900,448.00035099999997,213.0,135.0,17.05872210923198,0.000651664085858186,207161.9457472733,26177.170845263165
901,448.50007184709995,212.0,151.0,16.522711641858304,0.0006512192959936487,231872.73615656604,25371.962629957834
902,448.9997928284,194.0,124.0,16.24807680927192,0.0006507749916806741,190542.04845788697,24967.27289306258
903,449.4995139439,198.0,121.0,16.583123951777,0.0006503311727341489,186059.0497166034,25499.50647768821
904,449.9992351936,225.0,161.0,17.0,0.0006498878389658803,247735.05572313478,26158.359921076342
905,450.49895657749994,192.0,126.0,16.06237840420901,0.0006494449901843942,194011.81301625769,24732.469488522016
906,450.9986780955999,202.0,133.0,16.46207763315433,0.0006490026261950992,204929.83330396932,25365.194174430966
907,451.4983997479,236.0,170.0,17.378147196982766,0.0006485607468002971,262118.8544615172,26794.94138786323
908,451.99812153439996,242.0,175.0,17.578395831246947,0.0006481193517992389,270011.99626918085,27122.158569170486
909,452.49784345509994,188.0,129.0,15.716233645501712,0.0006476784409880879,199172.91025342708,24265.488320910106
910,452.99756550999996,229.0,159.0,17.291616465790582,0.0006472380141599602,245659.2420739742,26716.008774968344
911,453.4972876991,228.0,171.0,16.881943016134134,0.000646798071105068,264379.26709930185,26100.793694840468
912,453.9970100224,241.0,171.0,17.635192088548397,0.0006463586116105936,264559.01867525664,27283.91294208195
913,454.49673247989995,206.0,148.0,16.24807680927192,0.0006459196354608171,229130.67179698395,25154.951045388316
914,454.99645507159994,228.0,168.0,16.97056274847714,0.0006454811424371396,260270.9652611745,26291.337783163544
915,455.4961777975,228.0,166.0,17.029386365926403,0.0006450431323180399,257347.1318165331,26400.38396305261
916,455.9959006576,230.0,163.0,17.233687939614086,0.0006446056048792353,252867.79817953572,26735.24370431554
917,456.49562365189996,182.0,118.0,15.684387141358123,0.0006441685598935538,183181.86783207644,24348.26552843545
918,456.9953467804,219.0,154.0,16.852299546352718,0.0006437319971311328,239229.99118626863,26179.061506118956
919,457.49507004309993,217.0,155.0,16.703293088490067,0.0006432959163592704,240946.65620951183,25965.178176510526
920,457.99479343999997,206.0,135.0,16.64331697709324,0.0006428603173425734,209998.96300654678,25889.476342065445
921,458.4945169711,207.0,133.0,16.76305461424021,0.0006424251998429919,207027.9933484942,26093.39518178472
922,458.9942406364,192.0,140.0,15.620499351813308,0.0006419905636197344,218071.74113376095,24331.353507347943
923,459.49396443589995,203.0,142.0,16.248076809271918,0.0006415564084294509,221336.7338152232,25326.029941852958
924,459.99368836959997,205.0,147.0,16.217274740226856,0.0006411227340261179,229285.27128787097,25295.1172677745
925,460.49341243749996,197.0,135.0,16.09347693943108,0.0006406895401611453,210710.4791597581,25118.99435002993
926,460.9931366396,190.0,122.0,16.06237840420901,0.0006402568265834141,190548.53448580226,25087.398895724804
927,461.49286097589993,202.0,145.0,16.09347693943108,0.000639824593039233,226624.61177247815,25152.951472192406
928,461.99258544639997,257.0,172.0,18.493242008906932,0.0006393928392724147,269005.2021785609,28923.12968338991
929,462.4923100511,295.0,240.0,18.708286933869704,0.0006389615650243317,375609.4468543828,29279.205445099487
930,462.99203479,277.0,218.0,18.33030277982336,0.0006385307700338209,341408.76247585256,28706.999944344832
931,463.49175966309997,248.0,184.0,17.663521732655695,0.0006381004540374104,288355.8518659391,27681.412261806858
932,463.9914846704,219.0,167.0,16.46207763315433,0.0006376706167691309,261890.69342121258,25815.957643716298
933,464.4912098119,199.0,142.0,16.0,0.0006372412579606885,222835.540269993,25108.229889576676
934,464.99093508759995,223.0,167.0,16.703293088490067,0.0006368123773413879,262243.64654657646,26229.53586144828
935,465.49066049749996,220.0,155.0,16.881943016134134,0.0006363839746382786,243563.64424183086,26527.919760597128
936,465.99038604159995,227.0,163.0,17.05872210923198,0.0006359560495760589,256307.0201292355,26823.74374865003
937,466.49011171989997,206.0,140.0,16.492422502470642,0.000635528601877166,220289.06265820432,25950.716385945245
938,466.9898375324,200.0,161.0,15.459624833740307,0.0006351016312617834,253502.73416891476,24341.969966328088
939,467.48956347909996,181.0,127.0,15.329709716755891,0.0006346751374478831,200102.371286647,24153.632011486672
940,467.98928956,177.0,125.0,15.132745950421556,0.0006342491201512252,197083.44249684733,23859.309330714448
941,468.4890157751,204.0,135.0,16.522711641858304,0.000633823579085357,212993.02275060923,26068.31330841542
942,468.9887421244,217.0,142.0,17.08800749063506,0.0006333985139617191,224187.4536645694,26978.287940327904
943,469.48846860789996,217.0,159.0,16.583123951777,0.00063297392448958,251195.1817418309,26198.7473893958
944,469.98819522559995,217.0,155.0,16.703293088490067,0.0006325498103761318,245039.99125038495,26406.288982298203
945,470.4879219775,222.0,163.0,16.76305461424021,0.0006321261713264458,257859.913722545,26518.526481928162
946,470.9876488636,226.0,170.0,16.792855623746664,0.0006317030070435798,269113.8052288424,26583.46633861783
947,471.4873758839,198.0,137.0,16.09347693943108,0.0006312803172285171,217019.280121809,25493.392555126036
948,471.98710303839994,210.0,139.0,16.76305461424021,0.0006308581015801667,220334.81008143397,26571.830610167784
949,472.48683032709994,240.0,180.0,17.320508075688775,0.0006304363597955493,285516.5270898621,27473.840628903163
950,472.98655775,199.0,135.0,16.217274740226856,0.0006300150915696346,214280.58122172562,25741.089312357184
951,473.4862853071,211.0,162.0,16.1245154965971,0.0006295942965954625,257308.5570755908,25610.96182699014
952,473.9860129984,208.0,151.0,16.278820596099706,0.0006291739745641386,239997.21238407155,25873.321615657875
953,474.48574082389996,199.0,121.0,16.64331697709324,0.0006287541251648504,192444.06542585389,26470.31058878476
954,474.98546878359997,189.0,152.0,15.033296378372908,0.0006283347480849392,241909.269642131,23925.61675793344
955,475.48519687749996,209.0,146.0,16.492422502470642,0.0006279158430097739,232515.2353222714,26265.339035590998
956,475.9849251056,200.0,151.0,15.779733838059501,0.0006274974096230082,240638.4435765539,25147.09000558225
957,476.48465346789993,220.0,149.0,17.05872210923198,0.0006270794476063628,237609.44577078838,27203.446348540303
958,476.9843819644,180.0,104.0,16.0,0.0006266619566398055,165958.69415410742,25532.1067929396
959,477.4841105951,201.0,140.0,16.186414056238647,0.0006262449364014987,223554.70178243975,25846.77833763944
960,477.98383936,192.0,130.0,15.937377450509226,0.0006258283865678647,207724.67786726519,25466.05074581573
961,478.48356825909997,183.0,124.0,15.556349186104045,0.0006254123068135432,198269.2036102971,24873.749711391472
962,478.9832972924,184.0,125.0,15.588457268119896,0.0006249966968114533,200001.05702592141,24941.663448219093
963,479.4830264599,226.0,168.0,16.852299546352718,0.0006245815562328379,268980.0848640033,26981.743822211658
964,479.98275576159995,196.0,135.0,16.0312195418814,0.0006241668847472187,216288.30894268546,25684.187888907116
965,480.48248519749995,221.0,153.0,17.0,0.0006237526820224948,245289.52645767102,27254.391828630116
966,480.98221476759994,204.0,146.0,16.186414056238647,0.0006233389477248268,234222.48927793896,25967.275292709845
967,481.48194447189996,202.0,144.0,16.1245154965971,0.0006229256815188383,231167.2231090142,25885.135217545958
968,481.98167431039997,190.0,137.0,15.588457268119896,0.0006225128830674904,220075.7666651326,25041.18017816164
969,482.48140428309995,167.0,106.0,15.0996688705415,0.0006221005520321894,170390.46124253437,24272.071164727397
970,482.98113438999997,212.0,151.0,16.522711641858304,0.0006216886880727216,242886.8385366807,26577.146985060746
971,483.4808646311,185.0,114.0,16.0,0.0006212772908473505,183492.94538758558,25753.395843871658
972,483.9805950064,177.0,118.0,15.362291495737216,0.0006208663600127935,190057.00356767356,24743.314318753975
973,484.48032551589995,182.0,101.0,16.217274740226856,0.0006204558952242367,162783.52865596992,26137.675320766888
974,484.98005615959994,200.0,122.0,16.67333200053307,0.0006200458961353824,196759.62821526715,26890.48037323445
975,485.4797869375,196.0,137.0,15.968719422671311,0.000619636362398416,221097.4182820976,25771.114143239527
976,485.9795178496,198.0,135.0,16.15549442140351,0.0006192272936641258,218013.64600899708,26089.76475472735
977,486.47924889589996,190.0,129.0,15.84297951775486,0.0006188186895817519,208461.70642840266,25601.973218460542
978,486.9789800764,213.0,141.0,16.88194301613413,0.0006184105497991874,228003.87225894845,27298.924673287183
979,487.4787113910999,197.0,132.0,16.186414056238643,0.0006180028739628838,213591.23971958694,26191.48670368606
980,487.97844284,190.0,126.0,15.937377450509228,0.0006175956617178717,204016.97714249647,25805.52040501492
981,488.4781744231,234.0,168.0,17.320508075688775,0.0006171889127078123,272201.9085905616,28063.543785480473
982,488.97790614039997,187.0,110.0,16.24807680927192,0.0006167826265750109,178344.84186240644,26343.27899198031
983,489.47763799189994,206.0,144.0,16.3707055437449,0.000616376802960425,233623.3279844012,26559.574379044236
984,489.9773699776,206.0,160.0,15.874507866387544,0.000615971441503679,259752.302167477,25771.499775436798
985,490.4771020975,197.0,144.0,15.811388300841896,0.0006155665418430762,233930.8429091153,25685.912449856034
986,490.97683435159996,183.0,127.0,15.459624833740307,0.0006151621036156123,206449.6483992725,25130.977254412188
987,491.47656673989997,183.0,118.0,15.748015748023622,0.000614758126457034,191945.40896930642,25616.60443397858
988,491.9762992624,185.0,123.0,15.716233645501712,0.0006143546100017731,200210.10341184714,25581.69726350121
989,492.47603191909997,200.0,132.0,16.3707055437449,0.0006139515538830222,215000.6774396898,26664.490773263937
990,492.97576470999996,220.0,152.0,16.97056274847714,0.0006135489577327619,247738.99145992077,27659.671709309394
991,493.47549763509994,178.0,117.0,15.459624833740307,0.0006131468211817602,190818.8968092468,25213.577400505645
992,493.9752306944,170.0,105.0,15.329709716755891,0.0006127451438595032,171359.98718592135,25018.084386925555
993,494.4749638879,208.0,161.0,15.968719422671311,0.0006123439253943947,262924.1400513676,26078.02373867966
994,494.9746972156,198.0,144.0,15.874507866387544,0.0006119431654135786,235315.97072855345,25941.1474195628
995,495.4744306775,172.0,107.0,15.39480431834065,0.000611542863543065,174967.29400140408,25173.712647300876
996,495.97416427359997,196.0,135.0,16.0312195418814,0.0006111430194077197,220897.55705764794,26231.5350626402
997,496.4738980039,193.0,120.0,16.30950643030009,0.0006107436326312936,196481.78644613738,26704.341329001054
998,496.9736318684,169.0,120.0,14.7648230602334,0.0006103447028363841,196610.20967715117,24190.957980987714
999,497.4733658671,179.0,121.0,15.394804318340652,0.0006099462296445182,198378.14239874852,25239.608952600418
1000,497.97309999999993,206.0,146.0,16.30950643030009,0.0006095482126760981,239521.66040979195,26756.712744175726
1001,498.4728342671,197.0,125.0,16.401219466856723,0.0006091506515505295,205203.75326173505,26924.734341347463
1002,498.97256866839996,182.0,121.0,15.588457268119896,0.0006087535458860394,198766.80935613243,25607.17284271574
1003,499.47230320389997,190.0,133.0,15.716233645501712,0.0006083568952999236,218621.66933183227,25833.904023975127
1004,499.97203787359996,195.0,131.0,16.09347693943108,0.0006079606994083738,215474.45439726667,26471.245518159583
1005,500.4717726775,174.0,119.0,15.132745950421556,0.0006075731459038448,195861.19103893553,24906.8709709176
1006,500.9715076156,218.0,152.0,16.852299546352718,0.0006071865133137649,250334.94102240325,27754.7329804479
1007,501.4712426879,196.0,143.0,15.7797338380595,0.0006068003154608522,235662.3692448058,26004.82141489185
1008,501.97097789439994,164.0,101.0,15.066519173319364,0.0006064145520050703,166552.73140469677,24845.246743342315
1009,502.47071323509994,187.0,128.0,15.684387141358123,0.0006060292226052548,211210.937072872,25880.578949530885
1010,502.97044870999997,184.0,128.0,15.491933384829668,0.000605644326919208,211345.16466307957,25579.259470049106
1011,503.4701843191,190.0,139.0,15.524174696260024,0.000605259864603646,229653.42347790409,25648.776011979615
1012,503.9699200624,194.0,147.0,15.524174696260024,0.0006048758353141831,243025.08286456115,25665.06014940487
1013,504.46965593989995,169.0,115.0,14.933184523068078,0.0006044922387054896,190242.31021769717,24703.68280500549
1014,504.9693919516,174.0,109.0,15.459624833740307,0.0006041090744311252,180430.9927021749,25590.78399591706
1015,505.4691280975,187.0,120.0,15.937377450509228,0.0006037263421436535,198765.55257455807,26398.3469628314
1016,505.96886437759997,166.0,110.0,14.899664425751341,0.0006033440414946429,182317.20616234292,24695.138098722127
1017,506.4686007919,191.0,119.0,16.217274740226856,0.0006029621721346942,197358.98120888567,26896.006896771163
1018,506.9683373404,180.0,114.0,15.684387141358124,0.0006025807337134032,189186.26770138353,26028.690039097506
1019,507.4680740231,208.0,119.0,17.233687939614086,0.0006021997258794024,197608.85780248788,28617.89402917353
1020,507.96781083999997,217.0,93.0,18.466185312619388,0.0006018191482803728,154531.47389167748,30683.944446407753
1021,508.46754779109995,232.0,62.0,20.049937655763422,0.000601439000563062,103086.0984105722,33336.61042432041
1022,508.9672848764,282.0,115.0,21.18962010041709,0.0006010592823732982,191328.88114782874,35253.79396313343
1023,509.4670220959,293.0,148.0,20.92844953645635,0.0006006799933559572,246387.43030733275,34841.262848676815
1024,509.9667594496,444.0,317.0,23.89560629069704,0.0006003011331550739,528068.3018769354,39806.032291003794
1025,510.46649693750004,519.0,432.0,24.61706725018234,0.0005999227014136997,720092.7702552429,41033.731832739395
1026,510.9662345596,562.0,486.0,25.258661880630175,0.0005995446977741198,810615.1247844109,42129.7394079306
1027,511.4659723159,506.0,441.0,23.895606290697042,0.0005991671218776242,736021.6939441335,39881.37102018351
1028,511.9657102064,403.0,332.0,21.771541057077243,0.0005987899733647732,554451.5018085497,36359.22781862343
1029,512.4654482311,273.0,222.0,18.0,0.0005984132518751469,370981.08924619557,30079.547776718562
1030,512.96518639,260.0,211.0,17.578395831246944,0.0005980369570476336,352821.0046443566,29393.494204818562
1031,513.4649246831,234.0,169.0,17.291616465790582,0.000597661088520198,282768.9525822102,28932.143647839657
1032,513.9646631104,198.0,141.0,15.968719422671311,0.0005972856459299938,236067.95334995582,26735.481643473082
1033,514.4644016719001,200.0,136.0,16.24807680927192,0.0005969106289134474,227839.80283205866,27220.283945769555
1034,514.9641403676001,183.0,125.0,15.524174696260024,0.0005965360371061269,209543.08243704954,26023.86734516458
1035,515.4638791975001,188.0,127.0,15.7797338380595,0.0005961618701428385,213029.39077531273,26468.87469384569
1036,515.9636181616,177.0,118.0,15.362291495737216,0.0005957881276576207,198056.98455913278,25784.823131899342
1037,516.4633572599,176.0,116.0,15.362291495737216,0.0005954148092837746,194822.1612753243,25800.989925353955
1038,516.9630964924,168.0,120.0,14.696938456699069,0.0005950419146538066,201666.46591579283,24698.996986203398
1039,517.4628358591,193.0,134.0,15.874507866387543,0.0005946694433995713,225335.27069081718,26694.675575790625
1040,517.96257536,169.0,104.0,15.297058540778355,0.0005942973951520973,174996.56038940488,25739.736814534434
1041,518.4623149951,186.0,141.0,15.198684153570662,0.0005939257695417431,237403.40498913146,25590.208293702348
1042,518.9620547644,182.0,124.0,15.491933384829668,0.0005935545661981975,208910.86862365133,26100.268226487973
1043,519.4617946679001,174.0,105.0,15.588457268119896,0.000593183784750385,177010.9074107354,26279.304439651205
1044,519.9615347056,171.0,114.0,15.0996688705415,0.0005928134248266063,192303.33731619554,25471.19926468947
1045,520.4612748775,160.0,105.0,14.662878298615182,0.0005924434860544393,177232.09465814196,24749.834615056967
1046,520.9610151836,164.0,116.0,14.560219778561036,0.0005920739680608066,195921.46633288002,24591.893182281725
1047,521.4607556239,172.0,114.0,15.1657508881031,0.0005917048704719869,192663.61608459518,25630.600059123717
1048,521.9604961983999,179.0,126.0,15.231546211727817,0.0005913361929136518,213076.75990398714,25757.845358117564
1049,522.4602369071,158.0,116.0,14.142135623730951,0.0005909679350107377,196288.14547762612,23930.461850648448
1050,522.9599777500001,169.0,117.0,14.866068747318506,0.0005906000963876374,198103.591102714,25171.124824133516
1051,523.4597187271,172.0,117.0,15.066519173319362,0.0005902326766681271,198226.91054732323,25526.40639682998
1052,523.9594598384001,171.0,115.0,15.066519173319364,0.000589865675475296,194959.6404424388,25542.288354343073
1053,524.4592010839001,166.0,112.0,14.832396974191328,0.000589499092431733,189991.81073882684,25161.01748860452
1054,524.9589424636,174.0,127.0,14.866068747318506,0.000589132927159374,215571.0437241332,25233.81067664699
1055,525.4586839775,187.0,132.0,15.556349186104045,0.0005887671792795938,224197.27974903953,26421.902805687212
1056,525.9584256256001,206.0,158.0,15.937377450509228,0.000588401848413207,268523.9695050108,27085.872509559413
1057,526.4581674079,158.0,102.0,14.628738838327793,0.0005880369341804476,173458.4922665756,24877.244928017997
1058,526.9579093244,154.0,96.0,14.560219778561036,0.0005876724362010019,163356.30886585443,24776.08082605562
1059,527.4576513751001,189.0,137.0,15.524174696260024,0.0005873083540940532,233267.58259948136,26432.749658749006
1060,527.95739356,173.0,122.0,14.966629547095765,0.0005869446874781453,207856.04266082164,25499.216308441402
1061,528.4571358791001,167.0,107.0,15.066519173319364,0.0005865814359714254,182412.86450328847,25685.298322419654
1062,528.9568783324,188.0,121.0,15.968719422671311,0.0005862185991914272,206407.64412267986,27240.212856939386
1063,529.4566209199,169.0,114.0,14.966629547095765,0.000585856176755225,194587.00705588027,25546.593414767278
1064,529.9563636416,161.0,106.0,14.696938456699069,0.0005854941682793756,181043.6478154994,25101.767452082033
1065,530.4561064975,185.0,142.0,15.0996688705415,0.0005851325733799351,242680.0463008873,25805.551694585054
1066,530.9558494876,174.0,119.0,15.132745950421556,0.0005847713916724879,203498.32720039794,25878.054511423383
1067,531.4555926119001,189.0,127.0,15.84297951775486,0.0005844106227721598,217312.95608141713,27109.32844205238
1068,531.9553358704001,185.0,136.0,15.297058540778355,0.0005840502662935534,232856.66979157602,26191.3390397973
1069,532.4550792631001,190.0,138.0,15.556349186104045,0.0005836903218508933,236426.74006037883,26651.716850083383
1070,532.9548227900001,148.0,74.0,14.89966442575134,0.0005833307890578688,126857.6961615837,25542.39327880434
1071,533.4545664511,157.0,112.0,14.212670403551895,0.000582971667527794,192119.11356680165,24379.693208459885
1072,533.9543102464,206.0,154.0,16.06237840420901,0.0005826129568735152,264326.4249158009,27569.552332658022
1073,534.4540541759,167.0,113.0,14.866068747318506,0.0005822546567074517,194073.1580216039,25531.90185095904
1074,534.9537982396,178.0,130.0,15.033296378372908,0.0005818967666416017,223407.32489422613,25834.988678725764
1075,535.4535424375,188.0,144.0,15.231546211727817,0.000581539286287597,247618.69644140537,26191.775123160194
1076,535.9532867696,158.0,109.0,14.38749456993816,0.0005811822152565409,187548.75345228188,24755.565797186937
1077,536.4530312359001,184.0,134.0,15.297058540778355,0.0005808255531593426,230706.10318557848,26336.75198615407
1078,536.9527758364001,147.0,98.0,14.0,0.0005804692996063254,168828.9114798382,24118.415925691173
1079,537.4525205711001,179.0,123.0,15.329709716755891,0.000580113454207533,212027.49067081162,26425.364910209024
1080,537.95226544,165.0,110.0,14.832396974191326,0.0005797580165726291,189734.33200680852,25583.772108709083
1081,538.4520104431,138.0,83.0,13.892443989449804,0.0005794029863108693,143250.9012914678,23977.1701521677
1082,538.9517555804,162.0,109.0,14.66287829861518,0.0005790483630312229,188239.88972078764,25322.372421290383
1083,539.4515008518999,157.0,100.0,14.628738838327793,0.000578694146342219,172802.8538599794,25278.878196353624
1084,539.9512462576001,191.0,131.0,15.84297951775486,0.0005783403358521236,226510.22569087334,27393.869207500284
1085,540.4509917975,192.0,140.0,15.620499351813308,0.0005779869311687973,242220.00957165917,27025.696446502254
1086,540.9507374716001,165.0,116.0,14.628738838327793,0.0005776339318998208,200819.22753131806,25325.276148882574
1087,541.4504832799,174.0,119.0,15.132745950421556,0.0005772813376524247,206138.65759791582,26213.81458815291
1088,541.9502292224,188.0,130.0,15.684387141358123,0.0005769291480335186,225330.96211746128,27185.98495988434
1089,542.4499752991001,168.0,119.0,14.730919862656235,0.0005765773626497442,206390.3436186228,25548.904304806856
1090,542.94972151,194.0,136.0,15.874507866387544,0.0005762259811073736,236018.51436590785,27549.101197902248
1091,543.4494678551,175.0,122.0,15.0996688705415,0.0005758750030124209,211851.5291718064,26220.392952558523
1092,543.9492143343999,188.0,138.0,15.427248620541512,0.0005755244279706591,239781.30778323,26805.54963572808
1093,544.4489609479001,175.0,137.0,14.594519519326424,0.0005751742555874583,238188.68572285815,25374.083380036205
1094,544.9487076956001,158.0,99.0,14.730919862656235,0.0005748244854680226,172226.48391429274,25626.813462308077
1095,545.4484545775,162.0,117.0,14.38749456993816,0.0005744751172172495,203664.1735968419,25044.591382183804
1096,545.9482015936001,162.0,107.0,14.730919862656235,0.0005741261504397697,186370.1904503741,25657.98448890132
1097,546.4479487439,166.0,104.0,15.0996688705415,0.0005737775847399499,181254.90218851154,26316.240425085693
1098,546.9476960284001,194.0,136.0,15.874507866387544,0.0005734294197218988,237169.5544779637,27683.455575206353
1099,547.4474434471,184.0,123.0,15.652475842498529,0.0005730816549895176,214629.10028458305,27312.819571557968
1100,547.947191,162.0,102.0,14.89966442575134,0.0005727342901464411,178093.05598573442,26014.96834062734
1101,548.4469386871,182.0,137.0,15.066519173319364,0.0005723873247960974,239348.41682387667,26322.244607157467
1102,548.9466865084,162.0,103.0,14.866068747318506,0.0005720407585416635,180057.0998867001,25987.778886975524
1103,549.4464344639,169.0,111.0,15.066519173319364,0.000571694590986071,194159.6120553543,26354.13979924545
1104,549.9461825536,165.0,105.0,15.0,0.0005713488217321391,183775.64809125714,26253.664013036734
1105,550.4459307775,172.0,128.0,14.696938456699067,0.000571003450382346,224166.77152176702,25738.790977283836
1106,550.9456791356,182.0,144.0,14.832396974191326,0.0005706584765390935,252340.0701472541,25991.722867495544
1107,551.4454276279,182.0,138.0,15.033296378372908,0.0005703138998044954,241972.00883111326,26359.687855278207
1108,551.9451762543999,186.0,128.0,15.620499351813308,0.0005699697197805515,224573.33356109212,27405.840713481197
1109,552.4449250151,164.0,118.0,14.491376746189438,0.0005696259360689881,207153.48885678,25440.1631467047
1110,552.9446739100001,172.0,126.0,14.7648230602334,0.0005692825482714196,221331.21836000207,25935.84346659772
1111,553.4444229391,165.0,108.0,14.89966442575134,0.000568939555989298,189826.84340202835,26188.48394157289
1112,553.9441721024001,169.0,125.0,14.594519519326424,0.0005685969588238355,219839.3749037407,25667.600385193306
1113,554.4439213999001,182.0,123.0,15.524174696260024,0.0005682547563761767,216452.21376479906,27319.040486804544
1114,554.9436708316,161.0,108.0,14.628738838327793,0.0005679129482472422,190169.99054753364,25758.7696908068
1115,555.4434203975001,174.0,113.0,15.329709716755891,0.0005675715340378305,199093.8467193603,27009.299792921112
1116,555.9431700976,166.0,104.0,15.0996688705415,0.0005672305133486004,183346.97720340226,26619.986963327836
1117,556.4429199319,152.0,105.0,14.106735979665883,0.0005668898857800335,185221.15605488585,24884.437583950166
1118,556.9426699004,184.0,131.0,15.394804318340652,0.0005665496509325253,231224.21800874392,27172.91290004543
1119,557.4424200031001,169.0,115.0,14.933184523068078,0.000566209808406307,203104.92381558506,26373.94178158101
1120,557.9421702400001,164.0,102.0,15.033296378372908,0.000565870357801529,180253.30112056347,26566.67940123067
1121,558.4419206111,230.0,186.0,16.55294535724685,0.0005655312987181574,328894.2635387125,29269.724584237916
1122,558.9416711164,240.0,194.0,16.911534525287763,0.0005651926307561069,343245.8058422833,29921.71802145358
1123,559.4414217559,228.0,165.0,17.05872210923198,0.0005648543535151846,292110.6989318166,30200.213564917492
1124,559.9411725296,208.0,166.0,15.811388300841896,0.0005645164665950306,294056.9670203865,28008.72824173006
1125,560.4409234375,190.0,144.0,15.362291495737216,0.0005641789695952474,255238.15625972074,27229.464981224683
1126,560.9406744796,158.0,107.0,14.45683229480096,0.0005638418621153316,189769.5208343959,25639.870442687836
1127,561.4404256559001,185.0,142.0,15.0996688705415,0.0005635051437546897,251994.15049495405,26795.973449205685
1128,561.9401769664,169.0,121.0,14.730919862656235,0.0005631688141126155,214855.64713070905,26157.20099108778
1129,562.4399284111,222.0,170.0,16.55294535724685,0.0005628328727884179,302043.4807899129,29410.0543119298
1130,562.9396799900001,239.0,184.0,17.146428199482248,0.0005624973193811626,327112.66998112906,30482.68428789327
1131,563.4394317031,295.0,244.0,18.60107523773827,0.0005621621534900495,434038.4682340927,33088.451654487835
1132,563.9391835504,345.0,300.0,19.748417658131498,0.0005618273747140557,533971.84527131,35150.33006033666
1133,564.4389355319,306.0,245.0,19.157244060668017,0.0005614929826521903,436336.7086846785,34118.403350616274
1134,564.9386876476,246.0,185.0,17.52141546793523,0.0005611589769033864,329674.84726142243,31223.621449705257
1135,565.4384398975,219.0,165.0,16.522711641858304,0.0005608253570664744,294209.2362996394,29461.420446971468
1136,565.9381922816001,141.0,93.0,13.74772708486752,0.0005604921227403456,165925.61469964375,24527.957712683703
1137,566.4379447999,171.0,126.0,14.696938456699069,0.0005601592735237393,224936.024369255,26237.07068928177
1138,566.9376974524,165.0,102.0,15.0996688705415,0.0005598268090154217,182199.20582115275,26972.036042892585
1139,567.4374502391,169.0,113.0,15.0,0.0005594947288141332,201967.94389735733,26809.904057171327
1140,567.93720316,172.0,128.0,14.696938456699067,0.0005591630325185541,228913.55929498558,26283.816350487
1141,568.4369562151,156.0,110.0,14.212670403551895,0.0005588317197273635,196839.22031781866,25432.826916993567
1142,568.9367094044,188.0,128.0,15.748015748023622,0.0005585007900392119,229184.99361659493,28196.94444285024
1143,569.4364627279,163.0,123.0,14.247806848775006,0.0005581702430527164,220362.87589839014,25525.916198706014
1144,569.9362161856001,149.0,94.0,14.282856857085699,0.0005578400783665491,168507.07513746238,25603.85567653787
1145,570.4359697775001,170.0,128.0,14.560219778561038,0.0005575102955793288,229592.17258398904,26116.503845782787
1146,570.9357235036,172.0,113.0,15.198684153570662,0.0005571808942896421,202806.66684392563,27277.827199993426
1147,571.4354773639001,166.0,118.0,14.628738838327795,0.0005568518740961386,211905.54524312814,26270.4311843659
1148,571.9352313584001,165.0,119.0,14.52583904633395,0.00055652323459746,213827.55040959636,26101.046898501307
1149,572.4349854871,144.0,94.0,13.92838827718412,0.0005561949753922422,169005.48217593823,25042.276348076466
1150,572.93473975,139.0,76.0,14.212670403551895,0.0005558670960791266,136723.3292563544,25568.468621011434
1151,573.4344941470999,169.0,119.0,14.798648586948742,0.0005555395962567994,214206.1534439968,26638.33268890528
1152,573.9342486784,139.0,95.0,13.527749258468681,0.0005552124755239639,171105.66528669372,24364.99512317749
1153,574.4340033439,159.0,123.0,13.96424004376894,0.000554885733479335,221667.25972344857,25165.974183924474
1154,574.9337581436,168.0,116.0,14.832396974191326,0.000554559369721689,209175.07905098735,26746.274220621515
1155,575.4335130775,154.0,106.0,14.212670403551895,0.0005542333838498273,191255.1699136213,25643.836726015226
1156,575.9332681456,154.0,100.0,14.422205101855956,0.0005539077754625431,180535.468953283,26037.195614039956
1157,576.4330233479001,160.0,113.0,14.38749456993816,0.0005535825441587138,204124.9334762307,25989.790902462453
1158,576.9327786844,167.0,132.0,14.212670403551895,0.0005532576895372793,238586.83303687847,25689.06076197288
1159,577.4325341551,156.0,115.0,14.035668847618199,0.0005529332111972061,207981.71943950158,25384.022090531136
1160,577.93228976,162.0,102.0,14.89966442575134,0.0005526091087375048,184578.93362096403,26962.39383348427
1161,578.4320454991,159.0,117.0,14.177446878757825,0.0005522853817572375,211846.99770204764,25670.5090285907
1162,578.9318013724001,148.0,95.0,14.177446878757824,0.0005519620298555609,172113.28834496078,25685.5473962001
1163,579.4315573799,178.0,135.0,14.866068747318506,0.0005516390526316867,244725.240818176,26948.905586719124
1164,579.9313135216,183.0,121.0,15.652475842498529,0.000551316449684875,219474.6775090095,28391.09163429691
1165,580.4310697975001,158.0,84.0,15.231546211727817,0.0005509942206144698,152451.68979508177,27643.749502021215
1166,580.9308262076,159.0,74.0,15.620499351813308,0.0005506723650198631,134381.1759962401,28366.230710069984
1167,581.4305827519,163.0,46.0,16.73320053068151,0.0005503508825005881,83583.04031601301,30404.603795040937
1168,581.9303394304,241.0,158.0,18.0,0.0005500297726562089,287257.1774378411,32725.50122709582
1169,582.4300962431,375.0,315.0,20.85665361461421,0.0005497090350863721,573030.4213582849,37941.26034573389
1170,582.9298531900001,515.0,454.0,23.999999999999996,0.0005493886693908408,826373.0675468658,43684.919870318896
1171,583.4296102711,485.0,433.0,23.17326045251293,0.0005490686751694365,788608.0914493637,42204.66673929617
1172,583.9293674864,327.0,268.0,19.6468827043885,0.0005487490520221152,488383.53162056906,35803.03716606094
1173,584.4291248359,230.0,169.0,17.05872210923198,0.0005484297995489119,308152.4748272321,31104.65938076837
1174,584.9288823196,189.0,132.0,15.684387141358123,0.0005481109173499639,240827.16804511155,28615.35255891242
1175,585.4286399375001,175.0,118.0,15.231546211727817,0.0005477924050255093,215410.0694304169,27805.325652549935
1176,585.9283976896,168.0,116.0,14.832396974191326,0.0005474742621758799,211882.1066381641,27092.40963263094
1177,586.4281555759,153.0,119.0,13.674794331177342,0.0005471564884015757,217488.05419019738,24992.47403814203
1178,586.9279135964,154.0,103.0,14.317821063276353,0.0005468390833031274,188355.2276070662,26182.8781088414
1179,587.4276717511001,164.0,124.0,14.2828568570857,0.0005465220464812282,226889.29165506066,26134.090928345166
1180,587.9274300400001,166.0,117.0,14.662878298615182,0.0005462053775367366,214205.14116437975,26844.990733598166
1181,588.4271884631,169.0,128.0,14.491376746189438,0.0005458890760705585,234479.87074842188,26546.376143853013
1182,588.9269470204,150.0,91.0,14.45683229480096,0.0005455731416837532,166797.0672441002,26498.431081457093
1183,589.4267057119,169.0,116.0,14.89966442575134,0.0005452575739775172,212743.49139950337,27325.919229442385
1184,589.9264645376,144.0,102.0,13.638181696985855,0.000544942372553162,187175.75497407178,25026.832898106815
1185,590.4262234975,173.0,120.0,15.033296378372908,0.0005446275370121767,220334.06657753527,27602.894375935302
1186,590.9259825916,152.0,94.0,14.491376746189438,0.0005443130669561224,172694.7334291672,26623.238768136354
1187,591.4257418199,157.0,101.0,14.594519519326424,0.0005439989619867733,185662.11897010144,26828.212072362876
1188,591.9255011824,147.0,86.0,14.422205101855956,0.0005436852217059977,158179.76389011586,26526.755788213948
1189,592.4252606791,155.0,108.0,14.212670403551895,0.0005433718457158264,198758.91776785583,26156.435074085275
1190,592.92502031,129.0,79.0,13.379088160259652,0.000543058833618427,145472.26766134935,24636.53536600104
1191,593.4247800751,162.0,114.0,14.491376746189438,0.0005427461850161375,210042.93193992774,26700.098768558946
1192,593.9245399744,147.0,88.0,14.352700094407323,0.0005424338995114631,162231.74856744058,26459.81401113374
1193,594.4243000079,151.0,106.0,14.0,0.0005421219767070407,195527.9522956542,25824.446529614703
1194,594.9240601756,178.0,126.0,15.165750888103101,0.0005418104162056421,232553.66864740595,27990.88100651612
1195,595.4238204774999,150.0,112.0,13.711309200802088,0.0005414992176102895,206833.17049703488,25321.013872027335
1196,595.9235809136001,134.0,84.0,13.564659966250536,0.0005411883805240833,155213.9754343117,25064.58093781431
1197,596.4233414839001,147.0,106.0,13.711309200802088,0.0005408779045503164,195977.68573690942,25350.100430154587
1198,596.9231021884001,157.0,110.0,14.2828568570857,0.0005405677892925031,203489.74204321043,26421.95324989517
1199,597.4228630271,158.0,108.0,14.422205101855956,0.0005402580343542653,199904.47736531167,26695.03123464673
1200,597.922624,143.0,92.0,13.92838827718412,0.0005399486393394426,170386.5762353807,25795.76511985233
1201,598.4223851071,162.0,106.0,14.7648230602334,0.0005396396038520206,196427.3919915396,27360.525348473486
1202,598.9221463484,171.0,116.0,15.033296378372908,0.0005393309274961721,215081.30553262832,27873.97423723602
1203,599.4219077239,157.0,105.0,14.45683229480096,0.000539022609876277,194797.023494248,26820.45619221663
1204,599.9216692336,141.0,83.0,14.106735979665885,0.0005387146505969305,154070.43396356615,26185.91486983826
1205,600.4214308775,155.0,112.0,14.071247279470288,0.000538416698878826,208017.3223327278,26134.49268711688
1206,600.9211926556001,169.0,116.0,14.89966442575134,0.0005381208785339076,215564.94948874335,27688.322494278567
1207,601.4209545679,176.0,129.0,14.933184523068078,0.0005378253939753201,239854.7957107425,27765.85986892493
1208,601.9207166144,169.0,116.0,14.89966442575134,0.0005375302448580589,215801.81042767398,27718.74618829266
1209,602.4204787951,186.0,148.0,14.966629547095765,0.0005372354308372049,275484.43662653276,27858.60479040335
1210,602.92024111,193.0,143.0,15.588457268119894,0.0005369409515679547,266323.5120778491,29031.976835812337
1211,603.4200035591,159.0,105.0,14.594519519326424,0.0005366468067054906,195659.41451250177,27195.763278501778
1212,603.9197661424,154.0,108.0,14.142135623730951,0.0005363529959051712,201359.92681039247,26367.21661238063
1213,604.4195288599001,175.0,121.0,15.132745950421556,0.0005360595188223613,225721.20399208285,28229.600294508014
1214,604.9192917116001,149.0,116.0,13.49073756323204,0.0005357663751126034,216512.28107702723,25180.261751956077
1215,605.4190546975001,162.0,107.0,14.730919862656235,0.0005354735644314202,199823.12313328744,27510.078631608845
1216,605.9188178176,140.0,92.0,13.711309200802088,0.000535181086434496,171904.43072815958,25619.943507626736
1217,606.4185810719,147.0,56.0,15.427248620541512,0.0005348889407776082,104694.6304752321,28841.965956734424
1218,606.9183444604,165.0,-36.0,19.131126469708992,0.0005345971271165952,-67340.42922035462,35786.06299830809
1219,607.4181079831,210.0,1.0,20.46948949045872,0.0005343056451074156,1871.5879368988553,38310.44960482044
1220,607.9178716399999,408.0,269.0,23.388031127052997,0.0005340144944061192,503731.64552238706,43796.62232401195
1221,608.4176354310999,807.0,733.0,29.68164415931166,0.0005337236746688971,1373369.8443388834,55612.38065320052
1222,608.9173993564001,1230.0,1170.0,35.91656999213594,0.0005334331855519501,2193339.3566232403,67330.96283646584
1223,609.4171634159001,1353.0,1304.0,37.44329045369811,0.0005331430267116983,2445872.74833691,70231.22985334645
1224,609.9169276096001,963.0,920.0,31.71750305430741,0.0005328531978046111,1726554.337649578,59523.90486720457
1225,610.4166919375,469.0,430.0,22.538855339169288,0.0005325636984872993,807415.1528190478,42321.42634428321
1226,610.9164563996001,267.0,217.0,17.804493814764857,0.000532274528416464,407684.3591324628,33449.83249101525
1227,611.4162209959,181.0,137.0,15.0,0.0005319856872489081,257525.72537896075,28196.247304265777
1228,611.9159857264,159.0,119.0,14.106735979665885,0.0005316971746415846,223811.60870417926,26531.523303984435
1229,612.4157505910999,137.0,83.0,13.820274961085254,0.0005314089902516071,156188.55066923474,26006.852000267714
1230,612.91551559,141.0,101.0,13.45362404707371,0.0005311211337361023,190163.7754263866,25330.61328672039
1231,613.4152807231001,146.0,103.0,13.74772708486752,0.0005308336047524436,194034.4376803998,25898.373731027878
1232,613.9150459904,141.0,86.0,14.0,0.0005305464029580527,162097.03716867822,26387.889771645292
1233,614.4148113919,168.0,122.0,14.628738838327793,0.0005302595280105007,230076.01665874082,27587.884923471098
1234,614.9145769276,141.0,96.0,13.638181696985855,0.0005299729795675061,181141.31040858445,25733.730251899895
1235,615.4143425975,153.0,109.0,14.035668847618199,0.000529686757286924,205781.99945624886,26498.05503824456
1236,615.9141084016,147.0,96.0,14.071247279470288,0.0005294008608267219,181337.0681907934,26579.57007757104
1237,616.4138743399,156.0,122.0,13.784048752090222,0.0005291152898450102,230573.56750309851,26051.125372180948
1238,616.9136404124,160.0,112.0,14.422205101855958,0.000528830044000048,211788.26972998123,27271.909501901617
1239,617.4134066191001,171.0,131.0,14.52583904633395,0.0005285451229502705,247850.17269438598,27482.684856219268
1240,617.9131729600001,137.0,102.0,13.114877048604,0.0005282605263542023,193086.54520138857,24826.532353489507
1241,618.4129394351,132.0,87.0,13.30413469565007,0.0005279762538705461,164780.13805016965,25198.358066520348
1242,618.9127060444,134.0,86.0,13.490737563232042,0.0005276923051581393,162973.76171560326,25565.53777904555
1243,619.4124727879,168.0,131.0,14.317821063276353,0.0005274086798759834,248384.23218746376,27147.488483964833
1244,619.9122396656,153.0,109.0,14.035668847618199,0.0005271253776832401,206781.9244048998,26626.812978168746
1245,620.4120066775,136.0,95.0,13.30413469565007,0.0005268423982391912,180319.5800442567,25252.589275493112
1246,620.9117738236,138.0,90.0,13.638181696985855,0.0005265597412032953,170920.77680365733,25900.540109313824
1247,621.4115411039,130.0,83.0,13.30413469565007,0.0005262774062352081,157711.50160853565,25279.69952353242
1248,621.9113085184001,150.0,114.0,13.638181696985855,0.0005259953929946611,216731.93628362654,25928.329180488246
1249,622.4110760671,141.0,93.0,13.74772708486752,0.0005257137011416323,176902.37062120036,26150.596902863963
1250,622.91084375,155.0,109.0,14.177446878757825,0.0005254323303361987,207448.21684317786,26982.44104942375
1251,623.4106115671,142.0,109.0,13.228756555322953,0.0005251512802386661,207559.23883583155,25190.372856581183
1252,623.9103795184,131.0,71.0,13.820274961085254,0.0005248705505094365,135271.44918130344,26330.82566295893
1253,624.4101476039,152.0,102.0,14.212670403551895,0.0005245901408091544,194437.5085713011,27092.90415109509
1254,624.9099158235999,135.0,87.0,13.527749258468683,0.0005243100507985795,165932.35217881066,25801.048898193912
1255,625.4096841775,109.0,68.0,12.24744871391589,0.0005240302801386703,129763.49378514093,23371.643162824366
1256,625.9094526656,130.0,72.0,13.711309200802088,0.0005237508284905726,137469.94960848254,26179.069234730363
1257,626.4092212879001,132.0,73.0,13.820274961085254,0.0005234716955155737,139453.57623987942,26401.18860194245
1258,626.9089900444001,139.0,90.0,13.711309200802088,0.0005231928808751517,172020.68929045022,26206.987331071858
1259,627.4087589351001,140.0,99.0,13.45362404707371,0.0005229143842309885,189323.53552597712,25728.15828514444
1260,627.90852796,138.0,88.0,13.711309200802088,0.0005226362052449234,168377.16009123495,26234.901185953135
1261,628.4082971191,141.0,97.0,13.601470508735444,0.0005223583435790034,185696.27764609328,26038.581896755535
1262,628.9080664124,131.0,81.0,13.45362404707371,0.0005220807988954083,155148.39881370016,25769.23739685159
1263,629.4078358399,127.0,78.0,13.2664991614216,0.000521803570856576,149481.5374144675,25424.316548167233
1264,629.9076054016001,141.0,94.0,13.711309200802088,0.0005215266591250818,180240.06703261405,26290.715845292194
1265,630.4073750975001,136.0,88.0,13.564659966250536,0.0005212500633636922,168824.9195254288,26023.325309000596
1266,630.9071449276,131.0,76.0,13.638181696985855,0.0005209737832353857,145880.66126479494,26178.249531654204
1267,631.4069148919,138.0,93.0,13.527749258468683,0.0005206978184033609,178606.4713794463,25980.038287752825
1268,631.9066849904,145.0,115.0,13.228756555322953,0.000520422168530915,220974.4452751316,25419.27949123696
1269,632.4064552231,132.0,87.0,13.30413469565007,0.0005201468332816533,167260.46268725535,25577.652009747104
1270,632.90622559,138.0,90.0,13.638181696985855,0.000519871812319327,173119.59961529562,26233.739498476047
1271,633.4059960911,144.0,98.0,13.784048752090222,0.000519597105307862,188607.6712108218,26528.340152940524
1272,633.9057667264,120.0,81.0,12.609520212918492,0.0005193227119114168,155972.38122298132,24280.70239121249
1273,634.4055374959,142.0,92.0,13.856406460551018,0.0005190486317943464,177247.36058345216,26695.776872871327
1274,634.9053083996,135.0,87.0,13.527749258468683,0.000518774864621213,167702.8050761936,26076.33904612179
1275,635.4050794375,152.0,106.0,14.071247279470288,0.0005185014100568023,204435.31674945223,27138.300892814874
1276,635.9048506096001,137.0,103.0,13.076696830622021,0.0005182282677660634,198754.11359554756,25233.468809009573
1277,636.4046219159001,149.0,103.0,13.96424004376894,0.0005179554374141748,198858.80629849955,26960.311708442707
1278,636.9043933564,152.0,101.0,14.247806848775006,0.0005176829186665349,195100.12086193459,27522.26572488617
1279,637.4041649311,154.0,105.0,14.247806848775006,0.0005174107111887324,202933.5646314053,27536.74506668249
1280,637.90393664,136.0,93.0,13.379088160259652,0.0005171388146465777,179835.659915719,25871.367186783627
1281,638.4037084831,132.0,94.0,13.038404810405298,0.0005168672287060878,181864.88672403782,25225.829935175632
1282,638.9034804604,146.0,103.0,13.74772708486752,0.0005165959530335305,199382.12716373065,26612.146309197284
1283,639.4032525719001,145.0,97.0,13.892443989449804,0.0005163249872953397,187866.17418636696,26906.39487006519
1284,639.9030248176,150.0,112.0,13.711309200802088,0.0005160543311582024,217031.41168999337,26569.5070711435
1285,640.4027971975,143.0,96.0,13.784048752090222,0.0005157839842889849,186124.42984699746,26724.460572562595
1286,640.9025697116,150.0,105.0,13.96424004376894,0.0005155139463548108,203680.23162603646,27087.996634251725
1287,641.4023423599,130.0,82.0,13.341664064126334,0.0005152442170230238,159147.8318258074,25893.86474090239
1288,641.9021151424,128.0,88.0,12.96148139681572,0.0005149747959611809,170882.1493598562,25169.15681790525
1289,642.4018880591,159.0,115.0,14.247806848775006,0.0005147056828370429,223428.65803642056,27681.464036381927
1290,642.9016611100001,142.0,87.0,14.035668847618199,0.0005144368773186298,169116.9584370879,27283.558909648003
1291,643.4014342951001,124.0,82.0,12.884098726725126,0.0005141683790741771,159480.8302829727,25058.13124860871
1292,643.9012076144,140.0,97.0,13.527749258468683,0.0005139001877721194,188752.60665017125,26323.69004789572
1293,644.4009810679,128.0,82.0,13.19090595827292,0.000513632303081196,159647.27979158523,25681.612856401043
1294,644.9007546556,145.0,98.0,13.856406460551018,0.0005133647246702567,190897.41715881848,26991.34902471383
1295,645.4005283775,148.0,121.0,13.228756555322953,0.0005130974522085209,235822.6482692143,25782.152100702377
1296,645.9003022336,125.0,85.0,12.84523257866513,0.0005128304853653295,165746.77681153806,25047.716438921256
1297,646.4000762239,133.0,77.0,13.74772708486752,0.0005125638238103041,150225.1942550224,26821.493141418905
1298,646.8998503483999,136.0,97.0,13.228756555322953,0.0005122974672133023,189343.1184183713,25822.41256682804
1299,647.3996246071001,136.0,89.0,13.527749258468683,0.0005120314152444065,173817.4599258092,26419.76420921658
1300,647.899399,159.0,118.0,14.142135623730951,0.0005117656675739281,230574.2793559986,27634.006186411523
1301,648.3991735271001,149.0,101.0,14.035668847618199,0.0005115002238724423,197458.3690997315,27440.200790837596
1302,648.8989481884,145.0,96.0,13.92838827718412,0.0005112350838107696,187780.53979474888,27244.586137088398
1303,649.3987229839,139.0,90.0,13.711309200802088,0.0005109702470599154,176135.50009585347,26833.870033912808
1304,649.8984979136,140.0,104.0,13.2664991614216,0.0005107057132911908,203639.7817635182,25976.798019209535
1305,650.3982729775,143.0,103.0,13.527749258468683,0.0005104414821760831,201786.10790192182,26502.057005237908
1306,650.8980481756,133.0,81.0,13.601470508735444,0.0005101775533864032,158768.25521300707,26660.268407445652
1307,651.3978235079001,126.0,86.0,12.884098726725126,0.0005099139265941559,168655.91527263387,25267.203060683754
1308,651.8975989744,129.0,74.0,13.564659966250536,0.0005096506014715894,145197.51332840358,26615.606706012495
1309,652.3973745751,142.0,108.0,13.2664991614216,0.0005093875776912161,212019.30461183755,26044.017841093828
1310,652.89715031,157.0,119.0,13.96424004376894,0.0005091248549257825,233734.41474851425,27427.928353261348
1311,653.3969261791,134.0,88.0,13.416407864998739,0.0005088624328482754,172934.7546986996,26365.4909439916
1312,653.8967021824,127.0,82.0,13.114877048604,0.000508600311132001,161226.79873610596,25786.21515078113
1313,654.3964783199,170.0,136.0,14.2828568570857,0.0005083384894503966,267538.2699174323,28097.138331051785
1314,654.8962545916,152.0,117.0,13.674794331177342,0.0005080769674772686,230280.07071632228,26914.808594997277
1315,655.3960309975,131.0,92.0,13.038404810405298,0.0005078157448865804,181168.07311783533,25675.463869906987
1316,655.8958075376,140.0,103.0,13.30413469565007,0.0005075548213526152,202933.7436407534,26212.212229991303
1317,656.3955842119001,150.0,108.0,13.856406460551018,0.000507294196549886,212894.21549568142,27314.34058341019
1318,656.8953610204001,142.0,93.0,13.820274961085254,0.0005070338701531569,183419.69930314124,27257.104060741818
1319,657.3951379631001,149.0,110.0,13.711309200802088,0.0005067738418374626,217059.34860639527,27056.07130606341
1320,657.89491504,139.0,100.0,13.341664064126332,0.000506514111278093,197427.86582523602,26340.162627377063
1321,658.3946922511,148.0,101.0,13.96424004376894,0.0005062546781505695,199504.32926164631,27583.429144363814
1322,658.8944695964,106.0,40.0,13.114877048604002,0.0005059955421306918,79052.07984948719,25918.95769156126
1323,659.3942470759,142.0,48.0,15.362291495737216,0.0005057367028945546,94911.0470434018,30376.0660592993
1324,659.8940246896001,129.0,27.0,15.198684153570664,0.0005054781601184261,53414.77066719223,30067.93438911354
1325,660.3938024375001,152.0,90.0,14.628738838327793,0.00050521991347893,178140.24665073582,28955.19049832124
1326,660.8935803196,217.0,173.0,16.15549442140351,0.0005049619626528919,342600.06256930536,31993.487859022578
1327,661.3933583359001,235.0,198.0,16.492422502470642,0.0005047043073174272,392308.91658602486,32677.395978905228
1328,661.8931364864001,264.0,221.0,17.521415467935235,0.0005044469471499141,438103.55330453033,34733.911201028895
1329,662.3929147711,229.0,183.0,16.583123951777,0.0005041898818279855,362958.49360664905,32890.6321793952
1330,662.89269319,159.0,106.0,14.560219778561036,0.0005039331110295407,210345.3765588867,28893.159548128027
1331,663.3924717431,138.0,92.0,13.564659966250536,0.0005036766344327463,182656.8748888119,26931.286938746736
1332,663.8922504303999,124.0,72.0,13.266499161421597,0.0005034204517160505,143021.60302500168,26352.721897171632
1333,664.3920292519001,126.0,89.0,12.767145334803704,0.0005031645625581387,176880.50117741828,25373.69736432603
1334,664.8918082076001,185.0,141.0,15.132745950421556,0.00050290896663801,280368.8328378736,30090.427799657806
1335,665.3915872975,177.0,140.0,14.628738838327793,0.000502653663634886,278521.7936891279,29103.018433291898
1336,665.8913665216,159.0,117.0,14.177446878757825,0.0005023986532282982,232882.789888438,28219.516090771365
1337,666.3911458799,148.0,111.0,13.601470508735442,0.0005021439350980099,221052.15704404496,27086.79635069309
1338,666.8909253724,148.0,109.0,13.674794331177342,0.0005018895089240912,217179.275641097,27246.623187028206
1339,667.3907049991,132.0,84.0,13.416407864998739,0.0005016353743868765,167452.30557687234,26745.338447068123
1340,667.8904847599999,128.0,90.0,12.884098726725126,0.0005013815311669579,179504.0192057461,25697.194503231065
1341,668.3902646550999,144.0,109.0,13.379088160259652,0.0005011279789452176,217509.30816001332,26697.94687660461
1342,668.8900446844001,142.0,103.0,13.45362404707371,0.0005008747174028112,205640.24579656674,26860.257824221735
1343,669.3898248479001,128.0,90.0,12.884098726725126,0.0005006217462211633,179776.4493439325,25736.194689859163
1344,669.8896051456001,132.0,89.0,13.228756555322953,0.0005003690650819538,177868.7097401255,26437.99842653394
1345,670.3893855775,134.0,97.0,13.076696830622021,0.0005001166736671983,193954.7411781525,26147.292260293412
1346,670.8891661436,121.0,82.0,12.649110640673518,0.0004998645716591429,164044.43253064895,25305.07533008147
1347,671.3889468439,143.0,103.0,13.527749258468683,0.0004996127587402989,206159.6670583425,27076.468768685856
1348,671.8887276784,158.0,114.0,14.212670403551895,0.0004993612345935232,228291.64961672536,28461.701507769052
1349,672.3885086471,149.0,101.0,14.035668847618199,0.0004991099989018705,202360.2016032893,28121.39383802996
1350,672.8882897500001,161.0,120.0,14.212670403551895,0.0004988590513487136,240548.90790408314,28490.35286645911
1351,673.3880709871,140.0,110.0,13.038404810405298,0.0004986083916177387,220614.0166295721,26149.58959696225
1352,673.8878523584001,141.0,102.0,13.416407864998739,0.0004983580193928541,204672.1353541493,26921.223985406814
1353,674.3876338639001,148.0,110.0,13.638181696985855,0.0004981079343582826,220835.67117177945,27379.972805604993
1354,674.8874155036,141.0,98.0,13.564659966250536,0.0004978581361985442,196843.22274672624,27246.034522655656
1355,675.3871972775,130.0,95.0,12.84523257866513,0.000497608624598382,190913.08973327006,25813.926736162313
1356,675.8869791856,130.0,95.0,12.84523257866513,0.0004973593992428953,191008.75572998845,25826.86202013829
1357,676.3867612279,125.0,88.0,12.727922061357855,0.0004971104598174168,177023.03031869704,25603.81060183823
1358,676.8865434044,131.0,94.0,12.96148139681572,0.0004968618060075934,189187.41360965755,26086.69300014104
1359,677.3863257151,139.0,91.0,13.674794331177342,0.0004966134374993497,183241.11497711772,27536.09406953522
1360,677.88610816,133.0,98.0,12.96148139681572,0.0004963653539788651,197435.21423167817,26112.784248369622
1361,678.3858907391001,140.0,108.0,13.114877048604,0.0004961175551326469,217690.34149804284,26435.019105698604
1362,678.8856734524,113.0,67.0,12.609520212918492,0.0004958700406475079,135116.0475686559,25429.082580695864
1363,679.3854562999,148.0,108.0,13.711309200802088,0.0004956228102104549,217907.646248445,27664.80661973547
1364,679.8852392816,124.0,90.0,12.569805089976535,0.0004953758635088795,181680.22834723108,25374.278433634718
1365,680.3850223974999,121.0,86.0,12.489995996796797,0.0004951292002304315,173692.0382800608,25225.730962714366
1366,680.8848056475999,116.0,72.0,12.649110640673518,0.000494882820063041,145488.98664703744,25559.809570803453
1367,681.3845890319001,121.0,85.0,12.529964086141668,0.0004946367226949004,171843.28639592198,25331.64949394658
1368,681.8843725504,134.0,83.0,13.601470508735444,0.0004943909078145492,167883.3463319558,27511.570892071275
1369,682.3841562031,121.0,85.0,12.529964086141668,0.0004941453751107996,172014.15672653195,25356.83771872223
1370,682.88393999,139.0,107.0,13.07669683062202,0.0004939001242727232,216642.99064018138,26476.39915028912
1371,683.3837239111,140.0,105.0,13.228756555322953,0.0004936551549897341,212699.08546216547,26797.56591541732
1372,683.8835079664,142.0,94.0,13.784048752090222,0.0004934104669514936,190510.75381674257,27936.27147241955
1373,684.3832921559,125.0,90.0,12.649110640673518,0.0004931660598479721,182494.3103905898,25648.785815822055
1374,684.8830764795999,137.0,93.0,13.45362404707371,0.0004929219333694155,188670.8496907198,27293.620219149434
1375,685.3828609375,125.0,91.0,12.609520212918492,0.0004926780872064045,184704.78465155707,25593.832038313914
1376,685.8826455296,128.0,84.0,13.114877048604002,0.0004924345210498009,170581.05475815112,26632.732856837363
1377,686.3824302559001,112.0,79.0,12.041594578792296,0.0004921912345907163,160506.7186247085,24465.276365202917
1378,686.8822151164001,127.0,87.0,12.922847983320086,0.0004919482275206184,176847.87775021238,26268.71540619275
1379,687.3820001111001,148.0,113.0,13.527749258468681,0.0004917054995312315,229812.35741257478,27511.89334137078
1380,687.88178524,123.0,82.0,12.806248474865697,0.0004914630503145817,166848.75891994816,26057.39834697342
1381,688.3815705031,111.0,71.0,12.288205727444508,0.0004912208795630132,144537.83003515875,25015.642124935755
1382,688.8813559004,135.0,92.0,13.341664064126334,0.0004909789869691219,187380.72797764352,27173.594834447373
1383,689.3811414319,153.0,114.0,13.856406460551018,0.0004907373722258341,232303.48135690377,28235.889998967494
1384,689.8809270976001,136.0,88.0,13.564659966250536,0.0004904960350263874,179410.2168333855,27654.983929729002
1385,690.3807128975001,116.0,75.0,12.529964086141668,0.0004902549750642912,152981.61939134757,25558.05595751172
1386,690.8804988316001,143.0,111.0,13.228756555322953,0.0004900141920333729,226524.0513532723,26996.680443945173
1387,691.3802848999001,139.0,97.0,13.45362404707371,0.0004897736856276837,198050.65655106975,27469.062634167098
1388,691.8800711024,137.0,103.0,13.076696830622021,0.0004895334555416757,210404.41431327516,26712.570269896
1389,692.3798574391,150.0,118.0,13.490737563232042,0.0004892935014700606,241164.04498623882,27571.871530481643
1390,692.87964391,118.0,83.0,12.36931687685298,0.0004890538231078393,169715.4711367996,25292.342667415305
1391,693.3794305151,125.0,86.0,12.806248474865697,0.000488814420150338,175935.8898895621,26198.589785724926
1392,693.8792172543999,129.0,87.0,13.076696830622021,0.0004885752922931185,178068.76723476377,26764.957288869035
1393,694.3790041279001,133.0,110.0,12.489995996796798,0.0004883364392321052,225254.5400318104,25576.6209387056
1394,694.8787911356001,139.0,103.0,13.228756555322953,0.00048809786066352287,211023.25640186426,27102.67268399765
1395,695.3785782775001,130.0,87.0,13.152946437965905,0.0004878595562838968,178330.01092095586,26960.51818304836
1396,695.8783655536,147.0,111.0,13.527749258468683,0.00048762152579000034,227635.5618636151,27742.313542356944
1397,696.3781529639,121.0,73.0,13.0,0.00048738376887897127,149779.30054566014,26673.026124569617
1398,696.8779405084,135.0,94.0,13.2664991614216,0.0004871462852482083,192960.51893756224,27233.091092262195
1399,697.3777281871,138.0,96.0,13.416407864998739,0.0004869090745954377,197162.06784555071,27554.23664294231
1400,697.877516,133.0,88.0,13.341664064126334,0.0004866721366186782,180819.8854600763,27414.070090024317
1401,698.3773039471,130.0,87.0,13.152946437965905,0.00048643547101625515,178852.08868144554,27039.447617763006
1402,698.8770920284,132.0,101.0,12.767145334803704,0.0004861990774868113,207733.83718059346,26259.09000238699
1403,699.3768802439,135.0,94.0,13.2664991614216,0.00048596295572922167,193430.38166138894,27299.404213875277
1404,699.8766685936,134.0,95.0,13.152946437965905,0.00048572710544278155,195583.07316080172,27078.88089954518
1405,700.3764570775,143.0,104.0,13.490737563232042,0.00048549152632699686,214215.89123669293,27787.792024500795
1406,700.8762456956,139.0,100.0,13.341664064126332,0.00048525621808171945,206076.6998418133,27494.061007332693
1407,701.3760344479,132.0,95.0,13.0,0.0004850211804070803,195867.73493121704,26802.95320111391
1408,701.8758233344,140.0,109.0,13.076696830622021,0.0004847864130035434,224841.28489633082,26974.140528411306
1409,702.3756123551,157.0,116.0,14.071247279470288,0.00048455191557187835,239396.4326053574,29039.710353560582
1410,702.8754015100001,130.0,102.0,12.569805089976535,0.0004843176878131216,210605.5644190258,25953.636231486777
1411,703.3751907991001,139.0,88.0,13.784048752090222,0.00048408372942864797,181786.73367903568,28474.51363085306
1412,703.8749802224,112.0,77.0,12.12435565298214,0.00048385004012014334,159140.21621426416,25058.08545550927
1413,704.3747697799,134.0,98.0,13.038404810405298,0.00048361661958955075,202639.85154847114,26960.20831846328
1414,704.8745594716,134.0,95.0,13.152946437965905,0.00048338346753921914,196531.33873944957,27210.170229702253
1415,705.3743492975,122.0,95.0,12.206555615733702,0.00048315058367168727,196626.06899499233,25264.495228320695
1416,705.8741392576,111.0,85.0,11.704699910719624,0.0004829179676898591,176013.3308077469,24237.449616363516
1417,706.3739293519,126.0,98.0,12.409673645990857,0.0004826856192969578,203030.70172825773,25709.64029147133
1418,706.8737195804,139.0,108.0,13.038404810405297,0.0004824535381964867,223855.7528331678,27025.203005341424
1419,707.3735099431001,122.0,84.0,12.649110640673518,0.0004822217240922747,174193.72832719234,26230.901696691435
1420,707.8733004400001,99.0,65.0,11.532562594670797,0.00048199017668842345,134857.52022290372,23926.966051272615
1421,708.3730910711,150.0,109.0,13.820274961085254,0.00048175889568939444,226254.2549297851,28687.119396744118
1422,708.8728818364,113.0,81.0,12.041594578792296,0.0004815278807999199,168214.55876125352,25007.055788314177
1423,709.3726727359,102.0,59.0,12.041594578792294,0.0004812971317250596,122585.39706757212,25019.044962169108
1424,709.8724637696,140.0,96.0,13.564659966250536,0.000481066648170169,199556.54869269105,28197.049240154916
1425,710.3722549375,134.0,94.0,13.19090595827292,0.00048083642984090636,195492.67519331188,27433.249936235854
1426,710.8720462396,123.0,89.0,12.529964086141668,0.0004806064764432438,185182.6897104044,26071.151139848127
1427,711.3718376759001,134.0,104.0,12.806248474865697,0.00048037678768349826,216496.7222948366,26658.75788174686
1428,711.8716292464001,144.0,106.0,13.490737563232042,0.00048014736326822686,220765.55680424458,28097.07726270622
1429,712.3714209511,113.0,66.0,12.649110640673518,0.0004799182029043502,137523.4354533414,26356.805314164216
1430,712.8712127900001,133.0,83.0,13.527749258468685,0.00047968930629908055,173028.66440856303,28201.06489935862
1431,713.3710047631,112.0,76.0,12.165525060596439,0.0004794606731599272,158511.43640022737,25373.3533147119
1432,713.8707968704,125.0,90.0,12.649110640673518,0.00047923230319475637,187800.36195394926,26394.52840793375
1433,714.3705891119,107.0,65.0,12.206555615733702,0.0004790041961116583,135698.18495879768,25483.19141005665
1434,714.8703814876,112.0,67.0,12.52996408614167,0.0004787763516191316,139940.07802060107,26170.808235970067
1435,715.3701739974999,110.0,70.0,12.24744871391589,0.00047854876942590024,146275.5824949185,25592.895638638387
1436,715.8699666416001,125.0,87.0,12.767145334803704,0.00047832144924103644,181886.0520222225,26691.559316567604
1437,716.3697594199001,126.0,96.0,12.489995996796797,0.0004780943907739646,200797.16861892084,26124.539918942213
1438,716.8695523324001,118.0,87.0,12.206555615733702,0.00047786759373433436,182058.79858923174,25543.802877162274
1439,717.3693453791001,115.0,69.0,12.68857754044952,0.0004776410578321626,144459.94302325195,26565.089688977565
1440,717.86913856,113.0,66.0,12.649110640673518,0.00047741478277775414,138244.56715812313,26495.01250689576
1441,718.3689318751,125.0,83.0,12.922847983320086,0.0004771887682817282,173935.3595828926,27081.20735920286
1442,718.8687253244,136.0,98.0,13.19090595827292,0.0004769630140550435,205466.66536430936,27656.035310005474
1443,719.3685189079,125.0,91.0,12.609520212918492,0.00047673751980890027,190880.71783499912,26449.607360404534
1444,719.8683126256001,132.0,84.0,13.416407864998739,0.0004765122852549066,176280.8695584099,28155.42910466985
1445,720.3681064775001,151.0,112.0,13.784048752090222,0.00047628731010488604,235152.18151694158,28940.617269552604
1446,720.8679004636001,120.0,87.0,12.36931687685298,0.00047606259407101707,182749.07771271293,25982.54311702502
1447,721.3676945839001,140.0,106.0,13.19090595827292,0.0004758381368658191,222764.82649790382,27721.41393532861
1448,721.8674888384,129.0,97.0,12.68857754044952,0.0004756139382020705,203946.92461428314,26678.313062933452
1449,722.3672832271,116.0,80.0,12.328828005937952,0.00047538999779288705,168282.88430850318,25934.134212283632
1450,722.86707775,143.0,97.0,13.74772708486752,0.00047516631535170456,204139.04956247448,28932.452997413853
1451,723.3668724071,134.0,94.0,13.19090595827292,0.0004749428905922392,197918.53265302043,27773.66757048256
1452,723.8666671984,117.0,66.0,12.96148139681572,0.0004747197232285243,139029.403605016,27303.439824799992
1453,724.3664621239001,148.0,104.0,13.856406460551018,0.00047449681297494163,219179.55433241714,29202.317237234594
1454,724.8662571836,103.0,58.0,12.165525060596439,0.00047427415954617456,122292.1359567624,25650.828356825168
1455,725.3660523775001,145.0,96.0,13.92838827718412,0.00047405176265714373,202509.53073542658,29381.576811597635
1456,725.8658477056,141.0,105.0,13.30413469565007,0.0004738296220232138,221598.64035443493,28077.8872347459
1457,726.3656431679,187.0,144.0,15.165750888103101,0.00047360773735994125,304049.0867034974,32021.75490764238
1458,726.8654387644,205.0,170.0,15.491933384829668,0.00047338610838325204,359114.8894939023,32725.787914941186
1459,727.3652344951,192.0,151.0,15.264337522473747,0.0004731647348093848,319127.75591957546,32260.091252622642
1460,727.86503036,166.0,131.0,14.177446878757825,0.00047294361635488534,276988.620778213,29977.034023690925
1461,728.3648263591,139.0,93.0,13.601470508735442,0.0004727227527365787,196732.65029369883,28772.616570700084
1462,728.8646224924,126.0,86.0,12.884098726725126,0.0004725021436716406,182009.75625576128,27267.81010263261
1463,729.3644187599001,100.0,58.0,11.916375287812984,0.00047228178887756344,122808.03826428334,25231.49435029823
1464,729.8642151616,129.0,91.0,12.922847983320086,0.00047206168807209634,192771.41589618239,27375.3373973158
1465,730.3640116975,119.0,75.0,12.767145334803704,0.0004718418409733765,158951.56700236732,27058.10342818683
1466,730.8638083676,136.0,96.0,13.2664991614216,0.0004716222472998074,203552.73855216033,28129.50245111776
1467,731.3636051719,124.0,89.0,12.609520212918492,0.00047140290677011494,188798.1569943986,26748.923334636267
1468,731.8634021104,104.0,71.0,11.704699910719626,0.00047118381910332723,150684.29161068072,24841.048092427955
1469,732.3631991830999,123.0,87.0,12.609520212918492,0.0004709649840187907,184727.10913159704,26773.795591596238
1470,732.86299639,107.0,79.0,11.618950038622252,0.0004707464012361719,167818.5957291386,24681.973156058313
1471,733.3627937311,121.0,93.0,12.206555615733702,0.00047052807047544406,197650.26963434584,25942.247405982846
1472,733.8625912064,126.0,85.0,12.922847983320086,0.00047030999145688775,180731.86099383933,27477.29841606968
1473,734.3623888159001,142.0,102.0,13.490737563232042,0.00047009216390111937,216978.7284977058,28698.06944084634
1474,734.8621865596,135.0,105.0,12.84523257866513,0.00046987458752901265,223463.88331443167,27337.576705767246
1475,735.3619844375,116.0,83.0,12.206555615733702,0.00046965726206182716,176724.61751283135,25990.34785951376
1476,735.8617824496,134.0,94.0,13.19090595827292,0.0004694401872210636,200238.50228172852,28099.22609386913
1477,736.3615805959,108.0,82.0,11.575836902790225,0.00046922336272857895,174756.85678386115,24670.205753344464
1478,736.8613788764,129.0,92.0,12.884098726725126,0.00046900678830653285,196159.20769972046,27471.028240862805
1479,737.3611772911,122.0,89.0,12.449899597988733,0.00046879046367740004,189850.2783137792,26557.493299514255
1480,737.86097584,119.0,72.0,12.884098726725126,0.0004685743885639632,153657.56592172678,27496.378464497255
1481,738.3607745231001,126.0,91.0,12.68857754044952,0.00046835856268930085,194295.583019729,27091.588691348115
1482,738.8605733404,98.0,63.0,11.532562594670797,0.0004681429857768155,134574.26878982416,24634.7012452492
1483,739.3603722919,116.0,87.0,12.041594578792294,0.0004679276575502521,185926.1759723122,25733.880834985936
1484,739.8601713776,106.0,63.0,12.206555615733702,0.0004677125777336143,134698.10947842768,26098.412137819276
1485,740.3599705975,119.0,75.0,12.767145334803704,0.0004674977460512506,160428.58095785973,27309.533452604228
1486,740.8597699516,138.0,102.0,13.19090595827292,0.00046728316222781883,218283.06312965543,28228.934882617996
1487,741.3595694399,126.0,91.0,12.68857754044952,0.0004670688259883016,194832.0995464579,27166.39782927265
1488,741.8593690624001,124.0,77.0,13.076696830622021,0.0004668547370579087,164933.53047084733,28010.204872356233
1489,742.3591688191001,126.0,89.0,12.767145334803704,0.0004666408951623066,190724.81842604923,27359.67950336425
1490,742.85896871,136.0,90.0,13.490737563232042,0.00046642730002734097,192956.11555053573,28923.559067921717
1491,743.3587687351,127.0,90.0,12.806248474865697,0.00046621395137927017,193044.41605348702,27468.608429625638
1492,743.8585688944,121.0,86.0,12.489995996796797,0.0004660008489445613,184549.02001741022,26802.517688723554
1493,744.3583691879,130.0,96.0,12.806248474865697,0.0004657879924500758,206102.35033117453,27493.728224946244
1494,744.8581696156,111.0,74.0,12.165525060596439,0.00046557538162298286,158943.11194470388,26130.086642871356
1495,745.3579701775,121.0,91.0,12.288205727444508,0.00046536301619068616,195546.26567641128,26405.634525991896
1496,745.8577708736001,110.0,70.0,12.24744871391589,0.0004651508958810118,150488.79969889682,26330.055090442856
1497,746.3575717039,126.0,93.0,12.609520212918492,0.0004649390204219966,200026.23121541747,27120.804361556067
1498,746.8573726684,112.0,77.0,12.12435565298214,0.00046472738954203926,165688.5342520458,26089.178141469045
1499,747.3571737671,98.0,67.0,11.357816691600547,0.0004645160029698315,144236.15025455083,24450.862013333463
1500,747.856975,104.0,64.0,12.0,0.0004643048604344169,137840.46960033925,25845.08805006361
1501,748.3567763671,127.0,92.0,12.727922061357855,0.0004640939616650931,198235.71862456272,27425.31278729022
1502,748.8565778684,108.0,63.0,12.36931687685298,0.00046388330639149687,135810.0175884122,26664.716549238845
1503,749.3563795039,128.0,85.0,13.076696830622021,0.00046367289434357634,183318.8893224713,28202.418105838937
1504,749.8561812736001,122.0,93.0,12.288205727444508,0.0004634627252515864,200663.38657443447,26513.902969810504
1505,750.3559831775001,112.0,78.0,12.083045973594572,0.0004632527988460971,168374.58984443897,26083.050126608796
1506,750.8557852156,106.0,68.0,12.0,0.0004630431148579636,146854.5753473922,25915.513296598627
1507,751.3555873879001,123.0,81.0,12.84523257866513,0.00046283367301838614,175008.8740772806,27753.452973493677
1508,751.8553896944001,122.0,80.0,12.806248474865697,0.000462624473058865,172926.43311980748,27681.735880056247
1509,752.3551921351,131.0,104.0,12.569805089976535,0.0004624155147111986,224905.9486357268,27182.922480070767
1510,752.85499471,122.0,83.0,12.68857754044952,0.0004622067977075042,179573.30011516713,27452.1655747676
1511,753.3547974191,119.0,76.0,12.727922061357855,0.0004619983217802037,164502.76206015548,27549.714926049408
1512,753.8546002624,122.0,88.0,12.489995996796797,0.00046179008666203146,190562.77417320182,27046.912347292986
1513,754.3544032399001,128.0,109.0,12.124355652982143,0.00046158209208604223,236144.3432681561,26266.954158009394
1514,754.8542063516,130.0,95.0,12.84523257866513,0.0004613743377855916,205906.55400549844,27841.237638653678
1515,755.3540095975001,153.0,109.0,14.035668847618199,0.0004611668234943429,236356.98503653763,30435.122677011852
1516,755.8538129776,145.0,109.0,13.45362404707371,0.0004609595489462662,236463.2650504135,29186.12723790649
1517,756.3536164919,118.0,76.0,12.649110640673518,0.00046075251387564346,164947.55364593043,27453.155999681636
1518,756.8534201404,121.0,85.0,12.529964086141668,0.0004605457180170726,184563.6528029754,27206.77577915767
1519,757.3532239231,121.0,87.0,12.449899597988733,0.0004603391611054347,188991.09037580615,27045.058621760934
1520,757.85302784,116.0,84.0,12.165525060596439,0.00046013284287595916,182555.97551997477,26439.158275593847
1521,758.3528318911,115.0,82.0,12.165525060596439,0.00045992676306416333,178289.25512769163,26451.004893792742
1522,758.8526360764,123.0,92.0,12.409673645990857,0.0004597209214058736,200121.41217905548,26993.928420835855
1523,759.3524403959001,146.0,119.0,13.152946437965905,0.00045951531763722335,258968.51624421307,28623.52120403057
1524,759.8522448496001,112.0,77.0,12.12435565298214,0.00045930995149464276,167642.7862044659,26396.893020776526
1525,760.3520494375,126.0,84.0,12.96148139681572,0.00045910482271490586,182964.75193457547,28232.074148488133
1526,760.8518541596001,133.0,87.0,13.379088160259654,0.0004588999310350607,189583.81580875212,29154.696384640487
1527,761.3516590159,127.0,90.0,12.806248474865697,0.0004586952761924663,196208.69163308418,27918.858422017533
1528,761.8514640064,122.0,90.0,12.409673645990857,0.0004584908579248201,196296.17132902032,27066.34915722944
1529,762.3512691311,101.0,59.0,11.958260743101398,0.00045828667597011075,128740.3782252835,26093.406965820912
1530,762.8510743900001,141.0,114.0,12.96148139681572,0.00045808273006659904,248863.34392791,28295.066690096126
1531,763.3508797831,112.0,82.0,11.916375287812984,0.0004578790199528798,179086.60678193683,26025.16116383602
1532,763.8506853104001,137.0,101.0,13.152946437965905,0.00045767554536790795,220680.35100894445,28738.58254190259
1533,764.3504909719001,127.0,93.0,12.68857754044952,0.00045747230605085393,203290.9943835198,27736.2746829073
1534,764.8502967676001,112.0,83.0,11.874342087037917,0.0004572693017412387,181512.294142519,25967.94064640144
1535,765.3501026975,119.0,74.0,12.806248474865697,0.0004570665321789022,161902.03130216364,28018.34650595934
1536,765.8499087616,118.0,76.0,12.649110640673518,0.0004568639971039875,166351.475453868,27686.81866125344
1537,766.3497149599,151.0,87.0,14.66287829861518,0.00045666169625689575,190513.02246960957,32108.84210084166
1538,766.8495212923999,152.0,123.0,13.45362404707371,0.00045645962937842046,269465.2321553476,29473.853066467353
1539,767.3493277591001,186.0,141.0,15.198684153570662,0.0004562577962095805,309035.81521537906,33311.615231204065
1540,767.8491343600001,226.0,186.0,16.30950643030009,0.0004560561964917393,407844.47493713436,35762.05422876106
1541,768.3489410951,251.0,221.0,16.76305461424021,0.00045585482996657545,484803.4625764618,36772.79149476013
1542,768.8487479644,213.0,177.0,15.7797338380595,0.0004556536963760203,388452.9005421122,34630.97954337135
1543,769.3485549679,178.0,147.0,14.45683229480096,0.0004554527954623936,322755.7311417088,31741.669913616
1544,769.8483621056,120.0,79.0,12.68857754044952,0.000455252126968264,173530.2161597746,27871.539282965397
1545,770.3481693775,112.0,74.0,12.24744871391589,0.0004550516906364764,162618.8881893767,26914.412067748835
1546,770.8479767836,133.0,97.0,13.000000000000002,0.0004548514862102709,213256.42092143977,28580.75744307956
1547,771.3477843239001,98.0,65.0,11.445523142259598,0.00045465151343312846,142966.64165742495,25174.277010172187
1548,771.8475919984,123.0,79.0,12.922847983320086,0.00045445177204884356,173835.8278235721,28436.126291375014
1549,772.3473998071,123.0,84.0,12.727922061357855,0.00045425226180150516,184919.2773787564,28019.501787136025
1550,772.84720775,126.0,97.0,12.449899597988733,0.0004540529824355462,213631.45657515718,27419.486446729865
1551,773.3470158271,121.0,95.0,12.12435565298214,0.0004538539336956781,209318.44575285798,26714.224010916834
1552,773.8468240384,115.0,80.0,12.24744871391589,0.0004536551153268959,176345.4159275894,26997.267968841472
1553,774.3466323839,118.0,77.0,12.609520212918492,0.0004534565270745337,169806.79602687398,27807.561386906425
1554,774.8464408636,102.0,64.0,11.83215956619923,0.00045325816868422165,141199.88214616792,26104.680254406012
1555,775.3462494775,86.0,58.0,10.677078252031311,0.00045306003990185496,128018.35273877688,23566.585687725306
1556,775.8460582256,112.0,82.0,11.916375287812984,0.0004528621404737031,181070.55695630974,26313.472076398815
1557,776.3458671079001,124.0,93.0,12.44989959798873,0.00045266447014628754,205450.18691205254,27503.593542398627
1558,776.8456761244,129.0,91.0,12.922847983320086,0.0004524670286664244,201119.6269222273,28560.861155802122
1559,777.3454852751,103.0,69.0,11.704699910719626,0.00045226981578127255,152563.79619499057,25879.905097138457
1560,777.8452945600001,114.0,88.0,11.832159566199232,0.0004520728312382634,194658.8998922165,26173.126869380772
1561,778.3451039791,126.0,86.0,12.884098726725126,0.00045187607478512924,190317.66627806905,28512.460485657753
1562,778.8449135324,99.0,75.0,11.090536506409418,0.00045167954616995136,166046.92560459688,24553.99320259774
1563,779.3447232199,120.0,88.0,12.328828005937952,0.0004514832451410347,194913.10241758914,27307.38767966165
1564,779.8445330416001,120.0,85.0,12.449899597988733,0.0004512871714470467,188350.13574050544,27587.532696904025
1565,780.3443429975,110.0,75.0,12.041594578792296,0.0004510913248369478,166263.45014972216,26694.36079965597
1566,780.8441530876,114.0,90.0,11.74734012447073,0.0004508957050599776,199602.69967093234,26053.342253300267
1567,781.3439633119,141.0,109.0,13.152946437965905,0.0004507003118656845,241845.84995912682,29183.35330969481
1568,781.8437736704,108.0,62.0,12.409673645990857,0.0004505051450039004,137623.28951751086,27546.130790322975
1569,782.3435841631,111.0,74.0,12.165525060596439,0.0004503102042248282,164331.16395260216,27015.876936518427
1570,782.84339479,101.0,60.0,11.916375287812984,0.00045011548927889654,133299.1230675542,26474.039600155742
1571,783.3432055511,111.0,74.0,12.165525060596439,0.0004499209999168523,164473.3186796695,27039.247029688966
1572,783.8430164463999,123.0,79.0,12.922847983320086,0.0004497267358897559,175662.22707152044,28734.889327300163
1573,784.3428274759001,104.0,64.0,12.0,0.00044953269694896695,142370.0665922096,26694.3874860393
1574,784.8426386396001,137.0,94.0,13.416407864998739,0.0004493388828461275,209196.22936835748,29858.105713039484
1575,785.3424499375001,145.0,111.0,13.379088160259652,0.00044914529333320383,247136.06409241233,29787.884586233915
1576,785.8422613696,124.0,83.0,12.84523257866513,0.00044895192816243965,184875.0273547527,28611.59908866116
1577,786.3420729359,133.0,112.0,12.409673645990857,0.00044875878708636424,249577.28566648756,27653.327362261985
1578,786.8418846364,123.0,90.0,12.489995996796797,0.00044856586985786114,200639.42900630995,27844.28516764896
1579,787.3416964711,120.0,92.0,12.165525060596439,0.0004483731762300783,205186.22628930662,27132.5888914323
1580,787.84150844,105.0,85.0,11.180339887498947,0.0004481807059564264,189655.64307059656,24946.053542487694
1581,788.3413205431001,130.0,90.0,13.038404810405298,0.0004479884587906999,200898.03260321933,29104.331941053057
1582,788.8411327804,99.0,75.0,11.090536506409418,0.00044779643448690954,167486.8181698139,24766.91561672903
1583,789.3409451519001,134.0,101.0,12.922847983320086,0.00044760463279937946,225645.56440877845,28871.122049159454
1584,789.8407576576001,121.0,93.0,12.206555615733702,0.0004474130534827904,207861.6152927626,27282.52008007903
1585,790.3405702975,118.0,86.0,12.24744871391589,0.0004472216962920515,192298.3627874775,27385.63181406538
1586,790.8403830716001,125.0,90.0,12.649110640673518,0.00044703056098236246,201328.51723207117,28295.852106569033
1587,791.3401959799,108.0,70.0,12.083045973594572,0.0004468396473093149,156655.74982325605,27041.123244890463
1588,791.8400090224,96.0,70.0,11.04536101718726,0.0004466489550287209,156722.63242057464,24729.40078070262
1589,792.3398221991,114.0,87.0,11.874342087037917,0.00044645848389664855,194866.9431492756,26596.74418861918
1590,792.8396355100001,117.0,75.0,12.609520212918492,0.00044626823366956025,168060.3599841566,28255.47341614107
1591,793.3394489551,106.0,72.0,11.832159566199232,0.00044607820410415364,161406.67564019538,26524.854739229922
1592,793.8392625344001,126.0,92.0,12.649110640673518,0.0004458883949574454,206329.65791536306,28368.333385040714
1593,794.3390762479,154.0,124.0,13.564659966250536,0.00044569880598675896,278214.79064874107,30434.58897364316
1594,794.8388900956,126.0,86.0,12.884098726725126,0.0004455094369496466,193037.43729612642,28919.923256712835
1595,795.3387040775,153.0,120.0,13.638181696985855,0.00044532028760401984,269468.9717498439,30625.556653536
1596,795.8385181936,117.0,80.0,12.409673645990857,0.00044513135770807673,179722.2294378665,27878.67767817268
1597,796.3383324439,119.0,91.0,12.12435565298214,0.00044494264702030835,204520.7412897117,27249.255008879274
1598,796.8381468284,113.0,73.0,12.369316876852983,0.000444754155299445,164135.62218626245,27811.582487689055
1599,797.3379613471001,107.0,77.0,11.704699910719626,0.00044456588230461957,173202.6749350034,26328.380959066682
1600,797.8377760000001,114.0,74.0,12.409673645990857,0.00044437782779515125,166524.960003433,27925.95145343627
1601,798.3375907871,100.0,58.0,11.916375287812984,0.00044418999153072195,130574.75653633337,26827.203482788966
1602,798.8374057084001,119.0,85.0,12.36931687685298,0.00044400237327128485,191440.41815304692,27858.672884379706
1603,799.3372207639001,96.0,56.0,11.661903789690601,0.0004438149727770692,126178.70832431136,26276.499228313423
1604,799.8370359536,112.0,70.0,12.409673645990857,0.000443627789808604,157789.93473380097,27973.16563812382
1605,800.3368512774999,103.0,67.0,11.789826122551595,0.0004434458384117812,151089.47744320513,26586.84579108313
1606,800.8366667355999,96.0,70.0,11.04536101718726,0.0004432665211840771,157918.53581229702,24918.10341932051
1607,801.3364823279001,99.0,67.0,11.445523142259598,0.00044308741036389043,151211.69871420067,25831.298462892086
1608,801.8362980544001,116.0,81.0,12.288205727444508,0.00044290850573392197,182882.01502425174,27744.34351194571
1609,802.3361139151001,105.0,72.0,11.74734012447073,0.00044272980707702993,162627.4058106795,26533.88124469972
1610,802.83592991,101.0,74.0,11.313708498984761,0.00044255131417639395,167212.24777677367,25564.73822711392
1611,803.3357460391001,95.0,66.0,11.135528725660043,0.00044237302681537373,149195.35324097727,25172.25972348333
1612,803.8355623024,123.0,88.0,12.569805089976535,0.00044219494477766,199007.25017163475,28425.93575170055
1613,804.3353786999,117.0,84.0,12.24744871391589,0.0004420170678470741,190037.9105475215,27708.090037267917
1614,804.8351952316,114.0,77.0,12.288205727444508,0.0004418393958077743,174271.46771108537,27811.475943604153
1615,805.3350118975,125.0,94.0,12.489995996796797,0.00044166192844414084,212832.47195685928,28279.539603505735
1616,805.8348286976001,120.0,89.0,12.288205727444508,0.00044148466554080445,201592.50580306764,27833.822296844337
1617,806.3346456319,128.0,96.0,12.649110640673518,0.00044130760688260585,217535.3393025409,28662.797657232233
1618,806.8344627004001,126.0,95.0,12.529964086141668,0.00044113075225467655,215355.65025662497,28404.195404875754
1619,807.3342799031001,107.0,67.0,12.124355652982143,0.0004409541014423954,151943.25164645878,27495.73167212285
1620,807.83409724,116.0,86.0,12.083045973594572,0.00044077765423133355,195109.70933854234,27413.01846316606
1621,808.3339147111,91.0,61.0,11.0,0.00044060141040732975,138447.12830947674,24965.875596790887
1622,808.8337323164,94.0,61.0,11.269427669584646,0.00044042536975652063,138502.46645356168,25587.59881569651
1623,809.3335500559,95.0,63.0,11.269427669584644,0.00044024953206523316,143100.663172687,25597.81862054272
1624,809.8333679296001,93.0,66.0,10.954451150103322,0.00044007389712002277,149974.81203026138,24892.29927471858
1625,810.3331859375,112.0,71.0,12.36931687685298,0.0004398984647077372,161400.88155836478,28118.57250984268
1626,810.8330040796001,113.0,82.0,12.0,0.00043972323461543796,186480.93515393493,27289.89294935633
1627,811.3328223559,105.0,64.0,12.083045973594572,0.00043954820663046404,145604.05214849603,27489.69462581155
1628,811.8326407664,124.0,85.0,12.767145334803704,0.00043937338054034203,193457.3275592319,29057.621376840467
1629,812.3324593111,103.0,79.0,11.269427669584644,0.0004391987561329078,179873.00486819565,25659.060988265537
1630,812.83227799,105.0,67.0,11.958260743101397,0.000439024333196196,152611.1309417064,27238.264120903197
1631,813.3320968031,110.0,81.0,11.789826122551595,0.0004388501115184944,184573.26972010222,26865.268603343487
1632,813.8319157504,113.0,82.0,12.0,0.00043867609088832084,186926.07530524326,27355.035410523404
1633,814.3317348319001,106.0,67.0,12.041594578792296,0.0004385022710944751,152792.82324529826,27460.7348069993
1634,814.8315540476001,113.0,80.0,12.083045973594572,0.00043832865192597233,182511.45492882564,27566.178757657923
1635,815.3313733975,102.0,61.0,11.958260743101398,0.0004381552331720604,139220.06490344883,27292.29240634329
1636,815.8311928816,104.0,63.0,12.041594578792296,0.00043798201462228066,143841.5229317846,27493.354011755637
1637,816.3310124999,106.0,62.0,12.24744871391589,0.00043780899606633757,141614.26685395394,27974.410813751612
1638,816.8308322524,104.0,73.0,11.61895003862225,0.00043763617729423494,166805.22266540152,26549.336278500825
1639,817.3306521391,106.0,76.0,11.661903789690601,0.0004374635580961997,173728.75658659398,26658.000589676798
1640,817.83047216,100.0,69.0,11.445523142259598,0.00043729113826271397,157789.61420102336,26173.69102820328
1641,818.3302923151001,93.0,62.0,11.135528725660043,0.00043711891758451153,141837.8329233785,25474.82682102663
1642,818.8301126044,120.0,87.0,12.36931687685298,0.0004369468958525249,199108.86385919905,28308.51298924843
1643,819.3299330279001,107.0,80.0,11.575836902790225,0.0004367750728579529,183160.63569410116,26502.97057257866
1644,819.8297535856001,105.0,74.0,11.6619037896906,0.0004366034483922459,169490.18674153523,26710.516906438883
1645,820.3295742775,115.0,83.0,12.12435565298214,0.00043643202224708145,190178.52900127115,27780.627990028795
1646,820.8293951036001,112.0,90.0,11.575836902790225,0.00043626079421435726,206298.6204434827,26534.2131502709
1647,821.3292160639,99.0,66.0,11.489125293076057,0.0004360897640862931,151344.98774188143,26345.780706750542
1648,821.8290371584,122.0,88.0,12.489995996796797,0.00043591893165522154,201872.39784667405,28652.10728373556
1649,822.3288583871,87.0,59.0,10.72380529476361,0.00043574829671384394,135399.26706528314,24610.0911366406
1650,822.8286797500001,119.0,82.0,12.489995996796795,0.00043557785905501184,188255.66611190792,28674.54287941517
1651,823.3285012471,118.0,84.0,12.328828005937952,0.0004354076184718314,192922.66932493824,28315.600101828633
1652,823.8283228784001,104.0,75.0,11.532562594670795,0.00043523757475772806,172319.68090472938,26497.16675103319
1653,824.3281446439,104.0,73.0,11.61895003862225,0.00043506772770626566,167789.96774793114,26706.071948565077
1654,824.8279665436,120.0,87.0,12.36931687685298,0.00043489807711128526,200046.87208064552,28441.87529872159
1655,825.3277885775,112.0,89.0,11.61895003862225,0.00043472862276685014,204725.4202715143,26726.9037052884
1656,825.8276107455999,129.0,106.0,12.328828005937952,0.00043455936446732085,243925.24627776435,28370.87177042088
1657,826.3274330479,107.0,77.0,11.704699910719626,0.000434390302007231,177259.942600464,26945.12252376386
1658,826.8272554844,98.0,61.0,11.61895003862225,0.0004342214351814073,140481.3191097203,26758.12177205884
1659,827.3270780551001,99.0,74.0,11.135528725660043,0.00043405276378484823,170486.18549214076,25654.78129562081
1660,827.8269007600001,112.0,71.0,12.36931687685298,0.0004338842876128513,163638.0989747946,28508.33097669106
1661,828.3267235991001,112.0,65.0,12.609520212918492,0.0004337160064609127,149867.6530995356,29073.218477250008
1662,828.8265465724,135.0,105.0,12.84523257866513,0.0004335479201248262,242187.76085875032,29628.17253273123
1663,829.3263696799,116.0,93.0,11.789826122551595,0.00043338002840051455,214592.2606153246,27204.359568816708
1664,829.8261929216,110.0,83.0,11.704699910719626,0.00043321233108425933,191591.96090347803,27018.390453994427
1665,830.3260162975,113.0,82.0,12.0,0.0004330448279725247,189356.8395307163,27710.757004495066
1666,830.8258398076,116.0,74.0,12.569805089976535,0.0004328775188619881,170949.04857739448,29037.786769388906
1667,831.3256634519,114.0,82.0,12.083045973594572,0.0004327104035495716,189503.18579665493,27924.093977117263
1668,831.8254872304001,120.0,82.0,12.569805089976535,0.00043254348183249135,189576.31647251517,29060.211557746632
1669,832.3253111431001,98.0,55.0,11.874342087037917,0.00043237675350816184,127203.8784549544,27462.952137674925
1670,832.8251351900001,81.0,36.0,11.224972160321824,0.00043221021837417826,83292.8016728046,25971.09388701219
1671,833.3249593711,119.0,78.0,12.649110640673518,0.00043204387622849055,180537.21923082866,29277.375138593365
1672,833.8247836864,112.0,69.0,12.449899597988733,0.00043187772686915693,159767.4427440535,28827.37132160695
1673,834.3246081359,93.0,60.0,11.224972160321824,0.00043171177009458883,138981.61726481048,26001.079743233346
1674,834.8244327195999,115.0,91.0,11.789826122551595,0.0004315460057033433,210869.75385552735,27319.975081999135
1675,835.3242574375,133.0,105.0,12.688577540449522,0.00043138043349425355,243404.64204526492,29413.892136159087
1676,835.8240822896,108.0,81.0,11.61895003862225,0.0004312150532664069,187841.30884678967,26944.676329385937
1677,836.3239072759001,121.0,88.0,12.409673645990857,0.000431049864819092,204152.7145285914,28789.415468669948
1678,836.8237323964,99.0,58.0,11.832159566199232,0.00043088486795181565,134606.72284849404,27460.141783216164
1679,837.3235576511,98.0,63.0,11.532562594670797,0.00043072006246437677,146266.69498407794,26775.07643523016
1680,837.8233830400001,99.0,51.0,12.12435565298214,0.0004305554481567678,118451.64245008134,28159.800798914963
1681,838.3232085631,112.0,81.0,11.958260743101398,0.00043039102482923575,188200.95059402782,27784.642460529984
1682,838.8230342204,115.0,85.0,12.041594578792296,0.00043022679228222927,197570.2153487454,27988.946283226815
1683,839.3228600118999,111.0,83.0,11.789826122551595,0.0004300627503164651,192995.09185327907,27414.199704289567
1684,839.8226859376001,107.0,80.0,11.575836902790225,0.00042989889873287383,186090.26502696297,26926.88196436414
1685,840.3225119975001,113.0,70.0,12.489995996796797,0.0004297352373326401,162890.9940792589,29064.39805663135
1686,840.8223381916,112.0,78.0,12.083045973594572,0.0004295717659171918,181576.1793223533,28128.119518739066
1687,841.3221645199001,97.0,65.0,11.357816691600547,0.00042940848428810375,151371.01938672792,26449.91216331028
1688,841.8219909824,97.0,70.0,11.135528725660043,0.00042924539224731376,163076.8815793574,25942.104275971364
1689,842.3218175791,106.0,77.0,11.61895003862225,0.00042908248959688735,179452.6737092899,27078.592858771688
1690,842.82164431,97.0,71.0,11.090536506409416,0.00042891977613916416,165532.12033982752,25856.901741017093
1691,843.3214711751,95.0,64.0,11.224972160321823,0.0004287572516767504,149268.61236682013,26180.25028480353
1692,843.8212981744,118.0,90.0,12.083045973594572,0.0004285949160123818,209988.4917846295,28192.228890660714
1693,844.3211253079,104.0,71.0,11.704699910719626,0.00042843276894914537,165720.28366118664,27319.805484134115
1694,844.8209525756,101.0,71.0,11.445523142259598,0.0004282708102903043,165782.95390216412,26724.966696892614
1695,845.3207799775,93.0,63.0,11.090536506409418,0.0004281090398393093,147158.7706338718,25905.86853894104
1696,845.8206075136001,116.0,76.0,12.489995996796797,0.0004279474573999382,177591.89518673602,29185.816578235383
1697,846.3204351839,102.0,59.0,12.041594578792294,0.00042778606277612944,137919.40676402097,28148.636962709897
1698,846.8202629884,105.0,74.0,11.6619037896906,0.0004276248557720727,173048.87450097746,27271.342234387055
1699,847.3200909271,80.0,59.0,10.049875621120892,0.0004274638361921948,138023.37181448168,23510.469822767187
1700,847.819919,109.0,83.0,11.61895003862225,0.0004273030038411261,194241.5551819053,27191.360543166804
1701,848.3197472071,91.0,65.0,10.816653826391969,0.0004271423585237567,152174.09068172492,25323.299388464588
1702,848.8195755484,97.0,61.0,11.532562594670797,0.0004269819000452274,142863.19863567676,27009.48820886606
1703,849.3194040239,104.0,70.0,11.74734012447073,0.00042682162821083185,164002.93559028118,27522.832368438558
1704,849.8192326336,110.0,74.0,12.083045973594572,0.00042666154282617805,173439.5828361489,28319.979095273666
1705,850.3190613775,108.0,68.0,12.165525060596439,0.0004265016436970433,159436.66573135744,28523.98165489362
1706,850.8188902556,94.0,60.0,11.313708498984761,0.0004263419306294918,140732.11122211293,26536.70138022813
1707,851.3187192679,102.0,83.0,11.0,0.0004261824034297174,194752.29228624803,25810.544760828052
1708,851.8185484144,100.0,72.0,11.313708498984761,0.0004260230619042588,169004.9352684591,26556.563507182433
1709,852.3183776951,89.0,62.0,10.770329614269007,0.00042586390585981734,145586.41656850977,25290.5434484375
1710,852.8182071100001,104.0,66.0,11.916375287812984,0.0004257049351033393,155036.96235980585,27992.10040851488
1711,853.3180366591,93.0,68.0,10.862780491200215,0.00042554614944198104,159794.6546788602,25526.680256523498
1712,853.8178663424001,81.0,57.0,10.246950765959598,0.0004253875486831658,133995.45937921738,24088.50658106982
1713,854.3176961599,87.0,49.0,11.180339887498949,0.0004252291326345097,115231.99197670253,26292.506861491554
1714,854.8175261116,95.0,72.0,10.862780491200215,0.0004250709011038716,169383.5071114545,25555.220230296956
1715,855.3173561975,99.0,73.0,11.180339887498949,0.00042491285389932197,171799.9333983351,26312.077370452997
1716,855.8171864175999,90.0,62.0,10.862780491200215,0.0004247549908291899,145966.50148587083,25574.22685015266
1717,856.3170167719,85.0,58.0,10.583005244258363,0.0004245973117019853,136600.01700790043,24924.80510966193
1718,856.8168472604,87.0,53.0,11.0,0.0004244398163265037,124870.47152812197,25916.512958666823
1719,857.3166778831,98.0,69.0,11.269427669584644,0.0004242825045117188,162627.49292339533,26561.141573711484
1720,857.81650864,97.0,61.0,11.532562594670797,0.0004241253760668323,143825.39560751917,27191.399631918117
1721,858.3163395311001,100.0,65.0,11.61895003862225,0.0004239684308012954,153313.3018351172,27405.22452736061
1722,858.8161705564,91.0,47.0,11.61895003862225,0.0004238116685247881,110898.315196461,27415.36135393751
1723,859.3160017159,117.0,78.0,12.489995996796797,0.00042365508904719637,184112.0336248589,29481.520037648777
1724,859.8158330096,139.0,107.0,13.07669683062202,0.0004234986921786335,252657.21471193343,30877.77382109651
1725,860.3156644375,140.0,114.0,12.884098726725126,0.00042334247772942443,269285.5217634505,30434.221474368285
1726,860.8154959996,140.0,109.0,13.076696830622021,0.0004231864455101656,257569.68626109188,30900.55688068558
1727,861.3153276959001,123.0,84.0,12.727922061357855,0.0004230305953316703,198567.19803952042,30087.474054633643
1728,861.8151595264001,120.0,82.0,12.569805089976535,0.00042287492700489386,193910.76359334736,29724.64028313286
1729,862.3149914911,88.0,61.0,10.723805294763608,0.0004227194403411164,144303.74896119192,25368.611592856858
1730,862.8148235900001,97.0,68.0,11.224972160321823,0.0004225641351518095,160922.31768692454,26563.94905897341
1731,863.3146558231,91.0,65.0,10.816653826391969,0.0004224090112486398,153879.29298160612,25607.06220356893
1732,863.8144881904,100.0,70.0,11.40175425099138,0.00042225406844353724,165776.9699129855,27002.11816316932
1733,864.3143206919,99.0,72.0,11.224972160321824,0.00042209930654863457,170575.97319626043,26593.202088164235
1734,864.8141533276,94.0,69.0,10.908712114635716,0.0004219447253762832,163528.52838358618,25853.415053138797
1735,865.3139860975,109.0,66.0,12.328828005937952,0.00042179032473908844,156475.85098313092,29229.755361421183
1736,865.8138190016001,98.0,61.0,11.61895003862225,0.0004216361044498281,144674.51756674363,27556.81953229133
1737,866.3136520399,102.0,73.0,11.445523142259596,0.000421482064321537,173198.3545195658,27155.421573355783
1738,866.8134852124,95.0,59.0,11.445523142259598,0.0004213282041674659,140033.35028705836,27165.33815929951
1739,867.3133185191,91.0,53.0,11.357816691600547,0.0004211745238010945,125838.57048540283,26967.007854835098
1740,867.81315196,94.0,62.0,11.224972160321826,0.00042102102303612123,147261.05492998328,26661.310353043315
1741,868.3129855351,96.0,58.0,11.575836902790224,0.00042086770168643834,137810.5275543622,27504.69293890991
1742,868.8128192444,94.0,70.0,10.862780491200215,0.0004207145595661998,166383.59288582084,25819.834955084192
1743,869.3126530879,89.0,64.0,10.677078252031311,0.00042056159648975674,152177.47063493181,25387.66815883381
1744,869.8124870656001,87.0,64.0,10.488088481701515,0.00042040881227168773,152232.77469892858,24947.35641964523
1745,870.3123211775,98.0,69.0,11.269427669584644,0.00042025620672680726,164185.55846542036,26815.612688643705
1746,870.8121554236001,88.0,60.0,10.770329614269007,0.0004201037796701122,142821.8523697054,25637.3071023699
1747,871.3119898039,110.0,83.0,11.704699910719626,0.00041995153091686283,197641.85599892808,27871.549569459214
1748,871.8118243184,122.0,104.0,11.832159566199232,0.00041979946028251436,247737.33613190128,28185.266265555678
1749,872.3116589671,107.0,75.0,11.789826122551597,0.00041964756758271974,178721.39812943444,28094.589444338002
1750,872.81149375,103.0,82.0,11.135528725660043,0.0004194958526334142,195472.73110148608,26545.026978827067
1751,873.3113286670999,95.0,67.0,11.090536506409416,0.00041934431525071647,159773.24018317077,26447.327656698137
1752,873.8111637183999,105.0,79.0,11.445523142259596,0.0004191929552509321,188457.36554115036,27303.71061557611
1753,874.3109989039001,99.0,76.0,11.045361017187261,0.00041904177245064765,181366.1668036946,26358.61564013435
1754,874.8108342236001,105.0,53.0,12.529964086141666,0.0004188907666666186,126524.63175962282,29912.247018120248
1755,875.3106696775001,98.0,58.0,11.74734012447073,0.0004187399377158738,138510.79100879683,28054.023670514114
1756,875.8105052656,82.0,55.0,10.44030650891055,0.0004185892854155727,131393.71196612535,24941.64775036103
1757,876.3103409879,85.0,48.0,11.045361017187261,0.00041843880958318574,114712.1129797058,26396.597935525482
1758,876.8101768444,80.0,34.0,11.224972160321824,0.00041828851003635994,81283.60971962757,26835.47812333188
1759,877.3100128351,105.0,79.0,11.445523142259596,0.0004181383865929332,188932.66567488867,27372.572117857384
1760,877.80984896,104.0,68.0,11.832159566199232,0.00041798843907103544,162683.9253045553,28307.38475086964
1761,878.3096852191001,101.0,72.0,11.40175425099138,0.00041783866728890547,172315.3112352265,27287.456005377033
1762,878.8095216124001,103.0,76.0,11.40175425099138,0.0004176890710650999,181953.52779090274,27297.229065431624
1763,879.3093581399,88.0,60.0,10.770329614269007,0.00041753965021836117,143698.92767937545,25794.746938731296
1764,879.8091948016,108.0,84.0,11.489125293076057,0.0004173904045676141,201250.43384027443,27526.088686628886
1765,880.3090315975,81.0,52.0,10.488088481701515,0.00041724133393201566,124628.11272785539,25136.743723023425
1766,880.8088685276,86.0,58.0,10.677078252031311,0.00041709243813098905,139057.9034707528,25598.829602080066
1767,881.3087055919,103.0,70.0,11.661903789690601,0.00041694371698410406,167888.36753875043,27969.9712806446
1768,881.8085427904,108.0,76.0,11.832159566199232,0.0004167951703111652,182343.76358838554,28388.427719461677
1769,882.3083801230999,120.0,92.0,12.165525060596439,0.0004166467979322218,220810.52934184828,29198.652482085006
1770,882.80821759,92.0,65.0,10.908712114635714,0.00041649859966751644,156062.94967591335,26191.47368885261
1771,883.3080551911,94.0,56.0,11.489125293076057,0.0004163505753374914,134502.03582547404,27594.83467451207
1772,883.8078929264001,89.0,56.0,11.04536101718726,0.0004162027247628455,134549.8159146101,26538.41592094565
1773,884.3077307959,95.0,58.0,11.489125293076055,0.00041605504776442986,139404.63001626547,27614.435529168706
1774,884.8075687996001,108.0,80.0,11.661903789690601,0.00041590754416337465,192350.4421179117,28039.654373544214
1775,885.3074069375,96.0,68.0,11.135528725660043,0.00041576021378099203,163555.8135339521,26783.536174353256
1776,885.8072452096,79.0,56.0,10.099504938362077,0.0004156130564388053,134740.71406668,24300.259055622628
1777,886.3070836159,93.0,70.0,10.770329614269007,0.0004154660719585691,168485.4786577627,25923.487719457007
1778,886.8069221564,129.0,94.0,12.806248474865697,0.00041531926016221164,226331.90659948284,30834.708869181624
1779,887.3067608311001,133.0,98.0,12.96148139681572,0.00041517262087191497,236046.39389318982,31219.499420734854
1780,887.8065996400001,246.0,211.0,16.76305461424021,0.0004150261539100892,508401.69471755944,40390.357225226195
1781,888.3064385831001,437.0,414.0,21.44761058952722,0.0004148798590992919,997879.2436412746,51695.95515214979
1782,888.8062776604,585.0,560.0,24.698178070456937,0.00041473373626232756,1350263.918838251,59551.890552821664
1783,889.3061168719,618.0,589.0,25.436194683953808,0.0004145877852222437,1420688.2619184284,61352.97659654516
1784,889.8059562175999,469.0,437.0,22.38302928559939,0.0004144420058022348,1054429.7968882273,54007.6270557387
1785,890.3057956975,255.0,227.0,16.822603841260722,0.0004142963978257956,547916.9048808615,40605.238012072536
1786,890.8056353116,150.0,116.0,13.564659966250536,0.0004141509611165265,280091.10418884666,32752.936102528933
1787,891.3054750599001,115.0,85.0,12.041594578792296,0.00041400569549831335,205311.18514611424,29085.577106127887
1788,891.8053149424001,79.0,55.0,10.14889156509222,0.0004138606007952224,132894.9890236445,24522.487875365252
1789,892.3051549591,108.0,82.0,11.575836902790225,0.0004137156768315598,198203.75342795017,27980.17467320488
1790,892.80499511,115.0,87.0,11.958260743101398,0.0004135709234318052,210362.95123959714,28914.655420821015
1791,893.3048353951,89.0,56.0,11.04536101718726,0.0004134263404206602,135453.39163203814,26716.635921041303
1792,893.8046758144,118.0,93.0,11.958260743101398,0.00041328192762306955,225027.98642775376,28934.874582775934
1793,894.3045163679,77.0,49.0,10.2469507659596,0.00041313768486411626,118604.52772812634,24802.750127551037
1794,894.8043570556,108.0,70.0,12.083045973594572,0.0004129936119691722,169494.14705529425,29257.222444633135
1795,895.3041978775,84.0,55.0,10.63014581273465,0.0004128497087637734,133220.39190651386,25748.221658107224
1796,895.8040388336001,96.0,60.0,11.489125293076057,0.00041270597507366756,145381.9513741958,27838.524244833774
1797,896.3038799239,97.0,65.0,11.357816691600547,0.00041256241072483874,157551.92017081796,27529.935826305125
1798,896.8037211484001,91.0,54.0,11.313708498984761,0.0004124190155434258,130934.7968081604,27432.557841876427
1799,897.3035625071001,85.0,56.0,10.677078252031311,0.00041227578935580596,135831.40568962778,25897.902636277977
1800,897.803404,93.0,62.0,11.135528725660043,0.0004121327319886151,150436.97136317895,27019.27767767704
1801,898.3032456271,105.0,72.0,11.74734012447073,0.00041198984326861317,174761.58982166153,28513.664393448613
1802,898.8030873884,95.0,73.0,10.816653826391967,0.000411847123022799,177250.2366028641,26263.759588756868
1803,899.3029292839,81.0,49.0,10.63014581273465,0.0004117045710784117,119017.38149676178,25819.83917470295
1804,899.8027713136,97.0,68.0,11.224972160321823,0.00041156218726284334,165224.11947570863,27274.060901889945
1805,900.3026134775,93.0,62.0,11.135528725660043,0.0004114199714037288,150697.59445187225,27066.08696623695
1806,900.8024557756,89.0,62.0,10.770329614269007,0.0004112779233288959,150749.64271889464,26187.47324702876
1807,901.3022982079,115.0,85.0,12.041594578792296,0.00041113604286641147,206744.21879285018,29288.58899073686
1808,901.8021407744001,77.0,50.0,10.19803902718557,0.0004109943298444733,121656.17958505846,24813.089346134453
1809,902.3019834751,85.0,51.0,10.908712114635714,0.00041085278409156817,124132.0540464768,26551.38905473366
1810,902.80182631,88.0,58.0,10.862780491200215,0.0004107114054363382,141218.38164776802,26448.69450279726
1811,903.3016692791,97.0,70.0,11.135528725660043,0.0004105701937076546,170494.59769075032,27122.10700221718
1812,903.8015123824,92.0,60.0,11.135528725660043,0.00041042914873457427,146188.44734831972,27131.427580114254
1813,904.3013556199,113.0,86.0,11.832159566199232,0.00041028827034636896,209608.72200269837,28838.649362825847
1814,904.8011989916,92.0,64.0,10.954451150103322,0.0004101475583725329,156041.40191386789,26708.561166548512
1815,905.3010424975,100.0,78.0,11.045361017187261,0.00041000701264273413,190240.64856170275,26939.444147536582
1816,905.8008861376001,111.0,89.0,11.532562594670797,0.00040986663298684805,217143.80444054314,28137.35412084852
1817,906.3007299119,84.0,56.0,10.583005244258363,0.00040972641923499835,136676.56604755388,25829.44312943727
1818,906.8005738204,90.0,58.0,11.045361017187261,0.0004095863712174684,141606.27422147576,26967.11070818996
1819,907.3004178630999,109.0,76.0,11.916375287812984,0.0004094464887647206,185616.44094027567,29103.62065569078
1820,907.80026204,102.0,65.0,11.789826122551595,0.00040930677170752526,158805.09313060297,28804.375929006488
1821,908.3001063511001,86.0,24.0,12.165525060596439,0.00040916721987672386,58655.72517571386,29732.403940525182
1822,908.7999507964,83.0,7.0,12.609520212918492,0.00040902783310346134,17113.749807410753,30828.024873625123
1823,909.2997953759001,117.0,16.0,14.7648230602334,0.0004088886112190265,39130.461355475105,36109.64613618067
1824,909.7996400896001,198.0,133.0,16.217274740226856,0.00040874955405495786,325382.61798841663,39675.3331700183
1825,910.2994849375,323.0,280.0,19.131126469708992,0.00040861066144296106,685248.8846258014,46819.93955358297
1826,910.7993299196,397.0,364.0,20.73644135332772,0.00040847193321495636,891126.0980284949,50765.89030271333
1827,911.2991750359,386.0,363.0,20.223748416156685,0.00040833336920304713,888979.5137450431,49527.54279090098
1828,911.7990202864,299.0,262.0,18.33030277982336,0.0004081949692395788,641850.1445230363,44905.753772445176
1829,912.2988656711,203.0,172.0,15.297058540778353,0.00040805673315705537,421510.0157011736,37487.57782386776
1830,912.7987111900001,108.0,76.0,11.832159566199232,0.00040791866078822113,186311.6530465785,29006.173788019292
1831,913.2985568431001,94.0,68.0,10.954451150103322,0.0004077807519659927,166756.27692616286,26863.5807288346
1832,913.7984026304,78.0,52.0,10.19803902718557,0.0004076430065234722,127562.59562374174,25017.08324192326
1833,914.2982485519,74.0,49.0,9.9498743710662,0.00040750542429401833,120243.7981896558,24416.54460993699
1834,914.7980946076,91.0,53.0,11.357816691600547,0.000407368005111154,130103.49201464283,27880.973834706205
1835,915.2979407975,106.0,78.0,11.575836902790227,0.000407230748808593,191537.59932961653,28425.743725533637
1836,915.7977871216,84.0,52.0,10.770329614269007,0.00040709365522024793,127734.73458304499,26456.638358664637
1837,916.2976335799,84.0,58.0,10.488088481701515,0.0004069567241802953,142521.2966239233,25771.999474457498
1838,916.7974801724,94.0,78.0,10.488088481701515,0.0004068199555230384,191731.0076387903,25780.66375386438
1839,917.2973268991001,115.0,92.0,11.74734012447073,0.00040668334908297067,226220.2281147005,28885.7169858559
1840,917.7971737600001,86.0,57.0,10.723805294763608,0.0004065469046948226,140205.22439541746,26377.781188159606
1841,918.2970207551,91.0,62.0,10.954451150103322,0.00040641062219355374,152555.06774247746,26954.145762672135
1842,918.7968678844001,70.0,40.0,10.0,0.00040627450141427645,98455.60048872515,24613.900122181287
1843,919.2967151479,73.0,47.0,9.9498743710662,0.00040613854219226825,115724.05747630309,24498.719863814043
1844,919.7965625456,75.0,50.0,10.0,0.00040600274436308634,123151.87691264776,24630.37538252955
1845,920.2964100775,93.0,71.0,10.723805294763608,0.0004058671077624247,174934.10685933195,26421.961991166856
1846,920.7962577436,95.0,73.0,10.816653826391967,0.00040573163222620996,179921.88481695674,26659.626628177943
1847,921.2961055439001,90.0,69.0,10.535653752852738,0.0004055963175905394,170119.887699911,25975.713525803676
1848,921.7959534784001,89.0,70.0,10.392304845413262,0.0004054611636917168,172642.9218587823,25630.826762276094
1849,922.2958015471,77.0,44.0,10.488088481701515,0.0004053261703662376,108554.54993257218,25875.67556327505
1850,922.79564975,103.0,71.0,11.61895003862225,0.00040519133745083366,175225.85859480576,28675.218260390637
1851,923.2954980871,95.0,78.0,10.583005244258361,0.00040505666478236625,192565.6501465265,26127.22160723988
1852,923.7953465584,64.0,34.0,9.695359714832659,0.0004049221521979497,83966.75710490347,23943.762182941766
1853,924.2951951639,97.0,74.0,10.954451150103322,0.0004047877995348608,182811.83396592722,27062.20682216958
1854,924.7950439036,83.0,53.0,10.63014581273465,0.000404653606630582,130976.22047981639,26269.74191889303
1855,925.2948927775,87.0,55.0,10.908712114635716,0.00040451957332278106,135963.7546045602,26967.08103647497
1856,925.7947417856001,74.0,41.0,10.344080432788601,0.00040438569944935737,101388.35289138253,25579.738469668675
1857,926.2945909279,77.0,55.0,9.9498743710662,0.000404251984848361,136053.75375121794,24613.050137029004
1858,926.7944402044001,89.0,60.0,10.862780491200215,0.00040411842935807104,148471.32830667496,26880.190810538854
1859,927.2942896151001,87.0,54.0,10.954451150103322,0.0004039850328169161,133668.31841137173,27115.98267321904
1860,927.79413916,87.0,57.0,10.816653826391969,0.00040385179506356565,141140.8855840997,26783.721054624617
1861,928.2939888391,94.0,70.0,10.862780491200215,0.0004037187159368691,173388.04775884145,26906.8043228862
1862,928.7938386524,75.0,44.0,10.295630140987,0.00040358579527586944,109022.6675840362,25510.38778247749
1863,929.2936885999,87.0,63.0,10.53565375285274,0.00040345303291977234,156152.00496591063,26113.705668802795
1864,929.7935386816001,78.0,48.0,10.392304845413264,0.0004033204287080426,119012.07224677045,25766.869480683043
1865,930.2933888975001,65.0,35.0,9.746794344808963,0.000403187982480257,86808.14290320236,24174.31760949432
1866,930.7932392476,102.0,72.0,11.489125293076057,0.00040305569407627197,178635.36245285033,28505.056402706272
1867,931.2930897319001,83.0,48.0,10.862780491200215,0.00040292356333605794,119129.2949029284,26959.903762541002
1868,931.7929403504,92.0,60.0,11.135528725660043,0.00040279159009983743,148960.4089924722,27645.881888695712
1869,932.2927911031001,114.0,76.0,12.328828005937952,0.00040265977420798,188744.95260791763,30618.474443314823
1870,932.79264199,142.0,97.0,13.674794331177344,0.00040252811550107667,240976.9560549878,33972.271263970295
1871,933.2924930111,143.0,115.0,13.076696830622021,0.0004023966138198955,285787.6931625266,32497.034968775566
1872,933.7923441664,163.0,140.0,13.638181696985855,0.00040226526900538786,348029.05144198483,33903.45313853876
1873,934.2921954559,144.0,106.0,13.490737563232042,0.0004021340808987423,263593.67443589267,33547.85929379863
1874,934.7920468796001,122.0,97.0,12.12435565298214,0.0004020030493412936,241291.70203793328,30159.859913621636
1875,935.2918984375001,97.0,78.0,10.770329614269007,0.0004018721741745548,194091.56695213338,26800.386556723563
1876,935.7917501296,91.0,71.0,10.535653752852738,0.0004017414552402727,176730.57901763328,26224.96039536571
1877,936.2916019559,75.0,45.0,10.2469507659596,0.00040161089238036947,112048.75379072157,25514.623632903404
1878,936.7914539164,90.0,60.0,10.954451150103322,0.0004014804854369582,149446.86523106587,27285.139745163095
1879,937.2913060111,78.0,51.0,10.2469507659596,0.0004013502342523207,127071.06075323066,25531.19418267874
1880,937.79115824,95.0,71.0,10.908712114635714,0.00040122013866894735,176960.21001224752,27188.844884071616
1881,938.2910106031001,85.0,60.0,10.488088481701515,0.00040109019852950197,149592.2867723399,26148.952330806133
1882,938.7908631004001,82.0,61.0,10.148891565092221,0.0004009604136768994,152134.71933704364,25311.455243235974
1883,939.2907157319,89.0,64.0,10.677078252031311,0.0004008307839541348,159668.37518977388,26637.370879311104
1884,939.7905684976,86.0,56.0,10.770329614269007,0.0004007013092044908,139754.97138049378,26878.698339297316
1885,940.2904213975,82.0,62.0,10.09950493836208,0.00040057198927139577,154778.67065236488,25212.70884849479
1886,940.7902744316,100.0,71.0,11.357816691600547,0.00040044282399844796,177303.71415090005,28363.14202909669
1887,941.2901275999,88.0,60.0,10.770329614269007,0.000400313813229485,149882.41229039038,26904.716395821142
1888,941.7899809024,81.0,56.0,10.295630140987,0.00040018495680848,139935.29503609106,25727.179310026564
1889,942.2898343390999,101.0,67.0,11.61895003862225,0.0004000562545796351,167476.44670722928,29043.290551302667
1890,942.7896879100001,70.0,46.0,9.695359714832659,0.00039992770638729404,115020.78817078288,24242.780782593676
1891,943.2895416151,82.0,50.0,10.677078252031313,0.0003997993120760355,125062.74645737959,26706.094606787872
1892,943.7893954544,82.0,59.0,10.2469507659596,0.00039967107149060954,147621.39221123548,25638.459965948165
1893,944.2892494279,82.0,56.0,10.392304845413264,0.00039954298447593704,140160.13839775647,26010.480096514253
1894,944.7891035356,70.0,39.0,10.04987562112089,0.00039941505087713976,97642.79016114597,25161.484523557014
1895,945.2889577775,77.0,53.0,10.049875621120892,0.000399287270539513,132736.5130583475,25169.5367286355
1896,945.7888121536,83.0,53.0,10.63014581273465,0.000399159643308579,132778.95420661854,26631.31403922211
1897,946.2886666639,85.0,58.0,10.583005244258363,0.0003990321690299733,145351.68966701362,26521.68437944516
1898,946.7885213083999,94.0,65.0,11.090536506409418,0.000398904847549564,162946.1271260278,27802.46109952679
1899,947.2883760871001,83.0,49.0,10.816653826391969,0.00039877767871342575,122875.4832970803,27124.52176683931
1900,947.788231,90.0,64.0,10.770329614269007,0.0003986506623677654,160541.56192761663,27016.961542968926
1901,948.2880860471,107.0,78.0,11.661903789690601,0.0003985237983589917,195722.31400278214,29262.75378712896
1902,948.7879412284,84.0,65.0,10.14889156509222,0.00039839708653373253,163153.803572046,25474.31170592385
1903,949.2877965439,89.0,63.0,10.723805294763608,0.0003982705267387668,158183.93722446577,26925.932437369524
1904,949.7876519936,113.0,92.0,11.575836902790225,0.00039814411882104124,231072.10593094904,29074.489250444913
1905,950.2875075775,95.0,72.0,10.862780491200215,0.0003980178626277578,180896.40380622132,27292.193419368017
1906,950.7873632956,83.0,61.0,10.246950765959598,0.0003978917580062085,153308.02604623992,25753.111392168394
1907,951.2872191479,95.0,72.0,10.862780491200215,0.000397765804803916,181011.03496187503,27309.48804549745
1908,951.7870751344001,92.0,61.0,11.090536506409416,0.0003976400028685938,153405.0889245124,27890.897360430943
1909,952.2869312551001,85.0,60.0,10.488088481701515,0.0003975143520481548,150937.94649389567,26384.17563457178
1910,952.7867875100001,99.0,73.0,11.180339887498949,0.0003973888521906347,183699.1641752964,28134.50811683951
1911,953.2866438991,95.0,71.0,10.908712114635714,0.00039726350314429605,178722.68516499244,27459.638321402497
1912,953.7865004224,91.0,69.0,10.63014581273465,0.00039713830475757053,173742.99878255365,26766.861028990206
1913,954.2863570799,92.0,68.0,10.770329614269007,0.0003970132568790816,171278.9153051148,27128.387850155163
1914,954.7862138716,79.0,54.0,10.198039027185569,0.00039688835935761834,136058.41221294933,25694.981439343683
1915,955.2860707975,70.0,47.0,9.643650760992955,0.00039676361204217156,118458.44370174859,24305.784271285294
1916,955.7859278576001,86.0,58.0,10.677078252031311,0.0003966390147819007,146228.68108900575,26918.88052894217
1917,956.2857850519,83.0,51.0,10.723805294763608,0.00039651456742613184,128620.74735627709,27045.173559131305
1918,956.7856423804001,86.0,57.0,10.723805294763608,0.0003963902698244068,143797.677034933,27053.654216875824
1919,957.2854998431001,77.0,49.0,10.2469507659596,0.00039626612182645066,123654.27499618582,25858.760569109087
1920,957.78535744,74.0,50.0,9.899494936611665,0.0003961421232821055,126217.32722019414,24989.755834579395
1921,958.2852151711,84.0,59.0,10.44030650891055,0.00039601827404143753,148983.02393446246,26363.193805087198
1922,958.7850730364,86.0,53.0,10.908712114635714,0.0003958945739547427,133874.02477018736,27554.588600860086
1923,959.2849310359,75.0,50.0,10.0,0.0003957710228723826,126335.67671810735,25267.13534362147
1924,959.7847891696001,61.0,38.0,9.16515138991168,0.00039564762064501607,96045.06135547938,23164.934936219062
1925,960.2846474375001,82.0,52.0,10.583005244258363,0.0003955243671233969,131471.04027544498,26756.89824429109
1926,960.7845058396,74.0,48.0,10.0,0.0003954012621584948,121395.667120454,25290.763983427914
1927,961.2843643759,94.0,55.0,11.532562594670797,0.0003952783056014549,139142.47055960252,29175.804569195534
1928,961.7842230464,90.0,50.0,11.40175425099138,0.0003951554973035939,126532.46719628834,28853.84191487416
1929,962.2840818511,95.0,62.0,11.31370849898476,0.00039503283711641007,156948.97784340283,28639.919105385117
1930,962.78394079,97.0,67.0,11.269427669584644,0.00039491032489158965,169658.77004708035,28536.675187406952
1931,963.2837998631,123.0,90.0,12.489995996796797,0.00039478796048098274,227970.4778492995,31637.226174728927
1932,963.7836590704,119.0,82.0,12.489995996796795,0.0003946657437366273,207770.75614325714,31647.023322935667
1933,964.2835184119001,143.0,119.0,12.922847983320086,0.00039454367451073553,301614.26399135444,32753.90994253148
1934,964.7833778876001,143.0,122.0,12.806248474865697,0.0003944217526556988,309313.5689868937,32468.413287653057
1935,965.2832374975001,143.0,113.0,13.152946437965905,0.00039429997802406237,286583.83539931144,33357.71537162815
1936,965.7830972416,117.0,80.0,12.409673645990857,0.0003941783504685849,202953.8149543193,31482.382609899018
1937,966.2829571199001,99.0,62.0,11.661903789690601,0.0003940568698422005,157337.6960153691,29594.468926174526
1938,966.7828171324,83.0,24.0,11.916375287812984,0.00039393553599797635,60923.6735629844,30249.55658703052
1939,967.2826772791,129.0,56.0,14.212670403551895,0.0003938143487892049,142198.9832827926,36089.772877116375
1940,967.7825375599999,151.0,113.0,13.74772708486752,0.00039369330806931797,287025.45276716765,34919.89018631463
1941,968.2823979751,229.0,199.0,16.09347693943108,0.00039357241369196173,505624.8687077743,40890.76464598711
1942,968.7822585244,257.0,226.0,16.970562748477143,0.00039345166551091803,574403.4650521225,43132.52233013161
1943,969.2821192079,217.0,186.0,15.74801574802362,0.0003933310633801795,472884.08497810195,40037.559232391875
1944,969.7819800256,165.0,137.0,13.892443989449804,0.00039321060715387363,348413.7953236554,35330.79661814241
1945,970.2818409775,131.0,107.0,12.449899597988733,0.00039309029668634164,272202.08919422515,31671.856830195113
1946,970.7817020636,87.0,59.0,10.72380529476361,0.00039297013183208255,150138.63706367102,27289.11035749131
1947,971.2815632839,80.0,65.0,9.746794344808965,0.0003928501124457684,165457.50641467114,24810.465966595533
1948,971.7814246383999,87.0,65.0,10.44030650891055,0.00039273023838225246,165508.00943607037,26583.913049111296
1949,972.2812861271,69.0,42.0,9.797958971132712,0.00039261050949654673,106976.24995789731,24955.92638031227
1950,972.7811477500001,80.0,66.0,9.695359714832659,0.000392490925643873,168156.75392170763,24702.12451135686
1951,973.2810095071001,71.0,49.0,9.643650760992955,0.0003923714866795602,124881.65339092811,24577.858199132294
1952,973.7808713984,82.0,62.0,10.09950493836208,0.0003922521924591718,158061.57668947478,25747.47861839753
1953,974.2807334239001,74.0,48.0,10.0,0.0003921330428384677,122407.43512087237,25501.548983515077
1954,974.7805955836,77.0,53.0,10.049875621120892,0.0003920140376732661,135199.2400950044,25636.519755185942
1955,975.2804578775,84.0,66.0,10.099504938362077,0.0003918951768196937,168412.38143220582,25770.934514483037
1956,975.7803203056,86.0,68.0,10.198039027185569,0.0003917764601339419,173568.36594202704,26030.249555317918
1957,976.2801828679,87.0,56.0,10.862780491200215,0.0003916578874724275,142981.92833903382,27735.38038849007
1958,976.7800455644,80.0,61.0,9.9498743710662,0.00039153945869172733,155795.2810269052,25412.188095453446
1959,977.2799083951,86.0,68.0,10.198039027185569,0.000391421173648613,173725.91105928528,26053.876779646474
1960,977.77977136,107.0,83.0,11.445523142259598,0.00039130303220001367,212111.82426405206,29249.76859471215
1961,978.2796344591001,85.0,59.0,10.535653752852738,0.0003911850342029782,150823.7658432149,26932.660586872033
1962,978.7794976924,86.0,51.0,11.0,0.0003910671795148223,130412.37585642746,28128.15949844514
1963,979.2793610599,83.0,58.0,10.392304845413264,0.00039094946799295887,148356.76922073367,26582.22020038772
1964,979.7792245616,83.0,62.0,10.198039027185569,0.0003908318994950066,158635.97643925718,26093.159336181212
1965,980.2790881975,68.0,44.0,9.591663046625438,0.00039071447387871693,112614.20536383353,24549.03436621296
1966,980.7789519675999,83.0,60.0,10.295630140987,0.0003905971910020708,153610.93572145505,26358.689663317156
1967,981.2788158719001,115.0,90.0,11.832159566199232,0.0003904800507231713,230485.52629851253,30301.572498482332
1968,981.7786799104,151.0,124.0,13.341664064126334,0.00039036305290029706,317653.0132109376,34177.57896143398
1969,982.2785440831001,236.0,215.0,16.0312195418814,0.0003902461973919383,550934.2600565247,41079.758493535475
1970,982.77840839,406.0,387.0,20.615528128088304,0.0003901294840566971,991978.3451787451,52842.784179552735
1971,983.2782728311,448.0,423.0,21.748563170931547,0.0003900129127533933,1084579.47459669,55763.700276978394
1972,983.7781374064,462.0,436.0,22.090722034374522,0.0003898964833409715,1118245.5308752046,56657.915570517696
1973,984.2780021159,298.0,269.0,18.083141320025124,0.00038978019567858716,690132.5490169785,46393.17625807876
1974,984.7778669596,184.0,158.0,14.491376746189438,0.0003896640496255096,405477.48798445077,37189.411648615045
1975,985.2777319375,89.0,55.0,11.090536506409416,0.0003895480450412358,141189.2594511107,28470.266113735524
1976,985.7775970496001,97.0,73.0,11.0,0.00038943218178540877,187452.40741358566,28246.253171910168
1977,986.2774622959,87.0,48.0,11.224972160321824,0.0003893164597178356,123293.0147232637,28832.513704807996
1978,986.7773276764001,76.0,46.0,10.295630140987,0.0003892008786984865,118190.89451654642,26453.255129886318
1979,987.2771931911,73.0,42.0,10.198039027185569,0.00038908543858750416,107945.4429147297,26210.281896458226
1980,987.77705884,75.0,52.0,9.899494936611665,0.0003889701392452105,133686.3546926894,25450.526757199037
1981,988.2769246231,59.0,35.0,9.110433579144297,0.00038885498053206066,90007.84804687435,23428.87203522176
1982,988.7767905403999,97.0,76.0,10.862780491200215,0.00038873996230873805,195503.44026539943,27943.56522207247
1983,989.2766565919,82.0,55.0,10.44030650891055,0.0003886250844360151,141524.57523378276,26864.726254255693
1984,989.7765227776001,67.0,43.0,9.539392014169456,0.000388510346774889,110679.16300544525,24553.76566765358
1985,990.2763890975001,80.0,53.0,10.344080432788601,0.0003883957491865017,136458.754018315,26632.836364595565
1986,990.7762555516,65.0,44.0,9.273618495495702,0.00038828129153217755,113319.90739593397,23883.763389427124
1987,991.2761221399,73.0,39.0,10.3440804327886,0.0003881669736733739,100472.22624564874,26648.533065290365
1988,991.7759888624,73.0,53.0,9.643650760992955,0.00038805279547173027,136579.35368194265,24851.388454165888
1989,992.2758557191,86.0,52.0,10.954451150103322,0.0003879387567890728,134041.77615662426,28237.57863424663
1990,992.77572271,74.0,52.0,9.797958971132712,0.0003878248574873581,134081.1425469164,25263.875643793916
1991,993.2755898350999,81.0,58.0,10.198039027185569,0.00038771109742872996,149595.92434844273,26303.190945057224
1992,993.7754570943999,82.0,64.0,10.0,0.0003875974764754821,165119.7540860367,25799.961575943234
1993,994.2753244879001,66.0,42.0,9.486832980505138,0.00038748399449010804,108391.57383847039,24483.16089284902
1994,994.7751920156,78.0,56.0,10.0,0.0003873706513352172,144564.3850585354,25815.06876045275
1995,995.2750596775,78.0,65.0,9.539392014169458,0.00038725744687361256,167846.99823013024,24633.20483875107
1996,995.7749274736,82.0,61.0,10.148891565092221,0.00038714438096823544,157563.95546137335,26214.74587777866
1997,996.2747954039,82.0,50.0,10.677078252031313,0.00038703145348224663,129188.46659653602,27587.107342222967
1998,996.7746634684,78.0,48.0,10.392304845413264,0.00038691866427888844,124057.08080652815,26859.14587444807
1999,997.2745316671,75.0,54.0,9.797958971132713,0.0003868060132216487,139604.86175031814,25330.420511116143
2000,997.7744,87.0,59.0,10.72380529476361,0.0003866935001741174,152575.61860603793,27732.054689140045
2001,998.2742684671001,81.0,52.0,10.488088481701515,0.00038658112500008113,134512.51661598607,27130.36877240014
2002,998.7741370684,83.0,61.0,10.246950765959598,0.0003864688875634758,157839.35515373413,26514.296740838116
2003,999.2740058039001,75.0,47.0,10.148891565092221,0.0003863567877283911,121649.21516285358,26268.184971624967
2004,999.7738746736001,87.0,60.0,10.677078252031311,0.00038624482535909747,155341.88696047157,27643.291381585954
2005,1000.2737436775,109.0,86.0,11.489125293076057,0.0003861342173753783,222720.48456248458,29754.227354337174
2006,1000.7736128156,96.0,77.0,10.723805294763608,0.0003860247501458656,199469.07541784385,27780.09775464254
2007,1001.2734820879,101.0,74.0,11.313708498984761,0.00038591541767092364,191751.86222567817,29316.54963998392
2008,1001.7733514944,81.0,46.0,10.770329614269007,0.00038580621981962673,119230.84086489341,27916.422963072975
2009,1002.2732210350999,75.0,52.0,9.899494936611665,0.00038569715646128425,134820.8020953343,25666.497071013182
2010,1002.77309071,82.0,52.0,10.583005244258363,0.00038558822746534774,134858.8890844007,27446.39096952057
2011,1003.2729605191,96.0,73.0,10.908712114635714,0.0003854794327013373,189374.56530024292,28299.076913625096
2012,1003.7728304624001,87.0,65.0,10.44030650891055,0.00038537077203906295,168668.73337610383,27091.588844865157
2013,1004.2727005399,76.0,55.0,9.848857801796106,0.0003852622453483643,142759.9009870992,25564.03572037148
2014,1004.7725707516,79.0,55.0,10.14889156509222,0.00038515385249931734,142800.07753550247,26350.227316265016
2015,1005.2724410975,91.0,70.0,10.583005244258363,0.0003850455933621131,181796.65267372387,27485.07040906623
2016,1005.7723115776,83.0,57.0,10.44030650891055,0.00038493746780708535,148075.99874524563,27122.084447603833
2017,1006.2721821919,74.0,51.0,9.848857801796104,0.0003848294757047596,132526.23101855925,25592.784398230782
2018,1006.7720529403999,84.0,65.0,10.14889156509222,0.0003847216169257706,168953.3344120388,26379.831853977623
2019,1007.2719238231001,71.0,53.0,9.433981132056603,0.0003846138913409037,137800.53501245822,24528.446175374265
2020,1007.7717948400001,83.0,64.0,10.099504938362077,0.0003845062988211601,166447.20826736678,26266.16252926331
2021,1008.2716659911,75.0,52.0,9.899494936611665,0.00038439883923761147,135276.16291228402,25753.1863422002
2022,1008.7715372764001,55.0,31.0,8.888194417315589,0.00038429151246151835,80667.92784840449,23128.78148253566
2023,1009.2714086959,71.0,43.0,9.9498743710662,0.0003841843183643009,111925.4429308212,25898.699909014194
2024,1009.7712802496,87.0,67.0,10.344080432788601,0.0003840772568174878,174444.07032889783,26932.290962763444
2025,1010.2711519375,62.0,46.0,8.831760866327848,0.00038397032769282424,119800.92387972213,23001.154592844592
2026,1010.7710237596,57.0,37.0,8.774964387392123,0.00038386353086215634,96388.42199178992,22859.593792834603
2027,1011.2708957159001,80.0,51.0,10.44030650891055,0.0003837568661974962,132896.64496518328,27205.52367534074
2028,1011.7707678064,78.0,46.0,10.488088481701517,0.00038365033357097106,119900.84713816758,27337.62377861021
2029,1012.2706400311,65.0,41.0,9.433981132056603,0.00038354393285493183,106897.79315452623,24596.87228483634
2030,1012.77051239,86.0,59.0,10.63014581273465,0.00038343766392181887,153871.1648630058,27723.269811340408
2031,1013.2703848831001,83.0,51.0,10.723805294763608,0.00038333152664422616,133044.10531131088,27975.27609753966
2032,1013.7702575104,75.0,50.0,10.0,0.00038322552089491846,130471.47769083506,26094.295538167014
2033,1014.2701302719,61.0,42.0,8.94427190999916,0.00038311964654681496,109626.32790711726,23345.89726895204
2034,1014.7700031676,76.0,53.0,9.9498743710662,0.00038301390347295257,138376.17778212775,25977.841224160242
2035,1015.2698761974999,87.0,69.0,10.2469507659596,0.00038290829154653756,180199.80638526846,26760.84846471447
2036,1015.7697493616,58.0,31.0,9.219544457292887,0.0003828028106409135,80981.64156135054,24084.317567723505
2037,1016.2696226599,75.0,55.0,9.746794344808965,0.0003826974606295846,143716.65782552675,25468.66741361253
2038,1016.7694960924,74.0,53.0,9.746794344808963,0.0003825922413862103,138528.68476362748,25475.671721659397
2039,1017.2693696591,63.0,28.0,9.899494936611665,0.00038248715278454417,73205.07315384907,25881.901822171978
2040,1017.76924336,62.0,35.0,9.433981132056603,0.00038238219469856924,91531.45853872824,24671.6015098281
2041,1018.2691171951,65.0,46.0,9.16515138991168,0.0003822773670023501,120331.47648973214,23975.13476086942
2042,1018.7689911644,69.0,48.0,9.486832980505138,0.0003821726695701315,125597.67827979558,24823.420762075802
2043,1019.2688652679,70.0,47.0,9.643650760992955,0.00038206810227629036,123014.71837084222,25240.659200644823
2044,1019.7687395056,81.0,52.0,10.488088481701515,0.0003819636649953649,136138.60365653108,27458.340787019068
2045,1020.2686138775,71.0,48.0,9.695359714832659,0.00038185935760202304,125700.72997929776,25389.87069929878
2046,1020.7684883836,79.0,60.0,9.899494936611665,0.0003817551799710738,157168.79075366128,25931.52747098747
2047,1021.2683630239001,79.0,62.0,9.797958971132712,0.0003816511319775276,162452.02700892472,25672.553151786895
2048,1021.7682377984,68.0,47.0,9.433981132056603,0.0003815472134964666,123182.65823329163,24725.593054669152
2049,1022.2681127071,63.0,40.0,9.273618495495704,0.0003814434244031708,104864.83038103592,24311.910763714863
2050,1022.7679877500001,78.0,53.0,10.148891565092221,0.00038133976457299835,138983.67000710312,26613.777287182067
2051,1023.2678629270999,62.0,36.0,9.38083151964686,0.00038123623388155016,94429.6391596009,24606.348206035098
2052,1023.7677382384,85.0,66.0,10.198039027185569,0.00038113283220452953,173167.97300890108,26757.17798489986
2053,1024.2676136839,88.0,67.0,10.44030650891055,0.00038102955941774245,175839.37609035845,27400.25347341701
2054,1024.7674892636,76.0,57.0,9.746794344808965,0.0003809264153971758,149635.19907268314,25587.07915975424
2055,1025.2673649775,72.0,51.0,9.643650760992955,0.00038082340001900964,133920.34207313476,25323.15703423574
2056,1025.7672408256,80.0,50.0,10.488088481701515,0.00038072051315945777,131329.93435281073,27547.999435766607
2057,1026.2671168079,82.0,58.0,10.295630140987,0.00038061775469498004,152383.85305089122,27049.78949087051
2058,1026.7669929244,73.0,56.0,9.486832980505138,0.00038051512450213923,147168.92021905736,24931.552964990762
2059,1027.2668691751,84.0,61.0,10.344080432788601,0.00038041262245762483,160352.19758459763,27191.73818671292
2060,1027.76674556,78.0,50.0,10.295630140987,0.0003803102484383017,131471.6082601481,27071.661053744327
2061,1028.2666220791,94.0,75.0,10.63014581273465,0.0003802080023211676,197260.44570899467,27958.764012955206
2062,1028.7664987324,72.0,53.0,9.539392014169456,0.0003801058839833622,139434.8318015511,25096.67020725996
2063,1029.2663755199,78.0,58.0,9.899494936611665,0.0003800038933021573,152630.0151716649,26051.035558049283
2064,1029.7662524415998,67.0,40.0,9.695359714832659,0.000379902030154997,105290.30335447358,25520.684137636825
2065,1030.2661294975,74.0,51.0,9.848857801796104,0.00037980029441944034,134281.0965377428,25931.675005283996
2066,1030.7660066876,85.0,62.0,10.392304845413264,0.0003796986859732074,163287.37046083665,27369.87308443457
2067,1031.2658840119,64.0,38.0,9.486832980505138,0.0003795972046941279,100106.11124130819,24991.84099142523
2068,1031.7657614704,89.0,69.0,10.440306508910549,0.0003794958504602209,181820.16988149556,27510.989899492753
2069,1032.2656390631,82.0,58.0,10.295630140987,0.0003793946231496342,152875.12384466414,27136.99539417663
2070,1032.76551679,85.0,66.0,10.198039027185569,0.0003792935226406104,174007.71713820318,26886.93167283126
2071,1033.2653946511,78.0,59.0,9.848857801796106,0.00037919254881159864,155593.77467966566,25973.236638385264
2072,1033.7652726464,75.0,53.0,9.848857801796106,0.0003790917015411787,139807.8612233692,25980.146127588807
2073,1034.2651507758999,74.0,53.0,9.746794344808963,0.00037899098070801783,139845.01663070513,25717.747495205134
2074,1034.7650290396,101.0,73.0,11.357816691600547,0.0003788903861909966,192667.86031145454,29976.523832608233
2075,1035.2649074375001,82.0,61.0,10.148891565092221,0.00037878991786908925,161039.133098262,26792.92950083139
2076,1035.7647859696,167.0,147.0,13.674794331177344,0.0003786895756214135,388180.7408053925,36110.828529508864
2077,1036.2646646359,257.0,232.0,16.792855623746668,0.0003785893593272592,612801.1638051749,44356.38564588032
2078,1036.7645434364,351.0,326.0,19.390719429665314,0.0003784892688660237,861319.0037770829,51231.886937669486
2079,1037.2644223711,431.0,408.0,21.307275752662516,0.0003783893041172659,1078254.579504598,56310.45994381284
2080,1037.7643014399998,409.0,390.0,20.688160865577203,0.00037828946496067513,1030956.5455134793,54688.7047666734
2081,1038.2641806431,283.0,252.0,17.72004514666935,0.0003781897512760656,666332.1762414672,46854.905736814435
2082,1038.7640599804,172.0,155.0,13.747727084867519,0.0003780901629434275,409955.12497158564,36360.97532356204
2083,1039.2639394519001,75.0,53.0,9.848857801796106,0.00037799069984286,140215.09000627106,26055.82043656237
2084,1039.7638190576001,87.0,63.0,10.53565375285274,0.0003778913618546272,166714.58085415504,27880.112689386508
2085,1040.2636987975,69.0,49.0,9.433981132056603,0.000377792148859108,129700.94838649976,24971.35305894053
2086,1040.7635786716,72.0,46.0,9.899494936611665,0.00037769306073682385,121792.01786302544,26210.423133798646
2087,1041.2634586799,75.0,52.0,9.899494936611665,0.0003775940973684537,137714.0171480455,26217.292604952472
2088,1041.7633388224,65.0,39.0,9.539392014169456,0.00037749525863479754,103312.55587432424,25270.23001207601
2089,1042.2632190990998,68.0,51.0,9.219544457292887,0.0003773965444168039,135136.37248271843,24429.329292190465
2090,1042.76309951,82.0,57.0,10.344080432788601,0.0003772979545955453,151074.23537745568,27416.211264323487
2091,1043.2629800551001,73.0,52.0,9.695359714832657,0.00037719948905227133,137858.08705799698,25703.53353126918
2092,1043.7628607344,77.0,54.0,10.0,0.0003771011476682964,143197.65488356238,26518.084237696738
2093,1044.2627415479,60.0,33.0,9.327379053088816,0.0003770029303251479,87532.47613099187,24740.86619179425
2094,1044.7626224956,81.0,51.0,10.535653752852738,0.0003769048369044606,135312.67048432093,27953.08714895415
2095,1045.2625035775002,78.0,52.0,10.19803902718557,0.00037680686728798653,138001.7311634009,27064.366158144876
2096,1045.7623847936,82.0,65.0,9.9498743710662,0.00037670902135765683,172546.96945069282,26412.625679116783
2097,1046.2622661439,67.0,45.0,9.433981132056603,0.000376611298995503,119486.59033869648,25049.649750867542
2098,1046.7621476283998,72.0,57.0,9.327379053088814,0.0003765137000837263,151388.91357027582,24773.01370710989
2099,1047.2620292471,79.0,56.0,10.099504938362077,0.0003764162245046378,148771.48314660392,26830.68444154602
2100,1047.761911,88.0,68.0,10.392304845413264,0.0003763188721406969,180697.8204765037,27615.688754317434
2101,1048.2617928871,78.0,56.0,10.0,0.00037622164287447695,148848.4276772028,26580.07637092907
2102,1048.7616749084,82.0,51.0,10.63014581273465,0.0003761245365887261,135593.38739914758,28262.303515599135
2103,1049.2615570639,71.0,53.0,9.433981132056603,0.0003760275531663148,140947.1182463015,25088.5368708181
2104,1049.7614393536,74.0,48.0,10.0,0.0003759306924902395,127683.11010212675,26600.64793794307
2105,1050.2613217775,80.0,53.0,10.344080432788601,0.0003758339544436248,141019.72260185986,27523.00666421085
2106,1050.7612043356,90.0,66.0,10.677078252031311,0.00037573733890977666,175654.62136795552,28416.335419342307
2107,1051.2610870279,76.0,52.0,10.0,0.00037564084577205737,138430.10041446376,26621.173156627647
2108,1051.7609698544,91.0,65.0,10.816653826391969,0.00037554447491405243,173082.02980452843,28802.590768689864
2109,1052.2608528151002,73.0,51.0,9.746794344808963,0.0003754482262194198,135837.63735827195,25960.42187481992
2110,1052.76073591,86.0,57.0,10.723805294763608,0.00037535209957198783,151857.41618335643,28569.98883712629
2111,1053.2606191391,79.0,60.0,9.899494936611665,0.00037525609485568334,159890.8074313221,26380.63730961873
2112,1053.7605025024,79.0,63.0,9.746794344808963,0.0003751602119546034,167928.25569579157,25980.351951577377
2113,1054.2603859999,84.0,66.0,10.099504938362077,0.000375064450752956,175969.756311222,26927.385194963
2114,1054.7602696315998,73.0,52.0,9.695359714832657,0.00037496881113510954,138678.20057509598,25856.44306117824
2115,1055.2601533975,77.0,57.0,9.848857801796106,0.00037487329298553954,152051.37593570512,26272.497897512316
2116,1055.7600372975999,61.0,48.0,8.602325267042627,0.00037477789618886224,128075.85636216738,22953.128651716557
2117,1056.2599213319,77.0,55.0,9.9498743710662,0.00037468262062984297,146790.90241107202,26555.473414647364
2118,1056.7598055004,69.0,50.0,9.38083151964686,0.0003745874661933513,133480.1735576263,25043.100387146278
2119,1057.2596898031,84.0,58.0,10.488088481701515,0.0003744924327644065,154876.2936859871,28006.142618907284
2120,1057.7595742400001,79.0,59.0,9.9498743710662,0.00037439752022819,157586.51383171644,26575.69517287906
2121,1058.2594588110999,90.0,67.0,10.63014581273465,0.0003743027284699437,178999.49667446804,28399.861941129948
2122,1058.7593435164001,68.0,53.0,9.1104335791443,0.00037420805737511817,141632.43937548652,24345.904369482105
2123,1059.2592283559,72.0,50.0,9.695359714832657,0.0003741135068292734,133649.27779209396,25915.55647643893
2124,1059.7591133296,74.0,54.0,9.695359714832659,0.00037401907671805846,144377.66242791424,25922.099481950154
2125,1060.2589984375,68.0,44.0,9.591663046625438,0.0003739247669273216,117670.72922599995,25651.317845147536
2126,1060.7588836796,72.0,49.0,9.746794344808963,0.00037383057734298263,131075.4201763528,26072.758451394573
2127,1061.2587690559,80.0,60.0,10.0,0.0003737365078511403,160540.91248666044,26756.81874777674
2128,1061.7586545664,87.0,74.0,10.0,0.0003736425583380116,198050.24440780302,26763.546541595006
2129,1062.2585402111001,79.0,48.0,10.488088481701515,0.0003735487286899254,128497.29182144732,28076.8951308825
2130,1062.75842599,65.0,51.0,8.888194417315589,0.0003734550187933719,136562.63119660385,23799.906200305526
2131,1063.2583119031,69.0,46.0,9.591663046625438,0.000373361428534946,123205.01392043094,25690.021286512394
2132,1063.7581979504,70.0,47.0,9.643650760992955,0.0003732679578013837,125914.90648390654,25835.731568806
2133,1064.2580841319,74.0,58.0,9.486832980505138,0.00037317460647956236,155423.22278345187,25421.968204111185
2134,1064.7579704476002,67.0,44.0,9.486832980505138,0.0003730813744564669,117936.73716384936,25428.321084981184
2135,1065.2578568975,82.0,60.0,10.19803902718557,0.0003729882616192423,160862.9712354053,27341.447644794884
2136,1065.7577434816,77.0,49.0,10.2469507659596,0.0003728952678551354,131404.1883176587,27479.43363534556
2137,1066.2576301999,77.0,59.0,9.746794344808965,0.0003728023930515555,158260.78667858976,26144.666789896557
2138,1066.7575170524,86.0,69.0,10.14889156509222,0.0003727096370960064,185130.71069913404,27230.021858753178
2139,1067.2574040391,85.0,54.0,10.770329614269007,0.00037261699987613874,144920.92421427387,28904.55781096719
2140,1067.75729116,62.0,39.0,9.219544457292887,0.0003725244812797429,104691.10611475064,24748.828387387453
2141,1068.2571784150998,66.0,37.0,9.746794344808965,0.0003724320811947389,99346.97322880002,26170.66261730691
2142,1068.7570658044,73.0,50.0,9.797958971132712,0.0003723397995091308,134285.94006312737,26314.56262277017
2143,1069.2569533279002,82.0,65.0,9.9498743710662,0.0003722476361111146,174614.9436408986,26729.18080827301
2144,1069.7568409856,77.0,54.0,10.0,0.0003721555908889767,145100.60125929842,26870.481714684895
2145,1070.2567287775,71.0,42.0,10.0,0.00037206366373113874,112883.90696047682,26877.120704875433
2146,1070.7566167036,69.0,50.0,9.38083151964686,0.00037197185452617803,134418.7722581607,25219.197112631733
2147,1071.2565047639,78.0,47.0,10.44030650891055,0.0003718801631627486,126384.79987820983,28074.38401693258
2148,1071.7563929583998,82.0,66.0,9.899494936611665,0.00037178858952969244,177520.240961373,26626.67767489689
2149,1072.2562812871001,68.0,42.0,9.695359714832659,0.0003716971335159209,112995.22168147421,26084.031434741686
2150,1072.7561697499998,73.0,57.0,9.433981132056603,0.0003716057950105433,153388.35068054518,25387.066775395524
2151,1073.2560583471,79.0,60.0,9.899494936611665,0.00037151457390270507,161501.066754149,26646.316543168014
2152,1073.7559470784001,84.0,65.0,10.14889156509222,0.0003714234700817657,175002.40355217943,27324.314112024284
2153,1074.2558359439,80.0,61.0,9.9498743710662,0.0003713324834371601,164273.26646827793,26795.055145640115
2154,1074.7557249436002,73.0,56.0,9.486832980505138,0.0003712416138584711,150845.15827298645,25554.336115244383
2155,1075.2556140775,71.0,45.0,9.848857801796104,0.0003711508612354095,121244.49839672579,26535.996087987733
2156,1075.7555033456001,78.0,62.0,9.695359714832659,0.0003710602254578232,167088.77898056275,26128.803492398805
2157,1076.2553927479,84.0,58.0,10.488088481701515,0.00037096970641562924,156346.9981428015,28272.088799484907
2158,1076.7552822844,86.0,59.0,10.63014581273465,0.00037087930399895097,159081.40293578335,28662.008632233406
2159,1077.2551719551,65.0,42.0,9.380831519646858,0.00037078901809798937,113271.96316504863,25299.647675023
2160,1077.75506176,78.0,56.0,10.0,0.0003706988486030924,151066.02087118768,26976.07515556923
2161,1078.2549516991,80.0,51.0,10.44030650891055,0.00037060879540472253,137611.4129841564,28170.69275840914
2162,1078.7548417724,90.0,73.0,10.344080432788601,0.00037051885839345535,197021.0107969215,27917.824419625584
2163,1079.2547319799,85.0,65.0,10.246950765959598,0.0003704290374600431,175472.20500231793,27662.385314663406
2164,1079.7546223216,90.0,70.0,10.488088481701515,0.00037033933249530176,189015.8399550716,28320.212198456047
2165,1080.2545127975,60.0,44.0,8.717797887081348,0.00037024974339022005,118838.7049160673,23545.722968653983
2166,1080.7544034076,73.0,52.0,9.695359714832657,0.00037016027003586424,140479.69004064592,26192.329376389553
2167,1081.2542941519,73.0,60.0,9.273618495495702,0.0003700709123234722,162131.08893993564,25059.031084804097
2168,1081.7541850304,73.0,56.0,9.486832980505138,0.0003699816701444145,151358.84969150388,25641.35941329784
2169,1082.2540760431,56.0,35.0,8.774964387392123,0.0003698925433901293,94622.07504703644,23723.009679968276
2170,1082.7539671900001,78.0,58.0,9.899494936611665,0.0003698035319522225,156840.03798939765,26769.60624024178
2171,1083.2538584710999,79.0,55.0,10.14889156509222,0.0003697146357224131,148763.3831225842,27450.60807577049
2172,1083.7537498864,59.0,33.0,9.219544457292887,0.0003696258545925323,89279.4689277851,24942.910087976168
2173,1084.2536414359,80.0,55.0,10.2469507659596,0.00036953718845456984,148834.8174916138,27729.14631085726
2174,1084.7535331196,83.0,62.0,10.198039027185569,0.00036944863720059104,167817.644341011,27603.40139419319
2175,1085.2534249374999,72.0,52.0,9.591663046625438,0.0003693602007228658,140783.98240587933,25968.317723062282
2176,1085.7533168896,74.0,61.0,9.327379053088816,0.00036927187891366397,165189.94129596814,25258.839315163674
2177,1086.2532089759002,75.0,56.0,9.695359714832659,0.000369183671665505,151686.0151137405,26261.615718522455
2178,1086.7531011964,95.0,79.0,10.535653752852738,0.00036909557887096755,214036.70085037156,28544.51355142324
2179,1087.2529935511002,73.0,45.0,10.04987562112089,0.000369007600422739,121948.70769178608,27234.874321308413
2180,1087.75288604,89.0,64.0,10.677078252031311,0.00036891973621366983,173479.46915730383,28941.466676771644
2181,1088.2527786631001,82.0,52.0,10.583005244258363,0.00036883198613670937,140985.6030781613,28693.29570655979
2182,1088.7526714204,65.0,45.0,9.219544457292887,0.0003687443500849501,122035.76811314683,25002.537544423176
2183,1089.2525643119,74.0,55.0,9.643650760992955,0.00036865682795160287,149190.2382646779,26158.88281407057
2184,1089.7524573376,73.0,40.0,10.295630140986999,0.00036856941962994637,108527.72332593703,27934.032485180374
2185,1090.2523504975,88.0,61.0,10.723805294763608,0.0003684821250134847,165543.98669343238,29102.647229824695
2186,1090.7522437916002,72.0,52.0,9.591663046625438,0.0003683949439957412,141152.86012340372,26036.3590840604
2187,1091.2521372199,84.0,60.0,10.392304845413264,0.00036830787647044446,162907.18671289348,28216.3524304841
2188,1091.7520307824002,81.0,59.0,10.14889156509222,0.0003682209223313941,160229.89575508356,27561.96334753175
2189,1092.2519244791,77.0,49.0,10.2469507659596,0.0003681340814725326,133103.6773449513,27834.833235140577
2190,1092.75181831,81.0,48.0,10.677078252031311,0.0003680473537879031,130418.00058060262,29010.066618178313
2191,1093.2517122750999,90.0,66.0,10.677078252031311,0.000367960739171672,179366.96221606326,29016.89532439471
2192,1093.7516063744001,84.0,58.0,10.488088481701515,0.0003678742375181639,157662.57618715754,28509.98360868818
2193,1094.2515006079,65.0,36.0,9.695359714832657,0.0003677878487218168,97882.51603502342,26361.283409789656
2194,1094.7513949756,76.0,57.0,9.746794344808965,0.0003677015726771358,155017.01443645835,26507.35016944635
2195,1095.2512894775002,75.0,51.0,9.9498743710662,0.0003676154092787948,138731.9429837128,27065.988312585512
2196,1095.7511841136,70.0,47.0,9.643650760992955,0.0003675293584215826,127880.94045561284,26239.13039875033
2197,1096.2510788839002,77.0,53.0,10.049875621120892,0.00036744342000039824,144239.8941310272,27350.81123812205
2198,1096.7509737884,74.0,56.0,9.591663046625438,0.00036735759391028495,152440.02282330976,26109.88095966212
2199,1097.2508688271,58.0,43.0,8.544003745317532,0.00036727188004634365,117079.47800025994,23263.430198466107
2200,1097.750764,82.0,69.0,9.746794344808965,0.00036718627830389065,187915.5188443459,26544.549512665406
2201,1098.2506593071,75.0,51.0,9.9498743710662,0.0003671007885782675,138926.42453184645,27103.930802221206
2202,1098.7505547484,68.0,49.0,9.327379053088816,0.0003670154107649952,133509.38015890386,25414.1346098986
2203,1099.2504503239,80.0,61.0,9.9498743710662,0.00036693014475969383,166244.17718514107,27116.535703498743
2204,1099.7503460336002,80.0,64.0,9.797958971132713,0.00036684499045810476,174460.6077898972,26708.71683131702
2205,1100.2502418775,77.0,56.0,9.899494936611665,0.00036675994775611364,152688.4283374329,26991.755771528755
2206,1100.7501378556,79.0,54.0,10.198039027185569,0.00036667501654968497,147269.37359443176,27812.200359725684
2207,1101.2500339679,69.0,40.0,9.899494936611665,0.0003665901967348909,109113.66522145989,27004.254409374564
2208,1101.7499302144001,66.0,48.0,9.165151389911681,0.0003665054882079962,130966.66092148512,25006.859882846693
2209,1102.2498265950999,67.0,46.0,9.38083151964686,0.00036642089086530585,125538.69374470062,25601.246417730035
2210,1102.74972311,77.0,55.0,9.9498743710662,0.00036633640460327356,150135.22901051183,27160.484860469933
2211,1103.2496197591001,67.0,48.0,9.273618495495704,0.0003662520293185137,131057.29431537553,25320.31976109772
2212,1103.7495165424,73.0,49.0,9.848857801796104,0.00036616776490767245,133818.44251733937,26897.11860430819
2213,1104.2494134599,68.0,44.0,9.591663046625438,0.0003660836112675819,120191.1220435351,26200.744178123266
2214,1104.7493105116,73.0,50.0,9.797958971132712,0.00036599956829518423,136612.18299491063,26770.411278820167
2215,1105.2492076975,70.0,44.0,9.797958971132712,0.00036591563588750283,120246.2963717882,26776.551779123747
2216,1105.7491050176,64.0,33.0,9.746794344808963,0.00036583181394169714,90205.38603364669,26642.828680729
2217,1106.2490024719,62.0,45.0,8.888194417315589,0.0003657481023550497,123035.4982301898,24301.40952224922
2218,1106.7489000603998,72.0,50.0,9.695359714832657,0.0003656645010249792,136737.3640587124,26514.358620144943
2219,1107.2487977831,72.0,47.0,9.848857801796104,0.00036558100984898753,128562.47653403698,26940.28829852082
2220,1107.74869564,80.0,54.0,10.295630140987,0.0003654976287247037,147743.77658322186,28168.801469138307
2221,1108.2485936311,65.0,40.0,9.486832980505138,0.00036541435754987447,109464.77382060858,25961.85066212212
2222,1108.7484917564002,78.0,56.0,10.0,0.00036533119622236376,153285.56821606564,27372.422895726006
2223,1109.2483900159,86.0,72.0,10.0,0.0003652481446401642,197126.25801544613,27378.646946589743
2224,1109.7482884096,62.0,39.0,9.219544457292887,0.00036516520270137064,106800.97586377613,25247.598591239705
2225,1110.2481869375,72.0,56.0,9.380831519646858,0.0003650823703041967,153390.0416865905,25695.10960452703
2226,1110.7480855996,85.0,58.0,10.583005244258363,0.0003649996473469658,158904.26311800146,28994.56292953138
2227,1111.2479843959,77.0,57.0,9.848857801796106,0.000364917033728129,156199.88855457545,26989.306860182678
2228,1111.7478833264,91.0,68.0,10.677078252031311,0.0003648345293462493,186385.86682529718,29265.536546564483
2229,1112.2477823911001,77.0,47.0,10.344080432788601,0.0003647521340999924,128854.62648757394,28359.204692008458
2230,1112.74768159,73.0,50.0,9.797958971132712,0.0003646698478881643,137110.32126608348,26868.026045678216
2231,1113.2475809231,81.0,58.0,10.198039027185569,0.0003645876706096832,159083.8217403492,27971.431425895058
2232,1113.7474803904,87.0,65.0,10.44030650891055,0.00036450560216353626,178323.73388554287,28642.375993514863
2233,1114.2473799919,76.0,57.0,9.746794344808965,0.0003644236424488904,156411.36677347744,26745.77938827317
2234,1114.7472797276,65.0,48.0,9.055385138137416,0.0003643417913649847,131744.42553013444,24854.094020375644
2235,1115.2471795975,79.0,56.0,10.099504938362077,0.0003642600488111988,153736.3215723545,27726.08462367169
2236,1115.7470796015998,69.0,48.0,9.486832980505138,0.0003641784146870004,131803.52833721475,26049.95957450901
2237,1116.2469797399,70.0,55.0,9.219544457292887,0.0003640968888920073,151058.69255673105,25321.678757951275
2238,1116.7468800124002,61.0,33.0,9.433981132056603,0.00036401547132590255,90655.48747090243,25916.429039935978
2239,1117.2467804190999,75.0,21.0,11.357816691600547,0.0003639341618885386,57702.74461464716,31208.437901685866
2240,1117.74668096,83.0,4.0,12.727922061357855,0.00036385296047981933,10993.451845836651,34980.949569774886
2241,1118.2465816351,141.0,46.0,15.362291495737216,0.00036377186699982787,126452.8793262118,42230.56505835974
2242,1118.7464824444,278.0,204.0,18.761663039293715,0.00036369088134871895,560915.9054070371,51586.839267780284
2243,1119.2463833878999,502.0,457.0,23.388031127053,0.0003636100034267503,1256841.1091364906,64321.74832000888
2244,1119.7462844656,724.0,694.0,27.459060435491963,0.0003635292331343619,1909062.426744357,75534.66938198883
2245,1120.2461856774999,844.0,827.0,29.342801502242416,0.0003634485703720186,2275425.101145671,80734.39791552273
2246,1120.7460870236,712.0,696.0,26.981475126464083,0.00036336801504035425,1915413.495936633,74253.85286998258
2247,1121.2459885039002,494.0,480.0,22.53885533916929,0.00036328756704008595,1321267.3472721288,62041.36167611347
2248,1121.7458901184,269.0,243.0,17.17556403731767,0.00036320722627208955,669039.5521425043,47288.607700913235
2249,1122.2457918671,143.0,117.0,13.0,0.00036312699263730164,322201.3300367948,35800.14778186609
2250,1122.7456937499999,88.0,68.0,10.392304845413264,0.00036304686603676813,187303.6413792185,28625.24323336472
2251,1123.2455957671,65.0,43.0,9.327379053088814,0.00036296684637170606,118468.12024248816,25697.606121130022
2252,1123.7454979184,65.0,48.0,9.055385138137416,0.00036288693354339903,132272.60494420503,24953.73710405158
2253,1124.2454002039,73.0,55.0,9.539392014169456,0.0003628071274532534,151595.6987561844,26293.28723813062
2254,1124.7453026236,73.0,51.0,9.746794344808963,0.00036272742800277767,140601.4435710372,26870.85009941494
2255,1125.2452051774999,71.0,50.0,9.591663046625438,0.00036264783509361515,137874.80624858226,26448.97368310337
2256,1125.7451078656002,70.0,55.0,9.219544457292887,0.0003625683486275016,151695.53605051813,25428.431610738688
2257,1126.2450106879,69.0,49.0,9.433981132056603,0.000362488968506275,135176.52744555663,26025.567539149244
2258,1126.7449136444,43.0,24.0,7.874007874011811,0.0003624096946319081,66223.39400819919,21726.813577681125
2259,1127.2448167351,72.0,46.0,9.899494936611665,0.00036233052690647815,126955.90513098873,27321.72478298204
2260,1127.74471996,84.0,70.0,9.899494936611665,0.00036225146523215853,193235.93337335056,27327.687771441615
2261,1128.2446233191,60.0,45.0,8.660254037844387,0.000362172509511279,124250.18138655437,23911.958556795664
2262,1128.7445268124,57.0,47.0,8.18535277187245,0.00036209365964620893,129800.67103611348,22605.623030986288
2263,1129.2444304399,73.0,49.0,9.848857801796104,0.0003620149155394688,135353.53903023855,27205.668548544454
2264,1129.7443342016,69.0,42.0,9.797958971132712,0.00036193627709370555,116042.52642828111,27070.950305973372
2265,1130.2442380975,71.0,52.0,9.486832980505138,0.00036185774421165485,143702.88001791274,26217.02349129822
2266,1130.7441421276,69.0,54.0,9.16515138991168,0.0003617793167961373,149262.2642947524,25333.54164930397
2267,1131.2440462919,82.0,59.0,10.2469507659596,0.00036170099475015845,163118.1579712096,28329.89379262721
2268,1131.7439505904,69.0,48.0,9.486832980505138,0.0003616227779767346,132735.0015631154,26234.05813534092
2269,1132.2438550231,79.0,60.0,9.899494936611665,0.00036154466637907957,165954.59864173463,27381.11181602122
2270,1132.7437595899999,83.0,60.0,10.295630140987,0.0003614666598604629,165990.41256851135,28482.931579253884
2271,1133.2436642911,81.0,61.0,10.04987562112089,0.00036138875832428995,168793.29695491533,27809.043279931517
2272,1133.7435691264002,75.0,46.0,10.19803902718557,0.00036131096167405126,127314.15561506791,28225.10277555738
2273,1134.2434740959,60.0,32.0,9.38083151964686,0.0003612332698133822,88585.4174410115,25968.9023784911
2274,1134.7433791996,76.0,54.0,9.899494936611665,0.0003611556826459835,149520.00645365048,27410.602718704748
2275,1135.2432844375,68.0,50.0,9.273618495495704,0.00036107820007572007,138474.158754294,25683.13039544059
2276,1135.7431898096002,64.0,47.0,9.0,0.0003610008220064961,130193.60936290125,24930.691154598113
2277,1136.2430953158998,59.0,39.0,8.888194417315589,0.0003609235483423769,108056.12484726011,24626.252451901888
2278,1136.7430009564,65.0,45.0,9.219544457292887,0.0003608463789875311,124706.807717627,25549.776841771953
2279,1137.2429067311,65.0,49.0,9.0,0.0003607693138462172,135820.86424591785,24946.689351291036
2280,1137.74281264,66.0,47.0,9.219544457292889,0.00036069235282280295,130304.95277256309,25560.687342385012
2281,1138.2427186831,77.0,62.0,9.59166304662544,0.0003606154958217755,171928.27462589636,26598.03352256904
2282,1138.7426248604,89.0,71.0,10.3440804327886,0.00036053874274773076,196927.51868744034,28690.62102439948
2283,1139.2425311719,77.0,61.0,9.643650760992955,0.0003604620935053414,169227.22555040615,26753.578073113124
2284,1139.7424376176,55.0,41.0,8.306623862918075,0.0003603855479994409,113767.04817270754,23049.270174760062
2285,1140.2423441975,65.0,47.0,9.110433579144297,0.00036030910613492963,130443.55304858518,25285.049486738742
2286,1140.7422509116,70.0,51.0,9.433981132056603,0.0003602327678168423,141575.12740742834,26188.570210395854
2287,1141.2421577599,63.0,42.0,9.16515138991168,0.00036015653295029624,116615.96044350041,25447.688855824603
2288,1141.7420647424,67.0,46.0,9.38083151964686,0.00036008040144050164,127749.24660152843,26052.04693762516
2289,1142.2419718591,77.0,64.0,9.486832980505138,0.000360004373192835,177775.61820261177,26351.993717097295
2290,1142.7418791100001,71.0,56.0,9.273618495495704,0.0003599284481127261,155586.4791839442,25765.17233945147
2291,1143.2417864951,77.0,59.0,9.746794344808965,0.0003598526261057357,163956.00787602423,27085.516785821812
2292,1143.7416940144,60.0,45.0,8.660254037844387,0.00035977690707751306,125077.51085398279,24071.178187038437
2293,1144.2416016678999,64.0,50.0,8.831760866327848,0.0003597012909338317,139004.22728590562,24553.041895956056
2294,1144.7415094556,67.0,51.0,9.1104335791443,0.00035962577758056697,141814.0833594012,25333.093863393286
2295,1145.2414173774998,76.0,57.0,9.746794344808965,0.0003595503669236948,158531.33592294945,27108.286464014283
2296,1145.7413254336,68.0,46.0,9.486832980505138,0.0003594750588693219,127964.37156081569,26390.79609679913
2297,1146.2412336239001,59.0,40.0,8.831760866327848,0.0003593998533235916,111296.65087532839,24573.635143851956
2298,1146.7411419484,70.0,43.0,9.848857801796104,0.00035932475019282827,119668.90668378522,27409.34988895367
2299,1147.2410504071001,70.0,49.0,9.539392014169456,0.00035924974938343553,136395.3630701108,26553.649739607314
2300,1147.740959,74.0,53.0,9.746794344808963,0.0003591748508019366,147560.4427249455,27136.628088094443
2301,1148.2408677271,69.0,49.0,9.433981132056603,0.00035910005435489407,136452.2210614146,26271.177120828608
2302,1148.7407765884,67.0,49.0,9.219544457292887,0.0003590253599490587,136480.60963424004,25679.36832819004
2303,1149.2406855839001,74.0,55.0,9.643650760992955,0.0003589507674912587,153224.3554858519,26866.221316068924
2304,1149.7405947135999,78.0,62.0,9.695359714832659,0.000358876276888397,172761.4891058422,27015.883576633605
2305,1150.2405039775,74.0,55.0,9.643650760992955,0.00035880188804750945,153287.9336262505,26877.36905028779
2306,1150.7404133756002,89.0,62.0,10.770329614269007,0.000358727600875767,172833.09075922368,30023.699285963063
2307,1151.2403229079,84.0,70.0,9.899494936611665,0.0003586534152803541,195174.49721002107,27601.84209837616
2308,1151.7402325744001,63.0,46.0,8.94427190999916,0.0003585793311686681,128284.02532315109,24943.634873901763
2309,1152.2401423751,78.0,54.0,10.09950493836208,0.00035850534844810567,150625.36788852565,28171.14160801426
2310,1152.74005231,68.0,40.0,9.797958971132712,0.0003584314670262703,111597.34476400842,27335.65513212766
2311,1153.2399623791,82.0,54.0,10.488088481701515,0.000358357686810765,150687.43321952331,29267.095049756455
2312,1153.7398725824,80.0,62.0,9.899494936611665,0.0003582840077094056,173047.07624652484,27630.300888676215
2313,1154.2397829198999,105.0,76.0,11.575836902790224,0.0003582104296300263,212165.79338154884,32315.7450070513
2314,1154.7396933916,95.0,73.0,10.816653826391967,0.0003581369524805961,203832.63858804168,30202.562878450848
2315,1155.2396039975001,102.0,90.0,10.677078252031311,0.00035806357616916743,251352.01117881766,29818.945468463167
2316,1155.7395147376,113.0,89.0,11.704699910719626,0.0003579903006039312,248610.08761929194,32695.578318668817
2317,1156.2394256119,91.0,65.0,10.816653826391969,0.0003579171256931633,181606.2862991459,30221.11279376141
2318,1156.7393366203999,61.0,49.0,8.54400374531753,0.00035784405134525597,136931.15706630456,23876.33303724835
2319,1157.2392477631001,77.0,52.0,10.09950493836208,0.00035777107746866424,145344.3368533737,28228.958611800183
2320,1157.73915904,62.0,39.0,9.219544457292887,0.00035769820397198675,109030.46078211312,25774.64565076463
2321,1158.2390704511001,86.0,67.0,10.246950765959598,0.0003576254307639187,187346.85577835512,28652.74637788266
2322,1158.7389819963998,70.0,51.0,9.433981132056603,0.00035755275775323025,142636.29322976252,26384.864687766134
2323,1159.2388936759,69.0,48.0,9.486832980505138,0.00035748018484881624,134273.17662460066,26538.066674988608
2324,1159.7388054896,64.0,38.0,9.486832980505138,0.0003574077119596769,106321.15292545002,26543.447897328675
2325,1160.2387174374999,64.0,42.0,9.273618495495704,0.0003573353389949101,117536.65371618408,25952.14490002568
2326,1160.7386295196002,58.0,39.0,8.774964387392123,0.0003572630658637124,109163.25734851528,24561.633221665204
2327,1161.2385417358998,68.0,56.0,8.94427190999916,0.0003571908924753648,156778.9134037405,25040.593414951192
2328,1161.7384540864,74.0,56.0,9.591663046625438,0.00035711881873929594,156810.55453109893,26858.464307442584
2329,1162.2383665711,59.0,39.0,8.888194417315589,0.00035704684456498617,109229.36470007537,24893.636654721497
2330,1162.73827919,66.0,42.0,9.486832980505138,0.0003569749698620529,117655.30792321436,26575.62513184375
2331,1163.2381919431002,66.0,48.0,9.165151389911681,0.00035690319454017894,134490.2503936437,25679.65636093487
2332,1163.7381048304,64.0,51.0,8.774964387392123,0.0003568315185091962,142924.59425409653,24591.337738473838
2333,1164.2380178519002,52.0,26.0,8.831760866327846,0.00035675994167898913,72878.13726406165,24755.47233460034
2334,1164.7379310076,85.0,60.0,10.488088481701515,0.00035668846395955575,168214.01884980302,29404.058559322348
2335,1165.2378442975,69.0,51.0,9.327379053088816,0.00035661708526103667,143010.53457006696,26155.16597097797
2336,1165.7377577216,81.0,54.0,10.392304845413264,0.00035654580549363414,151453.19105700188,29147.18020879595
2337,1166.2376712799,63.0,53.0,8.544003745317532,0.00035647462456762474,148678.18449710065,23968.05594698564
2338,1166.7375849723999,58.0,34.0,9.055385138137417,0.00035640354239344763,95397.48054037603,25407.674338266897
2339,1167.2374987991,74.0,46.0,10.099504938362077,0.0003563325588816053,129092.89048516029,28342.91923831111
2340,1167.73741276,65.0,45.0,9.219544457292887,0.0003562616739426886,126311.65037202148,25878.57502397528
2341,1168.2373268551,67.0,36.0,9.899494936611665,0.00035619088748739736,101069.40201066693,27792.667595860174
2342,1168.7372410844,94.0,66.0,11.045361017187261,0.0003561201994265963,185330.6835901735,31015.82284569044
2343,1169.2371554479,79.0,53.0,10.246950765959598,0.00035604960967114635,148855.66101013767,28779.55904915571
2344,1169.7370699456,74.0,28.0,10.954451150103322,0.00035597911813206037,78656.29913048052,30772.735231170114
2345,1170.2369845775,69.0,8.0,11.40175425099138,0.0003559087247204468,22477.67319074211,32035.613231867348
2346,1170.7368993436,83.0,-37.0,14.247806848775006,0.00035583842934751433,-103979.77550610628,40040.10155648618
2347,1171.2368142439,70.0,-49.0,13.74772708486752,0.00035576823192455455,-137730.1164157656,38642.36840512199
2348,1171.7367292784,103.0,6.0,14.142135623730951,0.0003556981323629881,16868.235883445774,39758.813266129204
2349,1172.2366444471002,138.0,87.0,13.74772708486752,0.0003556281305743273,244637.56525530745,38657.59174524639
2350,1172.73655975,166.0,136.0,14.000000000000002,0.0003555582264701235,382497.1267017715,39374.704219300016
2351,1173.2364751871,144.0,120.0,12.96148139681572,0.0003554884199621296,337563.73839908396,36461.050962494126
2352,1173.7363907584,137.0,116.0,12.569805089976535,0.0003554187109621076,326375.6139511945,35366.188392137425
2353,1174.2363064639,105.0,83.0,11.269427669584644,0.00035534909938198287,233573.1261014934,31713.680122404254
2354,1174.7362223036,71.0,50.0,9.591663046625438,0.0003552795851337276,140734.2332410683,26997.5068874704
2355,1175.2361382775,70.0,53.0,9.327379053088816,0.0003552101681294292,149207.4404263343,26258.761403728073
2356,1175.7360543855998,76.0,54.0,9.899494936611665,0.0003551408482813029,152052.34841706307,27874.841726937568
2357,1176.2359706279,72.0,55.0,9.433981132056603,0.0003550716255016134,154898.32487262515,26569.23407700945
2358,1176.7358870044002,76.0,64.0,9.38083151964686,0.00035500249970275025,180280.4207113705,26424.69145288158
2359,1177.2358035151,87.0,69.0,10.2469507659596,0.000354933470797211,194402.62944213205,28870.060473429203
2360,1177.73572016,80.0,69.0,9.539392014169458,0.0003548645386975425,194440.39196829963,26881.784382237343
2361,1178.2356369391,77.0,52.0,10.09950493836208,0.00035479570331646825,146563.2179700254,28465.69122443287
2362,1178.7355538524,76.0,57.0,9.746794344808965,0.0003547269645667216,160686.96686089874,27476.89157691778
2363,1179.2354708998998,82.0,58.0,10.295630140987,0.00035465832236118955,163537.68216647656,29029.715339660834
2364,1179.7353880816,82.0,62.0,10.09950493836208,0.00035458977661284997,174849.93671346921,28482.222569515794
2365,1180.2353053974998,76.0,61.0,9.539392014169458,0.00035452132723476614,172062.99117684798,26907.808589615302
2366,1180.7352228476,61.0,37.0,9.219544457292887,0.00035445297414009205,104386.20268249272,26010.628009708857
2367,1181.2351404319002,79.0,55.0,10.14889156509222,0.00035438471724208014,155198.5662023611,28638.062171737256
2368,1181.7350581504,76.0,63.0,9.433981132056605,0.00035431655645409247,177807.10173548633,26625.854649495985
2369,1182.2349760031,88.0,69.0,10.344080432788601,0.0003542484916895792,194778.52868450125,29200.06909119859
2370,1182.73489399,86.0,69.0,10.14889156509222,0.00035418052286209135,194815.9075558957,28654.572767243706
2371,1183.2348121111002,50.0,32.0,8.246211251235321,0.00035411264988524454,90366.72372582588,23286.97168516185
2372,1183.7347303663998,75.0,50.0,10.0,0.0003540448726728423,141225.03631397837,28245.007262795676
2373,1184.2346487559,73.0,59.0,9.327379053088814,0.00035397719113864604,166677.40599391004,26350.226191369093
2374,1184.7345672796,74.0,54.0,9.695359714832659,0.0003539096051966439,152581.33491459157,27395.017180857794
2375,1185.2344859375,89.0,64.0,10.677078252031311,0.00035384211476080724,180871.62983203167,30174.6960201413
2376,1185.7344047296,64.0,45.0,9.1104335791443,0.00035377471974529847,127199.59196744734,25752.076309193017
2377,1186.2343236559,70.0,48.0,9.591663046625438,0.00035370742006431523,135705.38042790303,27117.50588913676
2378,1186.7342427164,72.0,50.0,9.695359714832657,0.0003536402156321808,141386.6347485907,27415.885655144906
2379,1187.2341619111,65.0,42.0,9.380831519646858,0.00035357310636328627,118787.31511000782,26531.518802813924
2380,1187.73408124,84.0,63.0,10.246950765959598,0.0003535060921721413,178214.75045279242,28986.63132789746
2381,1188.2340007030998,67.0,49.0,9.219544457292887,0.0003534391729733619,138637.71688853813,26085.236618601266
2382,1188.7339203004,55.0,35.0,8.660254037844387,0.0003533723486815995,99045.66707208942,24507.446805487234
2383,1189.2338400319002,60.0,41.0,8.88819441731559,0.00035330561921166875,116046.83812129383,25157.24045699536
2384,1189.7337598976,84.0,70.0,9.899494936611665,0.00035323898447842643,198166.12286822818,28024.921856314144
2385,1190.2336798975,67.0,52.0,9.055385138137417,0.0003531724443968537,147236.85504061723,25640.123633094205
2386,1190.7336000316,61.0,47.0,8.660254037844387,0.0003531059988820279,133104.50728338552,24525.9329075793
2387,1191.2335202999,73.0,51.0,9.746794344808963,0.0003530396478491226,144459.69542150604,27608.214556610987
2388,1191.7334407024,83.0,62.0,10.198039027185569,0.0003529733912133581,175650.63413667778,28891.806807673125
2389,1192.2333612391,69.0,55.0,9.1104335791443,0.00035290722889011917,155848.32357493232,25815.378188189265
2390,1192.73328191,72.0,60.0,9.16515138991168,0.00035284116079481746,170048.18787253372,25975.28975719858
2391,1193.2332027151,72.0,51.0,9.643650760992955,0.0003527751868430124,144567.99089641013,27336.53363575271
2392,1193.7331236544,67.0,51.0,9.1104335791443,0.00035270930695032956,144594.99365346233,25829.86442267961
2393,1194.2330447279,66.0,45.0,9.327379053088816,0.0003526435210324805,127607.61878808272,26449.880677744568
2394,1194.7329659356,76.0,59.0,9.643650760992955,0.000352577829005294,167338.9395086272,27351.83544637503
2395,1195.2328872775,73.0,53.0,9.643650760992955,0.0003525122307846887,150349.39321686095,27356.925288879436
2396,1195.7328087536,71.0,56.0,9.273618495495704,0.0003524467262866386,158889.26133606985,26312.114154675495
2397,1196.2327303639,81.0,60.0,10.099504938362077,0.0003523813154272489,170270.09484669266,28660.727729325867
2398,1196.7326521084,76.0,54.0,9.899494936611665,0.00035231599812273536,153271.49572466523,28098.34066394852
2399,1197.2325739870998,62.0,43.0,9.0,0.00035225077428934474,122072.12343748909,25549.979324125623
2400,1197.732496,69.0,52.0,9.273618495495704,0.0003521856438434629,147649.40283344602,26331.619864714245
2401,1198.2324181471001,65.0,42.0,9.380831519646858,0.0003521206067015617,119277.31351319895,26640.961480557544
2402,1198.7323404284,63.0,43.0,9.1104335791443,0.00035205566278017795,122139.77659222887,25877.82144220988
2403,1199.2322628439001,65.0,51.0,8.888194417315589,0.00035199081199598526,144890.14560011213,25251.21143621489
2404,1199.7321853936,64.0,46.0,9.055385138137417,0.0003519260542657028,130709.27668592044,25730.931337355993
2405,1200.2321080775,67.0,42.0,9.591663046625438,0.000351861389506193,119365.18541844947,27259.7770959937
2406,1200.7320308956,67.0,50.0,9.16515138991168,0.0003517968176343482,142127.4937511492,26052.399937960174
2407,1201.2319538479,75.0,50.0,10.0,0.00035173233856720926,142153.54835917644,28430.709671835288
2408,1201.7318769344001,79.0,61.0,9.848857801796104,0.0003516679522218762,173459.08154153766,28006.12833660262
2409,1202.2318001551,71.0,46.0,9.797958971132712,0.00035160365851553927,130829.12787145248,27866.487545947097
2410,1202.7317235100002,64.0,49.0,8.888194417315589,0.000351539457365506,139386.9136830727,25283.632409076257
2411,1203.2316469991,68.0,49.0,9.327379053088816,0.00035147534868913526,139412.337686699,26537.790169001237
2412,1203.7315706224,58.0,39.0,8.774964387392123,0.0003514113324039349,110981.05383571092,24970.635771374647
2413,1204.2314943799,70.0,49.0,9.539392014169456,0.0003513474084274385,139463.1035399245,27150.881962858035
2414,1204.7314182716,76.0,61.0,9.539392014169458,0.00035128357667730924,173648.8809894887,27155.815550501495
2415,1205.2313422974999,66.0,42.0,9.486832980505138,0.0003512198370712998,119583.22271948933,27011.09669548435
2416,1205.7312664576,80.0,62.0,9.899494936611665,0.0003511561895272346,176559.6103644685,28191.14465827717
2417,1206.2311907519002,85.0,65.0,10.246950765959598,0.00035109263396304754,185136.32503848328,29185.889348615867
2418,1206.7311151804,69.0,57.0,9.0,0.0003510291702967555,162379.6676265193,25638.894888397786
2419,1207.2310397431002,80.0,57.0,10.148891565092221,0.00035096579844645285,162408.98757745064,28917.038668771158
2420,1207.73096444,86.0,60.0,10.583005244258363,0.00035090251833035324,170987.6585824718,30159.38812469596
2421,1208.2308892711,81.0,61.0,10.04987562112089,0.00035083932986672723,173868.7621572301,28645.236624236284
2422,1208.7308142364,84.0,62.0,10.295630140987,0.0003507762329739648,176750.85758903666,29350.9912393385
2423,1209.2307393359001,71.0,41.0,10.04987562112089,0.0003507132275705231,116904.62969993205,28655.536293110054
2424,1209.7306645695999,55.0,35.0,8.660254037844387,0.0003506503135749673,99814.5407119882,24697.693692473676
2425,1210.2305899375,75.0,60.0,9.486832980505138,0.0003505874909059371,171141.3029739217,27059.81595632704
2426,1210.7305154396001,70.0,54.0,9.273618495495704,0.0003505247594821646,154054.73804411135,26456.386445270677
2427,1211.2304410759,81.0,63.0,9.9498743710662,0.0003504621192224739,179762.65206570728,28390.727058150336
2428,1211.7303668464,72.0,56.0,9.380831519646858,0.0003503995700457888,159817.54770042142,26771.812301085327
2429,1212.2302927511,74.0,59.0,9.433981132056603,0.00035033711187109604,168409.22072140794,26928.295097459635
2430,1212.73021879,74.0,60.0,9.38083151964686,0.00035027474461750115,171294.10818790205,26781.35282031451
2431,1213.2301449631,74.0,63.0,9.219544457292887,0.0003502124682041622,179890.7969298029,26325.57459924071
2432,1213.7300712704,74.0,62.0,9.273618495495704,0.0003501502825503789,177066.82841553775,26484.680886017664
2433,1214.2299977118998,70.0,53.0,9.327379053088816,0.00035008818757548463,151390.4264152653,26642.94136196093
2434,1214.7299242876,79.0,55.0,10.14889156509222,0.00035002618319891104,157131.10230026674,28994.663977251268
2435,1215.2298509975,65.0,48.0,9.055385138137416,0.0003499642693402435,137156.85915733664,25875.17050014485
2436,1215.7297778416,79.0,55.0,10.14889156509222,0.00034990244591906526,157186.66914583917,29004.91746616634
2437,1216.2297048199,70.0,53.0,9.327379053088816,0.00034984071285507464,151497.5188778438,26661.788380681654
2438,1216.7296319324,58.0,43.0,8.544003745317532,0.000349779070068122,122934.74275526387,24426.858198386555
2439,1217.2295591791,76.0,60.0,9.59166304662544,0.0003497175174780184,171567.04197344452,27426.88760859206
2440,1217.72948656,61.0,42.0,8.94427190999916,0.0003496560550047974,120118.0399962579,25580.20026244488
2441,1218.2294140751,60.0,44.0,8.717797887081348,0.0003495946825685206,125860.03790654338,24936.872102946414
2442,1218.7293417244,78.0,62.0,9.695359714832659,0.00034953340008929846,177379.32908317287,27738.006474790956
2443,1219.2292695079,64.0,43.0,9.219544457292887,0.0003494722074873851,123042.68859935642,26381.338085735144
2444,1219.7291974256002,84.0,66.0,10.099504938362077,0.00034941110468312826,188889.245691987,28904.36166166228
2445,1220.2291254775,59.0,29.0,9.433981132056603,0.00034935009159688704,83011.28494754461,27004.375722169316
2446,1220.7290536636,78.0,50.0,10.295630140987,0.00034928916814922064,143147.86875566488,29475.950243577496
2447,1221.2289819839,58.0,48.0,8.246211251235321,0.0003492283342606576,137445.8922458843,23612.66381404351
2448,1221.7289104384001,71.0,52.0,9.486832980505138,0.00034916758985191037,148925.6205653404,27169.85555425895
2449,1222.2288390270999,79.0,60.0,9.899494936611665,0.00034910693484372436,171867.11007863146,28356.626433224865
2450,1222.72876775,63.0,42.0,9.16515138991168,0.00034904636915691,120327.85243246394,26257.690094440106
2451,1223.2286966071001,74.0,52.0,9.797958971132712,0.00034898589271245583,149003.15768020166,28075.51587538142
2452,1223.7286255984,69.0,50.0,9.38083151964686,0.00034892550543135994,143297.0626156646,26884.91203315672
2453,1224.2285547239,77.0,68.0,9.273618495495704,0.0003488652072347083,194917.68909546547,26582.23951022044
2454,1224.7284839836,64.0,38.0,9.486832980505138,0.00034880499804370956,108943.39305091646,27198.099321146543
2455,1225.2284133775001,75.0,56.0,9.695359714832659,0.0003487448777796495,160575.83513924174,27800.722914010978
2456,1225.7283429056,72.0,52.0,9.591663046625438,0.0003486848463638598,149131.80352477072,27508.115556637473
2457,1226.2282725679001,69.0,52.0,9.273618495495704,0.00034862490371780384,149157.44528133783,26600.562371190445
2458,1226.7282023644,69.0,36.0,10.099504938362077,0.00034856504976303555,103280.57854473311,28974.51980692846
2459,1227.2281322951,67.0,51.0,9.1104335791443,0.00034850528442114705,146339.24442410938,26141.45032054924
2460,1227.7280623600002,74.0,51.0,9.848857801796104,0.00034844560761385047,146364.30732832916,28265.122551668574
2461,1228.2279925591,80.0,50.0,10.488088481701515,0.00034838601926294026,143518.96240205635,30104.7915294952
2462,1228.7279228924,84.0,73.0,9.746794344808963,0.0003483265192902985,209573.4776345327,27981.77515931796
2463,1229.2278533598999,77.0,59.0,9.746794344808965,0.0003482671076178677,169410.1989807694,27986.548633537706
2464,1229.7277839616002,98.0,85.0,10.535653752852738,0.0003482077841677157,244107.12185302385,30256.801346457545
2465,1230.2277146975,71.0,59.0,9.1104335791443,0.00034814854886197134,169467.89005112706,26168.23654421224
2466,1230.7276455676001,73.0,60.0,9.273618495495702,0.00034808940162282673,172369.51116659728,26641.484780235158
2467,1231.2275765718998,68.0,47.0,9.433981132056603,0.0003480303423726157,135045.69653205655,27106.7777244439
2468,1231.7275077104,60.0,39.0,9.0,0.0003479713710336906,112078.18586956114,25864.196739129493
2469,1232.2274389831,69.0,47.0,9.539392014169456,0.0003479124875285572,135091.4430633714,27418.941130667085
2470,1232.72737039,74.0,59.0,9.433981132056603,0.00034785369177973703,169611.53897242274,27120.54336347321
2471,1233.2273019311,65.0,45.0,9.219544457292887,0.00034779498370987615,129386.5699843967,26508.560758839616
2472,1233.7272336064,81.0,68.0,9.695359714832659,0.00034773636324172903,195550.4433475937,27881.35133308715
2473,1234.2271654159001,84.0,63.0,10.246950765959598,0.00034767783029806523,181202.235258975,29472.54576794516
2474,1234.7270973595998,71.0,40.0,10.099504938362077,0.00034761938480178545,115068.38153691638,29053.342189535466
2475,1235.2270294375,71.0,44.0,9.899494936611665,0.0003475610266758633,126596.4726276245,28482.75317659241
2476,1235.7269616495998,76.0,37.0,10.72380529476361,0.00034750275584338026,106473.97575366547,30859.626620045674
2477,1236.2268939959,100.0,61.0,11.789826122551595,0.0003474445722274458,175567.57214232115,33932.96964453278
2478,1236.7268264764,142.0,108.0,13.2664991614216,0.0003473864757513094,310892.9320475796,38189.452058343675
2479,1237.2267590911,181.0,150.0,14.560219778561036,0.00034732846633826167,431867.8557544882,41920.60596720829
2480,1237.72669184,162.0,139.0,13.601470508735444,0.0003472705439117161,400264.29663247475,39166.78436220389
2481,1238.2266247231,188.0,169.0,14.38749456993816,0.00034721270839513737,486733.33640678116,41437.119731126906
2482,1238.7265577404,148.0,128.0,12.961481396815719,0.0003471549597120678,368711.4253132488,37336.299062430335
2483,1239.2264908918999,108.0,93.0,11.090536506409418,0.0003470972977861842,267936.3987941186,31952.24099163489
2484,1239.7264241776,82.0,58.0,10.295630140987,0.0003470397225411836,167127.84224035643,29667.007758067826
2485,1240.2263575974998,60.0,39.0,9.0,0.00034698223390090284,112397.68549976623,25937.927423022975
2486,1240.7262911516,72.0,49.0,9.746794344808963,0.0003469248317892028,141240.97069469275,28094.830498415504
2487,1241.2262248399002,60.0,47.0,8.54400374531753,0.0003468675161300677,135498.41889021406,24631.89358473601
2488,1241.7261586624,67.0,56.0,8.831760866327848,0.0003468102868475414,161471.5656476987,25465.683116286313
2489,1242.2260926191,58.0,40.0,8.717797887081348,0.00034675314386578673,115355.83947144337,25141.222340166103
2490,1242.72602671,62.0,49.0,8.660254037844387,0.000346696087109014,141334.15928802392,24979.382115499
2491,1243.2259609351001,59.0,46.0,8.48528137423857,0.0003466391165015077,132702.85380444053,24478.71855858963
2492,1243.7258952943998,59.0,39.0,8.888194417315589,0.0003465822319676821,112527.40735894577,25645.268561096895
2493,1244.2258297879,54.0,41.0,8.18535277187245,0.00034652543343198776,118317.43371312176,23621.217902549663
2494,1244.7257644156002,64.0,51.0,8.774964387392123,0.00034646872081896626,147199.43514510815,25326.858847893338
2495,1245.2256991775,69.0,52.0,9.273618495495704,0.0003464120940532625,150110.2325601968,26770.48132756543
2496,1245.7256340736,67.0,48.0,9.273618495495704,0.00034635555305957395,138585.91143114684,26774.85148881277
2497,1246.2255691039,76.0,65.0,9.327379053088816,0.00034629909776270445,187699.01631259848,26934.459585223183
2498,1246.7255042684,60.0,46.0,8.602325267042627,0.00034624272808751635,132854.77576405022,24844.78248700808
2499,1247.2254395671,59.0,49.0,8.306623862918075,0.000346186443959001,141542.22632069062,23994.653770734683
2500,1247.725375,65.0,59.0,8.426149773176357,0.0003461302453021317,170456.06617965392,24343.870226715677
2501,1248.2253105671,45.0,33.0,7.54983443527075,0.0003460741320420897,95355.29224699904,21815.6566361121
2502,1248.7252462684,70.0,57.0,9.1104335791443,0.0003460181041040449,164731.26499433265,26329.35523051379
2503,1249.2251821039001,55.0,47.0,7.937253933193772,0.000345962161413276,135853.00718437592,22942.54926830616
2504,1249.7251180736,67.0,56.0,8.831760866327848,0.00034590630389514927,161893.55143112587,25532.234500718787
2505,1250.2250541775002,56.0,38.0,8.602325267042627,0.00034585183755784257,109873.63915232813,24872.862691105165
2506,1250.7249904156,46.0,33.0,7.681145747868608,0.0003457990500462666,95431.14706528178,22212.74392408221
2507,1251.2249267879001,58.0,39.0,8.774964387392123,0.0003457463454842488,112799.4569121967,25379.77480312047
2508,1251.7248632944,46.0,32.0,7.745966692414834,0.0003456937238009695,92567.48907140632,22407.02147336211
2509,1252.2247999351,50.0,38.0,7.874007874011811,0.00034564118492565855,109940.60215414764,22780.87281671996
2510,1252.72473671,68.0,55.0,9.0,0.00034558872878756564,159148.70890887376,26042.516003270248
2511,1253.2246736191,57.0,46.0,8.246211251235321,0.00034553635531609834,133126.36801392137,23864.959864184617
2512,1253.7246106624002,59.0,48.0,8.366600265340756,0.00034548406444068116,138935.49642502106,24217.036692808975
2513,1254.2245478399,48.0,30.0,8.124038404635959,0.0003454318560908384,86847.80940444267,23518.497965339873
2514,1254.7244851516,63.0,50.0,8.717797887081348,0.0003453797301961629,144768.19462335514,25241.197224081337
2515,1255.2244225975,53.0,34.0,8.48528137423857,0.0003453276866863151,98457.20835840347,24571.67988950256
2516,1255.7243601776001,62.0,50.0,8.602325267042627,0.00034527572549103257,144811.80201386206,24914.364468596403
2517,1256.2242978918998,46.0,32.0,7.745966692414834,0.0003452238465401313,92693.4808261575,22437.51922135653
2518,1256.7242357404,51.0,35.0,8.18535277187245,0.0003451720497634939,101398.70833684654,23713.834238551226
2519,1257.2241737231,48.0,38.0,7.615773105863908,0.00034512033509110355,110106.52267119788,22067.007740513247
2520,1257.72411184,61.0,39.0,9.1104335791443,0.0003450687024529627,113020.97154208357,26401.796263705397
2521,1258.2240500911,45.0,30.0,7.745966692414834,0.0003450171517792055,86952.19888429943,22450.961213000457
2522,1258.7239884763999,60.0,46.0,8.602325267042627,0.0003449656830000207,133346.59726137813,24936.756584689352
2523,1259.2239269959,40.0,31.0,7.000000000000001,0.0003449142960456424,89877.39956101378,20294.89667506763
2524,1259.7238656496,61.0,40.0,9.055385138137417,0.00034486299084638815,115988.09110200273,26257.920909150107
2525,1260.2238044375001,62.0,40.0,9.16515138991168,0.0003448117673327128,116005.3217134076,26580.158388469732
2526,1260.7237433596,61.0,50.0,8.48528137423857,0.00034476062543503986,145028.1624733305,24612.095315499926
2527,1261.2236824159,63.0,47.0,8.888194417315589,0.0003447095650839493,136346.6661812932,25784.588876003454
2528,1261.7236216064002,57.0,45.0,8.306623862918075,0.0003446585862100409,130563.98941001928,24101.021112689978
2529,1262.2235609310999,48.0,34.0,7.87400787401181,0.00034460768874404506,98662.91760324959,22849.193825910756
2530,1262.72350039,50.0,38.0,7.874007874011811,0.00034455687261667275,110286.58262253225,22852.56368335982
2531,1263.2234399831,43.0,29.0,7.549834435270749,0.0003445061377588209,84178.47121290503,21914.948988677166
2532,1263.7233797104,58.0,48.0,8.246211251235321,0.00034445548410137977,139350.37244427408,23939.846023204278
2533,1264.2233195719,56.0,44.0,8.246211251235321,0.00034440491157531586,127756.59847225466,23943.361357760445
2534,1264.7232595676,48.0,31.0,8.06225774829855,0.00034435442011172655,90023.5286364031,23412.673912194106
2535,1265.2231996975,40.0,19.0,7.810249675906655,0.0003443040096417156,55183.78952301918,22684.167065129557
2536,1265.7231399616,46.0,28.0,8.0,0.00034425368009649815,81335.36870877107,23238.67677393459
2537,1266.2230803599002,61.0,43.0,8.888194417315589,0.00034420343140734004,124926.12239275612,25822.50380530649
2538,1266.7230208924,47.0,29.0,8.06225774829855,0.00034415326350558637,84264.78280229722,23426.358553672937
2539,1267.2229615591,61.0,43.0,8.888194417315589,0.00034410317632266866,124962.51984514817,25830.027238635685
2540,1267.72290236,56.0,41.0,8.426149773176359,0.00034405316979007163,119167.62756470655,24490.83604815407
2541,1268.2228432951001,54.0,40.0,8.246211251235321,0.00034400324383934656,116277.97329341597,23971.318291075175
2542,1268.7227843644,45.0,30.0,7.745966692414834,0.0003439533984021564,87221.11814962639,22520.3958687395
2543,1269.2227255679,61.0,43.0,8.888194417315589,0.0003439036334101948,125035.02674166656,25845.014573353164
2544,1269.7226669056,55.0,42.0,8.246211251235321,0.00034385394879522525,122144.8819975954,23981.726195461473
2545,1270.2226083775,44.0,30.0,7.615773105863909,0.00034380434448911265,87258.93224118353,22151.474313626888
2546,1270.7225499836002,68.0,51.0,9.219544457292887,0.00034375482042378163,148361.55588197164,26820.11686680354
2547,1271.2224917239,51.0,35.0,8.18535277187245,0.00034370537653119455,101831.40093190662,23815.026853761046
2548,1271.7224335984001,48.0,31.0,8.06225774829855,0.00034365601274344694,90206.48221028727,23460.255166020765
2549,1272.2223756071,46.0,36.0,7.483314773547883,0.0003436067289926806,104770.94003815873,21778.72009516813
2550,1272.72231775,47.0,39.0,7.416198487095663,0.0003435575252110596,113518.10726905461,21586.482445813486
2551,1273.2222600271,56.0,42.0,8.366600265340756,0.00034350840133089643,122267.75193059117,24356.319184407184
2552,1273.7222024384,30.0,19.0,6.4031242374328485,0.00034345935728451903,55319.50024660574,18643.0333069323
2553,1274.2221449838999,58.0,39.0,8.774964387392123,0.0003434103930043679,113566.74344886222,25552.413573227273
2554,1274.7220876636,57.0,50.0,8.0,0.00034336150842290635,145619.11796594496,23299.058874551192
2555,1275.2220304775,52.0,44.0,7.745966692414833,0.00034331270347271283,128163.0407349526,22562.423743898828
2556,1275.7219734256,45.0,29.0,7.810249675906655,0.0003432639780864011,84483.08547161499,22752.89623876811
2557,1276.2219165079,43.0,32.0,7.348469228349534,0.00034321533219667816,93235.92799654571,21410.6671206009
2558,1276.7218597244,53.0,44.0,7.874007874011811,0.0003431667657363399,128217.54433471525,22945.135310863778
2559,1277.2218030751,64.0,52.0,8.717797887081348,0.0003431182786381765,151551.2382679991,25407.55893764086
2560,1277.72174656,40.0,20.0,7.745966692414835,0.00034306987083515013,58297.16247396811,22578.39393928265
2561,1278.2216901791,53.0,32.0,8.602325267042627,0.00034302154226020787,93288.60161128182,25078.090461493844
2562,1278.7216339324,53.0,37.0,8.306623862918075,0.00034297329284641037,107880.12003188035,24219.44809165631
2563,1279.2215778199,59.0,43.0,8.660254037844387,0.0003429251225268802,125391.80472737002,25254.067051227936
2564,1279.7215218416002,69.0,55.0,9.1104335791443,0.0003428770312348122,160407.3617936058,26570.556640480267
2565,1280.2214659975,76.0,66.0,9.273618495495704,0.0003428290189034626,192515.79172352667,27050.272830337814
2566,1280.7214102876,76.0,63.0,9.433981132056605,0.00034278108546615955,183790.77105238807,27521.883592926417
2567,1281.2213547119,72.0,52.0,9.591663046625438,0.00034273323085631883,151721.5003344672,27985.798233397654
2568,1281.7212992704,64.0,53.0,8.660254037844387,0.0003426854550073795,154660.78068256116,25271.729252873876
2569,1282.2212439630998,60.0,51.0,8.306623862918075,0.00034263775785291624,148845.24204099164,24243.165478814073
2570,1282.72118879,44.0,33.0,7.416198487095663,0.0003425901393265171,96325.01409664986,21647.43708524373
2571,1283.2211337511,47.0,37.0,7.54983443527075,0.0003425425993618359,108015.76232834041,22040.570864284473
2572,1283.7210788464,50.0,40.0,7.745966692414834,0.00034249513789269304,116789.97911068851,22616.282204980434
2573,1284.2210240759,51.0,37.0,8.06225774829855,0.0003424477548528171,108045.67843028341,23543.029948506104
2574,1284.7209694396,37.0,23.0,7.1414284285428495,0.0003424004501761456,67172.80887968403,20856.948128628308
2575,1285.2209149375,40.0,28.0,7.211102550927979,0.0003423532237966102,81786.87406383127,21063.340578361393
2576,1285.7208605695998,50.0,36.0,8.0,0.00034230607564823975,105169.03602083384,23370.89689351863
2577,1286.2208063359,40.0,26.0,7.3484692283495345,0.00034225900566513316,75965.86085287249,21470.491957016
2578,1286.7207522364,43.0,34.0,7.211102550927978,0.00034221201378144213,99353.61305495989,21072.03213366272
2579,1287.2206982711,38.0,27.0,6.999999999999999,0.0003421650999314018,78909.27509969028,20457.960211030808
2580,1287.7206444400001,51.0,41.0,7.810249675906655,0.0003421182640492924,119841.5995531087,22829.093026092738
2581,1288.2205907431,47.0,28.0,8.12403840463596,0.0003420715060694968,81854.23077685808,23749.53265761178
2582,1288.7205371804,49.0,41.0,7.54983443527075,0.0003420248259264214,119874.33920606741,22073.93692788523
2583,1289.2204837519,37.0,22.0,7.211102550927978,0.00034197822355460977,64331.58161746772,21086.437832134223
2584,1289.7204304576,41.0,29.0,7.280109889280518,0.00034193169888859686,84812.25956604963,21291.12308962152
2585,1290.2203772975,48.0,37.0,7.681145747868608,0.00034188525186302604,108223.44572740972,22467.028647804924
2586,1290.7203242716,39.0,20.0,7.615773105863909,0.00034183888241261473,58507.095093585966,22278.83806579771
2587,1291.2202713799,38.0,28.0,6.928203230275509,0.0003417925904721062,81921.02690501446,20270.197258243144
2588,1291.7202186224,40.0,23.0,7.54983443527075,0.0003417463759763781,67301.3720607524,22091.92244892336
2589,1292.2201659991001,50.0,33.0,8.18535277187245,0.00034170023886034623,96575.87630041776,23954.776265807133
2590,1292.72011351,42.0,33.0,7.14142842854285,0.0003416541790589463,96588.89609047177,20902.50570975959
2591,1293.2200611551,42.0,33.0,7.14142842854285,0.00034160819650723185,96601.89754639388,20905.319314818214
2592,1293.7200089343999,53.0,45.0,7.810249675906654,0.0003415622911403207,131747.56455042367,22866.25274069861
2593,1294.2199568479,48.0,36.0,7.745966692414833,0.0003415164628934319,105412.1950520247,22681.093106869972
2594,1294.7199048956,36.0,19.0,7.280109889280518,0.00034147071170174086,55641.668081318894,21319.86621341441
2595,1295.2198530775,49.0,41.0,7.54983443527075,0.00034142503750060746,120084.92493737239,22112.71466948969
2596,1295.7198013936,49.0,40.0,7.615773105863909,0.00034137944022538886,117171.67259279238,22308.821822531987
2597,1296.2197498439,48.0,33.0,7.937253933193771,0.0003413339198115399,96679.5213854522,23253.633678059752
2598,1296.7196984284,50.0,35.0,8.062257748298551,0.00034128847619458645,102552.53968799305,23623.00022020619
2599,1297.2196471471,38.0,20.0,7.483314773547882,0.000341243109310092,58609.24207505607,21929.57035433556
2600,1297.7195960000001,45.0,30.0,7.745966692414834,0.0003411978190937153,87925.53270031317,22702.274923648572
2601,1298.2195449870999,48.0,36.0,7.745966692414833,0.0003411526054811599,105524.62276882154,22705.283699914766
2602,1298.7194941084,46.0,37.0,7.416198487095663,0.0003411074684082212,108470.21372079768,21741.530672733054
2603,1299.2194433639,54.0,45.0,7.937253933193772,0.0003410624078107196,131940.66238157148,23272.14536525155
2604,1299.7193927536,49.0,40.0,7.615773105863909,0.0003410174236246062,117296.05946478622,22332.504377393318
2605,1300.2193422775001,42.0,27.0,7.54983443527075,0.0003409725157858628,79185.26787348607,22142.06156138458
2606,1300.7192919356,41.0,33.0,7.0,0.00034092768423048427,96794.72077629912,20532.213498002842
2607,1301.2192417279,46.0,35.0,7.54983443527075,0.0003408829288946238,102674.54610735129,22147.88068077357
2608,1301.7191916544,42.0,35.0,7.0,0.000340838249714469,102688.00532017932,20537.601064035865
2609,1302.2191417151,30.0,19.0,6.4031242374328485,0.0003407936466262261,55752.2130711513,18788.860358232072
2610,1302.7190919099999,39.0,22.0,7.483314773547883,0.0003407491195662537,64563.62976962123,21961.362022221925
2611,1303.2190422391,51.0,47.0,7.416198487095664,0.00034070466847089387,137949.3865198245,21767.234714980794
2612,1303.7189927023999,40.0,24.0,7.4833147735478835,0.00034066029327660174,70451.41589340738,21967.0883905209
2613,1304.2189432999,48.0,38.0,7.615773105863908,0.0003406159939198774,111562.58272751186,22358.824135707953
2614,1304.7188940316,52.0,38.0,8.12403840463596,0.000340571770337296,111577.06923966571,23854.11567315184
2615,1305.2188448975,52.0,35.0,8.306623862918075,0.00034052762246552734,102781.67670096472,24393.392238713262
2616,1305.7187958976,45.0,22.0,8.246211251235321,0.00034048355024122117,64613.987913406505,24219.11791448708
2617,1306.2187470319,41.0,23.0,7.681145747868608,0.0003404395536011918,67559.71730283542,22562.43631686432
2618,1306.7186983004,41.0,25.0,7.54983443527075,0.00034039563248226557,73443.95055157614,22179.58667746447
2619,1307.2186497031,53.0,45.0,7.810249675906654,0.0003403517868213219,132216.14148194302,22947.579470199416
2620,1307.71860124,43.0,27.0,7.681145747868608,0.0003403080165553499,79339.88823800907,22571.157228731627
2621,1308.2185529111,45.0,31.0,7.681145747868609,0.0003402643216213798,91105.64355464348,22574.055696663967
2622,1308.7185047164,39.0,23.0,7.416198487095663,0.0003402207019565009,67603.17601996094,21798.198770525916
2623,1309.2184566559001,48.0,38.0,7.615773105863908,0.00034017715749787373,111706.50104640702,22387.66753735224
2624,1309.7184087296,66.0,59.0,8.544003745317532,0.00034013368818271926,173461.2067250019,25119.545761452795
2625,1310.2183609375002,109.0,97.0,11.0,0.00034009029394834226,285218.37207954464,32344.351472938055
2626,1310.7183132796,163.0,155.0,13.07669683062202,0.000340046974732107,455819.37649088283,38455.55997351247
2627,1311.2182657559001,271.0,259.0,16.822603841260722,0.00034000373047138533,761756.3479110044,49477.70372383167
2628,1311.7182183664,321.0,310.0,18.2208671582886,0.00033996056110370456,911870.4798979163,53597.00283801551
2629,1312.2181711111,284.0,268.0,17.320508075688775,0.0003399174665666121,788426.6810616549,50955.039912003325
2630,1312.7181239899999,215.0,197.0,15.264337522473747,0.0003398744467977083,579625.8055176872,44911.695087094944
2631,1313.2180770031,138.0,123.0,12.36931687685298,0.00033983150173466463,361944.07926324784,36398.38217973906
2632,1313.7180301504002,79.0,72.0,9.273618495495704,0.00033978863131522497,211896.4360911915,27292.315400901345
2633,1314.2179834319,42.0,32.0,7.211102550927978,0.0003397458354772293,94188.05665432425,21224.99173771708
2634,1314.7179368476002,50.0,40.0,7.745966692414834,0.00033970311415849414,117749.87726882401,22802.165684006137
2635,1315.2178903975,35.0,27.0,6.557438524302,0.0003396604672969966,79491.14659961707,19305.863224195073
2636,1315.7178440816,38.0,29.0,6.855654600401044,0.0003396178948307023,85390.08232901375,20186.376232673345
2637,1316.2177978999,37.0,22.0,7.211102550927978,0.0003395753966976801,64786.790250255784,21235.644929093425
2638,1316.7177518524,36.0,24.0,6.928203230275509,0.0003395329728360699,70685.32932024676,20405.096955400906
2639,1317.2177059391,34.0,23.0,6.708203932499369,0.0003394906231840579,67748.55748381109,19759.614771046137
2640,1317.71766016,44.0,38.0,7.0710678118654755,0.0003394483476798886,111946.33958223094,20831.05680200198
2641,1318.2176145151002,34.0,23.0,6.708203932499369,0.00033940614626187105,67765.41984674078,19764.532865364232
2642,1318.7175690044,40.0,27.0,7.280109889280519,0.00033936401886841756,79560.58538565568,21452.2149801133
2643,1319.2175236279002,46.0,37.0,7.416198487095663,0.00033932196543790953,109040.98104067596,21855.934016899675
2644,1319.7174783855999,31.0,19.0,6.557438524302,0.00033927998590892086,56000.9454996279,19327.513548241935
2645,1320.2174332775,35.0,20.0,7.0710678118654755,0.00033923808021996176,58955.645507226116,20843.9683636949
2646,1320.7173883035998,48.0,41.0,7.416198487095662,0.0003391962483097033,120873.9784249174,21864.034534734295
2647,1321.2173434639,31.0,17.0,6.708203932499369,0.0003391544901168427,50124.649666714715,19779.19835349464
2648,1321.7172987584001,38.0,27.0,6.999999999999999,0.00033911280558009756,79619.52352053739,20642.09869050969
2649,1322.2172541871,49.0,35.0,7.937253933193772,0.0003390711946383253,103223.15948228279,23408.81224564106
2650,1322.7172097500002,41.0,32.0,7.0710678118654755,0.00033902965723040413,94387.02283869177,20856.782470390153
2651,1323.2171654471,36.0,28.0,6.6332495807108,0.00033898819329526985,82598.7469587505,19567.789415406045
2652,1323.7171212784,30.0,23.0,6.082762530298219,0.00033894680277192924,67857.25610008558,17946.068470193513
2653,1324.2170772439,30.0,21.0,6.244997998398398,0.00033890548559947846,61964.17848726706,18426.960505970663
2654,1324.7170333436,30.0,22.0,6.164414002968976,0.00033886424171702733,64922.75457724856,18191.397155786784
2655,1325.2169895774998,55.0,46.0,8.0,0.00033882307106376867,135764.07254552777,23611.143051396135
2656,1325.7169459456,37.0,27.0,6.855654600401044,0.00033878197357899154,79697.27466536702,20236.184729594406
2657,1326.2169024479,35.0,23.0,6.855654600401044,0.0003387409492019852,67898.4930938642,20238.635501706463
2658,1326.7168590844,42.0,38.0,6.782329983125268,0.00033869999787214166,112193.68242908847,20024.594112001087
2659,1327.2168158551,31.0,23.0,6.244997998398398,0.0003386591195289163,67914.89930049308,18440.36566056557
2660,1327.71677276,30.0,24.0,6.0,0.0003386183141117974,70876.26096938223,17719.065242345558
2661,1328.2167297991,38.0,15.0,7.810249675906653,0.00033857758156037457,44302.992333014896,23067.82876737497
2662,1328.7166869723999,33.0,14.0,7.211102550927978,0.00033853692181427635,41354.42575944639,21300.78607757897
2663,1329.2166442799,36.0,-21.0,9.643650760992955,0.00033849633481318253,-62039.076469144,28489.675571569554
2664,1329.7166017216,48.0,-54.0,12.247448713915889,0.0003384558204968489,-159548.1499497591,36186.25525758957
2665,1330.2165592975,41.0,-97.0,13.379088160259652,0.00033841537880510204,-286629.999920493,39534.515858881365
2666,1330.7165170076,76.0,-62.0,14.628738838327793,0.0003383750096778255,-183228.66117988914,43232.32632414594
2667,1331.2164748518999,79.0,-7.0,12.84523257866513,0.00033833471305492205,-20689.570800450754,37966.04984064983
2668,1331.7164328304,132.0,87.0,13.30413469565007,0.00033829448887644686,257172.3834134775,39327.08079234792
2669,1332.2163909431,135.0,120.0,12.24744871391589,0.0003382543370824115,354762.6352260592,36207.80983787342
2670,1332.71634919,145.0,129.0,12.68857754044952,0.0003382142576129789,381415.02641090803,37516.38866439852
2671,1333.2163075710998,99.0,86.0,10.583005244258363,0.00033817425040831307,254306.76610109498,31294.5330150962
2672,1333.7162660864,69.0,59.0,8.888194417315589,0.0003381343154086406,174486.87492334985,26285.987586246807
2673,1334.2162247359,47.0,30.0,8.0,0.0003380944525543284,88732.6005302595,23662.0268080692
2674,1334.7161835196,39.0,31.0,6.855654600401044,0.00033805466178567293,91701.146306493,20279.722114134125
2675,1335.2161424375001,28.0,16.0,6.324555320336759,0.0003380149430431295,47335.18540912097,18710.874919898935
2676,1335.7161014896,37.0,26.0,6.928203230275509,0.0003379752962672103,76928.69948531344,20499.14093365548
2677,1336.2160606759,35.0,21.0,7.0,0.0003379357213984465,62141.99526790996,20713.998422636654
2678,1336.7160199963998,41.0,29.0,7.280109889280518,0.000337896218377451,85825.1688617752,21545.40208895793
2679,1337.2159794511,24.0,16.0,5.656854249492381,0.0003378567871448943,47357.34372901081,16743.349444882886
2680,1337.71593904,28.0,21.0,5.916079783099617,0.0003378174276415031,62163.75557239016,17512.65417063636
2681,1338.2158987631,33.0,26.0,6.324555320336759,0.00033777813980807403,76973.60171020313,18723.992393144148
2682,1338.7158586203998,38.0,27.0,6.999999999999999,0.0003377389235854534,79943.40632511835,20726.068306512163
2683,1339.2158186119,39.0,23.0,7.416198487095663,0.0003376997789145766,68107.8325663281,21960.92194946814
2684,1339.7157787376002,36.0,31.0,6.4031242374328485,0.0003376607057363909,91808.13601746559,18963.19035248276
2685,1340.2157389975,28.0,17.0,6.244997998398398,0.00033762170399194457,50352.21313972637,18497.027663089455
2686,1340.7156993916,32.0,22.0,6.48074069840786,0.0003375827736223171,65169.20210097359,19197.486379024846
2687,1341.2156599199,36.0,26.0,6.782329983125268,0.00033754391456867637,77027.01449446533,20093.178073709107
2688,1341.7156205824,22.0,15.0,5.385164807134504,0.0003375051267722464,44443.769324198234,15955.801497405091
2689,1342.2155813790998,32.0,19.0,6.708203932499369,0.00033746641017425705,56301.89976593225,19878.13817984274
2690,1342.71554231,33.0,25.0,6.4031242374328485,0.0003374277647160832,74089.93157701583,18976.281465221255
2691,1343.2155033751,39.0,34.0,6.6332495807108,0.00033738919033909947,100773.82729964658,19660.527873000097
2692,1343.7154645744,42.0,30.0,7.3484692283495345,0.00033735068698476176,88928.2315330074,21782.879098394922
2693,1344.2154259079,32.0,10.0,7.3484692283495345,0.0003373122545945629,29646.121253494442,21785.360977122305
2694,1344.7153873756,44.0,34.0,7.3484692283495345,0.00033727389311011643,100808.27687691603,21787.838840969336
2695,1345.2153489775,29.0,24.0,5.830951894845301,0.00033723560247302104,71166.86323746025,17290.439835194386
2696,1345.7153107136,37.0,30.0,6.633249580710799,0.000337197382624983,88968.6621125549,19671.711355150182
2697,1346.2152725839,34.0,25.0,6.557438524302,0.0003371592335077264,74148.94066493688,19449.08480209761
2698,1346.7152345883999,42.0,34.0,7.0710678118654755,0.00033712115506309546,100853.9496539058,20974.85638521278
2699,1347.2151967271,35.0,26.0,6.6332495807108,0.00033708314723292584,77132.30463590602,19678.37797636082
2700,1347.715159,27.0,18.0,6.0,0.00033704520995917343,53405.29836392084,17801.766121306944
2701,1348.2151214071,27.0,15.0,6.244997998398398,0.00033700734318379264,44509.415902606896,18530.747548110794
2702,1348.7150839484,23.0,13.0,5.744562646538029,0.0003369695468488449,38579.153877758086,17047.720484708603
2703,1349.2150466239,30.0,23.0,6.082762530298219,0.000336931820896441,68263.0685899782,18053.392861838984
2704,1349.7150094336,28.0,21.0,5.916079783099617,0.000336894165268728,62334.11606653703,17560.647802791656
2705,1350.2149723774999,30.0,20.0,6.324555320336759,0.0003368565799079472,59372.44867078268,18775.216806110988
2706,1350.7149354556,23.0,18.0,5.2915026221291805,0.0003368190647563392,53441.15545544167,15710.223012337932
2707,1351.2148986679,27.0,18.0,6.0,0.00033678161975629416,53447.09730010019,17815.6991000334
2708,1351.7148620144,37.0,29.0,6.7082039324993685,0.000336744244850164,86118.76949197362,19920.76786786428
2709,1352.2148254951,18.0,7.0,5.385164807134504,0.00033670693998041863,20789.592279883178,15993.625814328867
2710,1352.71478911,35.0,26.0,6.6332495807108,0.0003366697050895843,77227.02579693552,19702.543711040948
2711,1353.2147528591001,27.0,20.0,5.830951894845301,0.0003366325401202298,59411.96294587835,17321.41489578741
2712,1353.7147167424,33.0,30.0,6.0,0.00033659544501496685,89127.76582186381,17825.553164372763
2713,1354.2146807599001,20.0,14.0,5.099019513592785,0.0003365584197165005,41597.533087399446,15150.473780712236
2714,1354.7146449115999,28.0,19.0,6.082762530298219,0.0003365214641675789,56459.99445235534,18075.407300822757
2715,1355.2146091975,20.0,13.0,5.196152422706632,0.00033648457831098,38634.75724579972,15442.468266418835
2716,1355.7145736175999,41.0,31.0,7.14142842854285,0.0003364477620895812,92139.11784542074,21225.96501813379
2717,1356.2145381719,28.0,24.0,5.656854249492381,0.0003364110154463159,71341.3024486111,16815.306246697786
2718,1356.7145028604,27.0,21.0,5.744562646538029,0.00033637433832415316,62430.44610544272,17077.88612876342
2719,1357.2144676830999,26.0,15.0,6.082762530298219,0.0003363377306661239,44598.02939828424,18085.281476601456
2720,1357.71443264,31.0,20.0,6.48074069840786,0.00033630119241531405,59470.49981107729,19270.644424015278
2721,1358.2143977311,27.0,15.0,6.244997998398398,0.0003362647235148903,44607.712171555744,18571.671548299833
2722,1358.7143629564,20.0,16.0,4.898979485566357,0.00033622832390805554,47586.71076258089,14570.39498821647
2723,1359.2143283158998,26.0,17.0,5.916079783099616,0.000336191993538067,50566.34401400488,17597.325030971446
2724,1359.7142938096001,35.0,29.0,6.4031242374328485,0.0003361557323482633,86269.53881588277,19048.088791176997
2725,1360.2142594375002,31.0,26.0,6.0,0.0003361195402819995,77353.43199085174,17850.791997888864
2726,1360.7142251996,28.0,19.0,6.082762530298219,0.0003360834172827487,56533.58369661899,18098.966558593278
2727,1361.2141910959,29.0,20.0,6.164414002968976,0.00033604736329395115,59515.420100188,18343.88445290901
2728,1361.7141571263999,35.0,28.0,6.48074069840786,0.0003360113782592154,83330.51144000085,19287.265603869833
2729,1362.2141232911001,23.0,16.0,5.477225575051661,0.0003359754621221284,47622.525463433805,16302.457151054288
2730,1362.71408959,35.0,24.0,6.782329983125268,0.0003359396148263648,71441.41072021156,20189.134248519076
2731,1363.2140560231,26.0,21.0,5.5677643628300215,0.00033590383631560246,62517.8927110234,16575.471194079375
2732,1363.7140225904,23.0,15.0,5.5677643628300215,0.0003358681265336688,44660.38547571538,16577.233512129307
2733,1364.2139892919,36.0,20.0,7.211102550927978,0.00033583248542438357,59553.50023606702,21472.31987344964
2734,1364.7139561276,27.0,21.0,5.744562646538029,0.0003357969129316457,62537.79945938552,17107.25270338439
2735,1365.2139230975,33.0,27.0,6.244997998398398,0.0003357614089994028,80414.24438997402,18599.510935485458
2736,1365.7138902016002,29.0,24.0,5.830951894845301,0.0003357259735716442,71486.87289420691,17368.18820662671
2737,1366.2138574399,30.0,18.0,6.48074069840786,0.0003356906065924522,53620.80334244515,19305.695694594917
2738,1366.7138248124002,35.0,24.0,6.782329983125268,0.0003356553080059248,71501.9230369995,20206.234852706544
2739,1367.2137923190999,27.0,21.0,5.744562646538029,0.00033562007775626,62570.75005879414,17116.266359696
2740,1367.71375996,25.0,18.0,5.656854249492381,0.00033558491578768347,53637.69094850547,16856.699998611788
2741,1368.2137277350998,25.0,19.0,5.5677643628300215,0.00033554982204447035,56623.48406038473,16592.958771088626
2742,1368.7136956444,35.0,28.0,6.48074069840786,0.00033551479647096186,83453.84553680435,19315.811900321827
2743,1369.2136636879002,22.0,14.0,5.477225575051661,0.00033547983901157323,41731.270770989715,16326.541681876479
2744,1369.7136318656,25.0,21.0,5.385164807134504,0.000335444949610767,62603.416818071986,16053.796050240646
2745,1370.2136001775,22.0,20.0,4.898979485566356,0.00033541012821301585,59628.49156212178,14605.937845905057
2746,1370.7135686236,22.0,12.0,5.656854249492381,0.0003353753747629232,35780.80235760541,16867.231988905598
2747,1371.2135372039002,30.0,22.0,6.164414002968976,0.0003353406892051082,65604.92271948511,18382.541103440526
2748,1371.7135059184,31.0,19.0,6.557438524302,0.0003353060714842185,56664.646470304826,19556.575564754225
2749,1372.2134747671,20.0,15.0,5.0,0.0003352715215450326,44739.857208496156,14913.285736165386
2750,1372.71344375,26.0,13.0,6.244997998398397,0.00033523703933231296,38778.53123238387,18628.60384054362
2751,1373.2134128671,32.0,25.0,6.244997998398399,0.00033520262479090775,74581.75488809035,18630.51639972657
2752,1373.7133821184002,27.0,20.0,5.830951894845301,0.0003351682778657257,59671.51822169863,17397.087612155476
2753,1374.2133515039,25.0,9.0,6.4031242374328485,0.0003351339985017102,26854.92978998391,19106.161314755936
2754,1374.7133210236,33.0,13.0,7.280109889280518,0.00033509978664389065,38794.41443457275,21725.200013383073
2755,1375.2132906775,32.0,-2.0,8.12403840463596,0.00033506564223731824,-5968.979650212696,24246.109957409233
2756,1375.7132604656001,51.0,30.0,8.48528137423857,0.0003350315652271301,89543.80158079107,25326.811724400024
2757,1376.2132303879,71.0,46.0,9.797958971132712,0.00033499755555847885,137314.43479733096,29247.8521367071
2758,1376.7132004444,101.0,87.0,10.723805294763608,0.00033496361317662175,259729.70369807328,32014.83645660668
2759,1377.2131706351,112.0,92.0,11.489125293076059,0.0003349297380268381,274684.4772339325,34303.09103264945
2760,1377.71314096,118.0,109.0,11.269427669584644,0.00033489593005444837,325474.24503569945,33650.53635543564
2761,1378.2131114191002,89.0,82.0,9.797958971132712,0.000334862189204896,244876.85574385858,29259.675433637927
2762,1378.7130820124,71.0,59.0,9.1104335791443,0.0003348285154236026,176209.6036693803,27209.25237690222
2763,1379.2130527399001,43.0,36.0,7.071067811865475,0.00033479490865604935,107528.51691954641,21120.5954124288
2764,1379.7130236015998,34.0,26.0,6.48074069840786,0.0003347613688478409,77667.2651611058,19359.28485629282
2765,1380.2129945975,30.0,23.0,6.082762530298219,0.0003347278959445844,68712.52823161098,18172.26052562182
2766,1380.7129657276,26.0,19.0,5.744562646538029,0.00033469448989192837,56768.188822394506,17163.60089582869
2767,1381.2129369919,23.0,15.0,5.5677643628300215,0.00033466115063562516,44821.455886081654,16637.02031817889
2768,1381.7129083904001,18.0,7.0,5.385164807134504,0.0003346278781214299,20918.759187959342,16092.995112560027
2769,1382.2128799231,24.0,14.0,5.830951894845301,0.00033459467229517663,41841.670412639796,17426.911955433898
2770,1382.7128515900001,22.0,17.0,5.196152422706632,0.0003345615331027776,50812.775283336545,15531.23090546805
2771,1383.2128233911,31.0,18.0,6.633249580710799,0.00033452846049013567,53807.081088488645,19828.65544830496
2772,1383.7127953264,37.0,20.0,7.348469228349534,0.0003344954544033018,59791.54495739713,21968.816411745527
2773,1384.2127673958998,43.0,35.0,7.1414284285428495,0.0003344625147882533,104645.508696717,21351.95459217322
2774,1384.7127395996001,49.0,41.0,7.54983443527075,0.00033442964159116,122596.78838552976,22575.254990406673
2775,1385.2127119375,53.0,45.0,7.810249675906654,0.00033439683475815056,134570.65176034288,23356.230873283672
2776,1385.7126844096001,29.0,19.0,6.244997998398398,0.00033436409423544407,56824.28325160135,18677.238692982846
2777,1386.2126570159,44.0,25.0,7.937253933193772,0.0003343314199692879,74776.10091895201,23740.67604511385
2778,1386.7126297564,24.0,17.0,5.5677643628300215,0.00033429881190601406,50852.70839903386,16655.052798678094
2779,1387.2126026311,21.0,14.0,5.291502622129181,0.0003342662699920009,41882.77806293475,15830.202138719556
2780,1387.71257564,26.0,21.0,5.5677643628300215,0.00033423379417365487,62830.27140304435,16658.292667848025
2781,1388.2125487831001,19.0,13.0,5.0,0.0003342013843974797,38898.701821469884,14961.039162103802
2782,1388.7125220604,26.0,14.0,6.164414002968976,0.0003341690406100066,41894.964220634545,18446.99314968313
2783,1389.2124954719,23.0,18.0,5.2915026221291805,0.00033413676275780696,53870.15739135229,15836.33772726957
2784,1389.7124690176,27.0,20.0,5.830951894845301,0.00033410455078751157,59861.5012961014,17452.476720539344
2785,1390.2124426975,21.0,12.0,5.477225575051661,0.00033407240464584866,35920.356884075,16395.32478253655
2786,1390.7124165116002,29.0,25.0,5.744562646538029,0.0003340403242795416,74841.26371245753,17197.21311769142
2787,1391.2123904599,21.0,12.0,5.477225575051661,0.0003340083096354048,35927.24987321095,16398.470987235214
2788,1391.7123645424,27.0,16.0,6.164414002968976,0.00033397636066028667,47907.58234614947,18457.63571643707
2789,1392.2123387591,18.0,11.0,5.0,0.0003339444773010503,32939.60747278213,14972.548851264604
2790,1392.71231311,30.0,27.0,5.744562646538029,0.0003339126595047315,80859.46798197813,17203.78812548923
2791,1393.2122875951,26.0,16.0,6.0,0.0003338809072182859,47921.27867778753,17970.479504170322
2792,1393.7122622144,36.0,27.0,6.708203932499369,0.0003338492203887788,80874.8331613822,20093.513846422757
2793,1394.2122369678998,18.0,12.0,4.898979485566356,0.0003338175989633784,35947.7751840054,14675.617764849481
2794,1394.7122118556,23.0,17.0,5.385164807134504,0.000333786042889192,50930.829380554846,16133.582939902115
2795,1395.2121868775,29.0,25.0,5.744562646538029,0.0003337545521134738,74905.34538537232,17211.93796507358
2796,1395.7121620336,22.0,12.0,5.656854249492381,0.0003337231265835058,35957.95149964623,16950.74089531789
2797,1396.2121373239002,16.0,7.0,5.0,0.0003336917662465712,20977.442981999044,14983.887844285031
2798,1396.7121127484,20.0,12.0,5.291502622129181,0.0003336604710501263,35964.703766773804,15858.94369049857
2799,1397.2120883071,25.0,19.0,5.5677643628300215,0.0003336292409415338,56949.44467811086,16688.478345355026
2800,1397.7120639999998,29.0,17.0,6.4031242374328485,0.00033359807586832296,50959.526537287944,19194.128205824167
2801,1398.2120398271,21.0,10.0,5.656854249492381,0.0003335669757779995,29978.98690863016,16958.675948956094
2802,1398.7120157883999,31.0,19.0,6.557438524302,0.0003335359406181528,56965.37520000601,19660.365573044062
2803,1399.2119918839,22.0,11.0,5.744562646538029,0.0003335049703364562,32983.016681588466,17224.818690835797
2804,1399.7119681136,39.0,32.0,6.782329983125268,0.0003334740648805846,95959.48641900846,20338.40318452947
2805,1400.2119444774999,43.0,32.0,7.348469228349534,0.0003334432241982778,95968.36186112334,22038.142313486806
2806,1400.7119209756002,50.0,36.0,8.0,0.00033341244823733413,107974.37285357143,23994.30507857143
2807,1401.2118976079,61.0,49.0,8.54400374531753,0.000333381736945629,146978.6571061971,25628.28973055284
2808,1401.7118743744,53.0,45.0,7.810249675906654,0.00033335109027103345,134992.8088233113,23429.500919155464
2809,1402.2118512751,49.0,40.0,7.615773105863909,0.0003333205081614894,120004.61723951448,22848.19841380467
2810,1402.71182831,34.0,28.0,6.324555320336759,0.000333289990565041,84010.9237980126,18976.133395468813
2811,1403.2118054791001,26.0,20.0,5.65685424949238,0.000333259537429715,60013.2862040536,16974.32065447015
2812,1403.7117827824,23.0,15.0,5.5677643628300215,0.00033322914870364135,45014.06932242986,16708.515399959007
2813,1404.2117602199,23.0,13.0,5.744562646538029,0.00033319882433496313,39015.74390590035,17240.64500528684
2814,1404.7117377916,19.0,1.0,6.082762530298219,0.0003331685642718881,3001.4836549343,18257.31231153691
2815,1405.2117154975,21.0,-1.0,6.557438524302,0.0003331383684626948,-3001.7557107414996,19683.828538159843
2816,1405.7116933375999,34.0,19.0,7.0,0.00033310823685567026,57038.51750814662,21014.190660896125
2817,1406.2116713119,41.0,22.0,7.745966692414834,0.00033307816939922143,66050.56116311003,23255.70212657996
2818,1406.7116494204,78.0,54.0,10.09950493836208,0.00033304816604172547,162138.70997036112,30324.457445283686
2819,1407.2116276631,73.0,64.0,9.055385138137416,0.00033301822673164954,192181.67314178884,27191.860418602144
2820,1407.71160604,99.0,86.0,10.583005244258363,0.00033298835141755623,258267.2926361886,31781.90828359527
2821,1408.2115845511,86.0,77.0,9.746794344808963,0.0003329585400479716,231260.02411263,29273.297340277488
2822,1408.7115631964,66.0,60.0,8.485281374238571,0.00033292879257152357,180218.71745175094,25486.7754413751
2823,1409.2115419759,48.0,39.0,7.549834435270749,0.00033289910893689195,117152.61156614653,22679.046691897212
2824,1409.7115208896,28.0,21.0,5.916079783099617,0.0003328694890928017,63087.7887223402,17772.971020033187
2825,1410.2114999374999,27.0,20.0,5.830951894845301,0.00033283993298801034,60088.9437167398,17518.78701121883
2826,1410.7114791196,22.0,16.0,5.291502622129181,0.00033281044057135843,48075.414859376724,15899.44898677126
2827,1411.2114584358999,21.0,12.0,5.477225575051661,0.00033278101179170643,36059.74972968414,16458.94862078235
2828,1411.7114378864,22.0,14.0,5.477225575051661,0.0003327516465979728,42073.42065211373,16460.401116118865
2829,1412.2114174711,30.0,22.0,6.164414002968976,0.0003327223449391776,66121.19785348847,18527.20172459666
2830,1412.71139719,23.0,19.0,5.196152422706631,0.0003326931067642912,57109.68942155226,15618.455318306425
2831,1413.2113770431001,19.0,15.0,4.79583152331272,0.0003326639320224052,45090.55102189358,14416.445732955855
2832,1413.7113570304,21.0,12.0,5.477225575051661,0.00033263482066266825,36075.59778646699,16466.182235942844
2833,1414.2113371519001,24.0,14.0,5.830951894845301,0.00033260577263423006,42091.87317802792,17531.120547500712
2834,1414.7113174075998,28.0,24.0,5.656854249492381,0.0003325767878863297,72163.78555018963,17009.16737287696
2835,1415.2112977975,29.0,23.0,5.916079783099615,0.00033254786636825685,69162.97569785114,17790.16009848118
2836,1415.7112783215998,31.0,24.0,6.164414002968976,0.000332519008029315,72176.32502345296,18538.531194058894
2837,1416.2112589799,23.0,15.0,5.5677643628300215,0.0003324902128189029,45114.10989462728,16745.64888880687
2838,1416.7112397724002,16.0,9.0,4.795831523312719,0.00033246148068643883,27070.805259657594,14425.224580636183
2839,1417.2112206991,22.0,16.0,5.291502622129181,0.0003324328115813921,48130.02640710331,15917.510058520867
2840,1417.71120176,23.0,17.0,5.385164807134504,0.0003324042054532768,51142.55391810783,16200.651853339594
2841,1418.2111829551,23.0,18.0,5.2915026221291805,0.0003323756622517081,54155.58972656848,15920.24694672718
2842,1418.7111642844,22.0,15.0,5.385164807134504,0.0003323471819262962,45133.525468937216,16203.431531815299
2843,1419.2111457479,18.0,9.0,5.196152422706631,0.0003323187644267271,27082.43097715419,15636.048814969428
2844,1419.7111273456,22.0,14.0,5.477225575051661,0.00033229040970269354,42131.820814588245,16483.24903493976
2845,1420.2111090775002,20.0,15.0,5.0,0.0003322621177040209,45145.0803469627,15048.360115654232
2846,1420.7110909436,36.0,28.0,6.6332495807108,0.0003322338883804791,84277.976989313,19965.601983125533
2847,1421.2110729439,27.0,17.0,6.082762530298219,0.00033220572168198855,51173.110185843325,18310.22807042764
2848,1421.7110550784,25.0,11.0,6.244997998398398,0.00033217761755844613,33114.81393855372,18800.1769785094
2849,1422.2110373471,20.0,6.0,5.830951894845301,0.0003321495759598298,18064.150714814223,17555.198973219514
2850,1422.7110197499999,22.0,17.0,5.196152422706632,0.0003321215968361815,51186.072095110474,15645.331325049683
2851,1423.2110022871,25.0,20.0,5.477225575051661,0.0003320936801375689,60223.970512522406,16493.013576117242
2852,1423.7109849583999,29.0,26.0,5.65685424949238,0.00033206582581406593,78297.728880292,17035.340013156998
2853,1424.2109677639,22.0,15.0,5.385164807134504,0.0003320380338159102,45175.54759499738,16218.517936773977
2854,1424.7109507036,16.0,9.0,4.795831523312719,0.00033201030409329025,27107.592412165395,14444.827356819496
2855,1425.2109337775,22.0,14.0,5.477225575051661,0.0003319826365964628,42170.88021087536,16498.530258103325
2856,1425.7109169856,28.0,23.0,5.7445626465380295,0.0003319550312757613,69286.49314820436,17305.243497773386
2857,1426.2109003279,26.0,23.0,5.385164807134504,0.0003319274880815632,69292.24251035305,16223.919381486203
2858,1426.7108838044,26.0,22.0,5.477225575051661,0.00033190000696423945,66285.02421926851,16502.637722577103
2859,1427.2108674151,24.0,18.0,5.477225575051661,0.00033187258787429344,54237.68234458109,16504.00115940375
2860,1427.71085116,32.0,24.0,6.324555320336759,0.0003318452307622231,72322.87155332573,19058.750086025764
2861,1428.2108350391,23.0,18.0,5.2915026221291805,0.000331817935578607,54246.61559843813,15947.006037820503
2862,1428.7108190524,34.0,28.0,6.324555320336759,0.00033179070227403736,84390.55045271834,19061.88231613884
2863,1429.2108031999,20.0,12.0,5.291502622129181,0.00033176353079917496,36170.34087831646,15949.621133409823
2864,1429.7107874816,25.0,19.0,5.5677643628300215,0.0003317364211047185,57274.386504586764,16783.69937279952
2865,1430.2107718975,26.0,18.0,5.830951894845301,0.00033170937314144273,54264.36952785383,17578.496017834714
2866,1430.7107564476,18.0,10.0,5.0990195135927845,0.0003316823868601213,30149.32476416738,15373.199529413565
2867,1431.2107411319,23.0,11.0,5.916079783099615,0.00033165546221164817,33166.94960078865,17838.029090937234
2868,1431.7107259503998,18.0,10.0,5.0990195135927845,0.00033162859914689165,30154.21476231185,15375.692949009574
2869,1432.2107109031,19.0,3.0,5.916079783099616,0.0003316017976168017,9046.995587963589,17840.915898580937
2870,1432.71069599,21.0,11.0,5.5677643628300215,0.0003315750575723722,33174.99235478246,16791.86728819238
2871,1433.2106812111,24.0,18.0,5.477225575051661,0.00033154837896468464,54290.71937015049,16520.13981234116
2872,1433.7106665664,33.0,25.0,6.4031242374328485,0.00033152176174477033,75409.83092158767,19314.340644589243
2873,1434.2106520559,26.0,20.0,5.65685424949238,0.00033149520586383006,60332.697566116534,17064.663830511243
2874,1434.7106376796,20.0,11.0,5.385164807134505,0.0003314687112730013,33185.63600695415,16246.374466093192
2875,1435.2106234374999,19.0,12.0,5.099019513592785,0.00033144227792354696,36205.39924833612,15384.336438723622
2876,1435.7106093296,18.0,13.0,4.795831523312719,0.0003314159057667612,39225.63695282912,14470.734324646011
2877,1436.2105953558998,25.0,14.0,6.0,0.0003313895947539501,42246.34756681093,18105.577528633257
2878,1436.7105815164,32.0,28.0,6.000000000000001,0.0003313633448365082,84499.38846982294,18107.011814962058
2879,1437.2105678111,30.0,22.0,6.164414002968976,0.00033133715596584735,66397.6243046755,18604.65659216431
2880,1437.71055424,23.0,16.0,5.477225575051661,0.00033131102809346173,48292.98949712732,16531.97482308544
2881,1438.2105408031,19.0,18.0,4.47213595499958,0.00033128496117086316,54333.88807141276,13499.363023282653
2882,1438.7105275004,25.0,17.0,5.744562646538029,0.00033125895514962586,51319.367327960375,17341.607093892075
2883,1439.2105143319,26.0,16.0,6.0,0.0003312330099813682,48304.364353359575,18114.136632509842
2884,1439.7105012975999,21.0,14.0,5.291502622129181,0.0003312071256177327,42269.621989227046,15976.415399457444
2885,1440.2104883975,22.0,19.0,5.0,0.00033118130201044915,57370.388619948506,15097.470689460133
2886,1440.7104756315998,26.0,16.0,6.0,0.00033115553911129084,48315.66472642606,18118.374272409772
2887,1441.2104629999,26.0,18.0,5.830951894845301,0.000331129836872018,54359.34185223247,17609.261520878797
2888,1441.7104505024001,34.0,27.0,6.4031242374328485,0.0003311041952445162,81545.32738572171,19338.69860121894
2889,1442.2104381391,26.0,20.0,5.65685424949238,0.00033107861418070716,60408.61337266481,17086.136063155056
2890,1442.7104259100001,28.0,19.0,6.082762530298219,0.00033105309363248126,57392.60670100506,18373.97881879032
2891,1443.2104138150999,21.0,16.0,5.0990195135927845,0.00033102763355187244,48334.33338577391,15403.606819410023
2892,1443.7104018544,19.0,6.0,5.656854249492381,0.00033100223389093245,18126.765881516807,17090.078767735307
2893,1444.2103900278998,16.0,4.0,5.291502622129181,0.0003309768946017065,12085.435766788345,15987.528762383581
2894,1444.7103783356001,23.0,16.0,5.477225575051661,0.0003309516156363454,48345.43553816954,16549.928497917106
2895,1445.2103667775,21.0,11.0,5.5677643628300215,0.00033092639694705584,33240.01983969827,16824.781625748627
2896,1445.7103553536,24.0,19.0,5.385164807134504,0.00033090123848604356,57418.94496052593,16274.23587706407
2897,1446.2103440639,27.0,24.0,5.477225575051661,0.00033087614020556354,72534.69526418409,16553.70366581532
2898,1446.7103329084,24.0,17.0,5.5677643628300215,0.00033085110205798994,51382.630718939916,16828.61059913934
2899,1447.2103218871,36.0,30.0,6.48074069840786,0.00033082612399561943,90682.07684952123,19589.567535161383
2900,1447.710311,24.0,11.0,6.082762530298219,0.0003308012059709243,33252.59945082196,18387.969634043176
2901,1448.2103002471001,28.0,20.0,6.000000000000001,0.00033077634793635087,60463.81527813612,18139.144583440837
2902,1448.7102896284,25.0,18.0,5.656854249492381,0.0003307515498443943,54421.51369651419,17103.03172321856
2903,1449.2102791439,25.0,19.0,5.5677643628300215,0.00033072681164761803,57449.227975638314,16834.934957624024
2904,1449.7102687935999,24.0,16.0,5.656854249492381,0.00033070213329860907,48381.90742952578,17105.587415078746
2905,1450.2102585775,31.0,27.0,5.916079783099616,0.0003306775147500297,81650.54712114373,17890.78337416374
2906,1450.7102484956001,26.0,16.0,6.0,0.00033065295595454005,48389.103172571566,18145.913689714336
2907,1451.2102385479,32.0,27.0,6.08276253029822,0.00033062845686491257,81662.66224032736,18397.577111106024
2908,1451.7102287344,30.0,21.0,6.244997998398398,0.0003306040174339186,63520.099250449966,18889.661556053696
2909,1452.2102190551,27.0,21.0,5.744562646538029,0.0003305796376143971,63524.78377538589,17377.242857404133
2910,1452.7102095100001,26.0,21.0,5.5677643628300215,0.00033055531735919254,63529.45754365432,16843.669033403876
2911,1453.2102000991,26.0,17.0,5.916079783099616,0.00033053105662126075,51432.38330998791,17898.71077040292
2912,1453.7101908224001,27.0,20.0,5.830951894845301,0.00033050685535354374,60513.116977879225,17642.45370525801
2913,1454.2101816799,28.0,18.0,6.164414002968977,0.0003304827135090766,54465.783728520604,18652.757772154015
2914,1454.7101726716,28.0,19.0,6.082762530298219,0.0003304586310408866,57495.85035849523,18407.03180043622
2915,1455.2101637975002,45.0,33.0,7.54983443527075,0.00033043460790212534,99868.47385481666,22848.195239607012
2916,1455.7101550575999,24.0,10.0,6.164414002968976,0.00033041064404589924,30265.36880758249,18656.826328248197
2917,1456.2101464519,35.0,20.0,7.0710678118654755,0.00033038673942541354,60535.11722287238,21402.39594410781
2918,1456.7101379803998,30.0,-11.0,8.426149773176359,0.0003303628939939225,-33296.71763985201,25505.739071686938
2919,1457.2101296431001,51.0,-63.0,12.84523257866513,0.0003303391077047034,-190713.11428351054,38884.9890281466
2920,1457.71012144,91.0,-170.0,18.761663039293715,0.00033031538051107683,-514659.65568109293,56799.24141063289
2921,1458.2101133711,182.0,-248.0,24.73863375370596,0.00033029171236643654,-750851.4162319053,74899.34753876024
2922,1458.7101054364,447.0,-1.0,29.916550603303182,0.0003302681032242003,-3027.84310757723,90582.62154669697
2923,1459.2100976359,957.0,561.0,36.78314831549904,0.00033024455303784056,1698741.1142424466,111381.54430448487
2924,1459.7100899696002,1613.0,1380.0,42.96510211788167,0.0003302210617608596,4179018.72352216,130110.12044106459
2925,1460.2100824375,2239.0,2150.0,48.249352327259274,0.00033019762934680856,6511252.0772880595,146122.64910170718
2926,1460.7100750396,2367.0,2340.0,48.928519290900276,0.0003301742557493117,7087166.728640012,148189.98888892712
2927,1461.2100677759,2116.0,2108.0,46.08687448721165,0.0003301509409219984,6384958.328796758,139593.34587539508
2928,1461.7100606464,1372.0,1369.0,37.080992435478315,0.00033012768481855906,4146880.3222377845,112323.18324304833
2929,1462.2100536511,620.0,618.0,24.939927826679853,0.000330104487392751,1872134.5016577048,75551.61707634371
2930,1462.71004679,239.0,235.0,15.588457268119896,0.00033008134859833664,711945.7097406691,47226.10754686686
2931,1463.2100400631002,84.0,80.0,9.38083151964686,0.00033005826838917025,242381.44492012044,28421.743728552687
2932,1463.7100334704,37.0,33.0,6.4031242374328485,0.0003300352467190857,99989.32031671281,19401.334557708502
2933,1464.2100270119001,20.0,13.0,5.196152422706632,0.00033001228354202826,39392.47309363987,15745.33034630174
2934,1464.7100206876,10.0,6.0,3.7416573867739418,0.0003299893788119346,18182.403390078445,11338.720658965096
2935,1465.2100144975,24.0,18.0,5.477225575051661,0.0003299665324828279,54550.986927550766,16599.336707993883
2936,1465.7100084416,25.0,23.0,5.196152422706632,0.0003299437445087603,69708.85304779382,15748.601115147585
2937,1466.2100025199,11.0,6.0,4.0,0.00032992101484381357,18186.171022905084,12124.114015270055
2938,1466.7099967324,12.0,9.0,3.8729833462074166,0.0003298983434421431,27281.1312299857,11739.929657714854
2939,1467.2099910791,11.0,8.0,3.7416573867739413,0.0003298757302579147,24251.556771833948,11342.62706701251
2940,1467.7099855600002,11.0,8.0,3.7416573867739413,0.00032985317524536104,24253.215067731897,11343.402663899513
2941,1468.2099801750999,10.0,7.0,3.6055512754639896,0.00032983067835876297,21223.010651501525,10931.52187481531
2942,1468.7099749244,14.0,12.0,4.0,0.0003298082395524373,36384.779277450645,12128.259759150216
2943,1469.2099698079,16.0,12.0,4.47213595499958,0.00032978585878072354,36387.248514433326,13560.726865408526
2944,1469.7099648256,12.0,8.0,3.9999999999999996,0.0003297635359980408,24259.807791627783,12129.90389581389
2945,1470.2099599775,12.0,6.0,4.242640687119285,0.0003297412711588373,18196.084399485993,12866.574669919293
2946,1470.7099552636,11.0,6.0,4.0,0.0003297190642176284,18197.309925760765,12131.539950507175
2947,1471.2099506839,16.0,9.0,4.795831523312719,0.00032969691512889577,27297.79863569979,14546.182579347998
2948,1471.7099462384,17.0,9.0,5.0,0.0003296748238472691,27299.627842281025,15166.459912378346
2949,1472.2099419271,16.0,11.0,4.58257569495584,0.0003296527903273517,33368.44195699598,13901.219190061314
2950,1472.7099377499999,15.0,12.0,4.242640687119285,0.0003296308145238124,36404.36352206727,12870.886155616978
2951,1473.2099337071002,15.0,8.0,4.69041575982343,0.0003296088963913691,24271.189544899316,14230.246243882177
2952,1473.7099297984,13.0,6.0,4.47213595499958,0.0003295870358847557,18204.599534363893,13568.907353999562
2953,1474.2099260239002,12.0,-1.0,5.0,0.0003295652329588038,-3034.3006482270584,15171.503241135293
2954,1474.7099223835999,18.0,16.0,4.472135954999579,0.0003295434875683434,48552.013933158945,13570.700449882539
2955,1475.2099188775,17.0,13.0,4.58257569495584,0.00032952179966824557,39451.107675085776,13906.745166994913
2956,1475.7099155055998,17.0,11.0,4.795831523312719,0.00032950016921346056,33383.897878589116,14554.868165199117
2957,1476.2099122679,17.0,13.0,4.58257569495584,0.000329478596158943,39456.280776820786,13908.568715477866
2958,1476.7099091644002,8.0,1.0,3.8729833462074175,0.000329457080459738,3035.2967330511115,11755.653697904736
2959,1477.2099061951,16.0,10.0,4.69041575982343,0.00032943562207085185,30354.944426287017,14237.7309725621
2960,1477.70990336,13.0,7.0,4.358898943540673,0.0003294142209474509,21249.84155166956,13232.273127139879
2961,1478.2099006591,16.0,12.0,4.47213595499958,0.00032939287704464846,36430.66027312251,13576.905472650496
2962,1478.7098980924,17.0,15.0,4.358898943540674,0.00032937159031764374,45541.26840610054,13233.985782856927
2963,1479.2098956599,14.0,7.0,4.58257569495584,0.00032935036072164554,21253.961843740428,13913.984138091955
2964,1479.7098933616,21.0,13.0,5.385164807134504,0.00032932918821196685,39474.1810483946,16351.920813251569
2965,1480.2098911975002,12.0,3.0,4.58257569495584,0.0003293080727438991,9110.010498689117,13915.770897361757
2966,1480.7098891676,17.0,14.0,4.47213595499958,0.0003292870142728003,42516.10113115969,13581.270323932682
2967,1481.2098872719,15.0,9.0,4.58257569495584,0.0003292660127541133,27333.52259688263,13917.548478888952
2968,1481.7098855104,13.0,8.0,4.242640687119285,0.0003292450681432411,24298.01012697182,12885.965797590885
2969,1482.2098838831,16.0,13.0,4.358898943540674,0.0003292241803957025,39486.77154993593,13239.911291757515
2970,1482.7098823899998,18.0,14.0,4.690415759823429,0.00032920334946702647,42526.90631084318,14247.776541208092
2971,1483.2098810311,15.0,7.0,4.79583152331272,0.00032918257531275205,21264.79505590292,14568.910637983385
2972,1483.7098798063998,24.0,21.0,5.196152422706631,0.0003291618578885592,63798.400381825966,15786.010128992031
2973,1484.2098787159,14.0,13.0,3.872983346207417,0.0003291411971500756,39496.72697481411,11766.935831012024
2974,1484.7098777596002,19.0,15.0,4.79583152331272,0.0003291205930530128,45575.99954732668,14571.654355703704
2975,1485.2098769375,16.0,12.0,4.47213595499958,0.0003291000455530994,36463.076083238746,13588.986131811436
2976,1485.7098762496,9.0,4.0,3.7416573867739413,0.0003290795546061297,12155.11551541857,11370.06943883911
2977,1486.2098756958999,12.0,9.0,3.8729833462074166,0.00032905912016795754,27350.708272137366,11769.870849440606
2978,1486.7098752764,9.0,5.0,3.605551275463989,0.0003290387421944406,15195.778973180379,10957.832051683876
2979,1487.2098749911,16.0,8.0,4.898979485566356,0.000329018420641496,24314.74804481216,14889.681483531178
2980,1487.70987484,14.0,11.0,4.123105625617661,0.0003289981554650754,33434.83790798243,12532.30620636518
2981,1488.2098748230999,15.0,13.0,4.123105625617661,0.00032897794662119684,39516.326652038195,12533.076055597214
2982,1488.7098749404,15.0,10.0,4.47213595499958,0.0003289577940658814,30399.036534143554,13594.862428168919
2983,1489.2098751919002,13.0,5.0,4.58257569495584,0.00032893769775522855,15200.446875264006,13931.439680610456
2984,1489.7098755776,19.0,15.0,4.79583152331272,0.00032891765764537237,45604.11899859898,14580.644765759032
2985,1490.2098760975,25.0,21.0,5.385164807134504,0.00032889767369245033,63849.64589210484,16373.374571722054
2986,1490.7098767516,14.0,9.0,4.358898943540674,0.00032887774585271573,27365.792041248515,13253.858001972438
2987,1491.2098775399002,22.0,18.0,5.0990195135927845,0.0003288578740823872,54734.89132721981,15505.237719548571
2988,1491.7098784624,15.0,12.0,4.242640687119285,0.00032883805833776206,36492.12643043386,12901.915029438313
2989,1492.2098795191,12.0,6.0,4.242640687119285,0.0003288182985752034,18247.159680584966,12902.690347535385
2990,1492.7098807099999,22.0,8.0,6.0,0.0003287985947510706,24331.004230893086,18248.253173169815
2991,1493.2098820351,15.0,5.0,5.0,0.0003287789468217771,15207.786411915162,15207.786411915162
2992,1493.7098834944002,17.0,11.0,4.795831523312719,0.00032875935474380137,33459.12394971143,14587.66558004124
2993,1494.2098850879,14.0,10.0,4.242640687119285,0.000328739818473644,30419.1930458273,12905.77060855629
2994,1494.7098868156002,27.0,22.0,5.656854249492381,0.0003287203379678268,66926.190621504,17208.71390089055
2995,1495.2098886775,19.0,15.0,4.79583152331272,0.00032870091318296346,45634.19022706095,14590.25920211921
2996,1495.7098906736,27.0,23.0,5.5677643628300215,0.0003286815440756879,69976.54846937077,16939.692730504794
2997,1496.2098928039,18.0,13.0,4.795831523312719,0.0003286622306026511,39554.28640571984,14591.976432822381
2998,1496.7098950684,17.0,11.0,4.795831523312719,0.00032864297272057436,33470.972797439514,14592.831496172992
2999,1497.2098974670998,13.0,7.0,4.358898943540673,0.00032862377038617673,21300.954558990263,13264.101189084362
3000,1497.7099,12.0,9.0,3.8729833462074166,0.00032860462355631094,27388.537332791744,11786.14988520917
3001,1498.2099026671,15.0,11.0,4.358898943540674,0.0003285855321877706,33476.823908710736,13265.644760797855
3002,1498.7099054684,12.0,2.0,4.69041575982343,0.00032856649623744526,6087.047897161917,14275.39269382416
3003,1499.2099084039,8.0,4.0,3.464101615137755,0.0003285475156622469,12174.799106111872,10543.685311864958
3004,1499.7099114736,17.0,12.0,4.69041575982343,0.0003285285904191271,36526.50134556251,14277.039796869842
3005,1500.2099146775001,8.0,3.0,3.6055512754639896,0.00032851022690875303,9132.135788373127,10975.461279826357
3006,1500.7099180156,20.0,15.0,5.0,0.00032849261815114393,45663.12657016328,15221.042190054426
3007,1501.2099214879,25.0,18.0,5.656854249492381,0.00032847506408209656,54798.68022950204,17221.563729046262
3008,1501.7099250944002,19.0,15.0,4.79583152331272,0.0003284575646596505,45667.999808569126,14601.06887257167
3009,1502.2099288351,14.0,6.0,4.69041575982343,0.00032844011984187746,18268.170170223446,14280.885544925388
3010,1502.70993271,21.0,13.0,5.385164807134504,0.00032842272958688833,39583.13121735591,16397.05270676094
3011,1503.2099367191,20.0,14.0,5.099019513592785,0.0003284053938528577,42630.237694185715,15526.600990839404
3012,1503.7099408624001,11.0,8.0,3.7416573867739413,0.00032838811259797433,24361.41776481999,11394.00984150308
3013,1504.2099451399,17.0,16.0,4.242640687119285,0.0003283708857804592,48725.39160093873,12920.270556372683
3014,1504.7099495516,12.0,3.0,4.58257569495584,0.00032835371335857266,9136.48872526654,13956.217056548168
3015,1505.2099540974998,16.0,8.0,4.898979485566356,0.0003283365952906693,24365.240167389118,14920.601467617082
3016,1505.7099587776,15.0,8.0,4.69041575982343,0.000328319531535062,24366.50650235733,14286.13076381211
3017,1506.2099635919,17.0,8.0,5.0990195135927845,0.000328302522050165,24367.76894079903,15531.466166481805
3018,1506.7099685404,19.0,8.0,5.477225575051661,0.00032828556679439917,24369.027484568924,16684.33257220222
3019,1507.2099736231,25.0,10.0,6.324555320336759,0.00032826866572622517,30462.852669404525,19266.39969229172
3020,1507.7099788399998,33.0,18.0,6.928203230275509,0.0003282518188041725,54835.94901491889,21106.36661668801
3021,1508.2099841911001,45.0,35.0,7.416198487095664,0.00032823502598676685,106630.91147807932,22594.171553753244
3022,1508.7099896764,58.0,51.0,8.062257748298551,0.00032821828723260914,155384.39503176181,24563.70672175499
3023,1509.2099952959,53.0,44.0,7.874007874011811,0.00032820160250032044,134063.94016603573,23991.375465645764
3024,1509.7100010496,63.0,61.0,8.062257748298551,0.00032818497174856044,185870.7901065478,24566.200290473585
3025,1510.2100069375,23.0,19.0,5.196152422706631,0.00032816839493604014,57897.10494120889,15833.799058313823
3026,1510.7100129596001,21.0,13.0,5.385164807134504,0.0003281518720214841,39615.803255722065,16410.586884544537
3027,1511.2100191159,21.0,12.0,5.477225575051661,0.000328135402963705,36570.269137729454,16691.96778397452
3028,1511.7100254064,22.0,19.0,5.0,0.0003281189877215046,57905.82292094143,15238.374452879323
3029,1512.2100318311,26.0,16.0,6.0,0.00032810262625372914,48765.22989982665,18286.96121243499
3030,1512.7100383900001,16.0,14.0,4.242640687119285,0.00032808631851927617,42671.697080161706,12931.477015765946
3031,1513.2100450830999,28.0,26.0,5.477225575051661,0.00032807006447709366,79251.36370318042,16695.292158953103
3032,1513.7100519104001,15.0,7.0,4.79583152331272,0.0003280538640861625,21337.95929976142,14619.03683613709
3033,1514.2100588719,21.0,15.0,5.196152422706632,0.0003280377173054763,45726.449151064095,15840.106635871554
3034,1514.7100659676,13.0,9.0,4.123105625617661,0.00032802162409409905,27437.215533748422,12569.615302053598
3035,1515.2100731975002,16.0,10.0,4.69041575982343,0.0003280055844111263,30487.285812383838,14299.804584864642
3036,1515.7100805616,7.0,0.0,3.7416573867739418,0.0003279895982156423,0.0,11407.853807345213
3037,1516.2100880599,19.0,17.0,4.582575694955841,0.0003279736654668823,51833.429906025805,13972.389180797121
3038,1516.7100956924,21.0,17.0,5.0,0.00032795778612398197,51835.93962173314,15245.864594627394
3039,1517.2101034591,13.0,11.0,3.8729833462074166,0.00032794196014622804,33542.520740850436,11809.96583810278
3040,1517.71011136,15.0,7.0,4.79583152331272,0.00032792618749290193,21346.267138703333,14624.728692692552
3041,1518.2101193951,17.0,12.0,4.69041575982343,0.00032791046812329804,36595.35503297157,14303.952498581963
3042,1518.7101275644,17.0,10.0,4.898979485566356,0.0003278948019967743,30497.58623529011,14940.704932597711
3043,1519.2101358679,20.0,14.0,5.099019513592785,0.00032787918907275793,42698.65385354889,15551.51922881354
3044,1519.7101443056001,19.0,11.0,5.196152422706633,0.00032786362931064576,33550.534480229486,15848.517365686079
3045,1520.2101528775,9.0,7.0,3.3166247903554,0.000327848122669923,21351.349957393504,10116.345225177856
3046,1520.7101615836,11.0,7.0,3.872983346207417,0.0003278326691101062,21352.356429276344,11813.902978981734
3047,1521.2101704238999,19.0,16.0,4.69041575982343,0.000327817268590738,48807.678951090056,14308.019159537193
3048,1521.7101793984,13.0,8.0,4.242640687119285,0.00032780192107139934,24404.982050905983,12942.696227198696
3049,1522.2101885071,14.0,11.0,4.123105625617661,0.0003277866265117151,33558.416086285506,12578.626741107451
3050,1522.71019775,17.0,14.0,4.47213595499958,0.0003277713848713362,42712.69746593522,13644.070719459167
3051,1523.2102071271001,21.0,14.0,5.291502622129181,0.00032775619610998254,42714.67684260691,16144.630322575364
3052,1523.7102166384,16.0,15.0,4.123105625617661,0.00032774106018736864,45767.838767057576,12580.37556618781
3053,1524.2102262839,14.0,12.0,4.0,0.0003277259770632905,36615.95613362855,12205.318711209517
3054,1524.7102360636,17.0,9.0,5.0,0.00032771094669753215,27463.226635229683,15257.348130683158
3055,1525.2102459775,18.0,10.0,5.0990195135927845,0.0003276959690499661,30516.090963801966,15560.214330299867
3056,1525.7102560255998,15.0,9.0,4.58257569495584,0.00032768104408045236,27465.73279896629,13984.866618743818
3057,1526.2102662079,17.0,12.0,4.69041575982343,0.0003276661717489329,36622.63924270687,14314.617022526692
3058,1526.7102765244,21.0,14.0,5.291502622129181,0.0003276513520153875,42728.34497366126,16149.796390526342
3059,1527.2102869751,16.0,7.0,5.0,0.0003276365848397962,21365.13540886399,15260.811006331422
3060,1527.71029756,16.0,12.0,4.47213595499958,0.0003276218701821714,36627.59141606603,13650.297376401906
3061,1528.2103082791,17.0,13.0,4.58257569495584,0.00032760720800261263,39681.66658865554,13988.018526501084
3062,1528.7103191324002,20.0,14.0,5.099019513592785,0.00032759259826121984,42736.00830515868,15565.12430579053
3063,1529.2103301199,14.0,4.0,4.898979485566356,0.00032757804091816905,12210.830704000773,14955.152280155891
3064,1529.7103412416,16.0,13.0,4.358898943540674,0.0003275635359336109,39686.95710573469,13307.033492348537
3065,1530.2103524975,14.0,13.0,3.872983346207417,0.00032754908326778406,39688.70823971135,11824.131234222088
3066,1530.7103638876001,12.0,9.0,3.8729833462074166,0.0003275346828809337,27478.00605675615,11824.651093867009
3067,1531.2103754118998,16.0,12.0,4.47213595499958,0.00032752033473336183,36638.946432957644,13654.529141344456
3068,1531.7103870704,12.0,8.0,3.9999999999999996,0.0003275060387854014,24427.030505052782,12213.51525252639
3069,1532.2103988631002,20.0,15.0,5.0,0.0003274917949974295,45802.6742322437,15267.558077414566
3070,1532.71041079,16.0,9.0,4.795831523312719,0.000327477603329874,27482.795490396147,14644.761884622054
3071,1533.2104228511,22.0,17.0,5.196152422706632,0.0003274634637431499,51914.18855000619,15867.884506291975
3072,1533.7104350463999,20.0,19.0,4.582575694955841,0.0003274493761977164,58024.236358684204,13994.760802930487
3073,1534.2104473759,19.0,16.0,4.69041575982343,0.00032743534065412627,48864.60932419932,14324.708354489963
3074,1534.7104598396,12.0,7.0,4.123105625617661,0.0003274213570729329,21379.17960690864,12592.659386905056
3075,1535.2104724375001,13.0,10.0,3.9999999999999996,0.00032740742541472037,30542.984745484016,12217.193898193605
3076,1535.7104851696,16.0,13.0,4.358898943540674,0.0003273935456401051,39707.56349085315,13313.942811604154
3077,1536.2104980359,18.0,13.0,4.795831523312719,0.00032737971770978986,39709.24066690052,14649.140627471761
3078,1536.7105110364,20.0,18.0,4.69041575982343,0.0003273659415844163,54984.33927757395,14327.745082833959
3079,1537.2105241711,17.0,13.0,4.58257569495584,0.0003273522172247688,39712.57659475039,13998.914483628869
3080,1537.71053744,15.0,10.0,4.47213595499958,0.0003273385445916075,30549.411809953977,13662.112295938397
3081,1538.2105508431,16.0,8.0,4.898979485566356,0.00032732492364574185,24440.546448147234,14966.716958188119
3082,1538.7105643804,20.0,17.0,4.79583152331272,0.00032731135434803214,51938.3143119557,14652.200296764784
3083,1539.2105780519,17.0,13.0,4.58257569495584,0.00032729783665932526,39719.17484297741,14001.240404548438
3084,1539.7105918576,15.0,8.0,4.69041575982343,0.0003272843705405812,24443.574823894778,14331.31607255241
3085,1540.2106057975002,11.0,9.0,3.605551275463989,0.0003272709559527287,27500.148840888793,11017.021858746237
3086,1540.7106198716,12.0,8.0,3.9999999999999996,0.0003272575928567704,24445.57490680233,12222.787453401163
3087,1541.2106340799,16.0,8.0,4.898979485566356,0.00032724428121374746,24446.569303909724,14970.40518904124
3088,1541.7106484224,11.0,7.0,3.872983346207417,0.00032723102098470067,21391.614948166167,11835.624063247029
3089,1542.2106628991,18.0,12.0,4.898979485566356,0.00032721781213075775,36672.82022900619,14971.616164980349
3090,1542.7106775099999,20.0,18.0,4.69041575982343,0.00032720465461302806,55011.442368654214,14334.80756980856
3091,1543.2106922551,26.0,21.0,5.5677643628300215,0.0003271915483926889,64182.58693771702,17016.83429838383
3092,1543.7107071343999,19.0,14.0,4.898979485566357,0.0003271784934309805,42790.09861922159,14973.415380066277
3093,1544.2107221479,14.0,12.0,4.0,0.00032716548968911123,36678.68518590696,12226.22839530232
3094,1544.7107372956002,18.0,15.0,4.58257569495584,0.00032715253712838326,45850.17170175148,14007.458829999892
3095,1545.2107525775,10.0,7.0,3.6055512754639896,0.00032713963571011075,21397.5906184689,11021.444306610978
3096,1545.7107679936,12.0,7.0,4.123105625617661,0.00032712678539562664,21398.431166479415,12603.998845986222
3097,1546.2107835438999,20.0,15.0,5.0,0.0003271139861463629,45855.575228411195,15285.19174280373
3098,1546.7107992284,6.0,2.0,3.1622776601683795,0.0003271012379236901,6114.3149830163065,9667.580839012635
3099,1547.2108150471,13.0,11.0,3.8729833462074166,0.00032708854068908916,33630.03783876349,11840.779680168751
3100,1547.710831,16.0,12.0,4.47213595499958,0.0003270758944040983,36688.73250920212,13673.083316480395
3101,1548.2108470870999,17.0,12.0,4.69041575982343,0.00032706329903017985,36690.1454109429,14341.003022141656
3102,1548.7108633084,13.0,7.0,4.358898943540673,0.0003270507545289395,21403.405749918842,13327.897530213373
3103,1549.2108796639002,11.0,7.0,3.872983346207417,0.0003270382608619641,21404.22341272953,11842.60011657205
3104,1549.7108961536,14.0,11.0,4.123105625617661,0.0003270258179909271,33636.4879922269,12607.890260615603
3105,1550.2109127775,10.0,7.0,3.6055512754639896,0.0003270134258774645,21405.848953195506,11025.69799936908
3106,1550.7109295356,9.0,7.0,3.3166247903554,0.0003270010844832989,21406.656834367517,10142.549819356307
3107,1551.2109464279001,14.0,9.0,4.358898943540674,0.0003269887937701654,27523.87901808629,13330.42301934196
3108,1551.7109634544,18.0,10.0,5.0990195135927845,0.0003269765536998609,30583.23261055355,15594.449986995975
3109,1552.2109806151,11.0,3.0,4.358898943540674,0.0003269643642341817,9175.311832610938,13331.419017941354
3110,1552.7109979099998,12.0,8.0,3.9999999999999996,0.00032695222533498584,24468.406635872965,12234.20331793648
3111,1553.2110153391,10.0,2.0,4.242640687119286,0.0003269401369641817,6117.327834297422,12976.811983118772
3112,1553.7110329024001,10.0,6.0,3.7416573867739418,0.00032692809908364503,18352.659244701055,11444.893838313461
3113,1554.2110505998999,12.0,8.0,3.9999999999999996,0.00032691611165536986,24471.109605125494,12235.554802562747
3114,1554.7110684316,18.0,13.0,4.795831523312719,0.00032690417464133767,39767.00516064968,14670.450533629486
3115,1555.2110863975,6.0,1.0,3.3166247903554,0.0003268922880035663,3059.1116300335916,10145.925468633926
3116,1555.7111044976,14.0,11.0,4.123105625617661,0.0003268804517041294,33651.446400828136,12613.497087765969
3117,1556.2111227318999,18.0,12.0,4.898979485566356,0.0003268686657051185,36711.99248821754,14987.60817283699
3118,1556.7111411004,13.0,8.0,4.242640687119285,0.0003268569299686624,24475.540416924938,12980.11545150978
3119,1557.2111596031,21.0,17.0,5.0,0.0003268452444569264,52012.382888564134,15297.759673107097
3120,1557.71117824,15.0,13.0,4.123105625617661,0.00032683360913210034,39775.591116596675,12615.304884239045
3121,1558.2111970111,16.0,11.0,4.58257569495584,0.00032682202395645417,33657.462452608896,14021.62448992857
3122,1558.7112159164,9.0,1.0,4.123105625617661,0.0003268104888922326,3059.877311128025,12616.197355211802
3123,1559.2112349559,9.0,5.0,3.605551275463989,0.00032679900390176066,15299.92423570255,11032.932268507946
3124,1559.7112541295999,14.0,6.0,4.69041575982343,0.0003267875689473623,18360.55153299438,14353.103378234513
3125,1560.2112734375,14.0,13.0,3.872983346207417,0.0003267761839914116,39782.58097396005,11852.097967791948
3126,1560.7112928796,12.0,6.0,4.242640687119285,0.00032676484899632415,18361.828141641683,12983.773193936815
3127,1561.2113124559,10.0,7.0,3.6055512754639896,0.0003267535639245536,21422.872687063573,11034.466562992104
3128,1561.7113321664,9.0,7.0,3.3166247903554,0.00032674232873856435,21423.60932244226,10150.581968243006
3129,1562.2113520111,14.0,9.0,4.358898943540674,0.0003267311434008892,27545.583522649606,13340.93499067653
3130,1562.71137199,6.0,0.0,3.4641016151377544,0.00032672000787402914,0.0,10602.661397074222
3131,1563.2113921031,12.0,9.0,3.8729833462074166,0.0003267089221206268,27547.457050092555,11854.538042819171
3132,1563.7114123504,11.0,9.0,3.605551275463989,0.00032669788610326886,27548.38761691623,11036.34712323874
3133,1564.2114327319,12.0,7.0,4.123105625617661,0.00032668689978462785,21427.244265426107,12620.970196037448
3134,1564.7114532476,10.0,7.0,3.6055512754639896,0.00032667596312735083,21427.96161978753,11037.087764116906
3135,1565.2114738975,8.0,5.0,3.3166247903554003,0.00032666507609419645,15306.196976374085,10152.982467581032
3136,1565.7114946816,11.0,9.0,3.605551275463989,0.0003266542386479029,27552.068625385276,11037.82179710325
3137,1566.2115155999002,17.0,14.0,4.47213595499958,0.0003266434507512644,42860.18889342697,13691.185127740599
3138,1566.7115366524,9.0,8.0,3.1622776601683795,0.00032663271236708653,24492.34169481834,9681.448123341823
3139,1567.2115578391001,12.0,11.0,3.605551275463989,0.00032662202345823627,33678.07193015728,11038.910472995141
3140,1567.71157916,13.0,6.0,4.47213595499958,0.00032661138398762905,18370.45582044764,13692.529330725867
3141,1568.2116006151,12.0,10.0,3.7416573867739413,0.00032660079391816127,30618.419141093003,11456.363415061127
3142,1568.7116222043999,13.0,7.0,4.358898943540673,0.00032659025321280297,21433.585145723468,13346.690235426157
3143,1569.2116439279,17.0,12.0,4.69041575982343,0.0003265797618345293,36744.46919977893,14362.236451749142
3144,1569.7116657856,11.0,6.0,4.0,0.00032656931974639535,18372.822054011176,12248.54803600745
3145,1570.2116877775,15.0,9.0,4.58257569495584,0.00032655892691144957,27560.110161803845,14032.921219754195
3146,1570.7117099036002,13.0,10.0,3.9999999999999996,0.0003265485832927943,30623.31460502362,12249.325842009448
3147,1571.2117321639,16.0,11.0,4.58257569495584,0.0003265382888535508,33686.708038497105,14033.808136390033
3148,1571.7117545584001,6.0,0.0,3.4641016151377544,0.0003265280435568943,0.0,10608.894652364426
3149,1572.2117770871,13.0,9.0,4.123105625617661,0.0003265178473659872,27563.577527546553,12627.504618441748
3150,1572.71179975,14.0,10.0,4.242640687119285,0.00032650770024409645,30627.149045869428,12993.998867247221
3151,1573.2118225471,8.0,5.0,3.3166247903554003,0.0003264976021544876,15314.048149223985,10158.1903464825
3152,1573.7118454784,14.0,13.0,3.872983346207417,0.0003264875530604195,39817.75071711304,11862.575800832095
3153,1574.2118685439,9.0,5.0,3.605551275463989,0.00032647755292526144,15314.98859630518,11043.795333424918
3154,1574.7118917436,11.0,7.0,3.872983346207417,0.0003264676017123692,21441.637587570713,11863.300756010905
3155,1575.2119150775002,14.0,12.0,4.0,0.0003264576993851473,36758.20794731104,12252.735982437014
3156,1575.7119385455999,18.0,13.0,4.795831523312719,0.0003264478459070054,39822.59390893112,14690.957785271767
3157,1576.2119621479,10.0,5.0,3.8729833462074175,0.0003264380412414327,15316.842304852618,11864.375032635884
3158,1576.7119858843998,10.0,7.0,3.6055512754639896,0.00032642828535192354,21444.220106273187,11045.462165071975
3159,1577.2120097551,12.0,8.0,3.9999999999999996,0.0003264185782019836,24508.408939425328,12254.204469712662
3160,1577.71203376,16.0,8.0,4.898979485566356,0.0003264089197552228,24509.134143758318,15008.71817240824
3161,1578.2120578991,16.0,12.0,4.47213595499958,0.0003263993099752189,36764.78360481544,13701.425886406181
3162,1578.7120821724002,14.0,6.0,4.69041575982343,0.0003263897488255985,18382.930289903226,14370.597657249597
3163,1579.2121065799,14.0,8.0,4.47213595499958,0.00032638023627003,24511.288095830707,13702.22659958971
3164,1579.7121311216001,16.0,13.0,4.358898943540674,0.0003263707722722242,39831.99815808496,13355.665745414663
3165,1580.2121557975,15.0,13.0,4.123105625617661,0.0003263613567959031,39833.1473052731,12633.559518494498
3166,1580.7121806076,21.0,16.0,5.0990195135927845,0.00032635198980483733,49026.81920085183,15624.294237158056
3167,1581.2122055518998,20.0,13.0,5.196152422706632,0.00032634267126279597,39835.4280477511,15922.381227682892
3168,1581.7122306304,12.0,4.0,4.47213595499958,0.00032633340113366496,12257.402969184925,13704.193133352626
3169,1582.2122558431,28.0,20.0,6.000000000000001,0.00032632417938129174,61288.746785236246,18386.624035570876
3170,1582.71228119,21.0,15.0,5.196152422706632,0.00032631500596953453,45967.85230710608,15923.73114214599
3171,1583.2123066711001,28.0,24.0,5.656854249492381,0.00032630588086238096,73550.62046865764,17336.047497955304
3172,1583.7123322864,24.0,19.0,5.385164807134504,0.0003262968040237488,58229.19429703371,16503.884625062266
3173,1584.2123580359,28.0,23.0,5.7445626465380295,0.0003262877754176542,70489.92249421416,17605.816335548847
3174,1584.7123839196,13.0,8.0,4.242640687119285,0.00032627879500813007,24518.908744286186,13003.114980284172
3175,1585.2124099375,15.0,11.0,4.358898943540674,0.0003262698627592267,33714.42249362005,13359.796417229489
3176,1585.7124360896,21.0,9.0,5.744562646538029,0.0003262609786350429,27585.278624654173,17607.262353503585
3177,1586.2124623759,18.0,9.0,5.196152422706631,0.00032625214259971304,27586.02572931552,15926.799380692255
3178,1586.7124887963998,26.0,16.0,6.0,0.00032624335461739495,49043.144553133214,18391.179207424953
3179,1587.2125153511,30.0,21.0,6.244997998398398,0.00032623461465226984,64370.851702489286,19142.659049392652
3180,1587.71254204,34.0,27.0,6.4031242374328485,0.0003262259226685859,82764.72874729027,19627.882986901095
3181,1588.2125688631,42.0,40.0,6.6332495807108,0.0003262172786305894,122617.66197030985,20333.83887130741
3182,1588.7125958204,35.0,29.0,6.4031242374328485,0.00032620868250257543,88900.14752985934,19628.920322751666
3183,1589.2126229118999,24.0,18.0,5.477225575051661,0.0003262001342488558,55180.847921625704,16790.9973049647
3184,1589.7126501376001,17.0,4.0,5.477225575051661,0.00032619163383379045,12262.730202449591,16791.434871203834
3185,1590.2126774975,17.0,4.0,5.477225575051661,0.0003261831812217687,12263.047975120582,16791.869999353985
3186,1590.7127049916,27.0,12.0,6.48074069840786,0.0003261747763772283,36790.09190496612,19868.92049222329
3187,1591.2127326199,25.0,18.0,5.656854249492381,0.00032616641926459924,55186.55182401742,17343.460011140247
3188,1591.7127603824,31.0,12.0,7.0710678118654755,0.00032615810984837156,36791.97186167994,21679.87733051544
3189,1592.2127882791,33.0,27.0,6.244997998398398,0.0003261498480930897,82784.03365159214,19147.634239019946
3190,1592.7128163099999,22.0,17.0,5.196152422706632,0.0003261416339632474,52124.593212517335,15932.195959048213
3191,1593.2128444751002,20.0,12.0,5.291502622129181,0.000326133467423485,36794.75183826496,16224.960486064296
3192,1593.7128727744,31.0,26.0,6.0,0.00032612534843836716,79723.94701761004,18397.833927140782
3193,1594.2129012079001,21.0,19.0,4.795831523312719,0.00032611727697259916,58261.2493774637,14705.84928168547
3194,1594.7129297755998,14.0,10.0,4.242640687119285,0.00032610925299082294,30664.5699509833,13009.875212705716
3195,1595.2129584775,23.0,20.0,5.0990195135927845,0.0003261012764577408,61330.640030756775,15636.306514898179
3196,1595.7129873135998,12.0,7.0,4.123105625617661,0.0003260933473381217,21466.24596036851,12643.942782869683
3197,1596.2130162839,11.0,8.0,3.7416573867739413,0.0003260854655967138,24533.44550441877,11474.468449328055
3198,1596.7130453884001,14.0,8.0,4.47213595499958,0.00032607763119833825,24534.034949284705,13714.942477239054
3199,1597.2130746271,20.0,16.0,4.898979485566357,0.0003260698441078518,49069.24172573221,15024.325536666174
3200,1597.7131040000002,18.0,11.0,5.0,0.00032606210429009697,33735.9044650381,15334.502029562771
3201,1598.2131335070999,14.0,8.0,4.47213595499958,0.00032605441170998283,24535.78210472367,13715.919166821248
3202,1598.7131631484,16.0,12.0,4.47213595499958,0.00032604676633244745,36804.536155909685,13716.24078749381
3203,1599.2131929239,14.0,13.0,3.872983346207417,0.00032603916812247663,39872.51002651482,11878.889792629241
3204,1599.7132228336,10.0,6.0,3.7416573867739418,0.0003260316170450424,18403.123152228145,11476.363613707497
3205,1600.2132528775,17.0,13.0,4.58257569495584,0.0003260241130651707,39874.35124898679,14055.940991210686
3206,1600.7132830556,8.0,6.0,3.1622776601683795,0.0003260166561479595,18403.967671139348,9699.742637484173
3207,1601.2133133679001,15.0,13.0,4.123105625617661,0.00032600924625846207,39876.16961542717,12647.2045591886
3208,1601.7133438143999,9.0,8.0,3.1622776601683795,0.0003260018833618168,24539.735530058613,9700.182181643075
3209,1602.2133743951001,11.0,5.0,4.123105625617661,0.00032599456742319667,15337.678905271894,12647.774035648774
3210,1602.71340511,7.0,5.0,3.0000000000000004,0.00032598729840777345,15338.020911923883,9202.81254715433
3211,1603.2134359591,8.0,6.0,3.1622776601683795,0.00032598007628077257,18406.032873101394,9700.831094488893
3212,1603.7134669424,6.0,3.0,2.9999999999999996,0.00032597290100744194,9203.219012158039,9203.219012158037
3213,1604.2134980599,9.0,6.0,3.4641016151377544,0.00032596577255305945,18406.840549565193,10627.194346221984
3214,1604.7135293116,15.0,11.0,4.358898943540674,0.0003259586908829558,33746.60749251151,13372.550158835475
3215,1605.2135606975,12.0,6.0,4.242640687119285,0.00032595165596246674,18407.637728617334,13016.165463530653
3216,1605.7135922176,10.0,9.0,3.3166247903554003,0.0003259446677569567,27612.048578475053,10175.422758651994
3217,1606.2136238719,10.0,8.0,3.464101615137755,0.0003259377262318562,24544.565897564094,10628.108796075854
3218,1606.7136556604,14.0,10.0,4.242640687119285,0.0003259308313525938,30681.356404672082,13016.997101846962
3219,1607.2136875831,9.0,3.0,3.872983346207417,0.0003259239830846464,9204.6003230786,11883.087919926274
3220,1607.7137196400001,18.0,12.0,4.898979485566356,0.00032591718139350585,36819.16966970649,15031.36307395659
3221,1608.2137518311,6.0,6.0,2.449489742783178,0.000325910426244707,18409.966410509838,7515.837314587781
3222,1608.7137841564,12.0,7.0,4.123105625617661,0.00032590371760383123,21478.73627053621,12651.29976402942
3223,1609.2138166159002,10.0,7.0,3.6055512754639896,0.00032589705543645806,21479.175350710797,11063.46686881
3224,1609.7138492096,13.0,9.0,4.123105625617661,0.00032589043970821473,27616.6432131551,12651.815221426175
3225,1610.2138819375,12.0,6.0,4.242640687119285,0.00032588387038476335,18411.46661513484,13018.872895151575
3226,1610.7139147996,9.0,5.0,3.605551275463989,0.00032587734743178855,15343.195958248009,11064.135951391007
3227,1611.2139477959001,15.0,10.0,4.47213595499958,0.0003258708708150109,30687.001802246883,13723.644411096519
3228,1611.7139809264,10.0,5.0,3.8729833462074175,0.0003258644405001846,15343.803675925074,11885.259220866794
3229,1612.2140141911,15.0,11.0,4.358898943540674,0.0003258580564530752,33757.029424816574,13376.679990627676
3230,1612.7140475899998,15.0,11.0,4.358898943540674,0.0003258517186395322,33757.68599879186,13376.940166955603
3231,1613.2140811231,9.0,6.0,3.4641016151377544,0.00032584542702537254,18413.638806515457,10631.119321702237
3232,1613.7141147904001,11.0,7.0,3.872983346207417,0.000325839181576466,21482.99037007396,11886.180561432966
3233,1614.2141485918999,9.0,4.0,3.7416573867739413,0.0003258329822587243,12276.228060988135,11483.359851529447
3234,1614.7141825276,12.0,8.0,3.9999999999999996,0.0003258268290380937,24552.919793675705,12276.45989683785
3235,1615.2142165975,13.0,6.0,4.47213595499958,0.0003258207218805424,18415.0350087304,13725.756695853204
3236,1615.7142508016,17.0,14.0,4.47213595499958,0.0003258146607520253,42969.21436158233,13726.012036036902
3237,1616.2142851398999,14.0,12.0,4.0,0.0003258086456186242,36831.43514259784,12277.145047532613
3238,1616.7143196124,11.0,8.0,3.7416573867739413,0.0003258026764463628,24554.73996487272,11484.428021234915
3239,1617.2143542191,11.0,6.0,4.0,0.00032579675320134347,18416.38979223338,12277.593194822253
3240,1617.71438896,7.0,-1.0,3.8729833462074175,0.0003257908758496911,-3069.453671444642,11887.942951460313
3241,1618.2144238351,8.0,1.0,3.8729833462074175,0.0003257850443575588,3069.508614098535,11888.155743443836
3242,1618.7144588444,8.0,1.0,3.8729833462074175,0.0003257792586910854,3069.5631269399896,11888.366870770946
3243,1619.2144939879001,16.0,11.0,4.58257569495584,0.00032577351881653104,33765.789312651206,14066.753220468643
3244,1619.7145292656,20.0,16.0,4.898979485566357,0.00032576782470012826,49114.73382838874,15038.254591520523
3245,1620.2145646775,24.0,20.0,5.2915026221291805,0.00032576217630812695,61394.48178625472,16243.453067811453
3246,1620.7146002236,22.0,22.0,4.69041575982343,0.0003257565736068479,67535.09148383775,14398.529883495896
3247,1621.2146359039,33.0,26.0,6.324555320336759,0.00032575101656261634,79815.56059089763,19415.304937723944
3248,1621.7146717184,16.0,12.0,4.47213595499958,0.00032574550514179174,36838.57431824453,13728.92606162879
3249,1622.2147076671,18.0,9.0,5.196152422706631,0.00032574003931077483,27629.394344775283,15951.83826250233
3250,1622.71474375,14.0,11.0,4.123105625617661,0.0003257346190359822,33769.82168046709,12657.867431530827
3251,1623.2147799671,12.0,7.0,4.123105625617661,0.0003257292442838964,21490.24112154633,12658.076294875378
3252,1623.7148163184002,13.0,10.0,3.9999999999999996,0.0003257239150209481,30700.846756544957,12280.338702617983
3253,1624.2148528039,11.0,6.0,4.0,0.0003257186312136642,18420.80687138874,12280.53791425916
3254,1624.7148894236,17.0,11.0,4.795831523312719,0.0003257133928286248,33772.02240433413,14724.084513884456
3255,1625.2149261774998,12.0,6.0,4.242640687119285,0.0003257081998323644,18421.39683031647,13025.894617645146
3256,1625.7149630656,17.0,12.0,4.69041575982343,0.0003257030521915264,36843.375950138536,14400.89593346911
3257,1626.2150000879,12.0,12.0,3.4641016151377544,0.00032569794987270806,36843.95313108338,10635.933129120473
3258,1626.7150372444,6.0,-4.0,4.0,0.00032569289284257286,-12281.508402252555,12281.508402252555
3259,1627.2150745351,14.0,10.0,4.242640687119285,0.0003256878810678427,30704.243483708073,13026.707267119704
3260,1627.71511196,9.0,-2.0,4.47213595499958,0.0003256829145152131,-6140.942342575901,13731.564523906518
3261,1628.2151495191001,17.0,11.0,4.795831523312719,0.0003256779931514628,33775.693265477224,14725.68495311971
3262,1628.7151872124,18.0,13.0,4.795831523312719,0.00032567311694335605,39917.32606612745,14725.90543648358
3263,1629.2152250399001,21.0,14.0,5.291502622129181,0.0003256682858577164,42988.52730817198,16248.136069475997
3264,1629.7152630015999,27.0,23.0,5.5677643628300215,0.0003256634998613707,70625.04704945658,17096.6791341373
3265,1630.2153010975,23.0,18.0,5.2915026221291805,0.00032565875892121156,55272.580598253895,16248.61139819483
3266,1630.7153393276,21.0,20.0,4.69041575982343,0.0003256540630041289,61414.864029337856,14403.062306530966
3267,1631.2153776919,23.0,22.0,4.898979485566356,0.0003256494120770469,67557.31527252049,15043.722800909842
3268,1631.7154161904,15.0,14.0,4.0,0.00032564480610694887,42991.6268813515,12283.321966100428
3269,1632.2154548231,19.0,17.0,4.582575694955841,0.00032564024506081586,52204.84954746646,14072.51027617919
3270,1632.71549359,9.0,3.0,3.872983346207417,0.0003256357289056572,9212.748275755564,11893.606881600801
3271,1633.2155324911,7.0,5.0,3.0000000000000004,0.0003256312576085405,15354.791295898192,9212.874777538917
3272,1633.7155715264,6.0,0.0,3.4641016151377544,0.0003256268311365317,0.0,10638.256076893416
3273,1634.2156106958998,13.0,8.0,4.242640687119285,0.0003256224494567431,24568.3306336738,13029.324895127947
3274,1634.7156499996,12.0,10.0,3.7416573867739413,0.0003256181125363151,30710.8223252929,11490.937520733423
3275,1635.2156894375,12.0,9.0,3.8729833462074166,0.00032561382034242245,27640.104435786565,11894.407129692789
3276,1635.7157290096,3.0,0.0,2.449489742783178,0.00032560957284224356,0.0,7522.781721070422
3277,1636.2157687159001,14.0,8.0,4.47213595499958,0.00032560537000302797,24569.619352179616,13734.834763191991
3278,1636.7158085564,10.0,7.0,3.6055512754639896,0.000325601211791998,21498.69148666366,11073.519215792427
3279,1637.2158485311,17.0,15.0,4.358898943540674,0.00032559709817648415,46069.206648363666,13387.40107928729
3280,1637.71588864,14.0,13.0,3.872983346207417,0.0003255930291237589,39927.144739510564,11895.166664441345
3281,1638.2159288831,20.0,18.0,4.69041575982343,0.00032558900460120905,55284.42221827155,14405.940291406303
3282,1638.7159692604,14.0,11.0,4.123105625617661,0.0003255850245761629,33785.33768351133,12663.683260570719
3283,1639.2160097719,16.0,14.0,4.242640687119285,0.00032558108901604505,43000.04045784754,13030.98008530281
3284,1639.7160504176002,7.0,0.0,3.7416573867739418,0.00032557719788828314,0.0,11492.381564318994
3285,1640.2160911975,5.0,-2.0,3.464101615137755,0.000325573351160327,-6143.0089191025645,10640.003559234414
3286,1640.7161321116,6.0,2.0,3.1622776601683795,0.0003255695487996852,6143.080663943021,9713.063374099676
3287,1641.2161731598999,10.0,6.0,3.7416573867739418,0.0003255657907738697,18429.45472169543,11492.784232274602
3288,1641.7162143424,5.0,1.0,3.0,0.00032556207705040794,3071.6108247618977,9214.832474285693
3289,1642.2162556591,11.0,10.0,3.4641016151377544,0.00032555840759691086,30716.454456864987,10640.491949533127
3290,1642.71629711,6.0,0.0,3.4641016151377544,0.0003255547823809561,0.0,10640.61043675331
3291,1643.2163386951001,13.0,11.0,3.8729833462074166,0.00032555120137017974,33788.84781780317,11896.694989626229
3292,1643.7163804144,10.0,8.0,3.464101615137755,0.0003255476645322459,24573.974479265817,10640.843085497336
3293,1644.2164222679,11.0,9.0,3.605551275463989,0.0003255441718348712,27646.017894509117,11075.459453449736
3294,1644.7164642556,11.0,10.0,3.4641016151377544,0.00032554072324573243,30718.12306705346,10641.06997305802
3295,1645.2165063775,13.0,10.0,3.9999999999999996,0.000325537318732621,30718.444321320552,12287.37772852822
3296,1645.7165486336,5.0,3.0,2.6457513110645907,0.0003255339582632752,9215.628427845164,8127.420331751819
3297,1646.2165910239,8.0,5.0,3.3166247903554003,0.000325530641805542,15359.537192160193,10188.364363980854
3298,1646.7166335483998,9.0,6.0,3.4641016151377544,0.0003255273693272285,18431.629919168627,10641.506495435566
3299,1647.2166762071,9.0,5.0,3.605551275463989,0.00032552414079618753,15359.843935908053,11076.14097880822
3300,1647.716719,10.0,6.0,3.7416573867739418,0.0003255209561803497,18431.993044023242,11494.367154355914
3301,1648.2167619271,10.0,8.0,3.464101615137755,0.0003255178154476055,24576.227844855573,10641.818821419707
3302,1648.7168049884,5.0,1.0,3.0,0.0003255147185659283,3072.057707269125,9216.173121807375
3303,1649.2168481838999,11.0,9.0,3.605551275463989,0.00032551166550327673,27648.77868842277,11076.565473896033
3304,1649.7168915136,10.0,7.0,3.6055512754639896,0.00032550865622764917,21504.804453201545,11076.667874977788
3305,1650.2169349775,6.0,2.0,3.1622776601683795,0.0003255056907071087,6144.285820795704,9714.968894395795
3306,1650.7169785756,6.0,3.0,2.9999999999999996,0.0003255027689096972,9216.511460252053,9216.511460252052
3307,1651.2170223079,6.0,5.0,2.6457513110645903,0.0003254998908035088,15360.988256116801,8128.270963573761
3308,1651.7170661744,8.0,5.0,3.3166247903554003,0.00032549705635668343,15361.122020473642,10189.415620155423
3309,1652.2171101751,10.0,8.0,3.464101615137755,0.0003254942655373462,24578.005965153032,10642.588770094
3310,1652.71715431,9.0,5.0,3.605551275463989,0.0003254915183136807,15361.383380753507,11077.251088273426
3311,1653.2171985791,8.0,7.0,3.0000000000000004,0.0003254888146538916,21506.115371256143,9216.906587681206
3312,1653.7172429824,5.0,0.0,3.1622776601683795,0.00032548615452622406,0.0,9715.55200180903
3313,1654.2172875199,12.0,10.0,3.7416573867739413,0.00032548353789891985,30723.52004206596,11495.688571309334
3314,1654.7173321916,11.0,9.0,3.605551275463989,0.0003254809647402914,27651.38664001842,11077.610263140703
3315,1655.2173769975,6.0,2.0,3.1622776601683795,0.00032547843501861746,6144.800345637644,9715.78242960243
3316,1655.7174219376,19.0,16.0,4.69041575982343,0.0003254759487022907,49158.77828697882,14410.944275681955
3317,1656.2174670119,10.0,5.0,3.8729833462074175,0.00032547350575966327,15362.233519837124,11899.534916575707
3318,1656.7175122204,9.0,0.0,4.242640687119285,0.0003254711061591216,0.0,13035.383500509792
3319,1657.2175575631,9.0,4.0,3.7416573867739413,0.00032546874986912836,12289.96639956496,11496.210890533943
3320,1657.71760304,13.0,8.0,4.242640687119285,0.00032546643685812525,24580.107482748816,13035.570512509414
3321,1658.2176486511,8.0,0.0,4.0,0.00032546416709459323,0.0,12290.139451319186
3322,1658.7176943964,7.0,-3.0,4.123105625617661,0.00032546194054705347,-9217.667647889775,12668.472444696079
3323,1659.2177402758998,7.0,1.0,3.605551275463989,0.00032545975718403607,3072.576495024345,11078.3321005957
3324,1659.7177862896,25.0,19.0,5.5677643628300215,0.00032545761697414807,58379.33730556756,17107.494409240644
3325,1660.2178324375002,29.0,26.0,5.65685424949238,0.0003254555198859255,79888.02896664094,17381.343697827426
3326,1660.7178787196,35.0,34.0,6.0,0.00032545346588804246,104469.6202795891,18435.8153434569
3327,1661.2179251359,32.0,29.0,5.916079783099617,0.00032545145494913927,89106.991408387,18178.071393241018
3328,1661.7179716864,30.0,29.0,5.5677643628300215,0.00032544948703788957,89107.5302159679,17107.921765388463
3329,1662.2180183711,25.0,20.0,5.477225575051661,0.00032544756212300106,61453.83259144253,16829.825177739618
3330,1662.7180651899998,14.0,10.0,4.242640687119285,0.0003254456801732148,30727.09397979292,13036.401911560746
3331,1663.2181121431001,21.0,18.0,4.898979485566356,0.00032544384115731765,55309.08170205288,15053.225367992807
3332,1663.7181592303998,14.0,10.0,4.242640687119285,0.00032544204504406267,30727.437195910155,13036.547525827094
3333,1664.2182064519,9.0,5.0,3.605551275463989,0.00032544029180231,15363.801366787337,11078.994722799092
3334,1664.7182538076001,5.0,1.0,3.0,0.00032543858140084283,3072.776422806181,9218.329268418544
3335,1665.2183012975,10.0,6.0,3.7416573867739418,0.0003254369138085945,18436.753009306423,11497.335514233013
3336,1665.7183489216002,4.0,0.0,2.8284271247461903,0.0003254352889944523,0.0,8691.212110049953
3337,1666.2183966799,8.0,6.0,3.1622776601683795,0.0003254337069273306,18436.934688329013,9717.117781147717
3338,1666.7184445724001,8.0,7.0,3.0000000000000004,0.00032543216757619577,21509.8588813014,9218.510949129173
3339,1667.2184925990998,9.0,5.0,3.605551275463989,0.0003254306709100476,15364.255575597088,11079.322257429758
3340,1667.71854076,9.0,4.0,3.7416573867739413,0.0003254292168978828,12291.459378262183,11497.607444226634
3341,1668.2185890551,11.0,7.0,3.872983346207417,0.0003254278055087252,21510.147201641994,11901.205983775644
3342,1668.7186374844,7.0,0.0,3.7416573867739418,0.0003254264367116687,0.0,11497.705670695372
3343,1669.2186860479,8.0,8.0,2.8284271247461903,0.00032542511047577963,24583.228959510227,8691.483950365599
3344,1669.7187347456,3.0,2.0,1.9999999999999998,0.0003254238267702003,6145.831483360652,6145.831483360652
3345,1670.2187835775,12.0,9.0,3.8729833462074166,0.00032542258556407603,27656.347159800593,11901.396885204276
3346,1670.7188325436,8.0,5.0,3.3166247903554003,0.00032542138682656725,15364.693908900159,10191.784942896176
3347,1671.2188816439,5.0,1.0,3.0,0.0003254202305268981,3072.9497007019772,9218.84910210593
3348,1671.7189308784,10.0,10.0,3.1622776601683795,0.0003254191166342709,30729.602192481856,9717.553451914664
3349,1672.2189802471,6.0,2.0,3.1622776601683795,0.00032541804511796476,6145.94067540107,9717.585449270482
3350,1672.71902975,11.0,10.0,3.4641016151377544,0.00032541701594727284,30729.800563410903,10645.115176457279
3351,1673.2190793871,10.0,10.0,3.1622776601683795,0.0003254160290914854,30729.893754522658,9717.645651927482
3352,1673.7191291584002,6.0,1.0,3.3166247903554,0.00032541508451993853,3072.998295316359,10191.982326966121
3353,1674.2191790639,4.0,0.0,2.8284271247461903,0.00032541418220201964,0.0,8691.77583351386
3354,1674.7192291036001,5.0,0.0,3.1622776601683795,0.00032541332210707564,0.0,9717.726489168897
3355,1675.2192792775,10.0,6.0,3.7416573867739418,0.0003254125042045914,18438.135973495708,11498.19794392876
3356,1675.7193295856,8.0,3.0,3.6055512754639896,0.0003254117284639499,9219.089963846674,11079.967192588214
3357,1676.2193800279,13.0,8.0,4.242640687119285,0.0003254109948546716,24584.29532650793,13037.79145204988
3358,1676.7194306044,4.0,-2.0,3.1622776601683795,0.0003254103033462247,-6146.086892252065,9717.816638411205
3359,1677.2194813151,6.0,2.0,3.1622776601683795,0.0003254096539081531,6146.099158338125,9717.836032796165
3360,1677.71953216,10.0,8.0,3.464101615137755,0.0003254090465100035,24584.442521803307,10645.375880880016
3361,1678.2195831391,7.0,3.0,3.3166247903554,0.00032540848112133717,9219.181963734285,10192.1891492395
3362,1678.7196342524,14.0,10.0,4.242640687119285,0.0003254079577118041,30730.655975095877,13037.913138180713
3363,1679.2196854999002,9.0,7.0,3.3166247903554,0.0003254074762510076,21511.491010121885,10192.220623096793
3364,1679.7197368815998,6.0,0.0,3.4641016151377544,0.0003254070367086023,0.0,10645.441629585323
3365,1680.2197883975,5.0,3.0,2.6457513110645907,0.0003254066390543136,9219.234151824634,8130.600281400492
3366,1680.7198400476,11.0,6.0,4.0,0.0003254062832578067,18438.48846411621,12292.32564274414
3367,1681.2198918319,8.0,5.0,3.3166247903554003,0.0003254059692888485,15365.421878790801,10192.267823493365
3368,1681.7199437504,9.0,8.0,3.1622776601683795,0.0003254056971171895,24584.695568863786,9717.954197432313
3369,1682.2199958031,9.0,6.0,3.4641016151377544,0.00032540546671265655,18438.534732110667,10645.492991046358
3370,1682.72004799,7.0,6.0,2.8284271247461903,0.0003254052780450233,18438.54542264012,8692.013669043337
3371,1683.2201003111,7.0,3.0,3.3166247903554,0.0003254051310841766,9219.27687496714,10192.294077555425
3372,1683.7201527664001,16.0,12.0,4.47213595499958,0.00032540502579996857,36877.11943139005,13743.29097716109
3373,1684.2202053559,17.0,13.0,4.58257569495584,0.00032540496216231554,39950.22053018189,14082.68535459518
3374,1684.7202580796,10.0,7.0,3.6055512754639896,0.0003254049401411108,21511.6586643229,11080.198333499344
3375,1685.2203109375,8.0,6.0,3.1622776601683795,0.000325404959706337,18438.563460786598,9717.97621960707
3376,1685.7203639296,14.0,10.0,4.242640687119285,0.00032540502082796,30730.933329043346,13038.03080949494
3377,1686.2204170559,12.0,11.0,3.605551275463989,0.00032540512347596656,33804.01599857547,11080.192090860808
3378,1686.7204703164,9.0,6.0,3.4641016151377544,0.0003254052676204257,18438.546013332514,10645.499504262827
3379,1687.2205237111,7.0,5.0,3.0000000000000004,0.00032540545323138414,15365.446246669626,9219.267748001777
3380,1687.72057724,10.0,9.0,3.3166247903554003,0.000325405680278909,27657.783946137617,10192.276875783737
3381,1688.2206309031,8.0,6.0,3.1622776601683795,0.000325405948733113,18438.507419300433,9717.946683150447
3382,1688.7206847004,11.0,8.0,3.7416573867739413,0.00032540625856414165,24584.65315111049,11498.418633015977
3383,1689.2207386319,10.0,7.0,3.6055512754639896,0.00032540660974215513,21511.54829198658,11080.141483053916
3384,1689.7207926975998,7.0,5.0,3.0000000000000004,0.0003254070022373221,15365.373103905913,9219.22386234355
3385,1690.2208468975,15.0,12.0,4.242640687119285,0.0003254074360199052,36876.84629083264,13037.93404051087
3386,1690.7209012316,12.0,9.0,3.8729833462074166,0.0003254079110600895,27657.59434268354,11901.933587263757
3387,1691.2209556999,13.0,6.0,4.47213595499958,0.00032540842732817313,18438.36697550867,13743.147317108194
3388,1691.7210103024001,13.0,8.0,4.242640687119285,0.0003254089847944438,24584.44718437472,13037.871986845415
3389,1692.2210650391,18.0,17.0,4.358898943540673,0.00032540958342921003,52241.854160691,13395.115465273053
3390,1692.72111991,18.0,16.0,4.472135954999579,0.0003254102232028191,49168.707247490645,13743.071471396954
3391,1693.2211749151,16.0,12.0,4.47213595499958,0.00032541090408565784,36876.45327595182,13743.042715687181
3392,1693.7212300544,22.0,21.0,4.795831523312719,0.00032541162604811467,64533.65005740448,14737.738726653908
3393,1694.2212853279,12.0,9.0,3.8729833462074166,0.0003254123890605983,27657.213746474845,11901.769804732878
3394,1694.7213407356,13.0,10.0,3.9999999999999996,0.00032541319309355746,30730.161567619554,12292.06462704782
3395,1695.2213962775002,9.0,8.0,3.1622776601683795,0.00032541403811749115,24584.065414877983,9717.705107198342
3396,1695.7214519535999,5.0,2.0,2.8284271247461903,0.0003254149241028579,6145.99962037339,8691.756017471942
3397,1696.2215077639,7.0,7.0,2.6457513110645907,0.0003254158510202349,21510.937399188733,8130.370118018847
3398,1696.7215637084,6.0,6.0,2.449489742783178,0.0003254168188401279,18437.891505994055,7527.237687080253
3399,1697.2216197871,4.0,3.0,2.23606797749979,0.00032541782753314855,9218.91717716174,6871.375162358042
3400,1697.721676,9.0,9.0,3.0,0.00032541887706986244,27656.66233329125,9218.887444430417
3401,1698.2217323471,5.0,2.0,2.8284271247461903,0.0003254199674209219,6145.904370437891,8691.621313721345
3402,1698.7217888284001,13.0,12.0,3.7416573867739413,0.00032542109855698245,36875.29804678216,11497.894277186097
3403,1699.2218454439,5.0,4.0,2.4494897427831783,0.00032542227044871314,12291.72175120204,7527.111587678571
3404,1699.7219021936,11.0,7.0,3.872983346207417,0.00032542348306681,21510.432910469735,11901.364061708746
3405,1700.2219590775,9.0,7.0,3.3166247903554,0.0003254247363820383,21510.350066880663,10191.680040148478
3406,1700.7220160956,11.0,7.0,3.872983346207417,0.0003254260303651226,21510.264535833583,11901.270902828499
3407,1701.2220732479,7.0,3.0,3.3166247903554,0.00032542736498686304,9218.646993995435,10191.597717940182
3408,1701.7221305344,7.0,2.0,3.464101615137755,0.0003254287402180492,6145.738691241366,10644.731663271903
3409,1702.2221879550998,9.0,6.0,3.4641016151377544,0.00032543015602952814,18437.135861052735,10644.685352464498
3410,1702.72224551,5.0,2.0,2.8284271247461903,0.00032543161239214876,6145.684450562773,8691.310300051317
3411,1703.2223031991,9.0,6.0,3.4641016151377544,0.0003254331092767927,18436.968547342185,10644.588753848675
3412,1703.7223610224,13.0,11.0,3.8729833462074166,0.0003254346466543678,33800.94932449739,11900.95580179811
3413,1704.2224189799,6.0,1.0,3.3166247903554,0.00032543622449582717,3072.798676758316,10191.3202671079
3414,1704.7224770716,10.0,10.0,3.1622776601683795,0.0003254378427721132,30727.83396921196,9716.994290620203
3415,1705.2225352975001,15.0,12.0,4.242640687119285,0.00032543950145420115,36873.212828740616,13036.649417668643
3416,1705.7225936575999,5.0,3.0,2.6457513110645907,0.0003254412005131357,9218.255080394812,8129.736821560799
3417,1706.2226521519,8.0,5.0,3.3166247903554003,0.0003254429399199013,15363.676352083748,10191.109972063598
3418,1706.7227107804,5.0,3.0,2.6457513110645907,0.0003254447196456081,9218.155400606405,8129.648912250512
3419,1707.2227695431,4.0,3.0,2.23606797749979,0.0003254465396613121,9218.103849320567,6870.768943577756
3420,1707.72282844,9.0,8.0,3.1622776601683795,0.0003254483999381391,24581.469755330283,9716.679082673205
3421,1708.2228874711,6.0,2.0,3.1622776601683795,0.00032545030044719785,6145.331552165787,9716.62234087087
3422,1708.7229466364001,6.0,3.0,2.9999999999999996,0.000325452241159673,9217.942360176108,9217.942360176106
3423,1709.2230059359,7.0,5.0,3.0000000000000004,0.00032545422204675076,15363.14375814661,9217.886254887968
3424,1709.7230653696001,1.0,-3.0,2.23606797749979,0.000325456243079644,-9217.82901324113,6870.564092858992
3425,1710.2231249375,5.0,-1.0,3.3166247903554,0.0003254583042295604,-3072.590212031139,10190.62886782583
3426,1710.7231846396,13.0,9.0,4.123105625617661,0.00032546040546779055,27653.133372903307,12668.53219730812
3427,1711.2232444759,7.0,3.0,3.3166247903554,0.00032546254676562566,9217.650478721229,10190.496028852716
3428,1711.7233044464,7.0,3.0,3.3166247903554,0.0003254647280943528,9217.588700211762,10190.427730140713
3429,1712.2233645511,4.0,2.0,2.449489742783178,0.0003254669494253165,6145.017193086548,7526.078291845887
3430,1712.72342479,12.0,12.0,3.4641016151377544,0.0003254692107298748,36869.84699133177,10643.408042712856
3431,1713.2234851631001,4.0,2.0,2.449489742783178,0.00032547151197941213,6144.931050452462,7525.972789096582
3432,1713.7235456704,6.0,3.0,2.9999999999999996,0.00032547385314534545,9217.330274024509,9217.330274024509
3433,1714.2236063119,8.0,5.0,3.3166247903554003,0.0003254762341991058,15362.104739547023,10190.067482243569
3434,1714.7236670876,4.0,3.0,2.23606797749979,0.00032547865511216816,9217.194285647163,6870.090994843224
3435,1715.2237279975,7.0,5.0,3.0000000000000004,0.0003254811158559672,15361.874334401058,9217.124600640636
3436,1715.7237890416,12.0,10.0,3.7416573867739413,0.0003254836164020797,30723.51263188221,11495.685798672457
3437,1716.2238502199,6.0,4.0,2.8284271247461903,0.00032548615672198613,12289.309137705044,8689.85382736904
3438,1716.7239115324,3.0,0.0,2.449489742783178,0.0003254887367872792,0.0,7525.574515913354
3439,1717.2239729791,7.0,5.0,3.0000000000000004,0.00032549135656951644,15361.391014179299,9216.834608507581
3440,1717.72403456,12.0,9.0,3.8729833462074166,0.0003254940160403427,27650.27790521505,11898.785093878309
3441,1718.2240962751,6.0,5.0,2.6457513110645903,0.0003254967151713615,15361.138121985938,8128.35026513771
3442,1718.7241581244,9.0,8.0,3.1622776601683795,0.000325499453934209,24577.614196603186,9715.155039269433
3443,1719.2242201079,5.0,3.0,2.6457513110645907,0.0003255022323006021,9216.526654199693,8128.212492936862
3444,1719.7242822256,10.0,7.0,3.6055512754639896,0.00032550505024224767,21505.042686097968,11076.790583681153
3445,1720.2243444775002,6.0,1.0,3.3166247903554,0.00032550790773085993,3072.121986132611,10189.075938203285
3446,1720.7244068636,7.0,2.0,3.464101615137755,0.0003255108047382037,6144.189289226593,10642.048020260967
3447,1721.2244693839,6.0,3.0,2.9999999999999996,0.0003255137412360582,9216.200792655449,9216.200792655447
3448,1721.7245320384,7.0,4.0,3.1622776601683795,0.0003255167171962093,12288.155380938391,9714.639811454836
3449,1722.2245948271,4.0,3.0,2.23606797749979,0.0003255197325904945,9216.031163843501,6869.224055036857
3450,1722.72465775,9.0,7.0,3.3166247903554,0.00032552278739078893,21503.870915176594,10188.610195125308
3451,1723.2247208071,10.0,9.0,3.3166247903554003,0.00032552588156894513,27647.571236494245,10188.513350674859
3452,1723.7247839984,11.0,8.0,3.7416573867739413,0.0003255290150968786,24575.38231306101,11494.0825955573
3453,1724.2248473239,12.0,8.0,3.9999999999999996,0.0003255321879464811,24575.14278531263,12287.571392656313
3454,1724.7249107836,8.0,7.0,3.0000000000000004,0.00032553540008975674,21503.037758934843,9215.587610972076
3455,1725.2249743775,4.0,2.0,2.449489742783178,0.00032553865149862545,6143.663711798735,7524.420622580114
3456,1725.7250381056,7.0,5.0,3.0000000000000004,0.000325541942145131,15359.004025880427,9215.402415528257
3457,1726.2251019679,7.0,0.0,3.7416573867739418,0.0003255452720012697,0.0,11493.508610253595
3458,1726.7251659644,7.0,0.0,3.7416573867739418,0.0003255486410391005,0.0,11493.389666229768
3459,1727.2252300951,14.0,-1.0,5.385164807134504,0.00032555204923067775,-3071.7054380801205,16541.640023032738
3460,1727.7252943600001,24.0,3.0,6.708203932499369,0.0003255554965480999,9215.018735083033,20605.40830557979
3461,1728.2253587591,37.0,20.0,7.348469228349534,0.0003255589829635103,61432.80034217843,22571.852146291945
3462,1728.7254232924,58.0,49.0,8.18535277187245,0.0003255625084490166,150508.7309759239,25142.18486295477
3463,1729.2254879599002,57.0,53.0,7.810249675906654,0.00032556607297681356,162793.3755977534,23989.75300003969
3464,1729.7255527616,64.0,62.0,8.12403840463596,0.00032556967651907904,190435.42587531696,24953.30182926258
3465,1730.2256176975002,42.0,39.0,6.708203932499369,0.0003255733190480415,119788.6857376208,20604.28032651382
3466,1730.7256827676,33.0,28.0,6.164414002968976,0.00032557700053591226,86001.1608741125,18933.812870141668
3467,1731.2257479719,21.0,17.0,5.0,0.00032558072095497124,52214.3938687056,15357.174667266354
3468,1731.7258133103999,10.0,8.0,3.464101615137755,0.0003255844802774941,24571.195755957524,10639.639863009801
3469,1732.2258787831,9.0,3.0,3.872983346207417,0.00032558827847581855,9214.090918886719,11895.340226429753
3470,1732.72594439,6.0,4.0,2.8284271247461903,0.0003255921155222656,12285.309776570619,8687.025851990475
3471,1733.2260101310999,7.0,2.0,3.464101615137755,0.00032559599138916995,6142.58176664556,10639.263709476303
3472,1733.7260760064,7.0,4.0,3.1622776601683795,0.00032559990604894067,12285.015829822638,9712.15777836576
3473,1734.2261420159,9.0,6.0,3.4641016151377544,0.00032560385947397663,18427.300000968018,10639.006615996876
3474,1734.7262081596,10.0,6.0,3.7416573867739418,0.0003256078516367079,18427.074070358754,11491.2996353314
3475,1735.2262744375,10.0,8.0,3.464101615137755,0.0003256118825095907,24569.1279395013,10638.744472219074
3476,1735.7263408496,7.0,5.0,3.0000000000000004,0.0003256159520650948,15355.513046241776,9213.307827745068
3477,1736.2264073959,7.0,4.0,3.1622776601683795,0.0003256200602757283,12284.25544978059,9711.556645160708
3478,1736.7264740764,8.0,5.0,3.3166247903554003,0.00032562420711399967,15355.1237615744,10185.436825322584
3479,1737.2265408910998,6.0,4.0,2.8284271247461903,0.0003256283925524748,12283.941116576321,8686.058063227369
3480,1737.72660784,6.0,5.0,2.6457513110645903,0.0003256326165637202,15354.727216097514,8124.957932605828
3481,1738.2266749231,5.0,4.0,2.4494897427831783,0.00032563687912032235,12283.620979311761,7522.150898265106
3482,1738.7267421404,9.0,6.0,3.4641016151377544,0.00032564118019491156,18425.18810553603,10637.787312600718
3483,1739.2268094919,12.0,10.0,3.7416573867739413,0.00032564551976012546,30708.23761790466,11489.97041178424
3484,1739.7268769775999,3.0,-4.0,3.1622776601683795,0.00032564989778862785,-12283.129910872294,9710.666828524369
3485,1740.2269445975,8.0,5.0,3.3166247903554003,0.0003256543142531199,15353.704161627265,10184.495169247173
3486,1740.7270123515998,9.0,7.0,3.3166247903554,0.00032565876912627985,21494.891781297705,10184.355849694073
3487,1741.2270802399,12.0,8.0,3.9999999999999996,0.0003256632623808912,24565.25166981626,12282.62583490813
3488,1741.7271482624,7.0,4.0,3.1622776601683795,0.0003256677939896588,12282.454924379213,9710.133204847372
3489,1742.2272164191,10.0,2.0,4.242640687119286,0.0003256723639254299,6141.141286578267,13027.327943892516
3490,1742.72728471,7.0,4.0,3.1622776601683795,0.0003256769721609607,12282.108782389021,9709.859555576664
3491,1743.2273531351,8.0,5.0,3.3166247903554003,0.0003256816186690943,15352.416941529029,10183.641324029482
3492,1743.7274216944002,10.0,5.0,3.8729833462074175,0.00032568630342269354,15352.196108507289,11891.75997119181
3493,1744.2274903879,5.0,4.0,2.4494897427831783,0.0003256910263946223,12281.57878428439,7520.900314322027
3494,1744.7275592156,12.0,7.0,4.123105625617661,0.0003256957875577884,21492.448681909915,12659.376581240234
3495,1745.2276281774998,7.0,4.0,3.1622776601683795,0.00032570058688511267,12281.218275516821,9709.155548079618
3496,1745.7276972736,11.0,11.0,3.3166247903554,0.00032570542434953015,33772.84864680476,10182.897005719407
3497,1746.2277665039,8.0,7.0,3.0000000000000004,0.00032571029992402534,21491.491063171194,9210.63902707337
3498,1746.7278358684,7.0,5.0,3.0000000000000004,0.0003257152135815714,15350.833462827524,9210.500077696515
3499,1747.2279053671,8.0,2.0,3.7416573867739413,0.00032572016529519836,6140.240037602251,11487.337246629782
3500,1747.727975,5.0,3.0,2.6457513110645907,0.00032572515503794886,9210.218964054166,8122.6496331127555
3501,1748.2280447671,5.0,3.0,2.6457513110645907,0.0003257301827828668,9210.076801509713,8122.524257533299
3502,1748.7281146684,7.0,6.0,2.8284271247461903,0.00032573524850305885,18419.867139259437,8683.208641817066
3503,1749.2281847039,4.0,2.0,2.449489742783178,0.00032574035217161374,6139.859512850026,7519.761449427928
3504,1749.7282548736,6.0,4.0,2.8284271247461903,0.0003257454937616825,12279.525201740553,8682.935539901853
3505,1750.2283251775,11.0,8.0,3.7416573867739413,0.0003257506732463869,24558.65991088549,11486.26140810422
3506,1750.7283956156,3.0,0.0,2.449489742783178,0.0003257558905989167,0.0,7519.402759777212
3507,1751.2284661879,14.0,11.0,4.123105625617661,0.00032576114579248744,33767.07180115056,12656.836700359941
3508,1751.7285368944001,11.0,8.0,3.7416573867739413,0.00032576643880030345,24557.47138797205,11485.705527411918
3509,1752.2286077351,9.0,7.0,3.3166247903554,0.0003257717695956187,21487.43584715495,10180.823201692197
3510,1752.72867871,12.0,10.0,3.7416573867739413,0.0003257771381517006,30695.831072539608,11485.32830757329
3511,1753.2287498191,5.0,5.0,2.23606797749979,0.0003257825444418357,15347.660840965304,6863.682587202002
3512,1753.7288210624001,6.0,0.0,3.4641016151377544,0.000325787988439348,0.0,10632.99365864333
3513,1754.2288924399,10.0,6.0,3.7416573867739418,0.0003257934701175576,18416.57537775386,11484.75255020864
3514,1754.7289639516,5.0,2.0,2.8284271247461903,0.00032579898944983264,6138.754461385354,8681.509815369513
3515,1755.2290355975001,7.0,1.0,3.605551275463989,0.00032580454640956214,3069.3248790424204,11066.608232444754
3516,1755.7291073776,6.0,4.0,2.8284271247461903,0.0003258101409701289,12277.088699847222,8681.212672890706
3517,1756.2291792919,6.0,-2.0,3.7416573867739413,0.00032581577310498435,-6138.438237474648,11483.966387251316
3518,1756.7292513404,9.0,7.0,3.3166247903554,0.0003258214427875687,21484.15997459046,10179.271081669709
3519,1757.2293235231,4.0,1.0,2.6457513110645907,0.0003258271499913595,3069.1119510038334,8120.106968172396
3520,1757.7293958399998,12.0,7.0,4.123105625617661,0.00032583289468983526,21483.404880478363,12654.04964573175
3521,1758.2294682911,9.0,8.0,3.1622776601683795,0.00032583867685654266,24552.027025085696,9705.040821659852
3522,1758.7295408764,7.0,2.0,3.464101615137755,0.000325844496465005,6137.897130985595,10631.149682498295
3523,1759.2296135959,6.0,5.0,2.6457513110645903,0.00032585035348878266,15344.467012131458,8119.528742986832
3524,1759.7296864496002,8.0,3.0,3.6055512754639896,0.00032585624790147454,9206.513667668192,11064.852365679235
3525,1760.2297594375,8.0,-2.0,4.242640687119286,0.00032586217967666054,-6137.564052338067,13019.739484125103
3526,1760.7298325596,14.0,-4.0,5.65685424949238,0.0003258681487880086,-12274.903254205965,17359.33465891571
3527,1761.2299058158999,12.0,-31.0,7.416198487095662,0.0003258741552091555,-95128.74680136355,22757.860261534795
3528,1761.7299792064,32.0,-25.0,9.433981132056603,0.0003258801989137584,-76715.30851930052,28949.230924439293
3529,1762.2300527311,70.0,-2.0,11.916375287812984,0.0003258862798755479,-6137.110162366382,36566.05393870434
3530,1762.73012639,125.0,61.0,13.74772708486752,0.00032589239806820686,187178.34586381837,42184.86582184781
3531,1763.2302001831001,182.0,139.0,15.0,0.00032589855346552854,426513.09286864486,46026.592755609156
3532,1763.7302741104,248.0,228.0,16.3707055437449,0.0003259047460412405,699590.916577657,50231.5653349624
3533,1764.2303481719,278.0,269.0,16.941074346097416,0.0003259109757691435,825378.7690493249,51980.6806325464
3534,1764.7304223675999,293.0,286.0,17.320508075688775,0.00032591724262304,877523.3789357725,53143.883816303314
3535,1765.2304966975,211.0,205.0,14.730919862656235,0.0003259235465767567,628981.8644683943,45197.47044169767
3536,1765.7305711616,133.0,129.0,11.704699910719626,0.0003259298876041773,395790.6436511368,35911.710941140496
3537,1766.2306457599,61.0,59.0,7.937253933193771,0.00032593626567914235,181016.98464595125,24352.165650100902
3538,1766.7307204924,22.0,21.0,4.795831523312719,0.000325942680775585,64428.50611043088,14713.726695445264
3539,1767.2307953591,11.0,9.0,3.605551275463989,0.00032594913286738514,27611.670326675536,11061.699240448463
3540,1767.7308703600002,7.0,7.0,2.6457513110645907,0.0003259556219285073,21475.316052488055,8116.906514485246
3541,1768.2309454951,8.0,2.0,3.7416573867739413,0.0003259621479329366,6135.681743057724,11478.809458402973
3542,1768.7310207644,2.0,-3.0,2.6457513110645907,0.00032596871085462125,-9203.337314598792,8116.580588756475
3543,1769.2310961679,6.0,2.0,3.1622776601683795,0.0003259753106676084,6135.4339870216945,9700.972916298258
3544,1769.7311717056,7.0,1.0,3.605551275463989,0.00032598194734590895,3067.654537749205,11060.58573126454
3545,1770.2312473774998,5.0,3.0,2.6457513110645907,0.00032598862086357706,9202.775213603145,8116.084862274413
3546,1770.7313231836001,10.0,7.0,3.6055512754639896,0.0003259953311946865,21472.700159069318,11060.13163516974
3547,1771.2313991238998,8.0,6.0,3.1622776601683795,0.0003260020783133483,18404.790641343367,9700.17638086603
3548,1771.7314751984,10.0,10.0,3.1622776601683795,0.0003260088621936732,30674.01276367532,9699.97453102902
3549,1772.2315514071001,10.0,9.0,3.3166247903554003,0.0003260156828097984,27606.033925830223,10173.206275755636
3550,1772.73162775,6.0,4.0,2.8284271247461903,0.00032602254013589747,12269.090346736952,8675.55698316811
3551,1773.2317042271002,9.0,8.0,3.1622776601683795,0.000326029434146151,24537.661824771923,9699.36247765534
3552,1773.7317808384,4.0,0.0,2.8284271247461903,0.0003260363648147643,0.0,8675.189119941098
3553,1774.2318575839001,6.0,3.0,2.9999999999999996,0.00032604333211596855,9201.230954580438,9201.230954580436
3554,1774.7319344635998,9.0,6.0,3.4641016151377544,0.0003260503360240131,18402.06660470397,10624.43810787126
3555,1775.2320114775,9.0,9.0,3.0,0.00032605737651316053,27602.503879058037,9200.834626352678
3556,1775.7320886256,9.0,8.0,3.1622776601683795,0.00032606445355774083,24535.02647317343,9698.320763469515
3557,1776.2321659079,4.0,3.0,2.23606797749979,0.0003260715671320238,9200.434206473832,6857.598769396608
3558,1776.7322433244,5.0,4.0,2.4494897427831783,0.000326078717210402,12266.976619081224,7511.958350850133
3559,1777.2323208751,4.0,2.0,2.449489742783178,0.00032608590376717063,6133.3531345409665,7511.792795962575
3560,1777.73239856,10.0,6.0,3.7416573867739418,0.0003260931267767535,18399.651839664984,11474.198869991873
3561,1778.2324763791,10.0,8.0,3.464101615137755,0.0003261003862135636,24532.322984618575,10622.807459262283
3562,1778.7325543324,7.0,5.0,3.0000000000000004,0.0003261076820519889,15332.358834781719,9199.415300869034
3563,1779.2326324198998,7.0,3.0,3.3166247903554,0.00032611501426648614,9199.20846560146,10170.107616220354
3564,1779.7327106416,5.0,3.0,2.6457513110645907,0.00032612238283156054,9199.000614286186,8112.755978577217
3565,1780.2327889975002,8.0,6.0,3.1622776601683795,0.0003261297877216515,18397.583495565083,9696.377881517992
3566,1780.7328674876,7.0,6.0,2.8284271247461903,0.0003261372289113018,18397.16373389496,8672.506153890901
3567,1781.2329461119,6.0,2.0,3.1622776601683795,0.00032614470637503117,6132.247315092755,9695.934345572674
3568,1781.7330248704,12.0,9.0,3.8729833462074166,0.00032615222008740193,27594.477197144908,11874.77229242695
3569,1782.2331037631,4.0,-3.0,3.3166247903554,0.0003261597700229837,-9197.946147032779,10168.712070534282
3570,1782.73318279,13.0,10.0,3.9999999999999996,0.0003261673561563641,30659.107391501242,12263.642956600495
3571,1783.2332619511,5.0,2.0,2.8284271247461903,0.00032617497846219255,6131.678185216231,8671.50244964004
3572,1783.7333412464,9.0,9.0,3.0,0.00032618263691508865,27591.903987037993,9197.301329012664
3573,1784.2334206759,4.0,0.0,2.8284271247461903,0.000326190331489703,0.0,8671.094301994897
3574,1784.7335002396,13.0,10.0,3.9999999999999996,0.0003261980621607348,30656.221357539758,12262.488543015901
3575,1785.2335799375,9.0,8.0,3.1622776601683795,0.00032620582890289677,24524.393162764107,9694.117578474386
3576,1785.7336597696,4.0,2.0,2.449489742783178,0.0003262136316909138,6130.951639369235,7508.851577067326
3577,1786.2337397359,7.0,4.0,3.1622776601683795,0.00032622147049950504,12261.608636228832,9693.652767018526
3578,1786.7338198364,12.0,7.0,4.123105625617661,0.0003262293453034635,21457.297146240766,12638.67179631644
3579,1787.2339000711,2.0,-1.0,2.23606797749979,0.00032623725607757625,-3065.2538340446595,6854.1159412157185
3580,1787.73398044,13.0,12.0,3.7416573867739413,0.0003262452027966617,36782.15004276774,11468.850284079113
3581,1788.2340609430998,4.0,0.0,2.8284271247461903,0.0003262531854355076,0.0,8669.423781933625
3582,1788.7341415804,9.0,7.0,3.3166247903554,0.00032626120396903085,21455.20188990797,10165.550638592686
3583,1789.2342223519001,5.0,4.0,2.4494897427831783,0.0003262692583720809,12259.812707939396,7507.571369135104
3584,1789.7343032576,6.0,4.0,2.8284271247461903,0.00032627734861954467,12259.508718345616,8668.781748757787
3585,1790.2343842975001,6.0,2.0,3.1622776601683795,0.00032628547468633375,6129.601699011117,9691.751259256498
3586,1790.7344654715998,9.0,8.0,3.1622776601683795,0.00032629363654739657,24517.79349622082,9691.508831215086
3587,1791.2345467799,6.0,6.0,2.449489742783178,0.00032630183417771836,18387.883154625895,7506.821863125286
3588,1791.7346282223998,6.0,3.0,2.9999999999999996,0.0003263100675522243,9193.709598064623,9193.70959806462
3589,1792.2347097991,4.0,-1.0,3.0,0.00032631833664597957,-3064.4922080639703,9193.476624191911
3590,1792.73479151,4.0,0.0,2.8284271247461903,0.0003263266414339401,0.0,8667.472298055574
3591,1793.2348733551,4.0,3.0,2.23606797749979,0.0003263349818911841,9193.007696000994,6852.063375312314
3592,1793.7349553344002,8.0,7.0,3.0000000000000004,0.0003263433579928145,21449.800734581295,9192.771743391986
3593,1794.2350374479,4.0,2.0,2.449489742783178,0.0003263517697138556,6128.356533055098,7505.673233918371
3594,1794.7351196956001,6.0,4.0,2.8284271247461903,0.0003263602170294164,12256.39582057105,8666.58059763225
3595,1795.2352020775,7.0,3.0,3.3166247903554,0.0003263686999146621,9192.057941783116,10162.20241470037
3596,1795.7352845936,5.0,3.0,2.6457513110645907,0.000326377218344715,9191.818029503034,8106.421534208265
3597,1796.2353672438999,6.0,3.0,2.9999999999999996,0.00032638577229477083,9191.577129442368,9191.577129442367
3598,1796.7354500284,9.0,6.0,3.4641016151377544,0.00032639436173998923,18382.670484913866,10613.239752889209
3599,1797.2355329471002,11.0,5.0,4.123105625617661,0.00032640298665558465,15318.487282335815,12631.948217950277
3600,1797.735616,8.0,4.0,3.464101615137755,0.0003264116470168209,12254.464681506506,10612.677723963814
3601,1798.2356991871002,8.0,7.0,3.0000000000000004,0.0003264203427988947,21444.74189316274,9190.60366849832
3602,1798.7357825084,9.0,7.0,3.3166247903554,0.0003264290739771373,21444.16829883931,10160.32288406912
3603,1799.2358659639,6.0,2.0,3.1622776601683795,0.0003264378405268127,6126.740689046206,9687.22760530772
3604,1799.7359495536,3.0,-1.0,2.6457513110645907,0.00032644664242323444,-3063.2877476604926,8104.697574540845
3605,1800.2360332775,6.0,5.0,2.6457513110645903,0.00032645547964174686,15316.0241190836,8104.478178672464
3606,1800.7361171356,13.0,7.0,4.358898943540673,0.0003264643521577058,21441.85101293539,13351.83738969151
3607,1801.2362011279,8.0,8.0,2.8284271247461903,0.0003264732599464866,24504.303970595658,8663.579752932315
3608,1801.7362852544002,8.0,5.0,3.3166247903554003,0.0003264822029834882,15314.770466226222,10158.669477377724
3609,1802.2363695151,6.0,4.0,2.8284271247461903,0.00032649118124412267,12251.479457293935,8663.104203820225
3610,1802.7364539100001,7.0,3.0,3.3166247903554,0.0003265001947038447,9188.355929530702,10158.10968616352
3611,1803.2365384391,6.0,1.0,3.3166247903554,0.00032650924333809067,3062.700430090212,10157.828171869342
3612,1803.7366231024,5.0,2.0,2.8284271247461903,0.0003265183271223643,6125.230450695316,8662.383976033982
3613,1804.2367078999,8.0,1.0,3.8729833462074175,0.00032652744603215117,3062.529695900467,11861.126509488175
3614,1804.7367928316,8.0,2.0,3.7416573867739413,0.00032653660004297954,6124.887684065906,11458.615623122967
3615,1805.2368778974999,7.0,6.0,2.8284271247461903,0.00032654578913037815,18374.145984177467,8661.655482615639
3616,1805.7369630976,7.0,5.0,3.0000000000000004,0.0003265550132699242,15311.3558108725,9186.8134865235
3617,1806.2370484319001,9.0,8.0,3.1622776601683795,0.0003265642724372074,24497.47469401528,9683.477119428091
3618,1806.7371339004,5.0,-1.0,3.3166247903554,0.00032657356660781734,-3062.0971880461516,10155.827444351426
3619,1807.2372195031,10.0,9.0,3.3166247903554003,0.0003265828957573808,27558.087447072307,10155.537333526887
3620,1807.7373052399998,8.0,8.0,2.8284271247461903,0.0003265922598615056,24495.375375376236,8660.423017819254
3621,1808.2373911111001,5.0,2.0,2.8284271247461903,0.00032660165889592847,6123.667610143093,8660.173785729201
3622,1808.7374771164,6.0,3.0,2.9999999999999996,0.00032661109283629397,9185.236098223028,9185.236098223028
3623,1809.2375632559,6.0,4.0,2.8284271247461903,0.000326620561658296,12246.6264208581,8659.672588847101
3624,1809.7376495295998,9.0,6.0,3.4641016151377544,0.0003266300653376896,18369.405136654652,10605.581000500857
3625,1810.2377359375,4.0,0.0,2.8284271247461903,0.00032663960385020464,0.0,8659.167753715785
3626,1810.7378224796,8.0,7.0,3.0000000000000004,0.0003266491771715906,21429.718760083888,9184.165182893095
3627,1811.2379091559,5.0,3.0,2.6457513110645907,0.0003266587852776625,9183.89504647786,8099.434119966134
3628,1811.7379959664001,10.0,7.0,3.6055512754639896,0.0003266684281442246,21428.4558803751,11037.342347244323
3629,1812.2380829111,8.0,6.0,3.1622776601683795,0.0003266781057470806,18366.703781015847,9680.102842939421
3630,1812.73816999,5.0,3.0,2.6457513110645907,0.0003266878180621007,9183.078872655498,8098.7143223126095
3631,1813.2382572031,3.0,0.0,2.449489742783178,0.0003266975650651377,0.0,7497.728800931813
3632,1813.7383445504,6.0,3.0,2.9999999999999996,0.0003267073467320745,9182.529961471097,9182.529961471095
3633,1814.2384320319,4.0,2.0,2.449489742783178,0.00032671716303886086,6121.502713226342,7497.279053233659
3634,1814.7385196476,11.0,7.0,3.872983346207417,0.0003267270139613492,21424.61351796298,11853.88162200013
3635,1815.2386073975001,5.0,1.0,3.0,0.0003267368994755505,3060.5664729178507,9181.699418753553
3636,1815.7386952816,4.0,1.0,2.6457513110645907,0.00032674681955740837,3060.47355366623,8097.251917090935
3637,1816.2387832999,10.0,7.0,3.6055512754639896,0.00032675677418292104,21422.662215661807,11034.358153644805
3638,1816.7388714524,6.0,4.0,2.8284271247461903,0.0003267667633280814,12241.147047087856,8655.798086497505
3639,1817.2389597391,6.0,3.0,2.9999999999999996,0.0003267767869689179,9180.578669088118,9180.578669088118
3640,1817.7390481599998,6.0,1.0,3.3166247903554,0.00032678684508149005,3060.098700578453,10149.199211272844
3641,1818.2391367151,4.0,-1.0,3.0,0.0003267969376418691,-3060.0041947023446,9180.012584107033
3642,1818.7392254044,5.0,2.0,2.8284271247461903,0.0003268070646261447,6119.818744701638,8654.730668022148
3643,1819.2393142279,6.0,5.0,2.6457513110645903,0.00032681722601038784,15299.071169036468,8095.507520709742
3644,1819.7394031856002,9.0,4.0,3.7416573867739413,0.0003268274217707552,12238.87511741808,11448.419372222786
3645,1820.2394922775,10.0,6.0,3.7416573867739418,0.0003268376518834088,18357.73805565202,11448.061033398579
3646,1820.7395815036,6.0,3.0,2.9999999999999996,0.00032684791632449296,9178.580771558645,9178.580771558643
3647,1821.2396708638998,6.0,5.0,2.6457513110645903,0.00032685821507019393,15297.152616850191,8094.492318317305
3648,1821.7397603584,3.0,1.0,2.23606797749979,0.00032686854809674086,3059.333808109422,6840.878360795966
3649,1822.2398499871,5.0,2.0,2.8284271247461903,0.00032687891538031393,6118.473556708481,8652.828284918283
3650,1822.73993975,6.0,6.0,2.449489742783178,0.00032688931689723314,18354.836606319164,7493.33066627333
3651,1823.2400296471,8.0,4.0,3.464101615137755,0.00032689975262369656,12236.167105958357,10596.831558711452
3652,1823.7401196783999,4.0,0.0,2.8284271247461903,0.00032691022253602436,0.0,8651.999630982808
3653,1824.2402098439002,6.0,2.0,3.1622776601683795,0.00032692072661051136,6117.691040075202,9672.918853921035
3654,1824.7403001436,7.0,4.0,3.1622776601683795,0.00032693126482349547,12234.987688190455,9672.60705969996
3655,1825.2403905775,5.0,1.0,3.0,0.0003269418371513144,3058.6480112582917,9175.944033774875
3656,1825.7404811456,9.0,7.0,3.3166247903554,0.0003269524435703236,21409.841515664903,10144.058732633492
3657,1826.2405718479001,9.0,3.0,3.872983346207417,0.000326963084056927,9175.347757233887,11845.323019809473
3658,1826.7406626844,7.0,4.0,3.1622776601683795,0.00032697375858749256,12233.397619673717,9671.350000162805
3659,1827.2407536551,8.0,5.0,3.3166247903554003,0.0003269844671384968,15291.246228776401,10143.065263557668
3660,1827.74084476,2.0,1.0,1.7320508075688774,0.00032699520968634306,3058.1487752044122,5296.869055758576
3661,1828.2409359991,7.0,5.0,3.0000000000000004,0.00032700598620752645,15290.2399677383,9174.14398064298
3662,1828.7410273724001,6.0,5.0,2.6457513110645903,0.0003270167966784924,15289.734505337246,8090.5670226651055
3663,1829.2411188799,4.0,1.0,2.6457513110645907,0.00032702764107575945,3057.845498045651,8090.298735487237
3664,1829.7412105216001,7.0,3.0,3.3166247903554,0.0003270385193758583,9173.231354292444,10141.388839103918
3665,1830.2413022975,7.0,4.0,3.1622776601683795,0.000327049431555331,12230.567046019372,9669.112235204659
3666,1830.7413942076,6.0,4.0,2.8284271247461903,0.000327060377590726,12230.157714198831,8648.02745469096
3667,1831.2414862519,9.0,4.0,3.7416573867739413,0.0003270713574586217,12229.747144722223,11439.880935606856
3668,1831.7415784304,10.0,10.0,3.1622776601683795,0.00032708237113562665,30573.33834679045,9668.138485082469
3669,1832.2416707431,4.0,-3.0,3.3166247903554,0.0003270934185983555,-9171.691722980704,10139.686712645078
3670,1832.74176319,7.0,6.0,2.8284271247461903,0.0003271044998234464,18342.76203243453,8646.86094588373
3671,1833.2418557711,6.0,5.0,2.6457513110645903,0.00032711561478756173,15285.11564098566,8088.1229493823375
3672,1833.7419484864,5.0,0.0,3.1622776601683795,0.00032712676346737,0.0,9666.826482339493
3673,1834.2420413359,5.0,5.0,2.23606797749979,0.00032713794583957574,15284.072250218065,6835.244904901154
3674,1834.7421343196,5.0,2.0,2.8284271247461903,0.0003271491618809016,6113.4192993228535,8645.680485575804
3675,1835.2422274375,6.0,2.0,3.1622776601683795,0.00032716041156805715,6113.20908423528,9665.832259507812
3676,1835.7423206895999,9.0,7.0,3.3166247903554,0.0003271716948778191,21395.493893853258,10137.26077860733
3677,1836.2424140759,6.0,2.0,3.1622776601683795,0.0003271830117869394,6112.786813339789,9665.164590598137
3678,1836.7425075964002,15.0,14.0,4.0,0.0003271943622722428,42788.02331059503,12225.149517312866
3679,1837.2426012511,10.0,8.0,3.464101615137755,0.0003272057463105168,24449.448367596928,10586.921697427459
3680,1837.7426950400002,8.0,7.0,3.0000000000000004,0.0003272171638786098,21392.520847704807,9168.22322044492
3681,1838.2427889630999,5.0,2.0,2.8284271247461903,0.0003272286149533453,6111.934924411028,8643.581262443855
3682,1838.7428830204,10.0,7.0,3.6055512754639896,0.00032724009951162536,21391.02148681299,11018.06068646517
3683,1839.2429772118999,13.0,10.0,3.9999999999999996,0.0003272516175303219,30557.526576850116,12223.010630740046
3684,1839.7430715376,5.0,4.0,2.4494897427831783,0.0003272631689863483,12222.579193342894,7484.7705911121275
3685,1840.2431659975,9.0,6.0,3.4641016151377544,0.0003272747538566117,18333.219807809463,10584.689391151373
3686,1840.7432605916,11.0,10.0,3.4641016151377544,0.00032728637211808004,30554.2816686304,10584.313647767643
3687,1841.2433553199,3.0,2.0,1.9999999999999998,0.0003272980237477021,6110.638790601746,6110.638790601745
3688,1841.7434501824,7.0,4.0,3.1622776601683795,0.00032730970872249347,12220.841280914656,9661.423342774984
3689,1842.2435451791,9.0,8.0,3.1622776601683795,0.0003273214270194023,24440.80753541928,9661.077458216423
3690,1842.7436403099998,9.0,7.0,3.3166247903554,0.00032733317861551644,21384.93882473844,10132.259749480168
3691,1843.2437355751001,5.0,2.0,2.8284271247461903,0.00032734496348782574,6109.762553516061,8640.509066061688
3692,1843.7438309744,10.0,7.0,3.6055512754639896,0.0003273567816134166,21383.396933155538,11014.133440870244
3693,1844.2439265079,6.0,0.0,3.4641016151377544,0.00032736863296936385,0.0,10581.654032388422
3694,1844.7440221756,9.0,4.0,3.7416573867739413,0.00032738051753274073,12218.198047169888,11429.077744065038
3695,1845.2441179775,12.0,1.0,4.795831523312719,0.0003273924352807061,3054.438320001501,14648.57158107754
3696,1845.7442139136,25.0,17.0,5.744562646538029,0.000327404386190369,51923.556058028385,17545.771800374896
3697,1846.2443099839,26.0,22.0,5.477225575051661,0.00032741637023887496,67192.73072372447,16728.624689888326
3698,1846.7444061884,45.0,37.0,7.280109889280519,0.00032742838740343555,113001.80871126195,22234.20500284983
3699,1847.2445025271,32.0,30.0,5.830951894845301,0.0003274404376611894,91619.71628880405,17807.671943313027
3700,1847.744599,34.0,32.0,6.0,0.00032745252098941393,97724.09112414351,18323.267085776908
3701,1848.2446956070999,33.0,33.0,5.744562646538029,0.00032746463736528904,100774.24013020458,17542.54350258263
3702,1848.7447923484,29.0,29.0,5.385164807134504,0.00032747678676606104,88555.89517163753,16444.416901468787
3703,1849.2448892239001,18.0,16.0,4.472135954999579,0.0003274889691690245,48856.60741672809,13655.836916728049
3704,1849.7449862336,8.0,4.0,3.464101615137755,0.00032750118455146103,12213.696281673969,10577.371254037196
3705,1850.2450833775001,9.0,6.0,3.4641016151377544,0.000327513432890652,18319.859271247784,10576.975681770968
3706,1850.7451806556,6.0,5.0,2.6457513110645903,0.0003275257141639388,15265.97694096566,8077.99570124834
3707,1851.2452780679,5.0,2.0,2.8284271247461903,0.00032753802834868066,6106.161199306298,8635.41598209533
3708,1851.7453756144,5.0,1.0,3.0,0.0003275503754222117,3052.9655132008393,9158.896539602518
3709,1852.2454732951,3.0,1.0,2.23606797749979,0.0003275627553619146,3052.8501291153475,6826.380413820927
3710,1852.74557111,3.0,1.0,2.23606797749979,0.00032757516814520157,3052.73444767565,6826.121742258028
3711,1853.2456690591,6.0,3.0,2.9999999999999996,0.00032758761374946613,9157.855407482997,9157.855407482995
3712,1853.7457671424002,7.0,5.0,3.0000000000000004,0.00032760009215218003,15262.510969250126,9157.506581550077
3713,1854.2458653598999,9.0,6.0,3.4641016151377544,0.00032761260333077224,18314.31373213116,10573.773963269183
3714,1854.7459637116,5.0,3.0,2.6457513110645907,0.00032762514726270123,9156.806261866388,8075.54405749915
3715,1855.2460621975,14.0,13.0,3.872983346207417,0.000327637723925492,39677.970669080605,11820.93227789658
3716,1855.7461608176,7.0,3.0,3.3166247903554,0.00032765033329662,9156.102390666934,10122.452057306098
3717,1856.2462595718998,7.0,4.0,3.1622776601683795,0.000327662975353664,12207.665500450847,9651.006973720989
3718,1856.7463584604,11.0,11.0,3.3166247903554,0.00032767565007410407,33569.78157367611,10121.669979460918
3719,1857.2464574831001,5.0,4.0,2.4494897427831783,0.0003276883574355543,12206.719919204546,7475.0588087796605
3720,1857.7465566399999,10.0,9.0,3.3166247903554003,0.0003277010974155847,27464.052061401428,10120.88399005059
3721,1858.2466559311001,7.0,7.0,2.6457513110645907,0.00032771386999176535,21360.09684355408,8073.357746899977
3722,1858.7467553564,7.0,4.0,3.1622776601683795,0.00032772667514178083,12205.292713110775,9649.131120621529
3723,1859.2468549159,7.0,4.0,3.1622776601683795,0.0003277395128432303,12204.814626405285,9648.75315989443
3724,1859.7469546096,10.0,7.0,3.6055512754639896,0.00032775238307377247,21357.58689029699,11000.839236163329
3725,1860.2470544375,5.0,2.0,2.8284271247461903,0.00032776528581106583,6101.927466329862,8629.428579500589
3726,1860.7471543995998,6.0,3.0,2.9999999999999996,0.0003277782210328476,9152.529995882067,9152.529995882065
3727,1861.2472544959,5.0,3.0,2.6457513110645907,0.0003277911887167923,9152.167914409572,8071.4534195441365
3728,1861.7473547264,6.0,2.0,3.1622776601683795,0.00032780418884065417,6101.2033039400885,9646.849454097624
3729,1862.2474550911,5.0,5.0,2.23606797749979,0.0003278172213821678,15252.401868695675,6821.081479709671
3730,1862.74755559,5.0,1.0,3.0,0.00032783028631909125,3050.358803721561,9151.076411164682
3731,1863.2476562231,5.0,4.0,2.4494897427831783,0.0003278433836292493,12200.947768778246,7471.524102963905
3732,1863.7477569904001,8.0,6.0,3.1622776601683795,0.0003278565132903808,18300.68873661763,9645.309859583502
3733,1864.2478578919,4.0,-1.0,3.0,0.0003278696752803872,-3049.992345723407,9149.977037170222
3734,1864.7479589276,7.0,5.0,3.0000000000000004,0.00032788286957703065,15249.34805667038,9149.608834002229
3735,1865.2480600975,6.0,4.0,2.8284271247461903,0.0003278960961582177,12198.986346180542,8625.985968986366
3736,1865.7481614016,3.0,1.0,2.23606797749979,0.00032790935500179346,3049.6232716341096,6819.164941139175
3737,1866.2482628399,7.0,6.0,2.8284271247461903,0.0003279226460856875,18296.99800126697,8625.28757470172
3738,1866.7483644124,10.0,6.0,3.7416573867739418,0.00032793596938778013,18296.254635322042,11409.719384424949
3739,1867.2484661191002,6.0,4.0,2.8284271247461903,0.0003279493248860174,12197.006355754038,8624.5859043291
3740,1867.74856796,10.0,7.0,3.6055512754639896,0.000327962712558363,21343.88981416388,10993.784163260203
3741,1868.2486699351,4.0,0.0,2.8284271247461903,0.00032797613238273195,0.0,8623.88096413539
3742,1868.7487720443999,4.0,3.0,2.23606797749979,0.00032798958433715835,9146.631915348069,6817.496909295795
3743,1869.2488742879,4.0,3.0,2.23606797749979,0.00032800306839962884,9146.255901316425,6817.216644984044
3744,1869.7489766656,6.0,3.0,2.9999999999999996,0.0003280165845481521,9145.879023563843,9145.87902356384
3745,1870.2490791774999,11.0,10.0,3.4641016151377544,0.0003280301327607915,30485.004276397594,10560.315255135027
3746,1870.7491818236,8.0,3.0,3.6055512754639896,0.00032804371301558524,9145.122680212655,10991.069581305133
3747,1871.2492846039,10.0,9.0,3.3166247903554003,0.0003280573252906064,27434.22964881957,10109.89401750868
3748,1871.7493875184,9.0,6.0,3.4641016151377544,0.000328070969563953,18288.72578385934,10559.000754446439
3749,1872.2494905670999,8.0,5.0,3.3166247903554003,0.0003280846458137269,15239.969513351734,10109.052138448578
3750,1872.74959375,8.0,5.0,3.3166247903554003,0.0003280983540180844,15239.33277557499,10108.629774389516
3751,1873.2496970671,9.0,7.0,3.3166247903554,0.00032811209415513896,21334.172451108243,10108.206461866119
3752,1873.7498005184,9.0,9.0,3.0,0.00032812586620306296,27428.499021257554,9142.833007085852
3753,1874.2499041038998,8.0,6.0,3.1622776601683795,0.0003281396701400465,18284.896786296104,9636.986770964795
3754,1874.7500078236,5.0,1.0,3.0,0.0003281535059442795,3047.3543079250235,9142.06292377507
3755,1875.2501116775002,4.0,0.0,2.8284271247461903,0.0003281673735939869,0.0,8618.855353504941
3756,1875.7502156655999,5.0,1.0,3.0,0.0003281812730673922,3047.09647401072,9141.28942203216
3757,1876.2503197879,5.0,2.0,2.8284271247461903,0.0003281952043427678,6093.934260877242,8618.124479942659
3758,1876.7504240444,11.0,8.0,3.7416573867739413,0.00032820916739836024,24374.700022592875,11400.222048741698
3759,1877.2505284351,7.0,4.0,3.1622776601683795,0.000328223162212476,12186.830365769834,9634.535353483896
3760,1877.7506329599998,7.0,6.0,2.8284271247461903,0.00032823718876342074,18279.46437941419,8617.02214609448
3761,1878.2507376191,6.0,5.0,2.6457513110645903,0.00032825124702950536,15232.234592396133,8060.140928655095
3762,1878.7508424124,4.0,3.0,2.23606797749979,0.00032826533698907624,9138.94847234459,6811.77000901012
3763,1879.2509473399,5.0,4.0,2.4494897427831783,0.0003282794586205092,12184.740455003604,7461.599190751641
3764,1879.7510524016002,2.0,1.0,1.7320508075688774,0.00032829361190214875,3046.0537876626736,5275.919922819372
3765,1880.2511575975,8.0,7.0,3.0000000000000004,0.0003283077968124114,21321.455256207824,9137.766538374783
3766,1880.7512629276,9.0,8.0,3.1622776601683795,0.0003283220133297068,24366.322315300433,9631.634589767102
3767,1881.2513683918999,8.0,4.0,3.464101615137755,0.0003283362614324677,12182.632471201237,10550.469205029467
3768,1881.7514739904,10.0,6.0,3.7416573867739418,0.00032835054109912014,18273.153989378574,11395.313600669342
3769,1882.2515797231,13.0,10.0,3.9999999999999996,0.00032836485230816154,30453.929309752282,12181.571723900912
3770,1882.75168559,4.0,3.0,2.23606797749979,0.00032837919503804063,9135.77974893467,6809.408182027962
3771,1883.2517915911,9.0,4.0,3.7416573867739413,0.0003283935692672775,12180.506484718722,11393.820515798925
3772,1883.7518977263999,9.0,7.0,3.3166247903554,0.0003284079749743911,21314.95132097767,10099.099422339017
3773,1884.2520039959002,5.0,1.0,3.0,0.00032842241213791216,3044.8591906086995,9134.5775718261
3774,1884.7521103996,7.0,5.0,3.0000000000000004,0.00032843688073637585,15223.625278591398,9134.17516715484
3775,1885.2522169375,4.0,0.0,2.8284271247461903,0.00032845138074837185,0.0,8611.402754044324
3776,1885.7523236096,9.0,8.0,3.1622776601683795,0.00032846591215248175,24355.647584782582,9627.415032036488
3777,1886.2524304159,8.0,5.0,3.3166247903554003,0.0003284804749273296,15221.604879578186,10096.870418520748
3778,1886.7525373564,8.0,6.0,3.1622776601683795,0.000328495069051495,18265.114351105945,9626.560512153867
3779,1887.2526444311,4.0,1.0,2.6457513110645907,0.00032850969450364263,3044.050196177427,8053.799797482852
3780,1887.75275164,7.0,3.0,3.3166247903554,0.0003285243512624413,9131.743167505576,10095.521922835846
3781,1888.2528589831,7.0,4.0,3.1622776601683795,0.00032853903930652904,12175.113217726233,9625.272134609106
3782,1888.7529664604,9.0,4.0,3.7416573867739413,0.0003285537586146273,12174.56776895907,11388.265355876412
3783,1889.2530740718998,6.0,2.0,3.1622776601683795,0.00032856850916543914,6087.010605733279,9624.408827859172
3784,1889.7531818176,8.0,3.0,3.6055512754639896,0.0003285832909376838,9130.10515975675,10973.020767960434
3785,1890.2532896975,7.0,5.0,3.0000000000000004,0.0003285981039101165,15216.155968348745,9129.693581009247
3786,1890.7533977116,5.0,0.0,3.1622776601683795,0.0003286129480614671,0.0,9623.107302445293
3787,1891.2535058598999,12.0,11.0,3.605551275463989,0.0003286278233705491,33472.51576929562,10971.533811361118
3788,1891.7536141424,5.0,3.0,2.6457513110645907,0.0003286427298161391,9128.453873537279,8050.539601301299
3789,1892.2537225591002,4.0,1.0,2.6457513110645907,0.00032865766737705417,3042.6796611221152,8050.1737025634
3790,1892.75383111,2.0,-2.0,2.449489742783178,0.00032867263603211756,-6085.082178257645,7452.673189817409
3791,1893.2539397951,6.0,3.0,2.9999999999999996,0.0003286876357601931,9127.20672641537,9127.20672641537
3792,1893.7540486143998,9.0,6.0,3.4641016151377544,0.00032870266654010707,18253.57872254408,10538.708589134849
3793,1894.2541575679,9.0,1.0,4.123105625617661,0.0003287177283507884,3042.123724257605,12542.99744131148
3794,1894.7542666555998,11.0,11.0,3.3166247903554,0.00032873282117110993,33461.82459303128,10089.119725070139
3795,1895.2543758775,7.0,3.0,3.3166247903554,0.00032874794497998006,9125.532328978337,10088.655582493067
3796,1895.7544852335998,9.0,8.0,3.1622776601683795,0.00032876309975634195,24333.63113417864,9618.712265798857
3797,1896.2545947239,8.0,7.0,3.0000000000000004,0.00032877828547912634,21290.94380366072,9124.690201568881
3798,1896.7547043484,10.0,9.0,3.3166247903554003,0.0003287935021273348,27372.80372564811,10087.25771311302
3799,1897.2548141071,9.0,8.0,3.1622776601683795,0.0003288087496799261,24330.25279220057,9617.37685887815
3800,1897.754924,9.0,3.0,3.872983346207417,0.0003288240281158998,9123.420867962232,11778.285694019647
3801,1898.2550340271,9.0,6.0,3.4641016151377544,0.00032883933741430314,18245.992244050256,10534.328533734239
3802,1898.7551441884,8.0,5.0,3.3166247903554003,0.00032885467755410923,15204.28426680143,10085.38122377684
3803,1899.2552544839,6.0,5.0,2.6457513110645903,0.0003288700485144234,15203.573638238182,8044.974977247142
3804,1899.7553649136,7.0,4.0,3.1622776601683795,0.000328885450274308,12162.289321901551,9615.133954788425
3805,1900.2554754775,5.0,1.0,3.0,0.0003289008828128235,3040.4296621152484,9121.288986345746
3806,1900.7555861756,9.0,6.0,3.4641016151377544,0.0003289163461090842,18241.720337030973,10531.862147066702
3807,1901.2556970079002,4.0,3.0,2.23606797749979,0.0003289318401422093,9120.430538749273,6797.967556236135
3808,1901.7558079743999,5.0,5.0,2.23606797749979,0.00032894736489132853,15200.000163101493,6797.6467245405665
3809,1902.2559190751,3.0,2.0,1.9999999999999998,0.0003289629203356195,6079.712564442005,6079.712564442004
3810,1902.75603031,11.0,11.0,3.3166247903554,0.0003289785064542218,33436.834881888186,10081.585043662775
3811,1903.2561416791,7.0,6.0,2.8284271247461903,0.000328994123226335,18237.40783318563,8597.19650007348
3812,1903.7562531823999,5.0,2.0,2.8284271247461903,0.0003290097706311693,6078.846826230171,8596.787625243354
3813,1904.2563648199,13.0,10.0,3.9999999999999996,0.00032902544864791525,30392.78585013294,12157.114340053173
3814,1904.7564765916002,4.0,3.0,2.23606797749979,0.0003290411572558598,9117.400464487255,6795.7090722272205
3815,1905.2565884975,5.0,0.0,3.1622776601683795,0.00032905689643421537,0.0,9610.124250353094
3816,1905.7567005376002,6.0,1.0,3.3166247903554,0.00032907266616225423,3038.84248929668,10078.700333986682
3817,1906.2568127119,9.0,8.0,3.1622776601683795,0.0003290884664192894,24309.57270257917,9609.202335700646
3818,1906.7569250204,5.0,3.0,2.6457513110645907,0.00032910429718459083,9115.651256043413,8039.24875396148
3819,1907.2570374631,8.0,8.0,2.8284271247461903,0.0003291201584375056,24307.231857142735,8593.904239029653
3820,1907.75715004,9.0,6.0,3.4641016151377544,0.0003291360501573734,18229.543670865452,10524.831945578208
3821,1908.2572627511,7.0,3.0,3.3166247903554,0.0003291519723235273,9114.330923866575,10076.271963199571
3822,1908.7573755964,6.0,5.0,2.6457513110645903,0.0003291679249153528,15189.815354232267,8037.694777657813
3823,1909.2574885759002,4.0,1.0,2.6457513110645907,0.000329183907912235,3037.8155674201844,8037.304520274377
3824,1909.7576016896,3.0,1.0,2.23606797749979,0.000329199921293569,3037.6677979465094,6792.431689270492
3825,1910.2577149375002,6.0,2.0,3.1622776601683795,0.00032921596503877957,6075.039525390005,9605.480887890364
3826,1910.7578283195999,7.0,7.0,2.6457513110645907,0.0003292320391273263,21261.600233544825,8036.129527604632
3827,1911.2579418359,6.0,5.0,2.6457513110645903,0.00032924814353860725,15186.114479681815,8035.736458919024
3828,1911.7580554863998,8.0,8.0,2.8284271247461903,0.00032926427825215185,24296.592519743575,8590.142665218515
3829,1912.2581692711,9.0,7.0,3.3166247903554,0.00032928044324740383,21258.47478509549,10072.340639627553
3830,1912.75828319,5.0,3.0,2.6457513110645907,0.00032929663850390884,9110.326827597995,8034.553049448104
3831,1913.2583972431,8.0,7.0,3.0000000000000004,0.0003293128640011382,21256.381894561535,9109.87795481209
3832,1913.7585114304002,8.0,5.0,3.3166247903554003,0.0003293291197186591,15182.380483910518,10070.851897909128
3833,1914.2586257519,6.0,2.0,3.1622776601683795,0.00032934540563603093,6072.651890004676,9601.705704870537
3834,1914.7587402076,10.0,9.0,3.3166247903554003,0.0003293617217327942,27325.579768803713,10069.855030227598
3835,1915.2588547975,11.0,8.0,3.7416573867739413,0.00032937806798857247,24288.198813157025,11359.764812585383
3836,1915.7589695216,9.0,8.0,3.1622776601683795,0.00032939444438292753,24286.99128483127,9600.276246590758
3837,1916.2590843798998,10.0,8.0,3.464101615137755,0.00032941085089550475,24285.781656105035,10516.051932474538
3838,1916.7591993724,11.0,10.0,3.4641016151377544,0.00032942728750592985,30355.712411407312,10515.527239301326
3839,1917.2593144991001,7.0,6.0,2.8284271247461903,0.00032944375419383326,18212.517079530997,8585.46288627479
3840,1917.7594297599999,3.0,3.0,1.7320508075688772,0.00032946025093892926,9105.802570872496,5257.237565480822
3841,1918.2595451551,7.0,6.0,2.8284271247461903,0.0003294767777208572,18210.691635097217,8584.602363516255
3842,1918.7596606844,6.0,4.0,2.8284271247461903,0.000329493334519347,12139.85104079588,8584.170993541335
3843,1919.2597763479,5.0,3.0,2.6457513110645907,0.0003295099213141023,9104.429960821355,8029.352501779614
3844,1919.7598921456,9.0,8.0,3.1622776601683795,0.0003295265380848435,24277.255624068228,9596.427888773513
3845,1920.2600080775,10.0,8.0,3.464101615137755,0.0003295431848113569,24276.029269364215,10511.829025141998
3846,1920.7601241435998,3.0,1.0,2.23606797749979,0.00032955986147336654,3034.3501041943946,6785.013100512237
3847,1921.2602403439,10.0,8.0,3.464101615137755,0.0003295765680506911,24273.570318778082,10510.764268304876
3848,1921.7603566784,8.0,5.0,3.3166247903554003,0.0003295933045231072,15170.21107948344,10062.779628227787
3849,1922.2604731471,6.0,4.0,2.8284271247461903,0.00032961007087041266,12135.551530440385,8581.13078061318
3850,1922.76058975,5.0,1.0,3.0,0.0003296268670724775,3033.7332902542885,9101.199870762865
3851,1923.2607064871,6.0,6.0,2.449489742783178,0.0003296436931091339,18201.470634578778,7430.71927049499
3852,1923.7608233584,9.0,8.0,3.1622776601683795,0.0003296605489602122,24267.386635231094,9592.5268284075
3853,1924.2609403638999,9.0,8.0,3.1622776601683795,0.00032967743460562683,24266.143691544785,9592.03551177599
3854,1924.7610575036001,10.0,7.0,3.6055512754639896,0.00032969435002526534,21231.786348366513,10936.04204981883
3855,1925.2611747775,8.0,5.0,3.3166247903554003,0.0003297112951990457,15164.78225891993,10059.17855605512
3856,1925.7612921856,10.0,7.0,3.6055512754639896,0.0003297282701068955,21229.602174331765,10934.917028179283
3857,1926.2614097279002,8.0,3.0,3.6055512754639896,0.00032974527472872284,9097.931736756685,10934.353125849126
3858,1926.7615274043999,8.0,5.0,3.3166247903554003,0.0003297623090445196,15162.436284751311,10057.622412838087
3859,1927.2616452151,8.0,4.0,3.464101615137755,0.00032977937303426975,12129.321379916419,10504.300445673342
3860,1927.7617631599999,9.0,8.0,3.1622776601683795,0.0003297964666779497,24257.385412840395,9588.573498139938
3861,1928.2618812391001,7.0,3.0,3.3166247903554,0.00032981358995556507,9096.047256282503,10056.058608143589
3862,1928.7619994524,8.0,6.0,3.1622776601683795,0.00032983074284712575,18191.148430275214,9587.577048977733
3863,1929.2621177999001,8.0,6.0,3.1622776601683795,0.00032984792533271277,18190.200814353728,9587.077611534578
3864,1929.7622362815998,7.0,6.0,2.8284271247461903,0.00032986513739233345,18189.25166639768,8574.495465345672
3865,1930.2623548975,6.0,5.0,2.6457513110645903,0.0003298823790060838,15156.917489999634,8020.28686417287
3866,1930.7624736476,6.0,4.0,2.8284271247461903,0.00032989965015406506,12124.899187167906,8573.598436449685
3867,1931.2625925319,8.0,4.0,3.464101615137755,0.00032991695081636426,12124.26336416539,10499.920075540209
3868,1931.7627115504001,8.0,8.0,2.8284271247461903,0.00032993428097309753,24247.25304810721,8572.698527731396
3869,1932.2628307031,7.0,4.0,3.1622776601683795,0.000329951640604404,12122.988667893324,9584.06405973837
3870,1932.76294999,7.0,6.0,2.8284271247461903,0.0003299690296904207,18183.524695118336,8571.79574519415
3871,1933.2630694110999,4.0,-4.0,3.464101615137755,0.00032998644821135605,-12121.709911668868,10497.708720810864
3872,1933.7631889664,4.0,-2.0,3.1622776601683795,0.0003300038961473503,-6060.534506862242,9582.546439865027
3873,1934.2633086559,1.0,0.0,1.4142135623730951,0.0003300213734786149,0.0,4285.218098047625
3874,1934.7634284796,5.0,2.0,2.8284271247461903,0.0003300388801853599,6059.892091733977,8569.981582647655
3875,1935.2635484375,11.0,8.0,3.7416573867739413,0.00033005641624785396,24238.280506543604,11336.417662500962
3876,1935.7636685296,10.0,7.0,3.6055512754639896,0.00033007398164628597,21207.366800274925,10923.464059423417
3877,1936.2637887559001,9.0,7.0,3.3166247903554,0.0003300915763609518,21206.236394065294,10047.589904956265
3878,1936.7639091163999,8.0,6.0,3.1622776601683795,0.0003301092003721158,18175.803622669395,9579.48962526249
3879,1937.2640296111,7.0,4.0,3.1622776601683795,0.00033012685366008905,12116.554456725746,9578.97736917936
3880,1937.76415024,7.0,6.0,2.8284271247461903,0.00033014453620516885,18173.85824089874,8567.238934975012
3881,1938.2642710031,10.0,8.0,3.464101615137755,0.0003301622479876631,24230.511055579344,10492.119060405703
3882,1938.7643919004001,8.0,6.0,3.1622776601683795,0.0003301799889879511,18171.906839026975,9577.435839952666
3883,1939.2645129319,4.0,4.0,2.0,0.00033019775918635577,12113.952589673678,6056.976294836839
3884,1939.7646340976,4.0,3.0,2.23606797749979,0.0003302155585632529,9084.974714858412,6771.54034543006
3885,1940.2647553975,6.0,2.0,3.1622776601683795,0.00033023338709905917,6056.322825408522,9575.887186778604
3886,1940.7648768316,10.0,10.0,3.1622776601683795,0.0003302512447741349,30279.9767093662,9575.369389844758
3887,1941.2649983999,10.0,6.0,3.7416573867739418,0.00033026913156891793,18167.002079478225,11329.116254369545
3888,1941.7651201024,2.0,-1.0,2.23606797749979,0.0003302870474638686,-3027.669439896501,6770.074681007291
3889,1942.2652419391,6.0,6.0,2.449489742783178,0.00033030499243938443,18165.02970690364,7415.842324068696
3890,1942.76536391,8.0,7.0,3.0000000000000004,0.00033032296647599594,21191.381497564384,9082.020641813308
3891,1943.2654860151001,10.0,7.0,3.6055512754639896,0.0003303409695541275,21190.226599649868,10914.635506248364
3892,1943.7656082544,7.0,4.0,3.1622776601683795,0.0003303590016542938,12108.039980656633,9572.246084814013
3893,1944.2657306279,5.0,2.0,2.8284271247461903,0.00033037706275702546,6053.689028257062,8561.209126150341
3894,1944.7658531355999,5.0,4.0,2.4494897427831783,0.0003303951528428153,12106.715142709707,7413.818640216302
3895,1945.2659757775,6.0,3.0,2.9999999999999996,0.00033041327189225155,9079.538430218705,9079.538430218705
3896,1945.7660985536,3.0,1.0,2.23606797749979,0.0003304314198858598,3026.3465875776214,6767.116693298082
3897,1946.2662214639,6.0,3.0,2.9999999999999996,0.00033044959680419446,9078.540355362056,9078.540355362056
3898,1946.7663445084,7.0,6.0,2.8284271247461903,0.0003304678026279114,18156.08041778179,8558.858388787861
3899,1947.2664676871,7.0,6.0,2.8284271247461903,0.00033048603733756154,18155.078648213945,8558.386150084787
3900,1947.766591,5.0,3.0,2.6457513110645907,0.00033050430091377325,9077.037701795849,8005.194800036362
3901,1948.2667144471,7.0,4.0,3.1622776601683795,0.00033052259333722124,12102.047123655879,9567.508315360496
3902,1948.7668380284001,5.0,2.0,2.8284271247461903,0.00033054091458851196,6050.688165154337,8556.965264851642
3903,1949.2669617438999,7.0,4.0,3.1622776601683795,0.00033055926464831115,12100.704556732611,9566.446923013313
3904,1949.7670855936,8.0,7.0,3.0000000000000004,0.00033057764349733677,21175.05565695157,9075.023852979246
3905,1950.2672095775,5.0,2.0,2.8284271247461903,0.00033059605111625696,6049.679036537199,8555.538141475106
3906,1950.7673336956,4.0,4.0,2.0,0.0003306144874858107,12098.683365082941,6049.341682541471
3907,1951.2674579478999,6.0,5.0,2.6457513110645903,0.00033063295258668084,15122.509601305297,8002.0799208480685
3908,1951.7675823344,10.0,5.0,3.8729833462074175,0.00033065144639967537,15121.66377750014,11713.190395441197
3909,1952.2677068551002,3.0,1.0,2.23606797749979,0.0003306699689054921,3024.163347249134,6762.234819512365
3910,1952.76783151,13.0,12.0,3.7416573867739413,0.0003306885200849476,36287.92434922575,11314.74834933121
3911,1953.2679562991,4.0,3.0,2.23606797749979,0.0003307070999188149,9071.471403959784,6761.475571733177
3912,1953.7680812224,4.0,-1.0,3.0,0.00033072570838788294,-3023.6536641632233,9070.96099248967
3913,1954.2682062799001,4.0,2.0,2.449489742783178,0.00033074434547299375,6046.966569117977,7405.991293003635
3914,1954.7683314715998,2.0,-2.0,2.449489742783178,0.0003307630111549872,-6046.625325535118,7405.573356675632
3915,1955.2684567975,6.0,3.0,2.9999999999999996,0.00033078170541468976,9069.425397148256,9069.425397148254
3916,1955.7685822576,8.0,4.0,3.464101615137755,0.00033080042823298647,12091.882774658185,10471.877662437453
3917,1956.2687078519,5.0,2.0,2.8284271247461903,0.0003308191795907543,6045.5986937460375,8549.767665360714
3918,1956.7688335804,12.0,10.0,3.7416573867739413,0.0003308379594688871,30226.277589347865,11309.637481686308
3919,1957.2689594431,11.0,8.0,3.7416573867739413,0.00033085676784829464,24179.647440877445,11308.994557093589
3920,1957.76908544,5.0,3.0,2.6457513110645907,0.0003308756047098913,9066.851581972543,7996.211486743971
3921,1958.2692115711,7.0,5.0,3.0000000000000004,0.00033089447003463186,15110.5577541888,9066.334652513282
3922,1958.7693378364,4.0,4.0,2.0,0.00033091336380348723,12087.756003639062,6043.878001819531
3923,1959.2694642359,8.0,3.0,3.6055512754639896,0.0003309322859973849,9065.298633399905,10895.133016705664
3924,1959.7695907696,9.0,6.0,3.4641016151377544,0.00033095123659737663,18129.55909060217,10467.105821248391
3925,1960.2697174375,6.0,1.0,3.3166247903554,0.00033097021558439223,3021.4199130707448,10020.916185763888
3926,1960.7698442396,6.0,4.0,2.8284271247461903,0.0003309892229395166,12084.985621211423,8545.37528330052
3927,1961.2699711759,7.0,6.0,2.8284271247461903,0.00033100825864371776,18126.43595233715,8544.883853760823
3928,1961.7700982464,9.0,7.0,3.3166247903554,0.0003310273226780832,21146.29071512428,10019.187429977628
3929,1962.2702254511,7.0,6.0,2.8284271247461903,0.00033104641502366825,18124.346700963455,8543.898971218194
3930,1962.7703527899998,11.0,9.0,3.605551275463989,0.00033106553566155067,27184.94989826041,10890.747864344163
3931,1963.2704802631001,9.0,6.0,3.4641016151377544,0.00033108468457279975,18122.251736717542,10462.886918516035
3932,1963.7706078704,3.0,1.0,2.23606797749979,0.0003311038617385445,3020.200352690685,6753.373294285212
3933,1964.2707356119,8.0,7.0,3.0000000000000004,0.00033112306713991733,21140.17625066913,9060.075536001057
3934,1964.7708634876,5.0,3.0,2.6457513110645907,0.0003311423007580307,9059.54930292078,7989.771481952316
3935,1965.2709914975,7.0,5.0,3.0000000000000004,0.00033116156257403804,15098.370599341964,9059.02235960518
3936,1965.7711196416,4.0,4.0,2.0,0.0003311808525691086,12077.992942437113,6038.9964712185565
3937,1966.2712479199,9.0,4.0,3.7416573867739413,0.00033120017072442817,12077.28846048259,11297.26889509109
3938,1966.7713763324,7.0,6.0,2.8284271247461903,0.0003312195170211984,18114.874551960635,8539.433757356659
3939,1967.2715048791,9.0,6.0,3.4641016151377544,0.0003312388914406078,18113.814998912407,10458.01596567316
3940,1967.77163356,4.0,2.0,2.449489742783178,0.0003312582939639266,6037.5846777071065,7394.500869614219
3941,1968.2717623750998,9.0,6.0,3.4641016151377544,0.0003312777245723515,18111.69165613365,10456.790053148261
3942,1968.7718913244,5.0,5.0,2.23606797749979,0.0003312971832471254,15092.18989124437,6749.432505231514
3943,1969.2720204079,10.0,9.0,3.3166247903554003,0.00033131666996958584,27164.34401210836,10010.437418255651
3944,1969.7721496256,12.0,11.0,3.605551275463989,0.00033133618472095967,33198.90946792858,10881.851852373034
3945,1970.2722789775,5.0,2.0,2.8284271247461903,0.0003313557274825688,6035.809355687722,8535.923450711989
3946,1970.7724084636,5.0,4.0,2.4494897427831783,0.0003313752982357211,12070.905771481594,7391.889968336608
3947,1971.2725380839001,9.0,9.0,3.0,0.00033139489696174055,27157.93176814985,9052.643922716617
3948,1971.7726678384,6.0,4.0,2.8284271247461903,0.00033141452364198544,12069.477088822603,8534.409094882134
3949,1972.2727977271,4.0,3.0,2.23606797749979,0.0003314341782578184,9051.571011081236,6746.642694648049
3950,1972.7729277499998,7.0,6.0,2.8284271247461903,0.00033145386079058795,18102.067013757885,8533.396225947678
3951,1973.2730579070999,9.0,4.0,3.7416573867739413,0.0003314735712217071,12067.327073037108,11287.950870361616
3952,1973.7731881984,8.0,4.0,3.464101615137755,0.00033149330953256275,12066.608540728566,10449.989533793214
3953,1974.2733186239,5.0,5.0,2.23606797749979,0.0003315130757045764,15082.361349920584,6745.037047927584
3954,1974.7734491836,3.0,0.0,2.449489742783178,0.00033153286971917916,0.0,7388.37673880719
3955,1975.2735798775,5.0,3.0,2.6457513110645907,0.000331552691557819,9048.335532745432,7979.881866237849
3956,1975.7737107056,10.0,8.0,3.464101615137755,0.0003315725412019774,24127.450273775234,10447.492432817582
3957,1976.2738416679,6.0,2.0,3.1622776601683795,0.00033159241863309284,6031.500986194142,9536.64041296264
3958,1976.7739727644,7.0,6.0,2.8284271247461903,0.00033161232383267894,18093.416826774537,8529.31848869804
3959,1977.2741039951002,6.0,4.0,2.8284271247461903,0.0003316322567822482,12061.552874292398,8528.805829052248
3960,1977.77423536,8.0,6.0,3.1622776601683795,0.00033165221746328684,18091.240414106946,9534.92090104429
3961,1978.2743668591002,12.0,9.0,3.8729833462074166,0.00033167220585736363,27135.22520446127,11677.141701385137
3962,1978.7744984924,4.0,2.0,2.449489742783178,0.00033169222194603346,6029.686159856354,7384.827200384914
3963,1979.2746302599,10.0,9.0,3.3166247903554003,0.0003317122657108005,27131.948168134808,9998.499100563744
3964,1979.7747621616,12.0,10.0,3.7416573867739413,0.0003317323371333064,30144.785058990215,11279.145768868348
3965,1980.2748941975,4.0,3.0,2.23606797749979,0.0003317524361951178,9042.887625505098,6740.170481173687
3966,1980.7750263675998,8.0,7.0,3.0000000000000004,0.00033177256287783016,21098.791109431302,9042.33904689913
3967,1981.2751586719,6.0,3.0,2.9999999999999996,0.0003317927171631089,9041.789782640719,9041.789782640717
3968,1981.7752911104,4.0,1.0,2.6457513110645907,0.0003318128990325332,3013.7466111646045,7973.624047705219
3969,1982.2754236831,2.0,0.0,2.0,0.0003318331084677768,0.0,6027.1261334798755
3970,1982.77555639,10.0,9.0,3.3166247903554003,0.0003318533454505233,27120.413650739672,9994.24847097069
3971,1983.2756892311,7.0,6.0,2.8284271247461903,0.00033187360996241825,18079.171768672557,8522.603303909837
3972,1983.7758222064,8.0,6.0,3.1622776601683795,0.0003318939019851838,18078.06640649833,9527.97758938502
3973,1984.2759553158999,13.0,10.0,3.9999999999999996,0.00033191422150049746,30128.26613693325,12051.3064547733
3974,1984.7760885596,5.0,5.0,2.23606797749979,0.00033193456849011955,15063.209664313199,6736.472153747221
3975,1985.2762219375,3.0,2.0,1.9999999999999998,0.00033195494293574194,6024.91405102273,6024.914051022729
3976,1985.7763554496,6.0,5.0,2.6457513110645903,0.000331975344819157,15061.35945946149,7969.722307257061
3977,1986.2764890959002,8.0,6.0,3.1622776601683795,0.0003319957741221127,18072.519193551892,9525.053951455568
3978,1986.7766228763999,6.0,2.0,3.1622776601683795,0.0003320162308263733,6023.801893726975,9524.467078906397
3979,1987.2767567911,8.0,6.0,3.1622776601683795,0.00033203671491376704,18070.290815755885,9523.879493235114
3980,1987.7768908399999,5.0,2.0,2.8284271247461903,0.00033205722636606643,6023.058199598284,8517.89059283437
3981,1988.2770250231001,5.0,4.0,2.4494897427831783,0.00033207776516511395,12045.371354541432,7376.2533952408885
3982,1988.7771593404,7.0,7.0,2.6457513110645907,0.0003320983312927437,21078.09446904303,7966.770868030556
3983,1989.2772937919,2.0,0.0,2.0,0.0003321189247308066,0.0,6021.939284613385
3984,1989.7774283775998,11.0,7.0,3.872983346207417,0.0003321395454611386,21075.478953526243,11660.71128576458
3985,1990.2775630975,8.0,6.0,3.1622776601683795,0.0003321601934656706,18063.573293950743,9520.339048379099
3986,1990.7776979516002,7.0,4.0,3.1622776601683795,0.0003321808687262712,12041.63266637773,9519.746493210023
3987,1991.2778329399,4.0,1.0,2.6457513110645907,0.0003322015712248548,3010.220560706311,7964.29499508231
3988,1991.7779680624,9.0,7.0,3.3166247903554,0.0003322223009433158,21070.22912105575,9983.149177337396
3989,1992.2781033191,6.0,5.0,2.6457513110645903,0.00033224305786360694,15049.22339732561,7963.300506795628
3990,1992.77823871,6.0,5.0,2.6457513110645903,0.0003322638419676907,15048.2820230743,7962.802378363707
3991,1993.2783742350998,9.0,9.0,3.0,0.00033228465323751586,27085.211165520886,9028.403721840295
3992,1993.7785098944,3.0,2.0,1.9999999999999998,0.0003323054916550766,6018.558375423845,6018.558375423845
3993,1994.2786456878998,4.0,4.0,2.0,0.0003323263572023477,12036.360984646397,6018.180492323198
3994,1994.7787816155999,9.0,5.0,3.605551275463989,0.00033234724986133766,15044.50541440047,10848.7471371233
3995,1995.2789176775,3.0,1.0,2.23606797749979,0.00033236816961410687,3008.711698117907,6727.6838816904665
3996,1995.7790538735999,6.0,4.0,2.8284271247461903,0.000332389116442612,12034.088368505929,8509.3854907687
3997,1996.2791902039,5.0,5.0,2.23606797749979,0.000332410090328975,15041.66132577886,6726.835443794228
3998,1996.7793266684,5.0,5.0,2.23606797749979,0.0003324310912552208,15040.711087283042,6726.410484219931
3999,1997.2794632671,4.0,3.0,2.23606797749979,0.0003324521192034193,9023.855847838267,6725.985031641789
4000,1997.7795999999998,8.0,5.0,3.3166247903554003,0.00033247317415569286,15038.807304370863,9975.616224610856
4001,1998.2797368671,4.0,2.0,2.449489742783178,0.00033249425609411994,6015.141504982435,7367.0137089219215
4002,1998.7798738684,4.0,2.0,2.449489742783178,0.0003325153650008484,6014.759648760582,7366.546032472598
4003,1999.2800110039,6.0,2.0,3.1622776601683795,0.0003325365008579767,6014.377353583153,9509.565572529313
4004,1999.7801482736002,5.0,2.0,2.8284271247461903,0.00033255766364766637,6013.994619949377,8505.072755571236
4005,2000.2802856775,6.0,6.0,2.449489742783178,0.0003325800084422017,18040.771687101347,7365.114199907986
4006,2000.7804232156,2.0,1.0,1.7320508075688774,0.000332603285998542,3006.584847764804,5207.557713595379
4007,2001.2805608879,6.0,5.0,2.6457513110645903,0.0003326265902166455,15031.871014110486,7954.118488667325
4008,2001.7806986944,5.0,3.0,2.6457513110645907,0.0003326499210793943,9018.490039815711,7953.560615555124
4009,2002.2808366350998,6.0,5.0,2.6457513110645903,0.00033267327856961325,15029.761396822647,7953.002184126297
4010,2002.78097471,3.0,-1.0,2.6457513110645907,0.00033269666267019053,-3005.7410013496947,7952.44319504155
4011,2003.2811129191,6.0,4.0,2.8284271247461903,0.0003327200733639636,12022.118051243595,8500.921198259548
4012,2003.7812512624,5.0,4.0,2.4494897427831783,0.00033274351063385034,12021.271255990276,7361.495159190609
4013,2004.2813897399,4.0,1.0,2.6457513110645907,0.00033276697446277877,3005.105905159028,7950.762888462442
4014,2004.7815283516,10.0,8.0,3.464101615137755,0.00033279046483365515,24039.150292358252,10409.257419287182
4015,2005.2816670975,6.0,4.0,2.8284271247461903,0.0003328139817294013,12018.725833616725,8498.522538172328
4016,2005.7818059776,6.0,6.0,2.449489742783178,0.0003328375251329536,18026.8135259186,7359.41580446711
4017,2006.2819449919,6.0,5.0,2.6457513110645903,0.00033286109502729435,15021.280872701582,7948.514712563932
4018,2006.7820841404,9.0,7.0,3.3166247903554,0.0003328846913953844,21028.30253520351,9963.284212478467
4019,2007.2822234231,7.0,5.0,3.0000000000000004,0.00033290831422021157,15019.15027779273,9011.49016667564
4020,2007.7823628400001,12.0,8.0,3.9999999999999996,0.00033293196348477315,24028.933468161536,12014.466734080766
4021,2008.2825023911,9.0,7.0,3.3166247903554,0.0003329556391720694,21023.821724137983,9961.16118832692
4022,2008.7826420764002,7.0,5.0,3.0000000000000004,0.0003329793412651216,15015.946577955863,9009.567946773519
4023,2009.2827818959,6.0,2.0,3.1622776601683795,0.0003330030697469838,6005.950640393804,9496.24176909565
4024,2009.7829218496001,9.0,7.0,3.3166247903554,0.00033302682460068373,21019.32782259615,9959.031961861341
4025,2010.2830619375,3.0,1.0,2.23606797749979,0.00033305060580929345,3002.5467077895223,6713.89854423557
4026,2010.7832021596,3.0,0.0,2.449489742783178,0.00033307441335589486,0.0,7354.181661999543
4027,2011.2833425159,14.0,13.0,3.872983346207417,0.0003330982472235726,39027.52448671552,11627.150183134721
4028,2011.7834830064,3.0,2.0,1.9999999999999998,0.0003331221073954017,6003.804477695879,6003.804477695878
4029,2012.2836236311,11.0,8.0,3.7416573867739413,0.0003331459938545396,24013.496027489415,11231.28434919031
4030,2012.78376439,2.0,1.0,1.7320508075688774,0.00033316990658407953,3001.4715622211747,5198.701243240205
4031,2013.2839052831,9.0,8.0,3.1622776601683795,0.00033319384556717847,24010.047323599323,9490.804533875467
4032,2013.7840463103998,2.0,0.0,2.0,0.00033321781078697805,0.0,6002.080126739008
4033,2014.2841874719,4.0,2.0,2.449489742783178,0.00033324180222663513,6001.648012453779,7350.4876231502885
4034,2014.7843287675998,7.0,7.0,2.6457513110645907,0.00033326581986934566,21004.25420988056,7938.861873389349
4035,2015.2844701975,4.0,1.0,2.6457513110645907,0.00033328986369828467,3000.39127774154,7938.289156791441
4036,2015.7846117616,5.0,3.0,2.6457513110645907,0.0003333139336966657,9000.523820675819,7937.715899607043
4037,2016.2847534599,5.0,3.0,2.6457513110645907,0.00033333802984771195,8999.87319589839,7937.142102487744
4038,2016.7848952924,4.0,-1.0,3.0,0.0003333621521346313,-2999.740653210509,8999.221959631526
4039,2017.2850372591,3.0,1.0,2.23606797749979,0.00033338630054067066,2999.5233708711057,6707.138157367105
4040,2017.78517936,5.0,4.0,2.4494897427831783,0.0003334104750491041,11997.223540774738,7346.769001251151
4041,2018.2853215951,7.0,6.0,2.8284271247461903,0.00033343467564316047,17994.52917854638,8482.702404272895
4042,2018.7854639644,2.0,-2.0,2.449489742783178,0.0003334589023061676,-5997.740609616972,7345.7020515654485
4043,2019.2856064679,4.0,3.0,2.23606797749979,0.00033348315502137874,8995.956631775533,6705.190183763379
4044,2019.7857491056,2.0,-1.0,2.23606797749979,0.0003335074337720977,-2998.4339140198895,6704.702057789233
4045,2020.2858918775,4.0,2.0,2.449489742783178,0.00033353173854167945,5996.430830675121,7344.097906523759
4046,2020.7860347836,4.0,-1.0,3.0,0.0003335560693134096,-2997.996714790397,8993.990144371191
4047,2021.2861778239,11.0,9.0,3.605551275463989,0.0003335804260706678,26980.00031360768,10808.641615860777
4048,2021.7863209984,6.0,1.0,3.3166247903554,0.00033360480879680523,2997.5587090805043,9941.77752508213
4049,2022.2864643071,9.0,8.0,3.1622776601683795,0.00033362921747515296,23978.715235262032,9478.419438501036
4050,2022.78660775,5.0,5.0,2.23606797749979,0.000333653652089141,14985.599494244914,6701.76383054362
4051,2023.2867513271,5.0,4.0,2.4494897427831783,0.00033367811262212984,11987.600770595813,7340.876282038542
4052,2023.7868950384,7.0,5.0,3.0000000000000004,0.00033370259905753135,14983.401430259717,8990.040858155831
4053,2024.2870388839,7.0,7.0,2.6457513110645907,0.0003337271113787665,20975.2212551149,7927.888447941445
4054,2024.7871828636,6.0,3.0,2.9999999999999996,0.0003337516495692705,8988.719617930597,8988.719617930596
4055,2025.2873269775,7.0,5.0,3.0000000000000004,0.0003337762136124706,14980.096831601153,8988.058098960693
4056,2025.7874712256,8.0,6.0,3.1622776601683795,0.0003338008034918618,17974.791963453983,9473.547178700777
4057,2026.2876156078999,6.0,2.0,3.1622776601683795,0.00033382541919088887,5991.155511307409,9472.848616001043
4058,2026.7877601244,7.0,4.0,3.1622776601683795,0.0003338500606930171,11981.426607192063,9472.149424217621
4059,2027.2879047750998,9.0,9.0,3.0,0.0003338747279817572,26956.21814326647,8985.40604775549
4060,2027.78804956,7.0,7.0,2.6457513110645907,0.00033389942104061635,20964.396937808713,7923.797240555128
4061,2028.2881944791,2.0,-1.0,2.23606797749979,0.0003339241398531108,-2994.6921490608256,6696.3352169849395
4062,2028.7883395324,6.0,5.0,2.6457513110645903,0.0003339488844027717,14972.351259510604,7922.62359491395
4063,2029.2884847199,2.0,0.0,2.0,0.0003339736546731333,0.0,5988.4963140504005
4064,2029.7886300416,2.0,-1.0,2.23606797749979,0.00033399845064778033,-2994.0258646725124,6694.845359800324
4065,2030.2887754975,6.0,6.0,2.449489742783178,0.0003340232723102712,17962.82025052031,7333.290659184576
4066,2030.7889210875999,6.0,6.0,2.449489742783178,0.00033404811964414256,17961.484131063895,7332.745190700639
4067,2031.2890668119,6.0,5.0,2.6457513110645903,0.00033407299263304806,14966.789025930308,7919.680337556446
4068,2031.7892126703998,5.0,4.0,2.4494897427831783,0.0003340978912605546,11972.538901421858,7331.652808526356
4069,2032.2893586631,7.0,6.0,2.8284271247461903,0.00033412281551030974,17957.468695563723,8465.23192505217
4070,2032.78950479,6.0,3.0,2.9999999999999996,0.0003341477653659338,8978.063931430524,8978.063931430523
4071,2033.2896510511,1.0,1.0,1.0,0.00033417274081105045,2992.464309246052,2992.464309246052
4072,2033.7897974464001,9.0,6.0,3.4641016151377544,0.00033419774182933955,17953.442674857877,10365.42496120971
4073,2034.2899439758999,10.0,8.0,3.464101615137755,0.00033422276840444875,23936.131096607583,10364.64879898842
4074,2034.7900906396,6.0,5.0,2.6457513110645903,0.00033424782052008783,14958.960666430155,7915.537959074244
4075,2035.2902374374999,7.0,3.0,3.3166247903554,0.0003342728981599095,8974.703054044363,9921.907545040616
4076,2035.7903843696001,5.0,2.0,2.8284271247461903,0.0003342980013076421,5982.686083006143,8460.795798008057
4077,2036.2905314359,1.0,-1.0,1.7320508075688774,0.000334323129947016,-2991.118203991693,5180.768700757782
4078,2036.7906786364001,5.0,3.0,2.6457513110645907,0.00033434828406172867,8972.679517165187,7913.15953210073
4079,2037.2908259711,4.0,3.0,2.23606797749979,0.0003343734636355649,8972.003840800337,6687.336827472918
4080,2037.79097344,4.0,4.0,2.0,0.00033439866865223354,11961.770111471054,5980.885055735527
4081,2038.2911210431,6.0,5.0,2.6457513110645903,0.00033442389909551904,14951.084577157826,7911.370324370579
4082,2038.7912687804,2.0,0.0,2.0,0.00033444915494917833,0.0,5979.9822197305675
4083,2039.2914166519001,4.0,2.0,2.449489742783178,0.0003344744361970551,5979.530222817098,7323.3989737262455
4084,2039.7915646576,4.0,1.0,2.6457513110645907,0.00033449974282291845,2989.5389203016284,7909.576517866654
4085,2040.2917127975,7.0,6.0,2.8284271247461903,0.0003345250748105696,17935.87522070685,8455.052663385053
4086,2040.7918610716,8.0,3.0,3.6055512754639896,0.00033455043214387296,8967.25788328934,10777.302699502798
4087,2041.2920094799,7.0,4.0,3.1622776601683795,0.0003345758148066239,11955.43677390996,9451.602656922747
4088,2041.7921580224001,6.0,4.0,2.8284271247461903,0.0003346012227827045,11954.528936666991,8453.128477008038
4089,2042.2923066991,5.0,0.0,3.1622776601683795,0.0003346266560559756,0.0,9450.166634780586
4090,2042.79245551,5.0,2.0,2.8284271247461903,0.00033465211461031907,5976.3554828538045,8451.842977414657
4091,2043.2926044551,4.0,1.0,2.6457513110645907,0.0003346775984295953,2987.9502084761307,7905.37318147144
4092,2043.7927535344,7.0,6.0,2.8284271247461903,0.0003347031074977278,17926.33490873918,8450.555317193737
4093,2044.2929027479,7.0,5.0,3.0000000000000004,0.0003347286417986188,14937.472853034566,8962.483711820742
4094,2044.7930520956,4.0,2.0,2.449489742783178,0.0003347542013162152,5974.532932331331,7317.278567832949
4095,2045.2932015775,7.0,6.0,2.8284271247461903,0.00033477978603442483,17922.229030228933,8448.619787502188
4096,2045.7933511936,6.0,6.0,2.449489742783178,0.00033480539593721257,17920.858124775277,7316.159693084936
4097,2046.2935009439002,4.0,2.0,2.449489742783178,0.0003348310310085218,5973.162027354322,7315.599558993192
4098,2046.7936508284,3.0,3.0,1.7320508075688772,0.0003348566912323524,8959.056451759363,5172.513654108322
4099,2047.2938008471,6.0,4.0,2.8284271247461903,0.00033488237659266005,11944.492393714312,8446.031569426528
4100,2047.793951,3.0,-2.0,2.8284271247461903,0.0003349080870734622,-5971.787714882201,8445.383177999443
4101,2048.2941012870997,9.0,9.0,3.0,0.00033493382265877355,26870.979850754247,8956.993283584748
4102,2048.7942517083998,3.0,1.0,2.23606797749979,0.00033495958333259947,2985.434809927638,6675.635177392363
4103,2049.2944022639,10.0,10.0,3.1622776601683795,0.0003349853690789664,29852.050038766592,9440.047094782021
4104,2049.7945529536,4.0,3.0,2.23606797749979,0.00033501117988195115,8954.925029836671,6674.607033376377
4105,2050.2947037775,5.0,3.0,2.6457513110645907,0.0003350370157255856,8954.234485114835,7896.8925428574485
4106,2050.7948547356,7.0,2.0,3.464101615137755,0.00033506287659392214,5969.028918783773,10338.661359181418
4107,2051.2950058279,2.0,-5.0,3.0000000000000004,0.00033508876247107037,-14921.419516214517,8952.851709728711
4108,2051.7951570544,5.0,5.0,2.23606797749979,0.00033511467334113623,14920.265800805913,6672.545714593472
4109,2052.2953084151,7.0,3.0,3.3166247903554,0.0003351406091881747,8951.466691150998,9896.218779304007
4110,2052.79545991,9.0,8.0,3.1622776601683795,0.0003351665699963572,23868.728913169798,9434.943527341491
4111,2053.2956115391,4.0,-1.0,3.0,0.00033519255574977405,-2983.359811685418,8950.079435056256
4112,2053.7957633024,5.0,-1.0,3.3166247903554,0.00033521856643260284,-2983.128323236996,9893.917349659157
4113,2054.2959151999003,9.0,5.0,3.605551275463989,0.00033524460202893913,14914.483245187012,10754.986817514064
4114,2054.7960672316003,6.0,5.0,2.6457513110645903,0.00033527066252300134,14913.323946609775,7891.389276814752
4115,2055.2962193975,0.0,-3.0,1.7320508075688772,0.00033529674789893935,-8947.29823297964,5165.725043330658
4116,2055.7963716976,6.0,5.0,2.6457513110645903,0.00033532285814094696,14911.00257143323,7890.160920531389
4117,2056.2965241319002,2.0,1.0,1.7320508075688774,0.0003353489932332393,2981.968099437495,5164.920254775344
4118,2056.7966767004,8.0,6.0,3.1622776601683795,0.00033537515316001566,17890.413000086664,9429.075560226669
4119,2057.2968294030998,6.0,5.0,2.6457513110645903,0.0003354013379054667,14907.513581264415,7888.314720468702
4120,2057.79698224,6.0,6.0,2.449489742783178,0.0003354275474538872,17887.618490323453,7302.589669144335
4121,2058.2971352111,12.0,12.0,3.4641016151377544,0.00033545378178949706,35772.439159830974,10326.613689248961
4122,2058.7972883164,11.0,8.0,3.7416573867739413,0.0003354800408965488,23846.42609026908,11153.144541101768
4123,2059.2974415559,3.0,0.0,2.449489742783178,0.00033550632475932166,0.0,7300.875011940059
4124,2059.7975949295997,6.0,3.0,2.9999999999999996,0.0003355326333620916,8941.008121742174,8941.008121742172
4125,2060.2977484375,5.0,5.0,2.23606797749979,0.000335558966689167,14900.510778576721,6663.711000073174
4126,2060.7979020796,5.0,4.0,2.4494897427831783,0.0003355853247248419,11919.472352611781,7299.156316777559
4127,2061.2980558559,4.0,3.0,2.23606797749979,0.0003356117074534415,8938.901514382307,6662.66381011155
4128,2061.7982097664,6.0,4.0,2.8284271247461903,0.00033563811485929555,11917.597623490583,8427.014095022874
4129,2062.2983638111,2.0,2.0,1.4142135623730951,0.00033566454692674077,5958.329583244616,4213.175252856683
4130,2062.79851799,6.0,5.0,2.6457513110645903,0.00033569100364012953,14894.649978049887,7881.507941454732
4131,2063.2986723031,5.0,5.0,2.23606797749979,0.00033571748498383464,14893.475090344962,6660.564544642231
4132,2063.7988267504,8.0,6.0,3.1622776601683795,0.0003357439909422321,17870.759155395746,9418.717074559583
4133,2064.2989813319,5.0,3.0,2.6457513110645907,0.00033577052149968165,8934.67355800275,7879.641426673304
4134,2064.7991360476,3.0,2.0,1.9999999999999998,0.00033579707664063024,5955.977997212877,5955.977997212877
4135,2065.2992908975,6.0,2.0,3.1622776601683795,0.0003358236563494739,5955.506594564338,9416.482729488134
4136,2065.7994458816,10.0,9.0,3.3166247903554003,0.00033585026061061637,26797.656740348844,9875.308074275052
4137,2066.2996009998997,6.0,5.0,2.6457513110645903,0.000335876889408507,14886.406768876554,7877.1460451591865
4138,2066.7997562523997,8.0,6.0,3.1622776601683795,0.00033590354272760946,17862.27067234451,9414.243251172646
4139,2067.2999116391,5.0,3.0,2.6457513110645907,0.0003359302205523357,8930.426072019978,7875.895496137419
4140,2067.8000671600003,5.0,4.0,2.4494897427831783,0.0003359569228672029,11906.288359418986,7291.082802753891
4141,2068.3002228151004,5.0,3.0,2.6457513110645907,0.0003359836496566706,8929.0059295016,7874.643048160787
4142,2068.8003786043996,5.0,3.0,2.6457513110645907,0.00033601040090523715,8928.295052527468,7874.016113598683
4143,2069.3005345279,5.0,-1.0,3.3166247903554,0.0003360371765973917,-2975.86121311246,9869.81507206588
4144,2069.8006905856,10.0,8.0,3.464101615137755,0.0003360639767176792,23804.991175000716,10307.863547207497
4145,2070.3008467775003,1.0,-1.0,1.7320508075688774,0.00033609080125060643,-2975.3864023619885,5153.520421040539
4146,2070.8010031035997,5.0,4.0,2.4494897427831783,0.0003361176501807303,11900.59491921713,7287.596296909992
4147,2071.3011595639,9.0,8.0,3.1622776601683795,0.00033614452349256806,23799.287035467274,9407.494215024139
4148,2071.8013161584,7.0,6.0,2.8284271247461903,0.00033617142117072375,17848.037108879984,8413.64538037212
4149,2072.3014728871,10.0,9.0,3.3166247903554003,0.00033619834319973253,26769.911815577205,9865.083684796811
4150,2072.8016297500003,9.0,9.0,3.0,0.0003362252895642217,26767.766373745446,8922.588791248481
4151,2073.3017867471,5.0,-1.0,3.3166247903554,0.0003362522602487552,-2973.9577044336074,9863.501847992939
4152,2073.8019438784,8.0,5.0,3.3166247903554003,0.0003362792552379541,14868.594842289505,9862.710050337562
4153,2074.3021011439,7.0,4.0,3.1622776601683795,0.00033630627451642904,11893.920224210964,9402.969554211804
4154,2074.8022585436,4.0,2.0,2.449489742783178,0.0003363333180688244,5946.481934896313,7282.923252586992
4155,2075.3024160775,1.0,-2.0,1.9999999999999998,0.0003363603858797808,-5946.003405748333,5946.003405748333
4156,2075.8025737456,2.0,0.0,2.0,0.00033638747793395283,0.0,5945.52452512125
4157,2076.3027315479,4.0,3.0,2.23606797749979,0.000336414594215993,8917.567940212095,6646.762702762341
4158,2076.8028894844,6.0,6.0,2.449489742783178,0.00033644173471058516,17833.69713380338,7280.576367525523
4159,2077.3030475551,7.0,7.0,2.6457513110645907,0.00033646889940243445,20804.300226356532,7863.286371380594
4160,2077.80320576,6.0,5.0,2.6457513110645903,0.00033649608827620675,14859.013742518873,7862.651018079215
4161,2078.3033640991,7.0,5.0,3.0000000000000004,0.0003365233013166535,14857.812164677482,8914.68729880649
4162,2078.8035225724,4.0,1.0,2.6457513110645907,0.000336550538508482,2971.3219430038057,7861.378926297307
4163,2079.3036811799,9.0,7.0,3.3166247903554,0.00033657779983640166,20797.568952564452,9853.961823885864
4164,2079.8038399216,6.0,5.0,2.6457513110645903,0.0003366050852851843,14854.20220482948,7860.104991649225
4165,2080.3039987975,6.0,6.0,2.449489742783178,0.00033663239483957446,17823.59657590102,7276.452832029154
4166,2080.8041578076,5.0,5.0,2.23606797749979,0.0003366597284843611,14851.791221094227,6641.92295160026
4167,2081.3043169519,7.0,6.0,2.8284271247461903,0.000336687086204318,17820.701315401537,8400.759163746969
4168,2081.8044762304003,6.0,5.0,2.6457513110645903,0.0003367144679842035,14849.376772947484,7857.551613103576
4169,2082.3046356431,5.0,2.0,2.8284271247461903,0.0003367418738088686,5939.267301028266,8399.392367673221
4170,2082.80479519,3.0,2.0,1.9999999999999998,0.0003367693036630944,5938.783547804611,5938.78354780461
4171,2083.3049548711,6.0,4.0,2.8284271247461903,0.0003367967575317011,11876.598899927054,8398.023619571111
4172,2083.8051146864,6.0,4.0,2.8284271247461903,0.000336824235399553,11875.630015919302,8397.338515119047
4173,2084.3052746359,5.0,5.0,2.23606797749979,0.0003368517372514576,14843.325555621324,6638.136990905824
4174,2084.8054347196,5.0,5.0,2.23606797749979,0.00033687926307231404,14842.112733210019,6637.594600234561
4175,2085.3055949375,8.0,5.0,3.3166247903554003,0.0003369068128469651,14840.899053802084,9844.3387426004
4176,2085.8057552896003,6.0,5.0,2.6457513110645903,0.00033693438656032124,14839.684518531183,7852.422954137756
4177,2086.3059157759003,3.0,1.0,2.23606797749979,0.0003369619841972239,2967.693825706759,6635.965130686726
4178,2086.8060763964,11.0,11.0,3.3166247903554,0.0003369896057426307,32641.95634687035,9841.920147793544
4179,2087.3062371511,9.0,9.0,3.0,0.0003370172511814303,26704.864419996495,8901.621473332165
4180,2087.80639804,6.0,4.0,2.8284271247461903,0.0003370449204985497,11867.854273202767,8391.840234715422
4181,2088.3065590631,7.0,3.0,3.3166247903554,0.00033707261367893005,8900.159426353082,9839.496463852642
4182,2088.8067202204,5.0,5.0,2.23606797749979,0.00033710033070750967,14832.379397273056,6633.241720073983
4183,2089.3068815119,6.0,5.0,2.6457513110645903,0.0003371280715692529,14831.158902686924,7847.9116222782395
4184,2089.8070429376,2.0,0.0,2.0,0.0003371558362491629,0.0,5931.975024516472
4185,2090.3072044975,5.0,4.0,2.4494897427831783,0.0003371836247321673,11862.97229937335,7264.5572415589995
4186,2090.8073661916,3.0,2.0,1.9999999999999998,0.0003372114370032743,5930.996937036213,5930.996937036213
4187,2091.3075280199,6.0,3.0,2.9999999999999996,0.0003372392730475064,8895.761080523365,8895.761080523365
4188,2091.8076899824,5.0,5.0,2.23606797749979,0.00033726713284987675,14825.043750188323,6629.9611189659
4189,2092.3078520791,6.0,4.0,2.8284271247461903,0.00033729501639540103,11859.054553331785,8385.61789312211
4190,2092.80801431,4.0,2.0,2.449489742783178,0.0003373229236691155,5929.036717237238,7261.5573117287295
4191,2093.3081766751,3.0,2.0,1.9999999999999998,0.0003373508546560647,5928.5458222390935,5928.545822239093
4192,2093.8083391744,6.0,5.0,2.6457513110645903,0.0003373788093413259,14820.136480301298,7842.0791045826645
4193,2094.3085018079,8.0,5.0,3.3166247903554003,0.00033740678770996085,14818.90756832688,9829.751241419639
4194,2094.8086645756002,4.0,1.0,2.6457513110645907,0.0003374347897470575,2963.535564159238,7840.778104260846
4195,2095.3088274775,3.0,1.0,2.23606797749979,0.00033746281543768863,2963.289447766273,6626.116642213198
4196,2095.8089905136,7.0,5.0,3.0000000000000004,0.00033749086476696574,14815.215823552595,8889.12949413156
4197,2096.3091536838997,8.0,4.0,3.464101615137755,0.000337518937720014,11851.186860863394,10263.428886504056
4198,2096.8093169884,6.0,4.0,2.8284271247461903,0.00033754703428194973,11850.200398024648,8379.357059862754
4199,2097.3094804271,5.0,3.0,2.6457513110645907,0.00033757515443791564,8886.909953415243,7837.517886853779
4200,2097.8096440000004,6.0,5.0,2.6457513110645903,0.0003376032981730627,14810.281851680527,7836.864525263973
4201,2098.3098077071,5.0,0.0,3.1622776601683795,0.0003376314654725207,0.0,9366.063248112023
4202,2098.8099715484,4.0,3.0,2.23606797749979,0.00033765965632150526,8884.685936964666,6622.253904596469
4203,2099.3101355239,4.0,-1.0,3.0,0.0003376878707051693,-2961.3145355554875,8883.943606666464
4204,2099.8102996336,4.0,-3.0,3.3166247903554,0.0003377161086086976,-8883.20078174304,9820.747976811144
4205,2100.3104638775,10.0,0.0,4.47213595499958,0.0003377443700173198,0.0,13241.185796139976
4206,2100.8106282556,12.0,3.0,4.58257569495584,0.00033777265491622587,8881.713650692232,13567.041701739909
4207,2101.3107927679,23.0,15.0,5.5677643628300215,0.0003378009632906497,44404.84672950368,16482.381543830656
4208,2101.8109574144,22.0,12.0,5.656854249492381,0.00033782929512581685,35520.8981966199,16744.711992444627
4209,2102.3111221951003,33.0,28.0,6.164414002968976,0.0003378576504069897,82875.13977046449,18245.59543210937
4210,2102.8112871099997,25.0,18.0,5.656854249492381,0.00033788602911941095,53272.400894796076,16741.900410132715
4211,2103.3114521591,35.0,33.0,6.082762530298219,0.00033791443124835417,97657.85935240588,18000.895989634788
4212,2103.8116173424,27.0,27.0,5.196152422706632,0.0003379428567791079,79895.16410358161,15375.83150071739
4213,2104.3117826599,21.0,18.0,4.898979485566356,0.0003379713056969398,53258.95925656089,14495.252712250342
4214,2104.8119481115996,24.0,21.0,5.196152422706631,0.0003379997779871668,62130.21832457337,15373.242117643993
4215,2105.3121136975,18.0,16.0,4.472135954999579,0.0003380282736351091,47333.31868348829,13230.064772117581
4216,2105.8122794176,10.0,7.0,3.6055512754639896,0.00033805679262605305,20706.579937718223,10665.519386419572
4217,2106.3124452719003,14.0,12.0,4.0,0.0003380853349453775,35493.99740139208,11831.332467130695
4218,2106.8126112604,4.0,4.0,2.0,0.0003381139005783975,11830.332894203299,5915.166447101649
4219,2107.3127773830997,8.0,6.0,3.1622776601683795,0.00033814248951047284,17743.999012623848,9351.908613278363
4220,2107.81294364,2.0,0.0,2.0,0.0003381711017269657,0.0,5914.165905325554
4221,2108.3131100311,6.0,5.0,2.6457513110645903,0.00033819973721326436,14784.16287723803,7823.043663088993
4222,2108.8132765564,3.0,2.0,1.9999999999999998,0.0003382283959547477,5913.164074691068,5913.164074691068
4223,2109.3134432159,1.0,-1.0,1.7320508075688774,0.00033825707793681527,-2956.3313385767347,5120.516082423014
4224,2109.8136100096,11.0,8.0,3.7416573867739413,0.0003382857831448688,23648.64383489048,11060.6403615005
4225,2110.3137769375,6.0,3.0,2.9999999999999996,0.000338314511564336,8867.488379757251,8867.488379757251
4226,2110.8139439996003,9.0,9.0,3.0,0.00033834326318065995,26600.204524227243,8866.734841409081
4227,2111.3141111959003,4.0,4.0,2.0,0.00033837203797923746,11821.307764932515,5910.6538824662575
4228,2111.8142785264,4.0,2.0,2.449489742783178,0.00033840083594559333,5910.150884856418,7238.426985378359
4229,2112.3144459911,8.0,7.0,3.0000000000000004,0.00033842965706510025,20683.766489925205,8864.47135282509
4230,2112.81461359,7.0,5.0,3.0000000000000004,0.00033845850132329964,14772.8598349608,8863.715900976482
4231,2113.3147813231003,7.0,6.0,2.8284271247461903,0.00033848736870565206,17725.919944792942,8356.078797155307
4232,2113.8149491903996,6.0,4.0,2.8284271247461903,0.0003385162591976508,11816.27142365562,8355.36565200771
4233,2114.3151171919,5.0,2.0,2.8284271247461903,0.000338545172784803,5907.63112511223,8354.652058631142
4234,2114.8152853276,8.0,3.0,3.6055512754639896,0.0003385741094526059,8860.689332832593,10649.223241828242
4235,2115.3154535975,14.0,9.0,4.358898943540674,0.00033860306918662614,26579.794511666154,12873.182024047755
4236,2115.8156220016003,6.0,0.0,3.4641016151377544,0.00033863205197235985,0.0,10229.692065358611
4237,2116.3157905399,9.0,7.0,3.3166247903554,0.0003386610577954018,20669.633661361117,9793.345629833533
4238,2116.8159592124,14.0,9.0,4.358898943540674,0.0003386900866412474,26572.96553687773,12869.874600604342
4239,2117.3161280191002,16.0,14.0,4.242640687119285,0.00033871913849552583,41332.178813937695,12525.54168023584
4240,2117.8162969600003,25.0,19.0,5.5677643628300215,0.00033874821334377937,56088.85671292916,16436.291450427707
4241,2118.3164660351,23.0,21.0,5.0,0.0003387773111716059,61987.62227427491,14758.957684351168
4242,2118.8166352444,27.0,25.0,5.385164807134504,0.00033880643196460046,73788.4456768875,15894.517633293226
4243,2119.3168045879,12.0,10.0,3.7416573867739413,0.00033883557570838353,29512.839609871517,11042.693433095032
4244,2119.8169740656,6.0,5.0,2.6457513110645903,0.00033886474238860266,14755.149694110429,7807.6913296293915
4245,2120.3171436775,10.0,6.0,3.7416573867739418,0.00033889393199084186,17704.654564786193,11040.791922102208
4246,2120.8173134236,8.0,3.0,3.6055512754639896,0.00033892314450077054,8851.564281391764,10638.256294874522
4247,2121.3174833038997,6.0,5.0,2.6457513110645903,0.0003389523799040315,14751.33469018764,7805.672619303304
4248,2121.8176533184,8.0,8.0,2.8284271247461903,0.0003389816381862994,23600.098349879692,8343.894789934691
4249,2122.3178234671,8.0,6.0,3.1622776601683795,0.0003390109193332512,17698.54496663554,9327.952227579515
4250,2122.81799375,3.0,-1.0,2.6457513110645907,0.0003390402233305543,-2949.5025403668087,7803.650213163825
4251,2123.3181641671,4.0,3.0,2.23606797749979,0.0003390695501639263,8847.742295200564,6594.717739822824
4252,2123.8183347184,6.0,2.0,3.1622776601683795,0.0003390988998190454,5897.984337511172,9325.53205526729
4253,2124.3185054039,4.0,2.0,2.449489742783178,0.00033912827228165806,5897.473503297092,7222.9004273309
4254,2124.8186762236,4.0,2.0,2.449489742783178,0.0003391576675374708,5896.962361256468,7222.274408738093
4255,2125.3188471774997,6.0,4.0,2.8284271247461903,0.0003391870855722168,11792.901823640788,8338.840849363605
4256,2125.8190182656,7.0,4.0,3.1622776601683795,0.0003392165263716794,11791.878310837961,9322.298338446733
4257,2126.3191894879,3.0,1.0,2.23606797749979,0.00033924598992157793,2947.713546241669,6591.287867593342
4258,2126.8193608444003,4.0,2.0,2.449489742783178,0.0003392754762077008,5894.914723443263,7219.766574827903
4259,2127.3195323351,8.0,7.0,3.0000000000000004,0.0003393049852158082,20630.407170551265,8841.6030730934
4260,2127.81970396,1.0,-1.0,1.7320508075688774,0.00033933451693172263,-2946.9445343846633,5104.257660641645
4261,2128.3198757191,3.0,2.0,1.9999999999999998,0.0003393640713412089,5893.3757839943155,5893.3757839943155
4262,2128.8200476124002,9.0,5.0,3.605551275463989,0.0003393936484301006,14732.155487081158,10623.508401355855
4263,2129.3202196399,6.0,6.0,2.449489742783178,0.00033942324818421465,17677.04490513752,7216.6233629753315
4264,2129.8203918015997,3.0,3.0,1.7320508075688772,0.0003394528705893774,8837.751157594364,5102.478009868032
4265,2130.3205640974998,6.0,6.0,2.449489742783178,0.00033948251563142867,17673.95881593535,7215.3634723343275
4266,2130.8207365276,5.0,2.0,2.8284271247461903,0.000339512183296223,5890.804802886876,8330.856045535187
4267,2131.3209090919,1.0,-3.0,2.23606797749979,0.00033954187356962306,-8835.434547323513,6585.544086188486
4268,2131.8210817904,4.0,1.0,2.6457513110645907,0.00033957158643750575,2944.8871458626545,7791.439027103379
4269,2132.3212546231,7.0,5.0,3.0000000000000004,0.00033960132188573235,14723.146459607655,8833.887875764594
4270,2132.82142759,3.0,0.0,2.449489742783178,0.0003396310799002322,0.0,7212.207267670331
4271,2133.3216006911002,7.0,5.0,3.0000000000000004,0.0003396608604668895,14720.565664018875,8832.339398411326
4272,2133.8217739264,3.0,2.0,1.9999999999999998,0.00033969066357161413,5887.709656107038,5887.709656107038
4273,2134.3219472959,13.0,10.0,3.9999999999999996,0.0003397204892003365,29435.963734595065,11774.385493838025
4274,2134.8221207996,2.0,-1.0,2.23606797749979,0.00033975033733898904,-2943.337769234474,6581.503332750874
4275,2135.3222944375,1.0,0.0,1.4142135623730951,0.0003397802079735191,0.0,4162.14225898441
4276,2135.8224682096,9.0,7.0,3.3166247903554,0.0003398101010898694,20599.740789190706,9760.230139475028
4277,2136.3226421159,8.0,7.0,3.0000000000000004,0.0003398400166740158,20597.92742628835,8827.68318269501
4278,2136.8228161563998,2.0,2.0,1.4142135623730951,0.00033986995471196543,5884.603720546494,4161.043195394013
4279,2137.3229903311,5.0,2.0,2.8284271247461903,0.00033989991518962103,5884.08502215793,8321.35284049214
4280,2137.82316464,5.0,3.0,2.6457513110645907,0.000339929898093072,8825.349040579558,7783.226264905331
4281,2138.3233390831,6.0,5.0,2.6457513110645903,0.00033995990340826744,14707.616839140464,7782.539306958306
4282,2138.8235136604,4.0,2.0,2.449489742783178,0.00033998993112122956,5882.527148390356,7204.594955812877
4283,2139.3236883719,7.0,6.0,2.8284271247461903,0.0003400199812180077,17646.021797033838,8318.414449098836
4284,2139.8238632176,3.0,1.0,2.23606797749979,0.0003400500536846168,2940.743543970915,6575.702468712609
4285,2140.3240381975,8.0,4.0,3.464101615137755,0.0003400801485071045,11761.9332312084,10186.132975842862
4286,2140.8242133116,11.0,8.0,3.7416573867739413,0.00034011026567155016,23521.78339634631,11001.306824379475
4287,2141.3243885599,3.0,3.0,1.7320508075688772,0.0003401404051640002,8819.887183216404,5092.1642394521205
4288,2141.8245639424,4.0,3.0,2.23606797749979,0.00034017056697053843,8819.105152797727,6573.372874124797
4289,2142.3247394591,3.0,3.0,1.7320508075688772,0.00034020075107725126,8818.322683005405,5091.260974834153
4290,2142.8249151100003,3.0,0.0,2.449489742783178,0.0003402309574702333,0.0,7199.491078049483
4291,2143.3250908951,9.0,8.0,3.1622776601683795,0.00034026118613559957,23511.350474196817,9293.677295617728
4292,2143.8252668144,4.0,2.0,2.449489742783178,0.000340291437059473,5877.31509579672,7198.2115211293985
4293,2144.3254428679,4.0,3.0,2.23606797749979,0.0003403217102279667,8815.188422714586,6570.453515886322
4294,2144.8256190556,6.0,5.0,2.6457513110645903,0.0003403520056272384,14690.672942518571,7773.573439617923
4295,2145.3257953775,3.0,1.0,2.23606797749979,0.0003403823232434059,2937.8728909048086,6569.283493316976
4296,2145.8259718336,10.0,8.0,3.464101615137755,0.0003404126630626549,23500.888386539114,10176.183177122783
4297,2146.3261484239,3.0,2.0,1.9999999999999998,0.00034044302507114374,5874.698121901754,5874.698121901753
4298,2146.8263251484,3.0,1.0,2.23606797749979,0.0003404734092550567,2937.0869290144074,6567.526029102315
4299,2147.3265020071003,7.0,4.0,3.1622776601683795,0.0003405038156005859,11747.298610867952,9287.05499111869
4300,2147.826679,4.0,3.0,2.23606797749979,0.00034053424409391487,8809.686696802919,6566.352771508969
4301,2148.3268561270997,3.0,0.0,2.449489742783178,0.000340564694721246,0.0,7192.435918197857
4302,2148.8270333884,6.0,4.0,2.8284271247461903,0.0003405951674688266,11744.147838991596,8304.366576208295
4303,2149.3272107839002,9.0,5.0,3.605551275463989,0.00034062566232288203,14678.870540471658,10585.084079913673
4304,2149.8273883136003,8.0,6.0,3.1622776601683795,0.0003406561792696101,17613.06667873868,9282.901214205234
4305,2150.3275659775,5.0,4.0,2.4494897427831783,0.00034068671829529996,11740.991900168194,7189.859807390592
4306,2150.8277437756,5.0,4.0,2.4494897427831783,0.00034071727938622584,11739.938776236037,7189.214903323168
4307,2151.3279217079003,3.0,1.0,2.23606797749979,0.00034074786252860406,2934.721270382305,6562.236255589375
4308,2151.8280997744,8.0,7.0,3.0000000000000004,0.0003407784677087486,20541.203929535404,8803.373112658031
4309,2152.3282779751,3.0,3.0,1.7320508075688772,0.0003408090949129458,8802.581987333118,5082.173079950527
4310,2152.82845631,5.0,-1.0,3.3166247903554,0.00034083974412746685,-2933.930145265046,9730.745452957071
4311,2153.3286347791,6.0,6.0,2.449489742783178,0.00034087041533867394,17601.996917329016,7185.985150249757
4312,2153.8288133824,6.0,5.0,2.6457513110645903,0.0003409011085328305,14667.01009427335,7761.052237264259
4313,2154.3289921199002,4.0,3.0,2.23606797749979,0.00034093182369629736,8799.413230113729,6558.695381548432
4314,2154.8291709915998,4.0,0.0,2.8284271247461903,0.0003409625608154021,0.0,8295.41847052676
4315,2155.3293499975,6.0,5.0,2.6457513110645903,0.0003409933198764979,14663.043844409964,7758.953495109046
4316,2155.8295291376,6.0,4.0,2.8284271247461903,0.00034102410086593474,11729.376281157623,8293.921507495204
4317,2156.3297084119,5.0,5.0,2.23606797749979,0.00034105490377009433,14660.39615536655,6556.328476095236
4318,2156.8298878203996,3.0,1.0,2.23606797749979,0.0003410857285753365,2931.814251440096,6555.735963622717
4319,2157.3300673630997,5.0,3.0,2.6457513110645907,0.00034111657526808933,8794.647394786514,7756.14995836907
4320,2157.83024704,10.0,7.0,3.6055512754639896,0.0003411474438346933,20518.987102221778,10568.894302520697
4321,2158.3304268511,5.0,4.0,2.4494897427831783,0.0003411783342615749,11724.07388838846,7179.499683309907
4322,2158.8306067964004,6.0,6.0,2.449489742783178,0.0003412092465351863,17584.517597125745,7178.8492476583015
4323,2159.3307868759,3.0,1.0,2.23606797749979,0.0003412401806419104,2930.4872542233734,6552.768707640171
4324,2159.8309670896,6.0,5.0,2.6457513110645903,0.00034127113656820415,14651.107182047708,7752.637207090112
4325,2160.3311474375,6.0,3.0,2.9999999999999996,0.0003413021143005204,8789.866438853835,8789.866438853835
4326,2160.8313279196,8.0,8.0,2.8284271247461903,0.0003413331138253144,23437.515072429207,8286.412920938305
4327,2161.3315085359,2.0,-3.0,2.6457513110645907,0.000341364135129055,-8788.269449764633,7750.525139567889
4328,2161.8316892864,5.0,3.0,2.6457513110645907,0.0003413951781982022,8787.470332279572,7749.8203841899585
4329,2162.3318701711,9.0,8.0,3.1622776601683795,0.00034142624301925905,23431.12213418445,9261.96425970104
4330,2162.83205119,6.0,5.0,2.6457513110645903,0.0003414573295787015,14643.118090828872,7748.409777376821
4331,2163.3322323431003,2.0,1.0,1.7320508075688774,0.000341488437863055,2928.3568318088237,5072.062815384312
4332,2163.8324136304,4.0,4.0,2.0,0.0003415195678588297,11712.359631625668,5856.179815812834
4333,2164.3325950518997,3.0,1.0,2.23606797749979,0.0003415507195525435,2927.8228466626374,6546.8109112146
4334,2164.8327766076,4.0,1.0,2.6457513110645907,0.00034158189293075856,2927.555648281123,7745.584194654329
4335,2165.3329582975,1.0,-1.0,1.7320508075688774,0.0003416130879799969,-2927.288312965793,5070.212086459338
4336,2165.8331401216,3.0,3.0,1.7320508075688772,0.00034164430468680107,8781.062522760973,5069.748811286982
4337,2166.3333220799,5.0,2.0,2.8284271247461903,0.00034167554303775755,5853.506464695912,8278.108229811547
4338,2166.8335041724,9.0,6.0,3.4641016151377544,0.000341706803019431,17558.91292471228,10137.643103759832
4339,2167.3336863991,10.0,8.0,3.464101615137755,0.0003417380846184238,23409.74085148455,10136.715136697989
4340,2167.8338687600003,6.0,4.0,2.8284271247461903,0.0003417693878212928,11703.798358007281,8275.83518458693
4341,2168.3340512551,5.0,5.0,2.23606797749979,0.00034180071261466315,14628.407184267238,6542.022573313568
4342,2168.8342338844,7.0,5.0,3.0000000000000004,0.00034183205898515533,14627.065743465371,8776.239446079224
4343,2169.3344166479,4.0,2.0,2.449489742783178,0.00034186342691938063,5850.289450446674,7165.1120005908815
4344,2169.8345995456,6.0,5.0,2.6457513110645903,0.000341894816403982,14624.380833232679,7738.494952606645
4345,2170.3347825775004,5.0,4.0,2.4494897427831783,0.00034192622742557527,11698.429892660552,7163.796007185035
4346,2170.8349657435997,5.0,1.0,3.0,0.0003419576599708611,2924.33864498082,8773.015934942461
4347,2171.3351490439,3.0,2.0,1.9999999999999998,0.0003419891140264235,5848.139364592382,5848.139364592381
4348,2171.8353324784002,6.0,5.0,2.6457513110645903,0.00034202058957901545,14619.002926561745,7735.6492318815635
4349,2172.3355160471,5.0,5.0,2.23606797749979,0.00034205208661529043,14617.656771155887,6537.21484241293
4350,2172.83569975,6.0,5.0,2.6457513110645903,0.00034208360512188676,14616.30994627312,7734.224240655704
4351,2173.3358835871,5.0,5.0,2.23606797749979,0.00034211514508557543,14614.962452917185,6536.0099066659795
4352,2173.8360675584,8.0,6.0,3.1622776601683795,0.00034214670649304667,17536.33715051393,9242.461202041837
4353,2174.3362516639,8.0,7.0,3.0000000000000004,0.00034217828933099227,20457.171650738,8767.359278887716
4354,2174.8364359036004,5.0,4.0,2.4494897427831783,0.00034220989358615424,11688.732777659936,7157.857761252886
4355,2175.3366202775,8.0,4.0,3.464101615137755,0.0003422415192452821,11687.65265190758,10121.804107160528
4356,2175.8368047855997,3.0,2.0,1.9999999999999998,0.00034227316629512256,5843.285997697858,5843.285997697857
4357,2176.3369894279,1.0,1.0,1.0,0.00034230483472241725,2921.37270223169,2921.37270223169
4358,2176.8371742044,9.0,8.0,3.1622776601683795,0.00034233652451395267,23368.818186602646,9237.336462003761
4359,2177.3373591151,6.0,3.0,2.9999999999999996,0.00034236823565647476,8762.495136990858,8762.495136990856
4360,2177.83754416,3.0,3.0,1.7320508075688772,0.00034239996813681,8761.683058338704,5058.560072286034
4361,2178.3377293391,5.0,2.0,2.8284271247461903,0.0003424317219417207,5840.580389746675,8259.827999310086
4362,2178.8379146524003,6.0,5.0,2.6457513110645903,0.0003424634970580311,14600.0961940558,7725.644729418454
4363,2179.3381000999,5.0,2.0,2.8284271247461903,0.000342495293472538,5839.496302918873,8258.294869015417
4364,2179.8382856815997,5.0,1.0,3.0,0.00034252711117208735,2919.476933017413,8758.43079905224
4365,2180.3384713975,4.0,2.0,2.449489742783178,0.0003425589501434801,5838.411167369308,7150.564134310939
4366,2180.8386572476,6.0,0.0,3.4641016151377544,0.0003425908103736025,0.0,10111.484342969032
4367,2181.3388432319002,4.0,4.0,2.0,0.00034262269184927134,11674.64997257013,5837.324986285065
4368,2181.8390293504,8.0,7.0,3.0000000000000004,0.0003426545945573533,20428.73526631888,8755.172256993807
4369,2182.3392156031,4.0,2.0,2.449489742783178,0.00034268651848474665,5836.237762849203,7147.902268271482
4370,2182.83940199,1.0,1.0,1.0,0.0003427184636182984,2917.8468806213687,2917.8468806213687
4371,2183.3395885111,3.0,3.0,1.7320508075688772,0.00034275042994491714,8752.724250359439,5053.387702087587
4372,2183.8397751664,4.0,2.0,2.449489742783178,0.0003427824174514895,5834.604980236594,7145.902526140591
4373,2184.3399619559,6.0,6.0,2.449489742783178,0.0003428144261249525,17502.180604888137,7145.235311335361
4374,2184.8401488796,2.0,2.0,1.4142135623730951,0.0003428464559521849,5833.515164814567,4124.9181311949405
4375,2185.3403359375,10.0,10.0,3.1622776601683795,0.0003428785069201331,29164.849350937315,9222.735156464534
4376,2185.8405231296,3.0,-2.0,2.8284271247461903,0.0003429105790157524,-5832.424318143084,8248.293572232602
4377,2186.3407104558996,7.0,7.0,2.6457513110645907,0.00034294267222596326,20411.574781769163,7714.850105679815
4378,2186.8408979164,4.0,2.0,2.449489742783178,0.00034297478653773063,5831.332443383502,7141.894503413328
4379,2187.3410855111,6.0,2.0,3.1622776601683795,0.0003430069219380154,5830.786121457395,9219.282346552276
4380,2187.84127324,3.0,2.0,1.9999999999999998,0.0003430390784137985,5830.239543692615,5830.2395436926145
4381,2188.3414611031003,6.0,3.0,2.9999999999999996,0.00034307125595206826,8744.539065724413,8744.539065724412
4382,2188.8416491004,4.0,2.0,2.449489742783178,0.0003431034545398044,5829.145622222159,7139.2162054113205
4383,2189.3418372318997,6.0,4.0,2.8284271247461903,0.000343135674164011,11657.196558606995,8242.882736215492
4384,2189.8420254976,4.0,1.0,2.6457513110645907,0.0003431679148117132,2914.02534105985,7709.786366584538
4385,2190.3422138975,4.0,0.0,2.8284271247461903,0.0003432001764699258,0.0,8241.33353845767
4386,2190.8424024315996,4.0,4.0,2.0,0.00034323245912568366,11653.909453054654,5826.954726527327
4387,2191.3425910999,6.0,5.0,2.6457513110645903,0.0003432647627660057,14566.015922258715,7707.611144660739
4388,2191.8427799024,9.0,8.0,3.1622776601683795,0.0003432970873779844,23303.431034332272,9211.489920642933
4389,2192.3429688391,7.0,5.0,3.0000000000000004,0.00034332943294862483,14563.272239896165,8737.963343937701
4390,2192.84315791,6.0,4.0,2.8284271247461903,0.0003433617994650355,11649.519562840362,8237.454280449765
4391,2193.3433471150997,9.0,6.0,3.4641016151377544,0.00034339418691426164,17472.63124607894,10087.828353374742
4392,2193.8435364544,6.0,3.0,2.9999999999999996,0.0003434265952834274,8735.491197250238,8735.491197250236
4393,2194.3437259279,10.0,9.0,3.3166247903554003,0.00034345902455960577,26203.999186045818,9656.537034099143
4394,2194.8439155356,8.0,7.0,3.0000000000000004,0.00034349147472988346,20378.962841813453,8733.841217920053
4395,2195.3441052774997,9.0,8.0,3.1622776601683795,0.0003435239457814151,23288.04177479498,9205.406781687769
4396,2195.8442951536,4.0,2.0,2.449489742783178,0.0003435564377013151,5821.459825878105,7129.803065756382
4397,2196.3444851639,7.0,6.0,2.8284271247461903,0.0003435889504766646,17462.72687662434,8232.008394979766
4398,2196.8446753084,7.0,7.0,2.6457513110645907,0.00034362148409468926,20371.252450766617,7699.6096970919325
4399,2197.3448655871002,3.0,0.0,2.449489742783178,0.0003436540385424745,0.0,7127.778137489949
4400,2197.8450559999997,7.0,2.0,3.464101615137755,0.000343686613807208,5819.2548666498415,10079.24509122998
4401,2198.3452465471,6.0,4.0,2.8284271247461903,0.00034371920987604496,11637.40601359614,8228.88870763494
4402,2198.8454372284,9.0,7.0,3.3166247903554,0.00034375182673620087,20363.52814896277,9648.311753992848
4403,2199.3456280439,10.0,9.0,3.3166247903554003,0.0003437844643747991,26179.19345589759,9647.395778593313
4404,2199.8458189935996,6.0,1.0,3.3166247903554,0.00034381712277909484,2908.5229726691296,9646.479394472615
4405,2200.3460100775,8.0,3.0,3.6055512754639896,0.00034384980193626926,8724.739648260824,10485.832055626019
4406,2200.8462012956,6.0,-6.0,4.242640687119285,0.0003438825018335459,-17447.820019944666,12337.471853025274
4407,2201.3463926479,18.0,3.0,5.744562646538029,0.0003439152224581392,8723.080003721427,16703.426517380307
4408,2201.8465841344,29.0,8.0,7.0710678118654755,0.0003439479637972831,23259.33234689844,20558.53953545438
4409,2202.3467757550998,36.0,21.0,7.14142842854285,0.0003439807258382256,61049.93222752927,20761.12959858533
4410,2202.84696751,49.0,34.0,8.0,0.0003440135085682226,98833.32820710247,23254.900754612347
4411,2203.3471593991,76.0,68.0,9.165151389911681,0.0003440463119745322,197647.8097083443,26639.295556785757
4412,2203.8473514224,80.0,70.0,9.486832980505138,0.0003440791360444198,203441.57104301482,27571.660082523602
4413,2204.3475435798996,68.0,63.0,8.54400374531753,0.0003441119807651717,183079.93769909555,24829.13767291385
4414,2204.8477358716,67.0,64.0,8.366600265340756,0.00034414484612405705,185968.20705235648,24311.275788581097
4415,2205.3479282975,34.0,34.0,5.830951894845301,0.00034417773210838973,98786.17013285622,16941.68840943201
4416,2205.8481208576,28.0,27.0,5.385164807134505,0.000344210638705491,78440.34136057422,15644.969102021534
4417,2206.3483135519,20.0,19.0,4.582575694955841,0.00034424356590265464,55193.478925827854,13312.01552871348
4418,2206.8485063803996,9.0,7.0,3.3166247903554,0.00034427651368718764,20332.493567540467,9633.60745940663
4419,2207.3486993430997,7.0,4.0,3.1622776601683795,0.00034430948204645364,11617.455250507237,9184.40480167122
4420,2207.84889244,3.0,0.0,2.449489742783178,0.0003443424709678052,0.0,7113.527808227283
4421,2208.3490856711,3.0,0.0,2.449489742783178,0.0003443754804385799,0.0,7112.845954257913
4422,2208.8492790364003,4.0,2.0,2.449489742783178,0.00034440851044611695,5807.057431331686,7112.163806899896
4423,2209.3494725359,9.0,9.0,3.0,0.0003444415609778048,26129.250995294216,8709.750331764739
4424,2209.8496661696,4.0,2.0,2.449489742783178,0.00034447463202102866,5805.94277223267,7110.798633885027
4425,2210.3498599375002,5.0,3.0,2.6457513110645907,0.0003445077235631687,8708.077627321822,7679.802599779646
4426,2210.8500538396,4.0,2.0,2.449489742783178,0.000344540835591608,5804.82715950293,7109.432292915819
4427,2211.3502478758996,9.0,9.0,3.0,0.000344573968093773,26119.210484149877,8706.403494716626
4428,2211.8504420464,3.0,1.0,2.23606797749979,0.0003446071210570801,2901.8552980928152,6488.745707403451
4429,2212.3506363511,7.0,2.0,3.464101615137755,0.0003446402944689355,5803.151959006557,10051.354037042222
4430,2212.85083079,4.0,1.0,2.6457513110645907,0.00034467348831678955,2901.296542659816,7676.1091315293725
4431,2213.3510253631002,7.0,5.0,3.0000000000000004,0.0003447067025880583,14505.084938760967,8703.05096325658
4432,2213.8512200704,6.0,5.0,2.6457513110645903,0.00034473993727021385,14503.686574848167,7674.629554134887
4433,2214.3514149119,4.0,1.0,2.6457513110645907,0.0003447731923507176,2900.457524501379,7673.88929813668
4434,2214.8516098876003,3.0,1.0,2.23606797749979,0.0003448064678170219,2900.177616536674,6484.994297399322
4435,2215.3518049975,3.0,1.0,2.23606797749979,0.00034483976365662215,2899.897591264332,6484.368141854947
4436,2215.8520002416,4.0,0.0,2.8284271247461903,0.0003448730798569797,0.0,8201.35664378081
4437,2216.3521956198997,5.0,4.0,2.4494897427831783,0.0003449064164056123,11597.348758209162,7101.896706678142
4438,2216.8523911324,3.0,2.0,1.9999999999999998,0.00034493977329002674,5798.113626979142,5798.113626979141
4439,2217.3525867791,9.0,8.0,3.1622776601683795,0.00034497315049772067,23190.210566989786,9166.735601324062
4440,2217.8527825600004,4.0,4.0,2.0,0.0003450065480162047,11593.98284757228,5796.99142378614
4441,2218.3529784751,9.0,5.0,3.605551275463989,0.00034503996583304576,14491.074933676948,10449.662741992632
4442,2218.8531745244,3.0,1.0,2.23606797749979,0.0003450734039357648,2897.9341455887725,6479.977743854268
4443,2219.3533707079,5.0,3.0,2.6457513110645907,0.0003451068623118847,8692.959565923667,7666.469722858006
4444,2219.8535670256,6.0,3.0,2.9999999999999996,0.00034514034094900093,8692.116348240179,8692.116348240177
4445,2220.3537634775,3.0,0.0,2.449489742783178,0.0003451738398346766,0.0,7096.3945122735195
4446,2220.8539600636,2.0,0.0,2.0,0.0003452073589564521,0.0,5793.619249734186
4447,2221.3541567839,4.0,4.0,2.0,0.0003452408983019645,11586.112826358727,5793.0564131793635
4448,2221.8543536384,4.0,1.0,2.6457513110645907,0.0003452744578587589,2896.2466734480226,7662.748433441566
4449,2222.3545506271003,6.0,5.0,2.6457513110645903,0.00034530803761444623,14479.825128144717,7662.003263354977
4450,2222.8547477499997,9.0,9.0,3.0,0.00034534163755665237,26061.149369871666,8687.049789957222
4451,2223.3549450071,6.0,5.0,2.6457513110645903,0.0003453752576729868,14477.00693352554,7660.5120149332715
4452,2223.8551423984,5.0,3.0,2.6457513110645907,0.0003454088979510846,8685.358187920358,7659.765937585288
4453,2224.3553399239,4.0,3.0,2.23606797749979,0.0003454425583785769,8684.511873931424,6473.052967171583
4454,2224.8555375836,3.0,2.0,1.9999999999999998,0.00034547623894310304,5789.110145804797,5789.110145804796
4455,2225.3557353775,6.0,5.0,2.6457513110645903,0.0003455099396323393,14471.363704675332,7657.525898907457
4456,2225.8559333056,0.0,-5.0,2.23606797749979,0.0003455436604339171,-14469.951477973118,6471.159027174289
4457,2226.3561313679,5.0,4.0,2.4494897427831783,0.00034557740133552196,11574.830948266754,7088.107420557175
4458,2226.8563295644003,5.0,4.0,2.4494897427831783,0.0003456111623248489,11573.700262146906,7087.415019543956
4459,2227.3565278951,8.0,6.0,3.1622776601683795,0.0003456449433895519,17358.853687142837,9148.919203497217
4460,2227.85672636,4.0,2.0,2.449489742783178,0.0003456787445173887,5785.718768425445,7086.029388943123
4461,2228.3569249591,4.0,3.0,2.23606797749979,0.0003457125656960055,8677.729124367386,6467.997404138401
4462,2228.8571236924,3.0,2.0,1.9999999999999998,0.00034574640691313363,5784.586506209119,5784.586506209118
4463,2229.3573225599,8.0,7.0,3.0000000000000004,0.00034578026815651236,20244.0701354062,8676.03005803123
4464,2229.8575215615997,4.0,1.0,2.6457513110645907,0.0003458141494138656,2891.7266736914626,7650.789638159635
4465,2230.3577206975,6.0,3.0,2.9999999999999996,0.0003458480506729358,8674.329648996816,8674.329648996814
4466,2230.8579199676,6.0,5.0,2.6457513110645903,0.0003458819719214741,14455.798237252893,7649.289427739407
4467,2231.3581193719,8.0,5.0,3.3166247903554003,0.0003459159131472332,14454.379836153521,9587.950898759998
4468,2231.8583189103997,4.0,2.0,2.449489742783178,0.00034594987433799753,5781.18435171326,7080.475885330123
4469,2232.3585185831,3.0,3.0,1.7320508075688772,0.0003459838554815236,8670.924820537493,5006.160779260329
4470,2232.85871839,8.0,7.0,3.0000000000000004,0.0003460178565655996,20230.16982267477,8670.072781146331
4471,2233.3589183311,4.0,3.0,2.23606797749979,0.000346051877578039,8669.220409946953,6461.65538285666
4472,2233.8591184064,9.0,6.0,3.4641016151377544,0.00034608591850659824,17336.735414982242,10009.368858709315
4473,2234.3593186159,5.0,2.0,2.8284271247461903,0.00034611997933913625,5778.343116218536,8171.811203001468
4474,2234.8595189596,13.0,11.0,3.8729833462074166,0.00034615406006345475,31777.758140359674,11188.611641583653
4475,2235.3597194375,1.0,-1.0,1.7320508075688774,0.00034618816066739246,-2888.6025393594296,5003.20636104301
4476,2235.8599200496,3.0,1.0,2.23606797749979,0.00034622228113875494,2888.317865363586,6458.475087580064
4477,2236.3601207959,3.0,2.0,1.9999999999999998,0.0003462564214653967,5776.066163728522,5776.066163728521
4478,2236.8603216764,3.0,3.0,1.7320508075688772,0.0003462905816352275,8663.244567130945,5001.726582888614
4479,2237.3605226911,7.0,3.0,3.3166247903554,0.00034632476163601116,8662.389561255262,9576.631987525012
4480,2237.86072384,5.0,4.0,2.4494897427831783,0.00034635896145570233,11548.712304680996,7072.113083167495
4481,2238.3609251230996,12.0,11.0,3.605551275463989,0.0003463931810821573,31755.821421297052,10408.840220814933
4482,2238.8611265403997,12.0,10.0,3.7416573867739413,0.00034642742050323435,28866.075282013182,10800.696380611731
4483,2239.3613280919,5.0,4.0,2.4494897427831783,0.0003464616797068643,11545.288366044799,7070.0163575251745
4484,2239.8615297776,5.0,4.0,2.4494897427831783,0.0003464959586809327,11544.14618637258,7069.316918177295
4485,2240.3617315975002,6.0,2.0,3.1622776601683795,0.0003465302574133679,5771.501787257343,9125.545583732885
4486,2240.8619335516,5.0,1.0,3.0,0.0003465645758920896,2885.465132799296,8656.395398397888
4487,2241.3621356399,7.0,3.0,3.3166247903554,0.0003465989141050177,8655.537792859372,9569.05707255182
4488,2241.8623378624,4.0,0.0,2.8284271247461903,0.00034663327204010464,0.0,8159.710428544632
4489,2242.3625402191,7.0,6.0,2.8284271247461903,0.0003466676496852807,17307.64322960925,8158.901262676093
4490,2242.8627427099996,8.0,6.0,3.1622776601683795,0.00034670204702853753,17305.926086747713,9121.02390877458
4491,2243.3629453351,6.0,5.0,2.6457513110645903,0.00034673646405779083,14420.173585108274,7630.4386337158385
4492,2243.8631480944,3.0,2.0,1.9999999999999998,0.0003467709007610597,5767.496625612445,5767.496625612444
4493,2244.3633509879,8.0,4.0,3.464101615137755,0.0003468053571262936,11533.847207969597,9988.60468546989
4494,2244.8635540156,5.0,1.0,3.0,0.0003468398331414974,2883.175184760391,8649.525554281174
4495,2245.3637571775,5.0,3.0,2.6457513110645907,0.00034687432879466554,8648.665383871255,7627.405926112105
4496,2245.8639604736,3.0,-2.0,2.8284271247461903,0.0003469088440738125,-5765.203263524915,8153.228645114565
4497,2246.3641639039,4.0,3.0,2.23606797749979,0.0003469433789669546,8646.94408906919,6445.051593599568
4498,2246.8643674684,1.0,0.0,1.4142135623730951,0.0003469779334621095,0.0,4075.8025971917587
4499,2247.3645711671,4.0,4.0,2.0,0.00034701250754729705,11526.962034516317,5763.481017258158
4500,2247.864775,7.0,3.0,3.3166247903554,0.0003470471012105923,8644.359770000108,9556.699303311088
4501,2248.3649789671,5.0,2.0,2.8284271247461903,0.00034708171444000684,5762.33179908906,8149.167781165506
4502,2248.8651830684003,8.0,8.0,2.8284271247461903,0.0003471163472236313,23047.02749953163,8148.354715555828
4503,2249.3653873039,2.0,-1.0,2.23606797749979,0.0003471509995495044,-2880.5908705367215,6441.197001885406
4504,2249.8655916735997,3.0,-1.0,2.6457513110645907,0.00034718567140571435,-2880.3031990090963,7620.565965041851
4505,2250.3657961774998,8.0,7.0,3.0000000000000004,0.00034722036278035716,20160.107961260393,8640.046269111597
4506,2250.8660008156,5.0,2.0,2.8284271247461903,0.00034725507366151876,5759.455085599318,8145.099493933251
4507,2251.3662055879,1.0,1.0,1.0,0.00034728980403725716,2879.439558475262,2879.439558475262
4508,2251.8664104944,7.0,5.0,3.0000000000000004,0.0003473245538957567,14395.757351208349,8637.454410725011
4509,2252.3666155350998,5.0,5.0,2.23606797749979,0.00034735932322506135,14394.316391388164,6437.333988156681
4510,2252.86682071,5.0,3.0,2.6457513110645907,0.00034739411201333524,8635.724948282486,7615.993534637195
4511,2253.3670260191,5.0,4.0,2.4494897427831783,0.0003474289202487091,11513.146335476551,7050.333463977887
4512,2253.8672314624,5.0,1.0,3.0,0.0003474637479193268,2877.9980817802534,8633.99424534076
4513,2254.3674370399,9.0,8.0,3.1622776601683795,0.000347498595013305,23021.675813376154,9100.116390534766
4514,2254.8676427515998,11.0,9.0,3.605551275463989,0.00034753346151885045,25896.786918493126,10374.688122710226
4515,2255.3678485975,7.0,4.0,3.1622776601683795,0.0003475683474241187,11508.527832423757,9098.290116474918
4516,2255.8680545776,6.0,5.0,2.6457513110645903,0.0003476032527172492,14384.215225014446,7611.411258043442
4517,2256.3682606919,1.0,-2.0,1.9999999999999998,0.00034763817738646033,-5753.108059178011,5753.108059178011
4518,2256.8684669403997,3.0,3.0,1.7320508075688772,0.00034767312141994273,8628.794736123418,4981.836963682881
4519,2257.3686733230998,7.0,5.0,3.0000000000000004,0.00034770808480587083,14379.878462680997,8627.9270776086
4520,2257.86887984,5.0,5.0,2.23606797749979,0.0003477430675324739,14378.431856252826,6430.230208085961
4521,2258.3690864911,2.0,-1.0,2.23606797749979,0.00034777806958797197,-2875.3969483606143,6429.583038829786
4522,2258.8692932763997,6.0,3.0,2.9999999999999996,0.00034781309096058014,8625.322272128074,8625.322272128074
4523,2259.3695001959,5.0,1.0,3.0,0.0003478481316385394,2874.81779847285,8624.45339541855
4524,2259.8697072496,7.0,6.0,2.8284271247461903,0.0003478831916100749,17247.168430963182,8130.393169200409
4525,2260.3699144375,4.0,3.0,2.23606797749979,0.0003479182708634367,8622.714732844675,6426.992097743211
4526,2260.8701217596004,6.0,5.0,2.6457513110645903,0.0003479533693869184,14369.741580056614,7603.752525018829
4527,2261.3703292159,7.0,5.0,3.0000000000000004,0.00034798848716875047,14368.291435961628,8620.974861576979
4528,2261.8705368063997,8.0,4.0,3.464101615137755,0.00034802362419721224,11493.472631999679,9953.639277012917
4529,2262.3707445311,4.0,2.0,2.449489742783178,0.0003480587804605909,5746.155857218637,7037.574916345265
4530,2262.87095239,5.0,1.0,3.0,0.00034809395594719874,2872.7875991954506,8618.362797586351
4531,2263.3711603831,6.0,4.0,2.8284271247461903,0.00034812915064529715,11489.988679734355,8124.6489111968285
4532,2263.8713685104,3.0,2.0,1.9999999999999998,0.0003481643645432078,5744.413281996862,5744.413281996861
4533,2264.3715767719,3.0,0.0,2.449489742783178,0.00034819959762924865,0.0,7034.728814911823
4534,2264.8717851676,9.0,7.0,3.3166247903554,0.0003482348498917574,20101.376993646172,9524.103608200941
4535,2265.3719936975003,6.0,0.0,3.4641016151377544,0.000348270121319055,0.0,9946.59433320794
4536,2265.8722023615996,5.0,3.0,2.6457513110645907,0.0003483054118994647,8613.130596046907,7596.067188953882
4537,2266.3724111599,6.0,3.0,2.9999999999999996,0.0003483407216213531,8612.257521993091,8612.257521993091
4538,2266.8726200924,6.0,2.0,3.1622776601683795,0.0003483760504730584,5740.922768038182,9077.19590905958
4539,2267.3728291591,4.0,2.0,2.449489742783178,0.00034841139844299206,5740.340324506476,7030.452372481635
4540,2267.8730383599996,2.0,0.0,2.0,0.0003484467655194606,0.0,5739.757684415356
4541,2268.3732476951,4.0,2.0,2.449489742783178,0.00034848215169089655,5739.174848111013,7029.024961243564
4542,2268.8734571644,3.0,3.0,1.7320508075688772,0.0003485175569456633,8607.887723910919,4969.766294554044
4543,2269.3736667679,2.0,2.0,1.4142135623730951,0.0003485529812721669,5738.008588250474,4057.384783258558
4544,2269.8738765056,5.0,4.0,2.4494897427831783,0.00034858842465881044,11474.850330773603,7026.882046300525
4545,2270.3740863774997,5.0,4.0,2.4494897427831783,0.0003486238870940031,11473.683095391103,7026.167263526313
4546,2270.8742963836,6.0,5.0,2.6457513110645903,0.0003486593685661925,14340.644338804728,7588.355712180721
4547,2271.3745065239,12.0,11.0,3.605551275463989,0.0003486948690637743,31546.205510664287,10340.13286500225
4548,2271.8747167984,9.0,6.0,3.4641016151377544,0.000348730388575187,17205.268587329858,9933.466450374704
4549,2272.3749272071,5.0,4.0,2.4494897427831783,0.00034876592708888956,11469.010271122399,7023.305754747309
4550,2272.87513775,3.0,2.0,1.9999999999999998,0.00034880148459334173,5733.920548909779,5733.9205489097785
4551,2273.3753484271,6.0,3.0,2.9999999999999996,0.00034883706107700544,8600.003654249778,8600.003654249776
4552,2273.8755592384,5.0,4.0,2.4494897427831783,0.00034887265652832613,11465.501595351388,7021.157138419348
4553,2274.3757701839004,2.0,-3.0,2.6457513110645907,0.0003489082709358229,-8598.24845067032,7582.942370406696
4554,2274.8759812636,5.0,4.0,2.4494897427831783,0.0003489439042879269,11463.160556315228,7019.723550642716
4555,2275.3761924775,5.0,3.0,2.6457513110645907,0.00034897955657318995,8596.492096724936,7581.3934118221305
4556,2275.8764038256,4.0,-1.0,3.0,0.00034901522778006444,-2865.2044965503924,8595.613489651176
4557,2276.3766153079,5.0,4.0,2.4494897427831783,0.0003490509178970939,11459.646128703973,7017.571412046334
4558,2276.8768269243997,5.0,1.0,3.0,0.00034908662691278766,2864.618472622929,8593.855417868786
4559,2277.3770386751,8.0,1.0,3.8729833462074175,0.00034912235481566865,2864.325318062159,11093.484254975005
4560,2277.87725056,6.0,3.0,2.9999999999999996,0.00034915810159429105,8592.096205992924,8592.096205992922
4561,2278.3774625791,12.0,12.0,3.4641016151377544,0.000349193867237152,34364.86469520469,9920.281941220748
4562,2278.8776747324,9.0,8.0,3.1622776601683795,0.0003492296517328385,22907.562288324872,9055.009059160673
4563,2279.3778870199,4.0,2.0,2.449489742783178,0.00034926545506991,5726.30350631062,7013.260851385605
4564,2279.8780994415997,7.0,5.0,3.0000000000000004,0.00034930127723690416,14314.29063057472,8588.574378344832
4565,2280.3783119975,4.0,0.0,2.8284271247461903,0.0003493371182224192,0.0,8096.554809687762
4566,2280.8785246876,11.0,9.0,3.605551275463989,0.0003493729780150433,25760.435312236652,10320.063377393604
4567,2281.3787375118995,2.0,-1.0,2.23606797749979,0.0003494088566033486,-2861.976681762269,6399.574410439716
4568,2281.8789504704,7.0,6.0,2.8284271247461903,0.00034944475397593873,17170.09607880144,8094.060913963366
4569,2282.3791635631,2.0,2.0,1.4142135623730951,0.0003494806701214245,5722.777169063785,4046.6145434645555
4570,2282.87937679,4.0,1.0,2.6457513110645907,0.00034951660502840115,2861.0943961267353,7569.744249631863
4571,2283.3795901511003,4.0,3.0,2.23606797749979,0.00034955255868551874,8582.40034426126,6396.943526628591
4572,2283.8798036464,4.0,3.0,2.23606797749979,0.0003495885310813755,8581.517221746828,6396.285285970348
4573,2284.3800172758997,9.0,9.0,3.0,0.0003496245222046603,25741.901464027327,8580.633821342442
4574,2284.8802310396,5.0,3.0,2.6457513110645907,0.00034966053204395724,8579.750143555973,7566.628396973275
4575,2285.3804449375,11.0,9.0,3.605551275463989,0.0003496965605879586,25736.598566677196,10310.513976465294
4576,2285.8806589696,3.0,2.0,1.9999999999999998,0.0003497326078253286,5718.6546385714355,5718.654638571435
4577,2286.3808731359,4.0,3.0,2.23606797749979,0.00034976867374471565,8577.097450955824,6392.990983325798
4578,2286.8810874364,8.0,6.0,3.1622776601683795,0.00034980475833478744,17152.425337386587,9040.121910353948
4579,2287.3813018711003,9.0,7.0,3.3166247903554,0.00034984086158426674,20009.097760336663,9480.381380653898
4580,2287.8815164400003,8.0,8.0,2.8284271247461903,0.0003498769834818362,22865.179413596146,8084.061708200441
4581,2288.3817311431,3.0,3.0,1.7320508075688772,0.0003499131240161806,8573.556674774149,4949.945254093368
4582,2288.8819459804,1.0,-4.0,2.4494897427831783,0.00034994928317600403,-11430.227728136919,6999.556394436814
4583,2289.3821609519,5.0,2.0,2.8284271247461903,0.00034998546095005924,5714.5230963905315,8081.5560654097835
4584,2289.8823760576,13.0,7.0,4.358898943540673,0.00035002165732703016,19998.76251502861,12453.226399839861
4585,2290.3825912975003,4.0,-1.0,3.0,0.00035005787229566715,-2856.67050834205,8570.011525026152
4586,2290.8828066716,8.0,5.0,3.3166247903554003,0.00035009410584471056,14281.874263309717,9473.523646886355
4587,2291.3830221799,8.0,6.0,3.1622776601683795,0.0003501303579629084,17136.474640212775,9031.715154797805
4588,2291.8832378224,8.0,4.0,3.464101615137755,0.0003501666286390157,11423.133082517614,9892.723440270696
4589,2292.3834535991,7.0,3.0,3.3166247903554,0.0003502029178617958,8566.462033831256,9470.580115681028
4590,2292.88366951,8.0,6.0,3.1622776601683795,0.00035023922562002534,17131.14797286984,9028.90775460752
4591,2293.3838855551,12.0,8.0,3.9999999999999996,0.00035027555190247055,22839.161787196303,11419.58089359815
4592,2293.8841017344,9.0,7.0,3.3166247903554,0.0003503118966979409,19982.19319978106,9467.633904580707
4593,2294.3843180479003,8.0,5.0,3.3166247903554003,0.0003503482599952296,14271.513721997879,9466.651241255087
4594,2294.8845344956003,11.0,7.0,3.872983346207417,0.0003503846417830902,19978.044598009048,11053.519145411155
4595,2295.3847510775,5.0,2.0,2.8284271247461903,0.0003504210420503968,5707.4198178783,8071.510512600473
4596,2295.8849677936,9.0,8.0,3.1622776601683795,0.00035045746078594703,22827.306863603204,9023.285317072592
4597,2296.3851846439,7.0,7.0,2.6457513110645907,0.00035049389797854103,19971.81702840537,7548.637298177946
4598,2296.8854016284004,8.0,5.0,3.3166247903554003,0.0003505303536170456,14264.099951419614,9461.73350219711
4599,2297.3856187470997,4.0,1.0,2.6457513110645907,0.0003505668276902759,2852.52317393674,7547.066927285257
4600,2297.885836,7.0,5.0,3.0000000000000004,0.0003506033201871015,14261.131347334991,8556.678808400995
4601,2298.3860533871,2.0,1.0,1.7320508075688774,0.0003506398310963885,2851.929277039569,4939.686407425711
4602,2298.8862709084,6.0,6.0,2.449489742783178,0.00035067636040698037,17109.793180916586,6985.043816299457
4603,2299.3864885639,8.0,6.0,3.1622776601683795,0.0003507129081077405,17108.010173827915,9016.713063771562
4604,2299.8867063536,12.0,8.0,3.9999999999999996,0.0003507494741875802,22808.302189276026,11404.151094638011
4605,2300.3869242775,5.0,2.0,2.8284271247461903,0.0003507860586353547,5701.4808620972535,8063.111560788583
4606,2300.8871423356,6.0,6.0,2.449489742783178,0.00035082266143999076,17102.65800781606,6982.130894079002
4607,2301.3873605279,6.0,5.0,2.6457513110645903,0.00035085928259036975,14250.727422929634,7540.776152568038
4608,2301.8875788543996,5.0,4.0,2.4494897427831783,0.00035089592207541054,11399.391524249078,6980.673153154405
4609,2302.3877973150998,5.0,4.0,2.4494897427831783,0.0003509325798840327,11398.20076358205,6979.943964144405
4610,2302.88801591,0.0,-3.0,1.7320508075688772,0.0003509692560051646,-8547.757242747935,4935.049945068093
4611,2303.3882346391,4.0,4.0,2.0,0.0003510059504277412,11395.81820514877,5697.909102574385
4612,2303.8884535024004,6.0,4.0,2.8284271247461903,0.0003510426631406936,11394.626408690527,8057.217602672389
4613,2304.3886724998997,10.0,8.0,3.464101615137755,0.0003510793941329719,22786.86853655099,9867.003512674744
4614,2304.8888916316,8.0,4.0,3.464101615137755,0.00035111614339354,11392.24178455588,9865.97079147996
4615,2305.3891108975,6.0,4.0,2.8284271247461903,0.00035115291091138113,11391.048958182955,8054.6879631591255
4616,2305.8893302976003,10.0,10.0,3.1622776601683795,0.0003511896966754327,28474.6394745229,9004.471629163247
4617,2306.3895498319,4.0,1.0,2.6457513110645907,0.00035122650067468677,2847.1655700212114,7532.892039701584
4618,2306.8897695004,4.0,3.0,2.23606797749979,0.00035126332289814923,8540.601322244698,6365.788375087912
4619,2307.3899893031,6.0,5.0,2.6457513110645903,0.00035130016333479217,14232.842798979731,7531.312499115367
4620,2307.89020924,7.0,6.0,2.8284271247461903,0.0003513370219736184,17077.619563959684,8050.4670667999635
4621,2308.3904293111,4.0,1.0,2.6457513110645907,0.00035137389880367405,2845.9712101687383,7529.732060556019
4622,2308.8906495163997,8.0,8.0,2.8284271247461903,0.0003514107938139295,22765.379267877484,8048.777028299905
4623,2309.3908698559,8.0,6.0,3.1622776601683795,0.00035144770699342264,17072.24113461719,8997.861124834602
4624,2309.8910903296,1.0,-1.0,1.7320508075688774,0.0003514846383312102,-2845.074552184788,4927.813675705324
4625,2310.3913109375003,10.0,9.0,3.3166247903554003,0.00035152158781631476,25602.979481029455,9435.05293930477
4626,2310.8915316795997,3.0,2.0,1.9999999999999998,0.00035155855543779105,5688.952719439376,5688.952719439375
4627,2311.3917525559,5.0,3.0,2.6457513110645907,0.0003515955411846997,8532.531413485827,7524.985391309977
4628,2311.8919735664,5.0,3.0,2.6457513110645907,0.000351632545046075,8531.6334971409,7524.193503527706
4629,2312.3921947111003,7.0,5.0,3.0000000000000004,0.0003516695670110168,14217.892217677638,8530.735330606583
4630,2312.8924159900002,4.0,2.0,2.449489742783178,0.0003517066070686035,5686.557942910302,6964.582676450496
4631,2313.3926374031,5.0,3.0,2.6457513110645907,0.0003517436652079031,8528.938248900111,7521.8165180054675
4632,2313.8928589504,8.0,5.0,3.3166247903554003,0.0003517807414180382,14213.398891152647,9428.102223521366
4633,2314.3930806319,5.0,2.0,2.8284271247461903,0.0003518178356880739,5684.760114814716,8039.464853208606
4634,2314.8933024476,7.0,7.0,2.6457513110645907,0.00035185494800715403,19894.56177793377,7519.437558146252
4635,2315.3935243974997,3.0,1.0,2.23606797749979,0.0003518920783643646,2841.7803681404725,6354.414080286474
4636,2315.8937464816,2.0,0.0,2.0,0.0003519292267488525,0.0,5682.960800033983
4637,2316.3939686999,10.0,9.0,3.3166247903554003,0.0003519663931497308,25570.623148021095,9423.129181951379
4638,2316.8941910524,2.0,-2.0,2.449489742783178,0.000352003577556167,-5681.760435178738,6958.706953460802
4639,2317.3944135391002,4.0,0.0,2.8284271247461903,0.0003520407799572716,0.0,8034.37353220694
4640,2317.8946361599997,7.0,6.0,2.8284271247461903,0.00035207800034222096,17041.67824791092,8033.524167931396
4641,2318.3948589151,4.0,2.0,2.449489742783178,0.00035211523870017005,5679.958661780673,6956.500240732112
4642,2318.8950818044,5.0,3.0,2.6457513110645907,0.0003521524950202869,8519.036617438065,7513.084099864672
4643,2319.3953048279,6.0,5.0,2.6457513110645903,0.0003521897692917532,14196.891664556022,7512.28894690821
4644,2319.8955279856,6.0,5.0,2.6457513110645903,0.0003522270615037398,14195.388561724443,7511.493579650747
4645,2320.3957512775,8.0,7.0,3.0000000000000004,0.00035226437164545543,19871.43907657318,8516.331032817077
4646,2320.8959747036,6.0,1.0,3.3166247903554,0.0003523016997060918,2838.4762288522916,9414.160627446017
4647,2321.3961982639003,5.0,1.0,3.0,0.00035233904567484316,2838.175366243264,8514.526098729792
4648,2321.8964219584,3.0,1.0,2.23606797749979,0.00035237640954092776,2837.8744232702447,6345.6801220402795
4649,2322.3966457870997,5.0,3.0,2.6457513110645907,0.00035241379129357845,8512.720200274027,7507.513543533677
4650,2322.89686975,9.0,7.0,3.3166247903554,0.0003524511909220287,19860.90607805204,9410.167636769662
4651,2323.3970938471,8.0,6.0,3.1622776601683795,0.00035248860841549033,17021.826682488405,8971.29037554852
4652,2323.8973180784,9.0,8.0,3.1622776601683795,0.00035252604376321227,22693.358807196408,8970.337698772819
4653,2324.3975424439004,4.0,1.0,2.6457513110645907,0.00035256349695446837,2836.368508476487,7504.325699963983
4654,2324.8977669436,4.0,1.0,2.6457513110645907,0.0003526009679785106,2836.0670866364308,7503.528212735471
4655,2325.3979915775,8.0,6.0,3.1622776601683795,0.00035263845682455665,17014.5935132228,8967.47816061838
4656,2325.8982163456,8.0,6.0,3.1622776601683795,0.0003526759634819505,17012.784032011503,8966.524480283219
4657,2326.3984412479003,8.0,7.0,3.0000000000000004,0.0003527134879399073,19846.13642331877,8505.487038565188
4658,2326.8986662844,5.0,5.0,2.23606797749979,0.00035275103018776185,14174.303041265695,6338.94102679042
4659,2327.3988914551,7.0,7.0,2.6457513110645907,0.0003527885902148032,19841.911541804384,7499.537639393798
4660,2327.89911676,11.0,10.0,3.4641016151377544,0.0003528261680102987,28342.56896644953,9818.153893383102
4661,2328.3993421991,7.0,5.0,3.0000000000000004,0.00035286376356359964,14169.774616425888,8501.864769855534
4662,2328.8995677724,7.0,6.0,2.8284271247461903,0.00035290137686401756,17001.91723058072,8014.780644610689
4663,2329.3997934799,6.0,4.0,2.8284271247461903,0.0003529390079008359,11333.402968945464,8013.926093261089
4664,2329.9000193215998,7.0,7.0,2.6457513110645907,0.0003529766566634461,19831.339744016885,7495.541875414285
4665,2330.4002452975,7.0,7.0,2.6457513110645907,0.00035301432314113475,19829.223748525943,7494.742104293661
4666,2330.9004714076,9.0,7.0,3.3166247903554,0.00035305200732329054,19827.107210270253,9394.153613516659
4667,2331.4006976519,7.0,4.0,3.1622776601683795,0.000353089709199221,11328.565788767046,8956.017628891452
4668,2331.9009240304,6.0,4.0,2.8284271247461903,0.0003531274287583293,11327.355719902149,8009.650042455037
4669,2332.4011505431,9.0,4.0,3.7416573867739413,0.0003531651659899616,11326.145342753585,10594.638846347305
4670,2332.90137719,7.0,5.0,3.0000000000000004,0.00035320292088350053,14156.16832242785,8493.70099345671
4671,2333.4016039711,6.0,6.0,2.449489742783178,0.00035324069342833087,16985.58549913316,6934.336242548895
4672,2333.9018308863997,4.0,3.0,2.23606797749979,0.0003532784836138265,8491.884275860231,6329.476832628352
4673,2334.4020579359,5.0,1.0,3.0,0.00035331629142942237,2830.325190933794,8490.975572801382
4674,2334.9022851196,5.0,2.0,2.8284271247461903,0.00035335411686448955,5660.0444272367,8004.5115926324
4675,2335.4025124375003,3.0,3.0,1.7320508075688772,0.000353391959908448,8489.157480484839,4901.217356551047
4676,2335.9027398895996,3.0,2.0,1.9999999999999998,0.00035342982055070783,5658.832061436233,5658.832061436233
4677,2336.4029674759,3.0,1.0,2.23606797749979,0.0003534676987807154,2829.1128254420237,6326.088593704862
4678,2336.9031951964,7.0,1.0,3.605551275463989,0.00035350559458789557,2828.809544487591,10199.417861171942
4679,2337.4034230511,10.0,7.0,3.6055512754639896,0.0003535435079616982,19799.543316061565,10198.324093832898
4680,2337.90365104,4.0,2.0,2.449489742783178,0.00035358143889153873,5656.405512319613,6927.653641724559
4681,2338.4038791630996,2.0,1.0,1.7320508075688774,0.00035361938736692337,2827.899249093992,4898.065178116671
4682,2338.9041074204,3.0,1.0,2.23606797749979,0.0003536573533772709,2827.5956669653365,6322.696124218349
4683,2339.4043358119,11.0,8.0,3.7416573867739413,0.0003536953369120725,22618.336079417335,10578.758033510927
4684,2339.9045643376003,8.0,7.0,3.0000000000000004,0.0003537333379608092,19788.917946929683,8480.964834398437
4685,2340.4047929975,8.0,7.0,3.0000000000000004,0.0003537713565129635,19786.79130214855,8480.053415206523
4686,2340.9050217915997,8.0,7.0,3.0000000000000004,0.0003538093925579894,19784.664136220465,8479.141772665915
4687,2341.4052507199,6.0,1.0,3.3166247903554,0.0003538474460854553,2826.0766357445937,9373.035829554707
4688,2341.9054797824,8.0,8.0,2.8284271247461903,0.0003538855170848071,22606.18085165332,7992.491888466772
4689,2342.4057089791004,6.0,3.0,2.9999999999999996,0.00035392360554559193,8476.405509531758,8476.405509531756
4690,2342.90593831,4.0,0.0,2.8284271247461903,0.0003539617114573055,0.0,7990.7714116908155
4691,2343.4061677751,7.0,4.0,3.1622776601683795,0.00035399983480949277,11299.440301017725,8932.991909078655
4692,2343.9063973744,6.0,2.0,3.1622776601683795,0.0003540379755916937,5649.111501831,8932.029551020209
4693,2344.4066271079,6.0,5.0,2.6457513110645903,0.0003540761337934383,14121.256765972572,7472.26672049033
4694,2344.9068569755996,6.0,5.0,2.6457513110645903,0.0003541143094042696,14119.734411217538,7471.461166072522
4695,2345.4070869775,3.0,0.0,2.449489742783178,0.0003541525024137558,0.0,6916.482944744079
4696,2345.9073171136,9.0,8.0,3.1622776601683795,0.00035419071281146084,22586.70177006724,8928.177803046154
4697,2346.4075473839002,5.0,2.0,2.8284271247461903,0.0003542289405869324,5646.066063055551,7984.743200427627
4698,2346.9077777884004,7.0,4.0,3.1622776601683795,0.00035426718572978454,11290.913076693982,8926.250546333102
4699,2347.4080083270997,7.0,4.0,3.1622776601683795,0.00035430544822957966,11289.693737388186,8925.286573971382
4700,2347.908239,5.0,5.0,2.23606797749979,0.00035434372807591083,14110.59263599793,6310.448867379863
4701,2348.4084698071,8.0,4.0,3.464101615137755,0.00035438202525839134,11287.254191528114,9775.048868835735
4702,2348.9087007484,2.0,1.0,1.7320508075688774,0.00035442033976660497,2821.5084965454466,4886.99607000399
4703,2349.4089318239,3.0,-2.0,2.8284271247461903,0.00035445867159019745,-5642.4067466806755,7979.568145581265
4704,2349.9091630335997,3.0,1.0,2.23606797749979,0.0003544970207187324,2820.8981784177736,6307.720084547473
4705,2350.4093943775,3.0,3.0,1.7320508075688772,0.0003545353871418991,8461.778735783239,4885.410230927503
4706,2350.9096258556,8.0,7.0,3.0000000000000004,0.00035457377084928816,19742.013018146667,8460.862722062859
4707,2351.4098574679,8.0,8.0,2.8284271247461903,0.0003546121718305801,22559.857318778355,7976.11404635457
4708,2351.9100892143997,7.0,4.0,3.1622776601683795,0.00035465059007539786,11278.706738228208,8916.600588472409
4709,2352.4103210951,6.0,4.0,2.8284271247461903,0.00035468902557338905,11277.484533200919,7974.3857881527765
4710,2352.91055311,4.0,-1.0,3.0,0.00035472747831423896,-2819.0655112264512,8457.196533679355
4711,2353.4107852591,9.0,8.0,3.1622776601683795,0.0003547659482875868,22550.078547885027,8913.701203377379
4712,2353.9110175424,10.0,8.0,3.464101615137755,0.0003548044354831557,22547.6324418154,9763.411244903145
4713,2354.4112499599,6.0,2.0,3.1622776601683795,0.00035484293989058774,5636.296443200138,8911.767164209146
4714,2354.9114825116,5.0,3.0,2.6457513110645907,0.00035488146149959703,8453.52695326241,7455.310006571292
4715,2355.4117151975,9.0,8.0,3.1622776601683795,0.0003549200002998643,22540.29075070712,8909.832236832635
4716,2355.9119480176,3.0,1.0,2.23606797749979,0.0003549585562811125,2817.230300001675,6299.518459075872
4717,2356.4121809719,3.0,3.0,1.7320508075688772,0.00035499712943303695,8450.772559178931,4879.055811902258
4718,2356.9124140604,10.0,9.0,3.3166247903554003,0.0003550357197453873,25349.562028446944,9341.66509424434
4719,2357.4126472831,0.0,-4.0,2.0,0.00035507432720784376,-11265.247001816013,5632.6235009080065
4720,2357.91288064,7.0,4.0,3.1622776601683795,0.00035511295181018865,11264.021713682916,8904.991057207759
4721,2358.4131141311,8.0,6.0,3.1622776601683795,0.000355151593542111,16894.194223257986,8904.022163125735
4722,2358.9133477564,10.0,10.0,3.1622776601683795,0.0003551902523934017,28153.925769686375,8903.053050751807
4723,2359.4135815158998,14.0,10.0,4.242640687119285,0.00035522892835376454,28150.860478460876,11943.398604333637
4724,2359.9138154096,5.0,0.0,3.1622776601683795,0.00035526762141303484,0.0,8901.1141730023
4725,2360.4140494375,9.0,8.0,3.1622776601683795,0.00035530633156091913,22515.782268372997,8900.144408561406
4726,2360.9142835996,9.0,7.0,3.3166247903554,0.00035534505878720245,19699.16234065867,9333.53288118058
4727,2361.4145178958997,8.0,6.0,3.1622776601683795,0.00035538380308169465,16883.155472959854,8898.204230881744
4728,2361.9147523264,5.0,4.0,2.4494897427831783,0.0003554225644341541,11254.209496710342,6891.767681331254
4729,2362.4149868911,6.0,4.0,2.8284271247461903,0.0003554613428343995,11252.98173946161,7957.059696541695
4730,2362.91522159,3.0,3.0,1.7320508075688772,0.00035550013827221553,8438.815283111995,4872.152275346239
4731,2363.4154564231,3.0,-1.0,2.6457513110645907,0.00035553895073741194,-2812.6313528403343,7441.523089318688
4732,2363.9156913904,8.0,7.0,3.0000000000000004,0.00035557778021981176,19686.2694729483,8436.972631263558
4733,2364.4159264919,9.0,9.0,3.0,0.0003556166267092516,25308.15300533826,8436.05100177942
4734,2364.9161617276,5.0,0.0,3.1622776601683795,0.00035565549019553924,0.0,8891.40684551154
4735,2365.4163970974996,5.0,4.0,2.4494897427831783,0.00035569437066853155,11245.60951718734,6886.50129092382
4736,2365.9166326015998,9.0,8.0,3.1622776601683795,0.0003557332681180752,22488.759744968906,8889.46281830114
4737,2366.4168682399,7.0,5.0,3.0000000000000004,0.000355772182533971,14053.937450611598,8432.36247036696
4738,2366.9171040124,10.0,9.0,3.3166247903554003,0.00035581111390615023,25294.31950901305,9321.307459862546
4739,2367.4173399191004,1.0,-2.0,1.9999999999999998,0.00035585006222444066,-5620.344668476034,5620.344668476033
4740,2367.91757596,7.0,7.0,2.6457513110645907,0.0003558890274787002,19669.052596511836,7434.2030992313685
4741,2368.4178121351,4.0,1.0,2.6457513110645907,0.0003559280096588412,2809.5569128108377,7433.388885579859
4742,2368.9180484444,5.0,4.0,2.4494897427831783,0.00035596700875471874,11236.996411530443,6881.2268624338
4743,2369.4182848879,7.0,4.0,3.1622776601683795,0.0003560060247562424,11235.764908020315,8882.652090884118
4744,2369.9185214656,2.0,0.0,2.0,0.0003560450576533172,0.0,5617.266570646824
4745,2370.4187581775,7.0,5.0,3.0000000000000004,0.00035608410743583795,14041.626389913905,8424.975833948343
4746,2370.9189950236,4.0,2.0,2.449489742783178,0.00035612317409372405,5616.034410256162,6878.209341519921
4747,2371.4192320039,1.0,-3.0,2.23606797749979,0.00035616225761688484,-8423.127200712624,6278.228334640316
4748,2371.9194691184002,7.0,5.0,3.0000000000000004,0.0003562013579952428,14037.004317279376,8422.202590367626
4749,2372.4197063671,7.0,5.0,3.0000000000000004,0.000356240475218775,14035.46297463642,8421.277784781854
4750,2372.91994375,1.0,-3.0,2.23606797749979,0.0003562796092773714,-8420.352784389732,6276.160406808358
4751,2373.4201812671,7.0,4.0,3.1622776601683795,0.00035631876016100565,11225.903452831297,8874.85592602387
4752,2373.9204189184,7.0,6.0,2.8284271247461903,0.00035635792785962384,16837.004401831393,7937.039991601819
4753,2374.4206567039,6.0,4.0,2.8284271247461903,0.000356397112363179,11223.435491598158,7936.167344318831
4754,2374.9208946236,5.0,5.0,2.23606797749979,0.000356436313661649,14027.751405672721,6273.401142910487
4755,2375.4211326775,6.0,3.0,2.9999999999999996,0.000356475531745008,8415.72487546198,8415.724875461978
4756,2375.9213708656002,7.0,4.0,3.1622776601683795,0.00035651476660324204,11219.731620405833,8869.976664073534
4757,2376.4216091879002,7.0,7.0,2.6457513110645907,0.00035655401822633415,19632.3688478432,7420.337945497826
4758,2376.9218476444,5.0,5.0,2.23606797749979,0.0003565932866042678,14021.576366772124,6270.639581561399
4759,2377.4220862351,5.0,2.0,2.8284271247461903,0.00035663257172706316,5608.012723892851,7930.927652090153
4760,2377.92232496,7.0,5.0,3.0000000000000004,0.0003566718735847188,14018.486935198074,8411.092161118846
4761,2378.4225638191,8.0,7.0,3.0000000000000004,0.0003567111921672581,19623.718441438123,8410.165046330625
4762,2378.9228028124,5.0,5.0,2.23606797749979,0.0003567505274646878,14015.396236505676,6267.875743284282
4763,2379.4230419399,6.0,6.0,2.449489742783178,0.00035678987946705207,16816.62049652973,6865.356569087821
4764,2379.9232812016,8.0,5.0,3.3166247903554003,0.00035682924816436587,14012.30427640521,9294.711146625701
4765,2380.4235205975,7.0,7.0,2.6457513110645907,0.0003568686335467176,19615.06095515013,7413.7961769571875
4766,2380.9237601276004,7.0,4.0,3.1622776601683795,0.0003569080356041137,11207.36884847514,8860.203034699987
4767,2381.4239997919,3.0,0.0,2.449489742783178,0.00035694745432659743,0.0,6862.325849624802
4768,2381.9242395904,1.0,-1.0,1.7320508075688774,0.0003569868897042787,-2801.2233189526414,4851.861111772693
4769,2382.4244795231,5.0,3.0,2.6457513110645907,0.00035702634172720337,8402.741336918607,7410.521302896344
4770,2382.92471959,3.0,2.0,1.9999999999999998,0.0003570658103854309,5601.208353835729,5601.208353835728
4771,2383.4249597911,5.0,4.0,2.4494897427831783,0.0003571052956690813,11201.178051715815,6859.2926861914875
4772,2383.9252001264,4.0,2.0,2.449489742783178,0.0003571447975682044,5599.969574295864,6858.534016067799
4773,2384.4254405959,3.0,1.0,2.23606797749979,0.0003571843160729227,2799.6749997159454,6260.263614271558
4774,2384.9256811996,4.0,1.0,2.6457513110645907,0.0003572238511733307,2799.36515077428,7406.424017809578
4775,2385.4259219375003,5.0,5.0,2.23606797749979,0.0003572634028595477,13995.276202319745,6258.87779045441
4776,2385.9261628095996,7.0,5.0,3.0000000000000004,0.0003573029711216765,13993.726344630066,8396.23580677804
4777,2386.4264038159,5.0,4.0,2.4494897427831783,0.00035734255594983323,11193.7409452054,6854.738407163177
4778,2386.9266449564,7.0,4.0,3.1622776601683795,0.0003573821573341709,11192.500570921877,8848.448629212022
4779,2387.4268862311,2.0,1.0,1.7320508075688774,0.00035742177526480257,2797.814988354113,4845.957710007051
4780,2387.92712764,6.0,3.0,2.9999999999999996,0.0003574614097318835,8392.51431993784,8392.514319937838
4781,2388.4273691831,4.0,4.0,2.0,0.000357501060725565,11188.777990985018,5594.388995492509
4782,2388.9276108604,6.0,3.0,2.9999999999999996,0.00035754072823600546,8390.652485385554,8390.652485385552
4783,2389.4278526719,4.0,0.0,2.8284271247461903,0.00035758041225335263,0.0,7909.905094975378
4784,2389.9280946176,4.0,3.0,2.23606797749979,0.00035762011276778497,8388.789927897604,6252.634842581535
4785,2390.4283366974996,3.0,3.0,1.7320508075688772,0.00035765982976947744,8387.858379101703,4842.732293098826
4786,2390.9285789115997,3.0,3.0,1.7320508075688772,0.00035769956324862266,8386.926650829651,4842.194359530145
4787,2391.4288212599,5.0,3.0,2.6457513110645907,0.0003577393131953919,8385.9947435004,7395.752195732317
4788,2391.9290637424,2.0,-1.0,2.23606797749979,0.0003577790796000164,-2795.020885843752,6249.856699278309
4789,2392.4293063591,7.0,6.0,2.8284271247461903,0.00035781886245264043,16768.26078668264,7904.633940645179
4790,2392.9295491099997,4.0,2.0,2.449489742783178,0.0003578586617435098,5588.798634231389,6844.85246451521
4791,2393.4297919951,3.0,2.0,1.9999999999999998,0.00035789847746284817,5588.176887976873,5588.176887976872
4792,2393.9300350144,3.0,1.0,2.23606797749979,0.0003579383096008628,2793.7775118709715,6247.076430553718
4793,2394.4302781679003,0.0,-1.0,1.0,0.0003579781581477799,-2793.4665209020427,2793.4665209020427
4794,2394.9305214556,6.0,6.0,2.449489742783178,0.00035801802309384475,16758.932827320994,6841.8056767525095
4795,2395.4307648774998,9.0,9.0,3.0,0.0003580579044292923,25135.5992666747,8378.533088891567
4796,2395.9310084336,6.0,4.0,2.8284271247461903,0.0003580978021443943,11170.132785085056,7898.476639087819
4797,2396.4312521239003,5.0,4.0,2.4494897427831783,0.0003581377162293644,11168.887885123651,6839.519078226422
4798,2396.9314959484,5.0,2.0,2.8284271247461903,0.00035817764667448875,5583.821376261363,7896.715920177621
4799,2397.4317399070997,4.0,4.0,2.0,0.0003582175934700431,11166.397387833802,5583.198693916901
4800,2397.931984,5.0,4.0,2.4494897427831783,0.0003582575566062926,11165.151791608412,6837.231197540508
4801,2398.4322282271,5.0,4.0,2.4494897427831783,0.0003582975360735095,11163.905964397552,6836.468287296938
4802,2398.9324725884003,8.0,8.0,2.8284271247461903,0.0003583375318620087,22325.31981350114,7893.192516142523
4803,2399.4327170838997,2.0,1.0,1.7320508075688774,0.0003583775439620479,2790.353404804571,4833.033868194323
4804,2399.9329617136,4.0,2.0,2.449489742783178,0.00035841757236395623,5580.083551174477,6834.178711237506
4805,2400.4332064775,3.0,2.0,1.9999999999999998,0.0003584576170580411,5579.460178345608,5579.460178345608
4806,2400.9334513756003,4.0,4.0,2.0,0.0003584976780346048,11157.673382793544,5578.836691396772
4807,2401.4336964079,4.0,3.0,2.23606797749979,0.00035853775528398105,8367.319635902333,6236.631831782135
4808,2401.9339415744,7.0,7.0,2.6457513110645907,0.0003585778487964691,19521.56281681873,7378.457202375417
4809,2402.4341868751,3.0,2.0,1.9999999999999998,0.00035861795856243465,5576.965548566648,5576.965548566648
4810,2402.93443231,0.0,-3.0,1.7320508075688772,0.0003586580845722033,-8364.512411809455,4829.253492598155
4811,2403.4346778791,3.0,2.0,1.9999999999999998,0.0003586982268161252,5575.717554425587,5575.717554425586
4812,2403.9349235823997,2.0,2.0,1.4142135623730951,0.0003587383852845407,5575.093388497188,3942.18634075465
4813,2404.4351694199,5.0,5.0,2.23606797749979,0.00035877855996783846,13936.172775898896,6232.445934618376
4814,2404.9354153916,8.0,6.0,3.1622776601683795,0.00035881875085636656,16721.53416085485,8813.022320102285
4815,2405.4356614975,2.0,-1.0,2.23606797749979,0.00035885895794049303,-2786.6101092725758,6231.0496311215975
4816,2405.9359077376002,6.0,5.0,2.6457513110645903,0.0003588991812105865,13931.489013529446,7371.851064525494
4817,2406.4361541118997,4.0,3.0,2.23606797749979,0.0003589394206570819,8357.956321732894,6229.652829456285
4818,2406.9364006204,5.0,1.0,3.0,0.00035897967627031573,2785.6730230237013,8357.019069071104
4819,2407.4366472631,2.0,1.0,1.7320508075688774,0.0003590199480407254,2785.360550179137,4824.385990308267
4820,2407.93689404,4.0,4.0,2.0,0.0003590602359586733,11140.192088717915,5570.096044358957
4821,2408.4371409511,3.0,1.0,2.23606797749979,0.0003591005400146232,2784.7354391594017,6226.8577413131525
4822,2408.9373879964,8.0,6.0,3.1622776601683795,0.00035914086019895203,16706.536807525048,8805.118020869537
4823,2409.4376351759,5.0,4.0,2.4494897427831783,0.0003591811965021143,11136.440434393548,6819.6491537907095
4824,2409.9378824896003,2.0,0.0,2.0,0.0003592215489145128,0.0,5567.5947226538965
4825,2410.4381299375,3.0,3.0,1.7320508075688772,0.00035926191742658754,8350.453678723205,4821.136679266342
4826,2410.9383775195997,2.0,2.0,1.4142135623730951,0.00035930230202882034,5566.3434069497725,3935.9991694672144
4827,2411.4386252359,6.0,6.0,2.449489742783178,0.0003593427027116181,16697.152758978264,6816.5840694668495
4828,2411.9388730864002,8.0,7.0,3.0000000000000004,0.00035938311946544216,19477.8208014111,8347.637486319045
4829,2412.4391210711,7.0,6.0,2.8284271247461903,0.0003594235522807842,16693.396862631744,7869.34274840343
4830,2412.93936919,5.0,3.0,2.6457513110645907,0.00035946400114808454,8345.759214882055,7360.267794867862
4831,2413.4396174431,2.0,1.0,1.7320508075688774,0.00035950446605781985,2781.606612472981,4817.8839794727555
4832,2413.9398658304,4.0,2.0,2.449489742783178,0.00035954494700050395,5562.586866217861,6812.749736070536
4833,2414.4401143519003,4.0,4.0,2.0,0.00035958544396659265,11123.920801342618,5561.960400671309
4834,2414.9403630076004,4.0,3.0,2.23606797749979,0.00035962595694658987,8342.000742859469,6217.7602431291725
4835,2415.4406117975,2.0,2.0,1.4142135623730951,0.0003596664859309897,5560.70715018954,3932.0137340915458
4836,2415.9408607216,7.0,6.0,2.8284271247461903,0.00035970703091032255,16680.241097360817,7863.141061180249
4837,2416.4411097799,6.0,5.0,2.6457513110645903,0.00035974759187508496,13898.633689078726,7354.465660977305
4838,2416.9413589724,1.0,-1.0,1.7320508075688774,0.0003597881688157803,-2779.413239994622,4814.084946900315
4839,2417.4416082990997,4.0,0.0,2.8284271247461903,0.00035982876172296625,0.0,7860.480944332651
4840,2417.94185776,3.0,2.0,1.9999999999999998,0.000359869370587155,5557.572173305118,5557.572173305118
4841,2418.4421073551,5.0,4.0,2.4494897427831783,0.0003599099953989131,11113.889725586876,6805.839721312102
4842,2418.9423570844,3.0,1.0,2.23606797749979,0.00035995063614875465,2778.1587239277333,6212.151758986483
4843,2419.4426069479,4.0,3.0,2.23606797749979,0.00035999129282725495,8333.534893133032,6211.450171303968
4844,2419.9428569456,1.0,0.0,1.4142135623730951,0.0003600319654249482,0.0,3928.02222631507
4845,2420.4431070775,6.0,5.0,2.6457513110645903,0.0003600726539324182,13886.086447815742,7347.826284972947
4846,2420.9433573436,4.0,3.0,2.23606797749979,0.0003601133583402432,8330.710123687033,6209.344712469962
4847,2421.4436077439,3.0,2.0,1.9999999999999998,0.0003601540786389677,5553.1788160169,5553.178816016899
4848,2421.9438582783996,4.0,4.0,2.0,0.0003601948148192083,11105.101560131314,5552.550780065657
4849,2422.4441089470997,3.0,-1.0,2.6457513110645907,0.00036023556687151824,-2775.9613207672533,7344.503303884553
4850,2422.94435975,5.0,4.0,2.4494897427831783,0.00036027633478654536,11102.588801370757,6798.919346824263
4851,2423.4446106871,2.0,0.0,2.0,0.0003603171185548456,0.0,5550.666057781461
4852,2423.9448617584003,2.0,1.0,1.7320508075688774,0.00036035791816705845,2775.018806542249,4806.473564890325
4853,2424.4451129638996,9.0,7.0,3.3166247903554,0.0003603987336137767,19422.93173399879,9202.65384148014
4854,2424.9453643036,3.0,0.0,2.449489742783178,0.00036043956488562465,0.0,6795.8403610892565
4855,2425.4456157775,1.0,0.0,1.4142135623730951,0.00036048041197325135,0.0,3923.1356695132545
4856,2425.9458673856,1.0,-1.0,1.7320508075688774,0.0003605212748672599,-2773.7614108021485,4804.29569158325
4857,2426.4461191278997,1.0,1.0,1.0,0.0003605621535583194,2773.446935933763,2773.446935933763
4858,2426.9463710043997,2.0,-1.0,2.23606797749979,0.00036060304803705294,-2773.132410953019,6200.912581498834
4859,2427.4466230151,2.0,0.0,2.0,0.00036064395829413205,0.0,5545.635671979983
4860,2427.94687516,2.0,1.0,1.7320508075688774,0.00036068488432019444,2772.5032111749374,4802.1164259028565
4861,2428.4471274391003,1.0,0.0,1.4142135623730951,0.0003607258261059085,0.0,3920.466625968401
4862,2428.9473798524,4.0,2.0,2.449489742783178,0.00036076678364196127,5543.747625016599,6789.676472028381
4863,2429.4476323998997,3.0,3.0,1.7320508075688772,0.00036080775691902956,8314.677116748471,4800.481071579551
4864,2429.9478850816,5.0,5.0,2.23606797749979,0.000360848745927791,13856.221079955047,6196.690449209007
4865,2430.4481378975,6.0,6.0,2.449489742783178,0.00036088975065891326,16625.576063174936,6787.363005768089
4866,2430.9483908476,5.0,4.0,2.4494897427831783,0.0003609307711031352,11082.457690638432,6786.591609511846
4867,2431.4486439319,9.0,8.0,3.1622776601683795,0.0003609718072511274,22162.39562009455,8760.456070654816
4868,2431.9488971504,3.0,2.0,1.9999999999999998,0.0003610128590936133,5539.968867096186,5539.968867096185
4869,2432.4491505031,2.0,-1.0,2.23606797749979,0.00036105392662128915,-2769.669365897532,6193.16897734562
4870,2432.94940399,6.0,5.0,2.6457513110645903,0.0003610950098248936,13846.771248444165,7327.022636916525
4871,2433.4496576110996,3.0,3.0,1.7320508075688772,0.00036113610869515386,8307.117255152109,4796.116383451855
4872,2433.9499113664,3.0,2.0,1.9999999999999998,0.00036117722322281124,5537.447744223324,5537.447744223324
4873,2434.4501652559,8.0,6.0,3.1622776601683795,0.00036121835339857257,16610.4516660025,8754.476704784392
4874,2434.9504192796003,5.0,4.0,2.4494897427831783,0.00036125949921322204,11072.373207380011,6780.416149936155
4875,2435.4506734375,3.0,3.0,1.7320508075688772,0.00036130066065746943,8303.33383432184,4793.932024417042
4876,2435.9509277295997,2.0,1.0,1.7320508075688774,0.00036134183772211926,2767.4625399149727,4793.3857271763445
4877,2436.4511821559,3.0,1.0,2.23606797749979,0.00036138303039788306,2767.1470873964367,6187.528991158984
4878,2436.9514367164,3.0,2.0,1.9999999999999998,0.00036142423867558017,5533.663174691585,5533.663174691585
4879,2437.4516914111,1.0,-4.0,2.4494897427831783,0.00036146546254597157,-11066.064159563448,6776.552662957804
4880,2437.95194624,4.0,4.0,2.0,0.00036150670199982594,11064.801780637323,5532.400890318661
4881,2438.4522012031,1.0,-1.0,1.7320508075688774,0.0003615479570279363,-2765.884803278618,4790.653007161217
4882,2438.9524563004,3.0,2.0,1.9999999999999998,0.0003615892276211148,5531.138228751843,5531.138228751843
4883,2439.4527115319,3.0,1.0,2.23606797749979,0.00036163051377014534,2765.253378578574,6183.294529512653
4884,2439.9529668975997,3.0,2.0,1.9999999999999998,0.000361671815465837,5529.875192027279,5529.875192027279
4885,2440.4532223974998,4.0,4.0,2.0,0.00036171313269901676,11058.487067231865,5529.243533615932
4886,2440.9534780316,4.0,3.0,2.23606797749979,0.00036175446546046655,8292.917673266005,6181.175883077393
4887,2441.4537337999,5.0,4.0,2.4494897427831783,0.00036179581374106356,11055.959875928223,6770.365078177141
4888,2441.9539897024,6.0,5.0,2.6457513110645903,0.00036183717753160346,13818.37000307491,7311.99411048221
4889,2442.4542457391,6.0,5.0,2.6457513110645903,0.0003618785568229487,13816.78993056856,7311.158014701159
4890,2442.95450191,3.0,0.0,2.449489742783178,0.0003619199516059087,0.0,6768.042855648933
4891,2443.4547582151,3.0,1.0,2.23606797749979,0.00036196136187135417,2762.7258192144086,6177.642734957213
4892,2443.9550146544,5.0,3.0,2.6457513110645907,0.0003620027876101445,8287.22900120543,7308.648998343923
4893,2444.4552712279,5.0,-3.0,3.6055512754639896,0.0003620442288131466,-8286.280407878894,9958.869631160005
4894,2444.9555279356,3.0,-3.0,2.9999999999999996,0.0003620856854712166,-8285.331678041384,8285.331678041382
4895,2445.4557847775,14.0,9.0,4.358898943540674,0.00036212715757521813,24853.148436210817,12036.929162473209
4896,2445.9560417536,8.0,2.0,3.7416573867739413,0.0003621686451160564,5522.289206894493,10331.257101439394
4897,2446.4562988639,20.0,13.0,5.196152422706632,0.0003622101480845915,35890.76691734199,14345.684266949664
4898,2446.9565561083996,21.0,18.0,4.898979485566356,0.00036225166647174917,49689.212406711624,13523.690679690528
4899,2447.4568134870997,27.0,25.0,5.385164807134504,0.0003622932002683977,69004.88328646314,14864.106759787408
4900,2447.957071,22.0,19.0,5.0,0.0003623347494654417,52437.69753806668,13799.394088964917
4901,2448.4573286471,19.0,19.0,4.358898943540674,0.00036237631405379884,52431.68293052188,12028.653017574285
4902,2448.9575864284,15.0,14.0,4.0,0.0003624178940243995,38629.439193908736,11036.982626831066
4903,2449.4578443439,8.0,8.0,2.8284271247461903,0.0003624594893681584,22071.432076300855,7803.429645825308
4904,2449.9581023936,11.0,11.0,3.3166247903554,0.0003625011000759963,30344.735499268587,9149.282001241067
4905,2450.4583605775,6.0,6.0,2.449489742783178,0.00036254272613885926,16549.77349539185,6756.416737057874
4906,2450.9586188956,5.0,5.0,2.23606797749979,0.0003625843675476711,13789.894015060152,6167.028084038402
4907,2451.4588773479,3.0,1.0,2.23606797749979,0.0003626260242933803,2757.6619795797014,6166.319645306849
4908,2451.9591359344,3.0,1.0,2.23606797749979,0.00036266769636695385,2757.345112392314,6165.611108736012
4909,2452.4593946551,4.0,3.0,2.23606797749979,0.00036270938375934295,8271.08460472171,6164.902474603241
4910,2452.95965351,3.0,3.0,1.7320508075688772,0.00036275108646151093,8270.133741745001,4774.763942030683
4911,2453.4599124991,4.0,4.0,2.0,0.0003627928044644408,11025.576998156977,5512.788499078489
4912,2453.9601716223997,3.0,3.0,1.7320508075688772,0.0003628345377590923,8268.231625711114,4773.665754826488
4913,2454.4604308799,4.0,2.0,2.449489742783178,0.0003628762863364451,5511.5202489304465,6750.206158448458
4914,2454.9606902716,4.0,2.0,2.449489742783178,0.0003629180501875144,5510.885994693925,6749.429358825119
4915,2455.4609497975002,5.0,5.0,2.23606797749979,0.0003629598293032526,13775.629136695745,6160.648636495685
4916,2455.9612094575996,4.0,3.0,2.23606797749979,0.00036300162367470124,8264.425843693767,6159.9393271684385
4917,2456.4614692519,4.0,4.0,2.0,0.0003630434332928377,11017.965436585997,5508.9827182929985
4918,2456.9617291804,4.0,4.0,2.0,0.00036308525814868914,11016.696244830566,5508.348122415283
4919,2457.4619892431,2.0,2.0,1.4142135623730951,0.0003631270982332765,5507.713441741492,3894.5415234877078
4920,2457.96224944,2.0,1.0,1.7320508075688774,0.00036316895353761077,2753.539338258542,4769.27003450338
4921,2458.4625097711,0.0,-2.0,1.4142135623730951,0.00036321082405272784,-5506.443826986987,3893.643770285303
4922,2458.9627702364,5.0,4.0,2.4494897427831783,0.0003632527097696764,11011.617786791558,6743.21120504868
4923,2459.4630308359,2.0,1.0,1.7320508075688774,0.00036329461067947667,2752.586937994157,4767.620428856323
4924,2459.9632915696,5.0,5.0,2.23606797749979,0.0003633365267731851,13761.34693752186,6154.261442851486
4925,2460.4635524375,4.0,3.0,2.23606797749979,0.00036337845804187253,8255.855386051273,6153.551285206139
4926,2460.9638134396,3.0,2.0,1.9999999999999998,0.0003634204044765561,5503.2683233090675,5503.2683233090675
4927,2461.4640745759,3.0,3.0,1.7320508075688772,0.00036346236606835553,8253.949459614196,4765.419942385822
4928,2461.9643358464,4.0,4.0,2.0,0.00036350434280831446,11003.995080491533,5501.997540245767
4929,2462.4645972511003,2.0,2.0,1.4142135623730951,0.00036354633468750744,5501.362025061083,3890.050393682849
4930,2462.9648587899997,2.0,1.0,1.7320508075688774,0.0003635883416970221,2750.363213882417,4763.768825712773
4931,2463.4651204631,6.0,6.0,2.449489742783178,0.0003636303638279411,16500.272245799082,6736.207936535801
4932,2463.9653822704,6.0,6.0,2.449489742783178,0.00036367240107136606,16498.364963423708,6735.429291766622
4933,2464.4656442119003,3.0,3.0,1.7320508075688772,0.00036371445341838786,8248.228718447548,4762.117070933294
4934,2464.9659062876,2.0,0.0,2.0,0.00036375652086014567,0.0,5498.183222312446
4935,2465.4661684975,3.0,3.0,1.7320508075688772,0.00036379860338773277,8246.32082713806,4761.015549372177
4936,2465.9664308416,1.0,-1.0,1.7320508075688774,0.00036384070099225544,-2748.4555666060173,4760.464683707129
4937,2466.4666933199,3.0,2.0,1.9999999999999998,0.00036388281366486194,5496.274967913189,5496.274967913188
4938,2466.9669559324,2.0,2.0,1.4142135623730951,0.00036392494139664966,5495.638722436879,3886.0034075864924
4939,2467.4672186791,1.0,1.0,1.0,0.0003639670841787808,2747.5011985116753,2747.5011985116753
4940,2467.96748156,0.0,-1.0,1.0,0.0003640092420024019,-2747.1829959564643,2747.1829959564643
4941,2468.4677445751,1.0,0.0,1.4142135623730951,0.00036405141485864814,0.0,3884.653388648958
4942,2468.9680077244,3.0,1.0,2.23606797749979,0.00036409360273867387,2746.546471781171,6141.464614264906
4943,2469.4682710078996,2.0,2.0,1.4142135623730951,0.0003641358056336407,5492.4563008017185,3883.7530956676756
4944,2469.9685344256,6.0,6.0,2.449489742783178,0.00036417802353470527,16475.45873791095,6726.07786436006
4945,2470.4687979775,6.0,4.0,2.8284271247461903,0.00036422025643304874,10982.365558614347,7765.705159965792
4946,2470.9690616636,5.0,5.0,2.23606797749979,0.0003642625043198601,13726.364752627638,6138.616934166496
4947,2471.4693254839003,3.0,3.0,1.7320508075688772,0.0003643047671862868,8234.863417161801,4754.400610638167
4948,2471.9695894384,2.0,2.0,1.4142135623730951,0.00036434704502356734,5489.271910715325,3881.501391843643
4949,2472.4698535271,2.0,2.0,1.4142135623730951,0.0003643893378228638,5488.63479911214,3881.0508859086585
4950,2472.97011775,1.0,-1.0,1.7320508075688774,0.0003644316455753692,-2743.998805101537,4752.745346344152
4951,2473.4703821071002,3.0,3.0,1.7320508075688772,0.0003644739682723073,8231.040516338406,4752.193457818695
4952,2473.9706465984,5.0,4.0,2.4494897427831783,0.00036451630590487907,10973.446002834793,6719.835856732224
4953,2474.4709112238997,0.0,-2.0,1.4142135623730951,0.00036455865846432193,-5486.085582015419,3879.2483172128505
4954,2474.9711759836,2.0,2.0,1.4142135623730951,0.00036460102594182783,5485.448086257169,3878.7975396392144
4955,2475.4714408775,5.0,4.0,2.4494897427831783,0.0003646434083286719,10969.62102875748,6717.493548040026
4956,2475.9717059056,3.0,3.0,1.7320508075688772,0.0003646858056160483,8226.259299925938,4749.433021235903
4957,2476.4719710678996,2.0,2.0,1.4142135623730951,0.00036472821779521056,5483.5351432089365,3877.444884637785
4958,2476.9722363644,5.0,4.0,2.4494897427831783,0.000364770644857402,10965.794688779577,6715.150402907957
4959,2477.4725017951,0.0,-1.0,1.0,0.00036481308679388525,-2741.1297351977596,2741.1297351977596
4960,2477.97276736,5.0,5.0,2.23606797749979,0.00036485554359591695,13704.053803654346,6128.639174457136
4961,2478.4730330590996,2.0,-1.0,2.23606797749979,0.00036489801525475016,-2740.4917489119784,6127.925842344469
4962,2478.9732988923997,4.0,2.0,2.449489742783178,0.0003649405017616503,5480.345399717346,6712.024921758306
4963,2479.4735648599,0.0,-2.0,1.4142135623730951,0.0003649830031079131,-5479.70722737647,3874.7381393948367
4964,2479.9738309616,1.0,0.0,1.4142135623730951,0.0003650255192848183,0.0,3874.286831079411
4965,2480.4740971975,4.0,2.0,2.449489742783178,0.00036506805028363497,5478.430660930546,6709.679855249119
4966,2480.9743635676,1.0,1.0,1.0,0.0003651105960956681,2738.896133647064,2738.896133647064
4967,2481.4746300719,4.0,2.0,2.449489742783178,0.0003651531567122067,5477.153800360785,6708.116026814821
4968,2481.9748967104,0.0,-1.0,1.0,0.0003651957321245815,-2738.2576301818985,2738.2576301818985
4969,2482.4751634831,3.0,1.0,2.23606797749979,0.000365238322324072,2737.9383237685306,6122.216210148264
4970,2482.97543039,2.0,1.0,1.7320508075688774,0.00036528092730200574,2737.6189810568,4741.695166955318
4971,2483.4756974311,3.0,2.0,1.9999999999999998,0.0003653235470496995,5474.599204326446,5474.599204326446
4972,2483.9759646064,2.0,1.0,1.7320508075688774,0.0003653661815584652,2736.980187204277,4740.588743547186
4973,2484.4762319159,5.0,4.0,2.4494897427831783,0.00036540883081968053,10946.642945183481,6703.422403034195
4974,2484.9764993596,4.0,3.0,2.23606797749979,0.00036545149482466034,8209.023748662918,6118.645043640145
4975,2485.4767669374996,1.0,0.0,1.4142135623730951,0.00036549417356472553,0.0,3869.3190334062915
4976,2485.9770346496,0.0,0.0,0.0,0.0003655368670312454,0.0,0.0
4977,2486.4773024959,3.0,1.0,2.23606797749979,0.00036557957521559655,2735.3825754906056,6116.501383265444
4978,2486.9775704764,0.0,0.0,0.0,0.0003656222981090921,0.0,0.0
4979,2487.4778385911004,3.0,3.0,1.7320508075688772,0.0003656650357031338,8204.22984721886,4736.71431078537
4980,2487.97810684,1.0,-2.0,1.9999999999999998,0.000365707787989096,-5468.8471661960675,5468.847166196067
4981,2488.4783752231,4.0,3.0,2.23606797749979,0.00036575055495834753,8202.31154629867,6113.642063385079
4982,2488.9786437404,3.0,2.0,1.9999999999999998,0.00036579333660226483,5467.568159052181,5467.568159052181
4983,2489.4789123919,2.0,2.0,1.4142135623730951,0.0003658361329122424,5466.928550985325,3865.7022506640697
4984,2489.9791811776,2.0,2.0,1.4142135623730951,0.0003658789438796883,5466.288873561574,3865.249930419964
4985,2490.4794500975,4.0,4.0,2.0,0.00036592176949598175,10931.29825402182,5465.64912701091
4986,2490.9797191516,2.0,0.0,2.0,0.000365964609752527,0.0,5465.009311562782
4987,2491.4799883399,0.0,0.0,0.0,0.0003660074646407703,0.0,0.0
4988,2491.9802576624,2.0,1.0,1.7320508075688774,0.0003660503341520945,2731.864737444819,4731.728524660239
4989,2492.4805271191,1.0,0.0,1.4142135623730951,0.00036609321827793046,0.0,3862.9875992388725
4990,2492.98079671,1.0,1.0,1.0,0.00036613611700972193,2731.2246826866503,2731.2246826866503
4991,2493.4810664351,2.0,-1.0,2.23606797749979,0.00036617903033889037,-2730.9046044349475,6106.488335583716
4992,2493.9813362944,2.0,1.0,1.7320508075688774,0.00036622195825687567,2730.584492420248,4729.511075231543
4993,2494.4816062879,3.0,2.0,1.9999999999999998,0.000366264900755137,5460.528693512681,5460.52869351268
4994,2494.9818764156,0.0,-1.0,1.0,0.0003663078578251044,-2729.9441675571566,2729.9441675571566
4995,2495.4821466775,4.0,3.0,2.23606797749979,0.0003663508294582571,8188.871864808558,6103.624716249135
4996,2495.9824170736,2.0,2.0,1.4142135623730951,0.00036639381564603337,5458.607418014296,3859.8183211131
4997,2496.4826876039,2.0,2.0,1.4142135623730951,0.00036643681637991385,5457.9668597667405,3859.3653780325085
4998,2496.9829582683997,1.0,-1.0,1.7320508075688774,0.000366479831651381,-2728.663117678093,4726.183156557751
4999,2497.4832290670997,3.0,2.0,1.9999999999999998,0.0003665228614519,5456.685545009221,5456.685545009221
5000,2497.9835,2.0,0.0,2.0,0.0003665659057729784,0.0,5456.044788951649
5001,2498.4837710671,1.0,1.0,1.0,0.0003666089646060603,2727.7019837050357,2727.7019837050357
5002,2498.9840422683997,2.0,1.0,1.7320508075688774,0.00036665203794269665,2727.3815403046747,4723.963399433161
5003,2499.4843136039,4.0,3.0,2.23606797749979,0.0003666951257743397,8181.18319316349,6097.893918764118
5004,2499.9845850736,1.0,1.0,1.0,0.0003667382280925367,2726.74055606681,2726.74055606681
5005,2500.4848566775,5.0,5.0,2.23606797749979,0.00036678134488877693,13632.100077271389,6096.460489771793
5006,2500.9851284156002,1.0,1.0,1.0,0.00036682447615459245,2726.0994426625057,2726.0994426625057
5007,2501.4854002878997,0.0,0.0,0.0,0.0003668676218814983,0.0,0.0
5008,2501.9856722944,4.0,4.0,2.0,0.0003669107820610113,10901.832803961768,5450.916401980884
5009,2502.4859444351,0.0,-1.0,1.0,0.0003669539566846894,-2725.1375323342395,2725.1375323342395
5010,2502.98621671,4.0,3.0,2.23606797749979,0.00036699714574406323,8174.450495841574,6092.875662469541
5011,2503.4864891190996,3.0,3.0,1.7320508075688772,0.0003670403492306756,8173.488299823342,4718.9656701212625
5012,2503.9867616623997,1.0,1.0,1.0,0.0003670835671360945,2724.1753364275623,2724.1753364275623
5013,2504.4870343398998,2.0,1.0,1.7320508075688774,0.00036712679945185303,2723.854541518278,4717.8544583368885
5014,2504.9873071516,2.0,0.0,2.0,0.00036717004616953304,0.0,5447.067430649128
5015,2505.4875800975,2.0,0.0,2.0,0.0003672133072806878,0.0,5446.425715915722
5016,2505.9878531776,1.0,0.0,1.4142135623730951,0.00036725658277690073,0.0,3850.750752185141
5017,2506.4881263919,3.0,3.0,1.7320508075688772,0.0003672998726497336,8167.713150450438,4715.631386076207
5018,2506.9883997404,1.0,1.0,1.0,0.0003673431768908069,2722.2500999310814,2722.2500999310814
5019,2507.4886732231002,4.0,3.0,2.23606797749979,0.00036738649549167306,8165.787356949804,6086.418539982701
5020,2507.9889468399997,2.0,2.0,1.4142135623730951,0.0003674298284439488,5443.216214834607,3848.935096974122
5021,2508.4892205911,0.0,0.0,0.0,0.0003674731757392235,0.0,0.0
5022,2508.9894944764,3.0,2.0,1.9999999999999998,0.00036751653736910497,5441.931985747232,5441.931985747231
5023,2509.4897684959,1.0,0.0,1.4142135623730951,0.00036755991332521965,0.0,3847.5729020041117
5024,2509.9900426496,2.0,2.0,1.4142135623730951,0.00036760330359917736,5440.647514367103,3847.118751454713
5025,2510.4903169374998,2.0,2.0,1.4142135623730951,0.000367646708182577,5440.005188368993,3846.664558385717
5026,2510.9905913596,2.0,1.0,1.7320508075688774,0.00036769012706707247,2719.681401229422,4710.626367329477
5027,2511.4908659159,1.0,0.0,1.4142135623730951,0.00036773356024431754,0.0,3845.7560453103856
5028,2511.9911406064,0.0,0.0,0.0,0.00036777700770590873,0.0,0.0
5029,2512.4914154311,1.0,1.0,1.0,0.0003678204694435144,2718.7176437269172,2718.7176437269172
5030,2512.99169039,0.0,0.0,0.0,0.00036786394544877977,0.0,0.0
5031,2513.4919654831,4.0,3.0,2.23606797749979,0.00036790743571335775,8154.224972874278,6077.800447724422
5032,2513.9922407104,0.0,0.0,0.0,0.0003679509402289078,0.0,0.0
5033,2514.4925160719004,0.0,0.0,0.0,0.0003679944589871138,0.0,0.0
5034,2514.9927915676,0.0,-1.0,1.0,0.00036803799197961405,-2717.1107923428485,2717.1107923428485
5035,2515.4930671975,2.0,1.0,1.7320508075688774,0.00036808153919810666,2716.7893347179956,4705.617161192818
5036,2515.9933429616,0.0,-2.0,1.4142135623730951,0.0003681251006342843,-5432.935696462899,3841.6656727193745
5037,2516.4936188599,1.0,1.0,1.0,0.00036816867627981214,2716.146332992189,2716.146332992189
5038,2516.9938948923996,1.0,0.0,1.4142135623730951,0.0003682122661264088,0.0,3840.75624978661
5039,2517.4941710590997,1.0,1.0,1.0,0.00036825587016575857,2715.503216689749,2715.503216689749
5040,2517.99444736,0.0,-1.0,1.0,0.0003682994883895767,-2715.1816158436486,2715.1816158436486
5041,2518.4947237951,2.0,2.0,1.4142135623730951,0.0003683431207895439,5429.719973357987,3839.391813105473
5042,2518.9950003644003,0.0,0.0,0.0,0.00036838676735740056,0.0,0.0
5043,2519.4952770678997,2.0,2.0,1.4142135623730951,0.00036843042808486453,5428.433287652665,3838.481988917984
5044,2519.9955539056,0.0,0.0,0.0,0.00036847410296366714,0.0,0.0
5045,2520.4958308775,0.0,-2.0,1.4142135623730951,0.00036851779198550486,-5427.1463779927,3837.5720063706485
5046,2520.9961079836003,2.0,1.0,1.7320508075688774,0.00036856149514216907,2713.251419859417,4699.489312904907
5047,2521.4963852239,0.0,0.0,0.0,0.0003686052124253709,0.0,0.0
5048,2521.9966625984,1.0,1.0,1.0,0.0003686489438268567,2712.6077986803343,2712.6077986803343
5049,2522.4969401071,1.0,0.0,1.4142135623730951,0.0003686926893383685,0.0,3835.7515710738644
5050,2522.99721775,1.0,1.0,1.0,0.0003687364489516961,2711.964067677504,2711.964067677504
5051,2523.4974955271,0.0,0.0,0.0,0.0003687802226585781,0.0,0.0
5052,2523.9977734383997,1.0,1.0,1.0,0.0003688240104507884,2711.320227709059,2711.320227709059
5053,2524.4980514839,2.0,2.0,1.4142135623730951,0.00036886781232010863,5421.996534260821,3833.9305169457857
5054,2524.9983296636,0.0,-1.0,1.0,0.00036891162825832143,-2710.676279631322,2710.676279631322
5055,2525.4986079775,1.0,1.0,1.0,0.00036895545825720385,2710.354265318624,2710.354265318624
5056,2525.9988864256,1.0,0.0,1.4142135623730951,0.00036899930230852875,0.0,3832.56432607192
5057,2526.4991650079,1.0,1.0,1.0,0.0003690431604041225,2709.7101566790866,2709.7101566790866
5058,2526.9994437244,2.0,0.0,2.0,0.00036908703253578953,0.0,5418.776125129957
5059,2527.4997225751,1.0,1.0,1.0,0.0003691309186952939,2709.0659420634142,2709.0659420634142
5060,2528.0000015600003,2.0,2.0,1.4142135623730951,0.00036917481887447105,5417.48759056086,3830.7422122795547
5061,2528.5002806791,0.0,0.0,0.0,0.00036921873306516325,0.0,0.0
5062,2529.0005599324,1.0,-2.0,1.9999999999999998,0.0003692626612591553,-5416.1988465884,5416.198846588399
5063,2529.5008393199,2.0,0.0,2.0,0.0003693066034482804,0.0,5415.554396606099
5064,2530.0011188416,1.0,0.0,1.4142135623730951,0.0003693505596243891,0.0,3828.9195062037516
5065,2530.5013984975003,2.0,2.0,1.4142135623730951,0.0003693945297793109,5414.265341706249,3828.463738263789
5066,2531.0016782876,3.0,3.0,1.7320508075688772,0.0003694385139048933,8120.431105816725,4688.3330848790965
5067,2531.5019582119,3.0,3.0,1.7320508075688772,0.00036948251199296693,8119.4641224510915,4687.7747967726455
5068,2532.0022382704,0.0,0.0,0.0,0.00036952652403539365,0.0,0.0
5069,2532.5025184631,2.0,2.0,1.4142135623730951,0.00036957055002405885,5411.686618075496,3826.6403052976775
5070,2533.00279879,0.0,0.0,0.0,0.00036961458995079686,0.0,0.0
5071,2533.5030792510997,1.0,1.0,1.0,0.00036965864380747763,2705.1984763565038,2705.1984763565038
5072,2534.0033598464,2.0,2.0,1.4142135623730951,0.0003697027115860022,5409.752044879848,3825.2723554723325
5073,2534.5036405759,3.0,3.0,1.7320508075688772,0.0003697467932782131,8113.660630837908,4684.424149327535
5074,2535.0039214396,0.0,-1.0,1.0,0.0003697908888760483,-2704.2310399789058,2704.2310399789058
5075,2535.5042024374998,1.0,1.0,1.0,0.00036983499837132966,2703.908511643775,2703.908511643775
5076,2536.0044835696,1.0,0.0,1.4142135623730951,0.0003698791217560084,0.0,3823.4479298509427
5077,2536.5047648359,0.0,0.0,0.0,0.00036992325902196704,0.0,0.0
5078,2537.0050462364,2.0,2.0,1.4142135623730951,0.00036996741016110025,5405.88155894356,3822.5355086202962
5079,2537.5053277711,0.0,-2.0,1.4142135623730951,0.00037001157516536293,-5405.23630674574,3822.0792464156425
5080,2538.0056094399997,0.0,0.0,0.0,0.0003700557540266228,0.0,0.0
5081,2538.5058912431,4.0,2.0,2.449489742783178,0.00037009994673681284,5403.945657474653,6618.454729270929
5082,2539.0061731804003,2.0,1.0,1.7320508075688774,0.00037014415328786736,2701.650130408201,4679.395290142088
5083,2539.5064552519,0.0,-1.0,1.0,0.00037018837367174516,-2701.32740820954,2701.32740820954
5084,2540.0067374575997,2.0,2.0,1.4142135623730951,0.00037023260788034135,5402.009324490395,3819.7974253801194
5085,2540.5070197975,1.0,1.0,1.0,0.0003702768559056282,2700.681892618393,2700.681892618393
5086,2541.0073022716,0.0,0.0,0.0,0.00037032111773953254,0.0,0.0
5087,2541.5075848799,2.0,1.0,1.7320508075688774,0.0003703653933740286,2700.0362827908957,4676.600024073241
5088,2542.0078676223998,1.0,0.0,1.4142135623730951,0.0003704096828010508,0.0,3817.971365323831
5089,2542.5081504991,0.0,-2.0,1.4142135623730951,0.00037045398601260514,-5398.78115910446,3817.5147677449336
5090,2543.00843351,1.0,0.0,1.4142135623730951,0.0003704983030006098,0.0,3817.0581374316507
5091,2543.5087166551,1.0,0.0,1.4142135623730951,0.0003705426337570616,0.0,3816.6014745290936
5092,2544.0089999344,1.0,0.0,1.4142135623730951,0.00037058697827394526,0.0,3816.144779182393
5093,2544.5092833479,0.0,0.0,0.0,0.00037063133654324754,0.0,0.0
5094,2545.0095668956,2.0,2.0,1.4142135623730951,0.0003706757085569378,5395.551836364236,3815.2312917366808
5095,2545.5098505775,0.0,0.0,0.0,0.0003707200943070457,0.0,0.0
5096,2546.0101343936003,1.0,-1.0,1.7320508075688774,0.00037076449378553675,-2697.1298944780706,4671.566011848903
5097,2546.5104183439,0.0,0.0,0.0,0.0003708089069844544,0.0,0.0
5098,2547.0107024284,1.0,1.0,1.0,0.00037085333389574876,2696.4837810548356,2696.4837810548356
5099,2547.5109866471,1.0,1.0,1.0,0.00037089777451150584,2696.160690953346,2696.160690953346
5100,2548.011271,1.0,-1.0,1.7320508075688774,0.00037094222882369564,-2695.8375787278937,4669.327655310176
5101,2548.5115554871004,1.0,1.0,1.0,0.0003709866968243708,2695.514444479962,2695.514444479962
5102,2549.0118401083996,3.0,3.0,1.7320508075688772,0.0003710311785055442,8085.573864933758,4668.208247472107
5103,2549.5121248638998,1.0,1.0,1.0,0.00037107567385928305,2694.868110323,2694.868110323
5104,2550.0124097536,3.0,2.0,1.9999999999999998,0.00037112018287759535,5389.089821233597,5389.089821233596
5105,2550.5126947775,1.0,1.0,1.0,0.00037116470555253306,2694.22168929385,2694.22168929385
5106,2551.0129799355996,0.0,0.0,0.0,0.00037120924187615913,0.0,0.0
5107,2551.5132652279,0.0,0.0,0.0,0.0003712537918405329,0.0,0.0
5108,2552.0135506543998,2.0,2.0,1.4142135623730951,0.00037129835543770205,5386.503793269744,3808.8333591080977
5109,2552.5138362151,5.0,5.0,2.23606797749979,0.0003713429326597397,13464.642949274825,6021.571385468353
5110,2553.01412191,0.0,-1.0,1.0,0.0003713875234987305,-2692.60526196276,2692.60526196276
5111,2553.5144077390996,0.0,-1.0,1.0,0.0003714321279467315,-2692.281913058996,2692.281913058996
5112,2554.0146937024,1.0,0.0,1.4142135623730951,0.0003714767459958477,0.0,3807.0042812017714
5113,2554.5149797999,2.0,1.0,1.7320508075688774,0.0003715213776381435,2691.6351526182852,4662.04883977328
5114,2555.0152660316003,1.0,1.0,1.0,0.0003715660228657201,2691.3117412820843,2691.3117412820843
5115,2555.5155523975,0.0,0.0,0.0,0.00037161068167069106,0.0,0.0
5116,2556.0158388975997,3.0,0.0,2.449489742783178,0.0003716553540451297,0.0,6590.755968191269
5117,2556.5161255319,2.0,2.0,1.4142135623730951,0.00037170003998115747,5380.682768022801,3804.7172726825256
5118,2557.0164123004,1.0,1.0,1.0,0.0003717447394709087,2690.0178908335465,2690.0178908335465
5119,2557.5166992031,0.0,0.0,0.0,0.00037178945250646527,0.0,0.0
5120,2558.01698624,0.0,0.0,0.0,0.0003718341790799695,0.0,0.0
5121,2558.5172734110997,1.0,0.0,1.4142135623730951,0.0003718789191835639,0.0,3802.8871479940553
5122,2559.0175607164,1.0,0.0,1.4142135623730951,0.00037192367280935757,0.0,3802.4295460697913
5123,2559.5178481559,2.0,2.0,1.4142135623730951,0.00037196843994947743,5376.800247546942,3801.97191612595
5124,2560.0181357295996,1.0,1.0,1.0,0.00037201322059611026,2688.076510822949,2688.076510822949
5125,2560.5184234374997,0.0,0.0,0.0,0.00037205801474137385,0.0,0.0
5126,2561.0187112795998,1.0,0.0,1.4142135623730951,0.00037210282237741543,0.0,3800.598859577288
5127,2561.5189992559,0.0,-1.0,1.0,0.0003721476434964252,-2687.1055546791495,2687.1055546791495
5128,2562.0192873664,1.0,1.0,1.0,0.000372192478090535,2686.781863863332,2686.781863863332
5129,2562.5195756110998,1.0,1.0,1.0,0.0003722373261519364,2686.4581538279945,2686.4581538279945
5130,2563.01986399,2.0,1.0,1.7320508075688774,0.000372282187672787,2686.1344246717977,4652.521299491349
5131,2563.5201525031,1.0,0.0,1.4142135623730951,0.0003723270626452744,0.0,3798.309884663025
5132,2564.0204411504,1.0,1.0,1.0,0.00037237195106158135,2685.4869093902944,2685.4869093902944
5133,2564.5207299319004,0.0,0.0,0.0,0.0003724168529138918,0.0,0.0
5134,2565.0210188476,3.0,2.0,1.9999999999999998,0.00037246176819440233,5369.678637610188,5369.678637610187
5135,2565.5213078975,0.0,-1.0,1.0,0.00037250669689532735,-2684.5154955187163,2684.5154955187163
5136,2566.0215970816002,0.0,-2.0,1.4142135623730951,0.00037255163900883065,-5368.383307401296,3796.020240672123
5137,2566.5218863999003,2.0,1.0,1.7320508075688774,0.00037259659452716415,2683.867793448378,4648.595379050364
5138,2567.0221758524,1.0,1.0,1.0,0.0003726415634425103,2683.5439148598252,2683.5439148598252
5139,2567.5224654391,0.0,0.0,0.0,0.0003726865457471232,0.0,0.0
5140,2568.02275516,1.0,1.0,1.0,0.0003727315414331937,2682.8961030635887,2682.8961030635887
5141,2568.5230450151003,2.0,1.0,1.7320508075688774,0.0003727765504929419,2682.5721700510608,4646.351293498737
5142,2569.0233350044,3.0,3.0,1.7320508075688772,0.0003728215729186426,8046.744657275136,4645.790193977982
5143,2569.5236251279,1.0,1.0,1.0,0.00037286660870250086,2681.924250282948,2681.924250282948
5144,2570.0239153856,5.0,5.0,2.23606797749979,0.0003729116578367926,13408.001318607972,5996.240478162848
5145,2570.5242057775,1.0,0.0,1.4142135623730951,0.0003729567203137313,0.0,3791.897250660769
5146,2571.0244963036002,0.0,-1.0,1.0,0.00037300179612558877,-2680.9522377294466,2680.9522377294466
5147,2571.5247869638997,3.0,3.0,1.7320508075688772,0.0003730468852646268,8041.884595476255,4642.98423599012
5148,2572.0250777583997,0.0,0.0,0.0,0.0003730919877231137,0.0,0.0
5149,2572.5253686871,0.0,-2.0,1.4142135623730951,0.0003731371034932895,-5359.9601360360775,3790.0641590806804
5150,2573.02565975,1.0,1.0,1.0,0.00037318223256745396,2679.6559769743235,2679.6559769743235
5151,2573.5259509471002,2.0,2.0,1.4142135623730951,0.00037322737493787817,5358.663737709191,3789.14746703262
5152,2574.0262422784,5.0,5.0,2.23606797749979,0.00037327253059684013,13395.038718775537,5990.443427284758
5153,2574.5265337439,2.0,1.0,1.7320508075688774,0.00037331769953663626,2678.683601771909,4639.6160956705435
5154,2575.0268253436,0.0,-1.0,1.0,0.0003733628817495642,-2678.3594430009703,2678.3594430009703
5155,2575.5271170775,2.0,1.0,1.7320508075688774,0.0003734080772279049,2678.0352675383147,4638.493147837673
5156,2576.0274089455997,2.0,1.0,1.7320508075688774,0.000373453285963981,2677.711075479594,4637.931630720558
5157,2576.5277009479,1.0,1.0,1.0,0.0003734985079500867,2677.386866920596,2677.386866920596
5158,2577.0279930844,1.0,0.0,1.4142135623730951,0.0003735437431785474,0.0,3785.938295577677
5159,2577.5282853551003,1.0,1.0,1.0,0.0003735889916416586,2676.738400683889,2676.738400683889
5160,2578.02857776,2.0,2.0,1.4142135623730951,0.0003736342533317707,5352.82828639399,3785.0211798363575
5161,2578.5288702990997,0.0,-1.0,1.0,0.00037367952824119945,-2676.0898695914875,2676.0898695914875
5162,2579.0291629723997,1.0,0.0,1.4142135623730951,0.00037372481636226737,0.0,3784.1039729142253
5163,2579.5294557799,3.0,3.0,1.7320508075688772,0.00037377011768733307,8026.323823215761,4634.000219936725
5164,2580.0297487216003,1.0,0.0,1.4142135623730951,0.00037381543220873863,0.0,3783.1866758871474
5165,2580.5300417975,2.0,2.0,1.4142135623730951,0.0003738607599188032,5349.585231770163,3782.727993920091
5166,2581.0303350075997,0.0,0.0,0.0,0.0003739061008098887,0.0,0.0
5167,2581.5306283519,0.0,0.0,0.0,0.0003739514548743864,0.0,0.0
5168,2582.0309218304,0.0,-2.0,1.4142135623730951,0.00037399682210461304,-5347.639022025078,3781.3518158117304
5169,2582.5312154431003,1.0,0.0,1.4142135623730951,0.00037404220249296775,0.0,3780.8930461521472
5170,2583.0315091899997,1.0,-1.0,1.7320508075688774,0.0003740875960318039,-2673.170697472104,4630.067465326018
5171,2583.5318030711,3.0,3.0,1.7320508075688772,0.00037413300271351113,8018.53880369175,4629.505536818891
5172,2584.0320970864,0.0,0.0,0.0,0.0003741784225304682,0.0,0.0
5173,2584.5323912359,2.0,2.0,1.4142135623730951,0.0003742238554750488,5344.394727217888,3779.0577529533984
5174,2585.0326855196,1.0,-1.0,1.7320508075688774,0.00037426930153965077,-2671.8728890834723,4627.819595258418
5175,2585.5329799375,3.0,3.0,1.7320508075688772,0.00037431476071667953,8014.645199286471,4627.257563267386
5176,2586.0332744896,0.0,-1.0,1.0,0.0003743602329985346,-2671.2238957387185,2671.2238957387185
5177,2586.5335691759,0.0,-1.0,1.0,0.0003744057183776173,-2670.899377106795,2670.899377106795
5178,2587.0338639964,0.0,0.0,0.0,0.0003744512168463349,0.0,0.0
5179,2587.5341589511,0.0,0.0,0.0,0.00037449672839711973,0.0,0.0
5180,2588.03445404,2.0,2.0,1.4142135623730951,0.0003745422530223574,5339.851468989307,3775.845184251287
5181,2588.5347492631,1.0,0.0,1.4142135623730951,0.00037458779071451135,0.0,3775.386164283515
5182,2589.0350446204,1.0,1.0,1.0,0.00037463334146598133,2669.2765680889224,2669.2765680889224
5183,2589.5353401118996,1.0,0.0,1.4142135623730951,0.0003746789052692263,0.0,3774.4680644801956
5184,2590.0356357376,2.0,2.0,1.4142135623730951,0.00037472448211667693,5337.254690973902,3774.0089849073574
5185,2590.5359314975,0.0,-2.0,1.4142135623730951,0.00037477007200078225,-5336.605426688995,3773.5498857287175
5186,2591.0362273916003,1.0,1.0,1.0,0.00037481567491398117,2667.9780674314015,2667.9780674314015
5187,2591.5365234199003,3.0,2.0,1.9999999999999998,0.00037486129084872985,5335.30681568045,5335.306815680449
5188,2592.0368195824,0.0,0.0,0.0,0.0003749069197975043,0.0,0.0
5189,2592.5371158791,1.0,0.0,1.4142135623730951,0.0003749525617527397,0.0,3771.713295576015
5190,2593.03741231,2.0,0.0,2.0,0.0003749982167069363,0.0,5333.358695844183
5191,2593.5377088751,1.0,1.0,1.0,0.0003750438846525436,2666.354634542147,2666.354634542147
5192,2594.0380055744,1.0,1.0,1.0,0.0003750895655820574,2666.029907945366,2666.029907945366
5193,2594.5383024078997,1.0,0.0,1.4142135623730951,0.0003751352594879403,0.0,3769.8764021902307
5194,2595.0385993756,0.0,0.0,0.0,0.00037518096636269106,0.0,0.0
5195,2595.5388964775,3.0,3.0,1.7320508075688772,0.0003752266861988259,7995.166949320747,4616.011790406332
5196,2596.0391937136,1.0,1.0,1.0,0.00037527241898879836,2664.730871228374,2664.730871228374
5197,2596.5394910839,0.0,0.0,0.0,0.00037531816472513346,0.0,0.0
5198,2597.0397885884,0.0,0.0,0.0,0.00037536392340034423,0.0,0.0
5199,2597.5400862271,1.0,0.0,1.4142135623730951,0.0003754096950069338,0.0,3767.1205117570944
5200,2598.040384,2.0,1.0,1.7320508075688774,0.0003754554795374294,2663.431630381384,4613.198906306568
5201,2598.5406819071,1.0,1.0,1.0,0.00037550127698432993,2663.1067889596848,2663.1067889596848
5202,2599.0409799484,0.0,0.0,0.0,0.0003755470873401701,0.0,0.0
5203,2599.5412781239,1.0,1.0,1.0,0.0003755929105974915,2662.457069301986,2662.457069301986
5204,2600.0415764336,1.0,0.0,1.4142135623730951,0.00037563874674882545,0.0,3764.8234496925393
5205,2600.5418748775,1.0,1.0,1.0,0.0003756845957867145,2661.8073011642055,2661.8073011642055
5206,2601.0421734556,2.0,2.0,1.4142135623730951,0.0003757304577037035,5322.964798284135,3763.9045048839953
5207,2601.5424721679,4.0,4.0,2.0,0.0003757763324923315,10644.629941087704,5322.314970543852
5208,2602.0427710144,0.0,-2.0,1.4142135623730951,0.00037582222014516836,-5321.665119288217,3762.9854930526158
5209,2602.5430699951003,1.0,0.0,1.4142135623730951,0.0003758681206547429,0.0,3762.5259623231896
5210,2603.04336911,1.0,-1.0,1.7320508075688774,0.00037591403401368584,-2660.182673476865,4607.5715478763395
5211,2603.5436683590997,0.0,0.0,0.0,0.00037595996021448066,0.0,0.0
5212,2604.0439677424,2.0,2.0,1.4142135623730951,0.0003760058992497652,5319.065482723936,3761.1472724093924
5213,2604.5442672599,1.0,1.0,1.0,0.00037605185111209,2659.207758299079,2659.207758299079
5214,2605.0445669116,1.0,-2.0,1.9999999999999998,0.0003760978157940418,-5317.765528038157,5317.765528038156
5215,2605.5448666975,0.0,0.0,0.0,0.00037614379328819566,0.0,0.0
5216,2606.0451666176,0.0,0.0,0.0,0.00037618978358718155,0.0,0.0
5217,2606.5454666719,0.0,-1.0,1.0,0.0003762357866835709,-2657.9077147731277,2657.9077147731277
5218,2607.0457668604,0.0,-2.0,1.4142135623730951,0.00037628180256993614,-5315.165353042226,3758.3894642639484
5219,2607.5460671831,0.0,-1.0,1.0,0.00037632783123895037,-2657.257627499379,2657.257627499379
5220,2608.04636764,1.0,0.0,1.4142135623730951,0.0003763738726831876,0.0,3757.4700716898815
5221,2608.5466682311,3.0,2.0,1.9999999999999998,0.0003764199268952466,5313.214995008958,5313.214995008957
5222,2609.0469689564,2.0,1.0,1.7320508075688774,0.0003764659938677796,2656.2824167093686,4600.816104992471
5223,2609.5472698159,4.0,1.0,2.6457513110645907,0.00037651207359341014,2655.9573255010287,7027.00257607595
5224,2610.0475708095996,2.0,-4.0,2.8284271247461903,0.0003765581660647455,-10622.52889587379,7511.262215622407
5225,2610.5478719375,5.0,-10.0,4.47213595499958,0.00037660427127442876,-26553.07112200295,11874.894408037044
5226,2611.0481731996,11.0,-14.0,6.0,0.0003766503892151095,-37169.74786399181,15929.891941710775
5227,2611.5484745959,27.0,-10.0,7.999999999999999,0.00037669651987941495,-26546.568583115975,21237.254866492778
5228,2612.0487761264003,42.0,-21.0,10.246950765959598,0.0003767426632600206,-55740.96604372678,27198.806414147337
5229,2612.5490777911,88.0,7.0,13.0,0.0003767888193495491,18578.04595179896,34502.08533905521
5230,2613.0493795899997,128.0,62.0,13.928388277184121,0.00037683498814067713,164528.24698128784,36961.504943868116
5231,2613.5496815231,178.0,114.0,15.556349186104045,0.0003768811696260595,302482.6104023995,41276.53605389469
5232,2614.0499835904,209.0,169.0,15.779733838059501,0.000376927363798374,448362.2475613139,41864.123843501045
5233,2614.5502857918996,214.0,189.0,15.459624833740307,0.0003769735706502769,501361.4075755398,41009.83739277148
5234,2615.0505881276,211.0,197.0,14.999999999999998,0.0003770197901744715,522518.99007432826,39785.70990413667
5235,2615.5508905975,186.0,181.0,13.820274961085252,0.00037706602236360984,480022.0366327764,36652.135545000594
5236,2616.0511932016,105.0,103.0,10.3440804327886,0.00037711226721038,273128.21394521033,27429.710810807268
5237,2616.5514959399,69.0,69.0,8.306623862918075,0.0003771585247074878,182946.94532892824,22024.224082858604
5238,2617.0517988123997,36.0,36.0,6.0,0.0003772047948476286,95438.87164674605,15906.478607791008
5239,2617.5521018191,15.0,14.0,4.0,0.000377251077623487,37110.5633102329,10603.018088637971
5240,2618.05240496,5.0,5.0,2.23606797749979,0.00037729737302778956,13252.146337185679,5926.540011544405
5241,2618.5527082351,2.0,1.0,1.7320508075688774,0.00037734368105320486,2650.104003885523,4590.114780071436
5242,2619.0530116443997,1.0,1.0,1.0,0.00037739000169249604,2649.778731591351,2649.778731591351
5243,2619.5533151879,0.0,0.0,0.0,0.0003774363349383511,0.0,0.0
5244,2620.0536188656,0.0,0.0,0.0,0.0003774826807835059,0.0,0.0
5245,2620.5539226775,1.0,1.0,1.0,0.0003775290392206792,2648.802863123502,2648.802863123502
5246,2621.0542266236002,0.0,0.0,0.0,0.00037757541024260286,0.0,0.0
5247,2621.5545307038997,0.0,-1.0,1.0,0.00037762179384201477,-2648.152242024381,2648.152242024381
5248,2622.0548349184,0.0,0.0,0.0,0.0003776681900116599,0.0,0.0
5249,2622.5551392671,0.0,-1.0,1.0,0.00037771459874429006,-2647.5015880362953,2647.5015880362953
5250,2623.05544375,1.0,1.0,1.0,0.0003777610200326522,2647.1762489246876,2647.1762489246876
5251,2623.5557483670996,0.0,0.0,0.0,0.00037780745386947577,0.0,0.0
5252,2624.0560531184,0.0,-1.0,1.0,0.00037785390024755634,-2646.5255468974538,2646.5255468974538
5253,2624.5563580039,1.0,0.0,1.4142135623730951,0.00037790035915963717,0.0,3742.292189184415
5254,2625.0566630236,0.0,0.0,0.0,0.00037794683059850327,0.0,0.0
5255,2625.5569681775,0.0,0.0,0.0,0.00037799331455691776,0.0,0.0
5256,2626.0572734656,2.0,1.0,1.7320508075688774,0.00037803981102765556,2645.224050032246,4581.6624520589685
5257,2626.5575788879,0.0,-1.0,1.0,0.00037808632000349855,-2644.8986569806248,2644.8986569806248
5258,2627.0578844444,0.0,0.0,0.0,0.0003781328414772296,0.0,0.0
5259,2627.5581901351,0.0,0.0,0.0,0.00037817937544167295,0.0,0.0
5260,2628.0584959599996,1.0,1.0,1.0,0.00037822592188957834,2643.922433988928,2643.922433988928
5261,2628.5588019191,0.0,0.0,0.0,0.0003782724808137778,0.0,0.0
5262,2629.0591080124,1.0,1.0,1.0,0.00037831905220707504,2643.271582982938,2643.271582982938
5263,2629.5594142399,0.0,0.0,0.0,0.00037836563606226875,0.0,0.0
5264,2630.0597206016,0.0,0.0,0.0,0.00037841223237217565,0.0,0.0
5265,2630.5600270974996,0.0,0.0,0.0,0.00037845884112960247,0.0,0.0
5266,2631.0603337275998,0.0,-1.0,1.0,0.0003785054623273795,-2641.9697984043178,2641.9697984043178
5267,2631.5606404919,0.0,0.0,0.0,0.0003785520959583615,0.0,0.0
5268,2632.0609473904,0.0,0.0,0.0,0.00037859874201536865,0.0,0.0
5269,2632.5612544231,0.0,0.0,0.0,0.0003786454004912053,0.0,0.0
5270,2633.0615615899997,0.0,0.0,0.0,0.0003786920713787518,0.0,0.0
5271,2633.5618688911,0.0,0.0,0.0,0.0003787387546708309,0.0,0.0
5272,2634.0621763264003,0.0,-1.0,1.0,0.0003787854503603017,-2640.01692527735,2640.01692527735
5273,2634.5624838959,0.0,-1.0,1.0,0.0003788321584400298,-2639.691424608301,2639.691424608301
5274,2635.0627915995997,0.0,-1.0,1.0,0.00037887887890285834,-2639.3659179307074,2639.3659179307074
5275,2635.5630994375,1.0,1.0,1.0,0.0003789256117416488,2639.040405328419,2639.040405328419
5276,2636.0634074096,1.0,0.0,1.4142135623730951,0.00037897235694929807,0.0,3731.7063802685216
5277,2636.5637155159,2.0,2.0,1.4142135623730951,0.00037901911451864074,5276.778725368577,3731.246019529028
5278,2637.0640237564,2.0,2.0,1.4142135623730951,0.0003790658844425871,5276.127665619347,3730.785650765389
5279,2637.5643321311,0.0,-1.0,1.0,0.00037911266671399605,-2637.7382973447407,2637.7382973447407
5280,2638.06464064,1.0,1.0,1.0,0.0003791594613257508,2637.412756372867,2637.412756372867
5281,2638.5649492831,1.0,1.0,1.0,0.00037920626827077635,2637.0872099770754,2637.0872099770754
5282,2639.0652580604,0.0,0.0,0.0,0.0003792530875419341,0.0,0.0
5283,2639.5655669719,1.0,1.0,1.0,0.00037929991913215064,2636.4361012468166,2636.4361012468166
5284,2640.0658760175997,0.0,-1.0,1.0,0.00037934676303429473,-2636.1105390784505,2636.1105390784505
5285,2640.5661851975,0.0,0.0,0.0,0.00037939361924131833,0.0,0.0
5286,2641.0664945116,0.0,0.0,0.0,0.000379440487746109,0.0,0.0
5287,2641.5668039599,0.0,0.0,0.0,0.0003794873685415565,0.0,0.0
5288,2642.0671135424,0.0,0.0,0.0,0.00037953426162065515,0.0,0.0
5289,2642.5674232591,2.0,2.0,1.4142135623730951,0.00037958116697626667,5268.965307030236,3725.7210984377393
5290,2643.06773311,0.0,0.0,0.0,0.0003796280846013702,0.0,0.0
5291,2643.5680430951,0.0,0.0,0.0,0.000379675014488852,0.0,0.0
5292,2644.0683532144,0.0,0.0,0.0,0.0003797219566316989,0.0,0.0
5293,2644.5686634679,0.0,-1.0,1.0,0.0003797689110228223,-2633.1802603502338,2633.1802603502338
5294,2645.0689738556,0.0,0.0,0.0,0.000379815877655187,0.0,0.0
5295,2645.5692843775,0.0,0.0,0.0,0.00037986285652174114,0.0,0.0
5296,2646.0695950336003,0.0,0.0,0.0,0.0003799098476154454,0.0,0.0
5297,2646.5699058238997,1.0,0.0,1.4142135623730951,0.00037995685092926166,0.0,3722.0372758494777
5298,2647.0702167484,0.0,-1.0,1.0,0.0003800038664561459,-2631.5521716287703,2631.5521716287703
5299,2647.5705278071,0.0,-1.0,1.0,0.0003800508941891024,-2631.2265417337203,2631.2265417337203
5300,2648.070839,1.0,1.0,1.0,0.0003800979341210602,2630.900907978896,2630.900907978896
5301,2648.5711503271,0.0,0.0,0.0,0.00038014498624504224,0.0,0.0
5302,2649.0714617884,1.0,1.0,1.0,0.0003801920505539967,2630.2496292146307,2630.2496292146307
5303,2649.5717733839,0.0,0.0,0.0,0.0003802391270409427,0.0,0.0
5304,2650.0720851136,0.0,-1.0,1.0,0.0003802862156988471,-2629.5983359857332,2629.5983359857332
5305,2650.5723969775004,1.0,1.0,1.0,0.0003803333165207195,2629.272684149727,2629.272684149727
5306,2651.0727089755997,1.0,1.0,1.0,0.00038038042949956334,2628.9470289405303,2628.9470289405303
5307,2651.5730211079,0.0,0.0,0.0,0.00038042755462840063,0.0,0.0
5308,2652.0733333744,0.0,0.0,0.0,0.0003804746919001968,0.0,0.0
5309,2652.5736457751,0.0,0.0,0.0,0.0003805218413080102,0.0,0.0
5310,2653.07395831,0.0,0.0,0.0,0.0003805690028448423,0.0,0.0
5311,2653.5742709790998,0.0,0.0,0.0,0.00038061617650372425,0.0,0.0
5312,2654.0745837824,0.0,0.0,0.0,0.0003806633622776828,0.0,0.0
5313,2654.5748967199,0.0,0.0,0.0,0.00038071056015972734,0.0,0.0
5314,2655.0752097916,0.0,0.0,0.0,0.00038075777014293804,0.0,0.0
5315,2655.5755229975,0.0,0.0,0.0,0.0003808049922203266,0.0,0.0
5316,2656.0758363376,0.0,0.0,0.0,0.0003808522263849344,0.0,0.0
5317,2656.5761498119,1.0,1.0,1.0,0.0003808994726298263,2625.3646220503983,2625.3646220503983
5318,2657.0764634204,1.0,1.0,1.0,0.0003809467309480626,2625.038932638426,2625.038932638426
5319,2657.5767771631,0.0,0.0,0.0,0.0003809940013326877,0.0,0.0
5320,2658.0770910399997,0.0,0.0,0.0,0.00038104128377676276,0.0,0.0
5321,2658.5774050511,0.0,0.0,0.0,0.0003810885782733744,0.0,0.0
5322,2659.0777191964003,0.0,-1.0,1.0,0.00038113588481557444,-2623.736152485049,2623.736152485049
5323,2659.5780334759,0.0,0.0,0.0,0.0003811832033964327,0.0,0.0
5324,2660.0783478895996,0.0,0.0,0.0,0.0003812305340090793,0.0,0.0
5325,2660.5786624375,1.0,0.0,1.4142135623730951,0.0003812778766465328,0.0,3709.141413636635
5326,2661.0789771196,0.0,-1.0,1.0,0.0003813252313019248,-2622.43334013275,2622.43334013275
5327,2661.5792919359,0.0,0.0,0.0,0.0003813725979683341,0.0,0.0
5328,2662.0796068863997,0.0,-1.0,1.0,0.0003814199766388586,-2621.78192346447,2621.78192346447
5329,2662.5799219711,1.0,1.0,1.0,0.00038146736730660237,2621.4562127833474,2621.4562127833474
5330,2663.08023719,0.0,0.0,0.0,0.00038151476996467644,0.0,0.0
5331,2663.5805525431,1.0,1.0,1.0,0.00038156218460618044,2620.8047871204117,2620.8047871204117
5332,2664.0808680304003,0.0,0.0,0.0,0.00038160961122425603,0.0,0.0
5333,2664.5811836518997,0.0,0.0,0.0,0.000381657049811976,0.0,0.0
5334,2665.0814994076,0.0,0.0,0.0,0.0003817045003625182,0.0,0.0
5335,2665.5818152975,0.0,0.0,0.0,0.0003817519628689625,0.0,0.0
5336,2666.0821313216,0.0,-1.0,1.0,0.00038179943732447134,-2619.1762015357617,2619.1762015357617
5337,2666.5824474798997,0.0,0.0,0.0,0.0003818469237221726,0.0,0.0
5338,2667.0827637724,0.0,0.0,0.0,0.00038189442205520114,0.0,0.0
5339,2667.5830801991,1.0,1.0,1.0,0.00038194193231672746,2618.1990386191596,2618.1990386191596
5340,2668.08339676,0.0,0.0,0.0,0.00038198945449985296,0.0,0.0
5341,2668.5837134551,0.0,0.0,0.0,0.00038203698859777866,0.0,0.0
5342,2669.0840302844,0.0,0.0,0.0,0.00038208453460363673,0.0,0.0
5343,2669.5843472479,0.0,0.0,0.0,0.0003821320925106125,0.0,0.0
5344,2670.0846643456002,0.0,0.0,0.0,0.0003821796623118277,0.0,0.0
5345,2670.5849815775,1.0,1.0,1.0,0.0003822272440004872,2616.2446965677973,2616.2446965677973
5346,2671.0852989436,0.0,-1.0,1.0,0.0003822748375697842,-2615.9189716938936,2615.9189716938936
5347,2671.5856164438997,2.0,1.0,1.7320508075688774,0.0003823224430128492,2615.593246683642,4530.340395190105
5348,2672.0859340784,1.0,1.0,1.0,0.00038237006032291164,2615.267521613747,2615.267521613747
5349,2672.5862518471,0.0,0.0,0.0,0.0003824176894931216,0.0,0.0
5350,2673.0865697500003,1.0,0.0,1.4142135623730951,0.0003824653305167041,0.0,3697.625508859893
5351,2673.5868877871,0.0,0.0,0.0,0.0003825129833868338,0.0,0.0
5352,2674.0872059584,1.0,1.0,1.0,0.00038256064809670277,2613.9646222766287,2613.9646222766287
5353,2674.5875242639,0.0,0.0,0.0,0.0003826083246395571,0.0,0.0
5354,2675.0878427036,0.0,0.0,0.0,0.00038265601300856714,0.0,0.0
5355,2675.5881612774997,0.0,-1.0,1.0,0.000382703713196951,-2612.987450909235,2612.987450909235
5356,2676.0884799856,0.0,0.0,0.0,0.00038275142519793916,0.0,0.0
5357,2676.5887988279,0.0,-1.0,1.0,0.0003827991490047514,-2612.336005970556,2612.336005970556
5358,2677.0891178044,1.0,0.0,1.4142135623730951,0.0003828468846106137,0.0,3693.9403694285375
5359,2677.5894369151,0.0,0.0,0.0,0.0003828946320087537,0.0,0.0
5360,2678.08975616,0.0,0.0,0.0,0.0003829423911923868,0.0,0.0
5361,2678.5900755391,0.0,-1.0,1.0,0.0003829901621548003,-2611.033125168921,2611.033125168921
5362,2679.0903950524,0.0,-1.0,1.0,0.00038303794488917095,-2610.7074073022773,2610.7074073022773
5363,2679.5907146999,1.0,1.0,1.0,0.000383085739388799,2610.381690520425,2610.381690520425
5364,2680.0910344815998,0.0,0.0,0.0,0.00038313354564693846,0.0,0.0
5365,2680.5913543975,0.0,0.0,0.0,0.00038318136365681545,0.0,0.0
5366,2681.0916744476,0.0,0.0,0.0,0.00038322919341167384,0.0,0.0
5367,2681.5919946319,0.0,0.0,0.0,0.0003832770349048228,0.0,0.0
5368,2682.0923149504,0.0,0.0,0.0,0.0003833248881295136,0.0,0.0
5369,2682.5926354031,0.0,-1.0,1.0,0.0003833727530789987,-2608.4274168381953,2608.4274168381953
5370,2683.09295599,0.0,0.0,0.0,0.000383420629746578,0.0,0.0
5371,2683.5932767111,0.0,0.0,0.0,0.0003834685181255221,0.0,0.0
5372,2684.0935975664,0.0,0.0,0.0,0.0003835164182091505,0.0,0.0
5373,2684.5939185559,3.0,3.0,1.7320508075688772,0.0003835643299906829,7821.373796861852,4515.672267050875
5374,2685.0942396796,0.0,0.0,0.0,0.0003836122534634692,0.0,0.0
5375,2685.5945609375,0.0,0.0,0.0,0.00038366018862079506,0.0,0.0
5376,2686.0948823296,1.0,0.0,1.4142135623730951,0.00038370813545594173,0.0,3685.649147607084
5377,2686.5952038559003,0.0,0.0,0.0,0.0003837560939622255,0.0,0.0
5378,2687.0955255164,2.0,1.0,1.7320508075688774,0.0003838040641329642,2605.4961201597966,4512.851659040352
5379,2687.5958473111,0.0,0.0,0.0,0.0003838520459614701,0.0,0.0
5380,2688.09616924,0.0,-1.0,1.0,0.0003839000394410562,-2604.8447441056837,2604.8447441056837
5381,2688.5964913031003,0.0,0.0,0.0,0.00038394804456505434,0.0,0.0
5382,2689.0968135004,1.0,1.0,1.0,0.000383996061326773,2604.193377777956,2604.193377777956
5383,2689.5971358319,0.0,-1.0,1.0,0.0003840440897195687,-2603.867698446306,2603.867698446306
5384,2690.0974582976,1.0,0.0,1.4142135623730951,0.00038409212973674543,0.0,3681.964437392636
5385,2690.5977808975,0.0,0.0,0.0,0.00038414018137167326,0.0,0.0
5386,2691.0981036316,1.0,1.0,1.0,0.0003841882446176578,2602.890676666057,2602.890676666057
5387,2691.5984264998997,1.0,1.0,1.0,0.0003842363194680879,2602.5650083894616,2602.5650083894616
5388,2692.0987495024,0.0,0.0,0.0,0.0003842844059162942,0.0,0.0
5389,2692.5990726391,0.0,0.0,0.0,0.00038433250395563767,0.0,0.0
5390,2693.09939591,0.0,0.0,0.0,0.0003843806135794501,0.0,0.0
5391,2693.5997193151,2.0,2.0,1.4142135623730951,0.0003844287347811527,5202.524730984426,3678.740516569807
5392,2694.1000428544,0.0,0.0,0.0,0.0003844768675540444,0.0,0.0
5393,2694.6003665279,0.0,-2.0,1.4142135623730951,0.0003845250118915473,-5201.222126388196,3677.819436026608
5394,2695.1006903356,2.0,1.0,1.7320508075688774,0.0003845731677870198,2600.285417088197,4503.826456577187
5395,2695.6010142775003,1.0,1.0,1.0,0.0003846213352338683,2599.959774441404,2599.959774441404
5396,2696.1013383535997,1.0,1.0,1.0,0.00038466951422543537,2599.6341353267485,2599.6341353267485
5397,2696.6016625639,1.0,1.0,1.0,0.0003847177047551228,2599.308499816798,2599.308499816798
5398,2697.1019869084,1.0,1.0,1.0,0.00038476590681632745,2598.9828679840957,2598.9828679840957
5399,2697.6023113871,0.0,0.0,0.0,0.0003848141204024586,0.0,0.0
5400,2698.102636,1.0,1.0,1.0,0.00038486234550690225,2598.331615640132,2598.331615640132
5401,2698.6029607471,0.0,0.0,0.0,0.00038491058212306945,0.0,0.0
5402,2699.1032856284,0.0,0.0,0.0,0.0003849588302443656,0.0,0.0
5403,2699.6036106439,0.0,-1.0,1.0,0.0003850070898641911,-2597.3547665128553,2597.3547665128553
5404,2700.1039357936,1.0,1.0,1.0,0.0003850553609759764,2597.0291582627515,2597.0291582627515
5405,2700.6042610775,0.0,0.0,0.0,0.0003851036435731582,0.0,0.0
5406,2701.1045864956,0.0,0.0,0.0,0.0003851519376491393,0.0,0.0
5407,2701.6049120479,0.0,0.0,0.0,0.00038520024319734083,0.0,0.0
5408,2702.1052377344,0.0,0.0,0.0,0.0003852485602112307,0.0,0.0
5409,2702.6055635551,0.0,0.0,0.0,0.0003852968886842139,0.0,0.0
5410,2703.10588951,0.0,0.0,0.0,0.0003853452286097487,0.0,0.0
5411,2703.6062155991,1.0,1.0,1.0,0.0003853935799812763,2594.7500216495127,2594.7500216495127
5412,2704.1065418224002,0.0,-1.0,1.0,0.0003854419427922561,-2594.4244488695304,2594.4244488695304
5413,2704.6068681799,0.0,0.0,0.0,0.000385490317036114,0.0,0.0
5414,2705.1071946715997,0.0,0.0,0.0,0.0003855387027063396,0.0,0.0
5415,2705.6075212974997,0.0,0.0,0.0,0.00038558709979636606,0.0,0.0
5416,2706.1078480575998,0.0,0.0,0.0,0.0003856355082996963,0.0,0.0
5417,2706.6081749519,1.0,1.0,1.0,0.0003856839282097645,2592.7966577236357,2592.7966577236357
5418,2707.1085019804,0.0,0.0,0.0,0.0003857323595200639,0.0,0.0
5419,2707.6088291430997,0.0,0.0,0.0,0.000385780802224065,0.0,0.0
5420,2708.10915644,0.0,0.0,0.0,0.00038582925631524493,0.0,0.0
5421,2708.6094838711,2.0,2.0,1.4142135623730951,0.0003858777217870991,5182.989032736808,3664.926691863702
5422,2709.1098114364,0.0,0.0,0.0,0.0003859261986331293,0.0,0.0
5423,2709.6101391358998,1.0,1.0,1.0,0.00038597468684679155,2590.8434777665593,2590.8434777665593
5424,2710.1104669695997,1.0,1.0,1.0,0.0003860231864216185,2590.5179667311218,2590.5179667311218
5425,2710.6107949375,0.0,0.0,0.0,0.00038607169735110236,0.0,0.0
5426,2711.1111230396,0.0,-1.0,1.0,0.00038612021962875404,-2589.866961542386,2589.866961542386
5427,2711.6114512759,0.0,0.0,0.0,0.00038616875324807285,0.0,0.0
5428,2712.1117796464,1.0,1.0,1.0,0.00038621729820257126,2589.2159793306287,2589.2159793306287
5429,2712.6121081511,0.0,0.0,0.0,0.00038626585448579674,0.0,0.0
5430,2713.11243679,0.0,0.0,0.0,0.00038631442209121654,0.0,0.0
5431,2713.6127655631003,1.0,1.0,1.0,0.0003863630010124088,2588.2395503183366,2588.2395503183366
5432,2714.1130944703996,0.0,-1.0,1.0,0.00038641159124287716,-2587.9140860747493,2587.9140860747493
5433,2714.6134235119,1.0,1.0,1.0,0.00038646019277617787,2587.5886279939823,2587.5886279939823
5434,2715.1137526876,2.0,2.0,1.4142135623730951,0.00038650880560581544,5174.526352291488,3658.9426731338012
5435,2715.6140819975,1.0,1.0,1.0,0.0003865574297253602,2586.937730599244,2586.937730599244
5436,2716.1144114416,1.0,0.0,1.4142135623730951,0.00038660606512835286,0.0,3658.022183132532
5437,2716.6147410198996,0.0,0.0,0.0,0.00038665471180832946,0.0,0.0
5438,2717.1150707324,0.0,0.0,0.0,0.00038670336975886807,0.0,0.0
5439,2717.6154005791,0.0,0.0,0.0,0.00038675203897349406,0.0,0.0
5440,2718.11573056,0.0,-1.0,1.0,0.0003868007194457984,-2585.310599816834,2585.310599816834
5441,2718.6160606750996,0.0,0.0,0.0,0.00038684941116934936,0.0,0.0
5442,2719.1163909243996,0.0,0.0,0.0,0.0003868981141376861,0.0,0.0
5443,2719.6167213078998,0.0,0.0,0.0,0.0003869468283444137,0.0,0.0
5444,2720.1170518256,1.0,1.0,1.0,0.00038699555378310195,2584.0090156706724,2584.0090156706724
5445,2720.6173824775,0.0,-1.0,1.0,0.00038704429044729893,-2583.683636940674,2583.683636940674
5446,2721.1177132636,0.0,0.0,0.0,0.0003870930383306576,0.0,0.0
5447,2721.6180441839,0.0,0.0,0.0,0.00038714179742670965,0.0,0.0
5448,2722.1183752384,0.0,0.0,0.0,0.0003871905677290748,0.0,0.0
5449,2722.6187064271003,0.0,-2.0,1.4142135623730951,0.0003872393492313504,-5164.764386599384,3652.0399209952043
5450,2723.11903775,0.0,-1.0,1.0,0.00038728814192712235,-2582.0568505507567,2582.0568505507567
5451,2723.6193692070997,0.0,0.0,0.0,0.00038733694581000703,0.0,0.0
5452,2724.1197007984,1.0,1.0,1.0,0.0003873857608736265,2581.4061873229807,2581.4061873229807
5453,2724.6200325239,1.0,1.0,1.0,0.00038743458711156957,2581.0808669800817,2581.0808669800817
5454,2725.1203643836,0.0,0.0,0.0,0.0003874834245174775,0.0,0.0
5455,2725.6206963775,0.0,0.0,0.0,0.00038753227308494593,0.0,0.0
5456,2726.1210285056,1.0,1.0,1.0,0.00038758113280761773,2580.104951848537,2580.104951848537
5457,2726.6213607679,0.0,0.0,0.0,0.0003876300036791306,0.0,0.0
5458,2727.1216931644003,0.0,-1.0,1.0,0.0003876788856930941,-2579.4543806846623,2579.4543806846623
5459,2727.6220256951,0.0,0.0,0.0,0.00038772777884315873,0.0,0.0
5460,2728.12235836,1.0,1.0,1.0,0.0003877766831229705,2578.803841289455,2578.803841289455
5461,2728.6226911590998,0.0,0.0,0.0,0.00038782559852615833,0.0,0.0
5462,2729.1230240924,0.0,0.0,0.0,0.00038787452504639256,0.0,0.0
5463,2729.6233571599,2.0,2.0,1.4142135623730951,0.0003879234626773151,5155.656185879255,3645.599450501593
5464,2730.1236903616,1.0,1.0,1.0,0.0003879724114125688,2577.502859956201,2577.502859956201
5465,2730.6240236975,1.0,1.0,1.0,0.00038802137124583193,2577.1776353175337,2577.1776353175337
5466,2731.1243571676,0.0,0.0,0.0,0.00038807034217074895,0.0,0.0
5467,2731.6246907719,0.0,0.0,0.0,0.0003881193241810223,0.0,0.0
5468,2732.1250245104,0.0,-1.0,1.0,0.00038816831727028637,-2576.202012138172,2576.202012138172
5469,2732.6253583831,0.0,0.0,0.0,0.000388217321432251,0.0,0.0
5470,2733.12569239,0.0,0.0,0.0,0.00038826633666056337,0.0,0.0
5471,2733.6260265311003,0.0,0.0,0.0,0.0003883153629489469,0.0,0.0
5472,2734.1263608064,0.0,0.0,0.0,0.0003883644002910499,0.0,0.0
5473,2734.6266952159,0.0,0.0,0.0,0.0003884134486805791,0.0,0.0
5474,2735.1270297595997,0.0,0.0,0.0,0.0003884625081112494,0.0,0.0
5475,2735.6273644375,3.0,3.0,1.7320508075688772,0.0003885115785767331,7721.777587659421,4458.170368857586
5476,2736.1276992496,1.0,0.0,1.4142135623730951,0.00038856066007074614,0.0,3639.6210622959256
5477,2736.6280341959,0.0,-1.0,1.0,0.00038860975258697537,-2573.2756147857826,2573.2756147857826
5478,2737.1283692764,1.0,1.0,1.0,0.00038865885611917203,2572.9505046795493,2572.9505046795493
5479,2737.6287044911,0.0,0.0,0.0,0.0003887079706610066,0.0,0.0
5480,2738.12903984,0.0,-1.0,1.0,0.0003887570962062439,-2572.3003123510284,2572.3003123510284
5481,2738.6293753231002,0.0,0.0,0.0,0.000388806232748556,0.0,0.0
5482,2739.1297109404,0.0,0.0,0.0,0.00038885538028170843,0.0,0.0
5483,2739.6300466918997,1.0,0.0,1.4142135623730951,0.00038890453879941614,0.0,3636.402821985317
5484,2740.1303825776,0.0,0.0,0.0,0.0003889537082954105,0.0,0.0
5485,2740.6307185975,1.0,1.0,1.0,0.0003890028887634424,2570.6749972443336,2570.6749972443336
5486,2741.1310547516,0.0,0.0,0.0,0.00038905208019722855,0.0,0.0
5487,2741.6313910399,1.0,1.0,1.0,0.0003891012825905436,2570.0249388597185,2570.0249388597185
5488,2742.1317274624,0.0,0.0,0.0,0.00038915049593712844,0.0,0.0
5489,2742.6320640191,1.0,1.0,1.0,0.00038919972023073086,2569.374919918149,2569.374919918149
5490,2743.13240071,1.0,1.0,1.0,0.0003892489554650986,2569.049925400926,2569.049925400926
5491,2743.6327375350997,2.0,1.0,1.7320508075688774,0.00038929820163400403,2568.7249409390874,4449.162108375864
5492,2744.1330744944,0.0,-2.0,1.4142135623730951,0.00038934745873122587,-5136.799933194476,3632.2660663604183
5493,2744.6334115879,0.0,0.0,0.0,0.000389396726750508,0.0,0.0
5494,2745.1337488156,1.0,1.0,1.0,0.00038944600568564233,2567.7500485322525,2567.7500485322525
5495,2745.6340861775,0.0,0.0,0.0,0.0003894952955303747,0.0,0.0
5496,2746.1344236736,0.0,0.0,0.0,0.0003895445962785329,0.0,0.0
5497,2746.6347613038997,0.0,0.0,0.0,0.0003895939079238405,0.0,0.0
5498,2747.1350990684,0.0,0.0,0.0,0.0003896432304601504,0.0,0.0
5499,2747.6354369671003,0.0,-1.0,1.0,0.0003896925638812107,-2566.125434984765,2566.125434984765
5500,2748.1357749999997,0.0,-2.0,1.4142135623730951,0.0003897419081808174,-5131.601087846363,3628.589927560428
5501,2748.6361131670997,0.0,0.0,0.0,0.0003897912633527959,0.0,0.0
5502,2749.1364514684,0.0,0.0,0.0,0.0003898406293909316,0.0,0.0
5503,2749.6367899039,0.0,-1.0,1.0,0.000389890006289028,-2564.8259351861752,2564.8259351861752
5504,2750.1371284736,0.0,0.0,0.0,0.0003899393940409012,0.0,0.0
5505,2750.6374671774997,1.0,1.0,1.0,0.00038998879264037306,2564.1762503727814,2564.1762503727814
5506,2751.1378060156,0.0,0.0,0.0,0.000390038202081244,0.0,0.0
5507,2751.6381449879,0.0,0.0,0.0,0.0003900876223573431,0.0,0.0
5508,2752.1384840944,0.0,0.0,0.0,0.00039013705346250686,0.0,0.0
5509,2752.6388233351,2.0,2.0,1.4142135623730951,0.00039018649539055393,5125.754026925295,3624.45543113313
5510,2753.1391627099997,0.0,0.0,0.0,0.00039023594813531625,0.0,0.0
5511,2753.6395022191,1.0,1.0,1.0,0.0003902854116906434,2562.22746237987,2562.22746237987
5512,2754.1398418624,1.0,1.0,1.0,0.0003903348860503567,2561.9027039027997,2561.9027039027997
5513,2754.6401816399,0.0,-1.0,1.0,0.0003903843712083073,-2561.577956885996,2561.577956885996
5514,2755.1405215515997,0.0,0.0,0.0,0.00039043386715834706,0.0,0.0
5515,2755.6408615975,0.0,0.0,0.0,0.0003904833738943394,0.0,0.0
5516,2756.1412017776,0.0,0.0,0.0,0.00039053289141012027,0.0,0.0
5517,2756.6415420919,1.0,1.0,1.0,0.00039058241969956096,2560.2790846787416,2560.2790846787416
5518,2757.1418825404,0.0,0.0,0.0,0.00039063195875652177,0.0,0.0
5519,2757.6422231231,1.0,1.0,1.0,0.00039068150857486336,2559.629718969352,2559.629718969352
5520,2758.14256384,0.0,0.0,0.0,0.0003907310691484647,0.0,0.0
5521,2758.6429046911,0.0,-1.0,1.0,0.0003907806404711883,-2558.9804008567016,2558.9804008567016
5522,2759.1432456764,0.0,-1.0,1.0,0.0003908302225369376,-2558.6557598049862,2558.6557598049862
5523,2759.6435867959,0.0,0.0,0.0,0.0003908798153395641,0.0,0.0
5524,2760.1439280495997,0.0,0.0,0.0,0.0003909294188729678,0.0,0.0
5525,2760.6442694375,0.0,0.0,0.0,0.0003909790331310478,0.0,0.0
5526,2761.1446109596,1.0,1.0,1.0,0.00039102865810768735,2557.3573170808495,2557.3573170808495
5527,2761.6449526159,0.0,0.0,0.0,0.0003910782937967702,0.0,0.0
5528,2762.1452944064,0.0,0.0,0.0,0.00039112794019223294,0.0,0.0
5529,2762.6456363311,1.0,1.0,1.0,0.00039117759728793736,2556.3836143303515,2556.3836143303515
5530,2763.14597839,0.0,0.0,0.0,0.0003912272650778094,0.0,0.0
5531,2763.6463205831,0.0,0.0,0.0,0.0003912769435557769,0.0,0.0
5532,2764.1466629103998,1.0,1.0,1.0,0.000391326632715738,2555.410024255635,2555.410024255635
5533,2764.6470053719,1.0,1.0,1.0,0.0003913763325516151,2555.0855195571107,2555.0855195571107
5534,2765.1473479676,0.0,-1.0,1.0,0.0003914260430573084,-2554.761027624293,2554.761027624293
5535,2765.6476906975,0.0,-2.0,1.4142135623730951,0.0003914757642267825,-5108.873097036467,3612.5188111360044
5536,2766.1480335616,0.0,-1.0,1.0,0.00039152549605396184,-2554.112082300192,2554.112082300192
5537,2766.6483765599,1.0,1.0,1.0,0.0003915752385327483,2553.787629031522,2553.787629031522
5538,2767.1487196924,1.0,1.0,1.0,0.0003916249916571257,2553.4631887729906,2553.4631887729906
5539,2767.6490629591,1.0,1.0,1.0,0.0003916747554210152,2553.138761585719,2553.138761585719
5540,2768.1494063600003,0.0,-1.0,1.0,0.0003917245298183376,-2552.814347530777,2552.814347530777
5541,2768.6497498951,2.0,2.0,1.4142135623730951,0.00039177431484307355,5104.979893337588,3609.7659003999865
5542,2769.1500935644,0.0,0.0,0.0,0.00039182411048915687,0.0,0.0
5543,2769.6504373679,1.0,1.0,1.0,0.0003918739167505518,2551.841184766967,2551.841184766967
5544,2770.1507813056,2.0,2.0,1.4142135623730951,0.0003919237336212289,5103.033647696574,3608.3896969093707
5545,2770.6511253775,0.0,0.0,0.0,0.0003919735610951184,0.0,0.0
5546,2771.1514695836,0.0,0.0,0.0,0.0003920233991662331,0.0,0.0
5547,2771.6518139239,0.0,0.0,0.0,0.00039207324782850403,0.0,0.0
5548,2772.1521583984,0.0,0.0,0.0,0.0003921231070759399,0.0,0.0
5549,2772.6525030071,0.0,0.0,0.0,0.0003921729769024852,0.0,0.0
5550,2773.1528477499996,1.0,1.0,1.0,0.0003922228573021489,2549.5709425971827,2549.5709425971827
5551,2773.6531926271,0.0,0.0,0.0,0.00039227274826889464,0.0,0.0
5552,2774.1535376384,0.0,0.0,0.0,0.00039232264979671575,0.0,0.0
5553,2774.6538827839,0.0,0.0,0.0,0.0003923725618796292,0.0,0.0
5554,2775.1542280636004,0.0,0.0,0.0,0.0003924224845116056,0.0,0.0
5555,2775.6545734775,0.0,0.0,0.0,0.00039247241768663473,0.0,0.0
5556,2776.1549190256,0.0,0.0,0.0,0.00039252236139876456,0.0,0.0
5557,2776.6552647079,0.0,0.0,0.0,0.00039257231564196823,0.0,0.0
5558,2777.1556105244003,0.0,-1.0,1.0,0.00039262228041026014,-2546.9772091259742,2546.9772091259742
5559,2777.6559564750996,2.0,2.0,1.4142135623730951,0.00039267225569766096,5093.3061121076635,3601.5112905302194
5560,2778.15630256,0.0,0.0,0.0,0.0003927222414981926,0.0,0.0
5561,2778.6566487791,0.0,0.0,0.0,0.00039277223780587135,0.0,0.0
5562,2779.1569951324,0.0,-1.0,1.0,0.0003928222446147202,-2545.6806830804585,2545.6806830804585
5563,2779.6573416199003,0.0,0.0,0.0,0.00039287226191877394,0.0,0.0
5564,2780.1576882415998,1.0,0.0,1.4142135623730951,0.0003929222897120626,0.0,3599.2194879283766
5565,2780.6580349974997,0.0,0.0,0.0,0.0003929723279886169,0.0,0.0
5566,2781.1583818876,0.0,0.0,0.0,0.00039302237674249113,0.0,0.0
5567,2781.6587289119,0.0,-3.0,1.7320508075688772,0.000393072435967735,-7632.18105745337,4406.441788024666
5568,2782.1590760704,0.0,0.0,0.0,0.00039312250565835707,0.0,0.0
5569,2782.6594233631,2.0,2.0,1.4142135623730951,0.0003931725858084319,5086.8246469617125,3596.9282025734924
5570,2783.15977079,0.0,0.0,0.0,0.00039322267641205087,0.0,0.0
5571,2783.6601183511,0.0,0.0,0.0,0.00039327277746320234,0.0,0.0
5572,2784.1604660464,0.0,0.0,0.0,0.00039332288895597896,0.0,0.0
5573,2784.6608138758997,3.0,3.0,1.7320508075688772,0.00039337301088447494,7626.349335087034,4403.074841546622
5574,2785.1611618396,0.0,-1.0,1.0,0.0003934231432427266,-2541.792513164482,2541.792513164482
5575,2785.6615099375,1.0,1.0,1.0,0.0003934732860248115,2541.4685965159583,2541.4685965159583
5576,2786.1618581696002,0.0,0.0,0.0,0.0003935234392248079,0.0,0.0
5577,2786.6622065358997,1.0,1.0,1.0,0.00039357360283679473,2540.8208090995254,2540.8208090995254
5578,2787.1625550363997,0.0,0.0,0.0,0.0003936237768548689,0.0,0.0
5579,2787.6629036711,0.0,0.0,0.0,0.0003936739612730817,0.0,0.0
5580,2788.16325244,1.0,1.0,1.0,0.0003937241560855665,2539.8492435467283,2539.8492435467283
5581,2788.6636013431003,1.0,1.0,1.0,0.00039377436128638677,2539.5254194132604,2539.5254194132604
5582,2789.1639503804,0.0,0.0,0.0,0.00039382457686965966,0.0,0.0
5583,2789.6642995519,0.0,-1.0,1.0,0.00039387480282947977,-2538.8778180688296,2538.8778180688296
5584,2790.1646488576002,1.0,1.0,1.0,0.0003939250391599475,2538.5540409731725,2538.5540409731725
5585,2790.6649982975,1.0,1.0,1.0,0.0003939752858551529,2538.2302796720487,2538.2302796720487
5586,2791.1653478716,0.0,0.0,0.0,0.00039402554290925596,0.0,0.0
5587,2791.6656975798996,0.0,-1.0,1.0,0.0003940758103163421,-2537.5828046823167,2537.5828046823167
5588,2792.1660474224,1.0,1.0,1.0,0.0003941260880705144,2537.259091108647,2537.259091108647
5589,2792.6663973991,1.0,1.0,1.0,0.000394176376165941,2536.9353935584877,2536.9353935584877
5590,2793.1667475100003,0.0,0.0,0.0,0.00039422667459670295,0.0,0.0
5591,2793.6670977551,0.0,0.0,0.0,0.0003942769833569637,0.0,0.0
5592,2794.1674481344,0.0,0.0,0.0,0.0003943273024408348,0.0,0.0
5593,2794.6677986479,0.0,0.0,0.0,0.0003943776318424631,0.0,0.0
5594,2795.1681492956,0.0,0.0,0.0,0.00039442797155598506,0.0,0.0
5595,2795.6685000774996,0.0,0.0,0.0,0.00039447832157553175,0.0,0.0
5596,2796.1688509936,1.0,1.0,1.0,0.0003945286818952921,2534.6699641609325,2534.6699641609325
5597,2796.6692020439,0.0,0.0,0.0,0.0003945790525093701,0.0,0.0
5598,2797.1695532284,0.0,0.0,0.0,0.0003946294334119501,0.0,0.0
5599,2797.6699045471,1.0,1.0,1.0,0.0003946798245971717,2533.6993118932437,2533.6993118932437
5600,2798.170256,0.0,0.0,0.0,0.0003947302260592212,0.0,0.0
5601,2798.6706075870998,1.0,0.0,1.4142135623730951,0.00039478063779224514,0.0,3582.276907707238
5602,2799.1709593084,0.0,0.0,0.0,0.0003948310597904012,0.0,0.0
5603,2799.6713111639,1.0,1.0,1.0,0.0003948814920478725,2532.4053422052193,2532.4053422052193
5604,2800.1716631535996,1.0,0.0,1.4142135623730951,0.000394931934558842,0.0,3580.904552458742
5605,2800.6720152774997,0.0,0.0,0.0,0.0003949823873174987,0.0,0.0
5606,2801.1723675355997,1.0,1.0,1.0,0.00039503285031799806,2531.4350419085617,2531.4350419085617
5607,2801.6727199279,0.0,0.0,0.0,0.0003950833235545423,0.0,0.0
5608,2802.1730724544,1.0,0.0,1.4142135623730951,0.00039513380702132275,0.0,3579.0750810061145
5609,2802.6734251150997,1.0,0.0,1.4142135623730951,0.0003951843007125312,0.0,3578.617773588724
5610,2803.17377791,1.0,0.0,1.4142135623730951,0.00039523480462236017,0.0,3578.160490507285
5611,2803.6741308391,1.0,0.0,1.4142135623730951,0.000395285318744997,0.0,3577.703231840543
5612,2804.1744839024,0.0,-1.0,1.0,0.00039533584307468187,-2529.494902922558,2529.494902922558
5613,2804.6748370999003,0.0,0.0,0.0,0.00039538637760558006,0.0,0.0
5614,2805.1751904315997,0.0,0.0,0.0,0.00039543692233195055,0.0,0.0
5615,2805.6755438975,0.0,0.0,0.0,0.00039548747724796546,0.0,0.0
5616,2806.1758974976,1.0,1.0,1.0,0.0003955380423478561,2528.2018236833705,2528.2018236833705
5617,2806.6762512319,0.0,0.0,0.0,0.00039558861762584787,0.0,0.0
5618,2807.1766051003997,1.0,1.0,1.0,0.0003956392030761736,2527.555389417431,2527.555389417431
5619,2807.6769591030998,0.0,0.0,0.0,0.0003956897986930249,0.0,0.0
5620,2808.17731324,1.0,1.0,1.0,0.0003957404044706823,2526.90902597509,2526.90902597509
5621,2808.6776675111,1.0,1.0,1.0,0.00039579102040335044,2526.5858709500294,2526.5858709500294
5622,2809.1780219164,0.0,0.0,0.0,0.0003958416464852702,0.0,0.0
5623,2809.6783764559,0.0,0.0,0.0,0.0003958922827106937,0.0,0.0
5624,2810.1787311296,0.0,0.0,0.0,0.00039594292907387435,0.0,0.0
5625,2810.6790859375,0.0,0.0,0.0,0.000395993585569032,0.0,0.0
5626,2811.1794408796,0.0,-1.0,1.0,0.0003960442521904438,-2524.970364976122,2524.970364976122
5627,2811.6797959559,0.0,-1.0,1.0,0.00039609492893237665,-2524.6473179936243,2524.6473179936243
5628,2812.1801511664,1.0,-1.0,1.7320508075688774,0.0003961456157890512,-2524.3242892091052,4372.257923690364
5629,2812.6805065111,0.0,-1.0,1.0,0.00039619631275476515,-2524.001278676647,2524.001278676647
5630,2813.1808619900003,0.0,0.0,0.0,0.00039624701982376314,0.0,0.0
5631,2813.6812176031003,0.0,-1.0,1.0,0.0003962977369903206,-2523.355312585155,2523.355312585155
5632,2814.1815733504,0.0,0.0,0.0,0.00039634846424873015,0.0,0.0
5633,2814.6819292319,0.0,0.0,0.0,0.00039639920159323345,0.0,0.0
5634,2815.1822852476002,1.0,1.0,1.0,0.0003964499490181366,2522.3865016924306,2522.3865016924306
5635,2815.6826413975,0.0,0.0,0.0,0.00039650070651772224,0.0,0.0
5636,2816.1829976815998,0.0,0.0,0.0,0.00039655147408626843,0.0,0.0
5637,2816.6833540999,0.0,0.0,0.0,0.00039660225171806585,0.0,0.0
5638,2817.1837106524,2.0,1.0,1.7320508075688774,0.0003966530394074224,2521.0950141563126,4366.664655227312
5639,2817.6840673391002,0.0,0.0,0.0,0.00039670383714860607,0.0,0.0
5640,2818.18442416,0.0,0.0,0.0,0.0003967546449359442,0.0,0.0
5641,2818.6847811150997,0.0,0.0,0.0,0.0003968054627637348,0.0,0.0
5642,2819.1851382044,1.0,1.0,1.0,0.0003968562906262888,2519.8038272793287,2519.8038272793287
5643,2819.6854954279,2.0,2.0,1.4142135623730951,0.00039690712851791143,5038.962155878097,3563.0843105637878
5644,2820.1858527856,0.0,0.0,0.0,0.00039695797643291453,0.0,0.0
5645,2820.6862102775,0.0,0.0,0.0,0.0003970088343656278,0.0,0.0
5646,2821.1865679036,0.0,0.0,0.0,0.0003970597023103646,0.0,0.0
5647,2821.6869256639,0.0,0.0,0.0,0.00039711058026143834,0.0,0.0
5648,2822.1872835584,0.0,-1.0,1.0,0.0003971614682132038,-2517.867618172821,2517.867618172821
5649,2822.6876415871,0.0,0.0,0.0,0.0003972123661599758,0.0,0.0
5650,2823.18799975,0.0,0.0,0.0,0.000397263274096099,0.0,0.0
5651,2823.6883580471,0.0,0.0,0.0,0.0003973141920158891,0.0,0.0
5652,2824.1887164784002,0.0,0.0,0.0,0.0003973651199137207,0.0,0.0
5653,2824.6890750439,2.0,1.0,1.7320508075688774,0.0003974160577839111,2516.254641486416,4358.280883835483
5654,2825.1894337435997,0.0,0.0,0.0,0.00039746700562080724,0.0,0.0
5655,2825.6897925774997,1.0,1.0,1.0,0.0003975179634188027,2515.6095875507795,2515.6095875507795
5656,2826.1901515455997,0.0,-1.0,1.0,0.00039756893117220466,-2515.2870900942103,2515.2870900942103
5657,2826.6905106479003,0.0,0.0,0.0,0.000397619908875397,0.0,0.0
5658,2827.1908698844,1.0,1.0,1.0,0.0003976708965227342,2514.64215446511,2514.64215446511
5659,2827.6912292550996,1.0,0.0,1.4142135623730951,0.0003977218941085953,0.0,3555.785043070708
5660,2828.19158876,1.0,1.0,1.0,0.0003977729016273302,2513.9972982294576,2513.9972982294576
5661,2828.6919483991,1.0,1.0,1.0,0.00039782391907331946,2513.674900014493,2513.674900014493
5662,2829.1923081724003,0.0,0.0,0.0,0.00039787494644093733,0.0,0.0
5663,2829.6926680798997,1.0,1.0,1.0,0.0003979259837245709,2513.0301636501367,2513.0301636501367
5664,2830.1930281216,0.0,0.0,0.0,0.00039797703091859596,0.0,0.0
5665,2830.6933882975,0.0,-1.0,1.0,0.0003980280880174064,-2512.3855077189137,2512.3855077189137
5666,2831.1937486076,0.0,0.0,0.0,0.0003980791550153737,0.0,0.0
5667,2831.6941090519003,2.0,2.0,1.4142135623730951,0.0003981302319068927,5023.481865269962,3552.1380921000373
5668,2832.1944696304,0.0,0.0,0.0,0.0003981813186863821,0.0,0.0
5669,2832.6948303431,0.0,0.0,0.0,0.00039823241534821507,0.0,0.0
5670,2833.19519119,0.0,-1.0,1.0,0.0003982835218868117,-2510.7742225001975,2510.7742225001975
5671,2833.6955521711,0.0,-1.0,1.0,0.0003983346382965695,-2510.4520266587424,2510.4520266587424
5672,2834.1959132864,0.0,0.0,0.0,0.000398385764571909,0.0,0.0
5673,2834.6962745358996,1.0,1.0,1.0,0.0003984369007072236,2509.807696588857,2509.807696588857
5674,2835.1966359196,0.0,0.0,0.0,0.00039848804669694705,0.0,0.0
5675,2835.6969974375,0.0,0.0,0.0,0.000398539202535485,0.0,0.0
5676,2836.1973590896,0.0,-1.0,1.0,0.00039859036821727784,-2508.8413562840647,2508.8413562840647
5677,2836.6977208759,0.0,-1.0,1.0,0.00039864154373674436,-2508.51928433325,2508.51928433325
5678,2837.1980827964,0.0,0.0,0.0,0.00039869272908830326,0.0,0.0
5679,2837.6984448511,1.0,1.0,1.0,0.000398743924266397,2507.8752029633674,2507.8752029633674
5680,2838.1988070400002,0.0,0.0,0.0,0.0003987951292654459,0.0,0.0
5681,2838.6991693631,2.0,2.0,1.4142135623730951,0.0003988463440799342,5014.462410614883,3545.760374550826
5682,2839.1995318204,0.0,-1.0,1.0,0.00039889756870424824,-2506.909237998948,2506.909237998948
5683,2839.6998944119,0.0,0.0,0.0,0.00039894880313286765,0.0,0.0
5684,2840.2002571376,0.0,0.0,0.0,0.0003990000473602268,0.0,0.0
5685,2840.7006199975003,0.0,0.0,0.0,0.0003990513013807886,0.0,0.0
5686,2841.2009829915996,0.0,0.0,0.0,0.0003991025651890349,0.0,0.0
5687,2841.7013461199,0.0,0.0,0.0,0.0003991538387793549,0.0,0.0
5688,2842.2017093824,0.0,0.0,0.0,0.00039920512214627765,0.0,0.0
5689,2842.7020727791,0.0,0.0,0.0,0.00039925641528423984,0.0,0.0
5690,2843.2024363100004,1.0,1.0,1.0,0.0003993077181877194,2504.3342626547674,2504.3342626547674
5691,2843.7027999751,1.0,-1.0,1.7320508075688774,0.0003993590308511834,-2504.0124868808557,4337.076850064539
5692,2844.2031637744,1.0,1.0,1.0,0.0003994103532690992,2503.6907326392184,2503.6907326392184
5693,2844.7035277079,1.0,0.0,1.4142135623730951,0.00039946168543596996,0.0,3540.2983913954886
5694,2845.2038917756004,1.0,1.0,1.0,0.0003995130273462523,2503.047288951892,2503.047288951892
5695,2845.7042559775,1.0,1.0,1.0,0.00039956437899446806,2502.725599605677,2502.725599605677
5696,2846.2046203136,2.0,2.0,1.4142135623730951,0.00039961574037505204,5004.807863981876,3538.933579157345
5697,2846.7049847839,2.0,2.0,1.4142135623730951,0.00039966711148254984,5004.164572313885,3538.478703256628
5698,2847.2053493884,0.0,0.0,0.0,0.0003997184923114153,0.0,0.0
5699,2847.7057141271002,1.0,1.0,1.0,0.0003997698828561952,2501.4390600297397,2501.4390600297397
5700,2848.206079,0.0,0.0,0.0,0.0003998212831113386,0.0,0.0
5701,2848.7064440071,0.0,-1.0,1.0,0.00039987269307139884,-2500.795921619599,2500.795921619599
5702,2849.2068091484,1.0,1.0,1.0,0.00039992411273084946,2500.474385431728,2500.474385431728
5703,2849.7071744239,1.0,1.0,1.0,0.00039997554208421075,2500.1528713209677,2500.1528713209677
5704,2850.2075398335996,1.0,1.0,1.0,0.0004000269811260204,2499.831379336311,2499.831379336311
5705,2850.7079053775,0.0,0.0,0.0,0.00040007842985075357,0.0,0.0
5706,2851.2082710556,0.0,0.0,0.0,0.0004001298882529787,0.0,0.0
5707,2851.7086368679,1.0,1.0,1.0,0.0004001813563271947,2498.867036630222,2498.867036630222
5708,2852.2090028144003,1.0,1.0,1.0,0.00040023283406794783,2498.5456336404154,2498.5456336404154
5709,2852.7093688951,0.0,0.0,0.0,0.00040028432146974426,0.0,0.0
5710,2853.20973511,0.0,0.0,0.0,0.00040033581852713744,0.0,0.0
5711,2853.7101014591,0.0,0.0,0.0,0.00040038732523466314,0.0,0.0
5712,2854.2104679424,0.0,-1.0,1.0,0.0004004388415868582,-2497.2602458772535,2497.2602458772535
5713,2854.7108345599,0.0,0.0,0.0,0.0004004903675782717,0.0,0.0
5714,2855.2112013116,0.0,0.0,0.0,0.0004005419032034595,0.0,0.0
5715,2855.7115681975,0.0,0.0,0.0,0.00040059344845694777,0.0,0.0
5716,2856.2119352176,0.0,0.0,0.0,0.00040064500333332795,0.0,0.0
5717,2856.7123023719,0.0,0.0,0.0,0.0004006965678271167,0.0,0.0
5718,2857.2126696604,0.0,-1.0,1.0,0.0004007481419329005,-2495.3328421605897,2495.3328421605897
5719,2857.7130370831,0.0,0.0,0.0,0.00040079972564524324,0.0,0.0
5720,2858.21340464,1.0,1.0,1.0,0.0004008513189587152,2494.6905565826337,2494.6905565826337
5721,2858.7137723311002,1.0,1.0,1.0,0.0004009029218678642,2494.3694481967273,2494.3694481967273
5722,2859.2141401564,0.0,0.0,0.0,0.0004009545343672904,0.0,0.0
5723,2859.7145081158997,0.0,0.0,0.0,0.0004010061564515603,0.0,0.0
5724,2860.2148762096,0.0,0.0,0.0,0.0004010577881152576,0.0,0.0
5725,2860.7152444375,0.0,0.0,0.0,0.00040110942935295545,0.0,0.0
5726,2861.2156127996,0.0,0.0,0.0,0.00040116108015925687,0.0,0.0
5727,2861.7159812959,0.0,0.0,0.0,0.0004012127405287357,0.0,0.0
5728,2862.2163499263997,0.0,0.0,0.0,0.00040126441045599566,0.0,0.0
5729,2862.7167186911,1.0,1.0,1.0,0.00040131608993564083,2491.8014130965203,2491.8014130965203
5730,2863.21708759,0.0,0.0,0.0,0.000401367778962259,0.0,0.0
5731,2863.7174566230997,0.0,0.0,0.0,0.0004014194775304557,0.0,0.0
5732,2864.2178257903997,1.0,1.0,1.0,0.00040147118563484195,2490.8387844041936,2490.8387844041936
5733,2864.7181950919,0.0,0.0,0.0,0.0004015229032700075,0.0,0.0
5734,2865.2185645276,0.0,-1.0,1.0,0.0004015746304305881,-2490.19714947568,2490.19714947568
5735,2865.7189340975,1.0,1.0,1.0,0.0004016263671111799,2489.876367412839,2489.876367412839
5736,2866.2193038016,0.0,0.0,0.0,0.00040167811330643713,0.0,0.0
5737,2866.7196736399,0.0,0.0,0.0,0.00040172986901094526,0.0,0.0
5738,2867.2200436124,0.0,-1.0,1.0,0.00040178163421933697,-2488.914163393763,2488.914163393763
5739,2867.7204137191,0.0,0.0,0.0,0.0004018334089262567,0.0,0.0
5740,2868.2207839599996,0.0,0.0,0.0,0.00040188519312632065,0.0,0.0
5741,2868.7211543351,1.0,1.0,1.0,0.00040193698681417414,2487.9521736135366,2487.9521736135366
5742,2869.2215248444,0.0,0.0,0.0,0.0004019887899844637,0.0,0.0
5743,2869.7218954879,0.0,-1.0,1.0,0.0004020406026318068,-2487.3109667378817,2487.3109667378817
5744,2870.2222662656,0.0,-1.0,1.0,0.0004020924247508452,-2486.9903993333014,2486.9903993333014
5745,2870.7226371775,0.0,0.0,0.0,0.00040214425633625003,0.0,0.0
5746,2871.2230082236,1.0,1.0,1.0,0.00040219609738268645,2486.3493368224003,2486.3493368224003
5747,2871.7233794039,0.0,0.0,0.0,0.00040224794788475766,0.0,0.0
5748,2872.2237507184,0.0,0.0,0.0,0.0004022998078371471,0.0,0.0
5749,2872.7241221670997,0.0,0.0,0.0,0.00040235167723454054,0.0,0.0
5750,2873.22449375,0.0,-1.0,1.0,0.0004024035560715704,-2485.067502291512,2485.067502291512
5751,2873.7248654671,2.0,2.0,1.4142135623730951,0.00040245544434290543,4969.494208894173,3513.9630541763477
5752,2874.2252373184,1.0,0.0,1.4142135623730951,0.00040250734204322624,0.0,3513.509977716678
5753,2874.7256093039,0.0,0.0,0.0,0.000402559249167202,0.0,0.0
5754,2875.2259814236,0.0,0.0,0.0,0.00040261116570949185,0.0,0.0
5755,2875.7263536775,0.0,-1.0,1.0,0.00040266309166480085,-2483.4657576027744,2483.4657576027744
5756,2876.2267260656,0.0,0.0,0.0,0.00040271502702779986,0.0,0.0
5757,2876.7270985879,0.0,0.0,0.0,0.0004027669717932016,0.0,0.0
5758,2877.2274712443996,0.0,0.0,0.0,0.00040281892595565524,0.0,0.0
5759,2877.7278440350997,1.0,-1.0,1.7320508075688774,0.00040287088950987363,-2482.184804210064,4299.270194667237
5760,2878.22821696,0.0,0.0,0.0,0.0004029228624505363,0.0,0.0
5761,2878.7285900191,0.0,0.0,0.0,0.0004029748447723457,0.0,0.0
5762,2879.2289632124002,0.0,0.0,0.0,0.0004030268364700231,0.0,0.0
5763,2879.7293365398996,0.0,0.0,0.0,0.0004030788375382546,0.0,0.0
5764,2880.2297100016,0.0,0.0,0.0,0.00040313084797176206,0.0,0.0
5765,2880.7300835975,0.0,-1.0,1.0,0.0004031828677652391,-2480.2641182220796,2480.2641182220796
5766,2881.2304573276,0.0,0.0,0.0,0.0004032348969134083,0.0,0.0
5767,2881.7308311919,0.0,-2.0,1.4142135623730951,0.00040328693541099924,-4959.248178872328,3506.7180168676596
5768,2882.2312051904,0.0,0.0,0.0,0.0004033389832527065,0.0,0.0
5769,2882.7315793231,1.0,0.0,1.4142135623730951,0.0004033910404332722,0.0,3505.8130216628606
5770,2883.23195359,0.0,-1.0,1.0,0.0004034431069474157,-2478.6642348814225,2478.6642348814225
5771,2883.7323279911,0.0,0.0,0.0,0.00040349518278988547,0.0,0.0
5772,2884.2327025264,0.0,0.0,0.0,0.00040354726795539017,0.0,0.0
5773,2884.7330771959,1.0,1.0,1.0,0.00040359936243866256,2477.7046077518917,2477.7046077518917
5774,2885.2334519996,1.0,1.0,1.0,0.00040365146623446416,2477.38478278967,2477.38478278967
5775,2885.7338269375,1.0,1.0,1.0,0.000403703579337523,2477.064983275597,2477.064983275597
5776,2886.2342020096003,0.0,-1.0,1.0,0.0004037557017425844,-2476.7452092541666,2476.7452092541666
5777,2886.7345772158997,0.0,0.0,0.0,0.00040380783344440025,0.0,0.0
5778,2887.2349525564,0.0,0.0,0.0,0.0004038599744377116,0.0,0.0
5779,2887.7353280311,1.0,1.0,1.0,0.0004039121247172945,2475.786040589691,2475.786040589691
5780,2888.2357036400003,0.0,-1.0,1.0,0.00040396428427789087,-2475.466368982488,2475.466368982488
5781,2888.7360793831,0.0,-1.0,1.0,0.00040401645311427206,-2475.146723089418,2475.146723089418
5782,2889.2364552604,0.0,0.0,0.0,0.0004040686312212101,0.0,0.0
5783,2889.7368312719,0.0,0.0,0.0,0.00040412081859343105,0.0,0.0
5784,2890.2372074176,0.0,0.0,0.0,0.0004041730152257425,0.0,0.0
5785,2890.7375836975,1.0,0.0,1.4142135623730951,0.0004042252211129006,0.0,3498.578239327881
5786,2891.2379601116,0.0,0.0,0.0,0.00040427743624970864,0.0,0.0
5787,2891.7383366599,1.0,1.0,1.0,0.0004043296606309118,2473.2293901951452,2473.2293901951452
5788,2892.2387133424,0.0,0.0,0.0,0.0004043818942513086,0.0,0.0
5789,2892.7390901591,0.0,-1.0,1.0,0.0004044341371056631,-2472.5904869369087,2472.5904869369087
5790,2893.2394671099996,0.0,0.0,0.0,0.00040448638918879194,0.0,0.0
5791,2893.7398441951,1.0,1.0,1.0,0.00040453865049550606,2471.9516881146783,2471.9516881146783
5792,2894.2402214144,1.0,1.0,1.0,0.00040459092102054285,2471.632327976103,2471.632327976103
5793,2894.7405987679,1.0,1.0,1.0,0.00040464320075874307,2471.312994077025,2471.312994077025
5794,2895.2409762556003,2.0,2.0,1.4142135623730951,0.00040469548970489106,4941.98737292186,3494.512783931338
5795,2895.7413538775,0.0,-1.0,1.0,0.00040474778785380016,-2470.6744051710843,2470.6744051710843
5796,2896.2417316336,0.0,0.0,0.0,0.0004048000952002671,0.0,0.0
5797,2896.7421095239,0.0,0.0,0.0,0.00040485241173910026,0.0,0.0
5798,2897.2424875484003,0.0,-1.0,1.0,0.000404904737465121,-2469.7167196917303,2469.7167196917303
5799,2897.7428657070996,0.0,-1.0,1.0,0.00040495707237314465,-2469.397544139092,2469.397544139092
5800,2898.243244,0.0,0.0,0.0,0.0004050094164579932,0.0,0.0
5801,2898.7436224271,1.0,1.0,1.0,0.000405061769714483,2468.759272702711,2468.759272702711
5802,2899.2440009884,0.0,-2.0,1.4142135623730951,0.0004051141321374485,-4936.880353809611,3490.9015760854177
5803,2899.7443796839,2.0,2.0,1.4142135623730951,0.0004051665037217018,4936.24221555528,3490.450344198446
5804,2900.2447585135997,0.0,0.0,0.0,0.0004052188844620955,0.0,0.0
5805,2900.7451374775,0.0,-2.0,1.4142135623730951,0.0004052712743534312,-4934.966099412783,3489.5479938205044
5806,2901.2455165756,1.0,1.0,1.0,0.0004053236733905918,2467.164060847603,2467.164060847603
5807,2901.7458958079,0.0,0.0,0.0,0.00040537608156838474,0.0,0.0
5808,2902.2462751743997,0.0,0.0,0.0,0.00040542849888167165,0.0,0.0
5809,2902.7466546750998,0.0,0.0,0.0,0.00040548092532528997,0.0,0.0
5810,2903.24703431,0.0,0.0,0.0,0.00040553336089408455,0.0,0.0
5811,2903.7474140791,0.0,0.0,0.0,0.00040558580558291166,0.0,0.0
5812,2904.2477939824003,0.0,0.0,0.0,0.00040563825938664,0.0,0.0
5813,2904.7481740199,1.0,1.0,1.0,0.0004056907223001151,2464.9318927738177,2464.9318927738177
5814,2905.2485541916,1.0,0.0,1.4142135623730951,0.00040574319431819567,0.0,3485.489300071975
5815,2905.7489344975,0.0,0.0,0.0,0.0004057956754357685,0.0,0.0
5816,2906.2493149376,0.0,-1.0,1.0,0.0004058481656476873,-2463.9756555363856,2463.9756555363856
5817,2906.7496955119,0.0,-1.0,1.0,0.0004059006649488056,-2463.656964262735,2463.656964262735
5818,2907.2500762204,0.0,0.0,0.0,0.00040595317333401844,0.0,0.0
5819,2907.7504570631,0.0,0.0,0.0,0.0004060056907982152,0.0,0.0
5820,2908.25083804,0.0,0.0,0.0,0.0004060582173362396,0.0,0.0
5821,2908.7512191511,0.0,0.0,0.0,0.0004061107529430168,0.0,0.0
5822,2909.2516003963997,0.0,0.0,0.0,0.000406163297613386,0.0,0.0
5823,2909.7519817759,2.0,2.0,1.4142135623730951,0.00040621585134227334,4923.490783019249,3481.4337197823756
5824,2910.2523632896,0.0,0.0,0.0,0.00040626841412455935,0.0,0.0
5825,2910.7527449375,0.0,-1.0,1.0,0.00040632098595514836,-2461.108420598253,2461.108420598253
5826,2911.2531267195995,0.0,-1.0,1.0,0.0004063735668289156,-2460.789976580841,2460.789976580841
5827,2911.7535086359,0.0,0.0,0.0,0.0004064261567407838,0.0,0.0
5828,2912.2538906864,0.0,0.0,0.0,0.00040647875568564746,0.0,0.0
5829,2912.7542728711,0.0,0.0,0.0,0.00040653136365840646,0.0,0.0
5830,2913.25465519,0.0,0.0,0.0,0.0004065839806539965,0.0,0.0
5831,2913.7550376431,0.0,0.0,0.0,0.00040663660666729614,0.0,0.0
5832,2914.2554202304,0.0,0.0,0.0,0.00040668924169325326,0.0,0.0
5833,2914.7558029519,0.0,0.0,0.0,0.00040674188572676446,0.0,0.0
5834,2915.2561858076,0.0,0.0,0.0,0.0004067945387627677,0.0,0.0
5835,2915.7565687974998,0.0,-1.0,1.0,0.00040684720079617776,-2457.9252310033216,2457.9252310033216
5836,2916.2569519216,0.0,0.0,0.0,0.00040689987182192705,0.0,0.0
5837,2916.7573351799,0.0,0.0,0.0,0.00040695255183494376,0.0,0.0
5838,2917.2577185724,0.0,0.0,0.0,0.00040700524083016744,0.0,0.0
5839,2917.7581020991,0.0,0.0,0.0,0.00040705793880252633,0.0,0.0
5840,2918.25848576,0.0,0.0,0.0,0.0004071106457469613,0.0,0.0
5841,2918.7588695551,0.0,0.0,0.0,0.000407163361658425,0.0,0.0
5842,2919.2592534844,0.0,0.0,0.0,0.00040721608653186486,0.0,0.0
5843,2919.7596375479,1.0,1.0,1.0,0.00040726882036222294,2455.3806969819216,2455.3806969819216
5844,2920.2600217455997,2.0,2.0,1.4142135623730951,0.0004073215631444362,4910.125514987283,3471.983048124597
5845,2920.7604060774997,0.0,0.0,0.0,0.0004073743148734884,0.0,0.0
5846,2921.2607905436,0.0,0.0,0.0,0.00040742707554431703,0.0,0.0
5847,2921.7611751439,0.0,-1.0,1.0,0.000407479845151884,-2454.1091096843334,2454.1091096843334
5848,2922.2615598784,0.0,0.0,0.0,0.0004075326236911681,0.0,0.0
5849,2922.7619447470997,1.0,1.0,1.0,0.000407585411157115,2453.4734870932916,2453.4734870932916
5850,2923.26232975,0.0,0.0,0.0,0.00040763820754471036,0.0,0.0
5851,2923.7627148871,0.0,-1.0,1.0,0.00040769101284892403,-2452.83797896856,2452.83797896856
5852,2924.2631001584,2.0,2.0,1.4142135623730951,0.0004077438270647306,4905.040535861978,3468.3874249029022
5853,2924.7634855639003,0.0,-1.0,1.0,0.00040779665018710694,-2452.202585629813,2452.202585629813
5854,2925.2638711035997,0.0,0.0,0.0,0.0004078494822110352,0.0,0.0
5855,2925.7642567775,0.0,-1.0,1.0,0.0004079023231314922,-2451.5673073958887,2451.5673073958887
5856,2926.2646425856,0.0,0.0,0.0,0.00040795517294347854,0.0,0.0
5857,2926.7650285279,0.0,0.0,0.0,0.0004080080316419841,0.0,0.0
5858,2927.2654146043997,0.0,0.0,0.0,0.00040806089922198715,0.0,0.0
5859,2927.7658008150997,0.0,0.0,0.0,0.00040811377567848985,0.0,0.0
5860,2928.26618716,1.0,1.0,1.0,0.00040816666100650047,2449.9796174780527,2449.9796174780527
5861,2928.7665736391,0.0,0.0,0.0,0.00040821955520099925,0.0,0.0
5862,2929.2669602524,0.0,0.0,0.0,0.00040827245825703594,0.0,0.0
5863,2929.7673469999,0.0,0.0,0.0,0.000408325370169557,0.0,0.0
5864,2930.2677338815997,0.0,0.0,0.0,0.0004083782909336245,0.0,0.0
5865,2930.7681208975,0.0,0.0,0.0,0.0004084312205442381,0.0,0.0
5866,2931.2685080476003,0.0,-1.0,1.0,0.0004084841589964027,-2448.0753487647644,2448.0753487647644
5867,2931.7688953319,0.0,0.0,0.0,0.000408537106285131,0.0,0.0
5868,2932.2692827503997,0.0,0.0,0.0,0.00040859006240547485,0.0,0.0
5869,2932.7696703031,0.0,-1.0,1.0,0.00040864302735243643,-2447.1236092755953,2447.1236092755953
5870,2933.27005799,1.0,1.0,1.0,0.0004086960011210575,2446.806421538232,2446.806421538232
5871,2933.7704458111,0.0,0.0,0.0,0.00040874898370634605,0.0,0.0
5872,2934.2708337664,0.0,0.0,0.0,0.00040880197510337405,0.0,0.0
5873,2934.7712218559,1.0,0.0,1.4142135623730951,0.0004088549753071453,0.0,3458.961362303813
5874,2935.2716100796,0.0,0.0,0.0,0.00040890798431270325,0.0,0.0
5875,2935.7719984375003,0.0,0.0,0.0,0.0004089610021151045,0.0,0.0
5876,2936.2723869295996,0.0,0.0,0.0,0.0004090140287094055,0.0,0.0
5877,2936.7727755559,0.0,0.0,0.0,0.00040906706409062917,0.0,0.0
5878,2937.2731643164,1.0,1.0,1.0,0.00040912010825383836,2444.269982886176,2444.269982886176
5879,2937.7735532111,0.0,0.0,0.0,0.0004091731611940743,0.0,0.0
5880,2938.27394224,0.0,0.0,0.0,0.00040922622290641837,0.0,0.0
5881,2938.7743314031,0.0,0.0,0.0,0.000409279293385907,0.0,0.0
5882,2939.2747207004,0.0,-1.0,1.0,0.00040933237262761696,-2443.0024764001078,2443.0024764001078
5883,2939.7751101319,0.0,0.0,0.0,0.0004093854606266083,0.0,0.0
5884,2940.2754996976,0.0,0.0,0.0,0.00040943855737797616,0.0,0.0
5885,2940.7758893974997,0.0,0.0,0.0,0.00040949166287673554,0.0,0.0
5886,2941.2762792316,0.0,0.0,0.0,0.00040954477711801715,0.0,0.0
5887,2941.7766691999,1.0,1.0,1.0,0.0004095979000968656,2441.4187664622073,2441.4187664622073
5888,2942.2770593024,1.0,1.0,1.0,0.0004096510318083724,2441.1021146110097,2441.1021146110097
5889,2942.7774495391,0.0,0.0,0.0,0.00040970417224760647,0.0,0.0
5890,2943.27783991,0.0,0.0,0.0,0.0004097573214096946,0.0,0.0
5891,2943.7782304151,0.0,0.0,0.0,0.0004098104792896891,0.0,0.0
5892,2944.2786210544,0.0,0.0,0.0,0.0004098636458826776,0.0,0.0
5893,2944.7790118279,0.0,-1.0,1.0,0.0004099168211837827,-2439.5193081175325,2439.5193081175325
5894,2945.2794027356,0.0,0.0,0.0,0.0004099700051880756,0.0,0.0
5895,2945.7797937775,0.0,0.0,0.0,0.00041002319789068,0.0,0.0
5896,2946.2801849536,0.0,0.0,0.0,0.0004100763992866912,0.0,0.0
5897,2946.7805762639,1.0,1.0,1.0,0.0004101296093711871,2438.253608495142,2438.253608495142
5898,2947.2809677084,0.0,0.0,0.0,0.00041018282813932793,0.0,0.0
5899,2947.7813592871,1.0,1.0,1.0,0.0004102360555861752,2437.6209413653974,2437.6209413653974
5900,2948.281751,0.0,0.0,0.0,0.0004102892917068901,0.0,0.0
5901,2948.7821428471,1.0,1.0,1.0,0.00041034253649654674,2436.9883964208902,2436.9883964208902
5902,2949.2825348284,0.0,0.0,0.0,0.00041039578995030686,0.0,0.0
5903,2949.7829269439,0.0,0.0,0.0,0.0004104490520632689,0.0,0.0
5904,2950.2833191935997,0.0,0.0,0.0,0.00041050232283054375,0.0,0.0
5905,2950.7837115775,0.0,0.0,0.0,0.00041055560224729983,0.0,0.0
5906,2951.2841040956,1.0,1.0,1.0,0.00041060889030863733,2435.4075705675596,2435.4075705675596
5907,2951.7844967479,0.0,0.0,0.0,0.00041066218700970856,0.0,0.0
5908,2952.2848895344,0.0,0.0,0.0,0.0004107154923456494,0.0,0.0
5909,2952.7852824551,0.0,0.0,0.0,0.0004107688063115723,0.0,0.0
5910,2953.28567551,0.0,-1.0,1.0,0.0004108221289026604,-2434.143464158277,2434.143464158277
5911,2953.7860686991003,0.0,-1.0,1.0,0.0004108754601140503,-2433.827514844574,2433.827514844574
5912,2954.2864620224,0.0,0.0,0.0,0.00041092879994087414,0.0,0.0
5913,2954.7868554798997,0.0,0.0,0.0,0.00041098214837829257,0.0,0.0
5914,2955.2872490716,1.0,1.0,1.0,0.0004110355054214502,2432.8798529817086,2432.8798529817086
5915,2955.7876427975,0.0,0.0,0.0,0.00041108887106552574,0.0,0.0
5916,2956.2880366576,1.0,0.0,1.4142135623730951,0.0004111422453056592,0.0,3439.718439348682
5917,2956.7884306519,0.0,0.0,0.0,0.00041119562813703045,0.0,0.0
5918,2957.2888247804,0.0,0.0,0.0,0.00041124901955477954,0.0,0.0
5919,2957.7892190431,1.0,1.0,1.0,0.0004113024195541112,2431.301038987541,2431.301038987541
5920,2958.2896134400003,0.0,0.0,0.0,0.00041135582813017817,0.0,0.0
5921,2958.7900079711,0.0,0.0,0.0,0.00041140924527814475,0.0,0.0
5922,2959.2904026364,0.0,0.0,0.0,0.0004114626709931938,0.0,0.0
5923,2959.7907974359,0.0,0.0,0.0,0.00041151610527050863,0.0,0.0
5924,2960.2911923696,1.0,1.0,1.0,0.00041156954810526666,2429.7230069709412,2429.7230069709412
5925,2960.7915874375003,1.0,-1.0,1.7320508075688774,0.00041162299949266934,-2429.4074948010993,4207.857213284127
5926,2961.2919826395996,2.0,2.0,1.4142135623730951,0.00041167645942788943,4858.184028252231,3435.2548706293305
5927,2961.7923779759,0.0,0.0,0.0,0.0004117299279061119,0.0,0.0
5928,2962.2927734464,0.0,0.0,0.0,0.0004117834049225392,0.0,0.0
5929,2962.7931690511,0.0,0.0,0.0,0.00041183689047238084,0.0,0.0
5930,2963.2935647900003,0.0,0.0,0.0,0.000411890384550817,0.0,0.0
5931,2963.7939606631,0.0,0.0,0.0,0.0004119438871530806,0.0,0.0
5932,2964.2943566704,0.0,0.0,0.0,0.0004119973982743242,0.0,0.0
5933,2964.7947528119003,0.0,0.0,0.0,0.0004120509179097819,0.0,0.0
5934,2965.2951490876003,1.0,1.0,1.0,0.00041210444605467025,2426.5693068192204,2426.5693068192204
5935,2965.7955454975,1.0,1.0,1.0,0.00041215798270421305,2426.2541112000113,2426.2541112000113
5936,2966.2959420416,0.0,0.0,0.0,0.00041221152785361634,0.0,0.0
5937,2966.7963387199,0.0,0.0,0.0,0.0004122650814980641,0.0,0.0
5938,2967.2967355324,0.0,0.0,0.0,0.0004123186436328212,0.0,0.0
5939,2967.7971324791,0.0,0.0,0.0,0.000412372214253107,0.0,0.0
5940,2968.29752956,0.0,0.0,0.0,0.00041242579335412985,0.0,0.0
5941,2968.7979267750998,0.0,0.0,0.0,0.0004124793809311445,0.0,0.0
5942,2969.2983241244,0.0,0.0,0.0,0.0004125329769793659,0.0,0.0
5943,2969.7987216079,0.0,0.0,0.0,0.00041258658149400946,0.0,0.0
5944,2970.2991192256,0.0,0.0,0.0,0.000412640194470372,0.0,0.0
5945,2970.7995169775,0.0,0.0,0.0,0.0004126938159036351,0.0,0.0
5946,2971.2999148636,0.0,-1.0,1.0,0.00041274744578907876,-2422.789069204847,2422.789069204847
5947,2971.8003128839,0.0,0.0,0.0,0.000412801084121926,0.0,0.0
5948,2972.3007110384,0.0,0.0,0.0,0.0004128547308974467,0.0,0.0
5949,2972.8011093270998,1.0,1.0,1.0,0.00041290838611087653,2421.8447327235303,2421.8447327235303
5950,2973.30150775,1.0,1.0,1.0,0.00041296204975748547,2421.530018526536,2421.530018526536
5951,2973.8019063071,2.0,2.0,1.4142135623730951,0.00041301572183253887,4842.430673404047,3424.1155665897422
5952,2974.3023049984004,0.0,0.0,0.0,0.00041306940233124505,0.0,0.0
5953,2974.8027038238997,0.0,0.0,0.0,0.0004131230912489215,0.0,0.0
5954,2975.3031027836,1.0,0.0,1.4142135623730951,0.00041317678858081227,0.0,3422.7807598550335
5955,2975.8035018775,0.0,0.0,0.0,0.00041323049432220134,0.0,0.0
5956,2976.3039011056003,1.0,1.0,1.0,0.00041328420846832185,2419.642414371731,2419.642414371731
5957,2976.8043004679002,2.0,2.0,1.4142135623730951,0.0004133379310145049,4838.655855007451,3421.446366903761
5958,2977.3046999644,0.0,0.0,0.0,0.0004133916619559788,0.0,0.0
5959,2977.8050995951,2.0,2.0,1.4142135623730951,0.0004134454012880352,4837.398103278597,3420.5570021272392
5960,2978.30549936,0.0,0.0,0.0,0.000413499149005961,0.0,0.0
5961,2978.8058992591,1.0,1.0,1.0,0.000413552905105049,2418.070306496781,2418.070306496781
5962,2979.3062992923997,0.0,0.0,0.0,0.000413606669580598,0.0,0.0
5963,2979.8066994599,0.0,0.0,0.0,0.00041366044242783834,0.0,0.0
5964,2980.3070997616,0.0,0.0,0.0,0.0004137142236421335,0.0,0.0
5965,2980.8075001975,0.0,0.0,0.0,0.0004137680132187495,0.0,0.0
5966,2981.3079007676,0.0,0.0,0.0,0.0004138218111529868,0.0,0.0
5967,2981.8083014719,0.0,0.0,0.0,0.000413875617440118,0.0,0.0
5968,2982.3087023104,0.0,0.0,0.0,0.0004139294320755199,0.0,0.0
5969,2982.8091032831,0.0,0.0,0.0,0.00041398325505440244,0.0,0.0
5970,2983.3095043900003,0.0,-1.0,1.0,0.000414037086372172,-2415.2425782967525,2415.2425782967525
5971,2983.8099056311,0.0,0.0,0.0,0.00041409092602406243,0.0,0.0
5972,2984.3103070064,0.0,0.0,0.0,0.0004141447740054409,0.0,0.0
5973,2984.8107085159,1.0,1.0,1.0,0.00041419863031158825,2414.300595942899,2414.300595942899
5974,2985.3111101596,0.0,0.0,0.0,0.00041425249493784905,0.0,0.0
5975,2985.8115119375,0.0,-1.0,1.0,0.0004143063678795458,-2413.67277340699,2413.67277340699
5976,2986.3119138496,0.0,0.0,0.0,0.0004143602491320012,0.0,0.0
5977,2986.8123158958997,0.0,0.0,0.0,0.0004144141386905381,0.0,0.0
5978,2987.3127180764,0.0,0.0,0.0,0.00041446803655049145,0.0,0.0
5979,2987.8131203911003,0.0,0.0,0.0,0.00041452194270717995,0.0,0.0
5980,2988.3135228399997,0.0,0.0,0.0,0.0004145758571559504,0.0,0.0
5981,2988.8139254231,0.0,0.0,0.0,0.0004146297798921743,0.0,0.0
5982,2989.3143281404,0.0,-1.0,1.0,0.00041468371091113096,-2411.476442618952,2411.476442618952
5983,2989.8147309919,0.0,0.0,0.0,0.00041473765020819754,0.0,0.0
5984,2990.3151339776,0.0,0.0,0.0,0.00041479159777874086,0.0,0.0
5985,2990.8155370974996,0.0,0.0,0.0,0.0004148455536180933,0.0,0.0
5986,2991.3159403515997,0.0,0.0,0.0,0.0004148995177215934,0.0,0.0
5987,2991.8163437399,0.0,0.0,0.0,0.0004149534900846265,0.0,0.0
5988,2992.3167472624,1.0,1.0,1.0,0.0004150074707025203,2409.595177424663,2409.595177424663
5989,2992.8171509190997,0.0,0.0,0.0,0.00041506145957062655,0.0,0.0
5990,2993.31755471,0.0,0.0,0.0,0.00041511545668436055,0.0,0.0
5991,2993.8179586351,1.0,0.0,1.4142135623730951,0.0004151694620390456,0.0,3406.352566075999
5992,2994.3183626944,0.0,0.0,0.0,0.00041522347563009243,0.0,0.0
5993,2994.8187668879,1.0,1.0,1.0,0.00041527749745280234,2408.0283813443402,2408.0283813443402
5994,2995.3191712156,1.0,1.0,1.0,0.0004153315275025979,2407.7151234172684,2407.7151234172684
5995,2995.8195756775,1.0,1.0,1.0,0.0004153855657748567,2407.401899328419,2407.401899328419
5996,2996.3199802736,0.0,-1.0,1.0,0.00041543961226496164,-2407.088709109939,2407.088709109939
5997,2996.8203850039,0.0,0.0,0.0,0.00041549366696826806,0.0,0.0
5998,2997.3207898684,0.0,0.0,0.0,0.0004155477298801715,0.0,0.0
5999,2997.8211948671,0.0,0.0,0.0,0.00041560180099608015,0.0,0.0
6000,2998.3215999999998,1.0,1.0,1.0,0.00041565588031134993,2405.8362875822736,2405.8362875822736
6001,2998.8220052671,1.0,1.0,1.0,0.00041570996782138353,2405.5232671968697,2405.5232671968697
6002,2999.3224106684,1.0,1.0,1.0,0.0004157640635216021,2405.21028087374,2405.21028087374
6003,2999.8228162039,0.0,0.0,0.0,0.00041581816740738584,0.0,0.0
6004,3000.3232218736,0.0,0.0,0.0,0.0004158736998361788,0.0,0.0
6005,3000.8236276775,0.0,0.0,0.0,0.00041593001924387273,0.0,0.0
6006,3001.3240336156,0.0,0.0,0.0,0.00041598634705213955,0.0,0.0
6007,3001.8244396879004,0.0,0.0,0.0,0.0004160426832565026,0.0,0.0
6008,3002.3248458944,0.0,0.0,0.0,0.0004160990278524853,0.0,0.0
6009,3002.8252522351,0.0,0.0,0.0,0.0004161553808355712,0.0,0.0
6010,3003.32565871,0.0,0.0,0.0,0.0004162117422013414,0.0,0.0
6011,3003.8260653191,0.0,0.0,0.0,0.00041626811194529756,0.0,0.0
6012,3004.3264720623997,0.0,0.0,0.0,0.0004163244900629351,0.0,0.0
6013,3004.8268789399,0.0,-1.0,1.0,0.00041638087654982523,-2401.6472809368743,2401.6472809368743
6014,3005.3272859516,0.0,-1.0,1.0,0.0004164372714014701,-2401.3220445773713,2401.3220445773713
6015,3005.8276930975003,0.0,-1.0,1.0,0.00041649367461341264,-2400.996848099062,2400.996848099062
6016,3006.3281003776,3.0,3.0,1.7320508075688772,0.0004165500861811954,7202.015074593042,4158.0853420240355
6017,3006.8285077919,0.0,0.0,0.0,0.000416606506100368,0.0,0.0
6018,3007.3289153404,1.0,1.0,1.0,0.00041666293436644515,2400.021498241847,2400.021498241847
6019,3007.8293230231,0.0,0.0,0.0,0.0004167193709750112,0.0,0.0
6020,3008.32973084,1.0,1.0,1.0,0.00041677581592158136,2399.3714649416115,2399.3714649416115
6021,3008.8301387910997,0.0,0.0,0.0,0.0004168322692017121,0.0,0.0
6022,3009.3305468763997,0.0,0.0,0.0,0.0004168887308109594,0.0,0.0
6023,3009.8309550959,1.0,1.0,1.0,0.00041694520074486864,2398.396715476061,2398.396715476061
6024,3010.3313634496003,1.0,1.0,1.0,0.0004170016789990199,2398.0718792318107,2398.0718792318107
6025,3010.8317719375,0.0,0.0,0.0,0.0004170581655689358,0.0,0.0
6026,3011.3321805595997,0.0,0.0,0.0,0.00041711466045021985,0.0,0.0
6027,3011.8325893159,0.0,0.0,0.0,0.00041717116363842994,0.0,0.0
6028,3012.3329982064,1.0,1.0,1.0,0.0004172276751290956,2396.772936240596,2396.772936240596
6029,3012.8334072311,1.0,0.0,1.4142135623730951,0.00041728419491780984,0.0,3389.089688986771
6030,3013.33381639,0.0,0.0,0.0,0.0004173407230001544,0.0,0.0
6031,3013.8342256830997,0.0,0.0,0.0,0.0004173972593716883,0.0,0.0
6032,3014.3346351104,0.0,0.0,0.0,0.00041745380402799975,0.0,0.0
6033,3014.8350446719,0.0,0.0,0.0,0.00041751035696467126,0.0,0.0
6034,3015.3354543676,1.0,1.0,1.0,0.00041756691817729187,2394.8257308434977,2394.8257308434977
6035,3015.8358641974996,1.0,0.0,1.4142135623730951,0.0004176234876613984,0.0,3386.336267369411
6036,3016.3362741615997,0.0,0.0,0.0,0.00041768006541262066,0.0,0.0
6037,3016.8366842599,0.0,0.0,0.0,0.0004177366514265482,0.0,0.0
6038,3017.3370944924,0.0,-1.0,1.0,0.00041779324569876533,-2393.52840261332,2393.52840261332
6039,3017.8375048590997,0.0,0.0,0.0,0.00041784984822486765,0.0,0.0
6040,3018.33791536,0.0,0.0,0.0,0.0004179064590004174,0.0,0.0
6041,3018.8383259951,0.0,-1.0,1.0,0.00041796307802107987,-2392.5558322870934,2392.5558322870934
6042,3019.3387367644,0.0,-1.0,1.0,0.0004180197052823942,-2392.231723440998,2392.231723440998
6043,3019.8391476679003,0.0,0.0,0.0,0.00041807634078001545,0.0,0.0
6044,3020.3395587055998,0.0,-1.0,1.0,0.0004181329845095062,-2391.5836278093607,2391.5836278093607
6045,3020.8399698774997,0.0,0.0,0.0,0.000418189636466516,0.0,0.0
6046,3021.3403811836,0.0,0.0,0.0,0.0004182462966466199,0.0,0.0
6047,3021.8407926239,0.0,0.0,0.0,0.00041830296504543387,0.0,0.0
6048,3022.3412041983997,0.0,0.0,0.0,0.00041835964165861343,0.0,0.0
6049,3022.8416159071,0.0,0.0,0.0,0.0004184163264817404,0.0,0.0
6050,3023.34202775,0.0,-1.0,1.0,0.00041847301951046593,-2389.6403193921806,2389.6403193921806
6051,3023.8424397271,0.0,0.0,0.0,0.00041852972074038345,0.0,0.0
6052,3024.3428518384003,0.0,0.0,0.0,0.00041858643016710455,0.0,0.0
6053,3024.8432640838996,0.0,0.0,0.0,0.000418643147786304,0.0,0.0
6054,3025.3436764636,0.0,0.0,0.0,0.00041869987359358763,0.0,0.0
6055,3025.8440889775,0.0,-1.0,1.0,0.0004187566075846142,-2388.0220201610537,2388.0220201610537
6056,3026.3445016256,1.0,1.0,1.0,0.0004188133497549839,2387.698483310106,2387.698483310106
6057,3026.8449144079,0.0,0.0,0.0,0.00041887010010033867,0.0,0.0
6058,3027.3453273244,2.0,2.0,1.4142135623730951,0.0004189268586163377,4774.103065641927,3375.800651798892
6059,3027.8457403751,1.0,1.0,1.0,0.0004189836252986459,2386.7281192366727,2386.7281192366727
6060,3028.34615356,0.0,0.0,0.0,0.00041904040014283046,0.0,0.0
6061,3028.8465668791,0.0,0.0,0.0,0.000419097183144627,0.0,0.0
6062,3029.3469803323997,0.0,0.0,0.0,0.0004191539742996316,0.0,0.0
6063,3029.8473939199,0.0,0.0,0.0,0.0004192107736035108,0.0,0.0
6064,3030.3478076416,0.0,0.0,0.0,0.0004192675810519314,0.0,0.0
6065,3030.8482214975,0.0,0.0,0.0,0.00041932439664053677,0.0,0.0
6066,3031.3486354876,0.0,0.0,0.0,0.0004193812203649827,0.0,0.0
6067,3031.8490496118998,0.0,0.0,0.0,0.0004194380522209481,0.0,0.0
6068,3032.3494638704,1.0,0.0,1.4142135623730951,0.00041949489220410077,0.0,3371.229515912734
6069,3032.8498782631,0.0,0.0,0.0,0.00041955174031008553,0.0,0.0
6070,3033.3502927900004,0.0,-2.0,1.4142135623730951,0.0004196085965345939,-4766.346582308672,3370.315989835787
6071,3033.8507074511,0.0,0.0,0.0,0.00041966546087325373,0.0,0.0
6072,3034.3511222464,0.0,0.0,0.0,0.00041972233332180324,0.0,0.0
6073,3034.8515371759,1.0,1.0,1.0,0.0004197792138758885,2382.2046612714344,2382.2046612714344
6074,3035.3519522396,0.0,-1.0,1.0,0.0004198361025311904,-2381.8818676407377,2381.8818676407377
6075,3035.8523674374997,1.0,1.0,1.0,0.00041989299928338406,2381.559115552446,2381.559115552446
6076,3036.3527827696,0.0,-1.0,1.0,0.0004199499041281687,-2381.23640503273,2381.23640503273
6077,3036.8531982359,0.0,0.0,0.0,0.0004200068170612144,0.0,0.0
6078,3037.3536138364,0.0,0.0,0.0,0.0004200637380782322,0.0,0.0
6079,3037.8540295711,0.0,0.0,0.0,0.00042012066717486934,0.0,0.0
6080,3038.35444544,0.0,0.0,0.0,0.00042017760434687255,0.0,0.0
6081,3038.8548614430997,0.0,-1.0,1.0,0.00042023454958990084,-2379.623476879475,2379.623476879475
6082,3039.3552775804,0.0,0.0,0.0,0.00042029150289968396,0.0,0.0
6083,3039.8556938519,1.0,1.0,1.0,0.00042034846427188815,2378.978597512334,2378.978597512334
6084,3040.3561102575995,1.0,0.0,1.4142135623730951,0.00042040543370223737,0.0,3363.9278872278974
6085,3040.8565267975,1.0,1.0,1.0,0.00042046241118644424,2378.333885253237,2378.333885253237
6086,3041.3569434716,0.0,0.0,0.0,0.0004205193967201876,0.0,0.0
6087,3041.8573602799,0.0,-1.0,1.0,0.00042057639029921524,-2377.689340308806,2377.689340308806
6088,3042.3577772224003,1.0,1.0,1.0,0.0004206333919192236,2377.3671306438628,2377.3671306438628
6089,3042.8581942991,2.0,1.0,1.7320508075688774,0.0004206904015759091,2377.0449628848037,4117.162647592157
6090,3043.3586115099997,0.0,0.0,0.0,0.00042074741926499193,0.0,0.0
6091,3043.8590288551,0.0,0.0,0.0,0.0004208044449822213,0.0,0.0
6092,3044.3594463344,0.0,-1.0,1.0,0.000420861478723306,-2376.0787112983717,2376.0787112983717
6093,3044.8598639479,0.0,0.0,0.0,0.0004209185204839609,0.0,0.0
6094,3045.3602816956,0.0,0.0,0.0,0.00042097557025993067,0.0,0.0
6095,3045.8606995775,1.0,1.0,1.0,0.0004210326280469247,2375.1128377835566,2375.1128377835566
6096,3046.3611175936,1.0,1.0,1.0,0.0004210896938406879,2374.7909640798116,2374.7909640798116
6097,3046.8615357439003,0.0,0.0,0.0,0.00042114676763694767,0.0,0.0
6098,3047.3619540284,1.0,1.0,1.0,0.0004212038494314554,2374.147343025969,2374.147343025969
6099,3047.8623724471,0.0,0.0,0.0,0.0004212609392199102,0.0,0.0
6100,3048.362791,0.0,-1.0,1.0,0.00042131803699810424,-2373.503890611974,2373.503890611974
6101,3048.8632096871,1.0,1.0,1.0,0.0004213751427617433,2373.1822277077854,2373.1822277077854
6102,3049.3636285084003,0.0,0.0,0.0,0.00042143225650661343,0.0,0.0
6103,3049.8640474638996,0.0,0.0,0.0,0.0004214893782284042,0.0,0.0
6104,3050.3644665536,1.0,0.0,1.4142135623730951,0.00042154650792290856,0.0,3354.822150802215
6105,3050.8648857775,0.0,-1.0,1.0,0.00042160364558587946,-2371.8959986941168,2371.8959986941168
6106,3051.3653051356,0.0,0.0,0.0,0.00042166079121305826,0.0,0.0
6107,3051.8657246279,1.0,0.0,1.4142135623730951,0.00042171794480022764,0.0,3353.4583477186948
6108,3052.3661442544,0.0,0.0,0.0,0.00042177510634309497,0.0,0.0
6109,3052.8665640151,0.0,0.0,0.0,0.0004218322758374665,0.0,0.0
6110,3053.3669839100003,2.0,0.0,2.0,0.00042188945327909606,0.0,4740.5783303071175
6111,3053.8674039391003,0.0,0.0,0.0,0.00042194663866377315,0.0,0.0
6112,3054.3678241024,0.0,0.0,0.0,0.00042200383198720624,0.0,0.0
6113,3054.8682443999,0.0,0.0,0.0,0.0004220610332452257,0.0,0.0
6114,3055.3686648316,1.0,1.0,1.0,0.00042211824243356934,2369.0044624341826,2369.0044624341826
6115,3055.8690853975,0.0,0.0,0.0,0.0004221754595480332,0.0,0.0
6116,3056.3695060975997,0.0,0.0,0.0,0.0004222326845844138,0.0,0.0
6117,3056.8699269319,0.0,-1.0,1.0,0.00042228991753843836,-2368.041382160104,2368.041382160104
6118,3057.3703479004,0.0,0.0,0.0,0.0004223471584059554,0.0,0.0
6119,3057.8707690031,0.0,-1.0,1.0,0.0004224044071826874,-2367.3995417559786,2367.3995417559786
6120,3058.37119024,2.0,1.0,1.7320508075688774,0.0004224616638644832,2367.078685560399,4099.900548903966
6121,3058.8716116111,0.0,0.0,0.0,0.00042251892844707745,0.0,0.0
6122,3059.3720331164,0.0,0.0,0.0,0.0004225762009262735,0.0,0.0
6123,3059.8724547559,1.0,1.0,1.0,0.00042263348129791575,2366.1163732910613,2366.1163732910613
6124,3060.3728765296,0.0,0.0,0.0,0.00042269076955774536,0.0,0.0
6125,3060.8732984374997,0.0,0.0,0.0,0.00042274806570158325,0.0,0.0
6126,3061.3737204796,0.0,0.0,0.0,0.00042280536972526343,0.0,0.0
6127,3061.8741426559,0.0,0.0,0.0,0.00042286268162453343,0.0,0.0
6128,3062.3745649664,1.0,1.0,1.0,0.00042292000139523286,2364.513375345108,2364.513375345108
6129,3062.8749874111004,0.0,0.0,0.0,0.00042297732903315033,0.0,0.0
6130,3063.3754099899998,1.0,0.0,1.4142135623730951,0.000423034664534114,0.0,3343.0205156604875
6131,3063.8758327031,0.0,0.0,0.0,0.0004230920078939191,0.0,0.0
6132,3064.3762555504,0.0,0.0,0.0,0.0004231493591084292,0.0,0.0
6133,3064.8766785319003,0.0,0.0,0.0,0.00042320671817339936,0.0,0.0
6134,3065.3771016476,1.0,1.0,1.0,0.00042326408508471105,2362.591193627644,2362.591193627644
6135,3065.8775248975,0.0,0.0,0.0,0.0004233214598381083,0.0,0.0
6136,3066.3779482816,0.0,-1.0,1.0,0.0004233788424294904,-2361.950810441219,2361.950810441219
6137,3066.8783717999,2.0,2.0,1.4142135623730951,0.0004234362328546654,4723.261366928071,3339.8501418712813
6138,3067.3787954524,0.0,0.0,0.0,0.0004234936311094413,0.0,0.0
6139,3067.8792192390997,0.0,0.0,0.0,0.0004235510371896718,0.0,0.0
6140,3068.37964316,0.0,0.0,0.0,0.00042360845109119474,0.0,0.0
6141,3068.8800672151,0.0,-1.0,1.0,0.0004236658728098127,-2360.350606877672,2360.350606877672
6142,3069.3804914044,0.0,0.0,0.0,0.00042372330234140417,0.0,0.0
6143,3069.8809157278997,0.0,0.0,0.0,0.00042378073968178415,0.0,0.0
6144,3070.3813401856,0.0,0.0,0.0,0.0004238381848268312,0.0,0.0
6145,3070.8817647775,0.0,0.0,0.0,0.00042389563777234934,0.0,0.0
6146,3071.3821895036,0.0,0.0,0.0,0.00042395309851419493,0.0,0.0
6147,3071.8826143639003,1.0,1.0,1.0,0.0004240105670482413,2358.431788531879,2358.431788531879
6148,3072.3830393584,1.0,1.0,1.0,0.00042406804337029953,2358.1121370345563,2358.1121370345563
6149,3072.8834644871,0.0,0.0,0.0,0.0004241255274762837,0.0,0.0
6150,3073.38388975,0.0,0.0,0.0,0.00042418301936199965,0.0,0.0
6151,3073.8843151471,1.0,0.0,1.4142135623730951,0.000424240519023339,0.0,3333.5183674317873
6152,3074.3847406784,1.0,0.0,1.4142135623730951,0.0004242980264561539,0.0,3333.066557450126
6153,3074.8851663439,0.0,0.0,0.0,0.0004243555416562909,0.0,0.0
6154,3075.3855921435998,0.0,0.0,0.0,0.0004244130646196197,0.0,0.0
6155,3075.8860180775,0.0,0.0,0.0,0.0004244705953420622,0.0,0.0
6156,3076.3864441456003,0.0,0.0,0.0,0.0004245281338194024,0.0,0.0
6157,3076.8868703478997,0.0,0.0,0.0,0.000424585680047603,0.0,0.0
6158,3077.3872966844,0.0,0.0,0.0,0.00042464323402245413,0.0,0.0
6159,3077.8877231551,0.0,0.0,0.0,0.00042470079573989604,0.0,0.0
6160,3078.38814976,0.0,0.0,0.0,0.0004247583651957715,0.0,0.0
6161,3078.8885764990996,0.0,0.0,0.0,0.0004248159423859975,0.0,0.0
6162,3079.3890033723997,0.0,-1.0,1.0,0.0004248735273064411,-2353.641579741793,2353.641579741793
6163,3079.8894303798997,0.0,0.0,0.0,0.00042493111995297396,0.0,0.0
6164,3080.3898575216,0.0,0.0,0.0,0.00042498872032151435,0.0,0.0
6165,3080.8902847975,0.0,0.0,0.0,0.00042504632840793523,0.0,0.0
6166,3081.3907122076,1.0,1.0,1.0,0.00042510394420810973,2352.365847517166,2352.365847517166
6167,3081.8911397519,1.0,1.0,1.0,0.0004251615677179798,2352.0470238347716,2352.0470238347716
6168,3082.3915674304,0.0,0.0,0.0,0.00042521919893341885,0.0,0.0
6169,3082.8919952431,0.0,0.0,0.0,0.00042527683785031244,0.0,0.0
6170,3083.39242319,1.0,1.0,1.0,0.00042533448446460903,2351.0908156406663,2351.0908156406663
6171,3083.8928512711,2.0,2.0,1.4142135623730951,0.00042539213877215427,4701.544334535121,3324.4938809989785
6172,3084.3932794864,0.0,0.0,0.0,0.0004254498007689147,0.0,0.0
6173,3084.8937078359,0.0,0.0,0.0,0.0004255074704507362,0.0,0.0
6174,3085.3941363196,0.0,0.0,0.0,0.00042556514781358633,0.0,0.0
6175,3085.8945649374996,0.0,0.0,0.0,0.0004256228328533514,0.0,0.0
6176,3086.3949936895997,0.0,0.0,0.0,0.0004256805255659645,0.0,0.0
6177,3086.8954225759,0.0,0.0,0.0,0.0004257382259473133,0.0,0.0
6178,3087.3958515964,0.0,0.0,0.0,0.00042579593399335415,0.0,0.0
6179,3087.8962807511,1.0,0.0,1.4142135623730951,0.00042585364969999787,0.0,3320.8910229356247
6180,3088.39671004,0.0,-1.0,1.0,0.0004259113730631501,-2347.9063092586857,2347.9063092586857
6181,3088.8971394631,0.0,0.0,0.0,0.00042596910407876226,0.0,0.0
6182,3089.3975690204,0.0,0.0,0.0,0.0004260268427427516,0.0,0.0
6183,3089.8979987119,0.0,-1.0,1.0,0.0004260845890510707,-2346.9518158990245,2346.9518158990245
6184,3090.3984285375996,0.0,0.0,0.0,0.0004261423429996024,0.0,0.0
6185,3090.8988584975,1.0,1.0,1.0,0.00042620010458434027,2346.315707677428,2346.315707677428
6186,3091.3992885916,0.0,0.0,0.0,0.00042625787380119637,0.0,0.0
6187,3091.8997188199,1.0,0.0,1.4142135623730951,0.0004263156506461186,0.0,3317.2921524924805
6188,3092.4001491824,0.0,0.0,0.0,0.00042637343511504276,0.0,0.0
6189,3092.9005796791,0.0,0.0,0.0,0.0004264312272038999,0.0,0.0
6190,3093.40101031,1.0,1.0,1.0,0.00042648902690869554,2344.7262107732586,2344.7262107732586
6191,3093.9014410751,2.0,2.0,1.4142135623730951,0.0004265468342252975,4688.816888378596,3315.4942175145125
6192,3094.4018719744,0.0,0.0,0.0,0.00042660464914970656,0.0,0.0
6193,3094.9023030078997,0.0,0.0,0.0,0.0004266624716778774,0.0,0.0
6194,3095.4027341756,0.0,0.0,0.0,0.0004267203018057648,0.0,0.0
6195,3095.9031654775,0.0,-1.0,1.0,0.000426778139529301,-2343.13782121763,2343.13782121763
6196,3096.4035969136003,0.0,0.0,0.0,0.00042683598484446485,0.0,0.0
6197,3096.9040284839,0.0,0.0,0.0,0.00042689383774724025,0.0,0.0
6198,3097.4044601883998,0.0,0.0,0.0,0.0004269516982335609,0.0,0.0
6199,3097.9048920271,0.0,0.0,0.0,0.00042700956629941123,0.0,0.0
6200,3098.405324,1.0,0.0,1.4142135623730951,0.00042706744194073075,0.0,3311.4525329921134
6201,3098.9057561071,0.0,0.0,0.0,0.00042712532515355684,0.0,0.0
6202,3099.4061883483996,0.0,0.0,0.0,0.00042718321593378326,0.0,0.0
6203,3099.9066207239,0.0,-1.0,1.0,0.000427241114277459,-2340.5987078073667,2340.5987078073667
6204,3100.4070532336,0.0,0.0,0.0,0.00042729902018050165,0.0,0.0
6205,3100.9074858775,0.0,0.0,0.0,0.0004273569336389264,0.0,0.0
6206,3101.4079186556,0.0,0.0,0.0,0.00042741485464871994,0.0,0.0
6207,3101.9083515679,1.0,1.0,1.0,0.00042747278320584054,2339.3302200446083,2339.3302200446083
6208,3102.4087846144,0.0,0.0,0.0,0.00042753071930629315,0.0,0.0
6209,3102.9092177951,1.0,1.0,1.0,0.000427588662946065,2338.6962439790823,2338.6962439790823
6210,3103.40965111,0.0,0.0,0.0,0.00042764661412114386,0.0,0.0
6211,3103.9100845590997,1.0,1.0,1.0,0.00042770457282753497,2338.0624466767954,2338.0624466767954
6212,3104.4105181423997,1.0,1.0,1.0,0.00042776253906122707,2337.7456151130305,2337.7456151130305
6213,3104.9109518599,0.0,-1.0,1.0,0.0004278205128182195,-2337.428828301412,2337.428828301412
6214,3105.4113857116,0.0,0.0,0.0,0.0004278784940944907,0.0,0.0
6215,3105.9118196975,0.0,0.0,0.0,0.0004279364828860973,0.0,0.0
6216,3106.4122538176,0.0,0.0,0.0,0.0004279944791889782,0.0,0.0
6217,3106.9126880719,0.0,0.0,0.0,0.0004280524829991968,0.0,0.0
6218,3107.4131224604,0.0,0.0,0.0,0.0004281104943126973,0.0,0.0
6219,3107.9135569831,0.0,0.0,0.0,0.0004281685131255674,0.0,0.0
6220,3108.41399164,0.0,0.0,0.0,0.00042822653943376895,0.0,0.0
6221,3108.9144264311,0.0,0.0,0.0,0.00042828457323334373,0.0,0.0
6222,3109.4148613564,0.0,0.0,0.0,0.0004283426145202718,0.0,0.0
6223,3109.9152964159002,1.0,1.0,1.0,0.0004284006632906526,2334.2634260151467,2334.2634260151467
6224,3110.4157316096002,0.0,0.0,0.0,0.0004284587195404092,0.0,0.0
6225,3110.9161669375,1.0,0.0,1.4142135623730951,0.0004285167832656191,0.0,3300.2524465803367
6226,3111.4166023996,1.0,0.0,1.4142135623730951,0.00042857485446231463,0.0,3299.8052677340397
6227,3111.9170379959,0.0,-1.0,1.0,0.00042863293312649873,-2332.9985232489794,2332.9985232489794
6228,3112.4174737264,1.0,1.0,1.0,0.0004286910192542216,2332.6824101416078,2332.6824101416078
6229,3112.9179095911,0.0,0.0,0.0,0.0004287491128414991,0.0,0.0
6230,3113.4183455899997,0.0,0.0,0.0,0.0004288072138843867,0.0,0.0
6231,3113.9187817231,1.0,1.0,1.0,0.00042886532237890103,2331.7343413382896,2331.7343413382896
6232,3114.4192179904,1.0,1.0,1.0,0.00042892343832111,2331.418408642333,2331.418408642333
6233,3114.9196543919,0.0,0.0,0.0,0.0004289815617070411,0.0,0.0
6234,3115.4200909275996,0.0,-1.0,1.0,0.00042903969253271166,-2330.7866787261323,2330.7866787261323
6235,3115.9205275975,1.0,1.0,1.0,0.0004290978307942079,2330.4708815449417,2330.4708815449417
6236,3116.4209644016,0.0,0.0,0.0,0.00042915597648755826,0.0,0.0
6237,3116.9214013399,0.0,0.0,0.0,0.00042921412960880326,0.0,0.0
6238,3117.4218384123997,0.0,0.0,0.0,0.00042927229015403553,0.0,0.0
6239,3117.9222756190998,1.0,1.0,1.0,0.00042933045811926167,2329.208145121199,2329.208145121199
6240,3118.42271296,0.0,0.0,0.0,0.0004293886335005516,0.0,0.0
6241,3118.9231504351,0.0,0.0,0.0,0.00042944681629398753,0.0,0.0
6242,3119.4235880444003,0.0,-1.0,1.0,0.00042950500649561617,-2328.2615682623173,2328.2615682623173
6243,3119.9240257878996,0.0,0.0,0.0,0.00042956320410149725,0.0,0.0
6244,3120.4244636656,0.0,0.0,0.0,0.0004296214091076962,0.0,0.0
6245,3120.9249016775,0.0,-2.0,1.4142135623730951,0.0004296796215102723,-4654.630799036361,3291.3210019183693
6246,3121.4253398236,0.0,0.0,0.0,0.000429737841305309,0.0,0.0
6247,3121.9257781039,0.0,0.0,0.0,0.00042979606848888387,0.0,0.0
6248,3122.4262165184,0.0,0.0,0.0,0.0004298543030570453,0.0,0.0
6249,3122.9266550671,0.0,0.0,0.0,0.00042991254500589476,0.0,0.0
6250,3123.42709375,0.0,0.0,0.0,0.00042997079433149295,0.0,0.0
6251,3123.9275325671,0.0,0.0,0.0,0.0004300290510299529,0.0,0.0
6252,3124.4279715183998,0.0,0.0,0.0,0.00043008731509730757,0.0,0.0
6253,3124.9284106039,1.0,1.0,1.0,0.0004301455865296816,2324.794282019203,2324.794282019203
6254,3125.4288498236,0.0,-1.0,1.0,0.0004302038653231313,-2324.479347132058,2324.479347132058
6255,3125.9292891775,0.0,0.0,0.0,0.000430262151473765,0.0,0.0
6256,3126.4297286656,0.0,0.0,0.0,0.0004303204449776678,0.0,0.0
6257,3126.9301682879,0.0,0.0,0.0,0.0004303787458309428,0.0,0.0
6258,3127.4306080444,0.0,0.0,0.0,0.00043043705402967596,0.0,0.0
6259,3127.9310479351,0.0,-1.0,1.0,0.00043049536956995903,-2322.9053566800135,2322.9053566800135
6260,3128.43148796,0.0,0.0,0.0,0.00043055369244790774,0.0,0.0
6261,3128.9319281190997,0.0,-1.0,1.0,0.00043061202265959656,-2322.276080039945,2322.276080039945
6262,3129.4323684123997,0.0,0.0,0.0,0.0004306703602011642,0.0,0.0
6263,3129.9328088399,0.0,0.0,0.0,0.0004307287050687034,0.0,0.0
6264,3130.4332494016003,1.0,1.0,1.0,0.00043078705725829643,2321.3325079086767,2321.3325079086767
6265,3130.9336900975004,1.0,1.0,1.0,0.00043084541676608227,2321.0180753597924,2321.0180753597924
6266,3131.4341309275997,0.0,0.0,0.0,0.0004309037835881887,0.0,0.0
6267,3131.9345718919,1.0,0.0,1.4142135623730951,0.0004309621577206868,0.0,3281.5260853823474
6268,3132.4350129904,0.0,0.0,0.0,0.0004310205391596997,0.0,0.0
6269,3132.9354542231004,0.0,0.0,0.0,0.0004310789279013787,0.0,0.0
6270,3133.4358955899997,0.0,0.0,0.0,0.00043113732394181825,0.0,0.0
6271,3133.9363370911,0.0,0.0,0.0,0.0004311957272771485,0.0,0.0
6272,3134.4367787264,0.0,-1.0,1.0,0.00043125413790350383,-2318.8183303269707,2318.8183303269707
6273,3134.9372204959,0.0,0.0,0.0,0.0004313125558169974,0.0,0.0
6274,3135.4376623996,0.0,0.0,0.0,0.00043137098101376424,0.0,0.0
6275,3135.9381044375,1.0,1.0,1.0,0.0004314294134899123,2317.876270676158,2317.876270676158
6276,3136.4385466096,0.0,0.0,0.0,0.00043148785324161173,0.0,0.0
6277,3136.9389889159,0.0,0.0,0.0,0.0004315463002649879,0.0,0.0
6278,3137.4394313564003,0.0,-1.0,1.0,0.00043160475455617734,-2316.9346246621126,2316.9346246621126
6279,3137.9398739310996,0.0,-1.0,1.0,0.00043166321611130544,-2316.6208346604813,2316.6208346604813
6280,3138.4403166399998,0.0,0.0,0.0,0.0004317216849265096,0.0,0.0
6281,3138.9407594831,0.0,-1.0,1.0,0.0004317801609979671,-2315.9933927689376,2315.9933927689376
6282,3139.4412024604003,0.0,-2.0,1.4142135623730951,0.0004318386443218103,-4631.359481829007,3274.8656957139056
6283,3139.9416455719,0.0,0.0,0.0,0.0004318971348941767,0.0,0.0
6284,3140.4420888175996,0.0,0.0,0.0,0.0004319556327112159,0.0,0.0
6285,3140.9425321975,0.0,0.0,0.0,0.00043201413776907836,0.0,0.0
6286,3141.4429757116,1.0,1.0,1.0,0.00043207265006394785,2314.4255945198047,2314.4255945198047
6287,3141.9434193599,1.0,1.0,1.0,0.0004321311695919351,2314.112173265141,2314.112173265141
6288,3142.4438631423996,0.0,-1.0,1.0,0.0004321896963492302,-2313.7987981831748,2313.7987981831748
6289,3142.9443070591,0.0,0.0,0.0,0.0004322482303319791,0.0,0.0
6290,3143.4447511099997,0.0,0.0,0.0,0.00043230677153636076,0.0,0.0
6291,3143.9451952951,0.0,0.0,0.0,0.00043236531995853274,0.0,0.0
6292,3144.4456396144,0.0,0.0,0.0,0.0004324238755946406,0.0,0.0
6293,3144.9460840679,0.0,0.0,0.0,0.0004324824384408821,0.0,0.0
6294,3145.4465286556,0.0,0.0,0.0,0.0004325410084934263,0.0,0.0
6295,3145.9469733775,0.0,0.0,0.0,0.000432599585748414,0.0,0.0
6296,3146.4474182336003,0.0,0.0,0.0,0.0004326581702020494,0.0,0.0
6297,3146.9478632238997,0.0,-1.0,1.0,0.00043271676185051956,-2310.98050309742,2310.98050309742
6298,3147.4483083483997,0.0,0.0,0.0,0.00043277536068997777,0.0,0.0
6299,3147.9487536071,0.0,0.0,0.0,0.00043283396671662275,0.0,0.0
6300,3148.449199,0.0,0.0,0.0,0.00043289257992661914,0.0,0.0
6301,3148.9496445271,1.0,0.0,1.4142135623730951,0.00043295120031617315,0.0,3266.4502635408594
6302,3149.4500901884,0.0,0.0,0.0,0.000433009827881432,0.0,0.0
6303,3149.9505359839,0.0,0.0,0.0,0.0004330684626186422,0.0,0.0
6304,3150.4509819136,1.0,1.0,1.0,0.00043312710452396956,2308.7910905484773,2308.7910905484773
6305,3150.9514279775003,0.0,0.0,0.0,0.00043318575359361426,0.0,0.0
6306,3151.4518741755996,0.0,0.0,0.0,0.0004332444098237543,0.0,0.0
6307,3151.9523205079,0.0,0.0,0.0,0.00043330307321060767,0.0,0.0
6308,3152.4527669743998,0.0,0.0,0.0,0.0004333617437503701,0.0,0.0
6309,3152.9532135751,0.0,0.0,0.0,0.00043342042143921437,0.0,0.0
6310,3153.45366031,0.0,0.0,0.0,0.00043347910627338225,0.0,0.0
6311,3153.9541071791,0.0,0.0,0.0,0.0004335377982490813,0.0,0.0
6312,3154.4545541824,0.0,0.0,0.0,0.00043359649736249647,0.0,0.0
6313,3154.9550013199,0.0,0.0,0.0,0.00043365520360982455,0.0,0.0
6314,3155.4554485916,0.0,0.0,0.0,0.0004337139169873023,0.0,0.0
6315,3155.9558959974997,0.0,0.0,0.0,0.0004337726374911559,0.0,0.0
6316,3156.4563435376,0.0,0.0,0.0,0.000433831365117565,0.0,0.0
6317,3156.9567912119,0.0,0.0,0.0,0.0004338900998627908,0.0,0.0
6318,3157.4572390204003,0.0,-1.0,1.0,0.00043394884172301933,-2304.419101637514,2304.419101637514
6319,3157.9576869631,0.0,0.0,0.0,0.0004340075906945061,0.0,0.0
6320,3158.45813504,0.0,0.0,0.0,0.0004340663467734148,0.0,0.0
6321,3158.9585832510998,1.0,1.0,1.0,0.0004341251099560648,2303.4834361486346,2303.4834361486346
6322,3159.4590315964,0.0,0.0,0.0,0.0004341838802385914,0.0,0.0
6323,3159.9594800759,0.0,0.0,0.0,0.0004342426576172795,0.0,0.0
6324,3160.4599286896,0.0,0.0,0.0,0.00043430144208836315,0.0,0.0
6325,3160.9603774375,0.0,-1.0,1.0,0.00043436023364804715,-2302.2365367136226,2302.2365367136226
6326,3161.4608263196,0.0,0.0,0.0,0.00043441903229257705,0.0,0.0
6327,3161.9612753359,0.0,0.0,0.0,0.00043447783801818735,0.0,0.0
6328,3162.4617244864003,0.0,0.0,0.0,0.0004345366508211703,0.0,0.0
6329,3162.9621737711,0.0,0.0,0.0,0.0004345954706977027,0.0,0.0
6330,3163.4626231899997,0.0,0.0,0.0,0.000434654297644054,0.0,0.0
6331,3163.9630727431,0.0,0.0,0.0,0.0004347131316564543,0.0,0.0
6332,3164.4635224304,0.0,0.0,0.0,0.0004347719727312131,0.0,0.0
6333,3164.9639722519,0.0,0.0,0.0,0.00043483082086450314,0.0,0.0
6334,3165.4644222076,1.0,1.0,1.0,0.0004348896760526118,2299.433753122764,2299.433753122764
6335,3165.9648722975,1.0,1.0,1.0,0.0004349485382918157,2299.122567298019,2299.122567298019
6336,3166.4653225216002,1.0,1.0,1.0,0.00043500740757833415,2298.8114284465937,2298.8114284465937
6337,3166.9657728799,1.0,1.0,1.0,0.0004350662839084434,2298.500336584213,2298.500336584213
6338,3167.4662233724,0.0,0.0,0.0,0.0004351251672784095,0.0,0.0
6339,3167.9666739991,0.0,0.0,0.0,0.0004351840576844863,0.0,0.0
6340,3168.46712476,2.0,1.0,1.7320508075688774,0.0004352429551229571,2297.5673430888683,3979.503372040954
6341,3168.9675756551,0.0,0.0,0.0,0.00043530185959003075,0.0,0.0
6342,3169.4680266844002,0.0,0.0,0.0,0.0004353607710820658,0.0,0.0
6343,3169.9684778479,0.0,0.0,0.0,0.0004354196895952595,0.0,0.0
6344,3170.4689291455998,0.0,0.0,0.0,0.00043547861512593076,0.0,0.0
6345,3170.9693805775,0.0,0.0,0.0,0.0004355375476703181,0.0,0.0
6346,3171.4698321436003,0.0,0.0,0.0,0.00043559648722474016,0.0,0.0
6347,3171.9702838439,0.0,0.0,0.0,0.0004356554337854418,0.0,0.0
6348,3172.4707356783997,0.0,-1.0,1.0,0.00043571438734869644,-2295.081431864019,2295.081431864019
6349,3172.9711876471,0.0,-1.0,1.0,0.00043577334791082957,-2294.770905091299,2294.770905091299
6350,3173.47163975,0.0,0.0,0.0,0.00043583231546809786,0.0,0.0
6351,3173.9720919871,0.0,0.0,0.0,0.00043589129001678114,0.0,0.0
6352,3174.4725443584,0.0,0.0,0.0,0.00043595027155317724,0.0,0.0
6353,3174.9729968639,0.0,0.0,0.0,0.00043600926007359445,0.0,0.0
6354,3175.4734495036,2.0,2.0,1.4142135623730951,0.00043606825557432024,4586.437958814305,3243.1013821689826
6355,3175.9739022775,1.0,1.0,1.0,0.0004361272580516233,2292.9087360130848,2292.9087360130848
6356,3176.4743551856,0.0,0.0,0.0,0.0004361862675018189,0.0,0.0
6357,3176.9748082278998,0.0,0.0,0.0,0.00043624528392121757,0.0,0.0
6358,3177.4752614044,1.0,1.0,1.0,0.00043630430730610617,2291.978289589544,2291.978289589544
6359,3177.9757147151,0.0,0.0,0.0,0.000436363337652784,0.0,0.0
6360,3178.4761681600003,0.0,0.0,0.0,0.00043642237495756717,0.0,0.0
6361,3178.9766217390998,1.0,1.0,1.0,0.00043648141921678396,2291.0482691207926,2291.0482691207926
6362,3179.4770754523997,0.0,0.0,0.0,0.0004365404704266822,0.0,0.0
6363,3179.9775292999,0.0,0.0,0.0,0.0004365995285836307,0.0,0.0
6364,3180.4779832816002,0.0,0.0,0.0,0.0004366585936839295,0.0,0.0
6365,3180.9784373975,0.0,0.0,0.0,0.00043671766572385586,0.0,0.0
6366,3181.4788916476,0.0,0.0,0.0,0.000436776744699768,0.0,0.0
6367,3181.9793460319,0.0,0.0,0.0,0.0004368358306079777,0.0,0.0
6368,3182.4798005504,0.0,0.0,0.0,0.00043689492344480327,0.0,0.0
6369,3182.9802552031,0.0,0.0,0.0,0.0004369540232065461,0.0,0.0
6370,3183.48070999,0.0,0.0,0.0,0.00043701312988955315,0.0,0.0
6371,3183.9811649110998,0.0,0.0,0.0,0.0004370722434901667,0.0,0.0
6372,3184.4816199664,0.0,0.0,0.0,0.00043713136400468804,0.0,0.0
6373,3184.9820751559,0.0,0.0,0.0,0.00043719049142947703,0.0,0.0
6374,3185.4825304796,1.0,1.0,1.0,0.0004372496257608127,2287.023112392615,2287.023112392615
6375,3185.9829859375,1.0,1.0,1.0,0.000437308766995084,2286.7138174964634,2286.7138174964634
6376,3186.4834415296,0.0,0.0,0.0,0.0004373679151286049,0.0,0.0
6377,3186.9838972559,0.0,0.0,0.0,0.0004374270701577184,0.0,0.0
6378,3187.4843531164,0.0,0.0,0.0,0.00043748623207876805,0.0,0.0
6379,3187.9848091111,1.0,1.0,1.0,0.0004375454008880914,2285.4771138498713,2285.4771138498713
6380,3188.48526524,1.0,1.0,1.0,0.00043760457658202694,2285.16805699484,2285.16805699484
6381,3188.9857215031,0.0,0.0,0.0,0.0004376637591569068,0.0,0.0
6382,3189.4861779004,0.0,0.0,0.0,0.0004377229486091498,0.0,0.0
6383,3189.9866344319,0.0,0.0,0.0,0.00043778214493503175,0.0,0.0
6384,3190.4870910975997,0.0,0.0,0.0,0.0004378413481309316,0.0,0.0
6385,3190.9875478975,0.0,0.0,0.0,0.0004379005581932112,0.0,0.0
6386,3191.4880048316,0.0,0.0,0.0,0.0004379597751182217,0.0,0.0
6387,3191.9884618999004,1.0,1.0,1.0,0.00043801899890230243,2283.0059940460346,2283.0059940460346
6388,3192.4889191024,1.0,1.0,1.0,0.0004380782295418508,2282.6973188003794,2282.6973188003794
6389,3192.9893764391,0.0,0.0,0.0,0.0004381374670331953,0.0,0.0
6390,3193.48983391,0.0,0.0,0.0,0.0004381967113727164,0.0,0.0
6391,3193.9902915151,0.0,-2.0,1.4142135623730951,0.0004382559625567825,-4563.543159417644,3226.912314261698
6392,3194.4907492544,0.0,0.0,0.0,0.0004383152205817466,0.0,0.0
6393,3194.9912071279,0.0,0.0,0.0,0.0004383744854440123,0.0,0.0
6394,3195.4916651355998,0.0,0.0,0.0,0.0004384337571398979,0.0,0.0
6395,3195.9921232775,0.0,0.0,0.0,0.0004384930356658362,0.0,0.0
6396,3196.4925815536003,0.0,0.0,0.0,0.0004385523210181574,0.0,0.0
6397,3196.9930399638997,0.0,0.0,0.0,0.0004386116131932611,0.0,0.0
6398,3197.4934985084,1.0,0.0,1.4142135623730951,0.00043867091218752284,0.0,3223.8598983480074
6399,3197.9939571871,0.0,0.0,0.0,0.00043873021799731965,0.0,0.0
6400,3198.494416,0.0,0.0,0.0,0.00043878953061905133,0.0,0.0
6401,3198.9948749470996,0.0,0.0,0.0,0.0004388488500490777,0.0,0.0
6402,3199.4953340284,0.0,0.0,0.0,0.0004389081762838158,0.0,0.0
6403,3199.9957932439,0.0,0.0,0.0,0.0004389675093196262,0.0,0.0
6404,3200.4962525936,0.0,0.0,0.0,0.0004390268491529325,0.0,0.0
6405,3200.9967120775,0.0,0.0,0.0,0.0004390861957800779,0.0,0.0
6406,3201.4971716955997,0.0,0.0,0.0,0.0004391455491975384,0.0,0.0
6407,3201.9976314479,0.0,0.0,0.0,0.0004392049094016234,0.0,0.0
6408,3202.4980913344,0.0,-1.0,1.0,0.00043926427638876244,-2276.5338629881417,2276.5338629881417
6409,3202.9985513551,0.0,0.0,0.0,0.0004393236501554153,0.0,0.0
6410,3203.4990115100004,1.0,-1.0,1.7320508075688774,0.0004393830306978747,-2275.918572484909,3942.0066014334934
6411,3203.9994717991,0.0,0.0,0.0,0.00043944241801264036,0.0,0.0
6412,3204.4999322224,0.0,0.0,0.0,0.0004395018120960857,0.0,0.0
6413,3205.0003927799,0.0,-1.0,1.0,0.0004395612129446131,-2274.9959972605793,2274.9959972605793
6414,3205.5008534716003,0.0,0.0,0.0,0.000439620620554643,0.0,0.0
6415,3206.0013142975,2.0,2.0,1.4142135623730951,0.0004396800349225842,4548.762375239863,3216.460721538334
6416,3206.5017752576,0.0,0.0,0.0,0.0004397394560448506,0.0,0.0
6417,3207.0022363519,0.0,0.0,0.0,0.00043979888391784043,0.0,0.0
6418,3207.5026975804003,2.0,1.0,1.7320508075688774,0.00043985831853799156,2273.45933418701,3937.747075753613
6419,3208.0031589431,0.0,0.0,0.0,0.0004399177599017539,0.0,0.0
6420,3208.50362044,0.0,0.0,0.0,0.00043997720800550836,0.0,0.0
6421,3209.0040820711,1.0,1.0,1.0,0.0004400366628456705,2272.5379143026535,2272.5379143026535
6422,3209.5045438364,0.0,0.0,0.0,0.0004400961244186965,0.0,0.0
6423,3210.0050057359003,0.0,-1.0,1.0,0.00044015559272100256,-2271.923875414349,2271.923875414349
6424,3210.5054677696,1.0,0.0,1.4142135623730951,0.0004402150677490284,0.0,3212.551468545721
6425,3211.0059299375,0.0,0.0,0.0,0.0004402745494991955,0.0,0.0
6426,3211.5063922396,0.0,0.0,0.0,0.00044033403796790954,0.0,0.0
6427,3212.0068546759003,0.0,0.0,0.0,0.00044039353315168504,0.0,0.0
6428,3212.5073172464004,0.0,0.0,0.0,0.00044045303504688195,0.0,0.0
6429,3213.0077799511,0.0,0.0,0.0,0.000440512543649952,0.0,0.0
6430,3213.5082427899997,0.0,0.0,0.0,0.00044057205895739303,0.0,0.0
6431,3214.0087057631,0.0,0.0,0.0,0.0004406315809655827,0.0,0.0
6432,3214.5091688704,0.0,0.0,0.0,0.00044069110967099657,0.0,0.0
6433,3215.0096321119,1.0,1.0,1.0,0.00044075064507007554,2268.8565772626575,2268.8565772626575
6434,3215.5100954875998,1.0,0.0,1.4142135623730951,0.00044081018715927276,0.0,3208.214337075005
6435,3216.0105589975,0.0,0.0,0.0,0.00044086973593502964,0.0,0.0
6436,3216.5110226416,0.0,0.0,0.0,0.00044092929139381127,0.0,0.0
6437,3217.0114864199004,0.0,0.0,0.0,0.0004409888535320534,0.0,0.0
6438,3217.5119503324,0.0,0.0,0.0,0.0004410484223462331,0.0,0.0
6439,3218.0124143791,0.0,0.0,0.0,0.0004411079978327985,0.0,0.0
6440,3218.51287856,0.0,0.0,0.0,0.0004411675799882094,0.0,0.0
6441,3219.0133428751,0.0,0.0,0.0,0.0004412271688089258,0.0,0.0
6442,3219.5138073243997,0.0,0.0,0.0,0.0004412867642914193,0.0,0.0
6443,3220.0142719079,1.0,1.0,1.0,0.00044134636643217937,2265.79411559213,2265.79411559213
6444,3220.5147366256,0.0,0.0,0.0,0.0004414059752276035,0.0,0.0
6445,3221.0152014775,2.0,2.0,1.4142135623730951,0.00044146559067422697,4530.364409478678,3203.4513951885624
6446,3221.5156664636,1.0,-1.0,1.7320508075688774,0.0004415252127685113,-2264.8763220783344,3922.880862699408
6447,3222.0161315839,1.0,1.0,1.0,0.0004415848415069061,2264.570487944072,2264.570487944072
6448,3222.5165968384,0.0,0.0,0.0,0.0004416444768859011,0.0,0.0
6449,3223.0170622271,0.0,0.0,0.0,0.0004417041189019534,0.0,0.0
6450,3223.51752775,0.0,0.0,0.0,0.00044176376755159825,0.0,0.0
6451,3224.0179934070998,0.0,0.0,0.0,0.0004418234228312584,0.0,0.0
6452,3224.5184591984,2.0,1.0,1.7320508075688774,0.00044188308473742455,2263.0420455995036,3919.7038026429445
6453,3225.0189251239,0.0,0.0,0.0,0.00044194275326661674,0.0,0.0
6454,3225.5193911836,0.0,0.0,0.0,0.0004420024284152748,0.0,0.0
6455,3226.0198573775,0.0,0.0,0.0,0.0004420621101799477,0.0,0.0
6456,3226.5203237056,1.0,1.0,1.0,0.00044212179855704706,2261.8201664421435,2261.8201664421435
6457,3227.0207901679,0.0,-1.0,1.0,0.000442181493543145,-2261.514818241544,2261.514818241544
6458,3227.5212567644,0.0,-2.0,1.4142135623730951,0.00044224119513467666,-4522.419037400927,3197.8331687133345
6459,3228.0217234951,0.0,0.0,0.0,0.0004423009033281629,0.0,0.0
6460,3228.52219036,0.0,-1.0,1.0,0.00044236061812009085,-2260.599065644046,2260.599065644046
6461,3229.0226573591,0.0,-1.0,1.0,0.00044242033950697636,-2260.2939121523623,2260.2939121523623
6462,3229.5231244924,0.0,0.0,0.0,0.00044248006748528947,0.0,0.0
6463,3230.0235917599002,0.0,0.0,0.0,0.0004425398020515978,0.0,0.0
6464,3230.5240591616002,0.0,0.0,0.0,0.0004425995432023379,0.0,0.0
6465,3231.0245266975,1.0,1.0,1.0,0.000442659290934049,2259.073785370944,2259.073785370944
6466,3231.5249943676,0.0,0.0,0.0,0.0004427190452432251,0.0,0.0
6467,3232.0254621719,0.0,0.0,0.0,0.0004427788061264119,0.0,0.0
6468,3232.5259301104,0.0,0.0,0.0,0.0004428385735800923,0.0,0.0
6469,3233.0263981831,0.0,0.0,0.0,0.00044289834760077786,0.0,0.0
6470,3233.5268663899997,1.0,1.0,1.0,0.00044295812818498056,2257.5497239377833,2257.5497239377833
6471,3234.0273347311,0.0,-1.0,1.0,0.00044301791532926424,-2257.245058039628,2257.245058039628
6472,3234.5278032064,0.0,0.0,0.0,0.0004430777090300721,0.0,0.0
6473,3235.0282718159,1.0,1.0,1.0,0.00044313750928400854,2256.63587272432,2256.63587272432
6474,3235.5287405596,1.0,1.0,1.0,0.0004431973160875348,2256.3313533299747,2256.3313533299747
6475,3236.0292094375,0.0,0.0,0.0,0.0004432571294372322,0.0,0.0
6476,3236.5296784496,0.0,0.0,0.0,0.0004433169493295571,0.0,0.0
6477,3237.0301475959,0.0,-1.0,1.0,0.0004433767757611085,-2255.41808833668,2255.41808833668
6478,3237.5306168763996,0.0,0.0,0.0,0.0004434366087283714,0.0,0.0
6479,3238.0310862910997,1.0,1.0,1.0,0.0004434964482279222,2254.80948944619,2254.80948944619
6480,3238.53155584,0.0,-1.0,1.0,0.0004435562942562351,-2254.50526336645,2254.50526336645
6481,3239.0320255231,0.0,0.0,0.0,0.00044361614680990443,0.0,0.0
6482,3239.5324953404,1.0,1.0,1.0,0.00044367600588543276,2253.8969579937634,2253.8969579937634
6483,3240.0329652919,0.0,0.0,0.0,0.000443735871479381,0.0,0.0
6484,3240.5334353775997,0.0,0.0,0.0,0.0004437957435882692,0.0,0.0
6485,3241.0339055975,0.0,0.0,0.0,0.00044385562220866404,0.0,0.0
6486,3241.5343759516,0.0,0.0,0.0,0.0004439155073371035,0.0,0.0
6487,3242.0348464399003,1.0,1.0,1.0,0.0004439753989701431,2252.3770513402906,2252.3770513402906
6488,3242.5353170624,1.0,1.0,1.0,0.0004440352971043269,2252.0732169745693,2252.0732169745693
6489,3243.0357878191,0.0,-1.0,1.0,0.00044409520173618834,-2251.7694316230036,2251.7694316230036
6490,3243.53625871,1.0,1.0,1.0,0.0004441551128623171,2251.4656952963824,2251.4656952963824
6491,3244.0367297351,2.0,2.0,1.4142135623730951,0.00044421503047921884,4502.324016011798,3183.6238428209926
6492,3244.5372008943996,0.0,-1.0,1.0,0.00044427495458349464,-2250.8583697622444,2250.8583697622444
6493,3245.0376721878997,0.0,0.0,0.0,0.00044433488517168514,0.0,0.0
6494,3245.5381436156,0.0,0.0,0.0,0.00044439482224037494,0.0,0.0
6495,3246.0386151775,0.0,0.0,0.0,0.0004444547657860932,0.0,0.0
6496,3246.5390868736004,0.0,0.0,0.0,0.00044451471580538525,0.0,0.0
6497,3247.0395587038997,0.0,-1.0,1.0,0.0004445746722948888,-2249.3409146274857,2249.3409146274857
6498,3247.5400306684,2.0,2.0,1.4142135623730951,0.00044463463525111003,4498.075141785768,3180.619435043358
6499,3248.0405027671,0.0,-1.0,1.0,0.00044469460467065847,-2248.7342762806884,2248.7342762806884
6500,3248.5409750000003,0.0,0.0,0.0,0.0004447545805500749,0.0,0.0
6501,3249.0414473671,0.0,-1.0,1.0,0.00044481456288594047,-2248.1278344666525,2248.1278344666525
6502,3249.5419198684,0.0,0.0,0.0,0.00044487455167484225,0.0,0.0
6503,3250.0423925039,0.0,0.0,0.0,0.0004449345469133562,0.0,0.0
6504,3250.5428652736,0.0,0.0,0.0,0.00044499454859803537,0.0,0.0
6505,3251.0433381775,0.0,0.0,0.0,0.00044505455672549026,0.0,0.0
6506,3251.5438112156,0.0,0.0,0.0,0.00044511457129230327,0.0,0.0
6507,3252.0442843879,0.0,0.0,0.0,0.00044517459229503924,0.0,0.0
6508,3252.5447576944002,0.0,0.0,0.0,0.00044523461973028117,0.0,0.0
6509,3253.0452311351,2.0,2.0,1.4142135623730951,0.00044529465359465756,4491.4080684664095,3175.905102288572
6510,3253.54570471,0.0,0.0,0.0,0.00044535469388469923,0.0,0.0
6511,3254.0461784190998,0.0,0.0,0.0,0.00044541474059706457,0.0,0.0
6512,3254.5466522624,0.0,0.0,0.0,0.0004454747937282852,0.0,0.0
6513,3255.0471262399,1.0,1.0,1.0,0.0004455348532749901,2244.4933155045146,2244.4933155045146
6514,3255.5476003516,1.0,1.0,1.0,0.0004455949192337691,2244.1907589960147,2244.1907589960147
6515,3256.0480745974996,0.0,0.0,0.0,0.00044565499160120016,0.0,0.0
6516,3256.5485489775997,0.0,0.0,0.0,0.00044571507037391927,0.0,0.0
6517,3257.0490234919002,0.0,0.0,0.0,0.00044577515554851605,0.0,0.0
6518,3257.5494981404,0.0,0.0,0.0,0.0004458352471215871,0.0,0.0
6519,3258.0499729230996,0.0,0.0,0.0,0.000445895345089751,0.0,0.0
6520,3258.55044784,1.0,1.0,1.0,0.00044595544944958713,2242.3764553930955,2242.3764553930955
6521,3259.0509228911,0.0,0.0,0.0,0.00044601556019772644,0.0,0.0
6522,3259.5513980764,0.0,0.0,0.0,0.00044607567733080607,0.0,0.0
6523,3260.0518733959,0.0,0.0,0.0,0.0004461358008453995,0.0,0.0
6524,3260.5523488495996,0.0,0.0,0.0,0.00044619593073809833,0.0,0.0
6525,3261.0528244375,0.0,0.0,0.0,0.00044625606700559174,0.0,0.0
6526,3261.5533001596,1.0,1.0,1.0,0.0004463162096444486,2240.563928423383,2240.563928423383
6527,3262.0537760159,1.0,1.0,1.0,0.0004463763586513125,2240.262013475385,2240.262013475385
6528,3262.5542520063996,1.0,1.0,1.0,0.00044643651402279284,2239.960147948259,2239.960147948259
6529,3263.0547281310996,0.0,0.0,0.0,0.0004464966757555105,0.0,0.0
6530,3263.5552043899997,0.0,0.0,0.0,0.0004465568438460926,0.0,0.0
6531,3264.0556807831,0.0,0.0,0.0,0.0004466170182911775,0.0,0.0
6532,3264.5561573104,0.0,0.0,0.0,0.00044667719908738723,0.0,0.0
6533,3265.0566339719,0.0,0.0,0.0,0.00044673738623134904,0.0,0.0
6534,3265.5571107676,0.0,0.0,0.0,0.0004467975797196906,0.0,0.0
6535,3266.0575876975,0.0,0.0,0.0,0.0004468577795490689,0.0,0.0
6536,3266.5580647616002,0.0,0.0,0.0,0.00044691798571610565,0.0,0.0
6537,3267.0585419598997,0.0,0.0,0.0,0.00044697819821744143,0.0,0.0
6538,3267.5590192924,0.0,0.0,0.0,0.0004470384170496872,0.0,0.0
6539,3268.0594967591,0.0,0.0,0.0,0.00044709864220953435,0.0,0.0
6540,3268.55997436,1.0,1.0,1.0,0.00044715887369361807,2236.3416200148467,2236.3416200148467
6541,3269.0604520951,1.0,1.0,1.0,0.0004472191114985612,2236.040397846945,2236.040397846945
6542,3269.5609299643997,0.0,0.0,0.0,0.00044727935562099345,0.0,0.0
6543,3270.0614079679,0.0,0.0,0.0,0.0004473396060575955,0.0,0.0
6544,3270.5618861056,0.0,0.0,0.0,0.00044739986280504303,0.0,0.0
6545,3271.0623643775,0.0,0.0,0.0,0.0004474601258599259,0.0,0.0
6546,3271.5628427835995,1.0,1.0,1.0,0.00044752039521893085,2234.5350305449015,2234.5350305449015
6547,3272.0633213239,0.0,-1.0,1.0,0.0004475806708787291,-2234.2341058578636,2234.2341058578636
6548,3272.5637999984,0.0,0.0,0.0,0.00044764095283595013,0.0,0.0
6549,3273.0642788071,0.0,0.0,0.0,0.0004477012410872426,0.0,0.0
6550,3273.5647577500004,0.0,-1.0,1.0,0.0004477615356293283,-2233.33162951235,2233.33162951235
6551,3274.0652368271,0.0,0.0,0.0,0.00044782183645881,0.0,0.0
6552,3274.5657160384,0.0,0.0,0.0,0.00044788214357238774,0.0,0.0
6553,3275.0661953839,0.0,0.0,0.0,0.0004479424569666865,0.0,0.0
6554,3275.5666748636,0.0,0.0,0.0,0.00044800277663843013,0.0,0.0
6555,3276.0671544774996,0.0,0.0,0.0,0.00044806310258424417,0.0,0.0
6556,3276.5676342255997,0.0,0.0,0.0,0.00044812343480080124,0.0,0.0
6557,3277.0681141079,0.0,0.0,0.0,0.00044818377328480734,0.0,0.0
6558,3277.5685941244,0.0,0.0,0.0,0.0004482441180329122,0.0,0.0
6559,3278.0690742751003,1.0,1.0,1.0,0.00044830446904181186,2230.6268820771747,2230.6268820771747
6560,3278.5695545599997,0.0,0.0,0.0,0.00044836482630816103,0.0,0.0
6561,3279.0700349791,0.0,0.0,0.0,0.0004484251898286617,0.0,0.0
6562,3279.5705155324,0.0,0.0,0.0,0.00044848555959998716,0.0,0.0
6563,3280.0709962199003,0.0,-1.0,1.0,0.00044854593561881084,-2229.4260645131185,2229.4260645131185
6564,3280.5714770416002,1.0,0.0,1.4142135623730951,0.00044860631788183484,0.0,3152.4601995141898
6565,3281.0719579975,1.0,1.0,1.0,0.0004486667063857498,2228.8259542490564,2228.8259542490564
6566,3281.5724390876,1.0,1.0,1.0,0.00044872710112721294,2228.525973777774,2228.525973777774
6567,3282.0729203119,0.0,-1.0,1.0,0.0004487875021029551,-2228.2260430919773,2228.2260430919773
6568,3282.5734016704,0.0,0.0,0.0,0.00044884790930964515,0.0,0.0
6569,3283.0738831630997,0.0,-1.0,1.0,0.000448908322743975,-2227.6263311124394,2227.6263311124394
6570,3283.57436479,0.0,0.0,0.0,0.00044896874240267054,0.0,0.0
6571,3284.0748465511,0.0,0.0,0.0,0.0004490291682823896,0.0,0.0
6572,3284.5753284464,1.0,1.0,1.0,0.0004490896003798356,2226.727136754469,2226.727136754469
6573,3285.0758104759,1.0,1.0,1.0,0.00044915003869175867,2226.4275049662792,2226.4275049662792
6574,3285.5762926395996,0.0,0.0,0.0,0.00044921048321483367,0.0,0.0
6575,3286.0767749375,1.0,1.0,1.0,0.00044927093394572543,2225.8283909388315,2225.8283909388315
6576,3286.5772573696,0.0,0.0,0.0,0.0004493313908812065,0.0,0.0
6577,3287.0777399359004,1.0,1.0,1.0,0.0004493918540179074,2225.229476367304,2225.229476367304
6578,3287.5782226364,1.0,1.0,1.0,0.00044945232335263,2224.930093898798,2224.930093898798
6579,3288.0787054711,1.0,0.0,1.4142135623730951,0.00044951279888203393,0.0,3146.102993931055
6580,3288.57918844,0.0,-1.0,1.0,0.00044957328060282384,-2224.3314786393,2224.3314786393
6581,3289.0796715431,0.0,0.0,0.0,0.00044963376851173413,0.0,0.0
6582,3289.5801547804003,0.0,0.0,0.0,0.0004496942626055045,0.0,0.0
6583,3290.0806381518996,0.0,0.0,0.0,0.0004497547628808122,0.0,0.0
6584,3290.5811216576,0.0,-1.0,1.0,0.0004498152693343629,-2223.134847066888,2223.134847066888
6585,3291.0816052975,0.0,0.0,0.0,0.000449875781962937,0.0,0.0
6586,3291.5820890716,0.0,0.0,0.0,0.00044993630076323567,0.0,0.0
6587,3292.0825729799,1.0,0.0,1.4142135623730951,0.00044999682573196504,0.0,3142.718973789948
6588,3292.5830570223998,0.0,0.0,0.0,0.0004500573568658775,0.0,0.0
6589,3293.0835411991,0.0,0.0,0.0,0.0004501178941616572,0.0,0.0
6590,3293.58402551,1.0,1.0,1.0,0.0004501784376161081,2221.3413980808095,2221.3413980808095
6591,3294.0845099551,0.0,0.0,0.0,0.00045023898722590356,0.0,0.0
6592,3294.5849945344,0.0,0.0,0.0,0.00045029954298780194,0.0,0.0
6593,3295.0854792479,0.0,0.0,0.0,0.0004503601048985514,0.0,0.0
6594,3295.5859640956,0.0,0.0,0.0,0.0004504206729548651,0.0,0.0
6595,3296.0864490775,0.0,0.0,0.0,0.00045048124715347414,0.0,0.0
6596,3296.5869341936,1.0,1.0,1.0,0.0004505418274911383,2219.5497487293096,2219.5497487293096
6597,3297.0874194438998,0.0,0.0,0.0,0.0004506024139645882,0.0,0.0
6598,3297.5879048284,0.0,0.0,0.0,0.00045066300657057857,0.0,0.0
6599,3298.0883903471,1.0,1.0,1.0,0.0004507236053058868,2218.6545994664357,2218.6545994664357
6600,3298.5888760000003,0.0,0.0,0.0,0.0004507842101672042,0.0,0.0
6601,3299.0893617870997,0.0,0.0,0.0,0.00045084482115130895,0.0,0.0
6602,3299.5898477083997,0.0,0.0,0.0,0.0004509054382549387,0.0,0.0
6603,3300.0903337639,0.0,0.0,0.0,0.0004509660614748547,0.0,0.0
6604,3300.5908199536,0.0,0.0,0.0,0.0004510266908078346,0.0,0.0
6605,3301.0913062775,0.0,0.0,0.0,0.00045108732625057725,0.0,0.0
6606,3301.5917927356,0.0,0.0,0.0,0.00045114796779990716,0.0,0.0
6607,3302.0922793279,0.0,0.0,0.0,0.00045120861545254524,0.0,0.0
6608,3302.5927660544003,1.0,1.0,1.0,0.00045126926920525956,2215.9718559190223,2215.9718559190223
6609,3303.0932529151,1.0,1.0,1.0,0.00045132992905482953,2215.674023865844,2215.674023865844
6610,3303.59373991,0.0,0.0,0.0,0.00045139059499798266,0.0,0.0
6611,3304.0942270391,1.0,0.0,1.4142135623730951,0.0004514512670315041,0.0,3132.594070833354
6612,3304.5947143024,0.0,-1.0,1.0,0.0004515119451521797,-2214.7808285846245,2214.7808285846245
6613,3305.0952016999,0.0,-1.0,1.0,0.000451572629356755,-2214.483197142518,2214.483197142518
6614,3305.5956892316,0.0,0.0,0.0,0.000451633319642027,0.0,0.0
6615,3306.0961768975,1.0,1.0,1.0,0.0004516940160047586,2213.888084781413,2213.888084781413
6616,3306.5966646976,0.0,0.0,0.0,0.00045175471844169097,0.0,0.0
6617,3307.0971526319,0.0,0.0,0.0,0.00045181542694966144,0.0,0.0
6618,3307.5976407004,0.0,0.0,0.0,0.0004518761415254108,0.0,0.0
6619,3308.0981289030997,1.0,1.0,1.0,0.0004519368621657258,2212.6984623646363,2212.6984623646363
6620,3308.59861724,1.0,1.0,1.0,0.0004519975888673707,2212.4011822846896,2212.4011822846896
6621,3309.0991057111,0.0,0.0,0.0,0.00045205832162717235,0.0,0.0
6622,3309.5995943164003,0.0,-1.0,1.0,0.0004521190604418604,-2211.8067728060173,2211.8067728060173
6623,3310.1000830558996,0.0,0.0,0.0,0.0004521798053082864,0.0,0.0
6624,3310.6005719296,0.0,0.0,0.0,0.0004522405562231969,0.0,0.0
6625,3311.1010609375,0.0,0.0,0.0,0.00045230131318339166,0.0,0.0
6626,3311.6015500796,0.0,0.0,0.0,0.0004523620761856239,0.0,0.0
6627,3312.1020393559,0.0,0.0,0.0,0.00045242284522677357,0.0,0.0
6628,3312.6025287663997,0.0,-1.0,1.0,0.0004524836203035604,-2210.024750352563,2210.024750352563
6629,3313.1030183110997,0.0,0.0,0.0,0.0004525444014128014,0.0,0.0
6630,3313.60350799,0.0,0.0,0.0,0.00045260518855131987,0.0,0.0
6631,3314.1039978031,0.0,0.0,0.0,0.00045266598171589883,0.0,0.0
6632,3314.6044877503996,0.0,-2.0,1.4142135623730951,0.00045272678090332115,-4417.675481908582,3123.7682903391074
6633,3315.1049778318998,0.0,-1.0,1.0,0.00045278758611040507,-2208.541114367402,2208.541114367402
6634,3315.6054680476,1.0,0.0,1.4142135623730951,0.00045284839733397453,0.0,3122.9293748170567
6635,3316.1059583975,0.0,-2.0,1.4142135623730951,0.00045290921457080176,-4415.896024317577,3122.5100238096743
6636,3316.6064488816,0.0,-1.0,1.0,0.0004529700378177334,-2207.651536551257,2207.651536551257
6637,3317.1069394999,0.0,0.0,0.0,0.0004530308670715657,0.0,0.0
6638,3317.6074302524,0.0,0.0,0.0,0.0004530917023291054,0.0,0.0
6639,3318.1079211391,0.0,0.0,0.0,0.00045315254358716043,0.0,0.0
6640,3318.60841216,0.0,0.0,0.0,0.00045321339084254377,0.0,0.0
6641,3319.1089033150997,1.0,0.0,1.4142135623730951,0.00045327424409209775,0.0,3119.9954129442012
6642,3319.6093946043998,1.0,0.0,1.4142135623730951,0.0004533351033326074,0.0,3119.5765604224584
6643,3320.1098860279,0.0,0.0,0.0,0.0004533959685609268,0.0,0.0
6644,3320.6103775856,0.0,0.0,0.0,0.00045345683977384733,0.0,0.0
6645,3321.1108692775,0.0,0.0,0.0,0.00045351771696819967,0.0,0.0
6646,3321.6113611036,0.0,0.0,0.0,0.0004535786001408274,0.0,0.0
6647,3322.1118530639,0.0,0.0,0.0,0.0004536394892885624,0.0,0.0
6648,3322.6123451584,0.0,0.0,0.0,0.0004537003844082016,0.0,0.0
6649,3323.1128373871,0.0,0.0,0.0,0.0004537612854965836,0.0,0.0
6650,3323.61332975,0.0,0.0,0.0,0.0004538221925505631,0.0,0.0
6651,3324.1138222471,0.0,-1.0,1.0,0.00045388310556692714,-2203.210447216228,2203.210447216228
6652,3324.6143148784,0.0,-1.0,1.0,0.0004539440245425936,-2202.914777890572,2202.914777890572
6653,3325.1148076439,0.0,0.0,0.0,0.0004540049494742929,0.0,0.0
6654,3325.6153005436,0.0,-1.0,1.0,0.0004540658803589607,-2202.3235905975853,2202.3235905975853
6655,3326.1157935775,0.0,0.0,0.0,0.0004541268171933959,0.0,0.0
6656,3326.6162867456,0.0,0.0,0.0,0.00045418775997440333,0.0,0.0
6657,3327.1167800479,0.0,-1.0,1.0,0.0004542487086988854,-2201.4371881525476,2201.4371881525476
6658,3327.6172734844,2.0,2.0,1.4142135623730951,0.0004543096633636692,4402.283643258156,3112.8846168544624
6659,3328.1177670551,0.0,0.0,0.0,0.00045437062396558374,0.0,0.0
6660,3328.61826076,0.0,0.0,0.0,0.0004544315905014968,0.0,0.0
6661,3329.1187545990997,0.0,0.0,0.0,0.0004544925629682772,0.0,0.0
6662,3329.6192485724,0.0,0.0,0.0,0.0004545535413627192,0.0,0.0
6663,3330.1197426799,0.0,0.0,0.0,0.000454614525681709,0.0,0.0
6664,3330.6202369216,0.0,0.0,0.0,0.00045467551592213263,0.0,0.0
6665,3331.1207312975,2.0,2.0,1.4142135623730951,0.00045473651208077353,4398.151340099002,3109.9626372687057
6666,3331.6212258076,1.0,0.0,1.4142135623730951,0.0004547975141545585,0.0,3109.545497411159
6667,3332.1217204519003,0.0,0.0,0.0,0.0004548585221403226,0.0,0.0
6668,3332.6222152304003,0.0,0.0,0.0,0.00045491953603491256,0.0,0.0
6669,3333.1227101431,0.0,-1.0,1.0,0.00045498055583522145,-2197.896123636031,2197.896123636031
6670,3333.62320519,0.0,0.0,0.0,0.0004550415815380964,0.0,0.0
6671,3334.1237003711,2.0,1.0,1.7320508075688774,0.00045510261314038437,2197.3066537667464,3805.8467641331604
6672,3334.6241956864,0.0,0.0,0.0,0.0004551636506389853,0.0,0.0
6673,3335.1246911359,0.0,-1.0,1.0,0.00045522469403076895,-2196.7173861890924,2196.7173861890924
6674,3335.6251867195997,0.0,0.0,0.0,0.0004552857433125778,0.0,0.0
6675,3336.1256824375,0.0,0.0,0.0,0.0004553467984813287,0.0,0.0
6676,3336.6261782896,0.0,0.0,0.0,0.0004554078595338583,0.0,0.0
6677,3337.1266742759003,0.0,0.0,0.0,0.0004554689264670381,0.0,0.0
6678,3337.6271703964,0.0,0.0,0.0,0.000455529999277785,0.0,0.0
6679,3338.1276666511,0.0,0.0,0.0,0.0004555910779629537,0.0,0.0
6680,3338.62816304,0.0,0.0,0.0,0.0004556521625194213,0.0,0.0
6681,3339.1286595631,0.0,0.0,0.0,0.0004557132529440834,0.0,0.0
6682,3339.6291562203996,1.0,1.0,1.0,0.0004557743492338117,2194.0681867706453,2194.0681867706453
6683,3340.1296530119,0.0,0.0,0.0,0.0004558354513854956,0.0,0.0
6684,3340.6301499376,1.0,1.0,1.0,0.00045589655939603065,2193.480032674067,2193.480032674067
6685,3341.1306469975,1.0,0.0,1.4142135623730951,0.0004559576732623123,0.0,3101.6334306967537
6686,3341.6311441916,1.0,0.0,1.4142135623730951,0.000456018792981225,0.0,3101.217722032172
6687,3342.1316415199,0.0,0.0,0.0,0.0004560799185496416,0.0,0.0
6688,3342.6321389823997,1.0,1.0,1.0,0.00045614104996448103,2192.3043323504176,2192.3043323504176
6689,3343.1326365791,1.0,0.0,1.4142135623730951,0.00045620218722261676,0.0,3099.971025967461
6690,3343.63313431,1.0,1.0,1.0,0.00045626333032096746,2191.716786217578,2191.716786217578
6691,3344.1336321750996,0.0,0.0,0.0,0.000456324479256425,0.0,0.0
6692,3344.6341301744,0.0,0.0,0.0,0.0004563856340258968,0.0,0.0
6693,3345.1346283079,0.0,-1.0,1.0,0.00045644679462626865,-2190.8358471851775,2190.8358471851775
6694,3345.6351265756,0.0,0.0,0.0,0.0004565079610544544,0.0,0.0
6695,3346.1356249775004,1.0,1.0,1.0,0.00045656913330734594,2190.2488080087446,2190.2488080087446
6696,3346.6361235135996,0.0,0.0,0.0,0.0004566303113818806,0.0,0.0
6697,3347.1366221839,1.0,1.0,1.0,0.00045669149527493853,2189.6619716948694,2189.6619716948694
6698,3347.6371209884,1.0,1.0,1.0,0.00045675268498345255,2189.3686296255237,2189.3686296255237
6699,3348.1376199271,0.0,0.0,0.0,0.00045681388050431413,0.0,0.0
6700,3348.6381189999997,1.0,1.0,1.0,0.0004568750818344326,2188.7820976903067,2188.7820976903067
6701,3349.1386182070996,0.0,0.0,0.0,0.00045693628897075294,0.0,0.0
6702,3349.6391175484,0.0,0.0,0.0,0.00045699750191015575,0.0,0.0
6703,3350.1396170239,0.0,-1.0,1.0,0.00045705872064958513,-2187.9026803793854,2187.9026803793854
6704,3350.6401166336,0.0,0.0,0.0,0.0004571199451859745,0.0,0.0
6705,3351.1406163775,0.0,0.0,0.0,0.0004571811755161943,0.0,0.0
6706,3351.6411162556,1.0,1.0,1.0,0.00045724241163721776,2187.0237199112084,2187.0237199112084
6707,3352.1416162679,1.0,1.0,1.0,0.0004573036535459443,2186.7308346346554,2186.7308346346554
6708,3352.6421164144,0.0,0.0,0.0,0.000457364901239313,0.0,0.0
6709,3353.1426166950996,0.0,0.0,0.0,0.0004574261547142295,0.0,0.0
6710,3353.64311711,0.0,0.0,0.0,0.0004574874139676451,0.0,0.0
6711,3354.1436176591,0.0,0.0,0.0,0.00045754867899647645,0.0,0.0
6712,3354.6441183424,0.0,-1.0,1.0,0.00045760994979767556,-2185.2671700913256,2185.2671700913256
6713,3355.1446191599002,0.0,0.0,0.0,0.00045767122636815414,0.0,0.0
6714,3355.6451201115997,0.0,0.0,0.0,0.0004577325087048636,0.0,0.0
6715,3356.1456211975,0.0,0.0,0.0,0.00045779379680473337,0.0,0.0
6716,3356.6461224176,0.0,-1.0,1.0,0.0004578550906647101,-2184.0971529839467,2184.0971529839467
6717,3357.1466237719,1.0,0.0,1.4142135623730951,0.0004579163902817231,0.0,3088.36633146726
6718,3357.6471252603997,0.0,-1.0,1.0,0.00045797769565272513,-2183.5124493885373,2183.5124493885373
6719,3358.1476268830997,1.0,1.0,1.0,0.00045803900677464604,2183.2201738486374,2183.2201738486374
6720,3358.64812864,0.0,0.0,0.0,0.00045810032364445533,0.0,0.0
6721,3359.1486305311,0.0,-1.0,1.0,0.0004581616462591012,-2182.635775309914,2182.635775309914
6722,3359.6491325564,0.0,0.0,0.0,0.0004582229746154675,0.0,0.0
6723,3360.1496347159,0.0,0.0,0.0,0.00045828430871058806,0.0,0.0
6724,3360.6501370096,0.0,-1.0,1.0,0.0004583456485413877,-2181.75955893187,2181.75955893187
6725,3361.1506394375,0.0,-1.0,1.0,0.0004584069941047802,-2181.4675885408183,2181.4675885408183
6726,3361.6511419996,0.0,0.0,0.0,0.0004584683453977821,0.0,0.0
6727,3362.1516446959004,0.0,-1.0,1.0,0.0004585297024173021,-2180.8838003909996,2180.8838003909996
6728,3362.6521475264,0.0,-1.0,1.0,0.00045859106516032836,-2180.59198264229,2180.59198264229
6729,3363.1526504911,1.0,1.0,1.0,0.00045865243362379826,2180.3002157843835,2180.3002157843835
6730,3363.65315359,0.0,0.0,0.0,0.0004587138078046719,0.0,0.0
6731,3364.1536568231,2.0,2.0,1.4142135623730951,0.00045877518769994415,4359.433669521102,3082.5851098513263
6732,3364.6541601903996,0.0,0.0,0.0,0.0004588365733065582,0.0,0.0
6733,3365.1546636918997,0.0,0.0,0.0,0.00045889796462148094,0.0,0.0
6734,3365.6551673276,0.0,0.0,0.0,0.00045895936164166713,0.0,0.0
6735,3366.1556710975,0.0,0.0,0.0,0.00045902076436410666,0.0,0.0
6736,3366.6561750016003,0.0,0.0,0.0,0.0004590821727857605,0.0,0.0
6737,3367.1566790398997,0.0,0.0,0.0,0.00045914358690360196,0.0,0.0
6738,3367.6571832124,1.0,1.0,1.0,0.00045920500671458653,2177.676604953783,2177.676604953783
6739,3368.1576875191,0.0,0.0,0.0,0.00045926643221572166,0.0,0.0
6740,3368.6581919600003,0.0,0.0,0.0,0.0004593278634039635,0.0,0.0
6741,3369.1586965351,0.0,0.0,0.0,0.0004593893002763028,0.0,0.0
6742,3369.6592012444,0.0,0.0,0.0,0.0004594507428297134,0.0,0.0
6743,3370.1597060879,0.0,0.0,0.0,0.0004595121910611741,0.0,0.0
6744,3370.6602110656,0.0,0.0,0.0,0.00045957364496768274,0.0,0.0
6745,3371.1607161775,1.0,1.0,1.0,0.00045963510454619555,2175.638871159144,2175.638871159144
6746,3371.6612214235997,0.0,-2.0,1.4142135623730951,0.0004596965697937214,-4350.6959403622595,3076.406602310937
6747,3372.1617268039,1.0,1.0,1.0,0.00045975804070723456,2175.0571201793978,2175.0571201793978
6748,3372.6622323184,1.0,1.0,1.0,0.00045981951728373303,2174.7663211584536,2174.7663211584536
6749,3373.1627379671,2.0,2.0,1.4142135623730951,0.00045988099952022523,4348.951146245478,3075.172846559187
6750,3373.6632437499998,0.0,0.0,0.0,0.00045994248741366907,0.0,0.0
6751,3374.1637496671,0.0,0.0,0.0,0.00046000398096107995,0.0,0.0
6752,3374.6642557184,0.0,0.0,0.0,0.0004600654801594277,0.0,0.0
6753,3375.1647619039,0.0,0.0,0.0,0.0004601269850057666,0.0,0.0
6754,3375.6652682236004,1.0,1.0,1.0,0.0004601884954970393,2173.0225978811627,2173.0225978811627
6755,3376.1657746775,0.0,0.0,0.0,0.0004602500116302551,0.0,0.0
6756,3376.6662812656,0.0,0.0,0.0,0.0004603115334024299,0.0,0.0
6757,3377.1667879879,0.0,-1.0,1.0,0.0004603730608105971,-2172.1514248450167,2172.1514248450167
6758,3377.6672948444,1.0,1.0,1.0,0.0004604345938516702,2171.861135877535,2171.861135877535
6759,3378.1678018351,0.0,0.0,0.0,0.0004604961325227625,0.0,0.0
6760,3378.6683089599996,0.0,0.0,0.0,0.00046055767682082226,0.0,0.0
6761,3379.1688162191,0.0,0.0,0.0,0.0004606192267428488,0.0,0.0
6762,3379.6693236124,0.0,0.0,0.0,0.00046068078228588737,0.0,0.0
6763,3380.1698311399,1.0,1.0,1.0,0.00046074234344693256,2170.410456566118,2170.410456566118
6764,3380.6703388016,0.0,0.0,0.0,0.0004608039102230132,0.0,0.0
6765,3381.1708465975,0.0,-1.0,1.0,0.00046086548261110594,-2169.830542166757,2169.830542166757
6766,3381.6713545276,0.0,0.0,0.0,0.0004609270606082914,0.0,0.0
6767,3382.1718625919,0.0,0.0,0.0,0.000460988644211548,0.0,0.0
6768,3382.6723707904,0.0,0.0,0.0,0.000461050233417898,0.0,0.0
6769,3383.1728791231,0.0,0.0,0.0,0.00046111182822434327,0.0,0.0
6770,3383.67338759,1.0,0.0,1.4142135623730951,0.00046117342862796445,0.0,3066.5547375106094
6771,3384.1738961911,0.0,0.0,0.0,0.00046123503462573414,0.0,0.0
6772,3384.6744049264003,0.0,0.0,0.0,0.0004612966462147166,0.0,0.0
6773,3385.1749137959,0.0,0.0,0.0,0.0004613582633919133,0.0,0.0
6774,3385.6754227996,0.0,0.0,0.0,0.00046141988615434865,0.0,0.0
6775,3386.1759319375,0.0,0.0,0.0,0.00046148151449908176,0.0,0.0
6776,3386.6764412096,3.0,3.0,1.7320508075688772,0.00046154314842312,6499.933993711348,3752.738640984046
6777,3387.1769506159,0.0,0.0,0.0,0.00046160478792352884,0.0,0.0
6778,3387.6774601564,0.0,0.0,0.0,0.0004616664329972989,0.0,0.0
6779,3388.1779698310997,0.0,0.0,0.0,0.0004617280836415124,0.0,0.0
6780,3388.67847964,0.0,-1.0,1.0,0.0004617897398531605,-2165.4876964524574,2165.4876964524574
6781,3389.1789895831002,0.0,0.0,0.0,0.0004618514016293208,0.0,0.0
6782,3389.6794996604,0.0,0.0,0.0,0.00046191306896702414,0.0,0.0
6783,3390.1800098719,0.0,0.0,0.0,0.00046197474186330845,0.0,0.0
6784,3390.6805202176,0.0,0.0,0.0,0.00046203642031523914,0.0,0.0
6785,3391.1810306975003,0.0,0.0,0.0,0.00046209810431984864,0.0,0.0
6786,3391.6815413115996,1.0,1.0,1.0,0.00046215979387416884,2163.753777924411,2163.753777924411
6787,3392.1820520599,0.0,0.0,0.0,0.00046222148897528395,0.0,0.0
6788,3392.6825629423997,0.0,-1.0,1.0,0.0004622831896202028,-2163.1762141763543,2163.1762141763543
6789,3393.1830739591,1.0,1.0,1.0,0.00046234489580602675,2162.8875090243073,2162.8875090243073
6790,3393.68358511,0.0,0.0,0.0,0.00046240660752975454,0.0,0.0
6791,3394.1840963951,0.0,0.0,0.0,0.0004624683247884703,0.0,0.0
6792,3394.6846078144,1.0,1.0,1.0,0.0004625300475792587,2162.021700500746,2162.021700500746
6793,3395.1851193679,2.0,2.0,1.4142135623730951,0.00046259177589912977,4323.466399964943,3057.1524096474013
6794,3395.6856310556,0.0,0.0,0.0,0.00046265350974517987,0.0,0.0
6795,3396.1861428774996,1.0,1.0,1.0,0.00046271524911443095,2161.1563524518656,2161.1563524518656
6796,3396.6866548335997,0.0,0.0,0.0,0.00046277699400399107,0.0,0.0
6797,3397.1871669239,0.0,0.0,0.0,0.0004628387444108772,0.0,0.0
6798,3397.6876791484,1.0,1.0,1.0,0.00046290050033220864,2160.2914649742925,2160.2914649742925
6799,3398.1881915071003,1.0,1.0,1.0,0.0004629622617649971,2160.0032715141847,2160.0032715141847
6800,3398.6887039999997,0.0,0.0,0.0,0.00046302402870639043,0.0,0.0
6801,3399.1892166271,1.0,1.0,1.0,0.0004630858011533608,2159.4270381631254,2159.4270381631254
6802,3399.6897293884,0.0,0.0,0.0,0.00046314757910306836,0.0,0.0
6803,3400.1902422839003,1.0,1.0,1.0,0.00046320936255252496,2158.8510095941906,2158.8510095941906
6804,3400.6907553136,0.0,0.0,0.0,0.00046327115149884,0.0,0.0
6805,3401.1912684774998,0.0,0.0,0.0,0.0004633329459390542,0.0,0.0
6806,3401.6917817756,0.0,-1.0,1.0,0.000463394745870294,-2157.987350767037,2157.987350767037
6807,3402.1922952079,2.0,2.0,1.4142135623730951,0.00046345655128960056,4315.399133823567,3051.447991053198
6808,3402.6928087744,0.0,0.0,0.0,0.0004635183621941008,0.0,0.0
6809,3403.1933224750996,1.0,1.0,1.0,0.0004635801785808078,2157.1241528517758,2157.1241528517758
6810,3403.69383631,0.0,-1.0,1.0,0.00046364200044686575,-2156.8365226536503,2156.8365226536503
6811,3404.1943502791,0.0,0.0,0.0,0.0004637038277893221,0.0,0.0
6812,3404.6948643824003,0.0,0.0,0.0,0.00046376566060531,0.0,0.0
6813,3405.1953786199,0.0,0.0,0.0,0.00046382749889184335,0.0,0.0
6814,3405.6958929916,0.0,0.0,0.0,0.0004638893426460891,0.0,0.0
6815,3406.1964074975,0.0,0.0,0.0,0.0004639511918651078,0.0,0.0
6816,3406.6969221376,1.0,1.0,1.0,0.00046401304654597556,2155.111817315933,2155.111817315933
6817,3407.1974369119002,2.0,2.0,1.4142135623730951,0.0004640749066858209,4309.649091529101,3047.382097154671
6818,3407.6979518204,0.0,0.0,0.0,0.000464136772281732,0.0,0.0
6819,3408.1984668631,0.0,0.0,0.0,0.0004641986433307752,0.0,0.0
6820,3408.69898204,0.0,0.0,0.0,0.0004642605198300671,0.0,0.0
6821,3409.1994973511,0.0,0.0,0.0,0.00046432240177672596,0.0,0.0
6822,3409.7000127964,0.0,0.0,0.0,0.000464384289167812,0.0,0.0
6823,3410.2005283759,0.0,0.0,0.0,0.00046444618200048866,0.0,0.0
6824,3410.7010440896,0.0,0.0,0.0,0.0004645080802718341,0.0,0.0
6825,3411.2015599375,1.0,1.0,1.0,0.0004645699839789319,2152.5282185371443,2152.5282185371443
6826,3411.7020759196002,0.0,-1.0,1.0,0.0004646318931189234,-2152.2414083271897,2152.2414083271897
6827,3412.2025920358997,0.0,0.0,0.0,0.00046469380768890417,0.0,0.0
6828,3412.7031082864,0.0,0.0,0.0,0.0004647557276859582,0.0,0.0
6829,3413.2036246711,0.0,0.0,0.0,0.00046481765310725596,0.0,0.0
6830,3413.70414119,0.0,-1.0,1.0,0.00046487958394987616,-2151.094680268474,2151.094680268474
6831,3414.2046578431,0.0,0.0,0.0,0.0004649415202109151,0.0,0.0
6832,3414.7051746303996,0.0,0.0,0.0,0.00046500346188752613,0.0,0.0
6833,3415.2056915518997,0.0,0.0,0.0,0.0004650654089768172,0.0,0.0
6834,3415.7062086076,2.0,2.0,1.4142135623730951,0.00046512736147588484,4299.897545596644,3040.486712898779
6835,3416.2067257975,0.0,0.0,0.0,0.00046518931938187167,0.0,0.0
6836,3416.7072431215997,0.0,0.0,0.0,0.00046525128269193146,0.0,0.0
6837,3417.2077605799,0.0,0.0,0.0,0.00046531325140312734,0.0,0.0
6838,3417.7082781724,0.0,0.0,0.0,0.00046537522551263653,0.0,0.0
6839,3418.2087958991,1.0,1.0,1.0,0.00046543720501753883,2148.517542688315,2148.517542688315
6840,3418.70931376,0.0,0.0,0.0,0.0004654991899150063,0.0,0.0
6841,3419.2098317551,1.0,0.0,1.4142135623730951,0.00046556118020213134,0.0,3037.653529787621
6842,3419.7103498844,0.0,0.0,0.0,0.0004656231758760911,0.0,0.0
6843,3420.2108681479,0.0,0.0,0.0,0.00046568517693397775,0.0,0.0
6844,3420.7113865456,0.0,0.0,0.0,0.0004657471833729414,0.0,0.0
6845,3421.2119050775,0.0,-1.0,1.0,0.0004658091951901259,-2146.801759874743,2146.801759874743
6846,3421.7124237436,0.0,0.0,0.0,0.0004658712123826466,0.0,0.0
6847,3422.2129425438998,1.0,1.0,1.0,0.000465933234947659,2146.2302428637354,2146.2302428637354
6848,3422.7134614784,0.0,0.0,0.0,0.00046599526288232504,0.0,0.0
6849,3423.2139805471,0.0,0.0,0.0,0.000466057296183738,0.0,0.0
6850,3423.71449975,0.0,0.0,0.0,0.0004661193348490592,0.0,0.0
6851,3424.2150190871,0.0,0.0,0.0,0.0004661813788754569,0.0,0.0
6852,3424.7155385584,1.0,1.0,1.0,0.0004662434282600414,2144.802348704125,2144.802348704125
6853,3425.2160581639,0.0,0.0,0.0,0.0004663054830000036,0.0,0.0
6854,3425.7165779036,1.0,1.0,1.0,0.0004663675430924548,2144.2315504399403,2144.2315504399403
6855,3426.2170977775,0.0,0.0,0.0,0.00046642960853458625,0.0,0.0
6856,3426.7176177856,0.0,0.0,0.0,0.0004664916793234918,0.0,0.0
6857,3427.2181379279,2.0,2.0,1.4142135623730951,0.0004665537554563631,4286.751476351712,3031.1910381897396
6858,3427.7186582044,0.0,-1.0,1.0,0.0004666158369303628,-2143.0905701326183,2143.0905701326183
6859,3428.2191786150997,1.0,1.0,1.0,0.00046667792374260284,2142.8054534492017,2142.8054534492017
6860,3428.71969916,0.0,0.0,0.0,0.00046674001589031,0.0,0.0
6861,3429.2202198391,2.0,2.0,1.4142135623730951,0.0004668021133705898,4284.47074834089,3029.5783199472457
6862,3429.7207406524003,0.0,0.0,0.0,0.0004668642161806235,0.0,0.0
6863,3430.2212615998997,0.0,0.0,0.0,0.0004669263243175462,0.0,0.0
6864,3430.7217826816,0.0,0.0,0.0,0.0004669884377785731,0.0,0.0
6865,3431.2223038975,0.0,0.0,0.0,0.00046705055656082845,0.0,0.0
6866,3431.7228252476,0.0,0.0,0.0,0.00046711268066149906,0.0,0.0
6867,3432.2233467319,0.0,0.0,0.0,0.00046717481007774967,0.0,0.0
6868,3432.7238683503997,0.0,-1.0,1.0,0.00046723694480673274,-2140.2417148619074,2140.2417148619074
6869,3433.2243901030997,0.0,0.0,0.0,0.0004672990848456194,0.0,0.0
6870,3433.72491199,0.0,0.0,0.0,0.00046736123019162543,0.0,0.0
6871,3434.2254340111,0.0,-1.0,1.0,0.0004674233808418758,-2139.3880601327664,2139.3880601327664
6872,3434.7259561663996,0.0,0.0,0.0,0.0004674855367935754,0.0,0.0
6873,3435.2264784558997,0.0,0.0,0.0,0.00046754769804389,0.0,0.0
6874,3435.7270008796,1.0,1.0,1.0,0.0004676098645899901,2138.53486790066,2138.53486790066
6875,3436.2275234375,0.0,-2.0,1.4142135623730951,0.0004676720364290589,-4276.5011465537555,3023.942960480206
6876,3436.7280461296,0.0,0.0,0.0,0.0004677342135583016,0.0,0.0
6877,3437.2285689559,0.0,0.0,0.0,0.00046779639597484995,0.0,0.0
6878,3437.7290919163997,0.0,-1.0,1.0,0.00046785858367594984,-2137.397997794616,2137.397997794616
6879,3438.2296150111,0.0,0.0,0.0,0.0004679207766587618,0.0,0.0
6880,3438.73013824,0.0,0.0,0.0,0.00046798297492044595,0.0,0.0
6881,3439.2306616031,0.0,0.0,0.0,0.0004680451784582262,0.0,0.0
6882,3439.7311851003997,0.0,0.0,0.0,0.0004681073872692689,0.0,0.0
6883,3440.2317087318997,0.0,0.0,0.0,0.00046816960135078075,0.0,0.0
6884,3440.7322324976,0.0,0.0,0.0,0.00046823182069994013,0.0,0.0
6885,3441.2327563975,1.0,1.0,1.0,0.0004682940453139425,2135.410454193591,2135.410454193591
6886,3441.7332804315997,0.0,0.0,0.0,0.0004683562751900007,0.0,0.0
6887,3442.2338045999,0.0,0.0,0.0,0.0004684185103253102,0.0,0.0
6888,3442.7343289024,1.0,1.0,1.0,0.0004684807507170446,2134.55942099953,2134.55942099953
6889,3443.2348533391,0.0,0.0,0.0,0.000468542996362428,0.0,0.0
6890,3443.7353779100004,1.0,1.0,1.0,0.00046860524725866865,2133.9923226425226,2133.9923226425226
6891,3444.2359026151,0.0,0.0,0.0,0.00046866750340292837,0.0,0.0
6892,3444.7364274543997,0.0,0.0,0.0,0.00046872976479244956,0.0,0.0
6893,3445.2369524279,0.0,0.0,0.0,0.0004687920314244172,0.0,0.0
6894,3445.7374775356,1.0,1.0,1.0,0.0004688543032960283,2132.8587430466932,2132.8587430466932
6895,3446.2380027775,0.0,0.0,0.0,0.0004689165804045425,0.0,0.0
6896,3446.7385281536,0.0,-1.0,1.0,0.0004689788627471118,-2132.2922618353305,2132.2922618353305
6897,3447.2390536639,0.0,0.0,0.0,0.00046904115032098397,0.0,0.0
6898,3447.7395793084,0.0,0.0,0.0,0.0004691034431233627,0.0,0.0
6899,3448.2401050871003,0.0,0.0,0.0,0.0004691657411514565,0.0,0.0
6900,3448.7406309999997,0.0,0.0,0.0,0.0004692280444024861,0.0,0.0
6901,3449.2411570471,1.0,1.0,1.0,0.0004692903528736556,2130.87695895855,2130.87695895855
6902,3449.7416832284002,0.0,0.0,0.0,0.00046935266656217923,0.0,0.0
6903,3450.2422095439,0.0,0.0,0.0,0.0004694149854653237,0.0,0.0
6904,3450.7427359935996,0.0,0.0,0.0,0.0004694773095802536,0.0,0.0
6905,3451.2432625775,0.0,0.0,0.0,0.0004695396389042182,0.0,0.0
6906,3451.7437892956,0.0,0.0,0.0,0.00046960197343443895,0.0,0.0
6907,3452.2443161479,0.0,0.0,0.0,0.00046966431316814914,0.0,0.0
6908,3452.7448431344,1.0,1.0,1.0,0.00046972665810256426,2128.897695607583,2128.897695607583
6909,3453.2453702550997,0.0,0.0,0.0,0.00046978900823491185,0.0,0.0
6910,3453.74589751,1.0,0.0,1.4142135623730951,0.00046985136356242547,0.0,3009.9169057433196
6911,3454.2464248991,0.0,-1.0,1.0,0.00046991372408232727,-2128.0502116699267,2128.0502116699267
6912,3454.7469524224,0.0,0.0,0.0,0.0004699760897918506,0.0,0.0
6913,3455.2474800798996,0.0,0.0,0.0,0.00047003846068826915,0.0,0.0
6914,3455.7480078716,0.0,0.0,0.0,0.0004701008367687659,0.0,0.0
6915,3456.2485357975,0.0,0.0,0.0,0.00047016321803059765,0.0,0.0
6916,3456.7490638576,0.0,-1.0,1.0,0.0004702256044710096,-2126.6387676293625,2126.6387676293625
6917,3457.2495920519,1.0,1.0,1.0,0.000470287996087225,2126.3566332118935,2126.3566332118935
6918,3457.7501203804,0.0,0.0,0.0,0.00047035039287649536,0.0,0.0
6919,3458.2506488431,1.0,1.0,1.0,0.00047041279483605545,2125.7925187781343,2125.7925187781343
6920,3458.75117744,1.0,1.0,1.0,0.0004704752019631681,2125.5105387643503,2125.5105387643503
6921,3459.2517061711,0.0,0.0,0.0,0.0004705376142550578,0.0,0.0
6922,3459.7522350363997,0.0,0.0,0.0,0.0004706000317089698,0.0,0.0
6923,3460.2527640359,0.0,0.0,0.0,0.00047066245432216865,0.0,0.0
6924,3460.7532931696,0.0,0.0,0.0,0.00047072488209189497,0.0,0.0
6925,3461.2538224375003,0.0,0.0,0.0,0.0004707873150154131,0.0,0.0
6926,3461.7543518396,1.0,1.0,1.0,0.00047084975308994703,2123.81973960379,2123.81973960379
6927,3462.2548813759,1.0,1.0,1.0,0.00047091219631276653,2123.5381199085114,2123.5381199085114
6928,3462.7554110464,0.0,0.0,0.0,0.0004709746446811365,0.0,0.0
6929,3463.2559408511,0.0,0.0,0.0,0.0004710370981922982,0.0,0.0
6930,3463.75647079,0.0,0.0,0.0,0.0004710995568435167,0.0,0.0
6931,3464.2570008630996,1.0,0.0,1.4142135623730951,0.0004711620206320397,0.0,3001.5440558557757
6932,3464.7575310703996,0.0,0.0,0.0,0.0004712244895551432,0.0,0.0
6933,3465.2580614119,0.0,0.0,0.0,0.00047128696361008155,0.0,0.0
6934,3465.7585918876002,0.0,0.0,0.0,0.0004713494427940961,0.0,0.0
6935,3466.2591224975004,0.0,0.0,0.0,0.0004714119271044936,0.0,0.0
6936,3466.7596532415996,0.0,0.0,0.0,0.00047147441653851006,0.0,0.0
6937,3467.2601841199,0.0,0.0,0.0,0.0004715369110934398,0.0,0.0
6938,3467.7607151324,0.0,0.0,0.0,0.00047159941076652047,0.0,0.0
6939,3468.2612462791003,1.0,1.0,1.0,0.0004716619155550407,2120.162699214804,2120.162699214804
6940,3468.7617775599997,0.0,0.0,0.0,0.000471724425456272,0.0,0.0
6941,3469.2623089751,1.0,1.0,1.0,0.0004717869404674751,2119.600849928443,2119.600849928443
6942,3469.7628405244,0.0,-1.0,1.0,0.0004718494605859334,-2119.3200025241517,2119.3200025241517
6943,3470.2633722079,0.0,0.0,0.0,0.0004719119858089251,0.0,0.0
6944,3470.7639040256004,1.0,1.0,1.0,0.0004719745161337279,2118.758462197698,2118.758462197698
6945,3471.2644359775,0.0,0.0,0.0,0.00047203705155760884,0.0,0.0
6946,3471.7649680636,0.0,-1.0,1.0,0.0004720995920778573,-2118.1971278532324,2118.1971278532324
6947,3472.2655002839,0.0,0.0,0.0,0.00047216213769174666,0.0,0.0
6948,3472.7660326384002,0.0,0.0,0.0,0.0004722246883965779,0.0,0.0
6949,3473.2665651271,1.0,1.0,1.0,0.00047228724418961243,2117.3555125671,2117.3555125671
6950,3473.7670977499997,0.0,-1.0,1.0,0.00047234980506815813,-2117.0750771363273,2117.0750771363273
6951,3474.2676305071,0.0,0.0,0.0,0.00047241237102947664,0.0,0.0
6952,3474.7681633984002,0.0,0.0,0.0,0.0004724749420708699,0.0,0.0
6953,3475.2686964239,0.0,0.0,0.0,0.00047253751818963436,0.0,0.0
6954,3475.7692295836,1.0,1.0,1.0,0.0004726000993830441,2115.9538504233287,2115.9538504233287
6955,3476.2697628775,0.0,0.0,0.0,0.00047266268564841787,0.0,0.0
6956,3476.7702963056,2.0,1.0,1.7320508075688774,0.0004727252769830075,2115.393546082677,3663.9690998184924
6957,3477.2708298679,2.0,2.0,1.4142135623730951,0.00047278787338416107,4230.226942337227,2991.222156884688
6958,3477.7713635643995,0.0,0.0,0.0,0.0004728504748491127,0.0,0.0
6959,3478.2718973951,0.0,-1.0,1.0,0.0004729130813752283,-2114.553475856507,2114.553475856507
6960,3478.77243136,0.0,0.0,0.0,0.0004729756929597652,0.0,0.0
6961,3479.2729654591,2.0,2.0,1.4142135623730951,0.0004730383096000212,4227.987373139197,2989.6385423178244
6962,3479.7734996924,0.0,0.0,0.0,0.0004731009312933278,0.0,0.0
6963,3480.2740340599,0.0,0.0,0.0,0.0004731635580369256,0.0,0.0
6964,3480.7745685616,1.0,1.0,1.0,0.00047322618982819866,2113.1543889467375,2113.1543889467375
6965,3481.2751031975,0.0,0.0,0.0,0.00047328882666441014,0.0,0.0
6966,3481.7756379676002,1.0,1.0,1.0,0.00047335146854285296,2112.595114742882,2112.595114742882
6967,3482.2761728719,0.0,0.0,0.0,0.0004734141154608878,0.0,0.0
6968,3482.7767079103996,0.0,0.0,0.0,0.00047347676741577347,0.0,0.0
6969,3483.2772430831,0.0,-1.0,1.0,0.0004735394244048598,-2111.7565897639697,2111.7565897639697
6970,3483.77777839,1.0,1.0,1.0,0.0004736020864254285,2111.4771844601155,2111.4771844601155
6971,3484.2783138311,0.0,0.0,0.0,0.00047366475347480663,0.0,0.0
6972,3484.7788494064,0.0,0.0,0.0,0.00047372742555031635,0.0,0.0
6973,3485.2793851159,0.0,0.0,0.0,0.0004737901026492565,0.0,0.0
6974,3485.7799209596,0.0,0.0,0.0,0.00047385278476896637,0.0,0.0
6975,3486.2804569375003,1.0,1.0,1.0,0.0004739154719067568,2110.080930627964,2110.080930627964
6976,3486.7809930496,0.0,0.0,0.0,0.00047397816405995026,0.0,0.0
6977,3487.2815292959,0.0,0.0,0.0,0.0004740408612258743,0.0,0.0
6978,3487.7820656763997,0.0,0.0,0.0,0.00047410356340181844,0.0,0.0
6979,3488.2826021911,0.0,0.0,0.0,0.00047416627058513843,0.0,0.0
6980,3488.78313884,0.0,0.0,0.0,0.0004742289827731862,0.0,0.0
6981,3489.2836756231,1.0,1.0,1.0,0.0004742916999632336,2108.407125989172,2108.407125989172
6982,3489.7842125404,0.0,0.0,0.0,0.00047435442215264327,0.0,0.0
6983,3490.2847495919,0.0,0.0,0.0,0.0004744171493387276,0.0,0.0
6984,3490.7852867776,0.0,0.0,0.0,0.0004744798815188551,0.0,0.0
6985,3491.2858240975,0.0,0.0,0.0,0.00047454261869031545,0.0,0.0
6986,3491.7863615516,0.0,0.0,0.0,0.0004746053608504668,0.0,0.0
6987,3492.2868991399,0.0,0.0,0.0,0.0004746681079966492,0.0,0.0
6988,3492.7874368624,0.0,0.0,0.0,0.00047473086012617,0.0,0.0
6989,3493.2879747191,0.0,0.0,0.0,0.00047479361723638786,0.0,0.0
6990,3493.78851271,0.0,0.0,0.0,0.00047485637932464934,0.0,0.0
6991,3494.2890508350997,1.0,1.0,1.0,0.00047491914638827295,2105.621572861255,2105.621572861255
6992,3494.7895890944,0.0,0.0,0.0,0.0004749819184246349,0.0,0.0
6993,3495.2901274879,0.0,0.0,0.0,0.0004750446954310541,0.0,0.0
6994,3495.7906660156,2.0,2.0,1.4142135623730951,0.00047510747740488315,4209.573823010187,2976.6181961558827
6995,3496.2912046775,0.0,0.0,0.0,0.0004751702643434704,0.0,0.0
6996,3496.7917434736,1.0,1.0,1.0,0.00047523305624416935,2104.230728188679,2104.230728188679
6997,3497.2922824039,1.0,1.0,1.0,0.0004752958531042989,2103.952713806994,2103.952713806994
6998,3497.7928214684002,0.0,0.0,0.0,0.0004753586549212648,0.0,0.0
6999,3498.2933606671,0.0,0.0,0.0,0.0004754214616923408,0.0,0.0
7000,3498.7938999999997,1.0,1.0,1.0,0.00047548427341495493,2103.118979767603,2103.118979767603
7001,3499.2944394671,0.0,0.0,0.0,0.0004755470900864273,0.0,0.0
7002,3499.7949790684,0.0,0.0,0.0,0.0004756099117041295,0.0,0.0
7003,3500.2955188039,0.0,-1.0,1.0,0.00047567273826538747,-2102.285709386355,2102.285709386355
7004,3500.7960586736,0.0,0.0,0.0,0.0004757355697675954,0.0,0.0
7005,3501.2965986775,1.0,1.0,1.0,0.00047579840620809655,2101.730453385834,2101.730453385834
7006,3501.7971388156,1.0,1.0,1.0,0.00047586124758424624,2101.4529026614223,2101.4529026614223
7007,3502.2976790879,0.0,0.0,0.0,0.00047592409389342756,0.0,0.0
7008,3502.7982194943997,0.0,-1.0,1.0,0.0004759869451329673,-2100.8979557635753,2100.8979557635753
7009,3503.2987600351,0.0,0.0,0.0,0.00047604980130030024,0.0,0.0
7010,3503.79930071,1.0,1.0,1.0,0.000476112662392702,2100.3432149325845,2100.3432149325845
7011,3504.2998415191,1.0,1.0,1.0,0.00047617552840760805,2100.0659217917564,2100.0659217917564
7012,3504.8003824624,0.0,0.0,0.0,0.00047623839934235126,0.0,0.0
7013,3505.3009235399,0.0,0.0,0.0,0.0004763012751943328,0.0,0.0
7014,3505.8014647515997,0.0,0.0,0.0,0.00047636415596092024,0.0,0.0
7015,3506.3020060975,0.0,0.0,0.0,0.00047642704163944067,0.0,0.0
7016,3506.8025475776003,0.0,0.0,0.0,0.00047648993222734157,0.0,0.0
7017,3507.3030891918997,0.0,0.0,0.0,0.0004765528277219223,0.0,0.0
7018,3507.8036309403997,1.0,1.0,1.0,0.00047661572812062494,2098.1263122456453,2098.1263122456453
7019,3508.3041728231,0.0,0.0,0.0,0.00047667863342080015,0.0,0.0
7020,3508.80471484,1.0,1.0,1.0,0.0004767415436198103,2097.5726017229067,2097.5726017229067
7021,3509.3052569911,0.0,0.0,0.0,0.0004768044587150691,0.0,0.0
7022,3509.8057992763997,0.0,0.0,0.0,0.00047686737870393357,0.0,0.0
7023,3510.3063416959,0.0,0.0,0.0,0.0004769303035838118,0.0,0.0
7024,3510.8068842496,0.0,0.0,0.0,0.00047699323335207306,0.0,0.0
7025,3511.3074269375,0.0,0.0,0.0,0.00047705616800611977,0.0,0.0
7026,3511.8079697596,0.0,0.0,0.0,0.000477119107543298,0.0,0.0
7027,3512.3085127158997,0.0,-1.0,1.0,0.0004771820519610394,-2095.6362375541466,2095.6362375541466
7028,3512.8090558064,0.0,-1.0,1.0,0.00047724500125673045,-2095.3598201483464,2095.3598201483464
7029,3513.3095990311,0.0,0.0,0.0,0.00047730795542774007,0.0,0.0
7030,3513.8101423900002,1.0,1.0,1.0,0.0004773709144714834,2094.8071398676234,2094.8071398676234
7031,3514.3106858830997,1.0,1.0,1.0,0.000477433878385347,2094.53087699168,2094.53087699168
7032,3514.8112295103997,0.0,-1.0,1.0,0.0004774968471667177,-2094.254665624736,2094.254665624736
7033,3515.3117732719,0.0,0.0,0.0,0.0004775598208130161,0.0,0.0
7034,3515.8123171676,0.0,0.0,0.0,0.0004776227993216011,0.0,0.0
7035,3516.3128611975,1.0,1.0,1.0,0.000477685782689894,2093.4263405724682,2093.4263405724682
7036,3516.8134053616,0.0,0.0,0.0,0.000477748770915316,0.0,0.0
7037,3517.3139496599,1.0,1.0,1.0,0.0004778117639952435,2092.8743814058853,2092.8743814058853
7038,3517.8144940924,0.0,0.0,0.0,0.0004778747619270974,0.0,0.0
7039,3518.3150386591,0.0,0.0,0.0,0.00047793776470826633,0.0,0.0
7040,3518.81558336,0.0,0.0,0.0,0.0004780007723361485,0.0,0.0
7041,3519.3161281950997,0.0,0.0,0.0,0.00047806378480816077,0.0,0.0
7042,3519.8166731644,1.0,1.0,1.0,0.00047812680212174814,2091.4953848275677,2091.4953848275677
7043,3520.3172182679,0.0,0.0,0.0,0.0004781898242742531,0.0,0.0
7044,3520.8177635056004,0.0,-1.0,1.0,0.0004782528512631605,-2090.9441467182096,2090.9441467182096
7045,3521.3183088775,0.0,0.0,0.0,0.00047831588308580244,0.0,0.0
7046,3521.8188543836,0.0,0.0,0.0,0.0004783789197396462,0.0,0.0
7047,3522.3194000239,0.0,0.0,0.0,0.0004784419612221213,0.0,0.0
7048,3522.8199457984,0.0,0.0,0.0,0.0004785050075306046,0.0,0.0
7049,3523.3204917071,0.0,0.0,0.0,0.00047856805866252483,0.0,0.0
7050,3523.82103775,0.0,0.0,0.0,0.0004786311146152999,0.0,0.0
7051,3524.3215839271,0.0,0.0,0.0,0.00047869417538635837,0.0,0.0
7052,3524.8221302384,1.0,0.0,1.4142135623730951,0.00047875724097312395,0.0,2953.926210073729
7053,3525.3226766839,1.0,1.0,1.0,0.00047882031137301486,2088.4661244476138,2088.4661244476138
7054,3525.8232232635996,0.0,0.0,0.0,0.0004788833865834485,0.0,0.0
7055,3526.3237699775,0.0,0.0,0.0,0.00047894646660187753,0.0,0.0
7056,3526.8243168256,1.0,1.0,1.0,0.00047900955142568053,2087.6410439493134,2087.6410439493134
7057,3527.3248638079003,0.0,0.0,0.0,0.0004790726410523267,0.0,0.0
7058,3527.8254109244,0.0,0.0,0.0,0.0004791357354792294,0.0,0.0
7059,3528.3259581751,0.0,0.0,0.0,0.00047919883470381807,0.0,0.0
7060,3528.82650556,1.0,1.0,1.0,0.0004792619387235293,2086.5416574982137,2086.5416574982137
7061,3529.3270530791,0.0,0.0,0.0,0.00047932504753581525,0.0,0.0
7062,3529.8276007324002,0.0,-1.0,1.0,0.0004793881611380732,-2085.992273205054,2085.992273205054
7063,3530.3281485199,2.0,2.0,1.4142135623730951,0.00047945127952775027,4171.435316576815,2949.6501996325187
7064,3530.8286964415997,0.0,0.0,0.0,0.0004795144027023055,0.0,0.0
7065,3531.3292444975,0.0,0.0,0.0,0.0004795775306591529,0.0,0.0
7066,3531.8297926876003,0.0,0.0,0.0,0.00047964066339574603,0.0,0.0
7067,3532.3303410118997,1.0,0.0,1.4142135623730951,0.0004797038009095276,0.0,2948.0974711722506
7068,3532.8308894704,1.0,1.0,1.0,0.00047976694319792267,2084.3453559647623,2084.3453559647623
7069,3533.3314380631,1.0,0.0,1.4142135623730951,0.0004798300902583855,0.0,2947.3215437813624
7070,3533.83198679,1.0,1.0,1.0,0.00047989324208835897,2083.7967954045034,2083.7967954045034
7071,3534.3325356511,0.0,0.0,0.0,0.00047995639868531466,0.0,0.0
7072,3534.8330846463996,0.0,0.0,0.0,0.0004800195600466496,0.0,0.0
7073,3535.3336337759,1.0,1.0,1.0,0.00048008272616985884,2082.974340647675,2082.974340647675
7074,3535.8341830396,0.0,0.0,0.0,0.0004801458970523683,0.0,0.0
7075,3536.3347324375,0.0,0.0,0.0,0.0004802090726916383,0.0,0.0
7076,3536.8352819695997,0.0,-1.0,1.0,0.00048027225308512443,-2082.152349165085,2082.152349165085
7077,3537.3358316359,0.0,0.0,0.0,0.0004803354382302525,0.0,0.0
7078,3537.8363814363997,1.0,1.0,1.0,0.00048039862812451284,2081.604612203042,2081.604612203042
7079,3538.3369313711,1.0,1.0,1.0,0.0004804618227653545,2081.3308209263796,2081.3308209263796
7080,3538.8374814400004,0.0,0.0,0.0,0.00048052502215023286,0.0,0.0
7081,3539.3380316431,0.0,0.0,0.0,0.00048058822627658655,0.0,0.0
7082,3539.8385819804,0.0,-2.0,1.4142135623730951,0.0004806514351418826,-4161.019511799905,2942.2851134432503
7083,3540.3391324519,0.0,0.0,0.0,0.00048071464874361154,0.0,0.0
7084,3540.8396830576003,0.0,0.0,0.0,0.000480777867079223,0.0,0.0
7085,3541.3402337975,1.0,1.0,1.0,0.0004808410901461561,2079.6891540530382,2079.6891540530382
7086,3541.8407846716,1.0,0.0,1.4142135623730951,0.00048090431794190684,0.0,2940.7379173167083
7087,3542.3413356799,0.0,0.0,0.0,0.0004809675504639265,0.0,0.0
7088,3542.8418868224,1.0,0.0,1.4142135623730951,0.0004810307877096935,0.0,2939.9647559078608
7089,3543.3424380991,0.0,0.0,0.0,0.00048109402967665935,0.0,0.0
7090,3543.84298951,0.0,0.0,0.0,0.00048115727636230296,0.0,0.0
7091,3544.3435410551,0.0,0.0,0.0,0.0004812205277641214,0.0,0.0
7092,3544.8440927344,0.0,0.0,0.0,0.0004812837838795318,0.0,0.0
7093,3545.3446445479003,0.0,-1.0,1.0,0.00048134704470605914,-2077.5031466343853,2077.5031466343853
7094,3545.8451964956,0.0,0.0,0.0,0.00048141031024117237,0.0,0.0
7095,3546.3457485774998,1.0,1.0,1.0,0.0004814735804823119,2076.957159307181,2076.957159307181
7096,3546.8463007935998,0.0,-1.0,1.0,0.00048153685542699727,-2076.6842428151454,2076.6842428151454
7097,3547.3468531439003,1.0,1.0,1.0,0.0004816001350726749,2076.4113777690222,2076.4113777690222
7098,3547.8474056284003,0.0,0.0,0.0,0.00048166341941687093,0.0,0.0
7099,3548.3479582471,0.0,0.0,0.0,0.0004817267084570202,0.0,0.0
7100,3548.8485109999997,0.0,0.0,0.0,0.00048179000219060935,0.0,0.0
7101,3549.3490638871,0.0,0.0,0.0,0.0004818533006151473,0.0,0.0
7102,3549.8496169084,0.0,0.0,0.0,0.0004819166037281208,0.0,0.0
7103,3550.3501700639,0.0,0.0,0.0,0.0004819799115269717,0.0,0.0
7104,3550.8507233535997,0.0,0.0,0.0,0.00048204322400926,0.0,0.0
7105,3551.3512767775,0.0,0.0,0.0,0.0004821065411724161,0.0,0.0
7106,3551.8518303356,0.0,0.0,0.0,0.00048216986301393875,0.0,0.0
7107,3552.3523840279,0.0,0.0,0.0,0.0004822331895313549,0.0,0.0
7108,3552.8529378544,0.0,0.0,0.0,0.0004822965207221233,0.0,0.0
7109,3553.3534918151,0.0,0.0,0.0,0.00048235985658374883,0.0,0.0
7110,3553.85404591,1.0,1.0,1.0,0.00048242319711371874,2072.868813073008,2072.868813073008
7111,3554.3546001391,0.0,0.0,0.0,0.0004824865423095554,0.0,0.0
7112,3554.8551545023997,0.0,-1.0,1.0,0.00048254989216874034,-2072.3245745754207,2072.3245745754207
7113,3555.3557089999,0.0,-1.0,1.0,0.00048261324668876795,-2072.0525324595765,2072.0525324595765
7114,3555.8562636316,1.0,1.0,1.0,0.0004826766058671429,2071.780541763507,2071.780541763507
7115,3556.3568183975,0.0,0.0,0.0,0.00048273996970136525,0.0,0.0
7116,3556.8573732976,0.0,0.0,0.0,0.0004828033381889343,0.0,0.0
7117,3557.3579283319,0.0,0.0,0.0,0.00048286671132736087,0.0,0.0
7118,3557.8584835004,1.0,0.0,1.4142135623730951,0.0004829300891141633,0.0,2928.402255836205
7119,3558.3590388031,0.0,0.0,0.0,0.00048299347154682364,0.0,0.0
7120,3558.85959424,0.0,-1.0,1.0,0.0004830568586228764,-2070.149677308903,2070.149677308903
7121,3559.3601498111,1.0,1.0,1.0,0.0004831202503398046,2069.8780465042523,2069.8780465042523
7122,3559.8607055164,0.0,0.0,0.0,0.0004831836466951266,0.0,0.0
7123,3560.3612613559,0.0,0.0,0.0,0.00048324704768636513,0.0,0.0
7124,3560.8618173296,0.0,0.0,0.0,0.0004833104533110323,0.0,0.0
7125,3561.3623734375,0.0,0.0,0.0,0.00048337386356664587,0.0,0.0
7126,3561.8629296796,0.0,0.0,0.0,0.00048343727845067905,0.0,0.0
7127,3562.3634860559,0.0,0.0,0.0,0.0004835006979606946,0.0,0.0
7128,3562.8640425664,0.0,0.0,0.0,0.00048356412209420526,0.0,0.0
7129,3563.3645992111,0.0,-1.0,1.0,0.00048362755084871276,-2067.7068505404845,2067.7068505404845
7130,3563.8651559900004,0.0,-1.0,1.0,0.00048369098422175244,-2067.435682327172,2067.435682327172
7131,3564.3657129031,0.0,0.0,0.0,0.00048375442221084867,0.0,0.0
7132,3564.8662699504,0.0,0.0,0.0,0.0004838178648135084,0.0,0.0
7133,3565.3668271319,1.0,1.0,1.0,0.0004838813120272566,2066.6224860191974,2066.6224860191974
7134,3565.8673844476,1.0,1.0,1.0,0.00048394476384963495,2066.3515233542375,2066.3515233542375
7135,3566.3679418975,0.0,0.0,0.0,0.0004840082202781567,0.0,0.0
7136,3566.8684994816,0.0,0.0,0.0,0.0004840716813103581,0.0,0.0
7137,3567.3690571999,0.0,0.0,0.0,0.0004841351469437756,0.0,0.0
7138,3567.8696150524,0.0,0.0,0.0,0.0004841986171759061,0.0,0.0
7139,3568.3701730391003,0.0,0.0,0.0,0.0004842620920043257,0.0,0.0
7140,3568.8707311599997,0.0,0.0,0.0,0.0004843255714265202,0.0,0.0
7141,3569.3712894151,0.0,0.0,0.0,0.0004843890554400719,0.0,0.0
7142,3569.8718478044,2.0,2.0,1.4142135623730951,0.00048445254404248366,4128.371343271575,2919.1993720835467
7143,3570.3724063279,0.0,0.0,0.0,0.0004845160372312869,0.0,0.0
7144,3570.8729649855995,0.0,0.0,0.0,0.00048457953500405837,0.0,0.0
7145,3571.3735237775,0.0,0.0,0.0,0.0004846430373582849,0.0,0.0
7146,3571.8740827036,0.0,0.0,0.0,0.000484706544291566,0.0,0.0
7147,3572.3746417639,1.0,1.0,1.0,0.0004847700558013881,2062.833683790286,2062.833683790286
7148,3572.8752009584,0.0,0.0,0.0,0.0004848335718853289,0.0,0.0
7149,3573.3757602870996,1.0,1.0,1.0,0.00048489709254090325,2062.293248160991,2062.293248160991
7150,3573.8763197499998,0.0,0.0,0.0,0.0004849606177656891,0.0,0.0
7151,3574.3768793471,0.0,-1.0,1.0,0.00048502414755721305,-2061.753017940289,2061.753017940289
7152,3574.8774390784,0.0,0.0,0.0,0.00048508768191303584,0.0,0.0
7153,3575.3779989439,0.0,0.0,0.0,0.00048515122083069056,0.0,0.0
7154,3575.8785589435997,0.0,0.0,0.0,0.00048521476430773806,0.0,0.0
7155,3576.3791190775,2.0,1.0,1.7320508075688774,0.00048527831234171094,2060.673173656781,3569.1906345677485
7156,3576.8796793456,0.0,0.0,0.0,0.00048534186493016506,0.0,0.0
7157,3577.3802397479003,0.0,0.0,0.0,0.00048540542207067914,0.0,0.0
7158,3577.8808002844,0.0,0.0,0.0,0.00048546898376080927,0.0,0.0
7159,3578.3813609551,0.0,0.0,0.0,0.0004855325499980771,0.0,0.0
7160,3578.88192176,0.0,0.0,0.0,0.0004855961207800672,0.0,0.0
7161,3579.3824826991,0.0,0.0,0.0,0.00048565969610431324,0.0,0.0
7162,3579.8830437723996,0.0,0.0,0.0,0.00048572327596840587,0.0,0.0
7163,3580.3836049798997,0.0,0.0,0.0,0.0004857868603698899,0.0,0.0
7164,3580.8841663216,1.0,1.0,1.0,0.0004858504493063393,2058.246527151976,2058.246527151976
7165,3581.3847277975,0.0,0.0,0.0,0.0004859140427752823,0.0,0.0
7166,3581.8852894076003,0.0,0.0,0.0,0.00048597764077432164,0.0,0.0
7167,3582.3858511518997,0.0,0.0,0.0,0.0004860412433010078,0.0,0.0
7168,3582.8864130304,0.0,0.0,0.0,0.00048610485035291575,0.0,0.0
7169,3583.3869750431,0.0,-1.0,1.0,0.0004861684619275967,-2056.900186480888,2056.900186480888
7170,3583.88753719,0.0,0.0,0.0,0.0004862320780226591,0.0,0.0
7171,3584.3880994711,0.0,0.0,0.0,0.00048629569863562047,0.0,0.0
7172,3584.8886618864,0.0,0.0,0.0,0.00048635932376406163,0.0,0.0
7173,3585.3892244359,0.0,-1.0,1.0,0.0004864229534055914,-2055.82403749392,2055.82403749392
7174,3585.8897871196,1.0,1.0,1.0,0.0004864865875577671,2055.555128498289,2055.555128498289
7175,3586.3903499375,0.0,0.0,0.0,0.0004865502262181582,0.0,0.0
7176,3586.8909128896,1.0,1.0,1.0,0.00048661386938434007,2055.017464391617,2055.017464391617
7177,3587.3914759759,0.0,0.0,0.0,0.0004866775170538992,0.0,0.0
7178,3587.8920391964,0.0,0.0,0.0,0.00048674116922442176,0.0,0.0
7179,3588.3926025511,0.0,0.0,0.0,0.0004868048258934559,0.0,0.0
7180,3588.89316604,0.0,0.0,0.0,0.00048686848705861013,0.0,0.0
7181,3589.3937296630997,0.0,0.0,0.0,0.000486932152717455,0.0,0.0
7182,3589.8942934204,0.0,0.0,0.0,0.0004869958228676002,0.0,0.0
7183,3590.3948573119,0.0,0.0,0.0,0.00048705949750660495,0.0,0.0
7184,3590.8954213376,0.0,0.0,0.0,0.00048712317663203924,0.0,0.0
7185,3591.3959854974996,0.0,0.0,0.0,0.0004871868602415138,0.0,0.0
7186,3591.8965497915997,0.0,0.0,0.0,0.00048725054833264394,0.0,0.0
7187,3592.3971142199,1.0,1.0,1.0,0.00048731424090296644,2052.063978567618,2052.063978567618
7188,3592.8976787824,0.0,0.0,0.0,0.0004873779379501207,0.0,0.0
7189,3593.3982434790996,0.0,0.0,0.0,0.00048744163947166597,0.0,0.0
7190,3593.89880831,1.0,1.0,1.0,0.0004875053454652075,2051.2595591044005,2051.2595591044005
7191,3594.3993732751,0.0,0.0,0.0,0.0004875690559283335,0.0,0.0
7192,3594.8999383744,0.0,0.0,0.0,0.0004876327708586493,0.0,0.0
7193,3595.4005036079,0.0,0.0,0.0,0.00048769649025373727,0.0,0.0
7194,3595.9010689755996,0.0,0.0,0.0,0.00048776021411120376,0.0,0.0
7195,3596.4016344775,0.0,0.0,0.0,0.0004878239424286539,0.0,0.0
7196,3596.9022001136,0.0,0.0,0.0,0.00048788767520368826,0.0,0.0
7197,3597.4027658839,0.0,0.0,0.0,0.0004879514124338952,0.0,0.0
7198,3597.9033317884,0.0,0.0,0.0,0.0004880151541168927,0.0,0.0
7199,3598.4038978270996,0.0,0.0,0.0,0.0004880789002502804,0.0,0.0
7200,3598.9044639999997,2.0,2.0,1.4142135623730951,0.00048814265083164856,4097.162984206769,2897.131729759118
7201,3599.4050303071,0.0,0.0,0.0,0.0004882064058586256,0.0,0.0
7202,3599.9055967484,0.0,-1.0,1.0,0.00048827016532882405,-2048.0464935361206,2048.0464935361206
7203,3600.4061633239,0.0,0.0,0.0,0.0004883339292398274,0.0,0.0
7204,3600.9067300336,0.0,0.0,0.0,0.0004883976975892771,0.0,0.0
7205,3601.4072968775,0.0,0.0,0.0,0.0004884614703747395,0.0,0.0
7206,3601.9078638556,1.0,1.0,1.0,0.0004885252475938619,2046.9771110609115,2046.9771110609115
7207,3602.4084309679,0.0,0.0,0.0,0.0004885890292442627,0.0,0.0
7208,3602.9089982143996,0.0,0.0,0.0,0.0004886528153235089,0.0,0.0
7209,3603.4095655951,0.0,0.0,0.0,0.0004887166058292931,0.0,0.0
7210,3603.91013311,0.0,0.0,0.0,0.0004887804007591779,0.0,0.0
7211,3604.4107007591,1.0,1.0,1.0,0.0004888442001107587,2045.6415352241622,2045.6415352241622
7212,3604.9112685423997,1.0,1.0,1.0,0.0004889080038817229,2045.374573662985,2045.374573662985
7213,3605.4118364599,0.0,0.0,0.0,0.0004889718120696503,0.0,0.0
7214,3605.9124045116,0.0,0.0,0.0,0.0004890356246721762,0.0,0.0
7215,3606.4129726975,0.0,0.0,0.0,0.0004890994416869038,0.0,0.0
7216,3606.9135410176,0.0,0.0,0.0,0.0004891632631115092,0.0,0.0
7217,3607.4141094719,0.0,0.0,0.0,0.0004892270889435434,0.0,0.0
7218,3607.9146780604,0.0,0.0,0.0,0.0004892909191806945,0.0,0.0
7219,3608.4152467831,0.0,0.0,0.0,0.0004893547538205369,0.0,0.0
7220,3608.9158156400003,0.0,0.0,0.0,0.0004894185928607587,0.0,0.0
7221,3609.4163846311,0.0,0.0,0.0,0.0004894824362989289,0.0,0.0
7222,3609.9169537564,0.0,0.0,0.0,0.0004895462841327411,0.0,0.0
7223,3610.4175230159,0.0,0.0,0.0,0.0004896101363597703,0.0,0.0
7224,3610.9180924096,0.0,0.0,0.0,0.0004896739929776989,0.0,0.0
7225,3611.4186619375,0.0,0.0,0.0,0.000489737853984137,0.0,0.0
7226,3611.9192315995997,0.0,0.0,0.0,0.0004898017193767214,0.0,0.0
7227,3612.4198013959,0.0,0.0,0.0,0.0004898655891530843,0.0,0.0
7228,3612.9203713264,0.0,0.0,0.0,0.0004899294633108806,0.0,0.0
7229,3613.4209413911003,0.0,0.0,0.0,0.0004899933418477204,0.0,0.0
7230,3613.9215115899997,0.0,-1.0,1.0,0.0004900572247612808,-2040.5780171634551,2040.5780171634551
7231,3614.4220819231,1.0,1.0,1.0,0.0004901211120491546,2040.312027815095,2040.312027815095
7232,3614.9226523904,1.0,1.0,1.0,0.0004901850037090656,2040.046089605629,2040.046089605629
7233,3615.4232229919003,2.0,2.0,1.4142135623730951,0.0004902488997385782,4079.560405064623,2884.684826681334
7234,3615.9237937276002,0.0,-1.0,1.0,0.0004903128001353596,-2039.5143665919638,2039.5143665919638
7235,3616.4243645975,0.0,0.0,0.0,0.0004903767048970931,0.0,0.0
7236,3616.9249356016,0.0,0.0,0.0,0.0004904406140213901,0.0,0.0
7237,3617.4255067399,0.0,0.0,0.0,0.0004905045275059058,0.0,0.0
7238,3617.9260780124,0.0,0.0,0.0,0.0004905684453482961,0.0,0.0
7239,3618.4266494190997,0.0,0.0,0.0,0.0004906323675462002,0.0,0.0
7240,3618.92722096,0.0,0.0,0.0,0.0004906962940972576,0.0,0.0
7241,3619.4277926351,0.0,0.0,0.0,0.0004907602249991866,0.0,0.0
7242,3619.9283644444,0.0,0.0,0.0,0.0004908241602495761,0.0,0.0
7243,3620.4289363879,0.0,0.0,0.0,0.0004908880998461163,0.0,0.0
7244,3620.9295084655996,0.0,-1.0,1.0,0.0004909520437864125,-2036.858818811736,2036.858818811736
7245,3621.4300806775,0.0,0.0,0.0,0.0004910159920681902,0.0,0.0
7246,3621.9306530236,0.0,0.0,0.0,0.0004910799446890831,0.0,0.0
7247,3622.4312255039,1.0,1.0,1.0,0.0004911439016467428,2036.0631510380717,2036.0631510380717
7248,3622.9317981184,0.0,0.0,0.0,0.0004912078629388431,0.0,0.0
7249,3623.4323708671,0.0,0.0,0.0,0.0004912718285630305,0.0,0.0
7250,3623.93294375,1.0,1.0,1.0,0.0004913357985169727,2035.2679430612586,2035.2679430612586
7251,3624.4335167671,0.0,-1.0,1.0,0.0004913997727983678,-2035.002975897431,2035.002975897431
7252,3624.9340899184003,0.0,0.0,0.0,0.000491463751404833,0.0,0.0
7253,3625.4346632038996,0.0,0.0,0.0,0.000491527734334066,0.0,0.0
7254,3625.9352366236,0.0,0.0,0.0,0.0004915917215837244,0.0,0.0
7255,3626.4358101775,0.0,-2.0,1.4142135623730951,0.0004916557131514719,-4067.8872359281,2876.430649626961
7256,3626.9363838656,1.0,1.0,1.0,0.0004917197090349947,2033.6789061445409,2033.6789061445409
7257,3627.4369576879,0.0,0.0,0.0,0.0004917837092319509,0.0,0.0
7258,3627.9375316443998,0.0,0.0,0.0,0.0004918477137400272,0.0,0.0
7259,3628.4381057350997,0.0,0.0,0.0,0.0004919117225568989,0.0,0.0
7260,3628.93867996,0.0,0.0,0.0,0.0004919757356802187,0.0,0.0
7261,3629.4392543191,1.0,1.0,1.0,0.0004920397531076791,2032.3561128630145,2032.3561128630145
7262,3629.9398288124,0.0,0.0,0.0,0.0004921037748369498,0.0,0.0
7263,3630.4404034399,0.0,0.0,0.0,0.000492167800865736,0.0,0.0
7264,3630.9409782016,0.0,0.0,0.0,0.0004922318311916956,0.0,0.0
7265,3631.4415530975,0.0,0.0,0.0,0.0004922958658125049,0.0,0.0
7266,3631.9421281275995,0.0,0.0,0.0,0.0004923599047258569,0.0,0.0
7267,3632.4427032918998,0.0,-1.0,1.0,0.000492423947929411,-2030.770445273612,2030.770445273612
7268,3632.9432785904,0.0,-1.0,1.0,0.0004924879954208885,-2030.5063459371902,2030.5063459371902
7269,3633.4438540231,0.0,0.0,0.0,0.0004925520471979663,0.0,0.0
7270,3633.9444295900003,0.0,0.0,0.0,0.000492616103258304,0.0,0.0
7271,3634.4450052910997,1.0,1.0,1.0,0.0004926801635996345,2029.7143540218267,2029.7143540218267
7272,3634.9455811263997,0.0,-1.0,1.0,0.0004927442282195893,-2029.4504587364834,2029.4504587364834
7273,3635.4461570959,0.0,-1.0,1.0,0.0004928082971159024,-2029.1866144550982,2029.1866144550982
7274,3635.9467331996,0.0,0.0,0.0,0.0004928723702862672,0.0,0.0
7275,3636.4473094375,0.0,0.0,0.0,0.0004929364477283442,0.0,0.0
7276,3636.9478858096,0.0,-1.0,1.0,0.0004930005294398558,-2028.3953875996722,2028.3953875996722
7277,3637.4484623159,1.0,1.0,1.0,0.0004930646154184851,2028.1317472989965,2028.1317472989965
7278,3637.9490389564,0.0,0.0,0.0,0.0004931287056619203,0.0,0.0
7279,3638.4496157311,0.0,0.0,0.0,0.0004931928001678624,0.0,0.0
7280,3638.95019264,0.0,0.0,0.0,0.0004932568989340343,0.0,0.0
7281,3639.4507696830997,0.0,0.0,0.0,0.0004933210019581129,0.0,0.0
7282,3639.9513468604,1.0,0.0,1.4142135623730951,0.0004933851092377825,0.0,2866.3482863475065
7283,3640.4519241719,1.0,1.0,1.0,0.0004934492207707775,2026.5509760821592,2026.5509760821592
7284,3640.9525016176003,0.0,0.0,0.0,0.0004935133365547705,0.0,0.0
7285,3641.4530791975,0.0,0.0,0.0,0.0004935774565875135,0.0,0.0
7286,3641.9536569116,1.0,0.0,1.4142135623730951,0.0004936415808666387,0.0,2864.859074250385
7287,3642.4542347599,0.0,0.0,0.0,0.0004937057093899216,0.0,0.0
7288,3642.9548127424,0.0,0.0,0.0,0.0004937698421550292,0.0,0.0
7289,3643.4553908590997,0.0,-1.0,1.0,0.0004938339791596963,-2024.972039594342,2024.972039594342
7290,3643.95596911,0.0,-2.0,1.4142135623730951,0.0004938981204015853,-4049.4181236685276,2863.3710151057217
7291,3644.4565474951,1.0,1.0,1.0,0.0004939622658784486,2024.4461350132242,2024.4461350132242
7292,3644.9571260144003,0.0,0.0,0.0,0.0004940264155880046,0.0,0.0
7293,3645.4577046679,0.0,0.0,0.0,0.000494090569527955,0.0,0.0
7294,3645.9582834556,0.0,0.0,0.0,0.0004941547276959789,0.0,0.0
7295,3646.4588623775,1.0,1.0,1.0,0.0004942188900898295,2023.394937045485,2023.394937045485
7296,3646.9594414336,0.0,0.0,0.0,0.0004942830567072144,0.0,0.0
7297,3647.4600206239,0.0,0.0,0.0,0.0004943472275458528,0.0,0.0
7298,3647.9605999483997,1.0,1.0,1.0,0.0004944114026034639,2022.6070732475334,2022.6070732475334
7299,3648.4611794070997,1.0,1.0,1.0,0.0004944755818777726,2022.3445538048547,2022.3445538048547
7300,3648.961759,1.0,0.0,1.4142135623730951,0.0004945397653664533,0.0,2859.6559092172597
7301,3649.4623387271,0.0,0.0,0.0,0.0004946039530672935,0.0,0.0
7302,3649.9629185884,0.0,0.0,0.0,0.0004946681449779788,0.0,0.0
7303,3650.4634985838998,0.0,0.0,0.0,0.0004947323410962744,0.0,0.0
7304,3650.9640787136,0.0,0.0,0.0,0.0004947965414198436,0.0,0.0
7305,3651.4646589775,0.0,0.0,0.0,0.0004948607459464516,0.0,0.0
7306,3651.9652393756,0.0,-2.0,1.4142135623730951,0.0004949249546738186,-4041.016685687438,2857.4303013375747
7307,3652.4658199079,1.0,1.0,1.0,0.0004949891675996644,2020.2462305372637,2020.2462305372637
7308,3652.9664005744,0.0,0.0,0.0,0.0004950533847217217,0.0,0.0
7309,3653.4669813750997,0.0,0.0,0.0,0.000495117606037744,0.0,0.0
7310,3653.96756231,0.0,0.0,0.0,0.0004951818315454409,0.0,0.0
7311,3654.4681433791,0.0,0.0,0.0,0.0004952460612425159,0.0,0.0
7312,3654.9687245824,0.0,-2.0,1.4142135623730951,0.000495310295126775,-4037.872864096432,2855.2072837717337
7313,3655.4693059199,0.0,-1.0,1.0,0.0004953745331959045,-2018.674624931784,2018.674624931784
7314,3655.9698873916,1.0,0.0,1.4142135623730951,0.0004954387754476541,0.0,2854.466853336785
7315,3656.4704689975,0.0,0.0,0.0,0.0004955030218797452,0.0,0.0
7316,3656.9710507376,0.0,0.0,0.0,0.0004955672724899267,0.0,0.0
7317,3657.4716326119,0.0,0.0,0.0,0.0004956315272759315,0.0,0.0
7318,3657.9722146204,0.0,0.0,0.0,0.0004956957862355492,0.0,0.0
7319,3658.4727967631,0.0,0.0,0.0,0.0004957600493664554,0.0,0.0
7320,3658.97337904,0.0,0.0,0.0,0.0004958243166664231,0.0,0.0
7321,3659.4739614511,0.0,0.0,0.0,0.0004958885881331968,0.0,0.0
7322,3659.9745439964,0.0,-1.0,1.0,0.0004959528637645037,-2016.320648719625,2016.320648719625
7323,3660.4751266759,0.0,0.0,0.0,0.0004960171435581225,0.0,0.0
7324,3660.9757094896,0.0,-2.0,1.4142135623730951,0.0004960814275117691,-4031.5962039368055,2850.7690148096585
7325,3661.4762924374995,0.0,0.0,0.0,0.000496145715623206,0.0,0.0
7326,3661.9768755196,0.0,0.0,0.0,0.0004962100078901892,0.0,0.0
7327,3662.4774587358997,0.0,0.0,0.0,0.0004962743043104749,0.0,0.0
7328,3662.9780420864,0.0,-1.0,1.0,0.0004963386048817686,-2014.753618123674,2014.753618123674
7329,3663.4786255711,0.0,0.0,0.0,0.0004964029096018608,0.0,0.0
7330,3663.97920919,0.0,0.0,0.0,0.0004964672184685198,0.0,0.0
7331,3664.4797929430997,1.0,1.0,1.0,0.0004965315314794903,2013.9707885627115,2013.9707885627115
7332,3664.9803768304,0.0,0.0,0.0,0.0004965958486325017,0.0,0.0
7333,3665.4809608519,1.0,1.0,1.0,0.0004966601699253387,2013.4491560906258,2013.4491560906258
7334,3665.9815450076,1.0,1.0,1.0,0.0004967244953557471,2013.188416012812,2013.188416012812
7335,3666.4821292975,1.0,1.0,1.0,0.0004967888249214786,2012.9277267016982,2012.9277267016982
7336,3666.9827137216,1.0,1.0,1.0,0.0004968531586203302,2012.6670881529988,2012.6670881529988
7337,3667.4832982799,0.0,-1.0,1.0,0.0004969174964500251,-2012.4065003627213,2012.4065003627213
7338,3667.9838829724004,0.0,0.0,0.0,0.0004969818384083546,0.0,0.0
7339,3668.4844677991,0.0,0.0,0.0,0.0004970461844930595,0.0,0.0
7340,3668.9850527599997,0.0,0.0,0.0,0.0004971105347019033,0.0,0.0
7341,3669.4856378551,2.0,2.0,1.4142135623730951,0.0004971748890326722,4022.729313403776,2844.4991763857147
7342,3669.9862230844,0.0,0.0,0.0,0.0004972392474831234,0.0,0.0
7343,3670.4868084479,0.0,0.0,0.0,0.0004973036100510041,0.0,0.0
7344,3670.9873939455997,1.0,1.0,1.0,0.0004973679767341461,2010.583806714443,2010.583806714443
7345,3671.4879795775,0.0,-1.0,1.0,0.0004974323475302454,-2010.3236248406563,2010.3236248406563
7346,3671.9885653436,2.0,2.0,1.4142135623730951,0.0004974967224371223,4020.126987374829,2842.659054003788
7347,3672.4891512439003,0.0,0.0,0.0,0.000497561101452535,0.0,0.0
7348,3672.9897372784,0.0,0.0,0.0,0.000497625484574237,0.0,0.0
7349,3673.4903234471,0.0,0.0,0.0,0.0004976898718000262,0.0,0.0
7350,3673.99090975,0.0,0.0,0.0,0.000497754263127684,0.0,0.0
7351,3674.4914961871,0.0,0.0,0.0,0.0004978186585549805,0.0,0.0
7352,3674.9920827583996,0.0,0.0,0.0,0.0004978830580796805,0.0,0.0
7353,3675.4926694639,1.0,1.0,1.0,0.0004979474616995769,2008.243995434448,2008.243995434448
7354,3675.9932563036,0.0,0.0,0.0,0.0004980118694124572,0.0,0.0
7355,3676.4938432775,0.0,0.0,0.0,0.0004980762812160693,0.0,0.0
7356,3676.9944303856,1.0,1.0,1.0,0.0004981406971082349,2007.4649708508405,2007.4649708508405
7357,3677.4950176279,0.0,0.0,0.0,0.0004982051170867359,0.0,0.0
7358,3677.9956050043997,0.0,0.0,0.0,0.0004982695411493094,0.0,0.0
7359,3678.4961925151,0.0,0.0,0.0,0.0004983339692937939,0.0,0.0
7360,3678.99678016,0.0,0.0,0.0,0.0004983984015179611,0.0,0.0
7361,3679.4973679391,0.0,-1.0,1.0,0.0004984628378195934,-2006.1676099551596,2006.1676099551596
7362,3679.9979558523996,2.0,2.0,1.4142135623730951,0.0004985272781964504,4011.816579496934,2836.782708238902
7363,3680.4985438999,1.0,1.0,1.0,0.000498591722646372,2005.6490201889162,2005.6490201889162
7364,3680.9991320816002,0.0,-1.0,1.0,0.0004986561711671177,-2005.3898012722354,2005.3898012722354
7365,3681.4997203975,1.0,1.0,1.0,0.0004987206237565219,2005.130632993845,2005.130632993845
7366,3682.0003088475996,0.0,0.0,0.0,0.0004987850804123223,0.0,0.0
7367,3682.5008974319,2.0,2.0,1.4142135623730951,0.0004988495411323581,4009.2248966694883,2834.9501117369305
7368,3683.0014861504,1.0,1.0,1.0,0.0004989140059143678,2004.3534319452183,2004.3534319452183
7369,3683.5020750031,0.0,0.0,0.0,0.0004989784747562025,0.0,0.0
7370,3684.00266399,0.0,0.0,0.0,0.000499042947655663,0.0,0.0
7371,3684.5032531110996,0.0,0.0,0.0,0.0004991074246105036,0.0,0.0
7372,3685.0038423664,0.0,-1.0,1.0,0.0004991719056185483,-2003.317872549039,2003.317872549039
7373,3685.5044317559,0.0,0.0,0.0,0.0004992363906776092,0.0,0.0
7374,3686.0050212796,0.0,0.0,0.0,0.0004993008797854696,0.0,0.0
7375,3686.5056109374996,0.0,0.0,0.0,0.0004993653729399194,0.0,0.0
7376,3687.0062007295996,0.0,0.0,0.0,0.0004994298701388048,0.0,0.0
7377,3687.5067906558997,0.0,0.0,0.0,0.0004994943713799102,0.0,0.0
7378,3688.0073807164,0.0,-1.0,1.0,0.000499558876661014,-2001.7660514489683,2001.7660514489683
7379,3688.5079709111,1.0,0.0,1.4142135623730951,0.0004996233859799686,0.0,2830.5591812905955
7380,3689.00856124,0.0,-1.0,1.0,0.0004996878993345812,-2001.2491824029937,2001.2491824029937
7381,3689.5091517031,0.0,-1.0,1.0,0.0004997524167226075,-2000.9908237323439,2000.9908237323439
7382,3690.0097423004,0.0,0.0,0.0,0.0004998169381419064,0.0,0.0
7383,3690.5103330319002,0.0,0.0,0.0,0.000499881463590262,0.0,0.0
7384,3691.0109238975997,0.0,0.0,0.0,0.0004999459930655277,0.0,0.0
7385,3691.5115148974996,2.0,2.0,1.4142135623730951,0.0005000105265654711,3999.915789249131,2828.3675787532025
7386,3692.0121060316,0.0,0.0,0.0,0.0005000750640879283,0.0,0.0
7387,3692.5126972999,0.0,0.0,0.0,0.0005001396056307126,0.0,0.0
7388,3693.0132887024,0.0,0.0,0.0,0.000500204151191655,0.0,0.0
7389,3693.5138802390998,0.0,0.0,0.0,0.0005002687007685458,0.0,0.0
7390,3694.01447191,1.0,0.0,1.4142135623730951,0.0005003332543592051,0.0,2826.5432090543927
7391,3694.5150637151,0.0,0.0,0.0,0.0005003978119614748,0.0,0.0
7392,3695.0156556544002,1.0,0.0,1.4142135623730951,0.0005004623735731687,0.0,2825.8139613493518
7393,3695.5162477278996,0.0,0.0,0.0,0.0005005269391921067,0.0,0.0
7394,3696.0168399356,0.0,0.0,0.0,0.0005005915088161089,0.0,0.0
7395,3696.5174322775,0.0,0.0,0.0,0.0005006560824430173,0.0,0.0
7396,3697.0180247536,0.0,0.0,0.0,0.0005007206600706238,0.0,0.0
7397,3697.5186173639004,0.0,0.0,0.0,0.0005007852416967879,0.0,0.0
7398,3698.0192101084,0.0,0.0,0.0,0.0005008498273192967,0.0,0.0
7399,3698.5198029871,0.0,0.0,0.0,0.0005009144169360263,0.0,0.0
7400,3699.020396,0.0,0.0,0.0,0.0005009790105447805,0.0,0.0
7401,3699.5209891471,0.0,0.0,0.0,0.0005010436081433853,0.0,0.0
7402,3700.0215824283996,0.0,0.0,0.0,0.000501108209729701,0.0,0.0
7403,3700.5221758438997,0.0,0.0,0.0,0.0005011728153015258,0.0,0.0
7404,3701.0227693936,0.0,0.0,0.0,0.0005012374248566912,0.0,0.0
7405,3701.5233630775,0.0,0.0,0.0,0.0005013020383930644,0.0,0.0
7406,3702.0239568956003,0.0,0.0,0.0,0.000501366655908477,0.0,0.0
7407,3702.5245508478997,1.0,1.0,1.0,0.000501431277400728,1994.2912320581702,1994.2912320581702
7408,3703.0251449344,0.0,0.0,0.0,0.000501495902867706,0.0,0.0
7409,3703.5257391551,0.0,0.0,0.0,0.0005015605323072103,0.0,0.0
7410,3704.0263335100003,1.0,1.0,1.0,0.0005016251657170953,1993.5203979857267,1993.5203979857267
7411,3704.5269279991,0.0,0.0,0.0,0.0005016898030952057,0.0,0.0
7412,3705.0275226224,0.0,0.0,0.0,0.0005017544444393921,0.0,0.0
7413,3705.5281173799,1.0,0.0,1.4142135623730951,0.0005018190897475033,0.0,2818.1741015166936
7414,3706.0287122716,0.0,0.0,0.0,0.0005018837390173333,0.0,0.0
7415,3706.5293072975,0.0,0.0,0.0,0.0005019483922467665,0.0,0.0
7416,3707.0299024575997,0.0,0.0,0.0,0.0005020130494336586,0.0,0.0
7417,3707.5304977519,0.0,0.0,0.0,0.0005020777105758315,0.0,0.0
7418,3708.0310931804,1.0,1.0,1.0,0.000502142375671136,1991.4670588465167,1991.4670588465167
7419,3708.5316887431,0.0,0.0,0.0,0.0005022070447174338,0.0,0.0
7420,3709.03228444,0.0,0.0,0.0,0.0005022717177125874,0.0,0.0
7421,3709.5328802710997,0.0,0.0,0.0,0.0005023363946544299,0.0,0.0
7422,3710.0334762364,0.0,0.0,0.0,0.0005024010755407953,0.0,0.0
7423,3710.5340723359,1.0,-1.0,1.7320508075688774,0.0005024657603695691,-1990.1853596242838,3447.1021593489972
7424,3711.0346685696,0.0,0.0,0.0,0.000502530449138602,0.0,0.0
7425,3711.5352649375,1.0,1.0,1.0,0.0005025951418457452,1989.6730325079754,1989.6730325079754
7426,3712.0358614396,0.0,-1.0,1.0,0.0005026598384888668,-1989.4169444813297,1989.4169444813297
7427,3712.5364580759,0.0,0.0,0.0,0.0005027245390657791,0.0,0.0
7428,3713.0370548464,1.0,1.0,1.0,0.0005027892435744007,1988.904919466568,1988.904919466568
7429,3713.5376517511,0.0,0.0,0.0,0.0005028539520125611,0.0,0.0
7430,3714.0382487899997,0.0,0.0,0.0,0.0005029186643781172,0.0,0.0
7431,3714.5388459631,0.0,0.0,0.0,0.0005029833806689494,0.0,0.0
7432,3715.0394432704,0.0,0.0,0.0,0.0005030481008829039,0.0,0.0
7433,3715.5400407119,0.0,0.0,0.0,0.0005031128250178434,0.0,0.0
7434,3716.0406382876,0.0,0.0,0.0,0.0005031775530716493,0.0,0.0
7435,3716.5412359975,0.0,0.0,0.0,0.0005032422850421729,0.0,0.0
7436,3717.0418338416,1.0,1.0,1.0,0.0005033070209273004,1986.8588325225128,1986.8588325225128
7437,3717.5424318199002,0.0,0.0,0.0,0.0005033717607248619,0.0,0.0
7438,3718.0430299324003,0.0,0.0,0.0,0.0005034365044327776,0.0,0.0
7439,3718.5436281791,0.0,0.0,0.0,0.0005035012520488659,0.0,0.0
7440,3719.04422656,0.0,0.0,0.0,0.0005035660035710531,0.0,0.0
7441,3719.5448250751,0.0,0.0,0.0,0.0005036307589971636,0.0,0.0
7442,3720.0454237244003,0.0,0.0,0.0,0.000503695518325124,0.0,0.0
7443,3720.5460225078996,1.0,1.0,1.0,0.0005037602815527419,1985.071147168842,1985.071147168842
7444,3721.0466214256,0.0,0.0,0.0,0.0005038250486779208,0.0,0.0
7445,3721.5472204775,0.0,0.0,0.0,0.0005038898196985652,0.0,0.0
7446,3722.0478196636,2.0,2.0,1.4142135623730951,0.0005039545946125112,3968.611500680518,2806.232104026115
7447,3722.5484189839003,0.0,-1.0,1.0,0.0005040193734176685,-1984.0507185649876,1984.0507185649876
7448,3723.0490184384,0.0,0.0,0.0,0.0005040841561118963,0.0,0.0
7449,3723.5496180270998,2.0,2.0,1.4142135623730951,0.0005041489426930936,3967.0816114703684,2805.1503089911544
7450,3724.0502177500002,0.0,0.0,0.0,0.000504213733159119,0.0,0.0
7451,3724.5508176071003,0.0,0.0,0.0,0.0005042785275078663,0.0,0.0
7452,3725.0514175984,0.0,-1.0,1.0,0.0005043433257372463,-1982.77631321522,1982.77631321522
7453,3725.5520177239,0.0,0.0,0.0,0.0005044081278451062,0.0,0.0
7454,3726.0526179836,0.0,0.0,0.0,0.000504472933829323,0.0,0.0
7455,3726.5532183775,0.0,0.0,0.0,0.0005045377436878189,0.0,0.0
7456,3727.0538189056,0.0,0.0,0.0,0.0005046025574184647,0.0,0.0
7457,3727.5544195679,1.0,1.0,1.0,0.0005046673750191658,1981.5031632707048,1981.5031632707048
7458,3728.0550203643998,0.0,0.0,0.0,0.000504732196487788,0.0,0.0
7459,3728.5556212951,0.0,0.0,0.0,0.0005047970218222358,0.0,0.0
7460,3729.05622236,1.0,1.0,1.0,0.000504861851020382,1980.7398756291225,1980.7398756291225
7461,3729.5568235591,0.0,0.0,0.0,0.0005049266840801598,0.0,0.0
7462,3730.0574248924,1.0,1.0,1.0,0.0005049915209994122,1980.2312680833386,1980.2312680833386
7463,3730.5580263599,0.0,0.0,0.0,0.0005050563617760797,0.0,0.0
7464,3731.0586279616,0.0,0.0,0.0,0.0005051212064080279,0.0,0.0
7465,3731.5592296975,0.0,0.0,0.0,0.0005051860548931687,0.0,0.0
7466,3732.0598315675998,0.0,0.0,0.0,0.0005052509072293853,0.0,0.0
7467,3732.5604335719,0.0,-1.0,1.0,0.0005053157634146011,-1978.9606270001136,1978.9606270001136
7468,3733.0610357104,0.0,0.0,0.0,0.0005053806234467051,0.0,0.0
7469,3733.5616379831,0.0,0.0,0.0,0.0005054454873235923,0.0,0.0
7470,3734.0622403899997,1.0,1.0,1.0,0.0005055103550431576,1978.1988440466778,1978.1988440466778
7471,3734.5628429311,0.0,0.0,0.0,0.0005055752266033475,0.0,0.0
7472,3735.0634456064,0.0,-1.0,1.0,0.0005056401020020066,-1977.6912393630353,1977.6912393630353
7473,3735.5640484159,0.0,0.0,0.0,0.000505704981237063,0.0,0.0
7474,3736.0646513596002,1.0,0.0,1.4142135623730951,0.0005057698643064248,0.0,2796.1601949385467
7475,3736.5652544375,0.0,0.0,0.0,0.0005058347512080435,0.0,0.0
7476,3737.0658576496,1.0,1.0,1.0,0.0005058996419397414,1976.6766312894758,1976.6766312894758
7477,3737.5664609959,0.0,0.0,0.0,0.0005059645364994877,0.0,0.0
7478,3738.0670644764,0.0,0.0,0.0,0.0005060294348851607,0.0,0.0
7479,3738.5676680910997,0.0,0.0,0.0,0.0005060943370947139,0.0,0.0
7480,3739.06827184,0.0,0.0,0.0,0.00050615924312602,0.0,0.0
7481,3739.5688757231,0.0,-1.0,1.0,0.0005062241529769983,-1975.4094981821972,1975.4094981821972
7482,3740.0694797404,0.0,0.0,0.0,0.0005062890666455783,0.0,0.0
7483,3740.5700838919,0.0,0.0,0.0,0.0005063539841296681,0.0,0.0
7484,3741.0706881776,1.0,1.0,1.0,0.000506418905427147,1974.6498191186884,1974.6498191186884
7485,3741.5712925975,0.0,0.0,0.0,0.0005064838305360246,0.0,0.0
7486,3742.0718971516,0.0,0.0,0.0,0.0005065487594541406,0.0,0.0
7487,3742.5725018399003,0.0,0.0,0.0,0.0005066136921794205,0.0,0.0
7488,3743.0731066624,0.0,0.0,0.0,0.0005066786287098233,0.0,0.0
7489,3743.5737116191,3.0,3.0,1.7320508075688772,0.000506743569043228,5920.154064637144,3418.002542862312
7490,3744.07431671,1.0,1.0,1.0,0.0005068085131775834,1973.1318121122495,1973.1318121122495
7491,3744.5749219351,1.0,1.0,1.0,0.0005068734611108204,1972.8789860263855,1972.8789860263855
7492,3745.0755272944,0.0,0.0,0.0,0.0005069384128408411,0.0,0.0
7493,3745.5761327879,1.0,1.0,1.0,0.0005070033683655833,1972.3734838758176,1972.3734838758176
7494,3746.0767384155997,0.0,0.0,0.0,0.0005070683276829493,0.0,0.0
7495,3746.5773441775,0.0,0.0,0.0,0.0005071332907908931,0.0,0.0
7496,3747.0779500736003,0.0,0.0,0.0,0.0005071982576873461,0.0,0.0
7497,3747.5785561038997,0.0,0.0,0.0,0.0005072632283702231,0.0,0.0
7498,3748.0791622683996,0.0,0.0,0.0,0.0005073282028374448,0.0,0.0
7499,3748.5797685671,1.0,1.0,1.0,0.000507393181086976,1970.8581771984489,1970.8581771984489
7500,3749.080375,0.0,0.0,0.0,0.0005074581631167208,0.0,0.0
7501,3749.5809815671,0.0,0.0,0.0,0.0005075231489246224,0.0,0.0
7502,3750.0815882683996,0.0,0.0,0.0,0.0005075881385086069,0.0,0.0
7503,3750.5821951038997,0.0,0.0,0.0,0.0005076531318666118,0.0,0.0
7504,3751.0828020736,0.0,-1.0,1.0,0.000507718128996587,-1969.5967957187565,1969.5967957187565
7505,3751.5834091775,0.0,-1.0,1.0,0.0005077831298964639,-1969.3446692565356,1969.3446692565356
7506,3752.0840164155998,0.0,-1.0,1.0,0.0005078481345641814,-1969.0925927259084,1969.0925927259084
7507,3752.5846237879,0.0,0.0,0.0,0.0005079131429976545,0.0,0.0
7508,3753.0852312944,0.0,0.0,0.0,0.0005079781551948553,0.0,0.0
7509,3753.5858389351,0.0,-1.0,1.0,0.000508043171153705,-1968.3366626680959,1968.3366626680959
7510,3754.08644671,0.0,0.0,0.0,0.000508108190872182,0.0,0.0
7511,3754.5870546191,0.0,0.0,0.0,0.0005081732143481907,0.0,0.0
7512,3755.0876626624,0.0,0.0,0.0,0.0005082382415796581,0.0,0.0
7513,3755.5882708399,0.0,0.0,0.0,0.0005083032725645906,0.0,0.0
7514,3756.0888791516,0.0,0.0,0.0,0.0005083683073008938,0.0,0.0
7515,3756.5894875974996,0.0,0.0,0.0,0.000508433345786517,0.0,0.0
7516,3757.0900961775997,0.0,0.0,0.0,0.0005084983880194165,0.0,0.0
7517,3757.5907048919,0.0,0.0,0.0,0.0005085634339975595,0.0,0.0
7518,3758.0913137404,0.0,0.0,0.0,0.000508628483718857,0.0,0.0
7519,3758.5919227231,0.0,0.0,0.0,0.0005086935371812816,0.0,0.0
7520,3759.09253184,0.0,-1.0,1.0,0.0005087585943827845,-1965.5687609821696,1965.5687609821696
7521,3759.5931410911,0.0,0.0,0.0,0.000508823655321305,0.0,0.0
7522,3760.0937504764,0.0,0.0,0.0,0.0005088887199948328,0.0,0.0
7523,3760.5943599959,1.0,1.0,1.0,0.0005089537884012972,1964.8149258131177,1964.8149258131177
7524,3761.0949696496,0.0,0.0,0.0,0.0005090188605386367,0.0,0.0
7525,3761.5955794375,1.0,1.0,1.0,0.0005090839364048602,1964.3126181941202,1964.3126181941202
7526,3762.0961893596,0.0,0.0,0.0,0.0005091490159978779,0.0,0.0
7527,3762.5967994159,0.0,0.0,0.0,0.0005092140993156704,0.0,0.0
7528,3763.0974096064,0.0,0.0,0.0,0.0005092791863561771,0.0,0.0
7529,3763.5980199310998,0.0,0.0,0.0,0.0005093442771174001,0.0,0.0
7530,3764.09863039,0.0,0.0,0.0,0.0005094093715972579,0.0,0.0
7531,3764.5992409831,0.0,0.0,0.0,0.0005094744697937521,0.0,0.0
7532,3765.0998517104,0.0,0.0,0.0,0.0005095395717047892,0.0,0.0
7533,3765.6004625719,0.0,0.0,0.0,0.0005096046773284122,0.0,0.0
7534,3766.1010735676,1.0,1.0,1.0,0.0005096697866625381,1962.05469927555,1962.05469927555
7535,3766.6016846975,0.0,0.0,0.0,0.0005097348997051248,0.0,0.0
7536,3767.1022959616,1.0,1.0,1.0,0.0005098000164541814,1961.5534871013008,1961.5534871013008
7537,3767.6029073599,0.0,0.0,0.0,0.0005098651369076253,0.0,0.0
7538,3768.1035188923997,0.0,0.0,0.0,0.000509930261063477,0.0,0.0
7539,3768.6041305590998,0.0,0.0,0.0,0.0005099953889196718,0.0,0.0
7540,3769.10474236,0.0,0.0,0.0,0.0005100605204742015,0.0,0.0
7541,3769.6053542951,0.0,-1.0,1.0,0.0005101256557250246,-1960.3013272852027,1960.3013272852027
7542,3770.1059663644,0.0,0.0,0.0,0.0005101907946701215,0.0,0.0
7543,3770.6065785678998,0.0,-1.0,1.0,0.0005102559373074734,-1959.8008114845577,1959.8008114845577
7544,3771.1071909056,0.0,0.0,0.0,0.0005103210836350612,0.0,0.0
7545,3771.6078033775,0.0,0.0,0.0,0.0005103862336508323,0.0,0.0
7546,3772.1084159836,0.0,-1.0,1.0,0.0005104513873527899,-1959.050410629733,1959.050410629733
7547,3772.6090287239,0.0,-1.0,1.0,0.000510516544738905,-1958.8003764137225,1958.8003764137225
7548,3773.1096415984,0.0,0.0,0.0,0.0005105817058071524,0.0,0.0
7549,3773.6102546071,0.0,0.0,0.0,0.0005106468705555249,0.0,0.0
7550,3774.11086775,1.0,1.0,1.0,0.0005107120389819989,1958.05057189037,1958.05057189037
7551,3774.6114810271,0.0,0.0,0.0,0.0005107772110845502,0.0,0.0
7552,3775.1120944383997,0.0,0.0,0.0,0.0005108423868611835,0.0,0.0
7553,3775.6127079839,0.0,0.0,0.0,0.0005109075663098457,0.0,0.0
7554,3776.1133216636,0.0,0.0,0.0,0.0005109727494285533,0.0,0.0
7555,3776.6139354775,0.0,0.0,0.0,0.0005110379362152825,0.0,0.0
7556,3777.1145494255998,0.0,0.0,0.0,0.0005111031266679983,0.0,0.0
7557,3777.6151635079,0.0,-2.0,1.4142135623730951,0.0005111683207847342,-3912.605532615254,2766.62990422025
7558,3778.1157777244,0.0,0.0,0.0,0.0005112335185634606,0.0,0.0
7559,3778.6163920751,0.0,0.0,0.0,0.0005112987200021489,0.0,0.0
7560,3779.11700656,0.0,0.0,0.0,0.0005113639250988207,0.0,0.0
7561,3779.6176211791,1.0,0.0,1.4142135623730951,0.0005114291338514361,0.0,2765.2190083952214
7562,3780.1182359324,0.0,0.0,0.0,0.000511494346258023,0.0,0.0
7563,3780.6188508199,0.0,0.0,0.0,0.0005115595623165759,0.0,0.0
7564,3781.1194658416002,0.0,0.0,0.0,0.0005116247820250312,0.0,0.0
7565,3781.6200809975,0.0,0.0,0.0,0.000511690005381429,0.0,0.0
7566,3782.1206962876,0.0,-1.0,1.0,0.0005117552323837972,-1954.0591609428577,1954.0591609428577
7567,3782.6213117119,0.0,-1.0,1.0,0.0005118204630300682,-1953.8101194309857,1953.8101194309857
7568,3783.1219272704,1.0,1.0,1.0,0.0005118856973182933,1953.5611274916998,1953.5611274916998
7569,3783.6225429631,0.0,0.0,0.0,0.0005119509352464435,0.0,0.0
7570,3784.1231587899997,0.0,0.0,0.0,0.0005120161768125312,0.0,0.0
7571,3784.6237747511,0.0,0.0,0.0,0.0005120814220145446,0.0,0.0
7572,3785.1243908464,0.0,0.0,0.0,0.0005121466708504905,0.0,0.0
7573,3785.6250070759,0.0,0.0,0.0,0.0005122119233183861,0.0,0.0
7574,3786.1256234395996,0.0,0.0,0.0,0.0005122771794162489,0.0,0.0
7575,3786.6262399375,0.0,0.0,0.0,0.0005123424391420572,0.0,0.0
7576,3787.1268565696,1.0,1.0,1.0,0.0005124077024938058,1951.5709758716757,1951.5709758716757
7577,3787.6274733359,0.0,0.0,0.0,0.000512472969469541,0.0,0.0
7578,3788.1280902364,0.0,0.0,0.0,0.000512538240067247,0.0,0.0
7579,3788.6287072710998,0.0,0.0,0.0,0.0005126035142849297,0.0,0.0
7580,3789.12932444,0.0,0.0,0.0,0.0005126687921206195,0.0,0.0
7581,3789.6299417431,0.0,0.0,0.0,0.0005127340735722941,0.0,0.0
7582,3790.1305591804003,1.0,1.0,1.0,0.0005127993586380121,1950.0804420972484,1950.0804420972484
7583,3790.6311767518996,0.0,0.0,0.0,0.0005128646473157518,0.0,0.0
7584,3791.1317944576,1.0,1.0,1.0,0.0005129299396035371,1949.5839934259593,1949.5839934259593
7585,3791.6324122974997,0.0,0.0,0.0,0.0005129952354993925,0.0,0.0
7586,3792.1330302716,1.0,1.0,1.0,0.0005130605350013195,1949.0877426333877,1949.0877426333877
7587,3792.6336483799,0.0,0.0,0.0,0.0005131258381073369,0.0,0.0
7588,3793.1342666224,1.0,1.0,1.0,0.0005131911448154971,1948.5916896705628,1948.5916896705628
7589,3793.6348849991,0.0,0.0,0.0,0.0005132564551237687,0.0,0.0
7590,3794.13550351,0.0,0.0,0.0,0.0005133217690301867,0.0,0.0
7591,3794.6361221551,0.0,0.0,0.0,0.0005133870865327878,0.0,0.0
7592,3795.1367409343998,0.0,0.0,0.0,0.0005134524076295736,0.0,0.0
7593,3795.6373598479,0.0,0.0,0.0,0.0005135177323186037,0.0,0.0
7594,3796.1379788956,0.0,0.0,0.0,0.0005135830605978625,0.0,0.0
7595,3796.6385980775,0.0,0.0,0.0,0.000513648392465364,0.0,0.0
7596,3797.1392173936,0.0,0.0,0.0,0.0005137137279191899,0.0,0.0
7597,3797.6398368439,0.0,0.0,0.0,0.0005137790669573035,0.0,0.0
7598,3798.1404564284,0.0,0.0,0.0,0.000513844409577786,0.0,0.0
7599,3798.6410761471,0.0,0.0,0.0,0.0005139097557786294,0.0,0.0
7600,3799.141696,0.0,0.0,0.0,0.0005139751055578927,0.0,0.0
7601,3799.6423159871,0.0,0.0,0.0,0.0005140404589135735,0.0,0.0
7602,3800.1429361083997,0.0,0.0,0.0,0.0005141058158437366,0.0,0.0
7603,3800.6435563638997,0.0,0.0,0.0,0.0005141711763464017,0.0,0.0
7604,3801.1441767536,0.0,0.0,0.0,0.0005142365404195954,0.0,0.0
7605,3801.6447972775,0.0,0.0,0.0,0.0005143019080613433,0.0,0.0
7606,3802.1454179355997,0.0,0.0,0.0,0.000514367279269688,0.0,0.0
7607,3802.6460387279,1.0,1.0,1.0,0.0005144326540426727,1943.8890438651063,1943.8890438651063
7608,3803.1466596544,0.0,0.0,0.0,0.0005144980323783515,0.0,0.0
7609,3803.6472807151,1.0,1.0,1.0,0.0005145634142747229,1943.3950651340028,1943.3950651340028
7610,3804.14790191,0.0,0.0,0.0,0.0005146287997298524,0.0,0.0
7611,3804.6485232390996,0.0,-1.0,1.0,0.0005146941887417775,-1942.9012836624445,1942.9012836624445
7612,3805.1491447024,0.0,0.0,0.0,0.000514759581308508,0.0,0.0
7613,3805.6497662999,0.0,0.0,0.0,0.0005148249774281379,0.0,0.0
7614,3806.1503880316,0.0,0.0,0.0,0.000514890377098666,0.0,0.0
7615,3806.6510098975,0.0,0.0,0.0,0.0005149557803181696,0.0,0.0
7616,3807.1516318976,0.0,0.0,0.0,0.0005150211870846583,0.0,0.0
7617,3807.6522540319,0.0,0.0,0.0,0.0005150865973961935,0.0,0.0
7618,3808.1528763004,0.0,-1.0,1.0,0.0005151520112508526,-1941.1746012053347,1941.1746012053347
7619,3808.6534987031,0.0,0.0,0.0,0.0005152174286466345,0.0,0.0
7620,3809.1541212399998,0.0,0.0,0.0,0.0005152828495816055,0.0,0.0
7621,3809.6547439111,1.0,1.0,1.0,0.0005153482740538328,1940.435333437327,1940.435333437327
7622,3810.1553667164,0.0,0.0,0.0,0.0005154137020613321,0.0,0.0
7623,3810.6559896559,0.0,0.0,0.0,0.0005154791336021706,0.0,0.0
7624,3811.1566127295996,0.0,-1.0,1.0,0.0005155445686744038,-1939.6965088222232,1939.6965088222232
7625,3811.6572359375,0.0,0.0,0.0,0.0005156100072760934,0.0,0.0
7626,3812.1578592796,0.0,0.0,0.0,0.000515675449405278,0.0,0.0
7627,3812.6584827559,0.0,0.0,0.0,0.0005157408950600135,0.0,0.0
7628,3813.1591063664,0.0,0.0,0.0,0.000515806344238379,0.0,0.0
7629,3813.6597301110996,0.0,0.0,0.0,0.0005158717969383849,0.0,0.0
7630,3814.1603539899997,0.0,0.0,0.0,0.0005159372531581157,0.0,0.0
7631,3814.6609780031,0.0,0.0,0.0,0.0005160027128956451,0.0,0.0
7632,3815.1616021504,0.0,0.0,0.0,0.0005160681761490067,0.0,0.0
7633,3815.6622264319,0.0,0.0,0.0,0.0005161336429162679,0.0,0.0
7634,3816.1628508475997,0.0,0.0,0.0,0.0005161991131954911,0.0,0.0
7635,3816.6634753975,2.0,2.0,1.4142135623730951,0.000516264586984739,3873.9825477495338,2739.3193297120333
7636,3817.1641000816,0.0,0.0,0.0,0.0005163300642820902,0.0,0.0
7637,3817.6647248999,1.0,1.0,1.0,0.0005163955450855733,1936.5000521727727,1936.5000521727727
7638,3818.1653498523997,1.0,1.0,1.0,0.0005164610293932795,1936.2545150304277,1936.2545150304277
7639,3818.6659749391,0.0,0.0,0.0,0.0005165265172032824,0.0,0.0
7640,3819.16660016,0.0,0.0,0.0,0.0005165920085136164,0.0,0.0
7641,3819.6672255151,0.0,-1.0,1.0,0.0005166575033224012,-1935.5181983604843,1935.5181983604843
7642,3820.1678510044,0.0,0.0,0.0,0.0005167230016276538,0.0,0.0
7643,3820.6684766279,0.0,0.0,0.0,0.0005167885034274489,0.0,0.0
7644,3821.1691023856,0.0,-1.0,1.0,0.0005168540087198831,-1934.7823236908766,1934.7823236908766
7645,3821.6697282775,0.0,0.0,0.0,0.0005169195175030142,0.0,0.0
7646,3822.1703543036,0.0,0.0,0.0,0.0005169850297749216,0.0,0.0
7647,3822.6709804639,0.0,-1.0,1.0,0.0005170505455336522,-1934.0468908467963,1934.0468908467963
7648,3823.1716067584,0.0,0.0,0.0,0.0005171160647773203,0.0,0.0
7649,3823.6722331871,0.0,0.0,0.0,0.0005171815875039719,0.0,0.0
7650,3824.17285975,1.0,0.0,1.4142135623730951,0.0005172471137116992,0.0,2734.1159087865744
7651,3824.6734864470995,0.0,-2.0,1.4142135623730951,0.0005173126433985596,-3866.1340014052494,2733.769569369533
7652,3825.1741132784,0.0,0.0,0.0,0.000517378176562651,0.0,0.0
7653,3825.6747402439,1.0,1.0,1.0,0.0005174437132020372,1932.5773499339966,1932.5773499339966
7654,3826.1753673436,0.0,0.0,0.0,0.0005175092533148271,0.0,0.0
7655,3826.6759945775,0.0,0.0,0.0,0.0005175747968990677,0.0,0.0
7656,3827.1766219456,0.0,0.0,0.0,0.000517640343952851,0.0,0.0
7657,3827.6772494479,0.0,0.0,0.0,0.0005177058944742525,0.0,0.0
7658,3828.1778770844,0.0,0.0,0.0,0.0005177714484613478,0.0,0.0
7659,3828.6785048551,0.0,0.0,0.0,0.0005178370059122631,0.0,0.0
7660,3829.17913276,0.0,-1.0,1.0,0.0005179025668250627,-1930.8651164453108,1930.8651164453108
7661,3829.6797607990998,0.0,0.0,0.0,0.0005179681311978057,0.0,0.0
7662,3830.1803889724,0.0,0.0,0.0,0.000518033699028618,0.0,0.0
7663,3830.6810172799,0.0,0.0,0.0,0.0005180992703155704,0.0,0.0
7664,3831.1816457216,0.0,0.0,0.0,0.0005181648450567386,0.0,0.0
7665,3831.6822742974996,0.0,0.0,0.0,0.0005182304232502269,0.0,0.0
7666,3832.1829030076,1.0,1.0,1.0,0.0005182960048941395,1929.3993983307805,1929.3993983307805
7667,3832.6835318519,1.0,1.0,1.0,0.0005183615899865248,1929.1552833341602,1929.1552833341602
7668,3833.1841608304003,0.0,-1.0,1.0,0.0005184271785255318,-1928.9112172786122,1928.9112172786122
7669,3833.6847899430995,0.0,0.0,0.0,0.0005184927705092033,0.0,0.0
7670,3834.1854191899997,0.0,0.0,0.0,0.0005185583659356607,0.0,0.0
7671,3834.6860485711,0.0,0.0,0.0,0.000518623964803015,0.0,0.0
7672,3835.1866780864,0.0,0.0,0.0,0.0005186895671093137,0.0,0.0
7673,3835.6873077359,0.0,-1.0,1.0,0.0005187551728526847,-1927.691620887178,1927.691620887178
7674,3836.1879375196,0.0,0.0,0.0,0.0005188207820312275,0.0,0.0
7675,3836.6885674375,0.0,0.0,0.0,0.0005188863946430354,0.0,0.0
7676,3837.1891974896,0.0,-1.0,1.0,0.0005189520106862085,-1926.9604499223415,1926.9604499223415
7677,3837.6898276759002,1.0,1.0,1.0,0.0005190176301588398,1926.7168240392155,1926.7168240392155
7678,3838.1904579964003,0.0,-1.0,1.0,0.0005190832530590524,-1926.4732470308327,1926.4732470308327
7679,3838.6910884511,0.0,0.0,0.0,0.0005191488793849232,0.0,0.0
7680,3839.19171904,0.0,0.0,0.0,0.0005192145091345799,0.0,0.0
7681,3839.6923497631,1.0,1.0,1.0,0.0005192801423061059,1925.7428091877982,1925.7428091877982
7682,3840.1929806204002,0.0,0.0,0.0,0.0005193457788976007,0.0,0.0
7683,3840.6936116119,0.0,-1.0,1.0,0.000519411418907199,-1925.2560948773937,1925.2560948773937
7684,3841.1942427376,0.0,0.0,0.0,0.0005194770623329715,0.0,0.0
7685,3841.6948739975,0.0,0.0,0.0,0.0005195427091730647,0.0,0.0
7686,3842.1955053916,0.0,0.0,0.0,0.0005196083594255727,0.0,0.0
7687,3842.6961369199003,0.0,0.0,0.0,0.0005196740130885848,0.0,0.0
7688,3843.1967685823997,0.0,0.0,0.0,0.0005197396701602578,0.0,0.0
7689,3843.6974003791,0.0,0.0,0.0,0.0005198053306386241,0.0,0.0
7690,3844.19803231,0.0,0.0,0.0,0.0005198709945218807,0.0,0.0
7691,3844.6986643751,0.0,0.0,0.0,0.0005199366618081113,0.0,0.0
7692,3845.1992965744,0.0,0.0,0.0,0.0005200023324954055,0.0,0.0
7693,3845.6999289079,0.0,0.0,0.0,0.0005200680065819034,0.0,0.0
7694,3846.2005613756,0.0,0.0,0.0,0.0005201336840657229,0.0,0.0
7695,3846.7011939775,1.0,1.0,1.0,0.0005201993649449761,1922.3399092495522,1922.3399092495522
7696,3847.2018267136,0.0,0.0,0.0,0.0005202650492177533,0.0,0.0
7697,3847.7024595839,0.0,0.0,0.0,0.0005203307368822059,0.0,0.0
7698,3848.2030925884,0.0,0.0,0.0,0.000520396427936447,0.0,0.0
7699,3848.7037257271,0.0,0.0,0.0,0.0005204621223786001,0.0,0.0
7700,3849.2043590000003,0.0,0.0,0.0,0.0005205278202067667,0.0,0.0
7701,3849.7049924071,0.0,0.0,0.0,0.0005205935214190875,0.0,0.0
7702,3850.2056259483998,0.0,0.0,0.0,0.0005206592260136985,0.0,0.0
7703,3850.7062596238998,0.0,0.0,0.0,0.0005207249339886838,0.0,0.0
7704,3851.2068934336003,1.0,1.0,1.0,0.0005207906453422019,1920.1573779093487,1920.1573779093487
7705,3851.7075273775004,0.0,-1.0,1.0,0.0005208563600723773,-1919.915117981936,1919.915117981936
7706,3852.2081614556,0.0,0.0,0.0,0.0005209220781773002,0.0,0.0
7707,3852.7087956678997,0.0,-1.0,1.0,0.0005209877996551407,-1919.430744178527,1919.430744178527
7708,3853.2094300144,1.0,1.0,1.0,0.0005210535245040115,1919.1886302887895,1919.1886302887895
7709,3853.7100644951,0.0,0.0,0.0,0.000521119252722004,0.0,0.0
7710,3854.21069911,0.0,0.0,0.0,0.0005211849843073271,0.0,0.0
7711,3854.7113338591,0.0,0.0,0.0,0.0005212507192580609,0.0,0.0
7712,3855.2119687424,0.0,0.0,0.0,0.0005213164575723361,0.0,0.0
7713,3855.7126037599,1.0,1.0,1.0,0.0005213821992483168,1917.978790686971,1917.978790686971
7714,3856.2132389116,0.0,0.0,0.0,0.0005214479442841112,0.0,0.0
7715,3856.7138741975,0.0,0.0,0.0,0.0005215136926778385,0.0,0.0
7716,3857.2145096176,0.0,0.0,0.0,0.0005215794444276586,0.0,0.0
7717,3857.7151451719,0.0,0.0,0.0,0.0005216451995317301,0.0,0.0
7718,3858.2157808604,0.0,0.0,0.0,0.0005217109579881335,0.0,0.0
7719,3858.7164166831,0.0,-1.0,1.0,0.0005217767197950332,-1916.5285879232495,1916.5285879232495
7720,3859.21705264,0.0,0.0,0.0,0.0005218424849506119,0.0,0.0
7721,3859.7176887310998,0.0,0.0,0.0,0.0005219082534529268,0.0,0.0
7722,3860.2183249564,0.0,0.0,0.0,0.0005219740253001832,0.0,0.0
7723,3860.7189613159003,0.0,0.0,0.0,0.0005220398004904843,0.0,0.0
7724,3861.2195978095997,1.0,1.0,1.0,0.0005221055790220062,1915.3214219108183,1915.3214219108183
7725,3861.7202344375,1.0,1.0,1.0,0.0005221713608928583,1915.0801344028228,1915.0801344028228
7726,3862.2208711996,0.0,0.0,0.0,0.0005222371461012224,0.0,0.0
7727,3862.7215080959,0.0,-1.0,1.0,0.0005223029346452144,-1914.5977050258614,1914.5977050258614
7728,3863.2221451264,1.0,1.0,1.0,0.0005223687265229938,1914.356563143107,1914.356563143107
7729,3863.7227822911,0.0,0.0,0.0,0.0005224345217326919,0.0,0.0
7730,3864.22341959,0.0,-1.0,1.0,0.0005225003202724809,-1913.8744249544302,1913.8744249544302
7731,3864.7240570231,0.0,0.0,0.0,0.0005225661221404812,0.0,0.0
7732,3865.2246945904003,0.0,0.0,0.0,0.0005226319273348586,0.0,0.0
7733,3865.7253322918996,0.0,0.0,0.0,0.0005226977358537801,0.0,0.0
7734,3866.2259701276,1.0,1.0,1.0,0.0005227635476953538,1912.9107306899696,1912.9107306899696
7735,3866.7266080975,0.0,0.0,0.0,0.0005228293628577753,0.0,0.0
7736,3867.2272462016,1.0,0.0,1.4142135623730951,0.000522895181339177,0.0,2704.5832756599125
7737,3867.7278844398998,1.0,1.0,1.0,0.0005229610031377019,1912.188469121259,1912.188469121259
7738,3868.2285228123997,0.0,0.0,0.0,0.0005230268282515285,0.0,0.0
7739,3868.7291613191,1.0,1.0,1.0,0.0005230926566788058,1911.707203746944,1911.707203746944
7740,3869.22979996,0.0,-1.0,1.0,0.0005231584884176951,-1911.4666437402614,1911.4666437402614
7741,3869.7304387351,0.0,0.0,0.0,0.0005232243234663119,0.0,0.0
7742,3870.2310776443996,1.0,1.0,1.0,0.0005232901618228856,1910.985669053077,1910.985669053077
7743,3870.7317166878997,0.0,0.0,0.0,0.0005233560034855202,0.0,0.0
7744,3871.2323558656,0.0,0.0,0.0,0.0005234218484524058,0.0,0.0
7745,3871.7329951775,1.0,1.0,1.0,0.0005234876967216635,1910.264570232481,1910.264570232481
7746,3872.2336346235998,1.0,1.0,1.0,0.0005235535482915062,1910.0243007869292,1910.0243007869292
7747,3872.7342742039,0.0,0.0,0.0,0.000523619403160067,0.0,0.0
7748,3873.2349139184,1.0,1.0,1.0,0.0005236852613255069,1909.5439070958125,1909.5439070958125
7749,3873.7355537671,1.0,0.0,1.4142135623730951,0.000523751122786005,0.0,2700.163304377137
7750,3874.23619375,0.0,0.0,0.0,0.0005238169875397287,0.0,0.0
7751,3874.7368338671,0.0,0.0,0.0,0.0005238828555848335,0.0,0.0
7752,3875.2374741184,0.0,0.0,0.0,0.0005239487269194815,0.0,0.0
7753,3875.7381145039,0.0,0.0,0.0,0.0005240146015418579,0.0,0.0
7754,3876.2387550236,1.0,1.0,1.0,0.000524080479450118,1908.1038871152614,1908.1038871152614
7755,3876.7393956775004,0.0,0.0,0.0,0.0005241463606424359,0.0,0.0
7756,3877.2400364656,0.0,0.0,0.0,0.0005242122451169562,0.0,0.0
7757,3877.7406773878997,0.0,0.0,0.0,0.0005242781328718978,0.0,0.0
7758,3878.2413184444,0.0,-1.0,1.0,0.0005243440239054009,-1907.1448408085873,1907.1448408085873
7759,3878.7419596351,0.0,0.0,0.0,0.0005244099182156554,0.0,0.0
7760,3879.24260096,1.0,0.0,1.4142135623730951,0.0005244758158008297,0.0,2696.4323611637114
7761,3879.7432424190997,0.0,0.0,0.0,0.0005245417166590975,0.0,0.0
7762,3880.2438840124,2.0,2.0,1.4142135623730951,0.0005246076207886275,3812.373135169973,2695.7548962921064
7763,3880.7445257399,0.0,0.0,0.0,0.0005246735281876096,0.0,0.0
7764,3881.2451676016003,0.0,0.0,0.0,0.0005247394388541906,0.0,0.0
7765,3881.7458095975,0.0,0.0,0.0,0.0005248053527865834,0.0,0.0
7766,3882.2464517276,0.0,0.0,0.0,0.0005248712699829684,0.0,0.0
7767,3882.7470939919,0.0,0.0,0.0,0.0005249371904415024,0.0,0.0
7768,3883.2477363904,0.0,0.0,0.0,0.000525003114160377,0.0,0.0
7769,3883.7483789230996,0.0,0.0,0.0,0.000525069041137795,0.0,0.0
7770,3884.2490215899998,0.0,-1.0,1.0,0.0005251349713718905,-1904.2723385714473,1904.2723385714473
7771,3884.7496643911,0.0,-1.0,1.0,0.0005252009048608673,-1904.033277065494,1904.033277065494
7772,3885.2503073264,0.0,-1.0,1.0,0.0005252668416029443,-1903.7942637847154,1903.7942637847154
7773,3885.7509503959,0.0,0.0,0.0,0.0005253327815962516,0.0,0.0
7774,3886.2515935996,0.0,0.0,0.0,0.0005253987248390206,0.0,0.0
7775,3886.7522369375,0.0,0.0,0.0,0.000525464671329403,0.0,0.0
7776,3887.2528804096,0.0,-1.0,1.0,0.0005255306210656078,-1902.8386927717368,1902.8386927717368
7777,3887.7535240159,0.0,0.0,0.0,0.0005255965740458156,0.0,0.0
7778,3888.2541677564,0.0,0.0,0.0,0.0005256625302682297,0.0,0.0
7779,3888.7548116311,0.0,0.0,0.0,0.0005257284897310198,0.0,0.0
7780,3889.25545564,2.0,2.0,1.4142135623730951,0.0005257944524324173,3803.7677855817033,2689.66999524376
7781,3889.7560997831,1.0,1.0,1.0,0.0005258604183705638,1901.645313215643,1901.645313215643
7782,3890.2567440604003,1.0,1.0,1.0,0.0005259263875436513,1901.406781794156,1901.406781794156
7783,3890.7573884719,0.0,0.0,0.0,0.0005259923599499175,0.0,0.0
7784,3891.2580330175997,0.0,0.0,0.0,0.0005260583355875209,0.0,0.0
7785,3891.7586776975,0.0,0.0,0.0,0.0005261243144546883,0.0,0.0
7786,3892.2593225116,1.0,1.0,1.0,0.0005261902965495668,1900.453137500609,1900.453137500609
7787,3892.7599674598996,0.0,0.0,0.0,0.0005262562818704052,0.0,0.0
7788,3893.2606125424,0.0,0.0,0.0,0.0005263222704153683,0.0,0.0
7789,3893.7612577591,0.0,0.0,0.0,0.0005263882621826661,0.0,0.0
7790,3894.2619031100003,0.0,-1.0,1.0,0.0005264542571705135,-1899.5002630895424,1899.5002630895424
7791,3894.7625485951003,0.0,-1.0,1.0,0.0005265202553770982,-1899.2621647267713,1899.2621647267713
7792,3895.2631942144,0.0,0.0,0.0,0.0005265862568006076,0.0,0.0
7793,3895.7638399679,0.0,0.0,0.0,0.0005266522614392512,0.0,0.0
7794,3896.2644858556,0.0,0.0,0.0,0.0005267182692912451,0.0,0.0
7795,3896.7651318775,0.0,-1.0,1.0,0.0005267842803547998,-1898.3102520190616,1898.3102520190616
7796,3897.2657780336,0.0,-1.0,1.0,0.0005268502946280799,-1898.072393991791,1898.072393991791
7797,3897.7664243238996,0.0,0.0,0.0,0.0005269163121093242,0.0,0.0
7798,3898.2670707484,0.0,0.0,0.0,0.0005269823327967261,0.0,0.0
7799,3898.7677173071,2.0,2.0,1.4142135623730951,0.0005270483566885018,3794.718216306,2683.270983442093
7800,3899.268364,1.0,1.0,1.0,0.000527114383782867,1897.1214422635214,1897.1214422635214
7801,3899.7690108271,0.0,0.0,0.0,0.0005271804140779877,0.0,0.0
7802,3900.2696577884,0.0,-1.0,1.0,0.0005272464475721365,-1896.6462545263194,1896.6462545263194
7803,3900.7703048839,0.0,0.0,0.0,0.0005273124842634789,0.0,0.0
7804,3901.2709521136003,0.0,0.0,0.0,0.0005273785241502372,0.0,0.0
7805,3901.7715994775,0.0,0.0,0.0,0.0005274445672306333,0.0,0.0
7806,3902.2722469756,0.0,0.0,0.0,0.0005275106135028612,0.0,0.0
7807,3902.7728946079,0.0,0.0,0.0,0.0005275766629651608,0.0,0.0
7808,3903.2735423744,0.0,0.0,0.0,0.0005276427156157142,0.0,0.0
7809,3903.7741902751,0.0,-1.0,1.0,0.0005277087714527723,-1894.9846091188115,1894.9846091188115
7810,3904.2748383099997,0.0,0.0,0.0,0.0005277748304745244,0.0,0.0
7811,3904.7754864791,0.0,0.0,0.0,0.0005278408926792031,0.0,0.0
7812,3905.2761347824,0.0,0.0,0.0,0.0005279069580650383,0.0,0.0
7813,3905.7767832199,1.0,1.0,1.0,0.0005279730266302291,1894.0361525331473,1894.0361525331473
7814,3906.2774317915996,0.0,0.0,0.0,0.0005280390983729816,0.0,0.0
7815,3906.7780804975,0.0,0.0,0.0,0.0005281051732915471,0.0,0.0
7816,3907.2787293376,0.0,0.0,0.0,0.0005281712513841202,0.0,0.0
7817,3907.7793783119,1.0,1.0,1.0,0.0005282373326489408,1893.0884626902848,1893.0884626902848
7818,3908.2800274204,1.0,1.0,1.0,0.0005283034170842436,1892.8516599780753,1892.8516599780753
7819,3908.7806766630997,0.0,0.0,0.0,0.0005283695046882232,0.0,0.0
7820,3909.28132604,0.0,0.0,0.0,0.0005284355954591316,0.0,0.0
7821,3909.7819755511,0.0,-1.0,1.0,0.0005285016893951802,-1892.1415391205367,1892.1415391205367
7822,3910.2826251964,0.0,-1.0,1.0,0.0005285677864945816,-1891.9049279032276,1891.9049279032276
7823,3910.7832749758995,0.0,0.0,0.0,0.0005286338867555985,0.0,0.0
7824,3911.2839248896,0.0,0.0,0.0,0.0005286999901764147,0.0,0.0
7825,3911.7845749375,1.0,1.0,1.0,0.000528766096755294,1891.1953813536327,1891.1953813536327
7826,3912.2852251196,0.0,0.0,0.0,0.0005288322064904594,0.0,0.0
7827,3912.7858754359,0.0,0.0,0.0,0.0005288983193801577,0.0,0.0
7828,3913.2865258864,0.0,0.0,0.0,0.0005289644354225787,0.0,0.0
7829,3913.7871764711,0.0,0.0,0.0,0.00052903055461598,0.0,0.0
7830,3914.28782719,1.0,1.0,1.0,0.0005290966769586025,1890.0137603363587,1890.0137603363587
7831,3914.7884780431,0.0,0.0,0.0,0.0005291628024486423,0.0,0.0
7832,3915.2891290303996,0.0,0.0,0.0,0.0005292289310843966,0.0,0.0
7833,3915.7897801519,0.0,0.0,0.0,0.0005292950628640446,0.0,0.0
7834,3916.2904314076,0.0,0.0,0.0,0.0005293611977858554,0.0,0.0
7835,3916.7910827975,0.0,0.0,0.0,0.0005294273358480425,0.0,0.0
7836,3917.2917343216,0.0,0.0,0.0,0.0005294934770488692,0.0,0.0
7837,3917.7923859799,1.0,1.0,1.0,0.0005295596213865663,1888.3614981475769,1888.3614981475769
7838,3918.2930377723997,0.0,0.0,0.0,0.0005296257688593462,0.0,0.0
7839,3918.7936896991,0.0,0.0,0.0,0.0005296919194655017,0.0,0.0
7840,3919.29434176,0.0,0.0,0.0,0.0005297580732032407,0.0,0.0
7841,3919.7949939551004,0.0,0.0,0.0,0.0005298242300707933,0.0,0.0
7842,3920.2956462844,0.0,0.0,0.0,0.0005298903900664408,0.0,0.0
7843,3920.7962987479,0.0,0.0,0.0,0.0005299565531883967,0.0,0.0
7844,3921.2969513456,1.0,1.0,1.0,0.0005300227194349201,1886.7115754323568,1886.7115754323568
7845,3921.7976040775,0.0,0.0,0.0,0.0005300888888042525,0.0,0.0
7846,3922.2982569436,0.0,0.0,0.0,0.0005301550612946248,0.0,0.0
7847,3922.7989099439,0.0,0.0,0.0,0.0005302212369043132,0.0,0.0
7848,3923.2995630784,0.0,0.0,0.0,0.0005302874156315481,0.0,0.0
7849,3923.8002163471,0.0,0.0,0.0,0.0005303535974745721,0.0,0.0
7850,3924.30086975,0.0,0.0,0.0,0.0005304197824316555,0.0,0.0
7851,3924.8015232871,0.0,-1.0,1.0,0.0005304859705010408,-1885.0639896386065,1885.0639896386065
7852,3925.3021769583997,0.0,0.0,0.0,0.0005305521616809927,0.0,0.0
7853,3925.8028307639,0.0,0.0,0.0,0.0005306183559697315,0.0,0.0
7854,3926.3034847036,0.0,0.0,0.0,0.0005306845533655107,0.0,0.0
7855,3926.8041387774997,0.0,0.0,0.0,0.0005307507538666243,0.0,0.0
7856,3927.3047929855998,0.0,0.0,0.0,0.0005308169574712973,0.0,0.0
7857,3927.8054473279,0.0,0.0,0.0,0.0005308831641777896,0.0,0.0
7858,3928.3061018044,0.0,-1.0,1.0,0.0005309493739843559,-1883.4187382043403,1883.4187382043403
7859,3928.8067564151,1.0,1.0,1.0,0.0005310155868892555,1883.1838926953235,1883.1838926953235
7860,3929.30741116,0.0,0.0,0.0,0.0005310818028907543,0.0,0.0
7861,3929.8080660390997,0.0,0.0,0.0,0.0005311480219870839,0.0,0.0
7862,3930.3087210524,0.0,0.0,0.0,0.0005312142441765489,0.0,0.0
7863,3930.8093761999003,1.0,1.0,1.0,0.0005312804694573764,1882.2449863842173,1882.2449863842173
7864,3931.3100314815997,0.0,0.0,0.0,0.0005313466978278378,0.0,0.0
7865,3931.8106868974996,0.0,0.0,0.0,0.0005314129292861705,0.0,0.0
7866,3932.3113424476,1.0,1.0,1.0,0.0005314791638306908,1881.5413059514826,1881.5413059514826
7867,3932.8119981319,0.0,0.0,0.0,0.0005315454014596035,0.0,0.0
7868,3933.3126539504,0.0,0.0,0.0,0.0005316116421712195,0.0,0.0
7869,3933.8133099030997,0.0,-1.0,1.0,0.0005316778859637878,-1880.8380532646588,1880.8380532646588
7870,3934.31396599,1.0,1.0,1.0,0.0005317441328355468,1880.6037307218794,1880.6037307218794
7871,3934.8146222111,0.0,0.0,0.0,0.0005318103827848191,0.0,0.0
7872,3935.3152785664,0.0,0.0,0.0,0.0005318766358098315,0.0,0.0
7873,3935.8159350559,0.0,0.0,0.0,0.000531942891908873,0.0,0.0
7874,3936.3165916795997,0.0,0.0,0.0,0.0005320091510801765,0.0,0.0
7875,3936.8172484375,0.0,0.0,0.0,0.0005320754133220702,0.0,0.0
7876,3937.3179053296,0.0,-1.0,1.0,0.0005321416786327701,-1879.1987926397662,1879.1987926397662
7877,3937.8185623559,0.0,0.0,0.0,0.0005322079470105826,0.0,0.0
7878,3938.3192195163997,0.0,0.0,0.0,0.0005322742184537691,0.0,0.0
7879,3938.8198768110997,0.0,0.0,0.0,0.0005323404929605956,0.0,0.0
7880,3939.32053424,0.0,0.0,0.0,0.0005324067705293463,0.0,0.0
7881,3939.8211918031,0.0,0.0,0.0,0.0005324730511582885,0.0,0.0
7882,3940.3218495004,0.0,-1.0,1.0,0.0005325393348457118,-1877.7955628192644,1877.7955628192644
7883,3940.8225073319,0.0,-1.0,1.0,0.0005326056215898887,-1877.56185714842,1877.56185714842
7884,3941.3231652976,0.0,0.0,0.0,0.0005326719113890808,0.0,0.0
7885,3941.8238233975,0.0,-1.0,1.0,0.0005327382042415947,-1877.094587994864,1877.094587994864
7886,3942.3244816316,1.0,1.0,1.0,0.000532804500145681,1876.8610244969348,1876.8610244969348
7887,3942.8251399999,0.0,0.0,0.0,0.0005328707990996298,0.0,0.0
7888,3943.3257985023997,1.0,1.0,1.0,0.0005329371011017306,1876.3940396206592,1876.3940396206592
7889,3943.8264571391,1.0,1.0,1.0,0.0005330034061502345,1876.1606182271487,1876.1606182271487
7890,3944.32711591,0.0,0.0,0.0,0.0005330697142434766,0.0,0.0
7891,3944.8277748151,0.0,0.0,0.0,0.0005331360253796849,0.0,0.0
7892,3945.3284338544,0.0,0.0,0.0,0.0005332023395571897,0.0,0.0
7893,3945.8290930279,0.0,0.0,0.0,0.0005332686567742185,0.0,0.0
7894,3946.3297523356,0.0,-1.0,1.0,0.000533334977029136,-1874.994221399753,1874.994221399753
7895,3946.8304117775,0.0,0.0,0.0,0.0005334013003201754,0.0,0.0
7896,3947.3310713536,0.0,0.0,0.0,0.000533467626645605,0.0,0.0
7897,3947.8317310639,0.0,0.0,0.0,0.0005335339560037779,0.0,0.0
7898,3948.3323909084,0.0,0.0,0.0,0.0005336002883929221,0.0,0.0
7899,3948.8330508871,0.0,0.0,0.0,0.0005336666238113622,0.0,0.0
7900,3949.3337109999998,0.0,-1.0,1.0,0.0005337329622573841,-1873.5961065072202,1873.5961065072202
7901,3949.8343712470996,0.0,0.0,0.0,0.0005337993037292444,0.0,0.0
7902,3950.3350316284,0.0,0.0,0.0,0.0005338656482252733,0.0,0.0
7903,3950.8356921439,0.0,0.0,0.0,0.0005339319957437677,0.0,0.0
7904,3951.3363527936003,0.0,0.0,0.0,0.0005339983462829851,0.0,0.0
7905,3951.8370135775,0.0,0.0,0.0,0.0005340646998412612,0.0,0.0
7906,3952.3376744956,0.0,0.0,0.0,0.0005341310564168537,0.0,0.0
7907,3952.8383355479,0.0,0.0,0.0,0.0005341974160080937,0.0,0.0
7908,3953.3389967344,0.0,0.0,0.0,0.0005342637786132439,0.0,0.0
7909,3953.8396580551,1.0,1.0,1.0,0.0005343301442306238,1871.5021242903845,1871.5021242903845
7910,3954.34031951,0.0,0.0,0.0,0.0005343965128585197,0.0,0.0
7911,3954.8409810990997,1.0,0.0,1.4142135623730951,0.0005344628844952457,0.0,2646.046345591796
7912,3955.3416428224,0.0,0.0,0.0,0.0005345292591390928,0.0,0.0
7913,3955.8423046799003,0.0,0.0,0.0,0.0005345956367883642,0.0,0.0
7914,3956.3429666715997,0.0,-1.0,1.0,0.0005346620174413637,-1870.3404531810975,1870.3404531810975
7915,3956.8436287975,0.0,-2.0,1.4142135623730951,0.0005347284010963482,-3740.2165209467466,2644.7324650674013
7916,3957.3442910576,0.0,0.0,0.0,0.0005347947877516892,0.0,0.0
7917,3957.8449534519,1.0,1.0,1.0,0.0005348611774056617,1869.6440165100205,1869.6440165100205
7918,3958.3456159804,1.0,1.0,1.0,0.0005349275700565801,1869.4119652390107,1869.4119652390107
7919,3958.8462786430996,0.0,0.0,0.0,0.000534993965702708,0.0,0.0
7920,3959.34694144,0.0,0.0,0.0,0.0005350603643424059,0.0,0.0
7921,3959.8476043711,0.0,0.0,0.0,0.0005351267659739764,0.0,0.0
7922,3960.3482674364,0.0,0.0,0.0,0.0005351931705956903,0.0,0.0
7923,3960.8489306358997,0.0,-1.0,1.0,0.0005352595782058615,-1868.2524156819454,1868.2524156819454
7924,3961.3495939696,0.0,0.0,0.0,0.0005353259888028454,0.0,0.0
7925,3961.8502574374997,1.0,1.0,1.0,0.0005353924023848827,1867.7889255535613,1867.7889255535613
7926,3962.3509210396,0.0,0.0,0.0,0.0005354588189503569,0.0,0.0
7927,3962.8515847759004,1.0,1.0,1.0,0.0005355252384975152,1867.3256237290113,1867.3256237290113
7928,3963.3522486464,0.0,0.0,0.0,0.0005355916610247011,0.0,0.0
7929,3963.8529126511,0.0,0.0,0.0,0.0005356580865302468,0.0,0.0
7930,3964.35357679,1.0,1.0,1.0,0.0005357245150124448,1866.6310239261127,1866.6310239261127
7931,3964.8542410631003,0.0,0.0,0.0,0.0005357909464696055,0.0,0.0
7932,3965.3549054704,0.0,0.0,0.0,0.0005358573809000383,0.0,0.0
7933,3965.8555700119,0.0,0.0,0.0,0.000535923818302076,0.0,0.0
7934,3966.3562346876,0.0,0.0,0.0,0.0005359902586740338,0.0,0.0
7935,3966.8568994975,0.0,0.0,0.0,0.0005360567020142274,0.0,0.0
7936,3967.3575644416,0.0,0.0,0.0,0.0005361231483209729,0.0,0.0
7937,3967.8582295199,0.0,0.0,0.0,0.0005361895975926086,0.0,0.0
7938,3968.3588947324,0.0,0.0,0.0,0.000536256049827433,0.0,0.0
7939,3968.8595600791,0.0,0.0,0.0,0.000536322505023746,0.0,0.0
7940,3969.36022556,0.0,0.0,0.0,0.0005363889631799306,0.0,0.0
7941,3969.8608911751,0.0,-2.0,1.4142135623730951,0.0005364554242942519,-3728.175556489438,2636.218217447612
7942,3970.3615569244,0.0,0.0,0.0,0.0005365218883650609,0.0,0.0
7943,3970.8622228079,0.0,0.0,0.0,0.0005365883553906895,0.0,0.0
7944,3971.3628888256,2.0,2.0,1.4142135623730951,0.0005366548253694322,3726.790304406941,2635.238696306426
7945,3971.8635549775004,0.0,-1.0,1.0,0.0005367212982996559,-1863.1643707227952,1863.1643707227952
7946,3972.3642212635996,0.0,0.0,0.0,0.000536787774179643,0.0,0.0
7947,3972.8648876838997,0.0,0.0,0.0,0.0005368542530077552,0.0,0.0
7948,3973.3655542384,0.0,-1.0,1.0,0.000536920734782292,-1862.472307770858,1862.472307770858
7949,3973.8662209271,0.0,0.0,0.0,0.0005369872195016094,0.0,0.0
7950,3974.36688775,0.0,-1.0,1.0,0.0005370537071640245,-1862.011166966183,1862.011166966183
7951,3974.8675547070998,0.0,0.0,0.0,0.0005371201977678873,0.0,0.0
7952,3975.3682217984,1.0,1.0,1.0,0.0005371866913114868,1861.5502136856767,1861.5502136856767
7953,3975.8688890239,0.0,0.0,0.0,0.0005372531877931903,0.0,0.0
7954,3976.3695563836,0.0,0.0,0.0,0.0005373196872113262,0.0,0.0
7955,3976.8702238775,0.0,0.0,0.0,0.0005373861895642057,0.0,0.0
7956,3977.3708915056,0.0,0.0,0.0,0.0005374526948501906,0.0,0.0
7957,3977.8715592679,0.0,-1.0,1.0,0.0005375192030676158,-1860.3986504910183,1860.3986504910183
7958,3978.3722271644,0.0,0.0,0.0,0.0005375857142147862,0.0,0.0
7959,3978.8728951950998,0.0,0.0,0.0,0.0005376522282900763,0.0,0.0
7960,3979.37356336,0.0,0.0,0.0,0.0005377187452917855,0.0,0.0
7961,3979.8742316591,0.0,0.0,0.0,0.0005377852652182883,0.0,0.0
7962,3980.3749000924,0.0,0.0,0.0,0.0005378517880678907,0.0,0.0
7963,3980.8755686599,0.0,0.0,0.0,0.000537918313838961,0.0,0.0
7964,3981.3762373615996,0.0,0.0,0.0,0.0005379848425298275,0.0,0.0
7965,3981.8769061975,0.0,0.0,0.0,0.0005380513741388308,0.0,0.0
7966,3982.3775751676,0.0,0.0,0.0,0.0005381179086643168,0.0,0.0
7967,3982.8782442719003,0.0,0.0,0.0,0.0005381844461046254,0.0,0.0
7968,3983.3789135104,0.0,0.0,0.0,0.0005382509864581031,0.0,0.0
7969,3983.8795828831,0.0,0.0,0.0,0.0005383175297230955,0.0,0.0
7970,3984.38025239,0.0,0.0,0.0,0.0005383840758979155,0.0,0.0
7971,3984.8809220311,2.0,2.0,1.4142135623730951,0.0005384506249809702,3714.360996555039,2626.449848438891
7972,3985.3815918064,0.0,0.0,0.0,0.0005385171769705731,0.0,0.0
7973,3985.8822617159,0.0,0.0,0.0,0.0005385837318650701,0.0,0.0
7974,3986.3829317596,0.0,0.0,0.0,0.000538650289662796,0.0,0.0
7975,3986.8836019375,1.0,1.0,1.0,0.0005387168503621484,1856.2627089309672,1856.2627089309672
7976,3987.3842722496,1.0,1.0,1.0,0.0005387834139614231,1856.0333783244484,1856.0333783244484
7977,3987.8849426958996,1.0,1.0,1.0,0.0005388499804589772,1855.8040943941915,1855.8040943941915
7978,3988.3856132764,0.0,0.0,0.0,0.0005389165498532034,0.0,0.0
7979,3988.8862839911,0.0,0.0,0.0,0.0005389831221424252,0.0,0.0
7980,3989.38695484,0.0,-1.0,1.0,0.0005390496973249952,-1855.1165225812122,1855.1165225812122
7981,3989.8876258231003,0.0,0.0,0.0,0.0005391162753992826,0.0,0.0
7982,3990.3882969404,0.0,0.0,0.0,0.0005391828563635893,0.0,0.0
7983,3990.8889681919,0.0,0.0,0.0,0.0005392494402163409,0.0,0.0
7984,3991.3896395776,0.0,-1.0,1.0,0.0005393160269558623,-1854.2004131500437,1854.2004131500437
7985,3991.8903110975,0.0,0.0,0.0,0.0005393826165804831,0.0,0.0
7986,3992.3909827516,0.0,0.0,0.0,0.0005394492090886245,0.0,0.0
7987,3992.8916545398997,1.0,1.0,1.0,0.0005395158044786161,1853.513820538385,1853.513820538385
7988,3993.3923264624,1.0,0.0,1.4142135623730951,0.000539582402748788,0.0,2620.9408519786493
7989,3993.8929985191,0.0,0.0,0.0,0.0005396490038975165,0.0,0.0
7990,3994.39367071,0.0,0.0,0.0,0.0005397156079231652,0.0,0.0
7991,3994.8943430350996,0.0,0.0,0.0,0.0005397822148241043,0.0,0.0
7992,3995.3950154944,0.0,0.0,0.0,0.0005398488245986871,0.0,0.0
7993,3995.8956880879,0.0,-1.0,1.0,0.0005399154372452836,-1852.1418930011073,1852.1418930011073
7994,3996.3963608156,0.0,0.0,0.0,0.0005399820527622358,0.0,0.0
7995,3996.8970336775,0.0,0.0,0.0,0.0005400486711479416,0.0,0.0
7996,3997.3977066735997,0.0,-1.0,1.0,0.0005401152924007383,-1851.4565576455675,1851.4565576455675
7997,3997.8983798039,0.0,0.0,0.0,0.0005401819165190185,0.0,0.0
7998,3998.3990530684,0.0,0.0,0.0,0.000540248543501118,0.0,0.0
7999,3998.8997264671,0.0,0.0,0.0,0.0005403151733454142,0.0,0.0
8000,3999.4004,0.0,0.0,0.0,0.0005403818060503052,0.0,0.0
8001,3999.9010736671,0.0,0.0,0.0,0.0005404484416140937,0.0,0.0
8002,4000.4017474684,0.0,0.0,0.0,0.0005405166217408002,0.0,0.0
8003,4000.9024214039,0.0,0.0,0.0,0.0005405851845739928,0.0,0.0
8004,4001.4030954736004,0.0,0.0,0.0,0.0005406537505065327,0.0,0.0
8005,4001.9037696775,0.0,0.0,0.0,0.0005407223195367586,0.0,0.0
8006,4002.4044440156,0.0,0.0,0.0,0.0005407908916630879,0.0,0.0
8007,4002.9051184879,0.0,0.0,0.0,0.0005408594668838878,0.0,0.0
8008,4003.4057930944,0.0,0.0,0.0,0.0005409280451974911,0.0,0.0
8009,4003.9064678350996,0.0,0.0,0.0,0.0005409966266023214,0.0,0.0
8010,4004.40714271,0.0,0.0,0.0,0.0005410652110967514,0.0,0.0
8011,4004.9078177191,0.0,0.0,0.0,0.0005411337986791253,0.0,0.0
8012,4005.4084928624,0.0,0.0,0.0,0.0005412023893478443,0.0,0.0
8013,4005.9091681399,0.0,0.0,0.0,0.0005412709831012977,0.0,0.0
8014,4006.4098435516,0.0,0.0,0.0,0.0005413395799378704,0.0,0.0
8015,4006.9105190975,0.0,0.0,0.0,0.0005414081798559118,0.0,0.0
8016,4007.4111947776,0.0,0.0,0.0,0.0005414767828538118,0.0,0.0
8017,4007.9118705919,0.0,0.0,0.0,0.0005415453889299663,0.0,0.0
8018,4008.4125465404,0.0,0.0,0.0,0.0005416139980827422,0.0,0.0
8019,4008.9132226231,0.0,0.0,0.0,0.0005416826103105469,0.0,0.0
8020,4009.41389884,0.0,0.0,0.0,0.0005417512256117527,0.0,0.0
8021,4009.9145751911,0.0,0.0,0.0,0.0005418198439847274,0.0,0.0
8022,4010.4152516764,0.0,0.0,0.0,0.0005418884654278837,0.0,0.0
8023,4010.9159282959,0.0,0.0,0.0,0.0005419570899396057,0.0,0.0
8024,4011.4166050496,0.0,0.0,0.0,0.0005420257175182721,0.0,0.0
8025,4011.9172819375,0.0,0.0,0.0,0.0005420943481622512,0.0,0.0
8026,4012.4179589596,0.0,0.0,0.0,0.0005421629818699606,0.0,0.0
8027,4012.9186361159,0.0,0.0,0.0,0.0005422316186398133,0.0,0.0
8028,4013.4193134064,0.0,0.0,0.0,0.0005423002584701261,0.0,0.0
8029,4013.9199908310998,0.0,0.0,0.0,0.0005423689013593458,0.0,0.0
8030,4014.42066839,0.0,0.0,0.0,0.0005424375473058461,0.0,0.0
8031,4014.9213460831,0.0,0.0,0.0,0.000542506196308034,0.0,0.0
8032,4015.4220239103997,0.0,0.0,0.0,0.0005425748483642825,0.0,0.0
8033,4015.9227018719,0.0,0.0,0.0,0.0005426435034729826,0.0,0.0
8034,4016.4233799676,0.0,0.0,0.0,0.0005427121616325585,0.0,0.0
8035,4016.9240581975,0.0,0.0,0.0,0.0005427808228413948,0.0,0.0
8036,4017.4247365615997,0.0,0.0,0.0,0.00054284948709786,0.0,0.0
8037,4017.9254150599,0.0,0.0,0.0,0.0005429181544003946,0.0,0.0
8038,4018.4260936923997,0.0,0.0,0.0,0.0005429868247473559,0.0,0.0
8039,4018.9267724591,0.0,0.0,0.0,0.0005430554981371684,0.0,0.0
8040,4019.4274513600003,0.0,0.0,0.0,0.0005431241745682114,0.0,0.0
8041,4019.9281303950997,0.0,0.0,0.0,0.0005431928540388985,0.0,0.0
8042,4020.4288095643997,0.0,0.0,0.0,0.0005432615365476253,0.0,0.0
8043,4020.9294888679,0.0,0.0,0.0,0.0005433302220927943,0.0,0.0
8044,4021.4301683056,0.0,0.0,0.0,0.0005433989106728248,0.0,0.0
8045,4021.9308478774997,0.0,0.0,0.0,0.0005434676022860958,0.0,0.0
8046,4022.4315275835997,0.0,0.0,0.0,0.0005435362969309876,0.0,0.0
8047,4022.9322074239,0.0,0.0,0.0,0.0005436049946059751,0.0,0.0
8048,4023.4328873984,0.0,0.0,0.0,0.0005436736953093761,0.0,0.0
8049,4023.9335675071,0.0,0.0,0.0,0.0005437423990396777,0.0,0.0
8050,4024.43424775,0.0,0.0,0.0,0.00054381110579522,0.0,0.0
8051,4024.9349281270997,0.0,0.0,0.0,0.0005438798155744561,0.0,0.0
8052,4025.4356086384,0.0,0.0,0.0,0.0005439485283757827,0.0,0.0
8053,4025.9362892839,0.0,0.0,0.0,0.0005440172441975801,0.0,0.0
8054,4026.4369700636,0.0,0.0,0.0,0.0005440859630382783,0.0,0.0
8055,4026.9376509774997,0.0,0.0,0.0,0.0005441546848962969,0.0,0.0
8056,4027.4383320255997,0.0,0.0,0.0,0.0005442234097700612,0.0,0.0
8057,4027.9390132079,0.0,0.0,0.0,0.0005442921376579175,0.0,0.0
8058,4028.4396945244002,0.0,0.0,0.0,0.0005443608685583302,0.0,0.0
8059,4028.9403759751,0.0,0.0,0.0,0.0005444296024697188,0.0,0.0
8060,4029.44105756,0.0,0.0,0.0,0.0005444983393904409,0.0,0.0
8061,4029.9417392791,0.0,0.0,0.0,0.0005445670793189782,0.0,0.0
8062,4030.4424211324,0.0,0.0,0.0,0.0005446358222536995,0.0,0.0
8063,4030.9431031198997,0.0,0.0,0.0,0.0005447045681930358,0.0,0.0
8064,4031.4437852416,0.0,0.0,0.0,0.0005447733171354072,0.0,0.0
8065,4031.9444674974998,0.0,0.0,0.0,0.0005448420690792103,0.0,0.0
8066,4032.4451498876,0.0,0.0,0.0,0.0005449108240228937,0.0,0.0
8067,4032.9458324119,0.0,0.0,0.0,0.0005449795819648489,0.0,0.0
8068,4033.4465150704,0.0,0.0,0.0,0.000545048342903501,0.0,0.0
8069,4033.9471978631,0.0,0.0,0.0,0.0005451171068372927,0.0,0.0
8070,4034.44788079,0.0,0.0,0.0,0.000545185873764605,0.0,0.0
8071,4034.9485638511,0.0,0.0,0.0,0.0005452546436838906,0.0,0.0
8072,4035.4492470463997,0.0,0.0,0.0,0.0005453234165935481,0.0,0.0
8073,4035.9499303759,0.0,0.0,0.0,0.0005453921924920085,0.0,0.0
8074,4036.4506138396,0.0,0.0,0.0,0.0005454609713777362,0.0,0.0
8075,4036.9512974375,0.0,0.0,0.0,0.0005455297532490568,0.0,0.0
8076,4037.4519811696,0.0,0.0,0.0,0.000545598538104491,0.0,0.0
8077,4037.9526650359,0.0,0.0,0.0,0.0005456673259424365,0.0,0.0
8078,4038.4533490363997,0.0,0.0,0.0,0.00054573611676128,0.0,0.0
8079,4038.9540331711,0.0,0.0,0.0,0.0005458049105594981,0.0,0.0
8080,4039.45471744,0.0,0.0,0.0,0.0005458737073355,0.0,0.0
8081,4039.9554018431004,0.0,0.0,0.0,0.0005459425070876945,0.0,0.0
8082,4040.4560863804,0.0,0.0,0.0,0.0005460113098145586,0.0,0.0
8083,4040.9567710519,0.0,0.0,0.0,0.0005460801155144731,0.0,0.0
8084,4041.4574558576,0.0,0.0,0.0,0.0005461489241858747,0.0,0.0
8085,4041.9581407975,0.0,0.0,0.0,0.0005462177358272187,0.0,0.0
8086,4042.4588258716,0.0,0.0,0.0,0.0005462865504369141,0.0,0.0
8087,4042.9595110799,0.0,0.0,0.0,0.0005463553680134151,0.0,0.0
8088,4043.4601964224,0.0,0.0,0.0,0.0005464241885551476,0.0,0.0
8089,4043.9608818991,0.0,0.0,0.0,0.0005464930120605219,0.0,0.0
8090,4044.4615675100004,0.0,0.0,0.0,0.0005465618385280137,0.0,0.0
8091,4044.9622532550998,0.0,0.0,0.0,0.0005466306679560223,0.0,0.0
8092,4045.4629391344,0.0,0.0,0.0,0.0005466995003429851,0.0,0.0
8093,4045.9636251479,0.0,0.0,0.0,0.0005467683356873733,0.0,0.0
8094,4046.4643112956,0.0,0.0,0.0,0.0005468371739875738,0.0,0.0
8095,4046.9649975774996,0.0,0.0,0.0,0.0005469060152420755,0.0,0.0
8096,4047.4656839935997,0.0,0.0,0.0,0.0005469748594492878,0.0,0.0
8097,4047.9663705438998,0.0,0.0,0.0,0.0005470437066076484,0.0,0.0
8098,4048.4670572284,0.0,0.0,0.0,0.0005471125567155953,0.0,0.0
8099,4048.9677440471,0.0,0.0,0.0,0.000547181409771583,0.0,0.0
8100,4049.468431,0.0,0.0,0.0,0.0005472502657740499,0.0,0.0
8101,4049.9691180871,0.0,0.0,0.0,0.0005473191247214508,0.0,0.0
8102,4050.4698053084,0.0,0.0,0.0,0.0005473879866121836,0.0,0.0
8103,4050.9704926639,0.0,0.0,0.0,0.000547456851444749,0.0,0.0
8104,4051.4711801535996,0.0,0.0,0.0,0.0005475257192175397,0.0,0.0
8105,4051.9718677775,0.0,0.0,0.0,0.0005475945899290221,0.0,0.0
8106,4052.4725555356,0.0,0.0,0.0,0.000547663463577662,0.0,0.0
8107,4052.9732434279,0.0,0.0,0.0,0.0005477323401618871,0.0,0.0
8108,4053.4739314544004,0.0,0.0,0.0,0.000547801219680141,0.0,0.0
8109,4053.9746196151,0.0,0.0,0.0,0.0005478701021308729,0.0,0.0
8110,4054.47530791,0.0,0.0,0.0,0.0005479389875125267,0.0,0.0
8111,4054.9759963391,0.0,0.0,0.0,0.0005480078758235577,0.0,0.0
8112,4055.4766849024,0.0,0.0,0.0,0.0005480767670624327,0.0,0.0
8113,4055.9773735998997,0.0,0.0,0.0,0.0005481456612275783,0.0,0.0
8114,4056.4780624316,0.0,0.0,0.0,0.0005482145583174505,0.0,0.0
8115,4056.9787513974998,0.0,0.0,0.0,0.0005482834583304813,0.0,0.0
8116,4057.4794404976,0.0,0.0,0.0,0.0005483523612651889,0.0,0.0
8117,4057.9801297319,0.0,0.0,0.0,0.0005484212671199606,0.0,0.0
8118,4058.4808191004,0.0,0.0,0.0,0.000548490175893263,0.0,0.0
8119,4058.9815086031,0.0,0.0,0.0,0.0005485590875835689,0.0,0.0
8120,4059.48219824,0.0,0.0,0.0,0.0005486280021893106,0.0,0.0
8121,4059.9828880111,0.0,0.0,0.0,0.000548696919708978,0.0,0.0
8122,4060.4835779163996,0.0,0.0,0.0,0.0005487658401409933,0.0,0.0
8123,4060.9842679558997,0.0,0.0,0.0,0.0005488347634838394,0.0,0.0
8124,4061.4849581296,0.0,0.0,0.0,0.000548903689735961,0.0,0.0
8125,4061.9856484375,0.0,0.0,0.0,0.0005489726188957976,0.0,0.0
8126,4062.4863388796,0.0,0.0,0.0,0.0005490415509618546,0.0,0.0
8127,4062.9870294558996,0.0,0.0,0.0,0.0005491104859325543,0.0,0.0
8128,4063.4877201664,0.0,0.0,0.0,0.0005491794238063527,0.0,0.0
8129,4063.9884110111,0.0,0.0,0.0,0.0005492483645817504,0.0,0.0
8130,4064.48910199,0.0,0.0,0.0,0.0005493173082571979,0.0,0.0
8131,4064.9897931030996,0.0,0.0,0.0,0.0005493862548311288,0.0,0.0
8132,4065.4904843504,0.0,0.0,0.0,0.0005494552043020265,0.0,0.0
8133,4065.9911757319,0.0,0.0,0.0,0.0005495241566683527,0.0,0.0
8134,4066.4918672476,0.0,0.0,0.0,0.0005495931119285641,0.0,0.0
8135,4066.9925588975,0.0,0.0,0.0,0.0005496620700811728,0.0,0.0
8136,4067.4932506816,0.0,0.0,0.0,0.0005497310311245612,0.0,0.0
8137,4067.9939425999,0.0,0.0,0.0,0.0005497999950572761,0.0,0.0
8138,4068.4946346524,0.0,0.0,0.0,0.0005498689618777389,0.0,0.0
8139,4068.9953268391,0.0,0.0,0.0,0.0005499379315844354,0.0,0.0
8140,4069.49601916,0.0,0.0,0.0,0.000550006904175832,0.0,0.0
8141,4069.9967116150997,0.0,0.0,0.0,0.0005500758796503853,0.0,0.0
8142,4070.4974042044,0.0,0.0,0.0,0.0005501448580065791,0.0,0.0
8143,4070.9980969279,0.0,0.0,0.0,0.0005502138392428879,0.0,0.0
8144,4071.4987897856,0.0,0.0,0.0,0.000550282823357767,0.0,0.0
8145,4071.9994827775,0.0,0.0,0.0,0.0005503518103496956,0.0,0.0
8146,4072.5001759036,0.0,0.0,0.0,0.0005504208002171697,0.0,0.0
8147,4073.0008691639,0.0,0.0,0.0,0.000550489792958623,0.0,0.0
8148,4073.5015625584,0.0,0.0,0.0,0.0005505587885725629,0.0,0.0
8149,4074.0022560871,0.0,0.0,0.0,0.0005506277870574399,0.0,0.0
8150,4074.50294975,0.0,0.0,0.0,0.0005506967884117561,0.0,0.0
8151,4075.0036435470997,0.0,0.0,0.0,0.0005507657926339396,0.0,0.0
8152,4075.5043374784,0.0,0.0,0.0,0.0005508347997225147,0.0,0.0
8153,4076.0050315439003,0.0,0.0,0.0,0.0005509038096759718,0.0,0.0
8154,4076.5057257435997,0.0,0.0,0.0,0.0005509728224927509,0.0,0.0
8155,4077.0064200775,0.0,0.0,0.0,0.000551041838171325,0.0,0.0
8156,4077.5071145456,0.0,0.0,0.0,0.000551110856710208,0.0,0.0
8157,4078.0078091479,0.0,0.0,0.0,0.0005511798781078789,0.0,0.0
8158,4078.5085038844,0.0,0.0,0.0,0.000551248902362783,0.0,0.0
8159,4079.0091987551,0.0,0.0,0.0,0.0005513179294734112,0.0,0.0
8160,4079.50989376,0.0,0.0,0.0,0.0005513869594382878,0.0,0.0
8161,4080.0105888991,0.0,0.0,0.0,0.0005514559922558249,0.0,0.0
8162,4080.5112841724003,0.0,0.0,0.0,0.0005515250279245805,0.0,0.0
8163,4081.0119795798996,0.0,0.0,0.0,0.0005515940664429951,0.0,0.0
8164,4081.5126751216,0.0,0.0,0.0,0.0005516631078095765,0.0,0.0
8165,4082.0133707975,0.0,0.0,0.0,0.0005517321520227982,0.0,0.0
8166,4082.5140666076,0.0,0.0,0.0,0.0005518011990811282,0.0,0.0
8167,4083.0147625519003,0.0,0.0,0.0,0.000551870248983081,0.0,0.0
8168,4083.5154586303997,0.0,0.0,0.0,0.0005519393017271526,0.0,0.0
8169,4084.0161548430997,0.0,0.0,0.0,0.0005520083573118003,0.0,0.0
8170,4084.51685119,0.0,0.0,0.0,0.0005520774157355375,0.0,0.0
8171,4085.0175476711,0.0,0.0,0.0,0.0005521464769968161,0.0,0.0
8172,4085.5182442863997,0.0,0.0,0.0,0.0005522155410941886,0.0,0.0
8173,4086.0189410359,0.0,0.0,0.0,0.0005522846080261072,0.0,0.0
8174,4086.5196379196,0.0,0.0,0.0,0.0005523536777910573,0.0,0.0
8175,4087.0203349375,0.0,0.0,0.0,0.0005524227503875528,0.0,0.0
8176,4087.5210320896003,0.0,0.0,0.0,0.0005524918258140901,0.0,0.0
8177,4088.0217293758997,0.0,0.0,0.0,0.0005525609040691379,0.0,0.0
8178,4088.5224267964,0.0,0.0,0.0,0.000552629985151205,0.0,0.0
8179,4089.0231243511,0.0,0.0,0.0,0.0005526990690587822,0.0,0.0
8180,4089.52382204,0.0,0.0,0.0,0.0005527681557903609,0.0,0.0
8181,4090.0245198630996,0.0,0.0,0.0,0.0005528372453444666,0.0,0.0
8182,4090.5252178204,0.0,0.0,0.0,0.0005529063377195681,0.0,0.0
8183,4091.0259159119,0.0,0.0,0.0,0.0005529754329141561,0.0,0.0
8184,4091.5266141376,0.0,0.0,0.0,0.0005530445309267681,0.0,0.0
8185,4092.0273124975,0.0,0.0,0.0,0.0005531136317558787,0.0,0.0
8186,4092.5280109916,0.0,0.0,0.0,0.0005531827353999615,0.0,0.0
8187,4093.0287096199,0.0,0.0,0.0,0.0005532518418575655,0.0,0.0
8188,4093.5294083824,0.0,0.0,0.0,0.0005533209511271479,0.0,0.0
8189,4094.0301072791003,0.0,0.0,0.0,0.000553390063207246,0.0,0.0
8190,4094.5308063099997,0.0,0.0,0.0,0.0005534591780963678,0.0,0.0
8191,4095.0315054751,0.0,0.0,0.0,0.0005535282957929714,0.0,0.0
