sample_id,sample_group,reference_isotope,reference_energy_keV,reference_assignment,reference_net_counts,reference_net_unc,reference_gross_counts,reference_gross_unc,reference_line_activity_bq,reference_line_activity_unc_bq,reference_header_activity_bq,reference_header_activity_unc_bq,reference_rad_int_fraction,reference_implied_efficiency,matched,isotope_match,raw_isotope,raw_energy_keV,raw_net_counts,raw_net_unc,raw_gross_counts,raw_gross_unc,raw_background_adjusted_gross_counts,raw_background_counts,raw_significance,relative_count_error,count_en_score,relative_gross_error,gross_en_score,energy_delta_keV,raw_line_activity_bq,raw_line_activity_unc_bq,assignment_ambiguous,activity_estimation_state,comparison_stage,relative_line_activity_error,line_activity_en_score,raw_efficiency,efficiency_ratio_raw_over_qg_implied,raw_branching_ratio,raw_branching_ratio_uncertainty,branching_ratio_delta,diagnostic_bucket,raw_physical_net_unc,uncertainty_convention
Co-Cd-RAFM-1_25cm,flux_wires,Co60,1173.13,Co60@1173.2,11202.0,520.0,28478.0,169.0,219.78,10.20224959828602,234.95,22.126,0.9984999999999999,0.00039387129281229694,True,True,Co60,1173.214847514796,10522.0,340.08601853060645,21589.0,146.93195704134618,15102.826627543564,463.19461007210305,18.77528932121388,-0.06070344581324764,-1.09441579734031,-0.24190603272701736,-30.76243549667255,0.08484751479591068,228.72628783223433,12.1824981276452,False,estimated,measurement_time,0.04070565034231656,0.563005840429888,0.000355491437958448,0.9025573694903953,0.9984999999999999,0.0003,0.0,matched,560.4174625480402,raw_net_unc: comparison estimator; raw_physical_net_unc: activity counting floor
Co-Cd-RAFM-1_25cm,flux_wires,Co60,1332.44,Co60@1332.5,11439.0,396.0,20514.0,143.0,246.42000000000002,8.530668764752164,234.95,22.126,0.9998,0.0003582564126204385,True,True,Co60,1332.540416467545,11020.0,225.67122102740527,15715.0,125.35948308763881,9596.5350069712,164.78044969589553,23.008040229839636,-0.036629075968179034,-0.9192852690002725,-0.23393779857658184,-25.235535193022272,0.10041646754484645,251.44450888480026,10.928549705657206,False,estimated,measurement_time,0.02039002063468972,0.3624187880622751,0.0003382283531262459,0.9440957404008516,0.9998260000000001,5.999999999999999e-06,2.6000000000081513e-05,matched,478.96300119068457,raw_net_unc: comparison estimator; raw_physical_net_unc: activity counting floor
Co-RAFM-1_25cm,flux_wires,Co60,1173.16,Co60@1173.2,34355.0,377.0,41565.0,204.0,2023.8999999999999,22.209585213214957,2035.0,178.71,0.9984999999999999,0.0003935220631380044,True,True,Co60,1173.1460508326295,34341.5,274.6693466697731,38668.0,196.64180633832675,36505.94220918118,191.89820335736766,109.98718225148748,-0.00039295590161548535,-0.028942231767934024,-0.06969806327438952,-10.224309653808701,-0.013949167370583382,2239.476812015896,20.372367116285073,False,estimated,measurement_time,0.10651554524230257,7.1529900852313855,0.00035550103928701666,0.9033827390825248,0.9984999999999999,0.0003,0.0,efficiency_or_activity_conversion_bias,312.2318373560803,raw_net_unc: comparison estimator; raw_physical_net_unc: activity counting floor
Co-RAFM-1_25cm,flux_wires,Co60,1332.41,Co60@1332.5,31679.0,297.0,35204.0,188.0,2046.1000000000001,19.182793017456362,2035.0,178.71,0.9998,0.0003584658015544193,True,True,Co60,1332.415896632922,31554.5,238.727354947019,33977.0,184.32851108821987,31749.465330545685,103.73955897284381,114.99890047927364,-0.003930048296979071,-0.32672804724748644,-0.0348539938643336,-4.660281527422029,0.005896632922031131,2159.883377979233,18.78177863707338,False,estimated,measurement_time,0.055609881227326574,4.2382941027100305,0.0003382383349125194,0.9435721160730333,0.9998260000000001,5.999999999999999e-06,2.6000000000081513e-05,efficiency_or_activity_conversion_bias,274.38957997417634,raw_net_unc: comparison estimator; raw_physical_net_unc: activity counting floor
CU-RAFM-1,flux_wires,Cu64,1345.48,Cu64@1345.8,19194.0,178.0,19876.0,141.0,3172380.0,29419.799937480464,3172380.0,409923.0,0.004699999999999999,0.00035758552352510337,True,True,Cu64,1345.4744220547243,19326.0,141.97887166758298,19822.0,140.79062468786762,19269.034688418535,43.112165972481066,116.48500666588097,0.006877149109096593,0.5797397212212688,-0.0027168444355001008,-0.2710079917401583,-0.005577945275717866,3352196.0074170227,76214.55432331162,False,estimated,measurement_time,0.056681736556472656,2.2010469065010683,0.00033721578865557485,0.9430353481071543,0.004749,9.997900000000001e-05,4.900000000000043e-05,matched,165.90976429639232,raw_net_unc: comparison estimator; raw_physical_net_unc: activity counting floor
In-Cd-RAFM-1_25cm,flux_wires,In114m,190.17,In114m@190.,194030.0,674.0,215667.0,464.0,223813.0,777.4568984177704,219706.0,5957.0,0.15560000000000002,0.0015476454729410772,True,True,In114m,190.1786374613117,194526.0,477.04319566084973,214146.0,462.7591166038763,205351.02213143272,956.973225108147,360.1043321184479,0.0025563057259186724,0.6006734839051998,-0.0070525393314693485,-2.3210097010940087,0.008637461311707284,312096.9240340417,25184.036342614516,False,estimated,measurement_time,0.39445395948421985,3.5038817729786444,0.000930835039747091,0.6014523713742871,0.186,0.0150000072,0.030399999999999983,efficiency_or_activity_conversion_bias,540.1934457595339,raw_net_unc: comparison estimator; raw_physical_net_unc: activity counting floor
In-Cd-RAFM-1_25cm,flux_wires,In114m,558.27,In114m@558.,25372.0,217.0,27352.0,165.0,209568.0,1792.3796310893897,219706.0,5957.0,0.044000000000000004,0.0007643188257595037,True,True,In114m,558.2368393806897,25466.5,193.0291428774422,26854.0,163.87190119114382,26660.334864058634,78.75101732995685,131.51165836097638,0.0037245782752640707,0.3253802554869225,-0.018207078093009654,-2.1414849008518746,-0.033160619310251604,357301.9360496927,51115.36158773737,False,estimated,measurement_time,0.7049451063601918,2.88843098667916,0.0005656703901394833,0.7400974188714724,0.034999992,0.0049999962000000005,-0.009000008000000004,efficiency_or_activity_conversion_bias,193.64442907486523,raw_net_unc: comparison estimator; raw_physical_net_unc: activity counting floor
In-Cd-RAFM-1_25cm,flux_wires,In114m,724.98,In114m@725.,21040.0,186.0,21971.0,148.0,219706.0,1942.2678707224336,219706.0,5957.0,0.044000000000000004,0.0006045728511205102,True,True,In114m,724.9589243162626,20949.5,160.01015592767854,21497.0,146.61855271417735,21343.140534892606,27.22221389523149,130.53132667519105,-0.0043013307984790874,-0.3688527612155093,-0.021573892858768377,-2.275246597527481,-0.02107568373742197,350599.6928580664,50157.61161944815,False,estimated,measurement_time,0.5957674931866513,2.6076932643059902,0.00047423290552287906,0.7844098600258675,0.034999992,0.0049999962000000005,-0.009000008000000004,efficiency_or_activity_conversion_bias,160.49404027073058,raw_net_unc: comparison estimator; raw_physical_net_unc: activity counting floor
In-Cd-RAFM-1_25cm,flux_wires,In115m,336.17,In115m@336.,22394.0,333.0,29455.0,172.0,11988.0,178.2622130927927,11988.0,518.0,0.45799999999999996,0.0011329662186851254,True,True,In115m,336.16515844838017,22556.0,228.2509583769584,26495.0,162.77284785860326,26183.88894758262,280.06376794545855,98.43348522367023,0.007234080557292132,0.4012710841968319,-0.10049227635375997,-12.499469487128449,-0.004841551619847451,17896.76317597168,882.1879210352813,False,estimated,measurement_time,0.4928898211521254,6.565158908746413,0.0007646435505249197,0.6749041038596314,0.457853,0.0220845,-0.00014699999999995272,efficiency_or_activity_conversion_bias,229.14966333606944,raw_net_unc: comparison estimator; raw_physical_net_unc: activity counting floor
Ni-RAFM-1_25cm,flux_wires,Co58,810.5,Co58@810.8,89577.0,321.0,90721.0,301.0,45880.0,164.41140024783147,45880.0,3848.0,0.9945,0.0005453380690572341,True,True,Co58,810.4650148386597,89870.0,302.5297685675993,90854.0,301.4199727954337,90280.89666083724,52.03551030977417,285.1380521796757,0.0032709289214865422,0.6642552108932877,0.0014660332227378445,0.3122246382637283,-0.03498516134027341,57069.051930812864,200.14533835298707,False,estimated,measurement_time,0.24387645882329695,43.198311573250905,0.0004398522274767355,0.806567984951317,0.9945,0.0,0.0,efficiency_or_activity_conversion_bias,315.18066183383235,raw_net_unc: comparison estimator; raw_physical_net_unc: activity counting floor
Sc-Cd-RAFM-1_25cm,flux_wires,Sc46,889.16,Sc46@889.3,279409.0,769.0,303433.0,551.0,155030.0,426.67941977531143,159063.0,11803.0,0.9998,0.0005007362248500214,True,True,Sc46,889.115812713544,277822.0,668.152677162937,295570.0,543.6634988667163,295447.55041335936,1037.224615375988,415.73972018695065,-0.005679845674262461,-1.5578383656051815,-0.02591346359822432,-10.158109336601392,-0.04418728645600822,186149.5450105083,447.75598356512273,False,estimated,measurement_time,0.20073240669875703,50.314642038536064,0.0004146433330252865,0.8280673784875039,0.999833,5e-06,3.2999999999949736e-05,efficiency_or_activity_conversion_bias,668.2594578046776,raw_net_unc: comparison estimator; raw_physical_net_unc: activity counting floor
Sc-Cd-RAFM-1_25cm,flux_wires,Sc46,1120.33,Sc46@1120.5,239109.0,573.0,243349.0,493.0,162541.0,389.51270341141486,159063.0,11803.0,0.9998999999999999,0.0004086710998922822,True,True,Sc46,1120.310691034432,239522.0,495.45422481687336,243074.0,493.02535431760504,240064.22568586603,152.27831651690786,461.9652133602896,0.0017272457331175323,0.5452156431862125,-0.001130064228741437,-0.39442061790914096,-0.019308965567915948,183093.60565257768,396.3363481868532,False,estimated,measurement_time,0.12644567003142396,36.985064652718826,0.00036343816978429426,0.8893170324010911,0.9998600000000001,0.0,-3.999999999981796e-05,efficiency_or_activity_conversion_bias,518.4849271609446,raw_net_unc: comparison estimator; raw_physical_net_unc: activity counting floor
Sc-RAFM-1_25cm,flux_wires,Sc46,889.36,Sc46@889.3,2815903.0,4603.0,3408583.0,1846.0,1562510.0,2554.1481826611216,1607650.0,123617.0,0.9998,0.0005007019143092865,True,True,Sc46,889.6163269269645,2776699.5,1976.21353342383,3451822.0,1857.9079632748228,2845431.3991370057,18114.853115360842,1061.5456180354508,-0.013922177006807408,-7.826152349424138,0.012685329945024077,16.509282847121295,0.2563269269644479,1861132.176395886,1753.2533404458484,False,estimated,measurement_time,0.19111696974476075,96.39209231701173,0.0004144972914710846,0.8278324480601991,0.999833,5e-06,3.2999999999949736e-05,count_parity_failure,2615.7137788752766,raw_net_unc: comparison estimator; raw_physical_net_unc: activity counting floor
Sc-RAFM-1_25cm,flux_wires,Sc46,1120.41,Sc46@1120.5,2410782.0,2721.0,2520563.0,1588.0,1638730.0,1849.600805879586,1607650.0,123617.0,0.9998999999999999,0.00040868760535940624,True,True,Sc46,1120.8355796832132,2353954.0,1601.3904651505204,2479859.0,1574.7568066212636,2276729.295273216,8133.230540629588,1166.5762078230205,-0.023572434172811976,-17.999149615034906,-0.01614877311140408,-18.200464890511256,0.4255796832130727,1799810.5895621092,1542.8144149457537,False,estimated,measurement_time,0.09829599114076706,66.87758290742332,0.00036335360530551276,0.8890741988271799,0.9998600000000001,0.0,-3.999999999981796e-05,count_parity_failure,2017.8313120175642,raw_net_unc: comparison estimator; raw_physical_net_unc: activity counting floor
Ti-RAFM-1_25cm,flux_wires,Sc47,159.29,Sc47@159.4,36293.0,300.0,44532.0,211.0,2271.8,18.778827873143584,2271.8,66.97,0.6829999999999999,0.001624312467331148,True,True,Sc47,159.2946392199205,36819.5,325.42011308460945,46030.0,214.54603235669495,43548.03894452995,519.4583640682604,105.79930299281443,0.014506929710963547,1.1895510846875252,0.03363873169855385,4.978118013328155,0.004639219920505866,3965.419783315279,122.50448838988831,False,estimated,measurement_time,0.7454968673806138,13.665338511706455,0.0009482379071265633,0.5837780145125527,0.68,0.02,-0.0029999999999998916,efficiency_or_activity_conversion_bias,348.01268967245153,raw_net_unc: comparison estimator; raw_physical_net_unc: activity counting floor
Ti-RAFM-1_25cm,flux_wires,Sc48,175.23,Sc48@175.4,298.0,160.0,5346.0,73.0,173.9,93.36912751677853,15688.0,1443.0,0.0748,0.0015909355709105397,True,True,Sc48,175.26415482799692,332.0,126.40157096672945,9587.0,97.91322688993556,5197.015587806998,462.1293955598723,1.3893020171946366,0.11409395973154363,0.16674410040524432,0.7933034044145155,34.724986463670774,0.034154827996928816,321.87526591430975,232.29981721604258,False,estimated,measurement_time,0.8509215981271405,0.5910458524680893,0.0009424848853722639,0.592409210407466,0.076,0.004,0.0011999999999999927,efficiency_or_activity_conversion_bias,238.96891812652416,raw_net_unc: comparison estimator; raw_physical_net_unc: activity counting floor
Ti-RAFM-1_25cm,flux_wires,Sc48,983.36,Sc48@983.5,1575.0,97.0,2703.0,52.0,23902.0,1472.0596825396826,15688.0,1443.0,1.0,4.575976905698268e-06,True,True,Sc48,983.2996288480103,1691.0,122.86374566974588,3102.0,55.695601262577284,2653.727794241936,55.67086430230165,12.785750342584118,0.07365079365079365,0.7410287648624773,0.14761376248612654,5.236418878689594,-0.06037115198967058,301.09786198209844,25.222455670722262,False,estimated,measurement_time,-0.9874028172545352,-16.030218628073648,0.00039000793556792944,85.22943703720823,1.0,0.03,0.0,efficiency_or_activity_conversion_bias,132.25661026462944,raw_net_unc: comparison estimator; raw_physical_net_unc: activity counting floor
Ti-RAFM-1_25cm,flux_wires,Sc48,1037.25,Sc48@1037.5,1705.0,85.0,2497.0,50.0,278.24,13.871202346041056,15688.0,1443.0,0.976,0.0004360060433209631,True,True,Sc48,1037.1921085414174,1617.0,115.08692367076287,2841.0,53.301031884945715,2452.621340279466,51.015422489622594,13.127622205189736,-0.05161290322580645,-0.6150688754470693,0.13776531838205847,4.707032030229658,-0.057891458582616906,304.3599274178735,24.01059498567901,False,estimated,measurement_time,0.09387552982271959,0.9419583286279092,0.00037840375751179377,0.8678864967778308,0.975,0.02,-0.0010000000000000009,matched,123.1753911504821,raw_net_unc: comparison estimator; raw_physical_net_unc: activity counting floor
Ti-RAFM-1_25cm,flux_wires,Sc48,1311.79,Sc48@1312.1,1336.0,75.0,1908.0,44.0,25566.999999999996,1435.273203592814,15688.0,1443.0,1.0,3.6288097069573198e-06,True,True,Sc48,1311.7275832310968,1270.5,102.69980525784847,2154.0,46.411205543489174,1931.6656565113212,32.874055085793046,11.188274249719043,-0.04902694610778443,-0.5150579285162643,0.1289308176100629,3.846568343284687,-0.06241676890317649,259.5282701513055,24.468241269770992,False,estimated,measurement_time,-0.9898490917921029,-17.629950135804588,0.0003399597531907753,93.68354381851132,1.0,0.03,0.0,efficiency_or_activity_conversion_bias,113.55638694965887,raw_net_unc: comparison estimator; raw_physical_net_unc: activity counting floor
Ti-RAFM-1_25cm,flux_wires,Sc46,889.04,Sc46@889.3,2121.0,112.0,3430.0,59.0,294.15000000000003,15.532673267326734,473.6,43.660000000000004,0.9998,0.0005008367529928445,True,True,Sc46,888.9940978340977,2171.5,130.1873649783265,3727.0,61.04916051838878,3238.992456027679,59.91933467519429,15.51096332331607,0.023809523809523808,0.29405850394656646,0.08658892128279884,3.4982356421792256,-0.04590216590224827,363.7122804329884,23.448722941691244,False,estimated,measurement_time,0.2364857400407559,2.4731833934738443,0.0004146788733829401,0.8279721304495893,0.999833,5e-06,3.2999999999949736e-05,efficiency_or_activity_conversion_bias,139.99775221799428,raw_net_unc: comparison estimator; raw_physical_net_unc: activity counting floor
Ti-RAFM-1_25cm,flux_wires,Sc46,1120.1,Sc46@1120.5,3396.0,106.0,4383.0,66.0,577.1999999999999,18.01625441696113,473.6,43.660000000000004,0.9998999999999999,0.00040862252083374205,True,True,Sc46,1120.1213080599166,3188.0,128.81187833425923,4599.0,67.8159273327439,4000.9218278802314,62.490457791928854,23.208058445421884,-0.061248527679623084,-1.2468621340704842,0.049281314168377825,2.282553449813669,0.02130805991669149,609.1855541959624,26.248880561403997,False,estimated,measurement_time,0.05541502805953299,1.0046687701910468,0.00036346871022804476,0.8894974987830658,0.9998600000000001,0.0,-3.999999999981796e-05,matched,137.36607943732915,raw_net_unc: comparison estimator; raw_physical_net_unc: activity counting floor
Ti-RAFM-1a_25cm,flux_wires,Sc47,159.3,Sc47@159.4,36476.0,313.0,45284.0,213.0,2282.9,19.589530101984867,2282.9,67.34,0.6829999999999999,0.0016245651148394551,True,True,Sc47,159.3173224817236,36417.5,329.8655028947404,46070.0,214.63923220138483,43588.03894452995,553.4583640682604,103.40797987360656,-0.0016037942756881238,-0.128647496162807,0.01735712392898154,2.5993024258814414,0.017322481723596184,3922.131520940025,121.43220620092363,False,estimated,measurement_time,0.718047886871972,13.326851931776066,0.0009482362880450162,0.5836862304769631,0.68,0.02,-0.0029999999999998916,efficiency_or_activity_conversion_bias,352.17301454406476,raw_net_unc: comparison estimator; raw_physical_net_unc: activity counting floor
Ti-RAFM-1a_25cm,flux_wires,Sc48,175.28,Sc48@175.4,664.0,157.0,5456.0,74.0,388.5,91.85918674698794,15095.999999999998,1361.6,0.0748,0.0015867662926486454,True,True,Sc48,175.22299331563224,474.0,211.33149315707774,7272.0,85.27602242131137,5244.015587806998,440.1293955598723,2.0062039722457743,-0.286144578313253,-0.7216982488752927,0.33284457478005863,16.084027863263735,-0.05700668436776368,459.53260182829416,230.3291258608512,False,estimated,measurement_time,0.1828380999441291,0.28645527935704546,0.0009425099184791981,0.5939815603884246,0.076,0.004,0.0011999999999999927,count_parity_failure,236.26710272604905,raw_net_unc: comparison estimator; raw_physical_net_unc: activity counting floor
Ti-RAFM-1a_25cm,flux_wires,Sc48,983.4,Sc48@983.5,1617.0,94.0,2637.0,51.0,24531.0,1426.0445269016698,15095.999999999998,1361.6,1.0,4.577541342247224e-06,True,True,Sc48,983.3591068930167,1670.5,121.12493550049882,3039.0,55.12712580935088,2590.727794241936,53.17086430230165,12.786766914458909,0.03308596165739023,0.3489416971215796,0.15244596131968147,5.35286759497764,-0.040893106983276084,297.4582226941352,24.915842372242327,False,estimated,measurement_time,-0.987874190913777,-16.990944723665137,0.00038999407511329715,85.19728080092877,1.0,0.03,0.0,efficiency_or_activity_conversion_bias,130.64287565225317,raw_net_unc: comparison estimator; raw_physical_net_unc: activity counting floor
Ti-RAFM-1a_25cm,flux_wires,Sc48,1037.36,Sc48@1037.5,1603.0,94.0,2558.0,51.0,261.59,15.339650655021833,15095.999999999998,1361.6,0.976,0.000436013639024514,True,True,Sc48,1037.3257357111618,1583.0,117.02777448110342,2858.0,53.46026561849464,2469.621340279466,54.015422489622594,12.664941502135855,-0.012476606363069246,-0.13324009788580654,0.11727912431587177,4.060361559714059,-0.0342642888381306,297.98130546203885,24.309067399865164,False,estimated,measurement_time,0.1391158127682208,1.2660348860859414,0.000378377051454496,0.867810126997478,0.975,0.02,-0.0010000000000000009,matched,124.99070759490188,raw_net_unc: comparison estimator; raw_physical_net_unc: activity counting floor
Ti-RAFM-1a_25cm,flux_wires,Sc48,1311.88,Sc48@1312.1,1303.0,84.0,1943.0,44.0,24938.0,1607.6684574059861,15095.999999999998,1361.6,1.0,3.6284429830423894e-06,True,True,Sc48,1311.816312107527,1344.5,95.0013157803617,2076.0,45.56314299957807,1853.6656565113212,24.874055085793042,12.607305440333771,0.0318495778971604,0.3272564349154167,0.06845084920226453,2.0997673516859865,-0.06368789247312634,274.6506216950557,23.291146947722442,False,estimated,measurement_time,-0.9889866620540919,-15.339457208741267,0.0003399520997961622,93.69090306363805,1.0,0.03,0.0,efficiency_or_activity_conversion_bias,106.64451705109201,raw_net_unc: comparison estimator; raw_physical_net_unc: activity counting floor
Ti-RAFM-1a_25cm,flux_wires,Sc46,889.11,Sc46@889.3,1875.0,142.0,3796.0,62.0,260.11,19.698997333333335,484.70000000000005,48.47,0.9998,0.0005006896321147792,True,True,Sc46,889.0878532609256,2223.5,118.39446777615919,3611.0,60.091596750294464,3176.977213104367,64.6122201666127,17.63389373089849,0.18586666666666668,1.8849889647768254,-0.04873551106427819,-2.142633567589921,-0.022146739074401012,372.4465349090605,21.121060500926575,False,estimated,measurement_time,0.43188087697151395,3.8895470258277904,0.00041465149619553733,0.8281607399061975,0.999833,5e-06,3.2999999999949736e-05,efficiency_or_activity_conversion_bias,126.09240102790997,raw_net_unc: comparison estimator; raw_physical_net_unc: activity counting floor
Ti-RAFM-1a_25cm,flux_wires,Sc46,1120.28,Sc46@1120.5,3500.0,127.0,4760.0,69.0,595.7,21.6154,484.70000000000005,48.47,0.9998999999999999,0.0004080575181163501,True,True,Sc46,1120.2846656367146,3480.0,122.25587920423295,4687.0,68.46166810705097,4088.9218278802314,50.49045779192886,26.51668921031356,-0.005714285714285714,-0.11345429281743288,-0.015336134453781512,-0.7510224472957402,0.004665636714662469,665.0311782027868,25.079721413491004,False,estimated,measurement_time,0.11638606379517669,2.094016634619991,0.0003634423658008235,0.8906645501313729,0.9998600000000001,0.0,-3.999999999981796e-05,matched,131.23810338458347,raw_net_unc: comparison estimator; raw_physical_net_unc: activity counting floor
Ti-RAFM-1b_25cm,flux_wires,Sc47,159.32,Sc47@159.4,308195.0,991.0,404465.0,636.0,1605.8,5.163444572429793,1605.8,45.88,0.6829999999999999,0.0016261840356796198,True,True,Sc47,159.33104373020635,308146.0,1046.641533668524,413121.0,642.7448949622237,383337.4673343594,5806.500368819125,169.98048997589063,-0.00015899024967958597,-0.03399550016294637,0.02140111010841482,9.572872868843765,0.011043730206353075,2765.5898064284606,82.95210968200416,False,estimated,measurement_time,0.7222504710601947,13.95443072214693,0.000948235298174724,0.5831045425178059,0.68,0.02,-0.0029999999999998916,efficiency_or_activity_conversion_bias,1812.83157875181,raw_net_unc: comparison estimator; raw_physical_net_unc: activity counting floor
Ti-RAFM-1b_25cm,flux_wires,Sc48,175.26,Sc48@175.4,2626.0,536.0,59634.0,244.0,127.64999999999999,26.05498857578065,8658.0,732.6,0.0748,0.001591580342645986,True,True,Sc48,175.25020270523842,4061.0,828.1189528081096,94957.0,308.1509370422229,66352.29254712092,5048.610277362781,2.480384663702094,0.5464584920030464,1.4547162738673785,0.5923298789281283,89.86760712878099,-0.009797294761568764,328.09329312084276,133.39754762851663,False,estimated,measurement_time,1.5702568987140055,1.4747343119923555,0.0009424933756470611,0.5921745515404994,0.076,0.004,0.0011999999999999927,count_parity_failure,1637.2460527710089,raw_net_unc: comparison estimator; raw_physical_net_unc: activity counting floor
Ti-RAFM-1b_25cm,flux_wires,Sc48,983.39,Sc48@983.5,10066.0,303.0,21736.0,147.0,12727.999999999998,383.12974369163516,8658.0,732.6,1.0,4.576706066531649e-06,True,True,Sc48,983.3483841417489,10532.0,401.71258382082084,26410.0,162.51153805191802,21030.733530903228,606.0503716276198,14.799467455125725,0.046294456586528906,0.9261247777597442,0.21503496503496503,21.32957255459255,-0.04161585825113434,156.2810500864711,11.553921296019412,False,estimated,measurement_time,-0.9877214762659907,-32.79830535939031,0.0003899965737391107,85.21337574878619,1.0,0.03,0.0,efficiency_or_activity_conversion_bias,711.6472286543184,raw_net_unc: comparison estimator; raw_physical_net_unc: activity counting floor
Ti-RAFM-1b_25cm,flux_wires,Sc48,1037.42,Sc48@1037.5,10203.0,305.0,21240.0,146.0,138.75,4.1476771537783,8658.0,732.6,0.976,0.00043601490835097395,True,True,Sc48,1037.379211990769,9563.5,392.460507567322,24770.0,157.3848785620779,20109.456083353594,642.6850698754711,14.558176142462164,-0.062677643830246,-1.286612895549626,0.166195856873823,16.443346089031092,-0.040788009231164324,150.0223568627293,10.754710638714394,False,estimated,measurement_time,0.08124221162327432,0.9779262888280085,0.00037836636646776145,0.8677830946165542,0.975,0.02,-0.0010000000000000009,matched,656.9160797626237,raw_net_unc: comparison estimator; raw_physical_net_unc: activity counting floor
Ti-RAFM-1b_25cm,flux_wires,Sc48,1311.93,Sc48@1312.1,9097.0,276.0,16545.0,129.0,14504.0,440.0466087721227,8658.0,732.6,1.0,3.629666018058875e-06,True,True,Sc48,1311.8596498062327,8650.5,356.1807827494347,18930.0,137.58633653092156,15934.965200194885,318.650924812302,11.677504513104068,-0.04908211498296142,-0.990900069200918,0.1441523118766999,12.64562637468105,-0.07035019376735363,147.2599059400829,13.362006967875354,False,estimated,measurement_time,-0.989846945260612,-32.61046828679023,0.00033994836251802045,93.65830377413702,1.0,0.03,0.0,efficiency_or_activity_conversion_bias,740.7832718277031,raw_net_unc: comparison estimator; raw_physical_net_unc: activity counting floor
Ti-RAFM-1b_25cm,flux_wires,Sc46,889.19,Sc46@889.3,25312.0,459.0,44811.0,212.0,292.67,5.3071875,466.2,41.44,0.9998,0.0005006006206246254,True,True,Sc46,889.1646849865712,25312.0,458.86000043586284,44811.0,211.6860883478175,38933.4198412511,821.7815380474237,34.46633554167429,0.0,0.0,0.0,0.0,-0.025315013428894417,353.34220444441854,10.251806701810514,False,estimated,measurement_time,0.2073058545270049,5.2556986074950505,0.0004146290653423457,0.828263186779496,0.999833,5e-06,3.2999999999949736e-05,efficiency_or_activity_conversion_bias,734.397771106084,raw_net_unc: comparison estimator; raw_physical_net_unc: activity counting floor
Ti-RAFM-1b_25cm,flux_wires,Sc46,1120.33,Sc46@1120.5,40434.0,442.0,55968.0,237.0,573.5,6.269154671810853,466.2,41.44,0.9998999999999999,0.00040804962022890275,True,True,Sc46,1120.319895936819,41042.5,418.91675784098203,55195.0,234.93616154181117,48018.06193456278,586.3854935031463,57.84820572374422,0.015049216006331306,0.999213669881464,-0.013811463693539165,-2.316365474283411,-0.01010406318096102,653.6151510733388,11.298797307468737,False,estimated,measurement_time,0.13969511956990197,6.20014402315622,0.0003634366857682235,0.8906678691781337,0.9998600000000001,0.0,-3.999999999981796e-05,efficiency_or_activity_conversion_bias,709.4861368043055,raw_net_unc: comparison estimator; raw_physical_net_unc: activity counting floor
RAFM3-B_24hrEOI,RAFM3,W187,134.14,W187@134.2,9020.0,385.0,20152.0,142.0,14948.000000000002,638.0243902439025,19388.0,632.7,0.1036,0.0016179354552381042,True,True,W187,134.2021643264,11764.611298024658,149.7338362472952,16552.369271927953,128.65601140999186,16552.369271927953,281.68045408428634,78.57015884235167,0.30428063171005076,6.644063595361078,-0.17862399404883123,-18.785730426038704,0.062164326400022674,40125.844692506456,510.70082183513955,False,estimated,measurement_time,1.6843621014521308,30.808172183546745,0.0009396845740145131,0.5807923739925855,0.08667,0.0,-0.01693,count_parity_failure,149.7338362472952,raw_net_unc: comparison estimator; raw_physical_net_unc: activity counting floor
RAFM3-B_24hrEOI,RAFM3,W187,479.52,W187@479.5,16143.0,266.0,19652.0,140.0,19425.0,320.07991079724957,19388.0,632.7,0.266,0.0008678388377636498,True,True,W187,479.4830264599,16602.650849045654,141.1479383820346,18082.581922644255,134.47149111482423,18082.581922644255,77.96567907110418,117.62588273948782,0.028473694421461592,1.5264244961521494,-0.0798604761528468,-8.084782200199905,-0.036973540100007085,34057.00626209454,289.53666887688627,False,estimated,measurement_time,0.7532564356290625,33.90140487014644,0.0006245815562328379,0.7196976316966107,0.21681,0.0,-0.04919000000000001,efficiency_or_activity_conversion_bias,141.1479383820346,raw_net_unc: comparison estimator; raw_physical_net_unc: activity counting floor
RAFM3-B_24hrEOI,RAFM3,W187,551.5,W187@551.6,3299.0,141.0,4799.0,69.0,19314.0,825.4846923310095,19388.0,632.7,0.061399999999999996,0.0007727503609041668,True,True,W187,551.4454276279,3808.2527824409153,75.81760334465312,4604.255755618496,67.85466642478242,4604.255755618496,38.197297739541625,50.229136960835945,0.15436580249800405,3.1810094710465235,-0.04058017178193465,-2.0123559866364347,-0.05457237209998311,36737.021309679825,731.3886626864397,False,estimated,measurement_time,0.9020928502474799,15.797683581816772,0.0005703138998044954,0.73803123059974,0.05049,0.0,-0.010909999999999996,count_parity_failure,75.81760334465312,raw_net_unc: comparison estimator; raw_physical_net_unc: activity counting floor
RAFM3-B_24hrEOI,RAFM3,W187,618.28,W187@618.4,3836.0,100.0,4532.0,67.0,20128.0,524.7132429614181,19388.0,632.7,0.0757,0.0006993258702793243,True,True,W187,618.4129394351,4319.229384653497,70.96954194037886,4534.900638279639,67.34167089016755,4534.900638279639,7.423648079013702,60.86032495858658,0.12597220663542666,3.9407366784006204,0.0006400349248982281,0.03053489435167287,0.1329394351000701,36592.979964418635,601.2616592060416,False,estimated,measurement_time,0.8180137104738988,20.63223075035561,0.0005279762538705461,0.754978867948446,0.0621,0.0,-0.013600000000000001,count_parity_failure,70.96954194037886,raw_net_unc: comparison estimator; raw_physical_net_unc: activity counting floor
RAFM3-B_24hrEOI,RAFM3,W187,625.5,W187@625.5,705.0,77.0,1363.0,37.0,21534.0,2351.940425531915,19388.0,632.7,0.0131,0.00069420959481556,True,False,,625.4709796211837,702.0,81.81992422387104,1407.0,37.5099986670221,1227.5280913328377,35.611209808613935,8.456092480596004,-0.00425531914893617,-0.026701235828546516,0.032281731474688186,0.8351085798012357,-0.029020378816312586,,,True,withheld_ambiguous_assignment,measurement_time,,,,,,,,assignment_ambiguous,83.01706747068611,raw_net_unc: comparison estimator; raw_physical_net_unc: activity counting floor
RAFM3-B_24hrEOI,RAFM3,W187,685.73,W187@685.8,15100.0,162.0,16035.0,127.0,19869.0,213.1641059602649,19388.0,632.7,0.332,0.0006358583123744327,True,True,W187,685.8826455296,15516.620862924843,127.8374718040813,15800.446717765984,125.69982783506899,15800.446717765984,13.50854320730106,121.37772003740037,0.027590785624161795,2.018856505991767,-0.014627582303337423,-1.3126405554733491,0.1526455296000222,32417.714494905602,267.08126075293444,False,estimated,measurement_time,0.6315725247826062,36.72240483812559,0.0004924345210498009,0.7744406441915396,0.27,0.0,-0.062,gamma_library_mismatch,127.8374718040813,raw_net_unc: comparison estimator; raw_physical_net_unc: activity counting floor
RAFM3-B_24hrEOI,RAFM3,W187,772.79,W187@772.9,2082.0,103.0,2827.0,53.0,20202.0,999.4265129682997,19388.0,632.7,0.050199999999999995,0.0005702694945722835,True,True,W187,772.84720775,2529.163735724558,55.81870055684716,2697.916773195987,51.94147449963263,2697.916773195987,7.331814289724804,45.31032988037395,0.2147760498196725,3.816934550900946,-0.04566085136328726,-1.739464447809572,0.05720775000008871,37701.667636573875,832.0766530747385,False,estimated,measurement_time,0.8662344142448211,13.456486647829356,0.00045405298243554636,0.7962077346888379,0.04104,0.0,-0.009159999999999995,count_parity_failure,55.81870055684716,raw_net_unc: comparison estimator; raw_physical_net_unc: activity counting floor
RAFM3-B_24hrEOI,RAFM3,Cr51,320.18,Cr51@320.1,405.0,212.0,4842.0,70.0,969.4000000000001,507.4390123456791,969.4000000000001,506.90000000000003,0.09910000000000001,0.0011710511167455726,True,True,Cr51,320.07622878559994,1458.4629643862172,91.34736743710081,4614.046835533408,67.92677554200117,4614.046835533408,165.25166288455776,15.96611927968776,2.601143121941277,4.563553749881843,-0.04707830740739202,-2.3370229807673164,-0.10377121440006931,5243.220772975835,328.3966930928737,False,estimated,measurement_time,4.40872784503387,7.070798200825572,0.0007828482898798358,0.6685005280174466,0.0987,0.0,-0.00040000000000001146,count_parity_failure,91.34736743710081,raw_net_unc: comparison estimator; raw_physical_net_unc: activity counting floor
RAFM3-B_24hrEOI,RAFM3,Mn56,846.68,Mn56@846.8,946.0,85.0,1474.0,38.0,506.90000000000003,45.545983086680764,510.59999999999997,58.09,0.9884999999999999,0.0005244325880547539,True,False,,846.6640876575725,964.5,67.81039743284211,1347.0,36.701498607005135,1211.4647498586037,16.19344541558388,14.014664860010885,0.019556025369978858,0.17013877126802224,-0.08616010854816825,-2.40394098977826,-0.015912342427441217,,,True,withheld_ambiguous_assignment,measurement_time,,,,,,,,assignment_ambiguous,68.82076807645123,raw_net_unc: comparison estimator; raw_physical_net_unc: activity counting floor
RAFM3-B_24hrEOI,RAFM3,Mn56,1810.59,Mn56@1810.7,99.0,35.0,177.0,13.0,331.52,117.2040404040404,510.59999999999997,58.09,0.26899999999999996,0.0003083689770492745,True,False,,1810.4286669958676,85.0,15.046594299043223,169.0,13.0,155.57718690970287,2.1553332086633343,2.685745952431654,-0.1414141414141414,-0.36748065035643107,-0.04519774011299435,-0.43514263457633695,-0.16133300413230245,,,True,withheld_ambiguous_assignment,measurement_time,,,,,,,,assignment_ambiguous,31.648563008367063,raw_net_unc: comparison estimator; raw_physical_net_unc: activity counting floor
RAFM3-B_24hrEOI,RAFM3,Mn56,2112.67,Mn56@2113.1,94.0,17.0,113.0,11.0,610.5,110.40957446808511,510.59999999999997,58.09,0.142,0.00030119748429607585,True,True,Mn56,2112.8905106615493,70.10458964217348,9.455700066336073,128.0,11.313708498984761,114.77738716243041,2.516485085409153,2.112993520819806,-0.25420649316836724,-1.2283808558290341,0.13274336283185842,0.9505863757867168,0.22051066154926957,388.7507048303968,183.9810207650651,False,estimated,measurement_time,-0.3632257087135188,-1.0334701533695565,0.0003384628802660101,1.1237241275670897,0.148,0.0,0.006000000000000005,count_parity_failure,33.1778535766518,raw_net_unc: comparison estimator; raw_physical_net_unc: activity counting floor
RAFM3-B_2hrEOI,RAFM3,W187,133.57,W187@134.2,4403.0,585.0,35143.0,187.0,29193.0,3878.697478991596,35779.0,1757.5,0.1036,0.0016175871689179675,True,True,W187,133.70252789110003,18975.844485800422,204.21146555328596,30223.773484266592,173.8498590286072,30223.773484266592,662.2059253237716,92.92252241757188,3.3097534603226033,23.51905242590407,-0.13997742127118937,-19.266245599176123,0.1325278911000396,259032.33784144852,2787.6162969125867,False,estimated,measurement_time,7.87309758645732,48.11862240297895,0.000939151856374569,0.5805880971489061,0.08667,0.0,-0.01693,count_parity_failure,204.21146555328596,raw_net_unc: comparison estimator; raw_physical_net_unc: activity counting floor
RAFM3-B_2hrEOI,RAFM3,W187,479.46,W187@479.5,7863.0,351.0,18873.0,137.0,37814.0,1687.9961846623428,35779.0,1757.5,0.266,0.0008685833693558486,True,True,W187,479.4830264599,8805.675560271977,169.94821420107021,18805.645480661064,137.13367741244696,18805.645480661064,525.6573155025515,51.81387519526242,0.11988751879333293,2.4172487682127097,-0.0035688295098254847,-0.3474715850683597,0.02302645989999519,72252.30486983203,1394.4586193861521,False,estimated,measurement_time,0.9107289593756819,15.728949893555134,0.0006245815562328379,0.7190807218609709,0.21681,0.0,-0.04919000000000001,efficiency_or_activity_conversion_bias,169.94821420107021,raw_net_unc: comparison estimator; raw_physical_net_unc: activity counting floor
RAFM3-B_2hrEOI,RAFM3,W187,551.49,W187@551.6,1058.0,351.0,12724.0,113.0,24790.0,8224.281663516069,35779.0,1757.5,0.061399999999999996,0.0007723217407694048,True,True,W187,551.4454276279,2575.0674198894503,158.7364660191524,13849.063938904626,117.68204594968863,13849.063938904626,535.8787921256669,16.222280138067045,1.4339011530146033,3.9381338145047624,0.0884206176441863,6.895868524708956,-0.04457237209999221,99363.47409974872,6125.123796042911,False,estimated,measurement_time,3.008207910437625,7.272227376833768,0.0005703138998044954,0.7384408203196967,0.05049,0.0,-0.010909999999999996,count_parity_failure,158.7364660191524,raw_net_unc: comparison estimator; raw_physical_net_unc: activity counting floor
RAFM3-B_2hrEOI,RAFM3,W187,618.13,W187@618.4,1771.0,323.0,13179.0,115.0,37184.99999999999,6781.905702992659,35779.0,1757.5,0.0757,0.0006990566741350474,True,True,W187,618.4129394351,5671.145383888217,166.85571630912668,16725.47515956991,129.3270086237593,16725.47515956991,526.7122738833777,33.988319425518036,2.202227771817175,10.727897873715532,0.26910047496546846,20.4925056683657,0.2829394351000474,192186.2359478044,5654.478926766624,False,estimated,measurement_time,4.168380689735228,17.554105314233784,0.0005279762538705461,0.7552695988831214,0.0621,0.0,-0.013600000000000001,count_parity_failure,166.85571630912668,raw_net_unc: comparison estimator; raw_physical_net_unc: activity counting floor
RAFM3-B_2hrEOI,RAFM3,W187,685.7,W187@685.8,7345.0,391.0,17375.0,132.0,38628.0,2056.3033356024507,35779.0,1757.5,0.332,0.0006363689544689406,True,True,W187,685.3828609375,8662.65197686074,147.13425412598673,15127.950785269073,122.99573482551773,15127.950785269073,307.7994816808194,58.87583437533972,0.17939441482106733,3.154033557335974,-0.12932657350969365,-12.454436258958669,-0.31713906250001855,72357.13236093917,1228.9784616835277,False,estimated,measurement_time,0.8731783255912594,14.079774669395649,0.0004926780872064045,0.7742019527296892,0.27,0.0,-0.062,count_parity_failure,147.13425412598673,raw_net_unc: comparison estimator; raw_physical_net_unc: activity counting floor
RAFM3-B_2hrEOI,RAFM3,W187,772.7,W187@772.9,789.0,166.0,3594.0,60.0,30636.0,6445.596958174905,35779.0,1757.5,0.050199999999999995,0.0005700313166102185,True,True,W187,772.84720775,1479.0539863423937,86.95968088922345,4493.9791932989965,67.03714786071225,4493.9791932989965,131.75852352218203,17.008502920181332,0.8745931385835155,3.6822923676915553,0.2504115729824698,10.003487349003306,0.14720775000000685,88191.68331726154,5185.152610499203,False,estimated,measurement_time,1.8786944548002855,6.9576102434276335,0.00045405298243554636,0.796540416648763,0.04104,0.0,-0.009159999999999995,count_parity_failure,86.95968088922345,raw_net_unc: comparison estimator; raw_physical_net_unc: activity counting floor
RAFM3-B_2hrEOI,RAFM3,Mn56,846.6,Mn56@846.8,173185.0,513.0,178810.0,423.0,371628.0,1100.817992320351,363784.0,24457.0,0.9884999999999999,0.0005238207074255925,True,True,Mn56,846.8202629884,175555.43882410106,422.9360775422657,177191.65917345532,420.9413963646903,177191.65917345532,71.36098761457417,415.0874048018689,0.013687321789422065,3.5652996623224125,-0.009050617004332408,-2.7118858565859156,0.2202629884000089,461551.36874761875,1111.9377832433345,False,estimated,measurement_time,0.2419714573380336,57.470979545087616,0.0004276248557720727,0.816357294986884,0.9883,0.0,-0.00019999999999997797,count_parity_failure,422.9360775422657,raw_net_unc: comparison estimator; raw_physical_net_unc: activity counting floor
RAFM3-B_2hrEOI,RAFM3,Mn56,1810.31,Mn56@1810.7,27898.0,260.0,29874.0,173.0,373626.0,3482.068965517241,363784.0,24457.0,0.26899999999999996,0.00030841904642230224,True,True,Mn56,1810.2377359375,28516.102877033587,175.04325309918647,29574.862461626544,171.9734353370501,29574.862461626544,32.16446574886544,162.90889464260144,0.022155813213620583,1.9720425336702556,-0.010013307169225941,-1.2263045422551253,-0.07226406249992579,351455.01207082707,2157.3715348193145,False,estimated,measurement_time,-0.05934005644460752,-5.412542018936286,0.00032663960385020464,1.0590772769686665,0.276,0.0,0.007000000000000062,efficiency_or_activity_conversion_bias,175.04325309918647,raw_net_unc: comparison estimator; raw_physical_net_unc: activity counting floor
RAFM3-B_2hrEOI,RAFM3,Mn56,2112.69,Mn56@2113.1,12769.0,147.0,13281.0,115.0,332445.0,3827.192027566763,363784.0,24457.0,0.142,0.00030054273041411233,True,True,Mn56,2112.3144459911,13308.98963218753,115.63522310686352,13337.13436634791,115.48651162082916,13337.13436634791,0.5954290532324564,115.09459898640154,0.04228910895038996,2.8871701905659406,0.004226667144635888,0.3444271198130804,-0.3755540089000533,295238.1314553866,2565.1779845053293,False,estimated,measurement_time,-0.1119188694208468,-8.075572445997116,0.00033842965706510025,1.1260616971130335,0.148,0.0,0.006000000000000005,efficiency_or_activity_conversion_bias,115.63522310686352,raw_net_unc: comparison estimator; raw_physical_net_unc: activity counting floor
RAFM3-B_2hrEOI,RAFM3,Mn56,2522.6,Mn56@2523.1,773.0,68.0,934.0,31.0,277093.0,24375.5808538163,363784.0,24457.0,0.0102,0.0003038863956445036,True,True,Mn56,2522.99721775,920.6045619167269,30.365879111993266,920.6045619167269,30.341466047584564,920.6045619167269,0.0,30.31707261039336,0.1909502741484177,1.9820128064093316,-0.014342010795795631,-0.3088109864296992,0.3972177499999816,269325.4037171685,8883.621686641269,False,estimated,measurement_time,-0.028032452219404713,-0.2993993311011512,0.0003687364489516963,1.2134022918981093,0.0103,0.0,9.99999999999994e-05,matched,30.365879111993266,raw_net_unc: comparison estimator; raw_physical_net_unc: activity counting floor
RAFM3-B_300sEOI,RAFM3,W187,133.52,W187@134.2,1303.0,534.0,29680.0,172.0,25937.0,10629.59171143515,36408.0,3922.0,0.1036,0.0016163807273033475,True,True,W187,133.49593784011842,2200.5,214.25663641997184,28100.0,167.6305461424021,21822.37736991385,1583.2700980624456,5.570827173065359,0.6887950882578665,1.559839276320157,-0.05323450134770889,-6.578538230118347,-0.02406215988159488,90136.42977043748,16180.08007971278,False,estimated,measurement_time,2.475206452960538,3.316202990014687,0.0009389251443377216,0.5808811800819701,0.08667,0.0,-0.01693,count_parity_failure,395.00417651426983,raw_net_unc: comparison estimator; raw_physical_net_unc: activity counting floor
RAFM3-B_300sEOI,RAFM3,W187,479.73,W187@479.5,2269.0,304.0,11738.0,108.0,32745.0,4387.166152490084,36408.0,3922.0,0.266,0.0008683336069598335,True,True,W187,479.4830264599,3987.676572880877,147.77921703067688,12900.881826887022,113.5820488760747,12900.881826887022,468.6934653057721,26.984014755289248,0.7574599263467946,5.084603894309086,0.09906984383089298,7.419561584508069,-0.24697354010004346,98159.01851958889,3637.672874469072,False,estimated,measurement_time,1.9976796005371473,11.477929408056568,0.0006245815562328379,0.7192875540307507,0.21681,0.0,-0.04919000000000001,count_parity_failure,147.77921703067688,raw_net_unc: comparison estimator; raw_physical_net_unc: activity counting floor
RAFM3-B_300sEOI,RAFM3,W187,551.55,W187@551.6,579.0,369.0,11887.0,109.0,40700.0,25938.34196891192,36408.0,3922.0,0.061399999999999996,0.0007723151045626616,True,True,W187,551.464194011868,641.5,287.9683142291874,9303.0,96.45206063117574,9284.387803843281,508.2928842158896,2.2276460316025832,0.1079447322970639,0.1335278821623239,-0.21738033145453015,-17.7536856307168,-0.08580598813193774,74261.87776494218,33336.48017298229,False,estimated,measurement_time,0.8246161613007907,0.7945740983058439,0.000570300968109735,0.7384304213921583,0.05049,0.0,-0.010909999999999996,efficiency_or_activity_conversion_bias,287.9721422969971,raw_net_unc: comparison estimator; raw_physical_net_unc: activity counting floor
RAFM3-B_300sEOI,RAFM3,W187,618.33,W187@618.4,742.0,308.0,10653.0,103.0,46768.0,19413.132075471698,36408.0,3922.0,0.0757,0.0006986151075912459,False,False,,,,,,,,,,,,,,,,,,,,,,,,,,,missing_in_fluxforge,,raw_net_unc: comparison estimator; raw_physical_net_unc: activity counting floor
RAFM3-B_300sEOI,RAFM3,W187,685.79,W187@685.8,2462.0,278.0,9587.0,98.0,38850.0,4386.799350121852,36408.0,3922.0,0.332,0.0006362644916861784,True,True,W187,685.8826455296,3541.2520048690667,132.13554870258716,10491.703893147163,102.42901880398524,10491.703893147163,330.7368948577418,26.80014605940582,0.438363933740482,3.506286963154677,0.09436777856964258,6.381971313877538,0.09264552960007677,88781.67286228432,3312.73093308853,False,estimated,measurement_time,1.2852425447177431,9.08326235836079,0.0004924345210498009,0.7739462558169629,0.27,0.0,-0.062,count_parity_failure,132.13554870258716,raw_net_unc: comparison estimator; raw_physical_net_unc: activity counting floor
RAFM3-B_300sEOI,RAFM3,W187,773.15,W187@772.9,60.0,234.0,5256.0,72.0,6919.0,26984.1,36408.0,3922.0,0.050199999999999995,0.0005758149653157857,True,True,W187,772.9994979922453,639.0,84.08500989408807,4447.0,66.68583057891684,3181.006295248809,255.26900843160604,4.675637449602335,9.65,2.3285843499491126,-0.1539193302891933,-8.243522548138102,-0.15050200775465328,114320.40551889372,24450.228819306067,False,estimated,measurement_time,15.522677485025831,2.949480411036743,0.00045399230837004013,0.7884343681846891,0.04104,0.0,-0.009159999999999995,count_parity_failure,136.66585719864727,raw_net_unc: comparison estimator; raw_physical_net_unc: activity counting floor
RAFM3-B_300sEOI,RAFM3,Mn56,846.64,Mn56@846.8,93429.0,588.0,106379.0,326.0,601472.0,3785.393571589121,589114.0,40626.0,0.9884999999999999,0.0005238034534839524,True,True,Mn56,846.8202629884,95375.88386830421,324.7824447984136,100422.2197244851,316.894650829712,100422.2197244851,218.89635134566038,293.6608348012844,0.02083811095381747,2.898292420263603,-0.05599582883383847,-13.102169477500553,0.1802629884000453,752255.8692534171,2561.6486099089675,False,estimated,measurement_time,0.2506914191407366,32.989268848736664,0.0004276248557720727,0.8163841855715709,0.9883,0.0,-0.00019999999999997797,efficiency_or_activity_conversion_bias,324.7824447984136,raw_net_unc: comparison estimator; raw_physical_net_unc: activity counting floor
RAFM3-B_300sEOI,RAFM3,Mn56,1810.21,Mn56@1810.7,14966.0,228.0,16809.0,130.0,601287.0,9160.32580515836,589114.0,40626.0,0.26899999999999996,0.0003084255811968994,True,True,Mn56,1810.2377359375,15747.752172961988,131.97819630495138,16581.95415387551,128.77093675933057,16581.95415387551,25.295904578067123,119.32086218677307,0.05223521134317704,2.9674426867068315,-0.013507397592033368,-1.240818220247029,0.027735937499983265,582263.2693432574,4879.811113264,False,estimated,measurement_time,-0.031638353492995167,-1.8329018102600132,0.00032663960385020464,1.059054837742779,0.276,0.0,0.007000000000000062,matched,131.97819630495138,raw_net_unc: comparison estimator; raw_physical_net_unc: activity counting floor
RAFM3-B_300sEOI,RAFM3,Mn56,2112.52,Mn56@2113.1,6670.0,165.0,7521.0,87.0,520997.0,12888.23163418291,589114.0,40626.0,0.142,0.00030052528124548057,True,True,Mn56,2112.81461359,7355.643655929305,87.2952992483769,7487.073394216247,86.52787639955257,7487.073394216247,3.6073918653754165,84.26162369866748,0.10279515081398878,3.673036999590814,-0.004510916870596075,-0.27649326113708317,0.29461359000015364,489476.99425658706,5809.014504717261,False,estimated,measurement_time,-0.06049939969599238,-2.2296307571726306,0.0003384585013232994,1.126223058241924,0.148,0.0,0.006000000000000005,count_parity_failure,87.2952992483769,raw_net_unc: comparison estimator; raw_physical_net_unc: activity counting floor
RAFM3-B_300sEOI,RAFM3,V52,1433.7,V52@1434.1,97345.0,516.0,105593.0,325.0,94864300.0,502850.46792336536,94864300.0,12739100.0,1.0,3.4204999492257184e-06,True,True,V52,1433.7106665664,101066.11708462788,324.3724870012091,103139.53484101598,321.15344438603796,103139.53484101598,71.68730166801883,311.57425840574194,0.03822607308673156,6.105333758592181,-0.02323511178756188,-5.369718685081148,0.01066656640000474,1016183.840167089,3261.4499200501414,False,estimated,measurement_time,-0.989288026790193,-186.62832838846762,0.0003315217617447705,96.92201919775366,1.0,0.0,0.0,count_parity_failure,324.3724870012091,raw_net_unc: comparison estimator; raw_physical_net_unc: activity counting floor
RAFM3-B_4dEOI,RAFM3,W187,134.14,W187@134.2,1200.0,214.0,5260.0,73.0,1990.6,354.99033333333335,2553.0,135.42000000000002,0.1036,0.0016163484464499233,True,True,W187,134.2021643264,2047.888604163245,80.70281538579195,3740.3692719279525,61.15855845201023,3740.3692719279525,99.58458237162463,25.375677346242668,0.7065738368027041,3.7072410059866576,-0.28890318024183415,-15.956936770646527,0.062164326400022674,6984.783261985504,275.25504705472343,False,estimated,measurement_time,2.5088833828923467,11.117872095194624,0.0009396845740145131,0.5813626239307464,0.08667,0.0,-0.01693,count_parity_failure,80.70281538579195,raw_net_unc: comparison estimator; raw_physical_net_unc: activity counting floor
RAFM3-B_4dEOI,RAFM3,W187,479.48,W187@479.5,2252.0,131.0,3404.0,58.0,2708.4,157.54902309058616,2553.0,135.42000000000002,0.266,0.000868303284179039,True,True,W187,479.4830264599,2483.6707994769054,59.5123563562004,2832.5819226442536,53.22200599981415,2832.5819226442536,18.393950159958038,41.73369954655038,0.10287335678370575,1.6101175631334828,-0.16786665022201716,-7.259018073790173,0.003026459899956535,5094.752201912893,122.07765564205808,False,estimated,measurement_time,0.881092970725481,11.97304208594654,0.0006245815562328379,0.7193126729024935,0.21681,0.0,-0.04919000000000001,efficiency_or_activity_conversion_bias,59.5123563562004,raw_net_unc: comparison estimator; raw_physical_net_unc: activity counting floor
RAFM3-B_4dEOI,RAFM3,W187,551.4,W187@551.6,495.0,103.0,1331.0,36.0,2900.7999999999997,603.6008080808081,2553.0,135.42000000000002,0.061399999999999996,0.0007719986489181466,True,True,W187,551.4454276279,869.6037762708986,38.742198996664776,1011.2557556184958,31.80024772888563,1011.2557556184958,7.050176881270204,22.445906499673928,0.756775305597775,3.4040884254540957,-0.2402285833069153,-6.656636876856702,0.045427627900039624,8388.795146987513,373.73385419338615,False,estimated,measurement_time,1.8918902189008255,7.730253598836515,0.0005703138998044954,0.7387498677668859,0.05049,0.0,-0.010909999999999996,count_parity_failure,38.742198996664776,raw_net_unc: comparison estimator; raw_physical_net_unc: activity counting floor
RAFM3-B_4dEOI,RAFM3,W187,618.24,W187@618.4,432.0,68.0,957.0,31.0,2268.1,357.01574074074074,2553.0,135.42000000000002,0.0757,0.0006989130795001396,True,True,W187,618.2200823257799,433.5,72.21322593541989,996.0,31.559467676119,834.9663643527093,25.89057198219746,5.8951360192130675,0.003472222222222222,0.015122420022799045,0.04075235109717868,0.8815951538714276,-0.01991767422009616,3671.896379192737,622.8688137517975,False,estimated,measurement_time,0.6189305494434714,1.955334404281088,0.0005280859146530823,0.7555816740913873,0.0621,0.0,-0.013600000000000001,efficiency_or_activity_conversion_bias,73.53519894827927,raw_net_unc: comparison estimator; raw_physical_net_unc: activity counting floor
RAFM3-B_4dEOI,RAFM3,W187,685.69,W187@685.8,1945.0,110.0,2725.0,52.0,2556.7,144.59485861182517,2553.0,135.42000000000002,0.332,0.0006365012336801083,True,True,W187,685.3828609375,2331.1974004088693,52.741298822661065,2426.8031410762874,49.26259373070289,2426.8031410762874,4.535250258209167,44.20060659194909,0.1985590747603441,3.165802967023342,-0.10943003997200464,-4.163038128236089,-0.30713906250002765,4867.988443707207,110.13397369514576,False,estimated,measurement_time,0.9040123767775676,12.716065600154732,0.0004926780872064045,0.7740410562252167,0.27,0.0,-0.062,count_parity_failure,52.741298822661065,raw_net_unc: comparison estimator; raw_physical_net_unc: activity counting floor
RAFM3-B_4dEOI,RAFM3,W187,773.03,W187@772.9,276.0,61.0,681.0,26.0,2678.8,592.0536231884058,2553.0,135.42000000000002,0.050199999999999995,0.0005701151394620612,True,True,W187,772.84720775,661.8528175003206,34.13265665135381,788.9167731959874,28.0876622949648,788.9167731959874,5.454173104050199,19.390603674972642,1.3980174547113067,5.52005296190929,0.1584680957356643,2.819567365308681,-0.1827922499999204,9866.089172980537,508.807736899633,False,estimated,measurement_time,2.6830256730552997,9.20681317637502,0.00045405298243554636,0.796423302955914,0.04104,0.0,-0.009159999999999995,count_parity_failure,34.13265665135381,raw_net_unc: comparison estimator; raw_physical_net_unc: activity counting floor
RAFM3-B_4dEOI,RAFM3,Cr51,320.0,Cr51@320.1,826.0,134.0,2527.0,50.0,1979.5,321.12953995157386,1979.5,329.3,0.09910000000000001,0.0011696296955216012,True,True,Cr51,320.07622878559994,1193.9957589404012,60.85070864940294,2161.0468355334083,46.48706094746589,2161.0468355334083,50.93546971369513,19.621723155595767,0.4455154466590813,2.500492351207842,-0.14481723959896783,-5.360234300568436,0.07622878559993751,4292.452752652511,218.76023418607758,False,estimated,measurement_time,1.16845301977899,5.95260044284999,0.0007828482898798358,0.6693129397084274,0.0987,0.0,-0.00040000000000001146,count_parity_failure,60.85070864940294,raw_net_unc: comparison estimator; raw_physical_net_unc: activity counting floor
RAFM3-B_4dEOI,RAFM3,Fe59,1098.93,Fe59@1099.2,24.0,63.0,394.0,20.0,27.823999999999998,73.038,0.0,0.0,0.565,0.0004240731034178597,False,False,,,,,,,,,,,,,,,,,,,,,,,,,,,missing_in_fluxforge,,raw_net_unc: comparison estimator; raw_physical_net_unc: activity counting floor
RAFM3-C_24hrEOI,RAFM3,W187,134.16,W187@134.2,9384.0,416.0,20697.0,144.0,15577.0,690.540494458653,17649.0,558.7,0.1036,0.0016152580831273777,True,True,W187,134.2021643264,11067.354168531421,145.04991846542018,15513.369271927952,124.55267669515558,15513.369271927952,261.6660190370401,76.3003129241322,0.17938556783156662,3.8209186304389298,-0.2504532409562762,-27.225999265596776,0.04216432640001244,37747.69291340891,494.72527001222954,False,estimated,measurement_time,1.4232967139634658,26.099442149464178,0.0009396845740145131,0.5817550667786446,0.08667,0.0,-0.01693,count_parity_failure,145.04991846542018,raw_net_unc: comparison estimator; raw_physical_net_unc: activity counting floor
RAFM3-C_24hrEOI,RAFM3,W187,479.52,W187@479.5,14741.0,254.0,18045.0,134.0,17723.0,305.3824028220609,17649.0,558.7,0.266,0.0008685714926787336,True,True,W187,479.4830264599,15410.948711604824,135.2717363196742,16674.58192264425,129.13009688931643,16674.58192264425,66.84702356202443,113.92585865228835,0.04544798260666332,2.3280296894278814,-0.07594447643977552,-7.3641594634125225,-0.036973540100007085,31612.468487591694,277.48281962987613,False,estimated,measurement_time,0.7836973699481856,33.66165984761011,0.0006245815562328379,0.7190905544304544,0.21681,0.0,-0.04919000000000001,efficiency_or_activity_conversion_bias,135.2717363196742,raw_net_unc: comparison estimator; raw_physical_net_unc: activity counting floor
RAFM3-C_24hrEOI,RAFM3,W187,551.54,W187@551.6,3020.0,134.0,4380.0,66.0,17686.0,784.7430463576159,17649.0,558.7,0.061399999999999996,0.0007725141629984011,True,True,W187,551.4454276279,3342.003834826419,72.8461249795873,4150.255755618496,64.42247865162048,4150.255755618496,38.54384717010893,45.87757874235457,0.10662378636636385,2.1112142573447104,-0.05245302383139369,-2.4910097185728683,-0.09457237209994673,32239.263807051306,702.7237419852705,False,estimated,measurement_time,0.8228691511393931,13.815572896301687,0.0005703138998044954,0.7382568852730222,0.05049,0.0,-0.010909999999999996,efficiency_or_activity_conversion_bias,72.8461249795873,raw_net_unc: comparison estimator; raw_physical_net_unc: activity counting floor
RAFM3-C_24hrEOI,RAFM3,W187,618.3,W187@618.4,3452.0,105.0,4284.0,65.0,18130.0,551.46292004635,17649.0,558.7,0.0757,0.0006986740332654655,True,True,W187,618.4129394351,3919.4291638927502,70.52996600018987,4303.900638279639,65.60412058917976,4303.900638279639,17.049827782853512,55.57111942861562,0.13540821665491026,3.695412507589441,0.00464534040140961,0.2154867040205924,0.1129394351000883,33205.82911754556,597.5375241486796,False,estimated,measurement_time,0.8315404918668262,18.54074229995117,0.0005279762538705461,0.7556832352891213,0.0621,0.0,-0.013600000000000001,count_parity_failure,70.52996600018987,raw_net_unc: comparison estimator; raw_physical_net_unc: activity counting floor
RAFM3-C_24hrEOI,RAFM3,W187,625.42,W187@625.5,544.0,55.0,989.0,31.0,16613.0,1679.6231617647059,17649.0,558.7,0.0131,0.0006943477590717427,True,True,W187,625.3980132286715,697.5,74.01857874885197,1260.0,35.4964786985977,1080.5280913328377,26.111209808613943,9.258056448264657,0.2821691176470588,1.6645741187802743,0.27401415571284127,5.750359697458724,-0.021986771328442956,34233.882955885325,3697.7397088891344,False,estimated,measurement_time,1.060668329373703,4.338696137909187,0.0005240368099035837,0.75471808334797,0.0108,0.0,-0.0023,count_parity_failure,75.33978690859466,raw_net_unc: comparison estimator; raw_physical_net_unc: activity counting floor
RAFM3-C_24hrEOI,RAFM3,W187,685.72,W187@685.8,13705.0,167.0,14767.0,122.0,18019.0,219.5675300985042,17649.0,558.7,0.332,0.0006363671754186585,True,True,W187,685.8826455296,14146.208895253974,122.46154974084783,14442.446717765984,120.17673118272931,14442.446717765984,13.846127167183425,115.51551425888428,0.03219327947858259,2.1305284795959225,-0.02197828145418945,-1.8952053892521634,0.1626455296000131,29554.615351038145,255.84974919301894,False,estimated,measurement_time,0.6401917615316135,34.21525312558166,0.0004924345210498009,0.7738213724267503,0.27,0.0,-0.062,gamma_library_mismatch,122.46154974084783,raw_net_unc: comparison estimator; raw_physical_net_unc: activity counting floor
RAFM3-C_24hrEOI,RAFM3,W187,772.87,W187@772.9,1841.0,77.0,2321.0,48.0,17871.0,747.4562737642585,17649.0,558.7,0.050199999999999995,0.0005700313166102184,True,True,W187,772.84720775,2321.4729856044573,53.71608773891738,2478.916773195987,49.788721345260385,2478.916773195987,6.8648939922818215,43.21746209232112,0.2609847830551099,5.11766851071476,0.06803824782248467,2.283399224941042,-0.02279224999995222,34605.668938816365,800.7334827966471,False,estimated,measurement_time,0.9364148026868314,15.277452217560448,0.00045405298243554636,0.7965404166487631,0.04104,0.0,-0.009159999999999995,count_parity_failure,53.71608773891738,raw_net_unc: comparison estimator; raw_physical_net_unc: activity counting floor
RAFM3-C_24hrEOI,RAFM3,Cr51,320.16,Cr51@320.1,859.0,208.0,4915.0,70.0,2057.2,498.1345750873108,2057.2,506.90000000000003,0.09910000000000001,0.0011704166543766105,True,True,Cr51,320.07622878559994,1488.011488918069,89.41360642070565,4454.046835533409,66.73864574242879,4454.046835533409,156.093104060995,16.641890965864093,0.7322601733621293,2.7782696205828685,-0.09378497751100534,-4.766032842629446,-0.0837712144000875,5349.448659058216,321.4447606964271,False,estimated,measurement_time,1.6003541994255381,5.553307450815018,0.0007828482898798358,0.6688629104451679,0.0987,0.0,-0.00040000000000001146,count_parity_failure,89.41360642070565,raw_net_unc: comparison estimator; raw_physical_net_unc: activity counting floor
RAFM3-C_24hrEOI,RAFM3,Mn56,846.79,Mn56@846.8,634.0,69.0,1048.0,32.0,340.03000000000003,37.006419558359624,365.56,44.769999999999996,0.9884999999999999,0.0005239536233342591,True,True,Mn56,846.8202629884,907.2668335044025,36.00909968392959,991.636693821223,31.49026347652911,991.636693821223,3.8448009635625624,25.195487848014825,0.43102024212050866,3.5110308654896207,-0.05378178070493984,-1.2554237265652717,0.030262988400068025,596.3219533785629,23.667807385819188,False,estimated,measurement_time,0.7537333569936853,5.834408088476213,0.0004276248557720727,0.8161502024755865,0.9883,0.0,-0.00019999999999997797,count_parity_failure,36.00909968392959,raw_net_unc: comparison estimator; raw_physical_net_unc: activity counting floor
RAFM3-C_24hrEOI,RAFM3,Mn56,1810.38,Mn56@1810.7,99.0,23.0,139.0,12.0,331.52,77.01979797979797,365.56,44.769999999999996,0.26899999999999996,0.0003083689770492745,True,True,Mn56,1810.2920126694826,75.0,14.527162886760152,156.0,12.489995996796797,136.34639503008745,1.7196726415338364,2.2367272458376024,-0.24242424242424243,-0.8822346197153639,0.1223021582733813,0.9814954576223637,-0.08798733051753516,231.089099963724,103.31572631118306,False,estimated,measurement_time,-0.3029406975032456,-0.7793496989137941,0.0003266406412041452,1.0592526016388186,0.276,0.0,0.007000000000000062,efficiency_or_activity_conversion_bias,33.53113355218876,raw_net_unc: comparison estimator; raw_physical_net_unc: activity counting floor
RAFM3-C_24hrEOI,RAFM3,Mn56,2112.81,Mn56@2113.1,69.0,15.0,86.0,9.0,447.7,97.32608695652173,365.56,44.769999999999996,0.142,0.0003014887778011978,True,True,Mn56,2112.409617574187,72.0,9.417659353167734,79.0,8.888194417315589,66.63168459050944,2.942490186892432,4.240091615934528,0.043478260869565216,0.16938280484090598,-0.08139534883720931,-0.5533985905294664,-0.4003824258129498,399.29403795733276,94.17108735499039,False,estimated,measurement_time,-0.10812142515672823,-0.3574312741617775,0.0003384351437513205,1.1225464052744452,0.148,0.0,0.006000000000000005,matched,16.980765163049668,raw_net_unc: comparison estimator; raw_physical_net_unc: activity counting floor
RAFM3-C_2hrEOI,RAFM3,W187,133.65,W187@134.2,4426.0,452.0,24442.0,156.0,29378.0,3000.1934026208764,36038.0,1672.3999999999999,0.1036,0.0016157974494144418,True,True,W187,133.70252789110003,14350.867458638328,178.82197764979279,23048.773484266592,151.81822513870523,23048.773484266592,512.133482459033,80.25225784463277,2.2424011429368114,20.417851467846383,-0.05700133032212616,-6.400329412723468,0.05252789110002709,195898.46189167118,2441.033650055402,False,estimated,measurement_time,5.66820280113252,43.05312002672903,0.000939151856374569,0.5812311788924495,0.08667,0.0,-0.01693,count_parity_failure,178.82197764979279,raw_net_unc: comparison estimator; raw_physical_net_unc: activity counting floor
RAFM3-C_2hrEOI,RAFM3,W187,479.48,W187@479.5,7574.0,370.0,17534.0,132.0,36445.0,1780.3868497491417,36038.0,1672.3999999999999,0.266,0.0008680868953377636,True,True,W187,479.4830264599,7999.354229744529,149.96238475251147,15205.645480661062,123.31117338125148,15205.645480661062,378.4338765336561,53.342404783347256,0.05615978739695395,1.0654227563359804,-0.1327908360521808,-12.8897035707291,0.003026459899956535,65636.27930795925,1230.4709466051288,False,estimated,measurement_time,0.8009680150352381,13.488146808511326,0.0006245815562328379,0.7194919766526596,0.21681,0.0,-0.04919000000000001,efficiency_or_activity_conversion_bias,149.96238475251147,raw_net_unc: comparison estimator; raw_physical_net_unc: activity counting floor
RAFM3-C_2hrEOI,RAFM3,W187,551.5,W187@551.6,1909.0,302.0,10009.0,100.0,44733.0,7076.671555788371,36038.0,1672.3999999999999,0.061399999999999996,0.0007722661920413313,True,True,W187,551.4454276279,2275.8370837788943,135.75896279936762,10316.063938904625,101.56802616426404,10316.063938904625,383.4544845161465,16.763807242268467,0.19216190873697975,1.1078975962827706,0.03067878298577526,2.1543141356575637,-0.05457237209998311,87817.14893469469,5238.496700992329,False,estimated,measurement_time,0.9631401635189836,4.89336348400431,0.0005703138998044954,0.7384939360053877,0.05049,0.0,-0.010909999999999996,efficiency_or_activity_conversion_bias,135.75896279936762,raw_net_unc: comparison estimator; raw_physical_net_unc: activity counting floor
RAFM3-C_2hrEOI,RAFM3,W187,618.17,W187@618.4,1527.0,339.0,11837.0,109.0,32079.0,7121.664047151277,36038.0,1672.3999999999999,0.0757,0.0006986824372882067,True,True,W187,617.9131729600001,4575.627320686071,141.44432015674474,12260.603239867129,110.7276083001305,12260.603239867129,366.1308710668976,32.3493182024947,1.996481545963373,8.299541624858053,0.03578636815638495,2.7263161675185557,-0.25682703999984824,154977.40159773905,4790.747076264117,False,estimated,measurement_time,3.8311169798852536,14.31867384876811,0.0005282605263542026,0.7560810150095344,0.0621,0.0,-0.013600000000000001,count_parity_failure,141.44432015674474,raw_net_unc: comparison estimator; raw_physical_net_unc: activity counting floor
RAFM3-C_2hrEOI,RAFM3,W187,685.6,W187@685.8,6795.0,313.0,13557.0,116.0,35742.0,1646.3938189845476,36038.0,1672.3999999999999,0.332,0.0006362532554255969,True,True,W187,685.3828609375,8088.915747161725,130.0700771388618,12475.950785269073,111.69579573676474,12475.950785269073,209.14695229658852,62.18890558914686,0.19042174351165939,3.8174216182936225,-0.07974103523869049,-6.713173496097116,-0.21713906249999582,67564.84606991794,1086.4453302376378,False,estimated,measurement_time,0.8903487793049617,16.132799581096158,0.0004926780872064045,0.7743427369606881,0.27,0.0,-0.062,count_parity_failure,130.0700771388618,raw_net_unc: comparison estimator; raw_physical_net_unc: activity counting floor
RAFM3-C_2hrEOI,RAFM3,W187,772.73,W187@772.9,1023.0,141.0,2913.0,54.0,39738.0,5477.08504398827,36038.0,1672.3999999999999,0.050199999999999995,0.0005698012553273076,True,True,W187,772.84720775,1410.8449946062346,74.14981518582317,3427.979193298996,58.548946987106405,3427.979193298996,88.00944823411415,19.026952273186197,0.3791251169171404,2.4345531979883774,0.17678654078235362,6.465599620870681,0.11720775000003414,84124.5797131119,4421.337611261304,False,estimated,measurement_time,1.1169807165210102,6.305860683175786,0.00045405298243554636,0.7968620254701394,0.04104,0.0,-0.009159999999999995,count_parity_failure,74.14981518582317,raw_net_unc: comparison estimator; raw_physical_net_unc: activity counting floor
RAFM3-C_2hrEOI,RAFM3,Mn56,846.6,Mn56@846.8,123790.0,451.0,127984.0,358.0,265623.0,967.7354632845949,260073.0,17242.0,0.9884999999999999,0.0005238424663146195,True,True,Mn56,846.8202629884,125093.8757390118,356.8648046136333,126199.65917345531,355.2459136618679,126199.65917345531,48.43102614675232,350.535760662773,0.010532965013424324,2.267169485576132,-0.013941905445561105,-3.5379385096810134,0.2202629884000089,328883.28584986564,938.230339831896,False,estimated,measurement_time,0.23815816344919544,46.93307525943411,0.0004276248557720727,0.8163233858845677,0.9883,0.0,-0.00019999999999997797,efficiency_or_activity_conversion_bias,356.8648046136333,raw_net_unc: comparison estimator; raw_physical_net_unc: activity counting floor
RAFM3-C_2hrEOI,RAFM3,Mn56,1810.37,Mn56@1810.7,19803.0,203.0,21067.0,145.0,265216.0,2718.721809826794,260073.0,17242.0,0.26899999999999996,0.0003084156996215547,True,True,Mn56,1810.2377359375,20429.260094799632,147.57026542559245,21099.862461626544,145.25791703596244,21099.862461626544,20.44100908357701,138.43750999486022,0.03162450612531599,2.495357549988166,0.001559902293945234,0.1601145665631318,-0.13226406249987122,251786.3638021344,1818.7726997652767,False,estimated,measurement_time,-0.05063659883968385,-4.105678069892052,0.00032663960385020464,1.0590887696411428,0.276,0.0,0.007000000000000062,efficiency_or_activity_conversion_bias,147.57026542559245,raw_net_unc: comparison estimator; raw_physical_net_unc: activity counting floor
RAFM3-C_2hrEOI,RAFM3,Mn56,2112.75,Mn56@2113.1,9237.0,125.0,9579.0,98.0,240500.0,3254.5739958861104,260073.0,17242.0,0.142,0.00030052804700692027,True,True,Mn56,2112.81461359,9550.77178105953,97.89690595100444,9564.22018264874,97.79683114829815,9564.22018264874,0.39465791160667285,97.5594855453298,0.03396901386375766,1.976231240639999,-0.0015429394875519505,-0.10675252899787915,0.06461359000013545,211850.16942536252,2171.497402238032,False,estimated,measurement_time,-0.1191261146554573,-7.3226412126635765,0.0003384585013232994,1.1262126936042869,0.148,0.0,0.006000000000000005,efficiency_or_activity_conversion_bias,97.89690595100444,raw_net_unc: comparison estimator; raw_physical_net_unc: activity counting floor
RAFM3-C_2hrEOI,RAFM3,Mn56,2522.62,Mn56@2523.1,623.0,39.0,664.0,26.0,223331.99999999997,13980.654895666132,260073.0,17242.0,0.0102,0.00030387460707501253,True,True,Mn56,2521.9966625984,662.5593963399239,25.76994823678015,662.5593963399239,25.740229143112224,662.5593963399239,0.0,25.710544322874743,0.06349822847499818,0.8462817354918364,-0.0021695838254158664,-0.03937546452256608,-0.6233374016001108,193879.5885221804,7540.858959943729,False,estimated,measurement_time,-0.13187725663057503,-1.8541386687125356,0.0003686489438268567,1.2131614002740754,0.0103,0.0,9.99999999999994e-05,matched,25.76994823678015,raw_net_unc: comparison estimator; raw_physical_net_unc: activity counting floor
RAFM3-C_300sEOI,RAFM3,W187,133.69,W187@134.2,1603.0,495.0,27213.0,165.0,31894.0,9848.73986275733,37074.0,3200.4999999999995,0.1036,0.001617124743731629,True,True,W187,133.70252789110003,16068.80997589293,195.50516456228013,27108.591161422195,164.64686805834538,27108.591161422195,649.7286526862,82.19123014918641,9.024210839608815,27.180653236786295,-0.0038367265122480065,-0.44792268676998775,0.012527891100035049,658048.407410833,8006.309264582128,False,estimated,measurement_time,19.63235741552747,49.332766562920405,0.000939151856374569,0.5807541193188412,0.08667,0.0,-0.01693,count_parity_failure,195.50516456228013,raw_net_unc: comparison estimator; raw_physical_net_unc: activity counting floor
RAFM3-C_300sEOI,RAFM3,W187,479.51,W187@479.5,2768.0,429.0,15690.0,125.0,39960.0,6193.222543352602,37074.0,3200.4999999999995,0.266,0.000868035955755254,True,True,W187,479.4830264599,3720.3247203318133,143.01765219282885,12074.881826887022,109.88576717158152,12074.881826887022,437.99207773632946,26.013045685547596,0.3440479480967534,2.105928679725379,-0.23040906138387368,-21.721186284446368,-0.02697354010001618,91577.9944656118,3520.4641383646576,False,estimated,measurement_time,1.2917416032435387,7.245769289026703,0.0006245815562328379,0.7195341991212874,0.21681,0.0,-0.04919000000000001,count_parity_failure,143.01765219282885,raw_net_unc: comparison estimator; raw_physical_net_unc: activity counting floor
RAFM3-C_300sEOI,RAFM3,W187,618.27,W187@618.4,503.0,213.0,6941.0,83.0,31709.0,13427.469184890657,37074.0,3200.4999999999995,0.0757,0.0006985030468689017,False,False,,,,,,,,,,,,,,,,,,,,,,,,,,,missing_in_fluxforge,,raw_net_unc: comparison estimator; raw_physical_net_unc: activity counting floor
RAFM3-C_300sEOI,RAFM3,W187,685.77,W187@685.8,2400.0,180.0,6702.0,82.0,37851.0,2838.825,37074.0,3200.4999999999995,0.332,0.0006366115965805044,True,True,W187,685.3828609375,3429.1090017137185,129.4368405693534,10082.650261756358,100.41240093612123,10082.650261756358,317.8989055280293,26.492527062852496,0.428795417380716,4.641757045090064,0.5044240915780899,26.07712223237529,-0.3871390624999549,85927.66784808684,3243.4681540279935,False,estimated,measurement_time,1.2701558174972085,11.153804796718228,0.0004926780872064045,0.7739068685722591,0.27,0.0,-0.062,count_parity_failure,129.4368405693534,raw_net_unc: comparison estimator; raw_physical_net_unc: activity counting floor
RAFM3-C_300sEOI,RAFM3,W187,773.21,W187@772.9,15.0,201.0,4487.0,67.0,1746.3999999999999,23401.76,37074.0,3200.4999999999995,0.050199999999999995,0.0005703252039939191,False,False,,,,,,,,,,,,,,,,,,,,,,,,,,,missing_in_fluxforge,,raw_net_unc: comparison estimator; raw_physical_net_unc: activity counting floor
RAFM3-C_300sEOI,RAFM3,Mn56,846.68,Mn56@846.8,76399.0,507.0,87709.0,296.0,491841.0,3263.9614000183246,481592.0,33189.0,0.9884999999999999,0.0005237994244267813,True,True,Mn56,846.8202629884,80512.49520895092,301.37190497554326,85661.2197244851,292.67938042247715,85661.2197244851,224.24507069098416,267.1532876147981,0.05384226506827206,6.974289883392972,-0.023347436129871533,-4.919405473575157,0.14026298840008167,635024.2284810798,2377.0032334271923,False,estimated,measurement_time,0.2911169025784345,35.46096496105178,0.0004276248557720727,0.8163904651862552,0.9883,0.0,-0.00019999999999997797,count_parity_failure,301.37190497554326,raw_net_unc: comparison estimator; raw_physical_net_unc: activity counting floor
RAFM3-C_300sEOI,RAFM3,Mn56,1810.25,Mn56@1810.7,12317.0,208.0,13997.0,118.0,494875.0,8357.067467727531,481592.0,33189.0,0.26899999999999996,0.0003084152839216593,True,True,Mn56,1810.2377359375,13307.62064346584,121.4922871189955,14032.954153875515,118.46077052710537,14032.954153875515,22.09466428671545,109.53469523898009,0.08042710428398471,4.112464246580487,0.0025687042848835284,0.21503252055819097,-0.012264062499980355,492040.93498169543,4492.101191391208,False,estimated,measurement_time,-0.005726830044565932,-0.2987042426988205,0.00032663960385020464,1.059090197142028,0.276,0.0,0.007000000000000062,count_parity_failure,121.4922871189955,raw_net_unc: comparison estimator; raw_physical_net_unc: activity counting floor
RAFM3-C_300sEOI,RAFM3,Mn56,2112.6,Mn56@2113.1,5386.0,141.0,6173.0,79.0,420653.0,11012.267545488303,481592.0,33189.0,0.142,0.0003005610916423492,True,True,Mn56,2112.81461359,6305.839771225345,80.63667376304429,6403.073394216247,80.0192064083133,6403.073394216247,2.6893383466906613,78.20064341636207,0.17078347033519226,5.663016752102377,0.037270920819090704,2.04608134399997,0.2146135900002264,419618.4102794296,5365.920175941059,False,estimated,measurement_time,-0.0024594849450031834,-0.08445612479621661,0.0003384585013232994,1.1260888742247648,0.148,0.0,0.006000000000000005,count_parity_failure,80.63667376304429,raw_net_unc: comparison estimator; raw_physical_net_unc: activity counting floor
RAFM3-C_300sEOI,RAFM3,V52,1433.68,V52@1434.1,107151.0,533.0,114851.0,339.0,104417700.0,519403.7769129546,104417700.0,14019300.0,1.0,3.42058865498857e-06,True,True,V52,1433.7106665664,109257.13559711544,335.72681127795266,110982.534841016,333.1404131008665,110982.534841016,59.4928709601155,325.4346448567077,0.01965577173442563,3.343487318827818,-0.03368246823261449,-8.13911484367304,0.03066656639998655,1098541.6163140598,3375.613609908556,False,estimated,measurement_time,-0.9894793543976351,-198.91456529296326,0.0003315217617447705,96.91950572930794,1.0,0.0,0.0,count_parity_failure,335.72681127795266,raw_net_unc: comparison estimator; raw_physical_net_unc: activity counting floor
RAFM3-C_4dEOI,RAFM3,W187,134.18,W187@134.2,1056.0,135.0,3492.0,59.0,1750.1000000000001,223.734375,2353.2000000000003,112.11,0.1036,0.0016178520264001092,True,True,W187,134.2021643264,2015.1443304592408,79.64727669479493,3639.3692719279525,60.327185181541104,3639.3692719279525,95.57561976619021,25.300856653030216,0.9082806159651902,6.119176433645117,0.04220196790605741,1.7464480807573481,0.02216432640000221,6873.101574598485,271.6548956762423,False,estimated,measurement_time,2.9272621990734726,14.556951330181072,0.0009396845740145131,0.5808223240943796,0.08667,0.0,-0.01693,count_parity_failure,79.64727669479493,raw_net_unc: comparison estimator; raw_physical_net_unc: activity counting floor
RAFM3-C_4dEOI,RAFM3,W187,479.48,W187@479.5,1918.0,96.0,2726.0,52.0,2305.1,115.37518248175182,2353.2000000000003,112.11,0.266,0.0008689097985372378,True,True,W187,479.4830264599,2262.656341531917,57.36492845818231,2596.5819226442536,50.956667106908135,2596.5819226442536,17.41333086812888,39.44319991929111,0.17969569422936232,3.081869888127838,-0.0474754502405526,-1.7775964246193867,0.003026459899956535,4641.385396413965,117.67263827253349,False,estimated,measurement_time,1.01352886920913,14.176686752140006,0.0006245815562328379,0.7188105799753747,0.21681,0.0,-0.04919000000000001,count_parity_failure,57.36492845818231,raw_net_unc: comparison estimator; raw_physical_net_unc: activity counting floor
RAFM3-C_4dEOI,RAFM3,W187,551.33,W187@551.6,423.0,66.0,949.0,31.0,2475.3,386.2170212765958,2353.2000000000003,112.11,0.061399999999999996,0.0007731106458849263,True,True,W187,551.4454276279,897.9172065788642,38.68649057215202,1023.2557556184958,31.988369067811128,1023.2557556184958,6.250409853461278,23.210097201869704,1.1227357129523978,6.207858799593597,0.07824631782770891,1.6669834856928705,0.11542762789997596,8661.925937404,373.19645247785655,False,estimated,measurement_time,2.499343892620692,11.519317062738798,0.0005703138998044954,0.7376872933261661,0.05049,0.0,-0.010909999999999996,count_parity_failure,38.68649057215202,raw_net_unc: comparison estimator; raw_physical_net_unc: activity counting floor
RAFM3-C_4dEOI,RAFM3,W187,618.26,W187@618.4,414.0,66.0,911.0,30.0,2175.6,346.8347826086956,2353.2000000000003,112.11,0.0757,0.0006982692395034346,True,True,W187,618.2597388019924,403.0,70.66116330771806,943.0,30.708305065568176,781.9663643527093,24.39057198219746,5.596317921907861,-0.026570048309178744,-0.1137653756715079,0.03512623490669594,0.7453964339417273,-0.00026119800759261125,3413.696517941736,609.9897406789858,False,estimated,measurement_time,0.5690827900081523,1.7644261440520457,0.0005280633615824759,0.7562460605568155,0.0621,0.0,-0.013600000000000001,efficiency_or_activity_conversion_bias,72.01163436808676,raw_net_unc: comparison estimator; raw_physical_net_unc: activity counting floor
RAFM3-C_4dEOI,RAFM3,W187,685.67,W187@685.8,1960.0,81.0,2419.0,49.0,2575.2,106.42408163265306,2353.2000000000003,112.11,0.332,0.0006368021532126227,True,True,W187,685.8826455296,2200.4374726992255,51.25039109592139,2284.446717765985,47.79588599205987,2284.446717765985,3.881316104422268,42.9350376776801,0.12267217994858444,2.508424613940711,-0.05562351477222617,-1.9657070463922326,0.21264552960008132,4597.209301175708,107.07360584349924,False,estimated,measurement_time,0.7851853452841364,13.393773850344644,0.0004924345210498009,0.7732928014855208,0.27,0.0,-0.062,gamma_library_mismatch,51.25039109592139,raw_net_unc: comparison estimator; raw_physical_net_unc: activity counting floor
RAFM3-C_4dEOI,RAFM3,W187,772.84,W187@772.9,255.0,52.0,609.0,25.0,2475.3,504.76705882352945,2353.2000000000003,112.11,0.050199999999999995,0.0005700410359799709,True,True,W187,772.84720775,694.1312481779353,34.18712944079384,806.9167731959874,28.40628052378536,806.9167731959874,4.898924327730512,20.303876328079838,1.7220833261879815,7.056414119852558,0.3249864912906197,5.230265238747101,0.007207750000020496,10347.25638570312,509.6197503623031,False,estimated,measurement_time,3.1802029595213184,10.974610471295653,0.00045405298243554636,0.7965268353969872,0.04104,0.0,-0.009159999999999995,count_parity_failure,34.18712944079384,raw_net_unc: comparison estimator; raw_physical_net_unc: activity counting floor
RAFM3-C_4dEOI,RAFM3,Cr51,320.07,Cr51@320.1,939.0,99.0,2059.0,45.0,2249.6,237.17827476038337,2249.6,254.19,0.09910000000000001,0.0011699953445399299,True,True,Cr51,320.07622878559994,1116.933691098266,59.48000345474651,2040.046835533408,45.16687763763849,2040.046835533408,48.74096088151657,18.778305753597508,0.1894927487734463,1.5406310796310156,-0.009205033738024256,-0.2972685428947759,0.006228785599944331,4015.412166237347,213.83250538819684,False,estimated,measurement_time,0.7849449529860184,5.5295721239431925,0.0007828482898798358,0.669103764842475,0.0987,0.0,-0.00040000000000001146,efficiency_or_activity_conversion_bias,59.48000345474651,raw_net_unc: comparison estimator; raw_physical_net_unc: activity counting floor
RAFM3-C_4dEOI,RAFM3,Fe59,1098.75,Fe59@1099.2,62.0,47.0,317.0,18.0,73.26,55.535806451612906,0.0,0.0,0.565,0.000416077112242304,False,False,,,,,,,,,,,,,,,,,,,,,,,,,,,missing_in_fluxforge,,raw_net_unc: comparison estimator; raw_physical_net_unc: activity counting floor
RAFM3-N_24hrEOI,RAFM3,W187,134.15,W187@134.2,9427.0,382.0,20317.0,143.0,15651.0,634.208337753262,20128.0,658.6,0.1036,0.001614987478510576,True,True,W187,134.2021643264,11783.497006280444,150.37731214872812,16658.369271927953,129.0673052013094,16658.369271927953,286.87605887799043,78.35953999913349,0.2499731628599177,5.740091692427608,-0.18007731102387392,-18.992778113370644,0.05216432640000335,40190.25863506543,512.895540677113,False,estimated,measurement_time,1.5679035611184864,30.085590127403798,0.0009396845740145131,0.581852544690401,0.08667,0.0,-0.01693,count_parity_failure,150.37731214872812,raw_net_unc: comparison estimator; raw_physical_net_unc: activity counting floor
RAFM3-N_24hrEOI,RAFM3,W187,479.53,W187@479.5,16506.0,232.0,19496.0,140.0,19832.0,278.74857627529383,20128.0,658.6,0.266,0.0008691429056707925,True,True,W187,479.4830264599,17192.05828906676,143.42710019197045,18701.581922644255,136.75372727148704,18701.581922644255,79.51408693801679,119.86617777293131,0.04156417600065195,2.5152906109626683,-0.04074774709457045,-4.059202921432549,-0.04697354009999799,35266.05733822903,294.21191192927955,False,estimated,measurement_time,0.7782400836138076,38.08134910331008,0.0006245815562328379,0.7186177924915518,0.21681,0.0,-0.04919000000000001,efficiency_or_activity_conversion_bias,143.42710019197045,raw_net_unc: comparison estimator; raw_physical_net_unc: activity counting floor
RAFM3-N_24hrEOI,RAFM3,W187,551.52,W187@551.6,3364.0,166.0,5224.0,72.0,19684.0,971.3269916765755,20128.0,658.6,0.061399999999999996,0.0007731642396480388,True,True,W187,551.4454276279,3950.2898749322253,76.55241266240958,4731.255755618496,68.78412429927778,4731.255755618496,36.842770026201606,51.60242162912237,0.174283553784847,3.2072543009016505,-0.09432317082341202,-4.948454707995703,-0.07457237209996492,38107.20863486933,738.4771379287968,False,estimated,measurement_time,0.935948416727765,15.098837153708905,0.0005703138998044954,0.7376361587340287,0.05049,0.0,-0.010909999999999996,count_parity_failure,76.55241266240958,raw_net_unc: comparison estimator; raw_physical_net_unc: activity counting floor
RAFM3-N_24hrEOI,RAFM3,W187,618.23,W187@618.4,3910.0,112.0,4783.0,69.0,20535.0,588.2148337595908,20128.0,658.6,0.0757,0.0006986886204280613,True,True,W187,618.4129394351,4422.624710014541,72.53468520553562,4698.900638279639,68.54852761569455,4698.900638279639,10.893540379491995,60.972549856423996,0.13110606394233787,3.841714846810399,-0.01758297338916187,-0.8646680508894322,0.18293943510002464,37468.95637882126,614.5217227596982,False,estimated,measurement_time,0.8246387328376558,19.906690450215216,0.0005279762538705461,0.7556674581977221,0.0621,0.0,-0.013600000000000001,count_parity_failure,72.53468520553562,raw_net_unc: comparison estimator; raw_physical_net_unc: activity counting floor
RAFM3-N_24hrEOI,RAFM3,W187,625.4,W187@625.5,786.0,80.0,1410.0,38.0,24013.0,2444.0712468193383,20128.0,658.6,0.0131,0.0006940684906786601,True,True,W187,625.370099793276,668.0,80.82697569499925,1358.0,36.851051545376556,1178.5280913328377,34.611209808613935,8.142507557725406,-0.15012722646310434,-1.0376057470104079,-0.03687943262411347,-0.9823568507195352,-0.029900206723937117,32785.021202745724,4026.403533594528,False,estimated,measurement_time,0.3653030109834558,1.8623699105843672,0.0005240524278632717,0.7550442570168447,0.0108,0.0,-0.0023,efficiency_or_activity_conversion_bias,82.03860976048078,raw_net_unc: comparison estimator; raw_physical_net_unc: activity counting floor
RAFM3-N_24hrEOI,RAFM3,W187,685.73,W187@685.8,15970.0,169.0,16930.0,130.0,20978.999999999996,222.00695053224794,20128.0,658.6,0.332,0.0006369121719411769,True,True,W187,685.8826455296,16409.666281684415,130.741629860193,16622.446717765983,128.92806799826786,16622.446717765983,10.022227312522432,125.5121746549427,0.027530762785498722,2.0576995636611617,-0.018166171425517862,-1.6797804081561207,0.1526455296000222,34283.487440708835,273.14870079305683,False,estimated,measurement_time,0.6341812021883236,37.797861455625295,0.0004924345210498009,0.7731592246839342,0.27,0.0,-0.062,gamma_library_mismatch,130.741629860193,raw_net_unc: comparison estimator; raw_physical_net_unc: activity counting floor
RAFM3-N_24hrEOI,RAFM3,W187,772.85,W187@772.9,2099.0,97.0,2828.0,53.0,20387.0,942.1338732729871,20128.0,658.6,0.050199999999999995,0.0005697087605389064,True,True,W187,772.84720775,2658.1188104835755,56.7518480500499,2814.9167731959874,53.055789252408516,2814.9167731959874,6.761846668459441,46.83757272784068,0.266373897324238,4.975151886261091,-0.004626317823201065,-0.1744598230451053,-0.0027922499999704087,39623.97155859385,845.9868701744442,False,estimated,measurement_time,0.9435901093144575,15.192454682676855,0.00045405298243554636,0.7969913996162575,0.04104,0.0,-0.009159999999999995,count_parity_failure,56.7518480500499,raw_net_unc: comparison estimator; raw_physical_net_unc: activity counting floor
RAFM3-N_24hrEOI,RAFM3,Cr51,320.17,Cr51@320.1,878.0,161.0,4007.0,63.0,2105.3,386.0515945330297,2105.3,395.9,0.09910000000000001,0.0011689727036459225,True,True,Cr51,320.11506643121317,758.0000000000005,86.93134546025048,4790.0,69.2098258919931,3424.3818133554632,218.07638900266465,4.814161979600104,-0.13667425968109287,-0.6558448490611859,0.19540803593711006,8.36632052340537,-0.05493356878685063,2725.1884482366795,566.0774314999372,False,estimated,measurement_time,0.2944418601798695,0.9047013330030311,0.0007828039579726696,0.6696511864915009,0.0987,0.0,-0.00040000000000001146,efficiency_or_activity_conversion_bias,157.45211798273664,raw_net_unc: comparison estimator; raw_physical_net_unc: activity counting floor
RAFM3-N_24hrEOI,RAFM3,Mn56,846.73,Mn56@846.8,512.0,83.0,1092.0,33.0,274.54,44.50550781250001,314.87,46.25,0.9884999999999999,0.0005240650014034502,True,True,Mn56,846.8202629884,916.7367956796729,36.071946133691036,998.636693821223,31.601213486529645,998.636693821223,3.572953094387792,25.414120776351595,0.7905015540618612,4.472247451696821,-0.08549753313074812,-2.0433782278452184,0.09026298840001346,602.5463034090448,23.709114657616936,False,estimated,measurement_time,1.1947486829206844,6.504602541918865,0.0004276248557720727,0.815976748355433,0.9883,0.0,-0.00019999999999997797,count_parity_failure,36.071946133691036,raw_net_unc: comparison estimator; raw_physical_net_unc: activity counting floor
RAFM3-N_24hrEOI,RAFM3,Mn56,1810.44,Mn56@1810.7,90.0,23.0,124.0,11.0,299.7,76.58999999999999,314.87,46.25,0.26899999999999996,0.0003100994426892816,True,True,Mn56,1810.2377359375,119.44984650617636,12.251283004091606,119.44984650617636,10.929311346383008,119.44984650617636,0.0,9.749986712924944,0.32722051673529284,1.1301032128035502,-0.03669478624051325,-0.29343627114451243,-0.20226406250003492,368.04860245733016,37.7486260539649,False,estimated,measurement_time,0.2280567315893566,0.8004541872897706,0.00032663960385020464,1.053338248587232,0.276,0.0,0.007000000000000062,count_parity_failure,12.251283004091606,raw_net_unc: comparison estimator; raw_physical_net_unc: activity counting floor
RAFM3-N_24hrEOI,RAFM3,Mn56,2112.8,Mn56@2113.1,60.0,15.0,77.0,9.0,392.2,98.05,314.87,46.25,0.142,0.00029926285573375665,False,False,,,,,,,,,,,,,,,,,,,,,,,,,,,missing_in_fluxforge,,raw_net_unc: comparison estimator; raw_physical_net_unc: activity counting floor
RAFM3-N_2hrEOI,RAFM3,W187,133.62,W187@134.2,5100.0,434.0,25500.0,160.0,33818.0,2877.8454901960786,40811.0,1768.6000000000001,0.1036,0.0016174095066992342,True,True,W187,133.70252789110003,16833.629987666092,190.87833078051378,26518.773484266592,162.84585805069344,26518.773484266592,570.2153321028035,88.190366705494,2.300711762287469,24.748186282612885,0.039951901343787934,4.46252374061265,0.08252789110002823,229789.7483996551,2605.610533030473,False,estimated,measurement_time,5.79489468329455,50.48002223596195,0.000939151856374569,0.5806518710843767,0.08667,0.0,-0.01693,count_parity_failure,190.87833078051378,raw_net_unc: comparison estimator; raw_physical_net_unc: activity counting floor
RAFM3-N_2hrEOI,RAFM3,W187,479.52,W187@479.5,8784.0,339.0,18424.0,136.0,42254.0,1630.7042349726776,40811.0,1768.6000000000001,0.266,0.0008683610858926556,True,True,W187,479.4830264599,9377.523426088646,162.60549696832567,17870.645480661064,133.68113360029926,17870.645480661064,446.9933520848807,57.670396148509774,0.06756869604834316,1.5786004395964959,-0.030034439825170234,-2.9016955240774447,-0.036973540100007085,76944.42940443987,1334.210176158607,False,estimated,measurement_time,0.8209975245997981,16.464622877018854,0.0006245815562328379,0.7192647924691169,0.21681,0.0,-0.04919000000000001,efficiency_or_activity_conversion_bias,162.60549696832567,raw_net_unc: comparison estimator; raw_physical_net_unc: activity counting floor
RAFM3-N_2hrEOI,RAFM3,W187,551.48,W187@551.6,1934.0,281.0,10017.0,100.0,45288.0,6580.107549120993,40811.0,1768.6000000000001,0.061399999999999996,0.0007727916969789615,True,True,W187,551.4454276279,2497.704839063812,146.04324094279463,11876.063938904625,108.97735516567019,11876.063938904625,446.75040757139857,17.102502128408442,0.29147096125326366,1.780015369787954,0.18559088937851898,12.569260719069247,-0.0345723721000013,96378.30379438715,5635.333536038338,False,estimated,measurement_time,1.1281201155800022,5.897246085347148,0.0005703138998044954,0.7379917538374142,0.05049,0.0,-0.010909999999999996,count_parity_failure,146.04324094279463,raw_net_unc: comparison estimator; raw_physical_net_unc: activity counting floor
RAFM3-N_2hrEOI,RAFM3,W187,618.19,W187@618.4,1237.0,302.0,11261.0,106.0,25974.0,6341.267582861762,40811.0,1768.6000000000001,0.0757,0.0006990246238741762,True,True,W187,617.9131729600001,5209.12967140774,152.77104880795324,14243.603239867129,119.34656777581469,14243.603239867129,430.4918764420381,34.097623286962424,3.2110991684783667,11.736514875662511,0.2648613124826506,18.685260406832445,-0.27682703999994374,176434.25141088836,5174.385614094979,False,estimated,measurement_time,5.792725472044674,18.38357417435996,0.0005282605263542026,0.7557108981747245,0.0621,0.0,-0.013600000000000001,count_parity_failure,152.77104880795324,raw_net_unc: comparison estimator; raw_physical_net_unc: activity counting floor
RAFM3-N_2hrEOI,RAFM3,W187,685.71,W187@685.8,8327.0,367.0,16741.0,129.0,43808.0,1930.7717064969377,40811.0,1768.6000000000001,0.332,0.0006361426959359228,True,True,W187,685.8826455296,9409.54700604309,141.05221287629465,14625.111679441496,120.9343279612596,14625.111679441496,248.3913595204902,66.70967306479221,0.13000444410268894,2.7533629993829876,-0.1263896016103282,-11.966187509064618,0.172645529600004,78634.64888728362,1178.7593204198315,False,estimated,measurement_time,0.7949837675146918,15.39533001672569,0.0004924345210498009,0.7740944354085654,0.27,0.0,-0.062,gamma_library_mismatch,141.05221287629465,raw_net_unc: comparison estimator; raw_physical_net_unc: activity counting floor
RAFM3-N_2hrEOI,RAFM3,W187,772.82,W187@772.9,1077.0,180.0,3807.0,62.0,41809.99999999999,6987.743732590528,40811.0,1768.6000000000001,0.050199999999999995,0.000570150236969685,True,True,W187,772.84720775,1631.5237968657389,80.3462276017501,4016.979193298996,63.379643366770345,4016.979193298996,103.59424333662236,20.30616552344769,0.5148781772198132,2.8131561952642947,0.05515607914341898,2.3683066776956037,0.027207750000002306,97283.01424181437,4790.811644349147,False,estimated,measurement_time,1.3267881904284713,6.547548298619519,0.00045405298243554636,0.7963742764517845,0.04104,0.0,-0.009159999999999995,count_parity_failure,80.3462276017501,raw_net_unc: comparison estimator; raw_physical_net_unc: activity counting floor
RAFM3-N_2hrEOI,RAFM3,Mn56,846.64,Mn56@846.8,141857.0,476.0,146833.0,383.0,304399.0,1021.4083478432506,297073.0,19795.0,0.9884999999999999,0.0005238275872017653,True,True,Mn56,846.8202629884,144206.38513151696,383.20226953845344,145501.65917345532,381.44679730396916,145501.65917345532,55.904609305845874,376.3192355442096,0.016561643990194067,3.844637880084758,-0.009067040968615214,-2.462952782843319,0.1802629884000453,379131.82801637263,1007.4739535120908,False,estimated,measurement_time,0.24550943996653285,52.09059506142298,0.0004276248557720727,0.8163465732234569,0.9883,0.0,-0.00019999999999997797,count_parity_failure,383.20226953845344,raw_net_unc: comparison estimator; raw_physical_net_unc: activity counting floor
RAFM3-N_2hrEOI,RAFM3,Mn56,1810.42,Mn56@1810.7,22611.0,229.0,24260.0,156.0,302808.0,3066.7830701870766,297073.0,19795.0,0.26899999999999996,0.00030843072574695076,True,True,Mn56,1810.7378224796,23364.459645546583,158.06856455309497,24171.74106921201,155.47263768654602,24171.74106921201,24.034761581408965,147.81218334970393,0.033322703354410836,2.707788273914502,-0.003638043313602218,-0.40073118121566004,0.317822479599954,287953.6457242883,1948.1049477702957,False,estimated,measurement_time,-0.049055356119097566,-4.088484439816412,0.0003266491771715906,1.0590682117694947,0.276,0.0,0.007000000000000062,efficiency_or_activity_conversion_bias,158.06856455309497,raw_net_unc: comparison estimator; raw_physical_net_unc: activity counting floor
RAFM3-N_2hrEOI,RAFM3,Mn56,2112.81,Mn56@2113.1,10554.0,133.0,10932.0,105.0,274799.0,3462.9777335607355,297073.0,19795.0,0.142,0.00030051841391130665,True,True,Mn56,2112.81461359,10904.19170954041,104.72050547194151,10932.22018264874,104.55725791473655,10932.22018264874,0.8740889044576785,104.12661455747123,0.03318094651699921,2.0687249009036135,2.014111313024742e-05,0.0014859165279257176,0.004613590000190015,241871.01462249574,2322.8548786535107,False,estimated,measurement_time,-0.11982571034648691,-7.896633343497811,0.0003384585013232994,1.126248794269193,0.148,0.0,0.006000000000000005,efficiency_or_activity_conversion_bias,104.72050547194151,raw_net_unc: comparison estimator; raw_physical_net_unc: activity counting floor
RAFM3-N_2hrEOI,RAFM3,Mn56,2522.67,Mn56@2523.1,651.0,42.0,715.0,27.0,233359.0,15055.419354838708,297073.0,19795.0,0.0102,0.00030388814093194845,True,True,Mn56,2522.99721775,727.6045619167268,27.001603919845,727.6045619167268,26.97414617586119,727.6045619167268,0.0,26.946716353467032,0.11767213812093205,1.5342140296017406,0.01762875792549198,0.33026071977755156,0.3272177499998179,212862.72140198422,7899.393700138042,False,estimated,measurement_time,-0.08783153252291867,-1.2055256478442016,0.0003687364489516963,1.2133953230977503,0.0103,0.0,9.99999999999994e-05,matched,27.001603919845,raw_net_unc: comparison estimator; raw_physical_net_unc: activity counting floor
RAFM3-N_300sEOI,RAFM3,W187,133.67,W187@134.2,1458.0,422.0,20056.0,142.0,29008.0,8396.00548696845,40330.0,3640.8,0.1036,0.00161718136070039,True,True,W187,133.70252789110003,11783.750358323052,168.4675903196045,20045.591161422195,141.5824535789029,20045.591161422195,486.21446886018657,69.94669025637378,7.082133304748321,22.724694568796085,-0.0005189887603612386,-0.051908376357627774,0.03252789110004528,482567.04561536264,6899.06904596375,False,estimated,measurement_time,15.635653806376263,41.73756974302486,0.000939151856374569,0.5807337873148802,0.08667,0.0,-0.01693,count_parity_failure,168.4675903196045,raw_net_unc: comparison estimator; raw_physical_net_unc: activity counting floor
RAFM3-N_300sEOI,RAFM3,W187,479.55,W187@479.5,2247.0,268.0,9574.0,98.0,32412.0,3865.7837116154874,40330.0,3640.8,0.266,0.0008687490662977324,True,True,W187,479.4830264599,3785.302132579114,130.62569206133094,10411.881826887022,102.03862909157013,10411.881826887022,348.70106611640017,28.97823600277541,0.6846026402221247,5.159674956362118,0.08751638049791328,5.9223682322036355,-0.06697354010003664,93177.45191798235,3215.428706877058,False,estimated,measurement_time,1.874782547142489,12.084818988583478,0.0006245815562328379,0.7189435712369273,0.21681,0.0,-0.04919000000000001,count_parity_failure,130.62569206133094,raw_net_unc: comparison estimator; raw_physical_net_unc: activity counting floor
RAFM3-N_300sEOI,RAFM3,W187,618.16,W187@618.4,706.0,226.0,7027.0,84.0,44474.0,14236.71954674221,40330.0,3640.8,0.0757,0.0006990067589201133,False,False,,,,,,,,,,,,,,,,,,,,,,,,,,,missing_in_fluxforge,,raw_net_unc: comparison estimator; raw_physical_net_unc: activity counting floor
RAFM3-N_300sEOI,RAFM3,W187,685.67,W187@685.8,2497.0,233.0,7672.0,88.0,39405.0,3676.9583500200238,40330.0,3640.8,0.332,0.0006362208127013829,True,True,W187,685.3828609375,3772.5991224690415,114.20335185895765,8398.650261756358,91.644150177501,8398.650261756358,220.0546920258251,33.03404901047249,0.5108526721942497,4.915926392665509,0.09471458052090176,5.719235970267882,-0.28713906249993215,94534.94892040394,2861.7427094824,False,estimated,measurement_time,1.399059736591903,11.83209747647691,0.0004926780872064045,0.7743822229180174,0.27,0.0,-0.062,count_parity_failure,114.20335185895765,raw_net_unc: comparison estimator; raw_physical_net_unc: activity counting floor
RAFM3-N_300sEOI,RAFM3,W187,772.82,W187@772.9,575.0,149.0,2853.0,53.0,66970.0,17353.965217391305,40330.0,3640.8,0.050199999999999995,0.0005701151394620613,True,True,W187,772.7278718311409,575.0,149.05032707109368,2853.0,53.41348144429457,2840.6421969361695,133.34196774423927,3.8576577005352024,0.0,0.0,0.0,0.0,-0.09212816885917618,102845.9555265291,26660.20769864068,False,estimated,measurement_time,0.5357018893016141,1.1277917973862113,0.0004541005421112319,0.7965067241324335,0.04104,0.0,-0.009159999999999995,efficiency_or_activity_conversion_bias,149.05417863285948,raw_net_unc: comparison estimator; raw_physical_net_unc: activity counting floor
RAFM3-N_300sEOI,RAFM3,Mn56,846.54,Mn56@846.8,95471.0,473.0,102239.0,320.0,614607.0,3044.9991201516686,595256.0,41107.0,0.9884999999999999,0.0005238127205863634,True,True,Mn56,846.3204351839,97244.61113450293,318.648514675274,99383.18477429976,315.2509869521422,99383.18477429976,93.03744243296116,305.178297264628,0.01857748567107221,3.109847945601647,-0.027932738247637756,-6.357518294051739,-0.2195648160999326,766706.0013839066,2512.321512558529,False,estimated,measurement_time,0.24747359106535816,38.52919825730581,0.00042778606277612944,0.8166774993498815,0.9883,0.0,-0.00019999999999997797,count_parity_failure,318.648514675274,raw_net_unc: comparison estimator; raw_physical_net_unc: activity counting floor
RAFM3-N_300sEOI,RAFM3,Mn56,1810.16,Mn56@1810.7,14674.0,218.0,16441.0,128.0,589558.0,8758.596429058198,595256.0,41107.0,0.26899999999999996,0.0003084241973003841,True,True,Mn56,1810.2377359375,15891.819180512255,130.91286144744535,16513.95415387551,128.5066307778533,16513.95415387551,18.796596886269494,121.39234453210686,0.08299163012895291,4.789141267988829,0.004437330690074273,0.4022217760485655,0.07773593749993779,587590.05667769,4840.421024426951,False,estimated,measurement_time,-0.003337997826015407,-0.19665408223852687,0.00032663960385020464,1.0590595897120223,0.276,0.0,0.007000000000000062,count_parity_failure,130.91286144744535,raw_net_unc: comparison estimator; raw_physical_net_unc: activity counting floor
RAFM3-N_300sEOI,RAFM3,Mn56,2112.43,Mn56@2113.1,6614.0,148.0,7355.0,86.0,516594.0,11559.708497127307,595256.0,41107.0,0.142,0.00030054204261458964,True,True,Mn56,2112.81461359,7433.394788659752,86.49114485387061,7456.073394216247,86.34855756882246,7456.073394216247,0.6545057494507355,85.94399809620622,0.12388793296942117,4.780049928117487,0.013742133815941119,0.8293604228251297,0.38461359000029915,494650.8977963903,5755.502522033885,False,estimated,measurement_time,-0.04247649450750437,-1.699267017554674,0.0003384585013232994,1.1261602482596196,0.148,0.0,0.006000000000000005,count_parity_failure,86.49114485387061,raw_net_unc: comparison estimator; raw_physical_net_unc: activity counting floor
RAFM3-N_300sEOI,RAFM3,V52,1433.64,V52@1434.1,32384.0,298.0,35712.0,189.0,31557300.0,290392.6445158103,31557300.0,4243900.0,1.0,3.42065597077908e-06,True,True,V52,1433.7106665664,34089.06142390058,191.61045374424873,35399.534841015986,188.14764107215373,35399.534841015986,45.279118790113266,177.90815040499209,0.05265135325779956,4.812669565806789,-0.008749584424955593,-1.1716667134214864,0.07066656639995017,342753.38110026106,1926.5749226216644,False,estimated,measurement_time,-0.9891386975089675,-107.48846528011029,0.0003315217617447705,96.91759843047411,1.0,0.0,0.0,count_parity_failure,191.61045374424873,raw_net_unc: comparison estimator; raw_physical_net_unc: activity counting floor
RAFM3-N_300sEOI,RAFM3,Al28,1778.61,Al28@1779.0,517.0,98.0,1192.0,35.0,555888.0,105371.41972920697,555888.0,133792.0,1.0,3.1001448733078124e-06,True,True,Al28,1778.7325543324,832.8441436757945,44.694449153723326,1414.4051325554094,37.608577911899424,1414.4051325554094,17.382557467400076,18.634174029336112,0.6109171057558888,2.932337815798969,0.18658148704312869,4.329041777652969,0.12255433240011371,8512.976842855856,456.84755489852813,False,estimated,measurement_time,-0.9846858056967306,-5.194671192934784,0.0003261076820519889,105.19111053801703,1.0,0.0,0.0,count_parity_failure,44.694449153723326,raw_net_unc: comparison estimator; raw_physical_net_unc: activity counting floor
RAFM3-N_4dEOI,RAFM3,W187,134.18,W187@134.2,1248.0,125.0,3464.0,59.0,2068.2999999999997,207.16145833333331,2527.1,115.44,0.1036,0.0016178520264001097,True,True,W187,134.2021643264,2145.363667501182,80.73084508324733,3791.3692719279525,61.57409578652335,3791.3692719279525,96.89300046865765,26.574274867170594,0.7190414002413318,6.030529631490861,0.09450614085679922,3.838839465642051,0.02216432640000221,7317.243821353669,275.35064862271247,False,estimated,measurement_time,2.5378058411998596,15.23297223060967,0.0009396845740145131,0.5808223240943795,0.08667,0.0,-0.01693,count_parity_failure,80.73084508324733,raw_net_unc: comparison estimator; raw_physical_net_unc: activity counting floor
RAFM3-N_4dEOI,RAFM3,W187,479.5,W187@479.5,2121.0,114.0,3201.0,57.0,2549.3,137.02036775106083,2527.1,115.44,0.266,0.000868831554035129,True,True,W187,479.4830264599,2573.5546477835483,61.023247297736816,2968.5819226442536,54.48469438883046,2968.5819226442536,20.777305276899128,42.17334805581535,0.21336852795075353,3.499894986493982,-0.07260795918642499,-2.9475361901642576,-0.016973540100025275,5279.130878093779,125.17694519076322,False,estimated,measurement_time,1.0708158624303843,14.708890163523163,0.0006245815562328379,0.718875314014648,0.21681,0.0,-0.04919000000000001,count_parity_failure,61.023247297736816,raw_net_unc: comparison estimator; raw_physical_net_unc: activity counting floor
RAFM3-N_4dEOI,RAFM3,W187,551.49,W187@551.6,342.0,72.0,992.0,31.0,2001.7,421.41052631578947,2527.1,115.44,0.061399999999999996,0.000772958620351854,True,True,W187,551.4454276279,836.5633863067205,40.12478502199546,1049.2557556184956,32.392217516225955,1049.2557556184956,10.325476611645293,20.849043449033715,1.4460917728266682,6.000110410709143,0.05771749558316093,1.2770076337648837,-0.04457237209999221,8070.064857918796,387.07122835857575,False,estimated,measurement_time,3.0316055642298028,10.605351643839342,0.0005703138998044954,0.7378323816931961,0.05049,0.0,-0.010909999999999996,count_parity_failure,40.12478502199546,raw_net_unc: comparison estimator; raw_physical_net_unc: activity counting floor
RAFM3-N_4dEOI,RAFM3,W187,618.23,W187@618.4,604.0,60.0,975.0,31.0,3170.9,314.99006622516555,2527.1,115.44,0.0757,0.0006989659382187155,True,True,W187,618.210824332031,617.5,62.19927652312364,1000.0,31.622776601683793,838.9663643527093,13.89057198219746,9.689418567555661,0.022350993377483443,0.15621035061790034,0.02564102564102564,0.5645484402214311,-0.01917566796896608,5230.388481487541,539.8041631725076,False,estimated,measurement_time,0.6494965093467283,3.2952563281031493,0.0005280911800688067,0.7555320670054743,0.0621,0.0,-0.013600000000000001,efficiency_or_activity_conversion_bias,63.72931416830887,raw_net_unc: comparison estimator; raw_physical_net_unc: activity counting floor
RAFM3-N_4dEOI,RAFM3,W187,685.69,W187@685.8,1982.0,78.0,2500.0,50.0,2604.8,102.50978809283552,2527.1,115.44,0.332,0.0006366323196142473,True,True,W187,685.3828609375,2409.2598511207425,53.40020740399195,2500.8031410762874,50.008030765830874,2500.8031410762874,4.233270151064673,45.117050443153104,0.21557005606495586,4.519919071039227,0.0003212564305149499,0.011357217917649206,-0.30713906250002765,5030.997851613295,111.50990151610836,False,estimated,measurement_time,0.9314334504043669,16.01783481593454,0.0004926780872064045,0.7738816771114156,0.27,0.0,-0.062,count_parity_failure,53.40020740399195,raw_net_unc: comparison estimator; raw_physical_net_unc: activity counting floor
RAFM3-N_4dEOI,RAFM3,W187,772.83,W187@772.9,205.0,56.0,619.0,25.0,1990.6,543.7736585365853,2527.1,115.44,0.050199999999999995,0.0005698540555395664,True,True,W187,772.8484965111301,362.0,33.964377623746046,832.0,28.844410203711913,588.2777853455776,26.214288944229317,5.224417267315279,0.7658536585365854,2.3971340441717013,0.3441033925686591,5.580200806712921,0.018496511130024373,5396.257635650957,1032.8917771194763,False,estimated,measurement_time,1.7108699063854904,2.9175877838195747,0.00045405246888945416,0.7967872904923604,0.04104,0.0,-0.009159999999999995,count_parity_failure,69.29002441377052,raw_net_unc: comparison estimator; raw_physical_net_unc: activity counting floor
RAFM3-N_4dEOI,RAFM3,Cr51,320.05,Cr51@320.1,667.0,99.0,1876.0,43.0,1598.4,237.24377811094453,1598.4,244.57000000000002,0.09910000000000001,0.0011696723071316635,True,True,Cr51,320.07622878559994,1102.4511569555375,58.70565002722808,1987.046835533408,44.57630352029437,1987.046835533408,46.96467739771458,18.779302442681637,0.6528503102781672,3.7833357880866907,0.059193409132946725,1.79293372609811,0.02622878559992614,3963.3469950833824,211.04868017224535,False,estimated,measurement_time,1.4795714433704843,7.4479166397837835,0.0007828482898798358,0.6692885563817276,0.0987,0.0,-0.00040000000000001146,count_parity_failure,58.70565002722808,raw_net_unc: comparison estimator; raw_physical_net_unc: activity counting floor
RAFM3-N_4dEOI,RAFM3,Fe59,1099.1,Fe59@1099.2,93.0,43.0,317.0,18.0,110.26,50.98043010752688,110.26,52.910000000000004,0.565,0.00041468088032202785,False,False,,,,,,,,,,,,,,,,,,,,,,,,,,,missing_in_fluxforge,,raw_net_unc: comparison estimator; raw_physical_net_unc: activity counting floor
RAFM4-A_15dEOI,RAFM4,Ta182,99.58,Ta182@100.1,289117.0,1844.0,733717.0,857.0,439967.0,2806.1274432150303,736966.0,32893.0,0.142,0.0012854721751022777,True,True,Ta182,99.7275651239,885540.892784319,972.3863400512764,915074.8085345012,956.5954257336281,915074.8085345012,1753.199172515529,910.6883306666177,2.062915334568078,286.0991765736678,0.24717678414770441,141.20724019739055,0.14756512390000864,2111615.585572898,2318.702803655351,False,estimated,measurement_time,3.7994862923194193,459.2244668009296,0.0008251912943852409,0.641936333098447,0.14116811764,0.0,-0.0008318823599999803,count_parity_failure,972.3863400512764,raw_net_unc: comparison estimator; raw_physical_net_unc: activity counting floor
RAFM4-A_15dEOI,RAFM4,Ta182,113.18,Ta182@113.7,30061.0,1676.0,457383.0,676.0,300736.0,16767.024916004124,736966.0,32893.0,0.0187,0.0014848203028494829,False,False,,,,,,,,,,,,,,,,,,,,,,,,,,,missing_in_fluxforge,,raw_net_unc: comparison estimator; raw_physical_net_unc: activity counting floor
RAFM4-A_15dEOI,RAFM4,Ta182,152.1,Ta182@152.4,177439.0,2423.0,889199.0,943.0,430717.0,5881.611658090949,736966.0,32893.0,0.0701,0.0016324374491514812,True,True,Ta182,152.1891653744,764267.5522748333,1167.909115843268,1063630.5247893492,1031.3246456811498,1063630.5247893492,17622.045073717803,654.3895769860547,3.307212914155475,218.1693553486812,0.1961670276162582,124.82088318855888,0.08916537440001093,3025694.6449885173,4623.690155524888,False,estimated,measurement_time,6.024785752567271,346.85561281750694,0.0009476059733596719,0.5804853189641199,0.07404402768,0.0,0.0039440276800000035,count_parity_failure,1167.909115843268,raw_net_unc: comparison estimator; raw_physical_net_unc: activity counting floor
RAFM4-A_15dEOI,RAFM4,Ta182,156.27,Ta182@156.4,62822.0,1069.0,332981.0,577.0,401154.0,6826.169590270925,736966.0,32893.0,0.026699999999999998,0.0016292467724580463,True,True,Ta182,156.23290261484271,77865.37288566816,671.0647571198574,815784.0,903.2076173283748,815086.0651049757,71691.62963315131,26.11845454988452,0.23946026687574665,11.91859915041681,1.4499415882587896,450.4682558636446,-0.03709738515729555,851728.1814959726,32610.205931948538,False,estimated,measurement_time,1.1231950360608958,13.523854366865548,0.000948252344101118,0.5820188568920647,0.026780391696,0.0,8.039169600000326e-05,count_parity_failure,2981.239672391429,raw_net_unc: comparison estimator; raw_physical_net_unc: activity counting floor
RAFM4-A_15dEOI,RAFM4,Ta182,179.53,Ta182@179.4,100464.0,1952.0,564193.0,751.0,566470.0,11006.424589902852,736966.0,32893.0,0.031200000000000002,0.0015789793712719903,True,True,Ta182,179.5331007691386,98362.0,2076.8382219133005,594232.0,770.8644498224055,593582.1749896489,33006.841983653445,47.353626261305244,-0.020922917662048096,-0.7374956936054379,0.053242418817674095,27.911778088293143,0.003100769138598025,923504.6526903372,19502.300575552203,False,estimated,measurement_time,0.6302798960056794,15.943478491111787,0.0009396539766174156,0.59510212338015,0.031486022836,0.0,0.00028602283599999875,efficiency_or_activity_conversion_bias,2077.1798860180634,raw_net_unc: comparison estimator; raw_physical_net_unc: activity counting floor
RAFM4-A_15dEOI,RAFM4,Ta182,198.59,Ta182@198.4,43742.0,1906.0,466044.0,683.0,544825.0,23740.0313200128,736966.0,32893.0,0.0147,0.0015171264261732368,True,True,Ta182,198.53174534225892,45896.5,1896.5660415603777,463669.0,680.9324489257359,463044.8377373721,27809.172170852733,24.19555949905615,0.04925472086324356,0.8012783235931036,-0.005096085348164551,-2.462551099420491,-0.05825465774108807,971824.6999592506,40165.415476222435,False,estimated,measurement_time,0.7837373467797011,9.151943892530916,0.0009225105030869502,0.6080643558585085,0.01422059654,0.0,-0.00047940345999999967,efficiency_or_activity_conversion_bias,1896.897651893125,raw_net_unc: comparison estimator; raw_physical_net_unc: activity counting floor
RAFM4-A_15dEOI,RAFM4,Ta182,222.33,Ta182@222.1,246766.0,1789.0,615834.0,785.0,626261.9999999999,4540.2637235275515,736966.0,32893.0,0.0757,0.0014458754391425805,True,True,Ta182,222.1402672384,342256.5518210646,1015.8269169022273,686686.4652106136,828.665472437831,686686.4652106136,20261.549442392257,336.92408236708167,0.3869680256642512,46.415790458876614,0.11505123979938353,62.072253518132776,-0.1897327615999984,1420603.6599361314,4216.39097435716,False,estimated,measurement_time,1.2683855318319357,128.19977661042006,0.0008996274762029722,0.6222026129280271,0.07438984084,0.0,-0.0013101591600000045,count_parity_failure,1015.8269169022273,raw_net_unc: comparison estimator; raw_physical_net_unc: activity counting floor
RAFM4-A_15dEOI,RAFM4,Ta182,229.55,Ta182@229.3,111046.0,1617.0,423848.0,651.0,594923.0,8662.990931685968,736966.0,32893.0,0.0364,0.0014244206980073637,True,True,Ta182,229.53719558555593,85453.5,1171.5582315082827,853444.0,923.8203288518823,440091.532730206,21531.494675247654,50.45879148278336,-0.23046755398663618,-12.816712692859602,1.0135614654310037,380.1221030352553,-0.012804414444076428,725947.5211911711,14386.938328454931,False,estimated,measurement_time,0.22023778067274444,7.8019622530822295,0.0008915387100804628,0.6258956439818975,0.03667599654,0.0,0.0002759965399999967,count_parity_failure,1693.5304530461635,raw_net_unc: comparison estimator; raw_physical_net_unc: activity counting floor
RAFM4-A_15dEOI,RAFM4,Ta182,264.31,Ta182@264.1,111403.0,1365.0,330321.0,575.0,650423.0,7969.510650521081,736966.0,32893.0,0.0361,0.0013179268118467008,True,True,Ta182,264.1121909104,125072.19286594732,791.7937098769819,375687.24610300135,612.9333129329824,375687.24610300135,14740.93098397124,157.9605790065942,0.12270040183789772,8.662216740597485,0.13733987879366238,53.980198387569786,-0.19780908960001398,1164373.2702425963,7371.290214085557,False,estimated,measurement_time,0.7901784995957958,47.343254820407346,0.0008504562944468477,0.645298575612992,0.035084398616,0.0,-0.0010156013840000033,count_parity_failure,791.7937098769819,raw_net_unc: comparison estimator; raw_physical_net_unc: activity counting floor
RAFM4-A_15dEOI,RAFM4,Ta182,1001.71,Ta182@1001.7,28526.0,817.0,95769.0,309.0,844562.0,24188.710439598963,736966.0,32893.0,0.0209,0.00044891131694269396,True,False,,1001.6951038939,28232.0,904.4625475938735,103453.0,321.6411043383603,103335.17386890124,3953.3269896735765,31.211073050070418,-0.010306387155577367,-0.24121534716619147,0.08023473148931283,17.227920088010592,-0.014896106100081852,,,True,withheld_ambiguous_assignment,measurement_time,,,,,,,,assignment_ambiguous,904.5507648746573,raw_net_unc: comparison estimator; raw_physical_net_unc: activity counting floor
RAFM4-A_15dEOI,RAFM4,Ta182,1121.29,Ta182@1121.3,435142.0,952.0,482230.0,694.0,839789.0,1837.2832960275036,736966.0,32893.0,0.35240000000000005,0.0004084345018410169,True,False,,1121.2508817424578,424672.0,771.0327716016492,526092.0,725.3219974604383,505948.58792233927,2457.628738617391,342.0186768228205,-0.024061111085576663,-8.546453168848942,0.09095659747423429,43.69349327045087,-0.03911825754221354,,,True,withheld_energy_mismatch,measurement_time,,,,,,,,assignment_ambiguous,1241.66318618909,raw_net_unc: comparison estimator; raw_physical_net_unc: activity counting floor
RAFM4-A_15dEOI,RAFM4,Ta182,1189.01,Ta182@1189.0,193839.0,682.0,219650.0,469.0,838050.0,2948.5815547954744,736966.0,32893.0,0.1649,0.0003896261290869301,True,True,Ta182,1189.2338400319002,206703.87484258617,501.0298253339087,228788.53274386542,478.3184428222117,228788.53274386542,809.756905018403,412.558024274961,0.06636886716597883,15.202047524617713,0.041604974932235014,13.641887621090921,0.2238400319001812,1007504.3383669149,2442.0912431348934,False,estimated,measurement_time,0.20220074979644997,44.260486211579895,0.000353305619211669,0.9067811238420368,0.1613053038,0.0,-0.003594696199999997,count_parity_failure,501.0298253339087,raw_net_unc: comparison estimator; raw_physical_net_unc: activity counting floor
RAFM4-A_15dEOI,RAFM4,Ta182,1221.36,Ta182@1221.4,320722.0,843.0,356202.0,597.0,857253.0,2253.241994624628,736966.0,32893.0,0.2723,0.0003816538042918231,True,True,Ta182,1221.2289819839,350780.209471532,622.9004626039357,369309.2479879358,607.7081931222713,369309.2479879358,686.989290910973,563.1400689688871,0.09372044783810286,28.676928846291105,0.03679723299682704,15.386062582918557,-0.13101801609991526,1039167.0512525835,1845.3083140670574,False,estimated,measurement_time,0.21220579135049222,62.46121065588351,0.0003492283342606576,0.9150395733868485,0.26849595156,0.0,-0.003804048439999985,count_parity_failure,622.9004626039357,raw_net_unc: comparison estimator; raw_physical_net_unc: activity counting floor
RAFM4-A_15dEOI,RAFM4,Ta182,1231.0,Ta182@1231.0,127088.0,695.0,157989.0,397.0,800754.0,4379.044677703639,736966.0,32893.0,0.1162,0.00037939953966689135,True,True,Ta182,1230.935568874596,129464.0,429.00505047532175,161972.0,402.45745116720104,156899.1932192259,1214.8329105235875,198.1786650696409,0.018695706911746192,2.909113213681739,0.02521061592895708,7.045629970459568,-0.06443112540409857,913752.2786422097,4610.749993300808,False,estimated,measurement_time,0.14111484755893783,17.77022175236776,0.00034806482795916497,0.9174097266031532,0.11307273772,0.0,-0.003127262280000001,efficiency_or_activity_conversion_bias,653.2691092378977,raw_net_unc: comparison estimator; raw_physical_net_unc: activity counting floor
RAFM4-A_15dEOI,RAFM4,Ta182,1257.34,Ta182@1257.4,17287.0,406.0,30097.0,173.0,852073.0,20011.66414068375,736966.0,32893.0,0.0151,0.0003732186864942886,True,True,Ta182,1257.3127943417057,16998.5,407.8801907423306,29987.0,173.16754892300116,29910.74230810895,615.2531888010217,41.656509184358576,-0.016688841325851796,-0.5013017010073386,-0.0036548493205302854,-0.44938780114820187,-0.027205658294178647,930431.9996988082,22335.81300778252,False,estimated,measurement_time,0.09196277748362897,2.612902759695999,0.00034511117654466164,0.9246888996538573,0.014704979932,0.0,-0.00039502006800000086,matched,408.0634775412889,raw_net_unc: comparison estimator; raw_physical_net_unc: activity counting floor
RAFM4-A_15dEOI,RAFM4,Fe59,192.49,Fe59@192.3,34658.0,1812.0,440532.0,664.0,202797.0,10602.693865774136,334961.00000000006,27639.0,0.0308,0.0015413055916613661,True,True,Fe59,192.53444039278642,35943.0,1929.0750374207842,469518.0,685.2138352368551,468890.25576226134,28861.664456754697,18.629084459091114,0.03707657683651682,0.485522262456495,0.06579771730543979,30.378674749069642,0.044440392786412986,368467.67792310804,19779.161919215705,False,estimated,measurement_time,0.8169286425494856,7.382251458851751,0.0009285967024740966,0.6024741021494424,0.02918,0.0,-0.00162,efficiency_or_activity_conversion_bias,1929.40238576564,raw_net_unc: comparison estimator; raw_physical_net_unc: activity counting floor
RAFM4-A_15dEOI,RAFM4,Fe59,1099.25,Fe59@1099.2,272114.0,832.0,316407.0,563.0,322196.0,985.1278214277839,334961.00000000006,27639.0,0.565,0.0004152214620871253,True,True,Fe59,1099.2162224506517,290033.0,643.2273876493617,363848.0,603.1981432332166,325321.95524591126,2440.1522918147184,311.82751196808573,0.06585107712208854,17.038956144763922,0.14993663224897047,57.49613334862327,-0.033777549348315006,387984.9880489783,1244.2294959807361,False,estimated,measurement_time,0.2041893383188442,41.45481658757945,0.00036693597936277765,0.8837114958325155,0.5659,0.0,0.0009000000000000119,count_parity_failure,930.1071549763822,raw_net_unc: comparison estimator; raw_physical_net_unc: activity counting floor
RAFM4-A_15dEOI,RAFM4,Fe59,1291.43,Fe59@1291.6,202824.0,638.0,221344.0,470.0,356051.0,1119.9884530430322,334961.00000000006,27639.0,0.43200000000000005,0.000366286477686249,True,False,,1291.3976019561817,215705.0,507.4232901127393,240653.0,490.56396117122176,223627.90801728136,882.2583463949835,318.6418924665723,0.06350826332189484,15.801370974934471,0.08723525372271215,28.42163079082756,-0.0323980438183753,,,True,withheld_ambiguous_assignment,measurement_time,,,,,,,,assignment_ambiguous,676.9511639861634,raw_net_unc: comparison estimator; raw_physical_net_unc: activity counting floor
RAFM4-A_15dEOI,RAFM4,Cr51,320.33,Cr51@320.1,2855549.0,2320.0,3171627.0,1781.0,6845000.0,5561.242339038833,6845000.0,268768.0,0.09910000000000001,0.001169337854504353,True,True,Cr51,320.07622878559994,3100332.3839617954,1851.2402384726513,3263424.0468355333,1806.494961752048,3263424.0468355333,8561.075641175328,1674.7326033274298,0.0857220044067867,82.47200263447803,0.0289432038620977,36.1860718678737,-0.2537712144000466,11145793.58932112,6655.2675735673765,False,estimated,measurement_time,0.6283117004121431,495.8860909371916,0.0007828482898798358,0.66947998550142,0.0987,0.0,-0.00040000000000001146,count_parity_failure,1851.2402384726513,raw_net_unc: comparison estimator; raw_physical_net_unc: activity counting floor
RAFM4-A_15dEOI,RAFM4,W187,479.79,W187@479.5,3521.0,812.0,76369.0,276.0,4218.0,972.7395626242545,6734.0,821.4000000000001,0.266,0.0008717165919381986,True,True,W187,479.7615073883919,3928.0,393.98049644487145,93758.0,306.1992815145065,71526.61214192593,4465.411473083628,5.175215111676549,0.11559216131780745,0.4509533678238235,0.22769710222734355,42.18270904070507,-0.028492611608101015,8060.486644867005,1557.5172183047193,False,estimated,measurement_time,0.9109736000158856,2.0924895322359944,0.0006243504170655276,0.7162309663939398,0.21681,0.0,-0.04919000000000001,efficiency_or_activity_conversion_bias,759.0022666183427,raw_net_unc: comparison estimator; raw_physical_net_unc: activity counting floor
RAFM4-A_15dEOI,RAFM4,W187,685.92,W187@685.8,6118.0,745.0,67158.0,259.0,8029.0,977.7059496567506,6734.0,821.4000000000001,0.332,0.0006375399884921843,True,True,W187,685.8826455296,7512.358917019883,407.13226492525035,86505.44671776597,294.1180829492909,86505.44671776597,3761.563899337368,18.451887910183572,0.22791090503757486,1.6423764465835957,0.2880884886054672,49.368190907334416,-0.03735447039991868,15695.009158669574,850.590965816973,False,estimated,measurement_time,0.9547900309714253,5.915486398548367,0.0004924345210498009,0.7723978572927395,0.27,0.0,-0.062,gamma_library_mismatch,407.13226492525035,raw_net_unc: comparison estimator; raw_physical_net_unc: activity counting floor
RAFM4-A_15dEOI,RAFM4,Mn54,834.92,Mn54@834.8,38433.0,962.0,127074.0,356.0,20128.0,503.8153670023157,20128.0,1813.0,0.9998,0.000530503225711385,True,True,Mn54,834.8244327195999,44734.397931084546,508.42227020183884,151489.61716420169,389.2166712310788,151489.61716420169,4642.341819579585,87.98670033341658,0.16395800304645866,5.791253449019276,0.19213700020619234,46.28807813365635,-0.09556728040001872,28801.97834170212,327.3446808729044,False,estimated,measurement_time,0.4309408953548351,14.43690430412832,0.0004315460057033433,0.8134653754925923,0.999746,0.0,-5.3999999999998494e-05,count_parity_failure,508.42227020183884,raw_net_unc: comparison estimator; raw_physical_net_unc: activity counting floor
RAFM4-A_15dEOI,RAFM4,Co60,1173.17,Co60@1173.2,5644.0,438.0,24256.0,156.0,3996.0,310.10772501771794,3811.0,381.1,0.9984999999999999,0.0003929261704813922,True,True,Co60,1173.1574856278226,5133.5,466.5841296057979,25378.0,159.3047394147456,25187.394884657995,1058.760983056882,10.99635232379797,-0.0904500354358611,-0.7977100524496346,0.046256596306068605,5.032149127569332,-0.012514372177520272,4017.205710710341,365.32166234947084,False,estimated,measurement_time,0.005306734411997249,0.04425288845647899,0.0003554994433084224,0.9047487034851444,0.9985,0.0,1.1102230246251565e-16,matched,466.83662444047343,raw_net_unc: comparison estimator; raw_physical_net_unc: activity counting floor
RAFM4-A_15dEOI,RAFM4,Co60,1332.43,Co60@1332.5,4732.0,298.0,12402.0,111.0,3666.7,230.91221470836854,3811.0,381.1,0.9998,0.0003585533002213513,True,True,Co60,1332.2163909431,6290.7975404335575,157.81247350399437,15467.445351339202,124.3681846427743,15467.445351339202,315.75353690325477,39.86248615686473,0.32941621733591664,4.622668154207624,0.24717346809701676,18.389141431635267,-0.21360905690016807,5166.963665376434,129.61970422626612,False,estimated,measurement_time,0.40915909820177104,5.665540069214641,0.0003382543370824115,0.9433864836095265,0.999826,0.0,2.599999999997049e-05,count_parity_failure,157.81247350399437,raw_net_unc: comparison estimator; raw_physical_net_unc: activity counting floor
RAFM4-B_15dEOI,RAFM4,Ta182,99.59,Ta182@100.1,281650.0,1791.0,699832.0,837.0,428608.0,2725.499478075626,675879.0,30044.000000000004,0.142,0.0012854602082823623,True,True,Ta182,99.7275651239,840165.0169572639,948.9231107657625,869846.8085345012,932.6557824484344,869846.8085345012,1755.2957007194746,885.3878753983208,1.9830108892500051,275.55763241949865,0.2429366026910762,135.66862438620046,0.13756512390000353,2003414.5895644992,2262.753585442084,False,estimated,measurement_time,3.6742351742489623,444.5627043614194,0.0008251912943852409,0.6419423091188993,0.14116811764,0.0,-0.0008318823599999803,count_parity_failure,948.9231107657625,raw_net_unc: comparison estimator; raw_physical_net_unc: activity counting floor
RAFM4-B_15dEOI,RAFM4,Ta182,113.18,Ta182@113.7,26590.0,1624.0,428299.0,654.0,266030.0,16247.939827002632,675879.0,30044.000000000004,0.0187,0.0014847167755619034,True,True,Ta182,113.19300811484476,41246.310771959834,645.9202030760252,503806.0,709.7929275500003,503180.1200420155,35757.70878088659,21.953639773366906,0.5511963434358719,8.385872980770671,0.17629506489625238,78.23312121954065,0.013008114844751617,661973.6510324203,30153.252848554745,False,estimated,measurement_time,1.4883421081547958,11.559651120174884,0.0008932602903773653,0.6016368273600893,0.019375988928,0.0,0.0006759889279999987,count_parity_failure,1878.7914531602119,raw_net_unc: comparison estimator; raw_physical_net_unc: activity counting floor
RAFM4-B_15dEOI,RAFM4,Ta182,152.19,Ta182@152.4,175189.0,2337.0,835772.0,914.0,425278.0,5673.156910536621,675879.0,30044.000000000004,0.0701,0.0016323504302222715,True,True,Ta182,152.1891653744,710928.918583673,1133.834351464518,997745.5247893492,998.872126345184,997745.5247893492,16881.960753787826,627.013035603835,3.0580682496256784,206.2499471971737,0.19380109023675018,119.63163425748196,-0.0008346255999924779,2814529.8273144145,4488.789973248206,False,estimated,measurement_time,5.618094110944875,330.2708095863002,0.0009476059733596719,0.5805162640418084,0.07404402768,0.0,0.0039440276800000035,count_parity_failure,1133.834351464518,raw_net_unc: comparison estimator; raw_physical_net_unc: activity counting floor
RAFM4-B_15dEOI,RAFM4,Ta182,156.48,Ta182@156.4,23995.0,1532.0,446568.0,668.0,153217.0,9782.389831214838,675879.0,30044.000000000004,0.026699999999999998,0.0016292961735765814,True,True,Ta182,156.32417275859464,73601.3651361222,650.0181314051642,777472.0,881.7437269411107,776774.0651049757,67368.12963315131,25.450870081944544,2.0673625812095104,29.808010534812997,0.7409935328998047,299.1336338459286,-0.15582724140534765,805081.6988742569,31632.77704385443,False,estimated,measurement_time,4.2545193997680215,19.687350011505437,0.0009482579438969368,0.5820046467152438,0.026780391696,0.0,8.039169600000326e-05,count_parity_failure,2891.8997621357066,raw_net_unc: comparison estimator; raw_physical_net_unc: activity counting floor
RAFM4-B_15dEOI,RAFM4,Ta182,179.54,Ta182@179.4,94838.0,1896.0,532128.0,729.0,534724.0,10690.194900778168,675879.0,30044.000000000004,0.031200000000000002,0.001579049029228935,True,True,Ta182,179.55278475576466,75765.0,1105.4069350531017,756973.0,870.0419530114625,560120.174989649,31082.34198365344,37.57975547524564,-0.2011113688605833,-8.690452384450355,0.42253931384929944,198.08679111551098,0.012784755764670308,711355.797111085,18929.22899883332,False,estimated,measurement_time,0.33032330157442913,8.1250094955781,0.0009396398905546333,0.5950669505262092,0.031486022836,0.0,0.00028602283599999875,count_parity_failure,2016.1121072197386,raw_net_unc: comparison estimator; raw_physical_net_unc: activity counting floor
RAFM4-B_15dEOI,RAFM4,Ta182,198.62,Ta182@198.4,36298.0,1856.0,437255.0,661.0,452103.0,23117.063419472146,675879.0,30044.000000000004,0.0147,0.0015171393469827993,True,True,Ta182,198.55129171102436,42846.5,1838.1914345355872,435329.0,659.7946650284465,434704.8377373721,26123.172170852733,23.304714481179374,0.18040938894704941,2.506873309315743,-0.00440475237561606,-2.0622237953101137,-0.06870828897564252,907263.5199476902,38930.47137223612,False,estimated,measurement_time,1.0067628835634583,10.052862658522931,0.000922489830088677,0.6080455509398477,0.01422059654,0.0,-0.00047940345999999967,efficiency_or_activity_conversion_bias,1838.5335737368657,raw_net_unc: comparison estimator; raw_physical_net_unc: activity counting floor
RAFM4-B_15dEOI,RAFM4,Ta182,222.34,Ta182@222.1,229286.0,1718.0,569451.0,755.0,581899.0,4360.067697111904,675879.0,30044.000000000004,0.0757,0.0014458776573824284,True,True,Ta182,222.1402672384,310349.9224022768,979.921912461331,634904.4652106136,796.8089264124828,634904.4652106136,19094.765450217958,316.7088300155994,0.3535493767708311,40.98650673055571,0.1149413473865417,59.62821811207392,-0.19973276159998932,1288168.8700471327,4067.3601363867383,False,estimated,measurement_time,1.2137327440795271,118.44830070197048,0.0008996274762029722,0.622201658355818,0.07438984084,0.0,-0.0013101591600000045,count_parity_failure,979.921912461331,raw_net_unc: comparison estimator; raw_physical_net_unc: activity counting floor
RAFM4-B_15dEOI,RAFM4,Ta182,229.54,Ta182@229.3,107278.0,1553.0,395517.0,629.0,574721.0,8319.895160237886,675879.0,30044.000000000004,0.0364,0.00142445822610633,True,True,Ta182,229.53062809058275,80290.0,1171.9018438520914,852170.0,923.1305433144329,410742.532730206,20380.494675247654,48.77982202799856,-0.2515706855086784,-13.871659258112125,1.1545723698349248,408.8009630210832,-0.009371909417239976,682076.7635607834,13982.764495722966,False,estimated,measurement_time,0.18679631257737817,6.598070161793652,0.0008915460484991519,0.6258843061590783,0.03667599654,0.0,0.0002759965399999967,count_parity_failure,1645.9674648651912,raw_net_unc: comparison estimator; raw_physical_net_unc: activity counting floor
RAFM4-B_15dEOI,RAFM4,Ta182,264.32,Ta182@264.1,100233.0,1324.0,306677.0,554.0,585192.0,7729.931339977852,675879.0,30044.000000000004,0.0361,0.0013179612636735195,True,True,Ta182,264.1121909104,116019.81238730368,763.8806578775233,349449.2461030013,591.1423230517346,349449.2461030013,13729.828541470255,151.8821182220662,0.15750114620238526,10.327911697876024,0.13947001602011658,52.794571366857134,-0.20780908960000488,1080099.1432774146,7111.430601054736,False,estimated,measurement_time,0.8457175478773028,47.11814280062011,0.0008504562944468477,0.645281707351848,0.035084398616,0.0,-0.0010156013840000033,count_parity_failure,763.8806578775233,raw_net_unc: comparison estimator; raw_physical_net_unc: activity counting floor
RAFM4-B_15dEOI,RAFM4,Ta182,1001.76,Ta182@1001.7,24341.0,775.0,85022.0,292.0,720649.0,22944.947824657986,675879.0,30044.000000000004,0.0209,0.0004489167820816756,True,False,,1001.7250868189499,23651.5,859.9751449896677,91833.0,303.0396013724939,91715.17386890124,3582.8269896735765,27.499572187933666,-0.02832669159032086,-0.5955967780121442,0.08010867775399308,16.18472326865373,-0.03491318105011487,,,True,withheld_ambiguous_assignment,measurement_time,,,,,,,,assignment_ambiguous,860.0679253613214,raw_net_unc: comparison estimator; raw_physical_net_unc: activity counting floor
RAFM4-B_15dEOI,RAFM4,Ta182,1121.35,Ta182@1121.3,390042.0,887.0,429741.0,656.0,752765.0,1711.8734777280397,675879.0,30044.000000000004,0.35240000000000005,0.0004084261644469511,True,False,,1121.2771037740497,387017.0,708.4174484370074,455492.0,674.9014742908776,450510.58792233927,2118.628738617391,333.86617737321325,-0.007755575040636649,-2.664785299007479,0.059922139148929236,27.36020814546647,-0.07289622595021683,,,True,withheld_energy_mismatch,measurement_time,,,,,,,,assignment_ambiguous,1159.1979847882942,raw_net_unc: comparison estimator; raw_physical_net_unc: activity counting floor
RAFM4-B_15dEOI,RAFM4,Ta182,1189.1,Ta182@1189.0,174555.0,629.0,195559.0,442.0,754652.0,2719.349820973332,675879.0,30044.000000000004,0.1649,0.00038963899060963245,True,True,Ta182,1189.2338400319002,184487.8928435871,471.07204106497994,203119.5327438654,450.68784401608326,203119.5327438654,686.2000481495471,391.63413822332694,0.056904086640812875,12.639786367625106,0.038661134204334195,11.976976822878887,0.13384003190026306,899220.4551445117,2296.072705060601,False,estimated,measurement_time,0.19156969721740835,40.619994027674636,0.000353305619211669,0.9067511920685455,0.1613053038,0.0,-0.003594696199999997,count_parity_failure,471.07204106497994,raw_net_unc: comparison estimator; raw_physical_net_unc: activity counting floor
RAFM4-B_15dEOI,RAFM4,Ta182,1221.42,Ta182@1221.4,287346.0,785.0,317246.0,563.0,768046.0,2098.2234309856412,675879.0,30044.000000000004,0.2723,0.00038165221050080256,True,True,Ta182,1221.2289819839,312432.5305054735,586.5532075423811,328155.2479879358,572.8483638694762,328155.2479879358,583.15186139103,532.6584638664666,0.08730426212814339,25.600237663364044,0.03438734605932237,13.582294137443748,-0.19101801610008806,925564.1643235425,1737.6315727812678,False,estimated,measurement_time,0.20508949245688735,57.81931537909397,0.0003492283342606576,0.9150433946194142,0.26849595156,0.0,-0.003804048439999985,count_parity_failure,586.5532075423811,raw_net_unc: comparison estimator; raw_physical_net_unc: activity counting floor
RAFM4-B_15dEOI,RAFM4,Ta182,1231.05,Ta182@1231.0,118674.0,565.0,137769.0,371.0,747733.0,3559.9132497429932,675879.0,30044.000000000004,0.1162,0.00037940268852536854,True,True,Ta182,1230.9985447641418,118449.0,392.5261491643299,139624.0,373.6629497287629,138920.51901891307,969.3807198713164,198.9332010499979,-0.0018959502502654331,-0.3270494704309833,0.013464567500671414,3.5228681450687422,-0.05145523585815681,836026.6729066708,4202.549742798096,False,estimated,measurement_time,0.11808181918769245,16.0310449121897,0.0003480573880813834,0.9173825030976573,0.11307273772,0.0,-0.003127262280000001,efficiency_or_activity_conversion_bias,595.4209723405104,raw_net_unc: comparison estimator; raw_physical_net_unc: activity counting floor
RAFM4-B_15dEOI,RAFM4,Ta182,1257.45,Ta182@1257.4,15839.0,373.0,26538.0,163.0,780700.0,18385.068501799356,675879.0,30044.000000000004,0.0151,0.0003732193321346204,True,True,Ta182,1257.4237204073015,15488.5,375.7515801696648,26419.0,162.53922603482522,26342.74230810895,517.2531888010217,41.19823946484436,-0.022128922280446998,-0.6620066250624197,-0.00448413595598764,-0.5169614961440634,-0.026279592698529086,847808.6059449792,20578.75814495516,False,estimated,measurement_time,0.08595953111948154,2.431892623011805,0.0003450997164621501,0.9246565939882033,0.014704979932,0.0,-0.00039502006800000086,matched,375.95053092539985,raw_net_unc: comparison estimator; raw_physical_net_unc: activity counting floor
RAFM4-B_15dEOI,RAFM4,Fe59,192.55,Fe59@192.3,37216.0,1752.0,416329.0,645.0,217782.0,10252.420034393808,321863.0,26381.0,0.0308,0.0015411840080545483,True,True,Fe59,192.5364692435901,33750.5,1874.0709031410738,442973.0,665.562168396011,442345.25576226134,27238.164456754697,18.00595311486857,-0.09311855116079105,-1.3508236376179714,0.06399746354445643,28.747716189340643,-0.013530756409920741,345992.1182386759,19215.429254504164,False,estimated,measurement_time,0.5887085169512443,5.886744833447515,0.0009285947355067562,0.6025203549048829,0.02918,0.0,-0.00162,efficiency_or_activity_conversion_bias,1874.4078574841026,raw_net_unc: comparison estimator; raw_physical_net_unc: activity counting floor
RAFM4-B_15dEOI,RAFM4,Fe59,1099.3,Fe59@1099.2,262864.0,794.0,301624.0,549.0,311244.00000000006,940.1353399476537,321863.0,26381.0,0.565,0.0004152208714591151,True,True,Fe59,1099.2666382504458,282171.0,632.839111831289,352815.0,593.9823229692951,309372.95524591126,2109.1522918147184,320.2841154090553,0.0734486274271106,19.015249644463758,0.16971792695541468,63.2896993712604,-0.03336174955416027,377476.61876067036,1178.5680294465146,False,estimated,measurement_time,0.2127996644454842,43.932301400924025,0.0003669273854915192,0.8836920557536301,0.5659,0.0,0.0009000000000000119,count_parity_failure,881.0021678397051,raw_net_unc: comparison estimator; raw_physical_net_unc: activity counting floor
RAFM4-B_15dEOI,RAFM4,Fe59,1291.52,Fe59@1291.6,193760.0,618.0,210910.0,459.0,340141.0,1084.8840730800991,321863.0,26381.0,0.43200000000000005,0.0003662847976758319,True,False,,1291.4712651420175,206332.5,492.6301743055978,228045.0,477.54057419239257,212246.98049980722,814.9110049530989,315.0123322169123,0.0648869735755574,15.908077688072753,0.0812431842966194,25.869463523982276,-0.04873485798248112,,,True,withheld_ambiguous_assignment,measurement_time,,,,,,,,assignment_ambiguous,654.9981664143957,raw_net_unc: comparison estimator; raw_physical_net_unc: activity counting floor
RAFM4-B_15dEOI,RAFM4,Cr51,320.34,Cr51@320.1,2848677.0,2274.0,3138988.0,1772.0,6830200.0,5452.311652040579,6830200.0,268102.0,0.09910000000000001,0.0011690514721313032,True,True,Cr51,320.07622878559994,3076291.876972436,1835.9332579180646,3223184.0468355333,1795.3228252421716,3223184.0468355333,7694.846644739137,1675.6011492819348,0.07990196044424691,77.88033350762673,0.02682267241401794,33.377592229364446,-0.2637712144000375,11059367.201598257,6600.238491324537,False,estimated,measurement_time,0.6191864369415621,494.0034418247722,0.0007828482898798358,0.6696439879183603,0.0987,0.0,-0.00040000000000001146,count_parity_failure,1835.9332579180646,raw_net_unc: comparison estimator; raw_physical_net_unc: activity counting floor
RAFM4-B_15dEOI,RAFM4,W187,479.57,W187@479.5,3205.0,774.0,69365.0,263.0,3848.0,929.2829953198128,4181.0,695.6,0.266,0.000869778830305146,True,True,W187,479.4830264599,6626.298150268849,395.5187646727718,81350.58192264425,285.22023406947176,81350.58192264425,3929.278217499897,16.753435594265788,1.0674877223927766,3.9361396636475323,0.172790051504999,30.893180580549142,-0.08697354010001845,13592.520835983467,811.3273698103922,False,estimated,measurement_time,2.532359884611088,7.899125056750916,0.0006245815562328379,0.7180923867895416,0.21681,0.0,-0.04919000000000001,count_parity_failure,395.5187646727718,raw_net_unc: comparison estimator; raw_physical_net_unc: activity counting floor
RAFM4-B_15dEOI,RAFM4,W187,685.94,W187@685.8,3406.0,720.0,60670.0,246.0,4477.0,946.4004697592484,4181.0,695.6,0.332,0.0006365271973158063,True,True,W187,685.8826455296,7127.323989454439,386.26637967952854,78035.44671776598,279.3482534718375,78035.44671776598,3379.129571745067,18.45183625706106,1.0925789751774628,4.554479592469096,0.28622790040820806,46.65309144368056,-0.05735447040001418,14890.584505734514,806.9974336584661,False,estimated,measurement_time,2.3260184287993106,8.372718691405192,0.0004924345210498009,0.7736268349983554,0.27,0.0,-0.062,count_parity_failure,386.26637967952854,raw_net_unc: comparison estimator; raw_physical_net_unc: activity counting floor
RAFM4-B_15dEOI,RAFM4,Mn54,834.96,Mn54@834.8,34864.0,919.0,115819.0,340.0,18241.0,480.82489100504824,18241.0,1650.2,0.9998,0.0005310225163526452,True,True,Mn54,834.8244327195999,41603.15349326284,484.20703141839374,137905.6171642017,371.3564556651759,137905.6171642017,4187.023350844862,85.92017627541303,0.19329834480446426,6.487705301130398,0.19069942897280856,43.866744993922104,-0.13556728040009602,26785.94507308293,311.7538421618441,False,estimated,measurement_time,0.4684471834374722,14.91141715274578,0.0004315460057033433,0.8126698819994276,0.999746,0.0,-5.3999999999998494e-05,count_parity_failure,484.20703141839374,raw_net_unc: comparison estimator; raw_physical_net_unc: activity counting floor
RAFM4-B_15dEOI,RAFM4,Co60,1173.36,Co60@1173.2,2382.0,411.0,19041.0,138.0,1683.5,290.47795969773296,1949.8999999999999,249.01,0.9984999999999999,0.00039362082426679324,True,True,Co60,1173.3008119018684,2181.5,194.49111921767908,23376.0,152.89211882893113,19877.394884657995,914.2609830568821,5.05084871737745,-0.08417296389588581,-0.44095465663648226,0.22766661414841657,21.04765758165696,-0.059188098131471634,1707.2226186497194,338.00707844921556,False,estimated,measurement_time,0.01409124956918288,0.05322851222314717,0.0003554794432850715,0.9031012115459882,0.9985,0.0,1.1102230246251565e-16,matched,431.90761039714914,raw_net_unc: comparison estimator; raw_physical_net_unc: activity counting floor
RAFM4-B_15dEOI,RAFM4,Co60,1332.47,Co60@1332.5,2703.0,258.0,8773.0,94.0,2094.2,199.89034406215316,1949.8999999999999,249.01,0.9998,0.0003586016283255378,True,True,Co60,1332.71634919,4104.847840523087,140.09790857019576,11736.399179932252,108.33466287358009,11736.399179932252,262.8278845061992,29.29985095720656,0.5186266520618155,4.774950227978789,0.3377862965840935,20.660826230110988,0.2463491900000463,3371.9274722834325,115.08343428805316,False,estimated,measurement_time,0.6101267654872662,5.539633107701547,0.000338214257612979,0.9431475790900448,0.999826,0.0,2.599999999997049e-05,count_parity_failure,140.09790857019576,raw_net_unc: comparison estimator; raw_physical_net_unc: activity counting floor
RAFM4-C_15dEOI,RAFM4,Ta182,99.6,Ta182@100.1,266536.0,1754.0,667798.0,817.0,405630.99999999994,2669.345881982171,633773.0,28046.0,0.142,0.001285386968086651,True,True,Ta182,99.7275651239,804612.1465475818,927.7477785233731,832200.8085345012,912.2504088979633,832200.8085345012,1637.7465275681097,867.2746679363898,2.01877474918053,271.1741202911306,0.24618643442253682,134.2482126643076,0.12756512390001262,1918637.0305825637,2212.2599696677476,False,estimated,measurement_time,3.7300059181437413,436.41274882481287,0.0008251912943852409,0.6419788864154821,0.14116811764,0.0,-0.0008318823599999803,count_parity_failure,927.7477785233731,raw_net_unc: comparison estimator; raw_physical_net_unc: activity counting floor
RAFM4-C_15dEOI,RAFM4,Ta182,113.16,Ta182@113.7,25645.0,1598.0,414423.0,644.0,256558.0,15986.729732891403,633773.0,28046.0,0.0187,0.001484817353766606,True,True,Ta182,113.1676113622069,37917.90405254324,633.9464053763928,487494.0,698.2077054859822,486868.1200420155,34817.70878088659,20.46147255794452,0.478569079841811,7.138918790571834,0.17631984711273263,76.9283502538974,0.007611362206901617,608618.7938606384,29744.623322544376,False,estimated,measurement_time,1.3722464076763867,10.425686140780478,0.0008931668295532593,0.6015331295041245,0.019375988928,0.0,0.0006759889279999987,count_parity_failure,1853.1366178638477,raw_net_unc: comparison estimator; raw_physical_net_unc: activity counting floor
RAFM4-C_15dEOI,RAFM4,Ta182,152.22,Ta182@152.4,159929.0,2304.0,803488.0,896.0,388241.0,5593.152361360354,633773.0,28046.0,0.0701,0.001632320015759665,True,True,Ta182,152.1891653744,682768.6777049145,1111.3093977105216,958379.5247893492,978.968602555439,958379.5247893492,16224.344317434028,614.3821685585754,3.269198692575546,204.39298574580488,0.19277391173153696,116.71424592589779,-0.030834625599993615,2703044.929421214,4399.614877760739,False,estimated,measurement_time,5.962286130061519,325.2876050777951,0.0009476059733596719,0.5805270806035333,0.07404402768,0.0,0.0039440276800000035,count_parity_failure,1111.3093977105216,raw_net_unc: comparison estimator; raw_physical_net_unc: activity counting floor
RAFM4-C_15dEOI,RAFM4,Ta182,156.5,Ta182@156.4,51299.0,1450.0,424475.0,652.0,327597.99999999994,9259.773094992104,633773.0,28046.0,0.026699999999999998,0.001629123076167896,True,True,Ta182,156.3586602483649,67528.54288530006,635.1549482249262,753233.0,867.889969984675,752535.065104976,64523.12963315132,23.846967258268098,0.316371525474182,10.252328897038966,0.774504976735968,302.8597589418525,-0.14133975163508694,738653.1255669434,30974.71966003733,False,estimated,measurement_time,1.254754685825138,12.71467364495788,0.0009482599606425091,0.5820677237431644,0.026780391696,0.0,8.039169600000326e-05,count_parity_failure,2831.7455278044595,raw_net_unc: comparison estimator; raw_physical_net_unc: activity counting floor
RAFM4-C_15dEOI,RAFM4,Ta182,179.55,Ta182@179.4,85092.0,1877.0,514969.0,718.0,479779.0,10583.194460113758,633773.0,28046.0,0.031200000000000002,0.0015790300744415035,True,True,Ta182,179.55568512313903,68714.0,1149.9419248621016,814689.0,902.6012408588856,542110.174989649,30515.84198365344,34.43038575481875,-0.1924740281107507,-7.440322708972395,0.5820156164740014,259.8693918084518,0.005685123139016923,645155.5500851755,18737.970427615146,False,estimated,measurement_time,0.3446931818299166,7.6847412740250025,0.0009396378142532893,0.59507277882952,0.031486022836,0.0,0.00028602283599999875,count_parity_failure,1995.7371517507045,raw_net_unc: comparison estimator; raw_physical_net_unc: activity counting floor
RAFM4-C_15dEOI,RAFM4,Ta182,198.62,Ta182@198.4,35359.0,1829.0,424901.0,652.0,440411.0,22780.953052970955,633773.0,28046.0,0.0147,0.0015171271517210715,True,True,Ta182,198.5603435721659,40154.0,1814.433520413465,422744.0,650.1876652167434,422119.83773737197,25463.672170852733,22.126096238381777,0.1356090387171583,1.8611839077062886,-0.00507647663808746,-2.3425622751276776,-0.0596564278341134,850259.356669111,38427.89742522135,False,estimated,measurement_time,0.9306042688968054,9.17441278099514,0.0009224802547575307,0.6080441271590474,0.01422059654,0.0,-0.00047940345999999967,efficiency_or_activity_conversion_bias,1814.7801386828244,raw_net_unc: comparison estimator; raw_physical_net_unc: activity counting floor
RAFM4-C_15dEOI,RAFM4,Ta182,222.33,Ta182@222.1,214519.0,1692.0,545570.0,739.0,544418.0,4294.049739183942,633773.0,28046.0,0.0757,0.001445888846954951,True,True,Ta182,222.1402672384,292786.31320822006,962.7152038458358,609409.4652106136,780.646824889856,609409.4652106136,18628.343273999064,304.12557321064736,0.364850261320536,40.204891465710105,0.11701425153621636,59.387978170967656,-0.1897327615999984,1215267.6286537775,3995.9402815890235,False,estimated,measurement_time,1.232232638622855,114.36827077781383,0.0008996274762029722,0.6221968432065799,0.07438984084,0.0,-0.0013101591600000045,count_parity_failure,962.7152038458358,raw_net_unc: comparison estimator; raw_physical_net_unc: activity counting floor
RAFM4-C_15dEOI,RAFM4,Ta182,229.55,Ta182@229.3,99391.0,1531.0,380007.0,616.0,532467.0,8202.020072239942,633773.0,28046.0,0.0364,0.0014244607219383119,True,True,Ta182,229.54465287564327,69107.0,1155.7549758069674,825227.0,908.4200570220805,394660.532730206,19860.494675247654,42.57576692776503,-0.3046955961807407,-15.787204238995356,1.1716099966579563,405.63766529756964,-0.0053471243567457805,587085.657798908,13789.197474586195,False,estimated,measurement_time,0.10257660624772606,3.4042701269472104,0.0008915303771069008,0.6258722079003802,0.03667599654,0.0,0.0002759965399999967,count_parity_failure,1623.1533801199269,raw_net_unc: comparison estimator; raw_physical_net_unc: activity counting floor
RAFM4-C_15dEOI,RAFM4,Ta182,264.32,Ta182@264.1,96689.0,1298.0,295055.0,543.0,564509.0,7578.242426749683,633773.0,28046.0,0.0361,0.0013179425989712245,True,True,Ta182,264.1121909104,108238.85683100592,751.9152977800727,336490.2461030013,580.0777931476099,336490.2461030013,13426.564416101572,143.95086408078993,0.11945367964304027,7.6995955240454474,0.14043227907678668,52.148104723133265,-0.20780908960000488,1007661.4858005908,7000.037771465258,False,estimated,measurement_time,0.7850228885643822,42.95567748130626,0.0008504562944468477,0.6452908458309998,0.035084398616,0.0,-0.0010156013840000033,count_parity_failure,751.9152977800727,raw_net_unc: comparison estimator; raw_physical_net_unc: activity counting floor
RAFM4-C_15dEOI,RAFM4,Ta182,1001.8,Ta182@1001.7,23797.0,757.0,81639.0,286.0,704554.0000000001,22412.37878724209,633773.0,28046.0,0.0209,0.00044890985415808654,True,False,,1001.7659563207369,27367.000000000015,477.3362178432146,147010.0,383.4188310451118,88094.17386890124,3407.8269896735765,32.60499395424846,0.15001890994663253,3.9891409073607127,0.8007324930486655,136.66314919026016,-0.03404367926304985,,,True,withheld_ambiguous_assignment,measurement_time,,,,,,,,assignment_ambiguous,839.3499486122147,raw_net_unc: comparison estimator; raw_physical_net_unc: activity counting floor
RAFM4-C_15dEOI,RAFM4,Ta182,1121.38,Ta182@1121.3,366712.0,866.0,404989.0,636.0,707736.0,1671.3371146840027,633773.0,28046.0,0.35240000000000005,0.00040842793069147,True,False,,1121.2895644663583,365077.5,687.7282462026698,429411.0,655.2945902416714,424565.58792233927,2052.628738617391,321.4275872490171,-0.0044571762036693646,-1.4780353145695255,0.06030287242369546,26.743756981299438,-0.0904355336417666,,,True,withheld_energy_mismatch,measurement_time,,,,,,,,assignment_ambiguous,1135.8001443639819,raw_net_unc: comparison estimator; raw_physical_net_unc: activity counting floor
RAFM4-C_15dEOI,RAFM4,Ta182,1189.13,Ta182@1189.0,164313.0,611.0,184215.0,429.0,710363.0000000001,2641.493935355085,633773.0,28046.0,0.1649,0.0003896443973121961,True,True,Ta182,1189.2338400319002,173927.4519250559,457.3175141973652,191454.5327438654,437.5551767992985,191454.5327438654,651.4398892249043,380.3209947694979,0.05851303259666557,12.597702965095399,0.039299366196375925,11.81430420997957,0.10384003190006297,847747.3511758985,2229.0311679735028,False,estimated,measurement_time,0.19340020690252493,39.748865396853795,0.000353305619211669,0.9067386099962033,0.1613053038,0.0,-0.003594696199999997,count_parity_failure,457.3175141973652,raw_net_unc: comparison estimator; raw_physical_net_unc: activity counting floor
RAFM4-C_15dEOI,RAFM4,Ta182,1221.45,Ta182@1221.4,269384.0,759.0,297274.0,545.0,720020.0,2028.6846286342172,633773.0,28046.0,0.2723,0.0003816603948176986,True,True,Ta182,1221.2289819839,292722.940637175,567.3502050290932,307221.2479879358,554.2754261086593,307221.2479879358,539.2694690741015,515.9475365346249,0.08663818429147609,24.629233111901446,0.03346154721884788,12.796640341858353,-0.22101801610006078,867175.5898492469,1680.7437354457672,False,estimated,measurement_time,0.20437708653821685,55.857643536161156,0.0003492283342606576,0.9150237724495038,0.26849595156,0.0,-0.003804048439999985,count_parity_failure,567.3502050290932,raw_net_unc: comparison estimator; raw_physical_net_unc: activity counting floor
RAFM4-C_15dEOI,RAFM4,Ta182,1231.09,Ta182@1231.0,111318.0,549.0,129444.0,360.0,701372.0,3459.038322643238,633773.0,28046.0,0.1162,0.0003794096232641297,True,True,Ta182,1231.0343335554471,111056.0,380.71515828245106,131197.0,362.21126431959567,130539.51901891307,920.8807198713164,191.74654905907164,-0.002353617564095654,-0.39216238830661826,0.013542535768363154,3.4326586651811386,-0.055666444552798566,783855.5486340333,4087.9773455143113,False,estimated,measurement_time,0.1176031387538044,15.402961430288432,0.00034805316066890165,0.917354593366761,0.11307273772,0.0,-0.003127262280000001,efficiency_or_activity_conversion_bias,579.1812188796515,raw_net_unc: comparison estimator; raw_physical_net_unc: activity counting floor
RAFM4-C_15dEOI,RAFM4,Ta182,1257.46,Ta182@1257.4,14800.0,361.0,24827.0,158.0,729492.0,17793.69,633773.0,28046.0,0.0151,0.00037321727171904317,True,True,Ta182,1257.4325808739322,14402.0,364.99315062066574,24734.0,157.27046766637403,24657.74230810895,488.7531888010217,39.436145556251624,-0.02689189189189189,-0.7752807082566373,-0.003745921778708664,-0.41717040659032106,-0.02741912606779806,788337.9232940006,19990.23769119417,False,estimated,measurement_time,0.08066698921167136,2.198829936968172,0.0003450988012366857,0.9246592464683012,0.014704979932,0.0,-0.00039502006800000086,matched,365.19796234794353,raw_net_unc: comparison estimator; raw_physical_net_unc: activity counting floor
RAFM4-C_15dEOI,RAFM4,Fe59,192.51,Fe59@192.3,35649.0,1737.0,408161.0,639.0,208606.0,10164.341832870488,335294.0,27565.0,0.0308,0.0015412295919568,True,True,Fe59,192.53450883785808,35384.5,1851.3740167778092,434467.0,659.1411078062117,433839.25576226134,26562.164456754697,19.109041113349097,-0.007419562961092877,-0.10418914610578289,0.06445005769782022,28.65468536255879,0.024508837858093102,362742.27196260076,18982.756372280666,False,estimated,measurement_time,0.738887050049379,7.158228502876079,0.0009285966361178003,0.6025037677474262,0.02918,0.0,-0.00162,efficiency_or_activity_conversion_bias,1851.7151012502284,raw_net_unc: comparison estimator; raw_physical_net_unc: activity counting floor
RAFM4-C_15dEOI,RAFM4,Fe59,1099.34,Fe59@1099.2,274262.0,799.0,312529.0,559.0,324749.0,946.0823993116071,335294.0,27565.0,0.565,0.00041520910425055517,True,True,Fe59,1099.2967469290716,290609.0,632.0556980246324,355589.0,596.3128373597201,320137.95524591126,2059.6522918147184,329.89367008434436,0.05960359072711495,16.045796054342244,0.13777921408893254,52.68209540549673,-0.043253070928358284,388770.0612062774,1178.4708118433434,False,estimated,measurement_time,0.19714013347624595,42.36308897306214,0.000366922253711686,0.8837047404679961,0.5659,0.0,0.0009000000000000119,count_parity_failure,880.9171752998461,raw_net_unc: comparison estimator; raw_physical_net_unc: activity counting floor
RAFM4-C_15dEOI,RAFM4,Fe59,1291.57,Fe59@1291.6,201808.0,616.0,217988.0,467.0,354238.0,1081.2782843098391,335294.0,27565.0,0.43200000000000005,0.00036631692389183743,True,False,,1291.5119983555317,213165.0,498.5731914902036,234315.0,484.06094657594514,219246.98049980722,778.9110049530989,326.40445394942486,0.056276262586220566,14.330884854179164,0.07489861827256546,24.274102120520094,-0.058001644468276936,,,True,withheld_ambiguous_assignment,measurement_time,,,,,,,,assignment_ambiguous,653.0701325326556,raw_net_unc: comparison estimator; raw_physical_net_unc: activity counting floor
RAFM4-C_15dEOI,RAFM4,Cr51,320.34,Cr51@320.1,2814131.0,2246.0,3093200.0,1759.0,6745100.0,5383.365095654751,6745100.0,264846.0,0.09910000000000001,0.0011694448948717066,True,True,Cr51,320.07622878559994,3031730.415256517,1821.2485797511436,3174051.0468355333,1781.586665541571,3174051.0468355333,7475.205872056121,1664.6439420536292,0.07732384002611002,75.25174993937846,0.026138318516595545,32.29360872201182,-0.2637712144000375,10899167.328548068,6547.446605970307,False,estimated,measurement_time,0.6158644539811223,490.0733899139462,0.0007828482898798358,0.6694187073822899,0.0987,0.0,-0.00040000000000001146,count_parity_failure,1821.2485797511436,raw_net_unc: comparison estimator; raw_physical_net_unc: activity counting floor
RAFM4-C_15dEOI,RAFM4,W187,479.75,W187@479.5,4183.0,756.0,67207.0,259.0,5032.0,909.4410710016734,5106.0,688.1999999999999,0.266,0.0008680866846501521,True,True,W187,479.98275576159995,6532.241484895363,388.64914624417054,78604.6527750634,280.36521320424794,78604.6527750634,3793.2529014236943,16.807553928837024,0.561616420008454,2.7636525572325454,0.16959026254799944,29.86118444968532,0.2327557615999467,13408.484609073188,797.765377748871,False,estimated,measurement_time,1.664643205300713,6.924103533884378,0.0006241668847472187,0.719014466854499,0.21681,0.0,-0.04919000000000001,count_parity_failure,388.64914624417054,raw_net_unc: comparison estimator; raw_physical_net_unc: activity counting floor
RAFM4-C_15dEOI,RAFM4,W187,686.01,W187@685.8,3966.0,700.0,57950.0,241.0,5216.999999999999,920.8018154311648,5106.0,688.1999999999999,0.332,0.0006360500464576343,True,True,W187,685.8826455296,6087.362206151694,378.75807298859314,74643.44671776598,273.20952896589455,74643.44671776598,3267.4722865548533,16.071900878889053,0.5348870918183798,2.6653609159311435,0.288066379944193,45.821632039060866,-0.12735447039995051,12717.870196701226,791.3108905124313,False,estimated,measurement_time,1.4377746207976285,6.178110948303427,0.0004924345210498009,0.7742071929596199,0.27,0.0,-0.062,count_parity_failure,378.75807298859314,raw_net_unc: comparison estimator; raw_physical_net_unc: activity counting floor
RAFM4-C_15dEOI,RAFM4,Mn54,834.98,Mn54@834.8,34667.0,900.0,112112.0,335.0,18130.0,470.67816655609084,18130.0,1639.1,0.9998,0.0005312547463834865,True,True,Mn54,834.8244327195999,40695.19007373428,475.95001070967726,133487.61716420169,365.35957242722094,133487.61716420169,4037.0234884081547,85.50307628537436,0.17388842627669773,5.921017325997893,0.19066306161875343,43.122599585504034,-0.15556728040007783,26201.358179019742,306.43760806418595,False,estimated,measurement_time,0.4451935013248617,14.370997038381931,0.0004315460057033433,0.8123146355700164,0.999746,0.0,-5.3999999999998494e-05,count_parity_failure,475.95001070967726,raw_net_unc: comparison estimator; raw_physical_net_unc: activity counting floor
RAFM4-C_15dEOI,RAFM4,Co60,1173.28,Co60@1173.2,2644.0,399.0,18277.0,135.0,1868.5000000000002,281.9710665658094,2449.3999999999996,292.3,0.9984999999999999,0.00039365681888872613,True,True,Co60,1173.2927057192715,2209.5,425.0438212702309,19205.0,138.58210562695314,19014.394884657995,887.7609830568821,5.194900126678127,-0.16433434190620272,-0.7453112518031473,0.05077419707829513,4.796650358535193,0.01270571927148012,1729.129670038178,332.8513788279252,False,estimated,measurement_time,-0.07458941929987815,-0.3194872510796028,0.0003554805742234742,0.9030215079900773,0.9985,0.0,1.1102230246251565e-16,matched,425.3209775204788,raw_net_unc: comparison estimator; raw_physical_net_unc: activity counting floor
RAFM4-C_15dEOI,RAFM4,Co60,1332.58,Co60@1332.5,3496.0,234.0,8379.0,92.0,2708.4,181.28306636155608,2449.3999999999996,292.3,0.9998,0.0003586270019884612,True,True,Co60,1332.71634919,3726.1908989959384,135.90467588449664,10968.399179932252,104.73012546508407,10968.399179932252,249.62289997585233,27.41767989029879,0.06584407866016544,0.8506585146238744,0.3090343931175859,18.575298203269018,0.13634919000014634,3060.8797079542414,111.63890308009883,False,estimated,measurement_time,0.13014315018248462,1.655604563888265,0.000338214257612979,0.9430808492882559,0.999826,0.0,2.599999999997049e-05,matched,135.90467588449664,raw_net_unc: comparison estimator; raw_physical_net_unc: activity counting floor
RAFM4-N_15dEOI,RAFM4,Ta182,99.59,Ta182@100.1,175464.0,1602.0,517242.0,719.0,267029.0,2437.995588838736,456136.0,21608.0,0.142,0.0012854013482420199,True,True,Ta182,99.7275651239,627877.7304350423,830.0580441557045,657973.8085345012,811.1558472540904,657973.8085345012,1787.2638214090007,756.4262943487158,2.578384913344289,250.7457459070981,0.2720811700026317,129.83308709143222,0.13756512390000353,1497205.1683034955,1979.3140184168128,False,estimated,measurement_time,4.606901004398382,391.73797793529695,0.0008251912943852409,0.6419717044126446,0.14116811764,0.0,-0.0008318823599999803,count_parity_failure,830.0580441557045,raw_net_unc: comparison estimator; raw_physical_net_unc: activity counting floor
RAFM4-N_15dEOI,RAFM4,Ta182,113.16,Ta182@113.7,19089.0,1484.0,354853.0,596.0,190956.99999999997,14845.20865419875,456136.0,21608.0,0.0187,0.0014849214730678654,True,True,Ta182,113.17750155095845,26667.35267491355,582.2732289253648,417996.0,646.5261015612595,417370.12004201545,30103.20878088659,15.483766345695809,0.39700103069377907,4.753866759461553,0.17794128836447767,71.80851062338154,0.017501550958456846,428019.1860052809,27643.092542807713,False,estimated,measurement_time,1.24144276462911,7.555267406338991,0.0008932032391475398,0.6015154709172407,0.019375988928,0.0,0.0006759889279999987,count_parity_failure,1722.2781640803153,raw_net_unc: comparison estimator; raw_physical_net_unc: activity counting floor
RAFM4-N_15dEOI,RAFM4,Ta182,152.32,Ta182@152.4,118380.0,2152.0,682524.0,826.0,287379.0,5224.189964521034,456136.0,21608.0,0.0701,0.001632310550376614,True,True,Ta182,152.6888067751,562571.4417552791,1039.8618439584272,821432.1102610645,906.3289194663627,821432.1102610645,15236.578928448636,541.0059471109608,3.7522507328541908,185.84900846248544,0.20352120989307992,113.27806766185314,0.3688067751000119,2226900.125272106,4116.221156466079,False,estimated,measurement_time,6.7490008847971,291.61465891990525,0.0009477295171732251,0.5806061334067594,0.07404402768,0.0,0.0039440276800000035,count_parity_failure,1039.8618439584272,raw_net_unc: comparison estimator; raw_physical_net_unc: activity counting floor
RAFM4-N_15dEOI,RAFM4,Ta182,156.45,Ta182@156.4,40621.0,1225.0,332865.0,577.0,259407.0,7822.88902291918,456136.0,21608.0,0.026699999999999998,0.0016291278096563211,True,True,Ta182,156.42426778343963,46798.86151344637,571.654788162655,658308.0,811.361818179781,657610.065104976,53172.12963315132,18.152092163520468,0.1520854118176896,4.570036528371285,0.9777026722545176,326.87836902783255,-0.025732216560356846,511901.9226490617,28200.71196409032,False,estimated,measurement_time,0.9733543144520453,8.627691494633561,0.0009482636472813246,0.5820682954773015,0.026780391696,0.0,8.039169600000326e-05,count_parity_failure,2578.152484675908,raw_net_unc: comparison estimator; raw_physical_net_unc: activity counting floor
RAFM4-N_15dEOI,RAFM4,Ta182,179.52,Ta182@179.4,59413.0,1772.0,444574.0,667.0,334998.0,9991.356369818053,456136.0,21608.0,0.031200000000000002,0.001579000156976742,True,True,Ta182,179.52880231766756,40532.0,1060.0041837489214,684776.0,827.5119334486966,414310.45676039887,27440.359114625116,24.493613508146392,-0.31779240233618905,-9.144019186024995,0.5402970034235021,225.99653599719144,0.008802317667544912,380547.04151121376,15536.58227621852,False,estimated,measurement_time,0.13596809984302521,2.4658503621146535,0.0009396570514233481,0.595096236863255,0.031486022836,0.0,0.00028602283599999875,count_parity_failure,1654.7987085090308,raw_net_unc: comparison estimator; raw_physical_net_unc: activity counting floor
RAFM4-N_15dEOI,RAFM4,Ta182,198.58,Ta182@198.4,26823.0,1722.0,372498.0,610.0,334073.0,21447.030757185996,456136.0,21608.0,0.0147,0.001517211538887725,True,True,Ta182,198.53802307569765,25962.0,1000.1003549644405,605866.0,778.3739461210145,324772.8350976328,22639.50131986961,17.33594629386886,-0.03209931774969243,-0.4323694606720622,0.6264946388973901,235.98229805176751,-0.041976924302360885,549730.2504046381,31710.426479520138,False,estimated,measurement_time,0.6455392995083055,5.633356799849109,0.0009225038640696621,0.6080258687894993,0.01422059654,0.0,-0.00047940345999999967,efficiency_or_activity_conversion_bias,1497.581935240644,raw_net_unc: comparison estimator; raw_physical_net_unc: activity counting floor
RAFM4-N_15dEOI,RAFM4,Ta182,222.3,Ta182@222.1,150213.0,1556.0,434091.0,659.0,381211.00000000006,3948.821446878766,456136.0,21608.0,0.0757,0.001445918171125883,True,True,Ta182,222.1402672384,210880.17312801268,876.1328117335503,488850.4652106136,699.178421585373,488850.4652106136,16349.402147326653,240.69429920191783,0.4038743193199835,33.97378106055636,0.12614743270561615,56.993774659355225,-0.15973276159999727,875299.9589332682,3636.5629008894034,False,estimated,measurement_time,1.2961036248515077,92.03963424948876,0.0008996274762029722,0.6221842246456212,0.07438984084,0.0,-0.0013101591600000045,count_parity_failure,876.1328117335503,raw_net_unc: comparison estimator; raw_physical_net_unc: activity counting floor
RAFM4-N_15dEOI,RAFM4,Ta182,229.5,Ta182@229.3,68404.0,1422.0,312746.0,559.0,366448.0,7617.81556634115,456136.0,21608.0,0.0364,0.0014245091991457095,True,True,Ta182,229.50396211030568,53885.99999999988,1044.3739881034126,672640.0,820.1463284073154,326168.53273020603,17089.994675247654,35.88849874860763,-0.21223905034793458,-8.228697770234547,1.1507549257224712,362.6016848919611,0.003962110305678834,457755.14100087347,12754.925866567015,False,estimated,measurement_time,0.2491680702333577,6.145887986432675,0.0008915758420192291,0.6258828251540354,0.03667599654,0.0,0.0002759965399999967,count_parity_failure,1501.483814563029,raw_net_unc: comparison estimator; raw_physical_net_unc: activity counting floor
RAFM4-N_15dEOI,RAFM4,Ta182,1001.78,Ta182@1001.7,15800.0,668.0,61062.0,247.0,467791.0,19777.492911392404,456136.0,21608.0,0.0209,0.00044890706251059605,True,False,,1001.7427226204951,16545.5,733.0349582386914,66145.0,257.18670261115756,66027.17386890126,2604.8269896735765,22.567878125390884,0.04718354430379747,0.7517029945604013,0.08324326094788903,14.254602012386892,-0.03727737950487153,,,True,withheld_ambiguous_assignment,measurement_time,,,,,,,,assignment_ambiguous,733.1438032441708,raw_net_unc: comparison estimator; raw_physical_net_unc: activity counting floor
RAFM4-N_15dEOI,RAFM4,Ta182,1121.35,Ta182@1121.3,261360.0,726.0,287946.0,537.0,504420.99999999994,1401.1694444444443,456136.0,21608.0,0.35240000000000005,0.0004084205277593858,True,True,Ta182,1121.2459885039002,274692.24151585763,569.1946746113463,299213.6030795933,547.0042075520016,299213.6030795933,910.8770869723451,482.59805259671685,0.05101102508363037,14.451850017358561,0.039130958858929366,14.699314276960433,-0.10401149609970162,607039.6622269239,1257.8576704995464,False,estimated,measurement_time,0.2034385210507174,54.4990237517466,0.00036328756704008595,0.8894938974617623,0.34600015224,0.0,-0.006399847760000021,count_parity_failure,569.1946746113463,raw_net_unc: comparison estimator; raw_physical_net_unc: activity counting floor
RAFM4-N_15dEOI,RAFM4,Ta182,1189.1,Ta182@1189.0,117017.0,511.0,130773.0,362.0,505901.0,2209.2124306724663,456136.0,21608.0,0.1649,0.00038963706697680385,True,True,Ta182,1189.2338400319002,123091.19457527963,385.52245867320573,135780.5327438654,368.48410107339146,135780.5327438654,460.23378110428865,319.28410863248786,0.05190865066853219,9.489208263077183,0.03829179374844495,9.694176420337238,0.13384003190026306,599964.1402165438,1879.0917681002811,False,estimated,measurement_time,0.18593191200757422,32.432470122486635,0.000353305619211669,0.9067556686866813,0.1613053038,0.0,-0.003594696199999997,count_parity_failure,385.52245867320573,raw_net_unc: comparison estimator; raw_physical_net_unc: activity counting floor
RAFM4-N_15dEOI,RAFM4,Ta182,1221.42,Ta182@1221.4,193015.0,620.0,210375.0,459.0,515891.0,1657.1376317902755,456136.0,21608.0,0.2723,0.00038166555553632983,True,True,Ta182,1221.2289819839,206424.73248116465,476.58206355523333,216694.24798793579,465.5042942744307,216694.24798793579,380.91855184762574,433.13575618281976,0.06947507955943659,17.14790488086876,0.030038017767965705,9.666309933540141,-0.19101801610008806,611521.9010822333,1411.848115407308,False,estimated,measurement_time,0.18537036134034765,43.92741417189775,0.0003492283342606576,0.9150113998888626,0.26849595156,0.0,-0.003804048439999985,count_parity_failure,476.58206355523333,raw_net_unc: comparison estimator; raw_physical_net_unc: activity counting floor
RAFM4-N_15dEOI,RAFM4,Ta182,1231.07,Ta182@1231.0,79952.0,449.0,91561.0,303.0,503755.0,2829.0223509105463,456136.0,21608.0,0.1162,0.0003794035005181464,True,True,Ta182,1231.0145919402,79316.0,321.4388845826515,93596.0,305.93463354121906,92278.51901891307,604.3807198713164,166.32748216970603,-0.007954772863718231,-1.1517582784566482,0.022225620078417666,4.726108552167456,-0.05540805979990182,559824.5044264036,3365.796783090888,False,estimated,measurement_time,0.1113031224035564,12.75230891953863,0.0003480554925150627,0.9173755435564718,0.11307273772,0.0,-0.003127262280000001,efficiency_or_activity_conversion_bias,476.8664742911991,raw_net_unc: comparison estimator; raw_physical_net_unc: activity counting floor
RAFM4-N_15dEOI,RAFM4,Ta182,1257.43,Ta182@1257.4,10074.0,315.0,17823.0,134.0,496540.0,15526.11673615247,456136.0,21608.0,0.0151,0.00037322287892258574,True,True,Ta182,1257.3909005402177,10323.0,309.9282174956001,17778.0,133.3341666640625,17701.74230810895,351.7531888010217,33.281813963253846,0.0247170935080405,0.5634688445080257,-0.002524827470122875,-0.23805192472900807,-0.03909945978239193,565054.2183075651,16977.867219960917,False,estimated,measurement_time,0.13798328091909026,2.978011460938153,0.0003451031067538989,0.9246568906765239,0.014704979932,0.0,-0.00039502006800000086,matched,310.1693919507372,raw_net_unc: comparison estimator; raw_physical_net_unc: activity counting floor
RAFM4-N_15dEOI,RAFM4,Fe59,192.48,Fe59@192.3,33852.0,1649.0,369460.0,608.0,198098.0,9649.757828193313,339882.0,27972.0,0.0308,0.0015411716943282126,True,True,Fe59,192.50345059889645,39366.0,823.5936160780051,417686.0,646.2863142601738,344688.82214412163,23909.216809069847,25.570270881211552,0.162885501595179,2.9914830970450597,0.13053104530937043,54.349721861877576,0.02345059889645995,403545.32017655007,15781.816393390887,False,estimated,measurement_time,1.0370994163320684,11.106338707166977,0.0009286267388163872,0.6025459345210528,0.02918,0.0,-0.00162,efficiency_or_activity_conversion_bias,1539.522212450445,raw_net_unc: comparison estimator; raw_physical_net_unc: activity counting floor
RAFM4-N_15dEOI,RAFM4,Fe59,1099.31,Fe59@1099.2,280703.0,762.0,312289.0,559.0,332371.0,902.2586221023644,339882.0,27972.0,0.565,0.0004152149497487152,True,True,Fe59,1099.2504503239,297497.62577183667,599.1981660841157,328173.94476376195,572.8646827687686,328173.94476376195,1137.1531178909026,496.4928843424962,0.05983058881393027,17.325260565155947,0.05086616808072633,19.846028822697622,-0.059549676100004945,397976.9480065766,801.576337863565,False,estimated,measurement_time,0.19738770231631708,54.35928944734212,0.00036693014475969383,0.8837113041853553,0.5659,0.0,0.0009000000000000119,count_parity_failure,599.1981660841157,raw_net_unc: comparison estimator; raw_physical_net_unc: activity counting floor
RAFM4-N_15dEOI,RAFM4,Fe59,1291.58,Fe59@1291.6,202915.0,583.0,215325.0,464.0,356199.0,1023.4039721065471,339882.0,27972.0,0.43200000000000005,0.0003662985579441611,True,False,,1291.518111757271,211924.0,486.6465637901705,226792.0,476.2268367070466,214908.7700815771,647.1052091150702,353.84035437314935,0.04439790059877288,11.863050679090192,0.05325438290955532,17.246280652914585,-0.0618882427288554,,,True,withheld_ambiguous_assignment,measurement_time,,,,,,,,assignment_ambiguous,598.9254684515473,raw_net_unc: comparison estimator; raw_physical_net_unc: activity counting floor
RAFM4-N_15dEOI,RAFM4,Tb154m,264.28,Tb154m@265.,65931.0,1206.0,239426.0,489.0,332334.0,6079.003867679848,332334.0,13098.0,0.042,0.0013120884029367663,True,False,Ta182,264.1121909104,79133.24834262152,687.3777880642347,275493.2461030013,524.8745050990773,275493.2461030013,11548.659851637818,115.12337133481336,0.200243411181713,9.510767820477206,0.15064047389590643,50.27731549352321,-0.16780908959998442,736699.6375954988,6399.218760306758,False,estimated,measurement_time,1.2167447134373817,45.813509237753095,0.0008504562944468477,0.6481699651817088,0.035084398616,0.0,-0.006915601384000006,isotope_mismatch,687.3777880642347,raw_net_unc: comparison estimator; raw_physical_net_unc: activity counting floor
RAFM4-N_15dEOI,RAFM4,Cr51,320.31,Cr51@320.1,2782198.0,2159.0,3017293.0,1737.0,6671100.0,5176.808012945161,6671100.0,261849.0,0.09910000000000001,0.0011689997762655007,True,True,Cr51,320.07622878559994,2968994.2413892946,1789.4084394326467,3085201.0468355333,1756.4740381900135,3085201.0468355333,6105.238967501712,1659.2043358925087,0.06713980866541297,66.61418471796121,0.022506281900873844,27.48982465470946,-0.23377121440006476,10673628.78689845,6432.980288203598,False,estimated,measurement_time,0.5999803311145765,484.72761207021176,0.0007828482898798358,0.6696736011196952,0.0987,0.0,-0.00040000000000001146,count_parity_failure,1789.4084394326467,raw_net_unc: comparison estimator; raw_physical_net_unc: activity counting floor
RAFM4-N_15dEOI,RAFM4,W187,479.68,W187@479.5,4560.0,681.0,55608.0,236.0,5476.0,817.7973684210526,6400.999999999999,666.0,0.266,0.0008695954641900587,True,True,W187,479.4830264599,6952.206507433992,350.575505206953,64747.581922644255,254.45546156969053,64747.581922644255,3042.2897030090226,19.830839303304835,0.5246066902267525,3.1232293665314432,0.16435732129629288,26.3350713081966,-0.1969735401000321,14261.056424773507,719.1352925943424,False,estimated,measurement_time,1.6042834961237231,8.066993602333223,0.0006245815562328379,0.7182438064055143,0.21681,0.0,-0.04919000000000001,count_parity_failure,350.575505206953,raw_net_unc: comparison estimator; raw_physical_net_unc: activity counting floor
RAFM4-N_15dEOI,RAFM4,W187,685.94,W187@685.8,5391.0,628.0,48647.0,221.0,7104.0,827.5481357818587,6400.999999999999,666.0,0.332,0.0006349299223922717,True,True,W187,685.8826455296,7837.297475551408,340.44344990707737,61740.44671776598,248.47624980622592,61740.44671776598,2563.9315010055893,23.0208496526826,0.45377434159736746,3.424542418371129,0.26915219268949747,39.37430050629454,-0.05735447040001418,16373.87896620804,711.2630164933988,False,estimated,measurement_time,1.3048816112342398,8.49507533028371,0.0004924345210498009,0.7755730257512821,0.27,0.0,-0.062,count_parity_failure,340.44344990707737,raw_net_unc: comparison estimator; raw_physical_net_unc: activity counting floor
RAFM4-N_15dEOI,RAFM4,Mn54,834.95,Mn54@834.8,38421.0,819.0,101655.0,319.0,20128.0,429.0578589833685,20128.0,1790.8,0.9998,0.0005303375858001489,True,True,Mn54,834.8244327195999,45128.25764609131,439.0846673731444,118837.61716420169,344.7283237046264,118837.61716420169,3205.5174552423214,102.77803120768111,0.1745726984225114,7.2177136706187275,0.16902874589741465,36.58372477215461,-0.12556728040010512,29055.562596904787,282.7020741250911,False,estimated,measurement_time,0.44353947719121556,17.374879577089725,0.0004315460057033433,0.8137194444784571,0.999746,0.0,-5.3999999999998494e-05,count_parity_failure,439.0846673731444,raw_net_unc: comparison estimator; raw_physical_net_unc: activity counting floor
RAFM4-N_15dEOI,RAFM4,Co60,1173.27,Co60@1173.2,986.0,354.0,13424.0,116.0,695.6,249.73874239350914,1383.8000000000002,208.30999999999997,0.9984999999999999,0.0003943363131080878,True,True,Co60,1173.2640190859843,1480.0,330.21053889904846,12802.0,113.14592347937243,12621.828517431766,660.783183613114,4.4788458866270835,0.5010141987829615,1.0204455522198808,-0.04633492252681764,-3.838482479998752,-0.005980914015708549,1158.2181934173684,258.5974652254883,False,estimated,measurement_time,0.6650635328024272,1.2868286593198293,0.00035548457666041347,0.9014756309368216,0.9985,0.0,1.1102230246251565e-16,count_parity_failure,330.4422696076632,raw_net_unc: comparison estimator; raw_physical_net_unc: activity counting floor
RAFM4-N_15dEOI,RAFM4,Co60,1332.43,Co60@1332.5,2033.0,204.0,5814.0,76.0,1576.2,158.16271519921298,1383.8000000000002,208.30999999999997,0.9998,0.00035835248652459984,True,True,Co60,1332.71634919,2764.9477975146083,113.73356597219401,7720.399179932252,87.86580210714662,7720.399179932252,171.83756582286347,24.310745678989722,0.36003334850693963,3.133844623928481,0.32789803576406124,16.40986034819269,0.2863491900000099,2271.266512203046,93.42644368847812,False,estimated,measurement_time,0.44097608945758543,3.783802315726466,0.000338214257612979,0.9438032951663685,0.999826,0.0,2.599999999997049e-05,count_parity_failure,113.73356597219401,raw_net_unc: comparison estimator; raw_physical_net_unc: activity counting floor
