{
  "chi2": 0.928829653292119,
  "energy_bins": [
    1e-05,
    0.1,
    0.41399,
    0.53158,
    0.68256,
    0.87643,
    1.1253,
    1.445,
    1.8554,
    2.3824,
    3.059,
    3.9279,
    5.0435,
    6.4759,
    8.3153,
    10.677,
    13.71,
    17.604,
    22.603,
    29.023,
    37.266,
    47.851,
    61.442,
    78.893,
    101.3,
    130.07,
    167.02,
    214.45,
    275.36,
    353.58,
    454.0,
    582.95,
    748.52,
    961.12,
    1234.1,
    1584.6,
    2034.7,
    2248.7,
    2485.2,
    2612.6,
    2746.5,
    3035.4,
    3354.6,
    3707.4,
    4307.4,
    5530.8,
    7101.7,
    9118.8,
    10595.0,
    11709.0,
    15034.0,
    19304.0,
    21875.0,
    23579.0,
    24176.0,
    24788.0,
    26058.0,
    27000.0,
    28501.0,
    31828.0,
    34307.0,
    40868.0,
    46309.0,
    52475.0,
    56562.0,
    67380.0,
    72024.0,
    79499.0,
    82503.0,
    86517.0,
    98036.0,
    111090.0,
    116790.0,
    122770.0,
    129070.0,
    135690.0,
    142640.0,
    149960.0,
    157640.0,
    165730.0,
    174220.0,
    183160.0,
    192550.0,
    202420.0,
    212800.0,
    223710.0,
    235180.0,
    247240.0,
    273240.0,
    287250.0,
    294520.0,
    297210.0,
    298490.0,
    301970.0,
    333730.0,
    368830.0,
    387740.0,
    407620.0,
    450490.0,
    497870.0,
    523400.0,
    550230.0,
    578440.0,
    608100.0,
    639280.0,
    672060.0,
    706510.0,
    742740.0,
    780820.0,
    820850.0,
    862940.0,
    907180.0,
    961670.0,
    1002600.0,
    1108000.0,
    1164800.0,
    1224600.0,
    1287400.0,
    1353400.0,
    1422700.0,
    1495700.0,
    1572400.0,
    1653000.0,
    1737700.0,
    1826800.0,
    1920500.0,
    2019000.0,
    2122500.0,
    2231300.0,
    2306900.0,
    2345700.0,
    2365300.0,
    2385100.0,
    2466000.0,
    2592400.0,
    2725300.0,
    2865000.0,
    3011900.0,
    3166400.0,
    3328700.0,
    3678800.0,
    4065700.0,
    4493300.0,
    4723700.0,
    4965800.0,
    5220500.0,
    5488100.0,
    5769500.0,
    6065300.0,
    6376300.0,
    6592400.0,
    6703200.0,
    7046900.0,
    7408200.0,
    7788000.0,
    8187300.0,
    8607100.0,
    9048400.0,
    9512300.0,
    10000000.0,
    10513000.0,
    11052000.0,
    11618000.0,
    12214000.0,
    12523000.0,
    12840000.0,
    13499000.0,
    13840000.0,
    14191000.0,
    14550000.0,
    14918000.0,
    15683000.0,
    16487000.0,
    16905000.0,
    17332000.0
  ],
  "prior_flux": [
    8409673003517978.0,
    3645947845592417.5,
    433603040540211.9,
    455992365188203.5,
    477794525418502.8,
    472077733815544.1,
    474839848557549.0,
    478737875347022.7,
    473187428113658.5,
    475425938962593.44,
    470817905988013.44,
    479757305037964.94,
    450272546840159.0,
    465318479062601.2,
    494791292242381.94,
    509101673387027.6,
    520849877129217.8,
    503845324884787.5,
    537861175007580.56,
    532136192173838.6,
    560663634881621.3,
    566035354817003.4,
    574482688813744.0,
    587445406496389.4,
    587691998724845.4,
    601069069231166.5,
    604936521188855.0,
    613012053160159.9,
    616536557854389.0,
    628122170378943.8,
    634468426782501.9,
    639214416962450.8,
    646252637030233.9,
    651509273853441.9,
    659174079240427.1,
    663754526234471.0,
    268746097257386.25,
    268988861843877.28,
    144882948761543.06,
    126639430379998.8,
    266830042894075.3,
    271926362540108.4,
    274644073304034.75,
    411051492134113.6,
    698531692553612.4,
    707842768520962.4,
    713863464094774.5,
    438421835187668.0,
    297277676118163.44,
    756531501603105.6,
    784414293071674.2,
    394178567812261.8,
    247581182561582.2,
    81067109698799.33,
    82093053439227.33,
    170966110987797.44,
    124494560572157.69,
    178962854517922.34,
    388844696714095.3,
    262902797944764.44,
    607973403166542.1,
    450818347924369.75,
    474673730406637.25,
    295154741812507.2,
    715953004582690.1,
    288436920354308.7,
    439058563152749.0,
    168160432055481.6,
    206173289591930.62,
    557030580332393.94,
    606049775186540.5,
    251689021079672.6,
    246927435295399.56,
    268743889199018.8,
    274860922979128.9,
    275587406332405.2,
    272361158172199.7,
    274141001628891.5,
    283276970312990.06,
    290196486200029.5,
    301799212056467.6,
    306159224191731.9,
    316969520093471.9,
    318542711385994.25,
    328758280550029.9,
    335677092574446.94,
    344921719096744.94,
    730115643889525.8,
    372277613848164.8,
    187190789946671.2,
    69302841819130.93,
    32776697608574.637,
    89343171069387.23,
    802932695251515.1,
    837630967735382.0,
    424471617562790.6,
    432369787628120.3,
    835812065413024.6,
    927595041613520.8,
    500674174602451.3,
    503657422529866.3,
    517690227634472.2,
    536324582892140.6,
    549343774246206.2,
    555109633282578.9,
    572717928582091.2,
    586627611764887.4,
    604393792717385.8,
    618482917931823.2,
    614284041679123.1,
    602694492413108.5,
    700553860330472.4,
    482172943553473.7,
    1209582860105111.0,
    637852629449118.8,
    652319910110100.2,
    657461854692230.6,
    631607135924362.4,
    663086907572915.0,
    674771692468881.5,
    672455441839335.5,
    661973960581312.0,
    668396590689305.8,
    668327269298558.8,
    642095534230763.1,
    648103715894765.5,
    631486383747258.6,
    630656070700200.5,
    413731500982743.9,
    209526220443493.7,
    104548030221513.38,
    104878446734582.77,
    407642828308099.2,
    588016478823211.5,
    568156982719646.9,
    518804868501591.5,
    468029749588737.06,
    481887528197968.1,
    413398353924681.5,
    720788790787736.1,
    668091114971356.1,
    597284681190923.2,
    265137953811177.44,
    241442339351641.3,
    213959345308012.9,
    187550344507803.28,
    162795643227395.34,
    139060354586703.44,
    114353014274645.44,
    69404720838090.82,
    32155158194302.65,
    86073891520426.73,
    69310639755080.87,
    52175096295982.31,
    41247893208857.63,
    33214748696570.027,
    25515426849600.188,
    19520240085351.79,
    14749463478543.926,
    11108094061685.145,
    7988789483183.509,
    5486638717514.763,
    3848031484500.085,
    1467820271473.9336,
    1197447224264.7249,
    1835946454381.6167,
    648108383531.3083,
    502327235215.4868,
    412418776249.149,
    308054861674.05084,
    493691129994.93207,
    291930627571.34644,
    91851551532.05884,
    63521150120.84081,
    133972040203.03372
  ],